Initializing gui preferences from file  /home/jcdavid/.synopsys_dc_gui/preferences.tcl
Current time:       Wed Dec 10 09:56:19 2025
Hostname:           il2225ht25_jcdavid
CPU Model:          Intel(R) Xeon(R) CPU E7-8857 v2 @ 3.00GHz
CPU Details:        Cores = 48 : Sockets = 4 : Cache Size = 30720 KB : Freq = 3.00 GHz
OS:                 Linux 5.15.0-141-generic
RAM:                3023 GB (Free 925 GB)
Swap:                 7 GB (Free   7 GB)
Work Filesystem:    /home/jcdavid mounted to 172.30.1.1:/tank-x4t/ee/courses/il2225/ht25/jcdavid
Tmp Filesystem:     / mounted to overlay
Work Disk:          6418 GB (Free 6153 GB)
Tmp Disk:           163 GB (Free  87 GB)

CPU Load: 20%, Ram Free: 925 GB, Swap Free: 7 GB, Work Disk Free: 6153 GB, Tmp Disk Free: 87 GB
dc_shell> source ../syn/scr/task2.tcl
@[IL2225-Project] TASK2 - FLAT LOGIC SYNTHESIS
Pass | Period (ps) | Half-Period (ps) | Clock Uncertainty (ps) | Frequency (MHz)
1    | 30000       | 15000            | 300                    | 33.333         
2    | 28000       | 14000            | 280                    | 35.714         
3    | 26000       | 13000            | 260                    | 38.462         
4    | 24000       | 12000            | 240                    | 41.667         
5    | 22000       | 11000            | 220                    | 45.455         
6    | 20000       | 10000            | 200                    | 50.000         
7    | 18000       | 9000             | 180                    | 55.556         
8    | 16000       | 8000             | 160                    | 62.500         
9    | 15000       | 7500             | 150.0                  | 66.667         
10   | 14000       | 7000             | 140.0                  | 71.429         
11   | 13000       | 6500             | 130.0                  | 76.923         
12   | 12000       | 6000             | 120.0                  | 83.333         
13   | 11000       | 5500             | 110.0                  | 90.909         
14   | 10000       | 5000             | 100.0                  | 100.000        
15   | 9000        | 4500             | 90.0                   | 111.111        
16   | 8000        | 4000             | 80.0                   | 125.000        
17   | 6000        | 3000             | 60.0                   | 166.667        
18   | 4000        | 2000             | 40.0                   | 250.000        
19   | 3000        | 1500             | 30.0                   | 333.333        
20   | 2000        | 1000             | 20.0                   | 500.000        
@[IL2225-Project] Constraint 1/1 : clk_period 3000 [ps]
@[IL2225-Project] Remove all Design
@[IL2225-Project] Setup Standard Cell Libraries
@[IL2225-Project] Load Design
@[IL2225-Project] hw_setting.vhd
Running PRESTO HDLC
Compiling Package Declaration HW_SETTING
Presto compilation completed successfully.
Loading db file '/opt/pdk/gfip/22FDX-EXT/GF22FDX_SC8T_104CPP_BASE_CSC28L_FDK_RELV06R60/model/timing/ccs_db/GF22FDX_SC8T_104CPP_BASE_CSC28L_FFG_0P72V_0P00V_0P00V_0P00V_M40C_ccs.db'
Information: Using CCS timing libraries. (TIM-024)
Loading db file '/opt/tools/synopsys/syn/V-2023.12-SP4/libraries/syn/dw_foundation.sldb'
Loading db file '/opt/tools/synopsys/syn/V-2023.12-SP4/libraries/syn/standard.sldb'
@[IL2225-Project] mtrf/isa.vhd
Running PRESTO HDLC
Compiling Package Declaration ISA_PACKAGE
Compiling Package Body ISA_PACKAGE
Presto compilation completed successfully.
@[IL2225-Project] mtrf/misc.vhd
Running PRESTO HDLC
Compiling Package Declaration MISC
Compiling Package Body MISC
Presto compilation completed successfully.
@[IL2225-Project] mtrf/top_consts_types_package.vhd
Running PRESTO HDLC
Compiling Package Declaration TOP_CONSTS_TYPES_PACKAGE
Presto compilation completed successfully.
@[IL2225-Project] mtrf/util_package.vhd
Running PRESTO HDLC
Compiling Package Declaration UTIL_PACKAGE
Compiling Package Body UTIL_PACKAGE
Presto compilation completed successfully.
@[IL2225-Project] functions.vhd
Running PRESTO HDLC
Compiling Package Declaration FUNCTIONS
Compiling Package Body FUNCTIONS
Presto compilation completed successfully.
@[IL2225-Project] mtrf/tb_instructions.vhd
Running PRESTO HDLC
Compiling Package Declaration TB_INSTRUCTIONS
Compiling Package Body TB_INSTRUCTIONS
Presto compilation completed successfully.
@[IL2225-Project] dimarch/noc_types_n_constants.vhd
Running PRESTO HDLC
Compiling Package Declaration NOC_TYPES_N_CONSTANTS
Compiling Package Body NOC_TYPES_N_CONSTANTS
Presto compilation completed successfully.
@[IL2225-Project] dimarch/crossbar_types_n_constants.vhd
Running PRESTO HDLC
Compiling Package Declaration CROSSBAR_TYPES_N_CONSTANTS
Presto compilation completed successfully.
@[IL2225-Project] mtrf/DPU/DPU_pkg.vhd
Running PRESTO HDLC
Compiling Package Declaration DPU_PKG
Compiling Package Body DPU_PKG
Presto compilation completed successfully.
@[IL2225-Project] mtrf/shadowReg.vhd
Running PRESTO HDLC
Compiling Entity Declaration SHADOWREG
Compiling Architecture RTL of SHADOWREG
Warning:  ../rtl/mtrf/shadowReg.vhd:121: The architecture RTL has already been analyzed. It is being replaced. (VHD-4)
Presto compilation completed successfully.
@[IL2225-Project] mtrf/shadowReg_AGU.vhd
Running PRESTO HDLC
Compiling Entity Declaration SHADOWREG_AGU
Compiling Architecture RTL of SHADOWREG_AGU
Warning:  ../rtl/mtrf/shadowReg_AGU.vhd:108: The architecture RTL has already been analyzed. It is being replaced. (VHD-4)
Presto compilation completed successfully.
@[IL2225-Project] mtrf/seq_functions_package.vhd
Running PRESTO HDLC
Compiling Package Declaration SEQ_FUNCTIONS_PACKAGE
Compiling Package Body SEQ_FUNCTIONS_PACKAGE
Presto compilation completed successfully.
@[IL2225-Project] mtrf/addr_assign.vhd
Running PRESTO HDLC
Compiling Entity Declaration ADDR_ASSIGN
Compiling Architecture RTL of ADDR_ASSIGN
Warning:  ../rtl/mtrf/addr_assign.vhd:63: The architecture RTL has already been analyzed. It is being replaced. (VHD-4)
Presto compilation completed successfully.
@[IL2225-Project] mtrf/addr_assign_drra_top_l_corner.vhd
Running PRESTO HDLC
Compiling Entity Declaration ADDR_ASSIGN_DRRA_TOP_L_CORNER
Compiling Architecture RTL_FIRST_CELL of ADDR_ASSIGN_DRRA_TOP_L_CORNER
Warning:  ../rtl/mtrf/addr_assign_drra_top_l_corner.vhd:64: The architecture RTL_first_cell has already been analyzed. It is being replaced. (VHD-4)
Presto compilation completed successfully.
@[IL2225-Project] mtrf/AGU.vhd
Running PRESTO HDLC
Compiling Entity Declaration AGU
Compiling Architecture BEHAVE of AGU
Warning:  ../rtl/mtrf/AGU.vhd:49: The architecture behave has already been analyzed. It is being replaced. (VHD-4)
Presto compilation completed successfully.
@[IL2225-Project] mtrf/AGU_RFblock.vhd
Running PRESTO HDLC
Compiling Entity Declaration AGU_RFBLOCK
Compiling Architecture BEHAVE of AGU_RFBLOCK
Warning:  ../rtl/mtrf/AGU_RFblock.vhd:87: The architecture behave has already been analyzed. It is being replaced. (VHD-4)
Presto compilation completed successfully.
@[IL2225-Project] mtrf/bus_selector.vhd
Running PRESTO HDLC
Compiling Entity Declaration BUS_SELECTOR
Compiling Architecture RTL of BUS_SELECTOR
Warning:  ../rtl/mtrf/bus_selector.vhd:37: The architecture RTL has already been analyzed. It is being replaced. (VHD-4)
Presto compilation completed successfully.
@[IL2225-Project] mtrf/cell_config_swb.vhd
Running PRESTO HDLC
Compiling Entity Declaration CELL_CONFIG_SWB
Compiling Architecture BEH of CELL_CONFIG_SWB
Warning:  ../rtl/mtrf/cell_config_swb.vhd:45: The architecture beh has already been analyzed. It is being replaced. (VHD-4)
Presto compilation completed successfully.
@[IL2225-Project] mtrf/data_selector.vhd
Running PRESTO HDLC
Compiling Entity Declaration DATA_SELECTOR
Compiling Architecture RTL of DATA_SELECTOR
Warning:  ../rtl/mtrf/data_selector.vhd:48: The architecture RTL has already been analyzed. It is being replaced. (VHD-4)
Presto compilation completed successfully.
@[IL2225-Project] mtrf/InputMux.vhd
Running PRESTO HDLC
Compiling Entity Declaration INPUTMUX
Compiling Architecture BEHAVIOUR_RTL of INPUTMUX
Warning:  ../rtl/mtrf/InputMux.vhd:42: The architecture behaviour_RTL has already been analyzed. It is being replaced. (VHD-4)
Presto compilation completed successfully.
@[IL2225-Project] mtrf/priorityComponent.vhd
Running PRESTO HDLC
Compiling Entity Declaration PRIORITYCOMPONENT
Compiling Architecture RTL of PRIORITYCOMPONENT
Warning:  ../rtl/mtrf/priorityComponent.vhd:90: The architecture RTL has already been analyzed. It is being replaced. (VHD-4)
Presto compilation completed successfully.
@[IL2225-Project] mtrf/priorityMux.vhd
Running PRESTO HDLC
Compiling Entity Declaration PRIORITYMUX
Compiling Architecture RTL of PRIORITYMUX
Warning:  ../rtl/mtrf/priorityMux.vhd:142: The architecture RTL has already been analyzed. It is being replaced. (VHD-4)
Presto compilation completed successfully.
@[IL2225-Project] mtrf/autoloop.vhd
Running PRESTO HDLC
Compiling Entity Declaration AUTOLOOP
Compiling Architecture RTL of AUTOLOOP
Warning:  ../rtl/mtrf/autoloop.vhd:151: The architecture RTL has already been analyzed. It is being replaced. (VHD-4)
Presto compilation completed successfully.
@[IL2225-Project] mtrf/RACCU.vhd
Running PRESTO HDLC
Compiling Entity Declaration RACCU
Compiling Architecture BEH of RACCU
Warning:  ../rtl/mtrf/RACCU.vhd:86: The architecture beh has already been analyzed. It is being replaced. (VHD-4)
Presto compilation completed successfully.
@[IL2225-Project] mtrf/RaccuRF.vhd
Running PRESTO HDLC
Compiling Entity Declaration RACCURF
Compiling Architecture RTL of RACCURF
Warning:  ../rtl/mtrf/RaccuRF.vhd:109: The architecture RTL has already been analyzed. It is being replaced. (VHD-4)
Presto compilation completed successfully.
@[IL2225-Project] mtrf/RaccuAndLoop.vhd
Running PRESTO HDLC
Compiling Entity Declaration RACCUANDLOOP
Compiling Architecture RTL of RACCUANDLOOP
Warning:  ../rtl/mtrf/RaccuAndLoop.vhd:118: The architecture RTL has already been analyzed. It is being replaced. (VHD-4)
Presto compilation completed successfully.
@[IL2225-Project] mtrf/register_row.vhd
Running PRESTO HDLC
Compiling Entity Declaration REGISTER_ROW
Compiling Architecture BEHAVIORAL of REGISTER_ROW
Warning:  ../rtl/mtrf/register_row.vhd:41: The architecture behavioral has already been analyzed. It is being replaced. (VHD-4)
Presto compilation completed successfully.
@[IL2225-Project] mtrf/register_file.vhd
Running PRESTO HDLC
Compiling Entity Declaration REGISTER_FILE
Compiling Architecture STRUCT of REGISTER_FILE
Warning:  ../rtl/mtrf/register_file.vhd:42: The architecture struct has already been analyzed. It is being replaced. (VHD-4)
Presto compilation completed successfully.
@[IL2225-Project] mtrf/register_file_top.vhd
Running PRESTO HDLC
Compiling Entity Declaration REGISTER_FILE_TOP
Compiling Architecture RTL of REGISTER_FILE_TOP
Warning:  ../rtl/mtrf/register_file_top.vhd:102: The architecture rtl has already been analyzed. It is being replaced. (VHD-4)
Presto compilation completed successfully.
@[IL2225-Project] mtrf/DPU/DPU_pkg.vhd
Running PRESTO HDLC
Compiling Package Declaration DPU_PKG
Compiling Package Body DPU_PKG
Presto compilation completed successfully.
@[IL2225-Project] mtrf/sequencer.vhd
Running PRESTO HDLC
Compiling Entity Declaration SEQUENCER
Compiling Architecture BEHV of SEQUENCER
Warning:  ../rtl/mtrf/sequencer.vhd:173: The architecture behv has already been analyzed. It is being replaced. (VHD-4)
Presto compilation completed successfully.
@[IL2225-Project] mtrf/switchbox.vhd
Running PRESTO HDLC
Compiling Entity Declaration SWITCHBOX
Compiling Architecture SWITCHBOX_ARCHITECTURE of SWITCHBOX
Warning:  ../rtl/mtrf/switchbox.vhd:53: The architecture switchbox_architecture has already been analyzed. It is being replaced. (VHD-4)
Presto compilation completed successfully.
@[IL2225-Project] mtrf/DPU/adder_nbits.vhd
Running PRESTO HDLC
Compiling Entity Declaration ADDER_NBITS
Compiling Architecture STRUCTURAL of ADDER_NBITS
Warning:  ../rtl/mtrf/DPU/adder_nbits.vhd:98: The architecture structural has already been analyzed. It is being replaced. (VHD-4)
Presto compilation completed successfully.
@[IL2225-Project] mtrf/DPU/divider_pipe.vhd
Running PRESTO HDLC
Compiling Entity Declaration DIVIDER_PIPE
Compiling Architecture BHV of DIVIDER_PIPE
Warning:  ../rtl/mtrf/DPU/divider_pipe.vhd:110: The architecture bhv has already been analyzed. It is being replaced. (VHD-4)
Presto compilation completed successfully.
@[IL2225-Project] mtrf/DPU/Maxmin_Unit.vhd
Running PRESTO HDLC
Compiling Entity Declaration MAXMIN_UNIT
Compiling Architecture BHV of MAXMIN_UNIT
Warning:  ../rtl/mtrf/DPU/Maxmin_Unit.vhd:91: The architecture bhv has already been analyzed. It is being replaced. (VHD-4)
Presto compilation completed successfully.
@[IL2225-Project] mtrf/DPU/offset_gen.vhd
Running PRESTO HDLC
Compiling Entity Declaration OFFSET_GEN
Compiling Architecture BHV of OFFSET_GEN
Warning:  ../rtl/mtrf/DPU/offset_gen.vhd:98: The architecture bhv has already been analyzed. It is being replaced. (VHD-4)
Presto compilation completed successfully.
@[IL2225-Project] mtrf/DPU/Q_format_n_to_one.vhd
Running PRESTO HDLC
Compiling Entity Declaration Q_FORMAT_N_TO_ONE
Compiling Architecture STRUCTURAL of Q_FORMAT_N_TO_ONE
Warning:  ../rtl/mtrf/DPU/Q_format_n_to_one.vhd:94: The architecture structural has already been analyzed. It is being replaced. (VHD-4)
Presto compilation completed successfully.
@[IL2225-Project] mtrf/DPU/Q_format_one_to_n.vhd
Running PRESTO HDLC
Compiling Entity Declaration Q_FORMAT_ONE_TO_N
Compiling Architecture STRUCTURAL of Q_FORMAT_ONE_TO_N
Warning:  ../rtl/mtrf/DPU/Q_format_one_to_n.vhd:93: The architecture structural has already been analyzed. It is being replaced. (VHD-4)
Presto compilation completed successfully.
@[IL2225-Project] mtrf/DPU/Sat_n_round.vhd
Running PRESTO HDLC
Compiling Entity Declaration SAT_N_ROUND
Compiling Architecture RTL of SAT_N_ROUND
Warning:  ../rtl/mtrf/DPU/Sat_n_round.vhd:91: The architecture RTL has already been analyzed. It is being replaced. (VHD-4)
Presto compilation completed successfully.
@[IL2225-Project] mtrf/DPU/Saturation_Unit.vhd
Running PRESTO HDLC
Compiling Entity Declaration SATURATION_UNIT
Compiling Architecture BHV of SATURATION_UNIT
Warning:  ../rtl/mtrf/DPU/Saturation_Unit.vhd:107: The architecture bhv has already been analyzed. It is being replaced. (VHD-4)
Presto compilation completed successfully.
@[IL2225-Project] mtrf/DPU/scaler.vhd
Running PRESTO HDLC
Compiling Entity Declaration SCALER
Compiling Architecture RTL of SCALER
Warning:  ../rtl/mtrf/DPU/scaler.vhd:103: The architecture RTL has already been analyzed. It is being replaced. (VHD-4)
Presto compilation completed successfully.
@[IL2225-Project] mtrf/DPU/Shift_Unit.vhd
Running PRESTO HDLC
Compiling Entity Declaration SHIFT_UNIT
Compiling Architecture BEHAVIOR of SHIFT_UNIT
Warning:  ../rtl/mtrf/DPU/Shift_Unit.vhd:77: The architecture Behavior has already been analyzed. It is being replaced. (VHD-4)
Presto compilation completed successfully.
@[IL2225-Project] mtrf/DPU/Squash_Unit.vhd
Running PRESTO HDLC
Compiling Entity Declaration SQUASH_UNIT
Compiling Architecture STRUCTURE of SQUASH_UNIT
Warning:  ../rtl/mtrf/DPU/Squash_Unit.vhd:99: The architecture structure has already been analyzed. It is being replaced. (VHD-4)
Presto compilation completed successfully.
@[IL2225-Project] mtrf/DPU/twos_compl.vhd
Running PRESTO HDLC
Compiling Entity Declaration TWOS_COMPL
Compiling Architecture BHV of TWOS_COMPL
Warning:  ../rtl/mtrf/DPU/twos_compl.vhd:87: The architecture bhv has already been analyzed. It is being replaced. (VHD-4)
Presto compilation completed successfully.
@[IL2225-Project] mtrf/DPU/conf_mul_Beh.vhd
Running PRESTO HDLC
Compiling Entity Declaration CONF_MUL_BEH
Compiling Architecture RTL of CONF_MUL_BEH
Warning:  ../rtl/mtrf/DPU/conf_mul_Beh.vhd:94: The architecture rtl has already been analyzed. It is being replaced. (VHD-4)
Presto compilation completed successfully.
@[IL2225-Project] mtrf/DPU/nacu.vhd
Running PRESTO HDLC
Compiling Entity Declaration NACU
Compiling Architecture RTL of NACU
Warning:  ../rtl/mtrf/DPU/nacu.vhd:135: The architecture rtl has already been analyzed. It is being replaced. (VHD-4)
Presto compilation completed successfully.
@[IL2225-Project] mtrf/DPU/DPU.vhd
Running PRESTO HDLC
Compiling Entity Declaration DPU
Compiling Architecture RTL of DPU
Warning:  ../rtl/mtrf/DPU/DPU.vhd:109: The architecture RTL has already been analyzed. It is being replaced. (VHD-4)
Presto compilation completed successfully.
@[IL2225-Project] mtrf/MTRF_cell.vhd
Running PRESTO HDLC
Compiling Entity Declaration MTRF_CELL
Compiling Architecture RTL of MTRF_CELL
Warning:  ../rtl/mtrf/MTRF_cell.vhd:116: The architecture rtl has already been analyzed. It is being replaced. (VHD-4)
Presto compilation completed successfully.
@[IL2225-Project] mtrf/silego.vhd
Running PRESTO HDLC
Compiling Entity Declaration SILEGO
Compiling Architecture RTL of SILEGO
Warning:  ../rtl/mtrf/silego.vhd:155: The architecture rtl has already been analyzed. It is being replaced. (VHD-4)
Presto compilation completed successfully.
@[IL2225-Project] mtrf/Silago_top_left_corner.vhd
Running PRESTO HDLC
Compiling Entity Declaration SILAGO_TOP_LEFT_CORNER
Compiling Architecture RTL of SILAGO_TOP_LEFT_CORNER
Warning:  ../rtl/mtrf/Silago_top_left_corner.vhd:256: The architecture RTL has already been analyzed. It is being replaced. (VHD-4)
Presto compilation completed successfully.
@[IL2225-Project] mtrf/Silago_top.vhd
Running PRESTO HDLC
Compiling Entity Declaration SILAGO_TOP
Compiling Architecture RTL of SILAGO_TOP
Warning:  ../rtl/mtrf/Silago_top.vhd:235: The architecture RTL has already been analyzed. It is being replaced. (VHD-4)
Presto compilation completed successfully.
@[IL2225-Project] mtrf/Silago_top_right_corner.vhd
Running PRESTO HDLC
Compiling Entity Declaration SILAGO_TOP_RIGHT_CORNER
Compiling Architecture RTL of SILAGO_TOP_RIGHT_CORNER
Warning:  ../rtl/mtrf/Silago_top_right_corner.vhd:241: The architecture RTL has already been analyzed. It is being replaced. (VHD-4)
Presto compilation completed successfully.
@[IL2225-Project] mtrf/Silago_bot_left_corner.vhd
Running PRESTO HDLC
Compiling Entity Declaration SILAGO_BOT_LEFT_CORNER
Compiling Architecture RTL of SILAGO_BOT_LEFT_CORNER
Warning:  ../rtl/mtrf/Silago_bot_left_corner.vhd:173: The architecture RTL has already been analyzed. It is being replaced. (VHD-4)
Presto compilation completed successfully.
@[IL2225-Project] mtrf/Silago_bot.vhd
Running PRESTO HDLC
Compiling Entity Declaration SILAGO_BOT
Compiling Architecture RTL of SILAGO_BOT
Warning:  ../rtl/mtrf/Silago_bot.vhd:234: The architecture RTL has already been analyzed. It is being replaced. (VHD-4)
Presto compilation completed successfully.
@[IL2225-Project] mtrf/Silago_bot_right_corner.vhd
Running PRESTO HDLC
Compiling Entity Declaration SILAGO_BOT_RIGHT_CORNER
Compiling Architecture RTL of SILAGO_BOT_RIGHT_CORNER
Warning:  ../rtl/mtrf/Silago_bot_right_corner.vhd:228: The architecture RTL has already been analyzed. It is being replaced. (VHD-4)
Presto compilation completed successfully.
@[IL2225-Project] mtrf/drra_wrapper.vhd
Running PRESTO HDLC
Compiling Entity Declaration DRRA_WRAPPER
Compiling Architecture RTL of DRRA_WRAPPER
Warning:  ../rtl/mtrf/drra_wrapper.vhd:35: The architecture rtl has already been analyzed. It is being replaced. (VHD-4)
Presto compilation completed successfully.
@[IL2225-Project] Elaborate and Link
Loading db file '/opt/tools/synopsys/syn/V-2023.12-SP4/libraries/syn/gtech.db'
  Loading link library 'GF22FDX_SC8T_104CPP_BASE_CSC28L_FFG_0P72V_0P00V_0P00V_0P00V_M40C'
  Loading link library 'gtech'
Running PRESTO HDLC
Presto compilation completed successfully. (drra_wrapper)
Elaborated 1 design.
Current design is now 'drra_wrapper'.
Information: Building the design 'Silago_top_left_corner'. (HDL-193)
Warning:  ../rtl/mtrf/Silago_top_left_corner.vhd:371: Floating pin 'prevRow[1] of cell u_addres_assign' connected to ground. (ELAB-294)
Warning:  ../rtl/mtrf/Silago_top_left_corner.vhd:371: Floating pin 'prevRow[0] of cell u_addres_assign' connected to ground. (ELAB-294)
Warning:  ../rtl/mtrf/Silago_top_left_corner.vhd:371: Floating pin 'prevCol[2] of cell u_addres_assign' connected to ground. (ELAB-294)
Warning:  ../rtl/mtrf/Silago_top_left_corner.vhd:371: Floating pin 'prevCol[1] of cell u_addres_assign' connected to ground. (ELAB-294)
Warning:  ../rtl/mtrf/Silago_top_left_corner.vhd:371: Floating pin 'prevCol[0] of cell u_addres_assign' connected to ground. (ELAB-294)

Inferred memory devices in process
        in routine Silago_top_left_corner line 307 in file
                '../rtl/mtrf/Silago_top_left_corner.vhd'.
==================================================================================
|     Register Name      |   Type    | Width | Bus | MB | AR | AS | SR | SS | ST |
==================================================================================
| seq_address_cb_out_reg | Flip-flop |   8   |  Y  | N  | Y  | N  | N  | N  | N  |
|    instr_ld_out_reg    | Flip-flop |   1   |  N  | N  | Y  | N  | N  | N  | N  |
|   instr_inp_out_reg    | Flip-flop |  27   |  Y  | N  | Y  | N  | N  | N  | N  |
| seq_address_rb_out_reg | Flip-flop |   2   |  Y  | N  | Y  | N  | N  | N  | N  |
==================================================================================

Inferred memory devices in process
        in routine Silago_top_left_corner line 354 in file
                '../rtl/mtrf/Silago_top_left_corner.vhd'.
===================================================================================
|      Register Name      |   Type    | Width | Bus | MB | AR | AS | SR | SS | ST |
===================================================================================
| dimarch_data_in_out_reg | Flip-flop |  256  |  Y  | N  | Y  | N  | N  | N  | N  |
===================================================================================
Statistics for MUX_OPs
================================================================
|      block name/line       | Inputs | Outputs | # sel inputs |
================================================================
| Silago_top_left_corner/397 |   8    |    1    |      3       |
================================================================
Presto compilation completed successfully. (Silago_top_left_corner)
Information: Building the design 'Silago_bot_left_corner'. (HDL-193)

Inferred memory devices in process
        in routine Silago_bot_left_corner line 217 in file
                '../rtl/mtrf/Silago_bot_left_corner.vhd'.
==================================================================================
|     Register Name      |   Type    | Width | Bus | MB | AR | AS | SR | SS | ST |
==================================================================================
| seq_address_cb_out_reg | Flip-flop |   8   |  Y  | N  | Y  | N  | N  | N  | N  |
|    instr_ld_out_reg    | Flip-flop |   1   |  N  | N  | Y  | N  | N  | N  | N  |
|   instr_inp_out_reg    | Flip-flop |  27   |  Y  | N  | Y  | N  | N  | N  | N  |
| seq_address_rb_out_reg | Flip-flop |   2   |  Y  | N  | Y  | N  | N  | N  | N  |
==================================================================================
Statistics for MUX_OPs
================================================================
|      block name/line       | Inputs | Outputs | # sel inputs |
================================================================
| Silago_bot_left_corner/256 |   8    |    1    |      3       |
================================================================
Presto compilation completed successfully. (Silago_bot_left_corner)
Information: Building the design 'Silago_top'. (HDL-193)

Inferred memory devices in process
        in routine Silago_top line 275 in file
                '../rtl/mtrf/Silago_top.vhd'.
==================================================================================
|     Register Name      |   Type    | Width | Bus | MB | AR | AS | SR | SS | ST |
==================================================================================
| seq_address_cb_out_reg | Flip-flop |   8   |  Y  | N  | Y  | N  | N  | N  | N  |
|    instr_ld_out_reg    | Flip-flop |   1   |  N  | N  | Y  | N  | N  | N  | N  |
|   instr_inp_out_reg    | Flip-flop |  27   |  Y  | N  | Y  | N  | N  | N  | N  |
| seq_address_rb_out_reg | Flip-flop |   2   |  Y  | N  | Y  | N  | N  | N  | N  |
==================================================================================

Inferred memory devices in process
        in routine Silago_top line 314 in file
                '../rtl/mtrf/Silago_top.vhd'.
===================================================================================
|      Register Name      |   Type    | Width | Bus | MB | AR | AS | SR | SS | ST |
===================================================================================
| dimarch_data_in_out_reg | Flip-flop |  256  |  Y  | N  | Y  | N  | N  | N  | N  |
===================================================================================
Statistics for MUX_OPs
======================================================
| block name/line  | Inputs | Outputs | # sel inputs |
======================================================
|  Silago_top/346  |   8    |    1    |      3       |
======================================================
Presto compilation completed successfully. (Silago_top)
Information: Building the design 'Silago_bot'. (HDL-193)

Inferred memory devices in process
        in routine Silago_bot line 282 in file
                '../rtl/mtrf/Silago_bot.vhd'.
==================================================================================
|     Register Name      |   Type    | Width | Bus | MB | AR | AS | SR | SS | ST |
==================================================================================
| seq_address_cb_out_reg | Flip-flop |   8   |  Y  | N  | Y  | N  | N  | N  | N  |
|    instr_ld_out_reg    | Flip-flop |   1   |  N  | N  | Y  | N  | N  | N  | N  |
|   instr_inp_out_reg    | Flip-flop |  27   |  Y  | N  | Y  | N  | N  | N  | N  |
| seq_address_rb_out_reg | Flip-flop |   2   |  Y  | N  | Y  | N  | N  | N  | N  |
==================================================================================
Statistics for MUX_OPs
======================================================
| block name/line  | Inputs | Outputs | # sel inputs |
======================================================
|  Silago_bot/331  |   8    |    1    |      3       |
======================================================
Presto compilation completed successfully. (Silago_bot)
Information: Building the design 'Silago_top_right_corner'. (HDL-193)

Inferred memory devices in process
        in routine Silago_top_right_corner line 311 in file
                '../rtl/mtrf/Silago_top_right_corner.vhd'.
===================================================================================
|      Register Name      |   Type    | Width | Bus | MB | AR | AS | SR | SS | ST |
===================================================================================
| dimarch_data_in_out_reg | Flip-flop |  256  |  Y  | N  | Y  | N  | N  | N  | N  |
===================================================================================
Statistics for MUX_OPs
=================================================================
|      block name/line        | Inputs | Outputs | # sel inputs |
=================================================================
| Silago_top_right_corner/341 |   8    |    1    |      3       |
=================================================================
Presto compilation completed successfully. (Silago_top_right_corner)
Information: Building the design 'Silago_bot_right_corner'. (HDL-193)
Statistics for MUX_OPs
=================================================================
|      block name/line        | Inputs | Outputs | # sel inputs |
=================================================================
| Silago_bot_right_corner/294 |   8    |    1    |      3       |
=================================================================
Presto compilation completed successfully. (Silago_bot_right_corner)
Information: Building the design 'data_selector'. (HDL-193)
Presto compilation completed successfully. (data_selector)
Information: Building the design 'bus_selector'. (HDL-193)
Presto compilation completed successfully. (bus_selector)
Information: Building the design 'addr_assign_drra_top_l_corner'. (HDL-193)

Inferred memory devices in process
        in routine addr_assign_drra_top_l_corner line 76 in file
                '../rtl/mtrf/addr_assign_drra_top_l_corner.vhd'.
===============================================================================
|    Register Name    |   Type    | Width | Bus | MB | AR | AS | SR | SS | ST |
===============================================================================
|      lock_reg       | Flip-flop |   1   |  N  | N  | Y  | N  | N  | N  | N  |
|       Row_reg       | Flip-flop |   2   |  Y  | N  | Y  | N  | N  | N  | N  |
|       Col_reg       | Flip-flop |   3   |  Y  | N  | Y  | N  | N  | N  | N  |
===============================================================================
Presto compilation completed successfully. (addr_assign_drra_top_l_corner)
Information: Building the design 'silego'. (HDL-193)
Presto compilation completed successfully. (silego)
Information: Building the design 'addr_assign'. (HDL-193)

Inferred memory devices in process
        in routine addr_assign line 72 in file
                '../rtl/mtrf/addr_assign.vhd'.
===============================================================================
|    Register Name    |   Type    | Width | Bus | MB | AR | AS | SR | SS | ST |
===============================================================================
|      lock_reg       | Flip-flop |   1   |  N  | N  | Y  | N  | N  | N  | N  |
|       Row_reg       | Flip-flop |   2   |  Y  | N  | Y  | N  | N  | N  | N  |
|       Col_reg       | Flip-flop |   3   |  Y  | N  | Y  | N  | N  | N  | N  |
===============================================================================
Presto compilation completed successfully. (addr_assign)
Information: Building the design 'cell_config_swb'. (HDL-193)

Inferred memory devices in process
        in routine cell_config_swb line 52 in file
                '../rtl/mtrf/cell_config_swb.vhd'.
===================================================================================
|      Register Name      |   Type    | Width | Bus | MB | AR | AS | SR | SS | ST |
===================================================================================
| data_from_other_row_reg | Flip-flop |   6   |  Y  | N  | Y  | N  | N  | N  | N  |
|      sel_r_int_reg      | Flip-flop |  36   |  Y  | N  | N  | Y  | N  | N  | N  |
|    sel_r_ext_out_reg    | Flip-flop |  36   |  Y  | N  | N  | Y  | N  | N  | N  |
===================================================================================
Presto compilation completed successfully. (cell_config_swb)
Information: Building the design 'switchbox' instantiated from design 'silego' with
        the parameters "BW=16,M=5". (HDL-193)
Presto compilation completed successfully. (switchbox_16_5)
Information: Building the design 'MTRF_cell'. (HDL-193)

Inferred memory devices in process
        in routine MTRF_cell line 319 in file
                '../rtl/mtrf/MTRF_cell.vhd'.
===============================================================================
|    Register Name    |   Type    | Width | Bus | MB | AR | AS | SR | SS | ST |
===============================================================================
| rf_block_write_reg  | Flip-flop |   1   |  N  | N  | Y  | N  | N  | N  | N  |
===============================================================================

Inferred memory devices in process
        in routine MTRF_cell line 330 in file
                '../rtl/mtrf/MTRF_cell.vhd'.
===============================================================================
|    Register Name    |   Type    | Width | Bus | MB | AR | AS | SR | SS | ST |
===============================================================================
|  rf_block_read_reg  | Flip-flop |   1   |  N  | N  | Y  | N  | N  | N  | N  |
===============================================================================
Presto compilation completed successfully. (MTRF_cell)
Information: Building the design 'InputMux' instantiated from design 'switchbox_16_5' with
        the parameters "BW=16,M=5". (HDL-193)
Presto compilation completed successfully. (InputMux_16_5)
Information: Building the design 'sequencer'. (HDL-193)
Warning:  ../rtl/mtrf/sequencer.vhd:737: Initial values for signals/variables are not supported for synthesis by default. They are ignored. (VHD-7)

Statistics for case statements in always block at line 737 in file
        '../rtl/mtrf/sequencer.vhd'
===============================================
|           Line           |  full/ parallel  |
===============================================
|           832            |    auto/auto     |
|           864            |    auto/auto     |
|           884            |    auto/auto     |
===============================================

Inferred memory devices in process
        in routine sequencer line 356 in file
                '../rtl/mtrf/sequencer.vhd'.
===============================================================================
|    Register Name    |   Type    | Width | Bus | MB | AR | AS | SR | SS | ST |
===============================================================================
|    instr_reg_reg    | Flip-flop | 1728  |  Y  | N  | Y  | N  | N  | N  | N  |
|  immediate_reg_reg  | Flip-flop |  64   |  Y  | N  | Y  | N  | N  | N  | N  |
===============================================================================

Inferred memory devices in process
        in routine sequencer line 382 in file
                '../rtl/mtrf/sequencer.vhd'.
================================================================================
|    Register Name     |   Type    | Width | Bus | MB | AR | AS | SR | SS | ST |
================================================================================
| instr_ld_counter_reg | Flip-flop |   6   |  Y  | N  | Y  | N  | N  | N  | N  |
================================================================================

Inferred memory devices in process
        in routine sequencer line 409 in file
                '../rtl/mtrf/sequencer.vhd'.
====================================================================================
|      Register Name       |   Type    | Width | Bus | MB | AR | AS | SR | SS | ST |
====================================================================================
|    instr_loop_sh_reg     | Flip-flop |   1   |  N  | N  | Y  | N  | N  | N  | N  |
|     raccu_in1_sh_reg     | Flip-flop |   7   |  Y  | N  | Y  | N  | N  | N  | N  |
|     raccu_in2_sh_reg     | Flip-flop |   7   |  Y  | N  | Y  | N  | N  | N  | N  |
|  raccu_cfg_mode_sh_reg   | Flip-flop |   3   |  Y  | N  | Y  | N  | N  | N  | N  |
| raccu_res_address_sh_reg | Flip-flop |   4   |  Y  | N  | Y  | N  | N  | N  | N  |
|    config_loop_sh_reg    | Flip-flop |  40   |  Y  | N  | Y  | N  | N  | N  | N  |
====================================================================================

Inferred memory devices in process
        in routine sequencer line 529 in file
                '../rtl/mtrf/sequencer.vhd'.
================================================================================
|    Register Name     |   Type    | Width | Bus | MB | AR | AS | SR | SS | ST |
================================================================================
| pc_from_loop_reg_reg | Flip-flop |   6   |  Y  | N  | Y  | N  | N  | N  | N  |
|        pc_reg        | Flip-flop |   6   |  Y  | N  | Y  | N  | N  | N  | N  |
|  jump_loop_reg_reg   | Flip-flop |   1   |  N  | N  | Y  | N  | N  | N  | N  |
================================================================================

Inferred memory devices in process
        in routine sequencer line 582 in file
                '../rtl/mtrf/sequencer.vhd'.
===============================================================================
|    Register Name    |   Type    | Width | Bus | MB | AR | AS | SR | SS | ST |
===============================================================================
|  delay_counter_reg  | Flip-flop |  14   |  Y  | N  | Y  | N  | N  | N  | N  |
===============================================================================

Inferred memory devices in process
        in routine sequencer line 598 in file
                '../rtl/mtrf/sequencer.vhd'.
=================================================================================
|     Register Name     |   Type    | Width | Bus | MB | AR | AS | SR | SS | ST |
=================================================================================
| dpu_acc_clear_rst_reg | Flip-flop |   1   |  N  | N  | Y  | N  | N  | N  | N  |
|      dpu_cfg_reg      | Flip-flop |   5   |  Y  | N  | Y  | N  | N  | N  | N  |
|  dpu_ctrl_out_2_reg   | Flip-flop |   2   |  Y  | N  | Y  | N  | N  | N  | N  |
|  dpu_ctrl_out_3_reg   | Flip-flop |   2   |  Y  | N  | Y  | N  | N  | N  | N  |
|   dpu_acc_clear_reg   | Flip-flop |   8   |  Y  | N  | Y  | N  | N  | N  | N  |
|   dpu_sat_ctrl_reg    | Flip-flop |   2   |  Y  | N  | Y  | N  | N  | N  | N  |
| dpu_process_inout_reg | Flip-flop |   2   |  Y  | N  | Y  | N  | N  | N  | N  |
=================================================================================

Inferred memory devices in process
        in routine sequencer line 627 in file
                '../rtl/mtrf/sequencer.vhd'.
===============================================================================
|    Register Name    |   Type    | Width | Bus | MB | AR | AS | SR | SS | ST |
===============================================================================
|    s_bus_out_reg    | Flip-flop |  11   |  Y  | N  | Y  | N  | N  | N  | N  |
===============================================================================

Inferred memory devices in process
        in routine sequencer line 644 in file
                '../rtl/mtrf/sequencer.vhd'.
==================================================================================
|     Register Name      |   Type    | Width | Bus | MB | AR | AS | SR | SS | ST |
==================================================================================
|   reg_use_compr_reg    | Flip-flop |   1   |  N  | N  | Y  | N  | N  | N  | N  |
|   reg_port_type_reg    | Flip-flop |   2   |  Y  | N  | Y  | N  | N  | N  | N  |
|  reg_start_addrs_reg   | Flip-flop |   6   |  Y  | N  | Y  | N  | N  | N  | N  |
|  reg_no_of_addrs_reg   | Flip-flop |   6   |  Y  | N  | Y  | N  | N  | N  | N  |
| reg_initial_delay_reg  | Flip-flop |   6   |  Y  | N  | Y  | N  | N  | N  | N  |
|    reg_step_val_reg    | Flip-flop |   6   |  Y  | N  | Y  | N  | N  | N  | N  |
| reg_step_val_sign_reg  | Flip-flop |   1   |  N  | N  | Y  | N  | N  | N  | N  |
|  reg_middle_delay_reg  | Flip-flop |   6   |  Y  | N  | Y  | N  | N  | N  | N  |
|   reg_no_of_rpts_reg   | Flip-flop |   6   |  Y  | N  | Y  | N  | N  | N  | N  |
| reg_rpt_step_value_reg | Flip-flop |   6   |  Y  | N  | Y  | N  | N  | N  | N  |
|   reg_rpt_delay_reg    | Flip-flop |   6   |  Y  | N  | Y  | N  | N  | N  | N  |
|      reg_mode_reg      | Flip-flop |   1   |  N  | N  | Y  | N  | N  | N  | N  |
|   reg_outp_cntrl_reg   | Flip-flop |   2   |  Y  | N  | Y  | N  | N  | N  | N  |
|   reg_fft_stage_reg    | Flip-flop |   3   |  Y  | N  | Y  | N  | N  | N  | N  |
| reg_end_fft_stage_reg  | Flip-flop |   3   |  Y  | N  | Y  | N  | N  | N  | N  |
|    instr_start_reg     | Flip-flop |   1   |  N  | N  | Y  | N  | N  | N  | N  |
|  reg_dimarch_mode_reg  | Flip-flop |   1   |  N  | N  | Y  | N  | N  | N  | N  |
==================================================================================

Inferred memory devices in process
        in routine sequencer line 696 in file
                '../rtl/mtrf/sequencer.vhd'.
===============================================================================
|    Register Name    |   Type    | Width | Bus | MB | AR | AS | SR | SS | ST |
===============================================================================
|  immediate_out_reg  | Flip-flop |   1   |  N  | N  | Y  | N  | N  | N  | N  |
===============================================================================

Inferred memory devices in process
        in routine sequencer line 708 in file
                '../rtl/mtrf/sequencer.vhd'.
===============================================================================
|    Register Name    |   Type    | Width | Bus | MB | AR | AS | SR | SS | ST |
===============================================================================
|   NOC_BUS_OUT_reg   | Flip-flop |  63   |  Y  | N  | Y  | N  | N  | N  | N  |
===============================================================================

Inferred memory devices in process
        in routine sequencer line 723 in file
                '../rtl/mtrf/sequencer.vhd'.
===============================================================================
|    Register Name    |   Type    | Width | Bus | MB | AR | AS | SR | SS | ST |
===============================================================================
| dpu_op_control_reg  | Flip-flop |   2   |  Y  | N  | Y  | N  | N  | N  | N  |
===============================================================================

Inferred memory devices in process
        in routine sequencer line 737 in file
                '../rtl/mtrf/sequencer.vhd'.
============================================================================
|    Register Name     | Type  | Width | Bus | MB | AR | AS | SR | SS | ST |
============================================================================
| refi_instruction_reg | Latch |  58   |  Y  | N  | N  | N  | -  | -  | -  |
============================================================================

Inferred memory devices in process
        in routine sequencer line 1229 in file
                '../rtl/mtrf/sequencer.vhd'.
===============================================================================
|    Register Name    |   Type    | Width | Bus | MB | AR | AS | SR | SS | ST |
===============================================================================
|   pres_state_reg    | Flip-flop |   2   |  Y  | N  | Y  | N  | N  | N  | N  |
===============================================================================
Statistics for MUX_OPs
======================================================
| block name/line  | Inputs | Outputs | # sel inputs |
======================================================
|  sequencer/398   |   64   |   27    |      6       |
|  sequencer/405   |   64   |    1    |      6       |
|  sequencer/901   |   16   |    6    |      4       |
|  sequencer/907   |   16   |    6    |      4       |
|  sequencer/913   |   16   |    6    |      4       |
|  sequencer/968   |   16   |    6    |      4       |
|  sequencer/974   |   16   |    6    |      4       |
|  sequencer/978   |   16   |    6    |      4       |
|  sequencer/982   |   16   |    6    |      4       |
|  sequencer/1027  |   16   |    7    |      4       |
|  sequencer/1086  |   16   |    6    |      4       |
|  sequencer/1089  |   16   |    6    |      4       |
|  sequencer/1092  |   16   |    6    |      4       |
|  sequencer/1105  |   16   |    7    |      4       |
|  sequencer/1110  |   16   |    7    |      4       |
|  sequencer/1130  |   16   |    7    |      4       |
|  sequencer/1135  |   16   |    4    |      4       |
|  sequencer/1154  |   16   |    7    |      4       |
|  sequencer/1171  |   16   |    6    |      4       |
|  sequencer/1183  |   16   |    7    |      4       |
|  sequencer/1191  |   16   |    7    |      4       |
|  sequencer/1204  |   16   |    6    |      4       |
======================================================
Presto compilation completed successfully. (sequencer)
Information: Building the design 'shadowReg'. (HDL-193)

Inferred memory devices in process
        in routine shadowReg line 136 in file
                '../rtl/mtrf/shadowReg.vhd'.
=====================================================================================
|       Register Name       |   Type    | Width | Bus | MB | AR | AS | SR | SS | ST |
=====================================================================================
|     s_bus_out_sig_reg     | Flip-flop |  11   |  Y  | N  | Y  | N  | N  | N  | N  |
|      dpu_cfg_sig_reg      | Flip-flop |   5   |  Y  | N  | Y  | N  | N  | N  | N  |
|  dpu_ctrl_out_2_sig_reg   | Flip-flop |   2   |  Y  | N  | Y  | N  | N  | N  | N  |
|  dpu_ctrl_out_3_sig_reg   | Flip-flop |   2   |  Y  | N  | Y  | N  | N  | N  | N  |
| dpu_acc_clear_rst_sig_reg | Flip-flop |   1   |  N  | N  | Y  | N  | N  | N  | N  |
|   dpu_acc_clear_sig_reg   | Flip-flop |   8   |  Y  | N  | Y  | N  | N  | N  | N  |
|   dpu_sat_ctrl_sig_reg    | Flip-flop |   2   |  Y  | N  | Y  | N  | N  | N  | N  |
| dpu_process_inout_sig_reg | Flip-flop |   2   |  Y  | N  | Y  | N  | N  | N  | N  |
|    NOC_BUS_OUT_sig_reg    | Flip-flop |  63   |  Y  | N  | Y  | N  | N  | N  | N  |
=====================================================================================
Presto compilation completed successfully. (shadowReg)
Information: Building the design 'DPU'. (HDL-193)

Statistics for case statements in always block at line 344 in file
        '../rtl/mtrf/DPU/DPU.vhd'
===============================================
|           Line           |  full/ parallel  |
===============================================
|           371            |    auto/auto     |
===============================================

Inferred memory devices in process
        in routine DPU line 273 in file
                '../rtl/mtrf/DPU/DPU.vhd'.
===============================================================================
|    Register Name    |   Type    | Width | Bus | MB | AR | AS | SR | SS | ST |
===============================================================================
| nacu_op_config_reg  | Flip-flop |   2   |  Y  | N  | Y  | N  | N  | N  | N  |
|      IR_0_reg       | Flip-flop |  16   |  Y  | N  | Y  | N  | N  | N  | N  |
|      IR_1_reg       | Flip-flop |  16   |  Y  | N  | Y  | N  | N  | N  | N  |
|    mode_reg_reg     | Flip-flop |   5   |  Y  | N  | Y  | N  | N  | N  | N  |
|   acc_reg_SM_reg    | Flip-flop |  32   |  Y  | N  | Y  | N  | N  | N  | N  |
===============================================================================

Inferred memory devices in process
        in routine DPU line 773 in file
                '../rtl/mtrf/DPU/DPU.vhd'.
===============================================================================
|    Register Name    |   Type    | Width | Bus | MB | AR | AS | SR | SS | ST |
===============================================================================
|     counter_reg     | Flip-flop |   8   |  Y  | N  | Y  | N  | N  | N  | N  |
===============================================================================
Presto compilation completed successfully. (DPU)
Information: Building the design 'register_file_top'. (HDL-193)
Presto compilation completed successfully. (register_file_top)
Information: Building the design 'RaccuAndLoop'. (HDL-193)
Presto compilation completed successfully. (RaccuAndLoop)
Information: Building the design 'twos_compl' instantiated from design 'DPU' with
        the parameters "b_width=16". (HDL-193)
Presto compilation completed successfully. (twos_compl_16)
Information: Building the design 'NACU' instantiated from design 'DPU' with
        the parameters "mac_pipe=0,squash_pipe=0,div_n_squash=1". (HDL-193)

Statistics for case statements in always block at line 366 in file
        '../rtl/mtrf/DPU/nacu.vhd'
===============================================
|           Line           |  full/ parallel  |
===============================================
|           399            |    auto/auto     |
===============================================

Statistics for case statements in always block at line 560 in file
        '../rtl/mtrf/DPU/nacu.vhd'
===============================================
|           Line           |  full/ parallel  |
===============================================
|           563            |    auto/auto     |
===============================================

Inferred memory devices in process
        in routine NACU_0_0_1 line 300 in file
                '../rtl/mtrf/DPU/nacu.vhd'.
===============================================================================
|    Register Name    |   Type    | Width | Bus | MB | AR | AS | SR | SS | ST |
===============================================================================
| seq_cond_status_reg | Flip-flop |   2   |  Y  | N  | Y  | N  | N  | N  | N  |
|   opcode_reg_reg    | Flip-flop |   4   |  Y  | N  | Y  | N  | N  | N  | N  |
|     acc_out_reg     | Flip-flop |  32   |  Y  | N  | Y  | N  | N  | N  | N  |
===============================================================================
Presto compilation completed successfully. (NACU_0_0_1)
Information: Building the design 'NACU' instantiated from design 'DPU' with
        the parameters "mac_pipe=0,squash_pipe=0,div_n_squash=0". (HDL-193)

Statistics for case statements in always block at line 366 in file
        '../rtl/mtrf/DPU/nacu.vhd'
===============================================
|           Line           |  full/ parallel  |
===============================================
|           399            |    auto/auto     |
===============================================

Inferred memory devices in process
        in routine NACU_0_0_0 line 300 in file
                '../rtl/mtrf/DPU/nacu.vhd'.
===============================================================================
|    Register Name    |   Type    | Width | Bus | MB | AR | AS | SR | SS | ST |
===============================================================================
| seq_cond_status_reg | Flip-flop |   2   |  Y  | N  | Y  | N  | N  | N  | N  |
|   opcode_reg_reg    | Flip-flop |   4   |  Y  | N  | Y  | N  | N  | N  | N  |
|     acc_out_reg     | Flip-flop |  32   |  Y  | N  | Y  | N  | N  | N  | N  |
===============================================================================
Presto compilation completed successfully. (NACU_0_0_0)
Information: Building the design 'Sat_n_round'. (HDL-193)
Warning:  ../rtl/mtrf/DPU/Sat_n_round.vhd:233: DEFAULT branch of CASE statement cannot be reached. (ELAB-311)

Statistics for case statements in always block at line 148 in file
        '../rtl/mtrf/DPU/Sat_n_round.vhd'
===============================================
|           Line           |  full/ parallel  |
===============================================
|           172            |    auto/auto     |
===============================================
Presto compilation completed successfully. (Sat_n_round)
Information: Building the design 'scaler'. (HDL-193)

Statistics for case statements in always block at line 153 in file
        '../rtl/mtrf/DPU/scaler.vhd'
===============================================
|           Line           |  full/ parallel  |
===============================================
|           184            |    auto/auto     |
===============================================

Inferred memory devices in process
        in routine scaler line 128 in file
                '../rtl/mtrf/DPU/scaler.vhd'.
===============================================================================
|    Register Name    |   Type    | Width | Bus | MB | AR | AS | SR | SS | ST |
===============================================================================
|     counter_reg     | Flip-flop |   2   |  Y  | N  | Y  | N  | N  | N  | N  |
|   compile_reg_reg   | Flip-flop |  16   |  Y  | N  | Y  | N  | N  | N  | N  |
|      state_reg      | Flip-flop |   3   |  Y  | N  | Y  | N  | N  | N  | N  |
===============================================================================
Statistics for MUX_OPs
======================================================
| block name/line  | Inputs | Outputs | # sel inputs |
======================================================
|    scaler/223    |   4    |    4    |      2       |
======================================================
Presto compilation completed successfully. (scaler)
Information: Building the design 'register_file'. (HDL-193)
Statistics for MUX_OPs
=======================================================
| block name/line   | Inputs | Outputs | # sel inputs |
=======================================================
| register_file/158 |   64   |   16    |      6       |
| register_file/160 |   64   |   16    |      6       |
| register_file/170 |   64   |   16    |      6       |
=======================================================
Presto compilation completed successfully. (register_file)
Information: Building the design 'shadowReg_AGU'. (HDL-193)

Inferred memory devices in process
        in routine shadowReg_AGU line 120 in file
                '../rtl/mtrf/shadowReg_AGU.vhd'.
========================================================================================
|        Register Name         |   Type    | Width | Bus | MB | AR | AS | SR | SS | ST |
========================================================================================
|   instr_rpt_delay_sig_reg    | Flip-flop |   6   |  Y  | N  | Y  | N  | N  | N  | N  |
|     instr_start_sig_reg      | Flip-flop |   1   |  N  | N  | Y  | N  | N  | N  | N  |
| instr_initial_delay_sig_reg  | Flip-flop |   6   |  Y  | N  | Y  | N  | N  | N  | N  |
|  instr_start_addrs_sig_reg   | Flip-flop |   6   |  Y  | N  | Y  | N  | N  | N  | N  |
|    instr_step_val_sig_reg    | Flip-flop |   6   |  Y  | N  | Y  | N  | N  | N  | N  |
| instr_step_val_sign_sig_reg  | Flip-flop |   1   |  N  | N  | Y  | N  | N  | N  | N  |
|  instr_no_of_addrs_sig_reg   | Flip-flop |   6   |  Y  | N  | Y  | N  | N  | N  | N  |
|  instr_middle_delay_sig_reg  | Flip-flop |   6   |  Y  | N  | Y  | N  | N  | N  | N  |
|   instr_no_of_rpts_sig_reg   | Flip-flop |   6   |  Y  | N  | Y  | N  | N  | N  | N  |
| instr_rpt_step_value_sig_reg | Flip-flop |   6   |  Y  | N  | Y  | N  | N  | N  | N  |
========================================================================================
Presto compilation completed successfully. (shadowReg_AGU)
Information: Building the design 'AGU'. (HDL-193)

Statistics for case statements in always block at line 217 in file
        '../rtl/mtrf/AGU.vhd'
===============================================
|           Line           |  full/ parallel  |
===============================================
|           238            |    auto/auto     |
===============================================

Inferred memory devices in process
        in routine AGU line 80 in file
                '../rtl/mtrf/AGU.vhd'.
==================================================================================
|     Register Name      |   Type    | Width | Bus | MB | AR | AS | SR | SS | ST |
==================================================================================
|   rpt_delay_reg_reg    | Flip-flop |   6   |  Y  | N  | Y  | N  | N  | N  | N  |
|    step_val_reg_reg    | Flip-flop |   6   |  Y  | N  | Y  | N  | N  | N  | N  |
| step_val_sign_reg_reg  | Flip-flop |   1   |  N  | N  | Y  | N  | N  | N  | N  |
|  no_of_addrs_reg_reg   | Flip-flop |   6   |  Y  | N  | Y  | N  | N  | N  | N  |
|  start_addrs_reg_reg   | Flip-flop |   6   |  Y  | N  | Y  | N  | N  | N  | N  |
| initial_delay_reg_reg  | Flip-flop |   6   |  Y  | N  | Y  | N  | N  | N  | N  |
|  middle_delay_reg_reg  | Flip-flop |   6   |  Y  | N  | Y  | N  | N  | N  | N  |
|   no_of_rpts_reg_reg   | Flip-flop |   6   |  Y  | N  | Y  | N  | N  | N  | N  |
| rpt_step_value_reg_reg | Flip-flop |   6   |  Y  | N  | Y  | N  | N  | N  | N  |
==================================================================================

Inferred memory devices in process
        in routine AGU line 119 in file
                '../rtl/mtrf/AGU.vhd'.
===============================================================================
|    Register Name    |   Type    | Width | Bus | MB | AR | AS | SR | SS | ST |
===============================================================================
|  delay_counter_reg  | Flip-flop |   6   |  Y  | N  | Y  | N  | N  | N  | N  |
===============================================================================

Inferred memory devices in process
        in routine AGU line 133 in file
                '../rtl/mtrf/AGU.vhd'.
=================================================================================
|     Register Name     |   Type    | Width | Bus | MB | AR | AS | SR | SS | ST |
=================================================================================
| rpt_delay_counter_reg | Flip-flop |   6   |  Y  | N  | Y  | N  | N  | N  | N  |
=================================================================================

Inferred memory devices in process
        in routine AGU line 147 in file
                '../rtl/mtrf/AGU.vhd'.
====================================================================================
|      Register Name       |   Type    | Width | Bus | MB | AR | AS | SR | SS | ST |
====================================================================================
| middle_delay_counter_reg | Flip-flop |   6   |  Y  | N  | Y  | N  | N  | N  | N  |
====================================================================================

Inferred memory devices in process
        in routine AGU line 161 in file
                '../rtl/mtrf/AGU.vhd'.
===============================================================================
|    Register Name    |   Type    | Width | Bus | MB | AR | AS | SR | SS | ST |
===============================================================================
| rpt_no_counter_reg  | Flip-flop |   6   |  Y  | N  | Y  | N  | N  | N  | N  |
===============================================================================

Inferred memory devices in process
        in routine AGU line 174 in file
                '../rtl/mtrf/AGU.vhd'.
===============================================================================
|    Register Name    |   Type    | Width | Bus | MB | AR | AS | SR | SS | ST |
===============================================================================
|  addr_counter_reg   | Flip-flop |   6   |  Y  | N  | Y  | N  | N  | N  | N  |
===============================================================================

Inferred memory devices in process
        in routine AGU line 188 in file
                '../rtl/mtrf/AGU.vhd'.
===================================================================================
|      Register Name      |   Type    | Width | Bus | MB | AR | AS | SR | SS | ST |
===================================================================================
| rpt_start_addrs_reg_reg | Flip-flop |   6   |  Y  | N  | Y  | N  | N  | N  | N  |
===================================================================================

Inferred memory devices in process
        in routine AGU line 200 in file
                '../rtl/mtrf/AGU.vhd'.
===============================================================================
|    Register Name    |   Type    | Width | Bus | MB | AR | AS | SR | SS | ST |
===============================================================================
|  addr_temp_out_reg  | Flip-flop |   6   |  Y  | N  | Y  | N  | N  | N  | N  |
===============================================================================

Inferred memory devices in process
        in routine AGU line 430 in file
                '../rtl/mtrf/AGU.vhd'.
===============================================================================
|    Register Name    |   Type    | Width | Bus | MB | AR | AS | SR | SS | ST |
===============================================================================
|   pres_state_reg    | Flip-flop |   3   |  Y  | N  | Y  | N  | N  | N  | N  |
===============================================================================
Presto compilation completed successfully. (AGU)
Information: Building the design 'AGU_RFblock'. (HDL-193)

Statistics for case statements in always block at line 263 in file
        '../rtl/mtrf/AGU_RFblock.vhd'
===============================================
|           Line           |  full/ parallel  |
===============================================
|           284            |    auto/auto     |
===============================================

Inferred memory devices in process
        in routine AGU_RFblock line 138 in file
                '../rtl/mtrf/AGU_RFblock.vhd'.
==================================================================================
|     Register Name      |   Type    | Width | Bus | MB | AR | AS | SR | SS | ST |
==================================================================================
|   rpt_delay_reg_reg    | Flip-flop |   6   |  Y  | N  | Y  | N  | N  | N  | N  |
|    step_val_reg_reg    | Flip-flop |   2   |  Y  | N  | Y  | N  | N  | N  | N  |
| step_val_sign_reg_reg  | Flip-flop |   1   |  N  | N  | Y  | N  | N  | N  | N  |
|  no_of_addrs_reg_reg   | Flip-flop |   6   |  Y  | N  | Y  | N  | N  | N  | N  |
|  start_addrs_reg_reg   | Flip-flop |   2   |  Y  | N  | Y  | N  | N  | N  | N  |
| initial_delay_reg_reg  | Flip-flop |   6   |  Y  | N  | Y  | N  | N  | N  | N  |
|  middle_delay_reg_reg  | Flip-flop |   6   |  Y  | N  | Y  | N  | N  | N  | N  |
|   no_of_rpts_reg_reg   | Flip-flop |   6   |  Y  | N  | Y  | N  | N  | N  | N  |
| rpt_step_value_reg_reg | Flip-flop |   2   |  Y  | N  | Y  | N  | N  | N  | N  |
==================================================================================

Inferred memory devices in process
        in routine AGU_RFblock line 175 in file
                '../rtl/mtrf/AGU_RFblock.vhd'.
===============================================================================
|    Register Name    |   Type    | Width | Bus | MB | AR | AS | SR | SS | ST |
===============================================================================
|  delay_counter_reg  | Flip-flop |   6   |  Y  | N  | Y  | N  | N  | N  | N  |
===============================================================================

Inferred memory devices in process
        in routine AGU_RFblock line 187 in file
                '../rtl/mtrf/AGU_RFblock.vhd'.
=================================================================================
|     Register Name     |   Type    | Width | Bus | MB | AR | AS | SR | SS | ST |
=================================================================================
| rpt_delay_counter_reg | Flip-flop |   6   |  Y  | N  | Y  | N  | N  | N  | N  |
=================================================================================

Inferred memory devices in process
        in routine AGU_RFblock line 199 in file
                '../rtl/mtrf/AGU_RFblock.vhd'.
====================================================================================
|      Register Name       |   Type    | Width | Bus | MB | AR | AS | SR | SS | ST |
====================================================================================
| middle_delay_counter_reg | Flip-flop |   6   |  Y  | N  | Y  | N  | N  | N  | N  |
====================================================================================

Inferred memory devices in process
        in routine AGU_RFblock line 211 in file
                '../rtl/mtrf/AGU_RFblock.vhd'.
===============================================================================
|    Register Name    |   Type    | Width | Bus | MB | AR | AS | SR | SS | ST |
===============================================================================
| rpt_no_counter_reg  | Flip-flop |   6   |  Y  | N  | Y  | N  | N  | N  | N  |
===============================================================================

Inferred memory devices in process
        in routine AGU_RFblock line 224 in file
                '../rtl/mtrf/AGU_RFblock.vhd'.
===============================================================================
|    Register Name    |   Type    | Width | Bus | MB | AR | AS | SR | SS | ST |
===============================================================================
|  addr_counter_reg   | Flip-flop |   6   |  Y  | N  | Y  | N  | N  | N  | N  |
===============================================================================

Inferred memory devices in process
        in routine AGU_RFblock line 236 in file
                '../rtl/mtrf/AGU_RFblock.vhd'.
===================================================================================
|      Register Name      |   Type    | Width | Bus | MB | AR | AS | SR | SS | ST |
===================================================================================
| rpt_start_addrs_reg_reg | Flip-flop |   2   |  Y  | N  | Y  | N  | N  | N  | N  |
===================================================================================

Inferred memory devices in process
        in routine AGU_RFblock line 246 in file
                '../rtl/mtrf/AGU_RFblock.vhd'.
===============================================================================
|    Register Name    |   Type    | Width | Bus | MB | AR | AS | SR | SS | ST |
===============================================================================
|  addr_temp_out_reg  | Flip-flop |   2   |  Y  | N  | Y  | N  | N  | N  | N  |
===============================================================================

Inferred memory devices in process
        in routine AGU_RFblock line 473 in file
                '../rtl/mtrf/AGU_RFblock.vhd'.
===============================================================================
|    Register Name    |   Type    | Width | Bus | MB | AR | AS | SR | SS | ST |
===============================================================================
|   pres_state_reg    | Flip-flop |   3   |  Y  | N  | Y  | N  | N  | N  | N  |
===============================================================================
Presto compilation completed successfully. (AGU_RFblock)
Information: Building the design 'autoloop'. (HDL-193)

Inferred memory devices in process
        in routine autoloop line 267 in file
                '../rtl/mtrf/autoloop.vhd'.
===============================================================================
|    Register Name    |   Type    | Width | Bus | MB | AR | AS | SR | SS | ST |
===============================================================================
|   config_reg_reg    | Flip-flop |  100  |  Y  | N  | Y  | N  | N  | N  | N  |
===============================================================================

Inferred memory devices in process
        in routine autoloop line 570 in file
                '../rtl/mtrf/autoloop.vhd'.
===============================================================================
|    Register Name    |   Type    | Width | Bus | MB | AR | AS | SR | SS | ST |
===============================================================================
| incrementor_reg_reg | Flip-flop |  24   |  Y  | N  | Y  | N  | N  | N  | N  |
===============================================================================
Statistics for MUX_OPs
======================================================
| block name/line  | Inputs | Outputs | # sel inputs |
======================================================
|   autoloop/245   |   16   |    6    |      4       |
|   autoloop/610   |   4    |    6    |      2       |
|   autoloop/614   |   4    |    1    |      2       |
|   autoloop/617   |   4    |    6    |      2       |
======================================================
Presto compilation completed successfully. (autoloop)
Information: Building the design 'RACCU'. (HDL-193)
Warning:  ../rtl/mtrf/RACCU.vhd:170: Initial values for signals/variables are not supported for synthesis by default. They are ignored. (VHD-7)
Warning:  ../rtl/mtrf/RACCU.vhd:170: Initial values for signals/variables are not supported for synthesis by default. They are ignored. (VHD-7)

Statistics for case statements in always block at line 170 in file
        '../rtl/mtrf/RACCU.vhd'
===============================================
|           Line           |  full/ parallel  |
===============================================
|           192            |    auto/auto     |
===============================================
Statistics for MUX_OPs
======================================================
| block name/line  | Inputs | Outputs | # sel inputs |
======================================================
|    RACCU/279     |   16   |    7    |      4       |
======================================================
Presto compilation completed successfully. (RACCU)
Information: Building the design 'RaccuRF'. (HDL-193)

Inferred memory devices in process
        in routine RaccuRF line 114 in file
                '../rtl/mtrf/RaccuRF.vhd'.
===============================================================================
|    Register Name    |   Type    | Width | Bus | MB | AR | AS | SR | SS | ST |
===============================================================================
| raccu_data_reg_reg  | Flip-flop |  112  |  Y  | N  | Y  | N  | N  | N  | N  |
===============================================================================
Statistics for MUX_OPs
======================================================
| block name/line  | Inputs | Outputs | # sel inputs |
======================================================
|   RaccuRF/127    |   16   |    1    |      4       |
======================================================
Presto compilation completed successfully. (RaccuRF)
Information: Building the design 'Squash_Unit' instantiated from design 'NACU_0_0_1' with
        the parameters "Nb=16,frac_part=11". (HDL-193)
Presto compilation completed successfully. (Squash_Unit_16_11)
Information: Building the design 'conf_mul_Beh' instantiated from design 'NACU_0_0_1' with
        the parameters "width=16,s_width=2". (HDL-193)
Presto compilation completed successfully. (conf_mul_Beh_16_2)
Information: Building the design 'adder_nbits' instantiated from design 'NACU_0_0_1' with
        the parameters "width=32,select_w=2". (HDL-193)
Presto compilation completed successfully. (adder_nbits_32_2)
Information: Building the design 'divider_pipe'. (HDL-193)
Presto compilation completed successfully. (divider_pipe)
Information: Building the design 'Saturation_Unit'. (HDL-193)

Statistics for case statements in always block at line 133 in file
        '../rtl/mtrf/DPU/Saturation_Unit.vhd'
===============================================
|           Line           |  full/ parallel  |
===============================================
|           153            |    auto/auto     |
===============================================
Presto compilation completed successfully. (Saturation_Unit)
Information: Building the design 'Maxmin_Unit' instantiated from design 'NACU_0_0_1' with
        the parameters "Nb=16". (HDL-193)
Presto compilation completed successfully. (Maxmin_Unit_16)
Information: Building the design 'register_row'. (HDL-193)

Inferred memory devices in process
        in routine register_row line 44 in file
                '../rtl/mtrf/register_row.vhd'.
===============================================================================
|    Register Name    |   Type    | Width | Bus | MB | AR | AS | SR | SS | ST |
===============================================================================
|     reg_out_reg     | Flip-flop |  16   |  Y  | N  | Y  | N  | N  | N  | N  |
===============================================================================
Presto compilation completed successfully. (register_row)
Information: Building the design 'priorityMux' instantiated from design 'autoloop' with
        the parameters "LEVELS=2,i=1,N_sel_in=4,N_in=4,N=4". (HDL-193)
Presto compilation completed successfully. (priorityMux_2_1_4_4_4)
Information: Building the design 'Q_format_n_to_one' instantiated from design 'Squash_Unit_16_11' with
        the parameters "Nb=16,frac_part=11,out_fp=11". (HDL-193)
Presto compilation completed successfully. (Q_format_n_to_one_16_11_11)
Information: Building the design 'offset_gen' instantiated from design 'Squash_Unit_16_11' with
        the parameters "Nb=16,frac_part_lut=11". (HDL-193)

Statistics for case statements in always block at line 141 in file
        '../rtl/mtrf/DPU/offset_gen.vhd'
===============================================
|           Line           |  full/ parallel  |
===============================================
|           144            |    auto/auto     |
===============================================
Presto compilation completed successfully. (offset_gen_16_11)
Information: Building the design 'conf_mul_Beh' instantiated from design 'conf_mul_Beh_16_2' with
        the parameters "WIDTH=9,s_width=1". (HDL-193)
Warning:  ../rtl/mtrf/DPU/conf_mul_Beh.vhd:0: the direction (to or downto) does not agree with the values first and last in the range.  (ELAB-935)
Warning:  ../rtl/mtrf/DPU/conf_mul_Beh.vhd:162: the direction (to or downto) does not agree with the values first and last in the range.  (ELAB-935)
Presto compilation completed successfully. (conf_mul_Beh_9_1)
Information: Building the design 'conf_mul_Beh' instantiated from design 'conf_mul_Beh_16_2' with
        the parameters "WIDTH=8,s_width=1". (HDL-193)
Warning:  ../rtl/mtrf/DPU/conf_mul_Beh.vhd:0: the direction (to or downto) does not agree with the values first and last in the range.  (ELAB-935)
Warning:  ../rtl/mtrf/DPU/conf_mul_Beh.vhd:162: the direction (to or downto) does not agree with the values first and last in the range.  (ELAB-935)
Presto compilation completed successfully. (conf_mul_Beh_8_1)
Information: Building the design 'priorityMux' instantiated from design 'priorityMux_2_1_4_4_4' with
        the parameters "LEVELS=2,i=0,N_sel_in=4,N_in=2,N=4". (HDL-193)
Presto compilation completed successfully. (priorityMux_2_0_4_2_4)
Information: Building the design 'priorityComponent' instantiated from design 'priorityMux_2_0_4_2_4' with
        the parameters "No_Select=2". (HDL-193)
Presto compilation completed successfully. (priorityComponent_2)

  Linking design 'drra_wrapper'
  Using the following designs and libraries:
  --------------------------------------------------------------------------
  * (47 designs)              /home/jcdavid/IL2225-Project/SiLagoNN/exe/drra_wrapper.db, etc
  GF22FDX_SC8T_104CPP_BASE_CSC28L_FFG_0P72V_0P00V_0P00V_0P00V_M40C (library) /opt/pdk/gfip/22FDX-EXT/GF22FDX_SC8T_104CPP_BASE_CSC28L_FDK_RELV06R60/model/timing/ccs_db/GF22FDX_SC8T_104CPP_BASE_CSC28L_FFG_0P72V_0P00V_0P00V_0P00V_M40C_ccs.db
  dw_foundation.sldb (library) /opt/tools/synopsys/syn/V-2023.12-SP4/libraries/syn/dw_foundation.sldb

@[IL2225-Project] Constraints
@[IL2225-Project] Compile Design
CPU Load: 20%, Ram Free: 918 GB, Swap Free: 7 GB, Work Disk Free: 6152 GB, Tmp Disk Free: 87 GB
Information: Checking out the license 'DesignWare'. (SEC-104)
Information: Evaluating DesignWare library utilization. (UISN-27)

============================================================================
| DesignWare Building Block Library  |         Version         | Available |
============================================================================
| Basic DW Building Blocks           | V-2023.12-DWBB_202312.4 |     *     |
| Licensed DW Building Blocks        | V-2023.12-DWBB_202312.4 |     *     |
============================================================================

====================================================================================================
| Flow Information                                                                                 |
----------------------------------------------------------------------------------------------------
| Flow         | Design Compiler                                                                   |
====================================================================================================
| Design Information                                      | Value                                  |
====================================================================================================
| Number of Scenarios                                     | 0                                      |
| Leaf Cell Count                                         | 236647                                 |
| Number of User Hierarchies                              | 2176                                   |
| Sequential Cell Count                                   | 75396                                  |
| Macro Count                                             | 0                                      |
| Number of Power Domains                                 | 0                                      |
| Number of Path Groups                                   | 2                                      |
| Number of VT Class                                      | 1                                      |
| Number of Clocks                                        | 1                                      |
| Number of Dont Touch Cells                              | 37546                                  |
| Number of Dont Touch Nets                               | 0                                      |
| Number of Size Only Cells                               | 0                                      |
| Design with UPF Data                                    | false                                  |
====================================================================================================

Information: There are 13402 potential problems in your design. Please run 'check_design' for more information. (LINT-99)



  Beginning Pass 1 Mapping
  ------------------------
  Processing 'AGU_RFblock_0'
Information: Added key list 'DesignWare' to design 'AGU_RFblock_0'. (DDB-72)
  Processing 'AGU_0'
Information: Added key list 'DesignWare' to design 'AGU_0'. (DDB-72)
  Processing 'shadowReg_AGU_0'
  Processing 'register_row_0'
  Processing 'register_file_0'
  Processing 'register_file_top_0'
  Processing 'scaler_0'
  Processing 'Sat_n_round_0'
  Processing 'Maxmin_Unit_16_0'
Information: Added key list 'DesignWare' to design 'Maxmin_Unit_16_0'. (DDB-72)
  Processing 'Saturation_Unit_0'
  Processing 'adder_nbits_32_2_0'
  Processing 'conf_mul_Beh_8_1_0'
  Processing 'conf_mul_Beh_9_1_0'
  Processing 'conf_mul_Beh_16_2_0'
  Processing 'NACU_0_0_0_0'
  Processing 'divider_pipe_0'
  Processing 'offset_gen_16_11_0'
  Processing 'Q_format_n_to_one_16_11_11_0'
  Processing 'Squash_Unit_16_11_0'
  Processing 'twos_compl_16_0'
  Processing 'NACU_0_0_1_0'
  Processing 'DPU_0'
Information: The register 'counter_reg[0]' will be removed. (OPT-1207)
Information: The register 'counter_reg[1]' will be removed. (OPT-1207)
Information: The register 'counter_reg[2]' will be removed. (OPT-1207)
Information: The register 'counter_reg[3]' will be removed. (OPT-1207)
Information: The register 'counter_reg[4]' will be removed. (OPT-1207)
Information: The register 'counter_reg[5]' will be removed. (OPT-1207)
Information: The register 'counter_reg[6]' will be removed. (OPT-1207)
Information: The register 'counter_reg[7]' will be removed. (OPT-1207)
Information: The register 'acc_reg_SM_reg[31]' is a constant and will be removed. (OPT-1206)
Information: The register 'acc_reg_SM_reg[30]' is a constant and will be removed. (OPT-1206)
Information: The register 'acc_reg_SM_reg[29]' is a constant and will be removed. (OPT-1206)
Information: The register 'acc_reg_SM_reg[28]' is a constant and will be removed. (OPT-1206)
Information: The register 'acc_reg_SM_reg[27]' is a constant and will be removed. (OPT-1206)
Information: The register 'acc_reg_SM_reg[26]' is a constant and will be removed. (OPT-1206)
Information: The register 'acc_reg_SM_reg[25]' is a constant and will be removed. (OPT-1206)
Information: The register 'acc_reg_SM_reg[24]' is a constant and will be removed. (OPT-1206)
Information: The register 'acc_reg_SM_reg[23]' is a constant and will be removed. (OPT-1206)
Information: The register 'acc_reg_SM_reg[22]' is a constant and will be removed. (OPT-1206)
Information: The register 'acc_reg_SM_reg[21]' is a constant and will be removed. (OPT-1206)
Information: The register 'acc_reg_SM_reg[20]' is a constant and will be removed. (OPT-1206)
Information: The register 'acc_reg_SM_reg[19]' is a constant and will be removed. (OPT-1206)
Information: The register 'acc_reg_SM_reg[18]' is a constant and will be removed. (OPT-1206)
Information: The register 'acc_reg_SM_reg[17]' is a constant and will be removed. (OPT-1206)
Information: The register 'acc_reg_SM_reg[16]' is a constant and will be removed. (OPT-1206)
Information: The register 'acc_reg_SM_reg[15]' is a constant and will be removed. (OPT-1206)
Information: The register 'acc_reg_SM_reg[14]' is a constant and will be removed. (OPT-1206)
Information: The register 'acc_reg_SM_reg[13]' is a constant and will be removed. (OPT-1206)
Information: The register 'acc_reg_SM_reg[12]' is a constant and will be removed. (OPT-1206)
Information: The register 'acc_reg_SM_reg[11]' is a constant and will be removed. (OPT-1206)
Information: The register 'acc_reg_SM_reg[10]' is a constant and will be removed. (OPT-1206)
Information: The register 'acc_reg_SM_reg[9]' is a constant and will be removed. (OPT-1206)
Information: The register 'acc_reg_SM_reg[8]' is a constant and will be removed. (OPT-1206)
Information: The register 'acc_reg_SM_reg[7]' is a constant and will be removed. (OPT-1206)
Information: The register 'acc_reg_SM_reg[6]' is a constant and will be removed. (OPT-1206)
Information: The register 'acc_reg_SM_reg[5]' is a constant and will be removed. (OPT-1206)
Information: The register 'acc_reg_SM_reg[4]' is a constant and will be removed. (OPT-1206)
Information: The register 'acc_reg_SM_reg[3]' is a constant and will be removed. (OPT-1206)
Information: The register 'acc_reg_SM_reg[2]' is a constant and will be removed. (OPT-1206)
Information: The register 'acc_reg_SM_reg[1]' is a constant and will be removed. (OPT-1206)
Information: The register 'acc_reg_SM_reg[0]' is a constant and will be removed. (OPT-1206)
  Processing 'shadowReg_0'
  Processing 'RaccuRF_0'
  Processing 'RACCU_0'
  Processing 'priorityComponent_2_0'
  Processing 'priorityMux_2_0_4_2_4_0'
  Processing 'priorityMux_2_1_4_4_4_0'
  Processing 'autoloop_0'
Information: Added key list 'DesignWare' to design 'autoloop_0'. (DDB-72)
  Processing 'RaccuAndLoop_0'
  Processing 'sequencer_0'
Information: Added key list 'DesignWare' to design 'sequencer_0'. (DDB-72)
Information: The register 'refi_instruction_reg[COMPRESS]' will be removed. (OPT-1207)
Information: The register 'refi_instruction_reg[DIMARCH]' will be removed. (OPT-1207)
Information: The register 'refi_instruction_reg[L2_STEP_EXT][0]' will be removed. (OPT-1207)
Information: The register 'refi_instruction_reg[L2_STEP_EXT][1]' will be removed. (OPT-1207)
Information: The register 'refi_instruction_reg[L2_ITER_EXT]' will be removed. (OPT-1207)
Information: The register 'refi_instruction_reg[L1_DELAY_EXT][0]' will be removed. (OPT-1207)
Information: The register 'refi_instruction_reg[L1_DELAY_EXT][1]' will be removed. (OPT-1207)
Information: The register 'refi_instruction_reg[L2_DELAY][0]' will be removed. (OPT-1207)
Information: The register 'refi_instruction_reg[L2_DELAY][1]' will be removed. (OPT-1207)
Information: The register 'refi_instruction_reg[L2_DELAY][2]' will be removed. (OPT-1207)
Information: The register 'refi_instruction_reg[L2_DELAY][3]' will be removed. (OPT-1207)
Information: The register 'refi_instruction_reg[L2_DELAY][4]' will be removed. (OPT-1207)
Information: The register 'refi_instruction_reg[L2_DELAY][5]' will be removed. (OPT-1207)
Information: The register 'refi_instruction_reg[L2_DELAY_SD]' will be removed. (OPT-1207)
Information: The register 'refi_instruction_reg[L2_STEP][0]' will be removed. (OPT-1207)
Information: The register 'refi_instruction_reg[L2_STEP][1]' will be removed. (OPT-1207)
Information: The register 'refi_instruction_reg[L2_STEP][2]' will be removed. (OPT-1207)
Information: The register 'refi_instruction_reg[L2_STEP][3]' will be removed. (OPT-1207)
Information: The register 'refi_instruction_reg[L2_ITER][0]' will be removed. (OPT-1207)
Information: The register 'refi_instruction_reg[L2_ITER][1]' will be removed. (OPT-1207)
Information: The register 'refi_instruction_reg[L2_ITER][2]' will be removed. (OPT-1207)
Information: The register 'refi_instruction_reg[L2_ITER][3]' will be removed. (OPT-1207)
Information: The register 'refi_instruction_reg[L2_ITER][4]' will be removed. (OPT-1207)
Information: The register 'refi_instruction_reg[L2_ITER_SD]' will be removed. (OPT-1207)
Information: The register 'refi_instruction_reg[L1_DELAY][0]' will be removed. (OPT-1207)
Information: The register 'refi_instruction_reg[L1_DELAY][1]' will be removed. (OPT-1207)
Information: The register 'refi_instruction_reg[L1_DELAY][2]' will be removed. (OPT-1207)
Information: The register 'refi_instruction_reg[L1_DELAY][3]' will be removed. (OPT-1207)
Information: The register 'refi_instruction_reg[L1_DELAY_SD]' will be removed. (OPT-1207)
Information: The register 'refi_instruction_reg[L1_STEP_SIGN]' will be removed. (OPT-1207)
Information: The register 'refi_instruction_reg[L1_STEP][0]' will be removed. (OPT-1207)
Information: The register 'refi_instruction_reg[L1_STEP][1]' will be removed. (OPT-1207)
Information: The register 'refi_instruction_reg[L1_STEP][2]' will be removed. (OPT-1207)
Information: The register 'refi_instruction_reg[L1_STEP][3]' will be removed. (OPT-1207)
Information: The register 'refi_instruction_reg[L1_STEP][4]' will be removed. (OPT-1207)
Information: The register 'refi_instruction_reg[L1_STEP][5]' will be removed. (OPT-1207)
Information: The register 'refi_instruction_reg[L1_STEP_SD]' will be removed. (OPT-1207)
Information: The register 'refi_instruction_reg[INIT_DELAY_SD]' will be removed. (OPT-1207)
Information: The register 'refi_instruction_reg[L1_ITER_SD]' will be removed. (OPT-1207)
Information: The register 'refi_instruction_reg[INIT_DELAY][0]' will be removed. (OPT-1207)
Information: The register 'refi_instruction_reg[INIT_DELAY][1]' will be removed. (OPT-1207)
Information: The register 'refi_instruction_reg[INIT_DELAY][2]' will be removed. (OPT-1207)
Information: The register 'refi_instruction_reg[INIT_DELAY][3]' will be removed. (OPT-1207)
Information: The register 'refi_instruction_reg[INIT_DELAY][4]' will be removed. (OPT-1207)
Information: The register 'refi_instruction_reg[INIT_DELAY][5]' will be removed. (OPT-1207)
Information: The register 'refi_instruction_reg[L1_ITER][0]' will be removed. (OPT-1207)
Information: The register 'refi_instruction_reg[L1_ITER][1]' will be removed. (OPT-1207)
Information: The register 'refi_instruction_reg[L1_ITER][2]' will be removed. (OPT-1207)
Information: The register 'refi_instruction_reg[L1_ITER][3]' will be removed. (OPT-1207)
Information: The register 'refi_instruction_reg[L1_ITER][4]' will be removed. (OPT-1207)
Information: The register 'refi_instruction_reg[L1_ITER][5]' will be removed. (OPT-1207)
Information: The register 'refi_instruction_reg[INIT_ADDR][0]' will be removed. (OPT-1207)
Information: The register 'refi_instruction_reg[INIT_ADDR][1]' will be removed. (OPT-1207)
Information: The register 'refi_instruction_reg[INIT_ADDR][2]' will be removed. (OPT-1207)
Information: The register 'refi_instruction_reg[INIT_ADDR][3]' will be removed. (OPT-1207)
Information: The register 'refi_instruction_reg[INIT_ADDR][4]' will be removed. (OPT-1207)
Information: The register 'refi_instruction_reg[INIT_ADDR][5]' will be removed. (OPT-1207)
Information: The register 'refi_instruction_reg[INIT_ADDR_SD]' will be removed. (OPT-1207)
Information: The register 'NOC_BUS_OUT_reg[INSTRUCTION][58]' is a constant and will be removed. (OPT-1206)
Information: The register 'reg_mode_reg[0]' is a constant and will be removed. (OPT-1206)
Information: The register 'reg_fft_stage_reg[0]' is a constant and will be removed. (OPT-1206)
Information: The register 'reg_fft_stage_reg[1]' is a constant and will be removed. (OPT-1206)
Information: The register 'reg_fft_stage_reg[2]' is a constant and will be removed. (OPT-1206)
Information: The register 'reg_end_fft_stage_reg[0]' is a constant and will be removed. (OPT-1206)
Information: The register 'reg_end_fft_stage_reg[1]' is a constant and will be removed. (OPT-1206)
Information: The register 'reg_end_fft_stage_reg[2]' is a constant and will be removed. (OPT-1206)
Information: The register 'dpu_ctrl_out_2_reg[0]' is a constant and will be removed. (OPT-1206)
Information: The register 'dpu_ctrl_out_2_reg[1]' is a constant and will be removed. (OPT-1206)
Information: The register 'dpu_ctrl_out_3_reg[0]' is a constant and will be removed. (OPT-1206)
Information: The register 'dpu_ctrl_out_3_reg[1]' is a constant and will be removed. (OPT-1206)
Information: The register 'config_loop_sh_reg[DEFAULT_STEP]' is a constant and will be removed. (OPT-1206)
  Processing 'MTRF_cell_0'
  Processing 'InputMux_16_5_0'
  Processing 'switchbox_16_5_0'
  Processing 'cell_config_swb_0'
  Processing 'silego_0'
  Processing 'addr_assign_0'
  Processing 'Silago_bot_right_corner'
  Processing 'bus_selector_0'
  Processing 'data_selector_0'
  Processing 'Silago_top_right_corner'
  Processing 'Silago_bot_0'
  Processing 'Silago_top_0'
  Processing 'Silago_bot_left_corner'
  Processing 'addr_assign_drra_top_l_corner'
Information: The register 'Row_reg[1]' is a constant and will be removed. (OPT-1206)
Information: The register 'Row_reg[0]' is a constant and will be removed. (OPT-1206)
Information: The register 'Col_reg[2]' is a constant and will be removed. (OPT-1206)
Information: The register 'Col_reg[1]' is a constant and will be removed. (OPT-1206)
Information: The register 'Col_reg[0]' is a constant and will be removed. (OPT-1206)
  Processing 'Silago_top_left_corner'
  Processing 'drra_wrapper'

  Updating timing information
Information: Updating design information... (UID-85)

  Beginning Implementation Selection
  ----------------------------------
  Processing 'AGU_RFblock_1_DW01_dec_0'
  Processing 'AGU_RFblock_1_DW01_inc_0_DW01_inc_3'
  Processing 'AGU_RFblock_1_DW01_inc_1_DW01_inc_4'
  Processing 'AGU_RFblock_1_DW01_inc_2_DW01_inc_5'
  Processing 'AGU_RFblock_1_DW01_inc_3_DW01_inc_6'
  Processing 'AGU_RFblock_1_DW01_dec_1'
  Processing 'AGU_RFblock_1_DW01_inc_4_DW01_inc_7'
  Processing 'AGU_1_DW01_sub_0_DW01_sub_1'
  Processing 'AGU_1_DW01_dec_0_DW01_dec_2'
  Processing 'AGU_1_DW01_add_0_DW01_add_2'
  Processing 'AGU_1_DW01_add_1_DW01_add_3'
  Processing 'AGU_1_DW01_inc_0_DW01_inc_8'
  Processing 'AGU_1_DW01_inc_1_DW01_inc_9'
  Processing 'AGU_1_DW01_inc_2_DW01_inc_10'
  Processing 'AGU_1_DW01_inc_3_DW01_inc_11'
  Processing 'AGU_1_DW01_dec_1_DW01_dec_3'
  Processing 'AGU_1_DW01_inc_4_DW01_inc_12'
  Processing 'AGU_2_DW01_sub_0_DW01_sub_2'
  Processing 'AGU_2_DW01_dec_0_DW01_dec_4'
  Processing 'AGU_2_DW01_add_0_DW01_add_4'
  Processing 'AGU_2_DW01_add_1_DW01_add_5'
  Processing 'AGU_2_DW01_inc_0_DW01_inc_13'
  Processing 'AGU_2_DW01_inc_1_DW01_inc_14'
  Processing 'AGU_2_DW01_inc_2_DW01_inc_15'
  Processing 'AGU_2_DW01_inc_3_DW01_inc_16'
  Processing 'AGU_2_DW01_dec_1_DW01_dec_5'
  Processing 'AGU_2_DW01_inc_4_DW01_inc_17'
  Processing 'AGU_RFblock_2_DW01_dec_0_DW01_dec_6'
  Processing 'AGU_RFblock_2_DW01_inc_0_DW01_inc_18'
  Processing 'AGU_RFblock_2_DW01_inc_1_DW01_inc_19'
  Processing 'AGU_RFblock_2_DW01_inc_2_DW01_inc_20'
  Processing 'AGU_RFblock_2_DW01_inc_3_DW01_inc_21'
  Processing 'AGU_RFblock_2_DW01_dec_1_DW01_dec_7'
  Processing 'AGU_RFblock_2_DW01_inc_4_DW01_inc_22'
  Processing 'AGU_3_DW01_sub_0_DW01_sub_3'
  Processing 'AGU_3_DW01_dec_0_DW01_dec_8'
  Processing 'AGU_3_DW01_add_0_DW01_add_6'
  Processing 'AGU_3_DW01_add_1_DW01_add_7'
  Processing 'AGU_3_DW01_inc_0_DW01_inc_23'
  Processing 'AGU_3_DW01_inc_1_DW01_inc_24'
  Processing 'AGU_3_DW01_inc_2_DW01_inc_25'
  Processing 'AGU_3_DW01_inc_3_DW01_inc_26'
  Processing 'AGU_3_DW01_dec_1_DW01_dec_9'
  Processing 'AGU_3_DW01_inc_4_DW01_inc_27'
  Processing 'AGU_4_DW01_sub_0_DW01_sub_4'
  Processing 'AGU_4_DW01_dec_0_DW01_dec_10'
  Processing 'AGU_4_DW01_add_0_DW01_add_8'
  Processing 'AGU_4_DW01_add_1_DW01_add_9'
  Processing 'AGU_4_DW01_inc_0_DW01_inc_28'
  Processing 'AGU_4_DW01_inc_1_DW01_inc_29'
  Processing 'AGU_4_DW01_inc_2_DW01_inc_30'
  Processing 'AGU_4_DW01_inc_3_DW01_inc_31'
  Processing 'AGU_4_DW01_dec_1_DW01_dec_11'
  Processing 'AGU_4_DW01_inc_4_DW01_inc_32'
  Processing 'DPU_1_DW01_sub_0_DW01_sub_5'
  Processing 'DPU_1_DW01_sub_1_DW01_sub_6'
  Processing 'DPU_1_DW01_sub_2_DW01_sub_7'
  Processing 'DPU_1_DW01_sub_3_DW01_sub_8'
  Mapping 'Sat_n_round_1_DW_cmp_0'
  Mapping 'Sat_n_round_1_DW_cmp_1'
  Mapping 'Sat_n_round_1_DW_cmp_2'
  Mapping 'Sat_n_round_1_DW_cmp_3'
  Mapping 'Sat_n_round_1_DW_cmp_4'
  Mapping 'Sat_n_round_1_DW_cmp_5'
  Mapping 'Sat_n_round_1_DW_cmp_6'
  Mapping 'Sat_n_round_1_DW_cmp_7'
  Mapping 'Sat_n_round_1_DW_cmp_8'
  Mapping 'Sat_n_round_1_DW_cmp_9'
  Mapping 'Sat_n_round_1_DW_cmp_10'
  Mapping 'Sat_n_round_1_DW_cmp_11'
  Mapping 'Sat_n_round_1_DW_cmp_12'
  Mapping 'Sat_n_round_1_DW_cmp_13'
  Mapping 'Sat_n_round_1_DW_cmp_14'
  Mapping 'Sat_n_round_1_DW_cmp_15'
  Mapping 'Sat_n_round_2_DW_cmp_0'
  Mapping 'Sat_n_round_2_DW_cmp_1'
  Mapping 'Sat_n_round_2_DW_cmp_2'
  Mapping 'Sat_n_round_2_DW_cmp_3'
  Mapping 'Sat_n_round_2_DW_cmp_4'
  Mapping 'Sat_n_round_2_DW_cmp_5'
  Mapping 'Sat_n_round_2_DW_cmp_6'
  Mapping 'Sat_n_round_2_DW_cmp_7'
  Mapping 'Sat_n_round_2_DW_cmp_8'
  Mapping 'Sat_n_round_2_DW_cmp_9'
  Mapping 'Sat_n_round_2_DW_cmp_10'
  Mapping 'Sat_n_round_2_DW_cmp_11'
  Mapping 'Sat_n_round_2_DW_cmp_12'
  Mapping 'Sat_n_round_2_DW_cmp_13'
  Mapping 'Sat_n_round_2_DW_cmp_14'
  Mapping 'Sat_n_round_2_DW_cmp_15'
  Mapping 'DW_sra'
Information: Added key list 'DesignWare' to design 'NACU_0_0_0_1'. (DDB-72)
  Mapping 'DW_leftsh'
  Processing 'Maxmin_Unit_16_1_DW01_cmp6_0'
  Mapping 'Saturation_Unit_1_DW_cmp_0'
  Mapping 'Saturation_Unit_1_DW_cmp_1'
  Mapping 'Saturation_Unit_1_DW_cmp_2'
  Mapping 'Saturation_Unit_1_DW_cmp_3'
  Mapping 'Saturation_Unit_1_DW_cmp_4'
  Mapping 'Saturation_Unit_1_DW_cmp_5'
  Mapping 'Saturation_Unit_1_DW_cmp_6'
  Mapping 'Saturation_Unit_1_DW_cmp_7'
  Mapping 'Saturation_Unit_1_DW_cmp_8'
  Mapping 'Saturation_Unit_1_DW_cmp_9'
  Mapping 'Saturation_Unit_1_DW_cmp_10'
  Mapping 'Saturation_Unit_1_DW_cmp_11'
  Mapping 'Saturation_Unit_1_DW_cmp_12'
  Mapping 'Saturation_Unit_1_DW_cmp_13'
  Processing 'adder_nbits_32_2_1_DW01_add_0_DW01_add_10'
  Processing 'adder_nbits_32_2_1_DW01_add_1_DW01_add_11'
  Processing 'adder_nbits_32_2_1_DW01_add_2_DW01_add_12'
  Processing 'adder_nbits_32_2_1_DW01_add_3_DW01_add_13'
  Processing 'conf_mul_Beh_16_2_1_DW01_add_0_DW01_add_14'
  Processing 'conf_mul_Beh_16_2_1_DW01_add_1_DW01_add_15'
  Processing 'conf_mul_Beh_8_1_1_DW01_add_0_DW01_add_16'
  Processing 'conf_mul_Beh_8_1_1_DW01_add_1_DW01_add_17'
  Processing 'conf_mul_Beh_9_1_1_DW01_add_0_DW01_add_18'
  Processing 'conf_mul_Beh_9_1_1_DW01_add_1_DW01_add_19'
  Mapping 'DW_sra'
Information: Added key list 'DesignWare' to design 'NACU_0_0_1_1'. (DDB-72)
  Mapping 'DW_leftsh'
  Processing 'Maxmin_Unit_16_2_DW01_cmp6_0_DW01_cmp6_1'
  Mapping 'Saturation_Unit_2_DW_cmp_0'
  Mapping 'Saturation_Unit_2_DW_cmp_1'
  Mapping 'Saturation_Unit_2_DW_cmp_2'
  Mapping 'Saturation_Unit_2_DW_cmp_3'
  Mapping 'Saturation_Unit_2_DW_cmp_4'
  Mapping 'Saturation_Unit_2_DW_cmp_5'
  Mapping 'Saturation_Unit_2_DW_cmp_6'
  Mapping 'Saturation_Unit_2_DW_cmp_7'
  Mapping 'Saturation_Unit_2_DW_cmp_8'
  Mapping 'Saturation_Unit_2_DW_cmp_9'
  Mapping 'Saturation_Unit_2_DW_cmp_10'
  Mapping 'Saturation_Unit_2_DW_cmp_11'
  Mapping 'Saturation_Unit_2_DW_cmp_12'
  Mapping 'Saturation_Unit_2_DW_cmp_13'
  Allocating blocks in 'DW_div_pipe_a_width32_b_width32_tc_mode1_rem_mode1_num_stages4_stall_mode0_rst_mode1_op_iso_mode4'
  Allocating blocks in 'DW_div_a_width32_b_width32_tc_mode1_rem_mode1'
  Allocating blocks in 'DW01_absval_width32'
  Processing 'divider_pipe_1_DW_div_pipe_0'
  Processing 'divider_pipe_1_DW_div_0'
  Processing 'divider_pipe_1_DW01_absval_0'
  Processing 'divider_pipe_1_DW01_inc_0_DW01_inc_33'
  Mapping 'DW01_add'
  Mapping 'DW01_add'
  Mapping 'DW01_add'
  Mapping 'DW01_add'
  Mapping 'divider_pipe_1_DW01_add_0'
  Mapping 'divider_pipe_1_DW01_add_1'
  Mapping 'divider_pipe_1_DW01_add_2'
  Mapping 'divider_pipe_1_DW01_add_3'
  Mapping 'divider_pipe_1_DW01_add_4'
  Mapping 'divider_pipe_1_DW01_add_5'
  Mapping 'divider_pipe_1_DW01_add_6'
  Mapping 'divider_pipe_1_DW01_add_7'
  Mapping 'divider_pipe_1_DW01_add_8'
  Mapping 'divider_pipe_1_DW01_add_9'
  Mapping 'divider_pipe_1_DW01_add_10'
  Mapping 'divider_pipe_1_DW01_add_11'
  Mapping 'divider_pipe_1_DW01_add_12'
  Mapping 'divider_pipe_1_DW01_add_13'
  Mapping 'divider_pipe_1_DW01_add_14'
  Mapping 'divider_pipe_1_DW01_add_15'
  Mapping 'divider_pipe_1_DW01_add_16'
  Mapping 'divider_pipe_1_DW01_add_17'
  Mapping 'divider_pipe_1_DW01_add_18'
  Mapping 'divider_pipe_1_DW01_add_19'
  Mapping 'divider_pipe_1_DW01_add_20'
  Mapping 'divider_pipe_1_DW01_add_21'
  Mapping 'divider_pipe_1_DW01_add_22'
  Mapping 'divider_pipe_1_DW01_add_23'
  Mapping 'divider_pipe_1_DW01_add_24'
  Mapping 'divider_pipe_1_DW01_add_25'
  Mapping 'divider_pipe_1_DW01_add_26'
  Mapping 'divider_pipe_1_DW_inc_0'
  Mapping 'divider_pipe_1_DW_inc_1'
  Mapping 'divider_pipe_1_DW_cmp_0'
  Processing 'adder_nbits_32_2_2_DW01_add_0_DW01_add_20'
  Processing 'adder_nbits_32_2_2_DW01_add_1_DW01_add_21'
  Processing 'adder_nbits_32_2_2_DW01_add_2_DW01_add_22'
  Processing 'adder_nbits_32_2_2_DW01_add_3_DW01_add_23'
  Processing 'conf_mul_Beh_16_2_2_DW01_add_0_DW01_add_24'
  Processing 'conf_mul_Beh_16_2_2_DW01_add_1_DW01_add_25'
  Processing 'conf_mul_Beh_8_1_2_DW01_add_0_DW01_add_26'
  Processing 'conf_mul_Beh_8_1_2_DW01_add_1_DW01_add_27'
  Processing 'conf_mul_Beh_9_1_2_DW01_add_0_DW01_add_28'
  Processing 'conf_mul_Beh_9_1_2_DW01_add_1_DW01_add_29'
  Processing 'offset_gen_16_11_1_DW01_sub_0_DW01_sub_9'
  Processing 'twos_compl_16_1_DW01_inc_0_DW01_inc_34'
  Processing 'twos_compl_16_17_DW01_inc_0_DW01_inc_35'
  Processing 'twos_compl_16_18_DW01_inc_0_DW01_inc_36'
  Processing 'twos_compl_16_19_DW01_inc_0_DW01_inc_37'
  Processing 'twos_compl_16_20_DW01_inc_0_DW01_inc_38'
  Processing 'sequencer_1_DW01_add_0_DW01_add_30'
  Processing 'sequencer_1_DW01_inc_0_DW01_inc_39'
  Processing 'sequencer_1_DW01_inc_1_DW01_inc_40'
  Processing 'sequencer_1_DW01_add_1_DW01_add_31'
  Mapping 'sequencer_1_DW_cmp_0'
  Processing 'sequencer_1_DW01_dec_0_DW01_dec_12'
  Processing 'sequencer_1_DW01_inc_2_DW01_inc_41'
  Mapping 'sequencer_1_DW_cmp_1'
  Mapping 'DW_sra'
Information: Added key list 'DesignWare' to design 'RACCU_1'. (DDB-72)
  Processing 'RACCU_1_DW01_sub_0_DW01_sub_10'
  Processing 'RACCU_1_DW01_add_0_DW01_add_32'
  Mapping 'DW_leftsh'
  Processing 'autoloop_1_DW01_inc_0_DW01_inc_42'
  Processing 'autoloop_1_DW01_inc_1_DW01_inc_43'
  Processing 'autoloop_1_DW01_add_0_DW01_add_33'
  Processing 'autoloop_1_DW01_inc_2_DW01_inc_44'
  Processing 'autoloop_1_DW01_add_1_DW01_add_34'
  Processing 'autoloop_1_DW01_inc_3_DW01_inc_45'
  Processing 'autoloop_1_DW01_add_2_DW01_add_35'
  Processing 'autoloop_1_DW01_inc_4_DW01_inc_46'
  Processing 'autoloop_1_DW01_add_3_DW01_add_36'
  Processing 'autoloop_1_DW01_inc_5_DW01_inc_47'
  Processing 'autoloop_1_DW01_dec_0_DW01_dec_13'
  Processing 'autoloop_1_DW01_dec_1_DW01_dec_14'
  Processing 'autoloop_1_DW01_dec_2_DW01_dec_15'
  Processing 'autoloop_1_DW01_dec_3_DW01_dec_16'
  Processing 'autoloop_1_DW01_inc_6_DW01_inc_48'
  Processing 'AGU_RFblock_3_DW01_dec_0_DW01_dec_17'
  Processing 'AGU_RFblock_3_DW01_inc_0_DW01_inc_49'
  Processing 'AGU_RFblock_3_DW01_inc_1_DW01_inc_50'
  Processing 'AGU_RFblock_3_DW01_inc_2_DW01_inc_51'
  Processing 'AGU_RFblock_3_DW01_inc_3_DW01_inc_52'
  Processing 'AGU_RFblock_3_DW01_dec_1_DW01_dec_18'
  Processing 'AGU_RFblock_3_DW01_inc_4_DW01_inc_53'
  Processing 'AGU_5_DW01_sub_0_DW01_sub_11'
  Processing 'AGU_5_DW01_dec_0_DW01_dec_19'
  Processing 'AGU_5_DW01_add_0_DW01_add_37'
  Processing 'AGU_5_DW01_add_1_DW01_add_38'
  Processing 'AGU_5_DW01_inc_0_DW01_inc_54'
  Processing 'AGU_5_DW01_inc_1_DW01_inc_55'
  Processing 'AGU_5_DW01_inc_2_DW01_inc_56'
  Processing 'AGU_5_DW01_inc_3_DW01_inc_57'
  Processing 'AGU_5_DW01_dec_1_DW01_dec_20'
  Processing 'AGU_5_DW01_inc_4_DW01_inc_58'
  Processing 'AGU_6_DW01_sub_0_DW01_sub_12'
  Processing 'AGU_6_DW01_dec_0_DW01_dec_21'
  Processing 'AGU_6_DW01_add_0_DW01_add_39'
  Processing 'AGU_6_DW01_add_1_DW01_add_40'
  Processing 'AGU_6_DW01_inc_0_DW01_inc_59'
  Processing 'AGU_6_DW01_inc_1_DW01_inc_60'
  Processing 'AGU_6_DW01_inc_2_DW01_inc_61'
  Processing 'AGU_6_DW01_inc_3_DW01_inc_62'
  Processing 'AGU_6_DW01_dec_1_DW01_dec_22'
  Processing 'AGU_6_DW01_inc_4_DW01_inc_63'
  Processing 'AGU_RFblock_4_DW01_dec_0_DW01_dec_23'
  Processing 'AGU_RFblock_4_DW01_inc_0_DW01_inc_64'
  Processing 'AGU_RFblock_4_DW01_inc_1_DW01_inc_65'
  Processing 'AGU_RFblock_4_DW01_inc_2_DW01_inc_66'
  Processing 'AGU_RFblock_4_DW01_inc_3_DW01_inc_67'
  Processing 'AGU_RFblock_4_DW01_dec_1_DW01_dec_24'
  Processing 'AGU_RFblock_4_DW01_inc_4_DW01_inc_68'
  Processing 'AGU_7_DW01_sub_0_DW01_sub_13'
  Processing 'AGU_7_DW01_dec_0_DW01_dec_25'
  Processing 'AGU_7_DW01_add_0_DW01_add_41'
  Processing 'AGU_7_DW01_add_1_DW01_add_42'
  Processing 'AGU_7_DW01_inc_0_DW01_inc_69'
  Processing 'AGU_7_DW01_inc_1_DW01_inc_70'
  Processing 'AGU_7_DW01_inc_2_DW01_inc_71'
  Processing 'AGU_7_DW01_inc_3_DW01_inc_72'
  Processing 'AGU_7_DW01_dec_1_DW01_dec_26'
  Processing 'AGU_7_DW01_inc_4_DW01_inc_73'
  Processing 'AGU_8_DW01_sub_0_DW01_sub_14'
  Processing 'AGU_8_DW01_dec_0_DW01_dec_27'
  Processing 'AGU_8_DW01_add_0_DW01_add_43'
  Processing 'AGU_8_DW01_add_1_DW01_add_44'
  Processing 'AGU_8_DW01_inc_0_DW01_inc_74'
  Processing 'AGU_8_DW01_inc_1_DW01_inc_75'
  Processing 'AGU_8_DW01_inc_2_DW01_inc_76'
  Processing 'AGU_8_DW01_inc_3_DW01_inc_77'
  Processing 'AGU_8_DW01_dec_1_DW01_dec_28'
  Processing 'AGU_8_DW01_inc_4_DW01_inc_78'
  Processing 'DPU_2_DW01_sub_0_DW01_sub_15'
  Processing 'DPU_2_DW01_sub_1_DW01_sub_16'
  Processing 'DPU_2_DW01_sub_2_DW01_sub_17'
  Processing 'DPU_2_DW01_sub_3_DW01_sub_18'
  Mapping 'Sat_n_round_3_DW_cmp_0'
  Mapping 'Sat_n_round_3_DW_cmp_1'
  Mapping 'Sat_n_round_3_DW_cmp_2'
  Mapping 'Sat_n_round_3_DW_cmp_3'
  Mapping 'Sat_n_round_3_DW_cmp_4'
  Mapping 'Sat_n_round_3_DW_cmp_5'
  Mapping 'Sat_n_round_3_DW_cmp_6'
  Mapping 'Sat_n_round_3_DW_cmp_7'
  Mapping 'Sat_n_round_3_DW_cmp_8'
  Mapping 'Sat_n_round_3_DW_cmp_9'
  Mapping 'Sat_n_round_3_DW_cmp_10'
  Mapping 'Sat_n_round_3_DW_cmp_11'
  Mapping 'Sat_n_round_3_DW_cmp_12'
  Mapping 'Sat_n_round_3_DW_cmp_13'
  Mapping 'Sat_n_round_3_DW_cmp_14'
  Mapping 'Sat_n_round_3_DW_cmp_15'
  Mapping 'Sat_n_round_4_DW_cmp_0'
  Mapping 'Sat_n_round_4_DW_cmp_1'
  Mapping 'Sat_n_round_4_DW_cmp_2'
  Mapping 'Sat_n_round_4_DW_cmp_3'
  Mapping 'Sat_n_round_4_DW_cmp_4'
  Mapping 'Sat_n_round_4_DW_cmp_5'
  Mapping 'Sat_n_round_4_DW_cmp_6'
  Mapping 'Sat_n_round_4_DW_cmp_7'
  Mapping 'Sat_n_round_4_DW_cmp_8'
  Mapping 'Sat_n_round_4_DW_cmp_9'
  Mapping 'Sat_n_round_4_DW_cmp_10'
  Mapping 'Sat_n_round_4_DW_cmp_11'
  Mapping 'Sat_n_round_4_DW_cmp_12'
  Mapping 'Sat_n_round_4_DW_cmp_13'
  Mapping 'Sat_n_round_4_DW_cmp_14'
  Mapping 'Sat_n_round_4_DW_cmp_15'
  Mapping 'DW_sra'
Information: Added key list 'DesignWare' to design 'NACU_0_0_0_2'. (DDB-72)
  Mapping 'DW_leftsh'
  Processing 'Maxmin_Unit_16_3_DW01_cmp6_0_DW01_cmp6_2'
  Mapping 'Saturation_Unit_3_DW_cmp_0'
  Mapping 'Saturation_Unit_3_DW_cmp_1'
  Mapping 'Saturation_Unit_3_DW_cmp_2'
  Mapping 'Saturation_Unit_3_DW_cmp_3'
  Mapping 'Saturation_Unit_3_DW_cmp_4'
  Mapping 'Saturation_Unit_3_DW_cmp_5'
  Mapping 'Saturation_Unit_3_DW_cmp_6'
  Mapping 'Saturation_Unit_3_DW_cmp_7'
  Mapping 'Saturation_Unit_3_DW_cmp_8'
  Mapping 'Saturation_Unit_3_DW_cmp_9'
  Mapping 'Saturation_Unit_3_DW_cmp_10'
  Mapping 'Saturation_Unit_3_DW_cmp_11'
  Mapping 'Saturation_Unit_3_DW_cmp_12'
  Mapping 'Saturation_Unit_3_DW_cmp_13'
  Processing 'adder_nbits_32_2_3_DW01_add_0_DW01_add_45'
  Processing 'adder_nbits_32_2_3_DW01_add_1_DW01_add_46'
  Processing 'adder_nbits_32_2_3_DW01_add_2_DW01_add_47'
  Processing 'adder_nbits_32_2_3_DW01_add_3_DW01_add_48'
  Processing 'conf_mul_Beh_16_2_3_DW01_add_0_DW01_add_49'
  Processing 'conf_mul_Beh_16_2_3_DW01_add_1_DW01_add_50'
  Processing 'conf_mul_Beh_8_1_3_DW01_add_0_DW01_add_51'
  Processing 'conf_mul_Beh_8_1_3_DW01_add_1_DW01_add_52'
  Processing 'conf_mul_Beh_9_1_3_DW01_add_0_DW01_add_53'
  Processing 'conf_mul_Beh_9_1_3_DW01_add_1_DW01_add_54'
  Mapping 'DW_sra'
Information: Added key list 'DesignWare' to design 'NACU_0_0_1_2'. (DDB-72)
  Mapping 'DW_leftsh'
  Processing 'Maxmin_Unit_16_4_DW01_cmp6_0_DW01_cmp6_3'
  Mapping 'Saturation_Unit_4_DW_cmp_0'
  Mapping 'Saturation_Unit_4_DW_cmp_1'
  Mapping 'Saturation_Unit_4_DW_cmp_2'
  Mapping 'Saturation_Unit_4_DW_cmp_3'
  Mapping 'Saturation_Unit_4_DW_cmp_4'
  Mapping 'Saturation_Unit_4_DW_cmp_5'
  Mapping 'Saturation_Unit_4_DW_cmp_6'
  Mapping 'Saturation_Unit_4_DW_cmp_7'
  Mapping 'Saturation_Unit_4_DW_cmp_8'
  Mapping 'Saturation_Unit_4_DW_cmp_9'
  Mapping 'Saturation_Unit_4_DW_cmp_10'
  Mapping 'Saturation_Unit_4_DW_cmp_11'
  Mapping 'Saturation_Unit_4_DW_cmp_12'
  Mapping 'Saturation_Unit_4_DW_cmp_13'
  Processing 'divider_pipe_2_DW_div_pipe_0_DW_div_pipe_1'
  Processing 'divider_pipe_2_DW_div_0_DW_div_1'
  Processing 'divider_pipe_2_DW01_absval_0_DW01_absval_1'
  Processing 'divider_pipe_2_DW01_inc_0_DW01_inc_79'
  Mapping 'DW01_add'
  Mapping 'DW01_add'
  Mapping 'DW01_add'
  Mapping 'DW01_add'
  Mapping 'divider_pipe_2_DW01_add_0'
  Mapping 'divider_pipe_2_DW01_add_1'
  Mapping 'divider_pipe_2_DW01_add_2'
  Mapping 'divider_pipe_2_DW01_add_3'
  Mapping 'divider_pipe_2_DW01_add_4'
  Mapping 'divider_pipe_2_DW01_add_5'
  Mapping 'divider_pipe_2_DW01_add_6'
  Mapping 'divider_pipe_2_DW01_add_7'
  Mapping 'divider_pipe_2_DW01_add_8'
  Mapping 'divider_pipe_2_DW01_add_9'
  Mapping 'divider_pipe_2_DW01_add_10'
  Mapping 'divider_pipe_2_DW01_add_11'
  Mapping 'divider_pipe_2_DW01_add_12'
  Mapping 'divider_pipe_2_DW01_add_13'
  Mapping 'divider_pipe_2_DW01_add_14'
  Mapping 'divider_pipe_2_DW01_add_15'
  Mapping 'divider_pipe_2_DW01_add_16'
  Mapping 'divider_pipe_2_DW01_add_17'
  Mapping 'divider_pipe_2_DW01_add_18'
  Mapping 'divider_pipe_2_DW01_add_19'
  Mapping 'divider_pipe_2_DW01_add_20'
  Mapping 'divider_pipe_2_DW01_add_21'
  Mapping 'divider_pipe_2_DW01_add_22'
  Mapping 'divider_pipe_2_DW01_add_23'
  Mapping 'divider_pipe_2_DW01_add_24'
  Mapping 'divider_pipe_2_DW01_add_25'
  Mapping 'divider_pipe_2_DW01_add_26'
  Mapping 'divider_pipe_2_DW_inc_0'
  Mapping 'divider_pipe_2_DW_inc_1'
  Mapping 'divider_pipe_2_DW_cmp_0'
  Processing 'adder_nbits_32_2_4_DW01_add_0_DW01_add_55'
  Processing 'adder_nbits_32_2_4_DW01_add_1_DW01_add_56'
  Processing 'adder_nbits_32_2_4_DW01_add_2_DW01_add_57'
  Processing 'adder_nbits_32_2_4_DW01_add_3_DW01_add_58'
  Processing 'conf_mul_Beh_16_2_4_DW01_add_0_DW01_add_59'
  Processing 'conf_mul_Beh_16_2_4_DW01_add_1_DW01_add_60'
  Processing 'conf_mul_Beh_8_1_4_DW01_add_0_DW01_add_61'
  Processing 'conf_mul_Beh_8_1_4_DW01_add_1_DW01_add_62'
  Processing 'conf_mul_Beh_9_1_4_DW01_add_0_DW01_add_63'
  Processing 'conf_mul_Beh_9_1_4_DW01_add_1_DW01_add_64'
  Processing 'offset_gen_16_11_2_DW01_sub_0_DW01_sub_19'
  Processing 'twos_compl_16_2_DW01_inc_0_DW01_inc_80'
  Processing 'twos_compl_16_21_DW01_inc_0_DW01_inc_81'
  Processing 'twos_compl_16_22_DW01_inc_0_DW01_inc_82'
  Processing 'twos_compl_16_23_DW01_inc_0_DW01_inc_83'
  Processing 'twos_compl_16_24_DW01_inc_0_DW01_inc_84'
  Processing 'sequencer_2_DW01_add_0_DW01_add_65'
  Processing 'sequencer_2_DW01_inc_0_DW01_inc_85'
  Processing 'sequencer_2_DW01_inc_1_DW01_inc_86'
  Processing 'sequencer_2_DW01_add_1_DW01_add_66'
  Mapping 'sequencer_2_DW_cmp_0'
  Processing 'sequencer_2_DW01_dec_0_DW01_dec_29'
  Processing 'sequencer_2_DW01_inc_2_DW01_inc_87'
  Mapping 'sequencer_2_DW_cmp_1'
  Mapping 'DW_sra'
Information: Added key list 'DesignWare' to design 'RACCU_2'. (DDB-72)
  Processing 'RACCU_2_DW01_sub_0_DW01_sub_20'
  Processing 'RACCU_2_DW01_add_0_DW01_add_67'
  Mapping 'DW_leftsh'
  Processing 'autoloop_2_DW01_inc_0_DW01_inc_88'
  Processing 'autoloop_2_DW01_inc_1_DW01_inc_89'
  Processing 'autoloop_2_DW01_add_0_DW01_add_68'
  Processing 'autoloop_2_DW01_inc_2_DW01_inc_90'
  Processing 'autoloop_2_DW01_add_1_DW01_add_69'
  Processing 'autoloop_2_DW01_inc_3_DW01_inc_91'
  Processing 'autoloop_2_DW01_add_2_DW01_add_70'
  Processing 'autoloop_2_DW01_inc_4_DW01_inc_92'
  Processing 'autoloop_2_DW01_add_3_DW01_add_71'
  Processing 'autoloop_2_DW01_inc_5_DW01_inc_93'
  Processing 'autoloop_2_DW01_dec_0_DW01_dec_30'
  Processing 'autoloop_2_DW01_dec_1_DW01_dec_31'
  Processing 'autoloop_2_DW01_dec_2_DW01_dec_32'
  Processing 'autoloop_2_DW01_dec_3_DW01_dec_33'
  Processing 'autoloop_2_DW01_inc_6_DW01_inc_94'
  Processing 'AGU_RFblock_5_DW01_dec_0_DW01_dec_34'
  Processing 'AGU_RFblock_5_DW01_inc_0_DW01_inc_95'
  Processing 'AGU_RFblock_5_DW01_inc_1_DW01_inc_96'
  Processing 'AGU_RFblock_5_DW01_inc_2_DW01_inc_97'
  Processing 'AGU_RFblock_5_DW01_inc_3_DW01_inc_98'
  Processing 'AGU_RFblock_5_DW01_dec_1_DW01_dec_35'
  Processing 'AGU_RFblock_5_DW01_inc_4_DW01_inc_99'
  Processing 'AGU_9_DW01_sub_0_DW01_sub_21'
  Processing 'AGU_9_DW01_dec_0_DW01_dec_36'
  Processing 'AGU_9_DW01_add_0_DW01_add_72'
  Processing 'AGU_9_DW01_add_1_DW01_add_73'
  Processing 'AGU_9_DW01_inc_0_DW01_inc_100'
  Processing 'AGU_9_DW01_inc_1_DW01_inc_101'
  Processing 'AGU_9_DW01_inc_2_DW01_inc_102'
  Processing 'AGU_9_DW01_inc_3_DW01_inc_103'
  Processing 'AGU_9_DW01_dec_1_DW01_dec_37'
  Processing 'AGU_9_DW01_inc_4_DW01_inc_104'
  Processing 'AGU_10_DW01_sub_0_DW01_sub_22'
  Processing 'AGU_10_DW01_dec_0_DW01_dec_38'
  Processing 'AGU_10_DW01_add_0_DW01_add_74'
  Processing 'AGU_10_DW01_add_1_DW01_add_75'
  Processing 'AGU_10_DW01_inc_0_DW01_inc_105'
  Processing 'AGU_10_DW01_inc_1_DW01_inc_106'
  Processing 'AGU_10_DW01_inc_2_DW01_inc_107'
  Processing 'AGU_10_DW01_inc_3_DW01_inc_108'
  Processing 'AGU_10_DW01_dec_1_DW01_dec_39'
  Processing 'AGU_10_DW01_inc_4_DW01_inc_109'
  Processing 'AGU_RFblock_6_DW01_dec_0_DW01_dec_40'
  Processing 'AGU_RFblock_6_DW01_inc_0_DW01_inc_110'
  Processing 'AGU_RFblock_6_DW01_inc_1_DW01_inc_111'
  Processing 'AGU_RFblock_6_DW01_inc_2_DW01_inc_112'
  Processing 'AGU_RFblock_6_DW01_inc_3_DW01_inc_113'
  Processing 'AGU_RFblock_6_DW01_dec_1_DW01_dec_41'
  Processing 'AGU_RFblock_6_DW01_inc_4_DW01_inc_114'
  Processing 'AGU_11_DW01_sub_0_DW01_sub_23'
  Processing 'AGU_11_DW01_dec_0_DW01_dec_42'
  Processing 'AGU_11_DW01_add_0_DW01_add_76'
  Processing 'AGU_11_DW01_add_1_DW01_add_77'
  Processing 'AGU_11_DW01_inc_0_DW01_inc_115'
  Processing 'AGU_11_DW01_inc_1_DW01_inc_116'
  Processing 'AGU_11_DW01_inc_2_DW01_inc_117'
  Processing 'AGU_11_DW01_inc_3_DW01_inc_118'
  Processing 'AGU_11_DW01_dec_1_DW01_dec_43'
  Processing 'AGU_11_DW01_inc_4_DW01_inc_119'
  Processing 'AGU_12_DW01_sub_0_DW01_sub_24'
  Processing 'AGU_12_DW01_dec_0_DW01_dec_44'
  Processing 'AGU_12_DW01_add_0_DW01_add_78'
  Processing 'AGU_12_DW01_add_1_DW01_add_79'
  Processing 'AGU_12_DW01_inc_0_DW01_inc_120'
  Processing 'AGU_12_DW01_inc_1_DW01_inc_121'
  Processing 'AGU_12_DW01_inc_2_DW01_inc_122'
  Processing 'AGU_12_DW01_inc_3_DW01_inc_123'
  Processing 'AGU_12_DW01_dec_1_DW01_dec_45'
  Processing 'AGU_12_DW01_inc_4_DW01_inc_124'
  Processing 'DPU_3_DW01_sub_0_DW01_sub_25'
  Processing 'DPU_3_DW01_sub_1_DW01_sub_26'
  Processing 'DPU_3_DW01_sub_2_DW01_sub_27'
  Processing 'DPU_3_DW01_sub_3_DW01_sub_28'
  Mapping 'Sat_n_round_5_DW_cmp_0'
  Mapping 'Sat_n_round_5_DW_cmp_1'
  Mapping 'Sat_n_round_5_DW_cmp_2'
  Mapping 'Sat_n_round_5_DW_cmp_3'
  Mapping 'Sat_n_round_5_DW_cmp_4'
  Mapping 'Sat_n_round_5_DW_cmp_5'
  Mapping 'Sat_n_round_5_DW_cmp_6'
  Mapping 'Sat_n_round_5_DW_cmp_7'
  Mapping 'Sat_n_round_5_DW_cmp_8'
  Mapping 'Sat_n_round_5_DW_cmp_9'
  Mapping 'Sat_n_round_5_DW_cmp_10'
  Mapping 'Sat_n_round_5_DW_cmp_11'
  Mapping 'Sat_n_round_5_DW_cmp_12'
  Mapping 'Sat_n_round_5_DW_cmp_13'
  Mapping 'Sat_n_round_5_DW_cmp_14'
  Mapping 'Sat_n_round_5_DW_cmp_15'
  Mapping 'Sat_n_round_6_DW_cmp_0'
  Mapping 'Sat_n_round_6_DW_cmp_1'
  Mapping 'Sat_n_round_6_DW_cmp_2'
  Mapping 'Sat_n_round_6_DW_cmp_3'
  Mapping 'Sat_n_round_6_DW_cmp_4'
  Mapping 'Sat_n_round_6_DW_cmp_5'
  Mapping 'Sat_n_round_6_DW_cmp_6'
  Mapping 'Sat_n_round_6_DW_cmp_7'
  Mapping 'Sat_n_round_6_DW_cmp_8'
  Mapping 'Sat_n_round_6_DW_cmp_9'
  Mapping 'Sat_n_round_6_DW_cmp_10'
  Mapping 'Sat_n_round_6_DW_cmp_11'
  Mapping 'Sat_n_round_6_DW_cmp_12'
  Mapping 'Sat_n_round_6_DW_cmp_13'
  Mapping 'Sat_n_round_6_DW_cmp_14'
  Mapping 'Sat_n_round_6_DW_cmp_15'
  Mapping 'DW_sra'
Information: Added key list 'DesignWare' to design 'NACU_0_0_0_3'. (DDB-72)
  Mapping 'DW_leftsh'
  Processing 'Maxmin_Unit_16_5_DW01_cmp6_0_DW01_cmp6_4'
  Mapping 'Saturation_Unit_5_DW_cmp_0'
  Mapping 'Saturation_Unit_5_DW_cmp_1'
  Mapping 'Saturation_Unit_5_DW_cmp_2'
  Mapping 'Saturation_Unit_5_DW_cmp_3'
  Mapping 'Saturation_Unit_5_DW_cmp_4'
  Mapping 'Saturation_Unit_5_DW_cmp_5'
  Mapping 'Saturation_Unit_5_DW_cmp_6'
  Mapping 'Saturation_Unit_5_DW_cmp_7'
  Mapping 'Saturation_Unit_5_DW_cmp_8'
  Mapping 'Saturation_Unit_5_DW_cmp_9'
  Mapping 'Saturation_Unit_5_DW_cmp_10'
  Mapping 'Saturation_Unit_5_DW_cmp_11'
  Mapping 'Saturation_Unit_5_DW_cmp_12'
  Mapping 'Saturation_Unit_5_DW_cmp_13'
  Processing 'adder_nbits_32_2_5_DW01_add_0_DW01_add_80'
  Processing 'adder_nbits_32_2_5_DW01_add_1_DW01_add_81'
  Processing 'adder_nbits_32_2_5_DW01_add_2_DW01_add_82'
  Processing 'adder_nbits_32_2_5_DW01_add_3_DW01_add_83'
  Processing 'conf_mul_Beh_16_2_5_DW01_add_0_DW01_add_84'
  Processing 'conf_mul_Beh_16_2_5_DW01_add_1_DW01_add_85'
  Processing 'conf_mul_Beh_8_1_5_DW01_add_0_DW01_add_86'
  Processing 'conf_mul_Beh_8_1_5_DW01_add_1_DW01_add_87'
  Processing 'conf_mul_Beh_9_1_5_DW01_add_0_DW01_add_88'
  Processing 'conf_mul_Beh_9_1_5_DW01_add_1_DW01_add_89'
  Mapping 'DW_sra'
Information: Added key list 'DesignWare' to design 'NACU_0_0_1_3'. (DDB-72)
  Mapping 'DW_leftsh'
  Processing 'Maxmin_Unit_16_6_DW01_cmp6_0_DW01_cmp6_5'
  Mapping 'Saturation_Unit_6_DW_cmp_0'
  Mapping 'Saturation_Unit_6_DW_cmp_1'
  Mapping 'Saturation_Unit_6_DW_cmp_2'
  Mapping 'Saturation_Unit_6_DW_cmp_3'
  Mapping 'Saturation_Unit_6_DW_cmp_4'
  Mapping 'Saturation_Unit_6_DW_cmp_5'
  Mapping 'Saturation_Unit_6_DW_cmp_6'
  Mapping 'Saturation_Unit_6_DW_cmp_7'
  Mapping 'Saturation_Unit_6_DW_cmp_8'
  Mapping 'Saturation_Unit_6_DW_cmp_9'
  Mapping 'Saturation_Unit_6_DW_cmp_10'
  Mapping 'Saturation_Unit_6_DW_cmp_11'
  Mapping 'Saturation_Unit_6_DW_cmp_12'
  Mapping 'Saturation_Unit_6_DW_cmp_13'
  Processing 'divider_pipe_3_DW_div_pipe_0_DW_div_pipe_2'
  Processing 'divider_pipe_3_DW_div_0_DW_div_2'
  Processing 'divider_pipe_3_DW01_absval_0_DW01_absval_2'
  Processing 'divider_pipe_3_DW01_inc_0_DW01_inc_125'
  Mapping 'DW01_add'
  Mapping 'DW01_add'
  Mapping 'DW01_add'
  Mapping 'DW01_add'
  Mapping 'divider_pipe_3_DW01_add_0'
  Mapping 'divider_pipe_3_DW01_add_1'
  Mapping 'divider_pipe_3_DW01_add_2'
  Mapping 'divider_pipe_3_DW01_add_3'
  Mapping 'divider_pipe_3_DW01_add_4'
  Mapping 'divider_pipe_3_DW01_add_5'
  Mapping 'divider_pipe_3_DW01_add_6'
  Mapping 'divider_pipe_3_DW01_add_7'
  Mapping 'divider_pipe_3_DW01_add_8'
  Mapping 'divider_pipe_3_DW01_add_9'
  Mapping 'divider_pipe_3_DW01_add_10'
  Mapping 'divider_pipe_3_DW01_add_11'
  Mapping 'divider_pipe_3_DW01_add_12'
  Mapping 'divider_pipe_3_DW01_add_13'
  Mapping 'divider_pipe_3_DW01_add_14'
  Mapping 'divider_pipe_3_DW01_add_15'
  Mapping 'divider_pipe_3_DW01_add_16'
  Mapping 'divider_pipe_3_DW01_add_17'
  Mapping 'divider_pipe_3_DW01_add_18'
  Mapping 'divider_pipe_3_DW01_add_19'
  Mapping 'divider_pipe_3_DW01_add_20'
  Mapping 'divider_pipe_3_DW01_add_21'
  Mapping 'divider_pipe_3_DW01_add_22'
  Mapping 'divider_pipe_3_DW01_add_23'
  Mapping 'divider_pipe_3_DW01_add_24'
  Mapping 'divider_pipe_3_DW01_add_25'
  Mapping 'divider_pipe_3_DW01_add_26'
  Mapping 'divider_pipe_3_DW_inc_0'
  Mapping 'divider_pipe_3_DW_inc_1'
  Mapping 'divider_pipe_3_DW_cmp_0'
  Processing 'adder_nbits_32_2_6_DW01_add_0_DW01_add_90'
  Processing 'adder_nbits_32_2_6_DW01_add_1_DW01_add_91'
  Processing 'adder_nbits_32_2_6_DW01_add_2_DW01_add_92'
  Processing 'adder_nbits_32_2_6_DW01_add_3_DW01_add_93'
  Processing 'conf_mul_Beh_16_2_6_DW01_add_0_DW01_add_94'
  Processing 'conf_mul_Beh_16_2_6_DW01_add_1_DW01_add_95'
  Processing 'conf_mul_Beh_8_1_6_DW01_add_0_DW01_add_96'
  Processing 'conf_mul_Beh_8_1_6_DW01_add_1_DW01_add_97'
  Processing 'conf_mul_Beh_9_1_6_DW01_add_0_DW01_add_98'
  Processing 'conf_mul_Beh_9_1_6_DW01_add_1_DW01_add_99'
  Processing 'offset_gen_16_11_3_DW01_sub_0_DW01_sub_29'
  Processing 'twos_compl_16_3_DW01_inc_0_DW01_inc_126'
  Processing 'twos_compl_16_25_DW01_inc_0_DW01_inc_127'
  Processing 'twos_compl_16_26_DW01_inc_0_DW01_inc_128'
  Processing 'twos_compl_16_27_DW01_inc_0_DW01_inc_129'
  Processing 'twos_compl_16_28_DW01_inc_0_DW01_inc_130'
  Processing 'sequencer_3_DW01_add_0_DW01_add_100'
  Processing 'sequencer_3_DW01_inc_0_DW01_inc_131'
  Processing 'sequencer_3_DW01_inc_1_DW01_inc_132'
  Processing 'sequencer_3_DW01_add_1_DW01_add_101'
  Mapping 'sequencer_3_DW_cmp_0'
  Processing 'sequencer_3_DW01_dec_0_DW01_dec_46'
  Processing 'sequencer_3_DW01_inc_2_DW01_inc_133'
  Mapping 'sequencer_3_DW_cmp_1'
  Mapping 'DW_sra'
Information: Added key list 'DesignWare' to design 'RACCU_3'. (DDB-72)
  Processing 'RACCU_3_DW01_sub_0_DW01_sub_30'
  Processing 'RACCU_3_DW01_add_0_DW01_add_102'
  Mapping 'DW_leftsh'
  Processing 'autoloop_3_DW01_inc_0_DW01_inc_134'
  Processing 'autoloop_3_DW01_inc_1_DW01_inc_135'
  Processing 'autoloop_3_DW01_add_0_DW01_add_103'
  Processing 'autoloop_3_DW01_inc_2_DW01_inc_136'
  Processing 'autoloop_3_DW01_add_1_DW01_add_104'
  Processing 'autoloop_3_DW01_inc_3_DW01_inc_137'
  Processing 'autoloop_3_DW01_add_2_DW01_add_105'
  Processing 'autoloop_3_DW01_inc_4_DW01_inc_138'
  Processing 'autoloop_3_DW01_add_3_DW01_add_106'
  Processing 'autoloop_3_DW01_inc_5_DW01_inc_139'
  Processing 'autoloop_3_DW01_dec_0_DW01_dec_47'
  Processing 'autoloop_3_DW01_dec_1_DW01_dec_48'
  Processing 'autoloop_3_DW01_dec_2_DW01_dec_49'
  Processing 'autoloop_3_DW01_dec_3_DW01_dec_50'
  Processing 'autoloop_3_DW01_inc_6_DW01_inc_140'
  Processing 'AGU_RFblock_7_DW01_dec_0_DW01_dec_51'
  Processing 'AGU_RFblock_7_DW01_inc_0_DW01_inc_141'
  Processing 'AGU_RFblock_7_DW01_inc_1_DW01_inc_142'
  Processing 'AGU_RFblock_7_DW01_inc_2_DW01_inc_143'
  Processing 'AGU_RFblock_7_DW01_inc_3_DW01_inc_144'
  Processing 'AGU_RFblock_7_DW01_dec_1_DW01_dec_52'
  Processing 'AGU_RFblock_7_DW01_inc_4_DW01_inc_145'
  Processing 'AGU_13_DW01_sub_0_DW01_sub_31'
  Processing 'AGU_13_DW01_dec_0_DW01_dec_53'
  Processing 'AGU_13_DW01_add_0_DW01_add_107'
  Processing 'AGU_13_DW01_add_1_DW01_add_108'
  Processing 'AGU_13_DW01_inc_0_DW01_inc_146'
  Processing 'AGU_13_DW01_inc_1_DW01_inc_147'
  Processing 'AGU_13_DW01_inc_2_DW01_inc_148'
  Processing 'AGU_13_DW01_inc_3_DW01_inc_149'
  Processing 'AGU_13_DW01_dec_1_DW01_dec_54'
  Processing 'AGU_13_DW01_inc_4_DW01_inc_150'
  Processing 'AGU_14_DW01_sub_0_DW01_sub_32'
  Processing 'AGU_14_DW01_dec_0_DW01_dec_55'
  Processing 'AGU_14_DW01_add_0_DW01_add_109'
  Processing 'AGU_14_DW01_add_1_DW01_add_110'
  Processing 'AGU_14_DW01_inc_0_DW01_inc_151'
  Processing 'AGU_14_DW01_inc_1_DW01_inc_152'
  Processing 'AGU_14_DW01_inc_2_DW01_inc_153'
  Processing 'AGU_14_DW01_inc_3_DW01_inc_154'
  Processing 'AGU_14_DW01_dec_1_DW01_dec_56'
  Processing 'AGU_14_DW01_inc_4_DW01_inc_155'
  Processing 'AGU_RFblock_8_DW01_dec_0_DW01_dec_57'
  Processing 'AGU_RFblock_8_DW01_inc_0_DW01_inc_156'
  Processing 'AGU_RFblock_8_DW01_inc_1_DW01_inc_157'
  Processing 'AGU_RFblock_8_DW01_inc_2_DW01_inc_158'
  Processing 'AGU_RFblock_8_DW01_inc_3_DW01_inc_159'
  Processing 'AGU_RFblock_8_DW01_dec_1_DW01_dec_58'
  Processing 'AGU_RFblock_8_DW01_inc_4_DW01_inc_160'
  Processing 'AGU_15_DW01_sub_0_DW01_sub_33'
  Processing 'AGU_15_DW01_dec_0_DW01_dec_59'
  Processing 'AGU_15_DW01_add_0_DW01_add_111'
  Processing 'AGU_15_DW01_add_1_DW01_add_112'
  Processing 'AGU_15_DW01_inc_0_DW01_inc_161'
  Processing 'AGU_15_DW01_inc_1_DW01_inc_162'
  Processing 'AGU_15_DW01_inc_2_DW01_inc_163'
  Processing 'AGU_15_DW01_inc_3_DW01_inc_164'
  Processing 'AGU_15_DW01_dec_1_DW01_dec_60'
  Processing 'AGU_15_DW01_inc_4_DW01_inc_165'
  Processing 'AGU_16_DW01_sub_0_DW01_sub_34'
  Processing 'AGU_16_DW01_dec_0_DW01_dec_61'
  Processing 'AGU_16_DW01_add_0_DW01_add_113'
  Processing 'AGU_16_DW01_add_1_DW01_add_114'
  Processing 'AGU_16_DW01_inc_0_DW01_inc_166'
  Processing 'AGU_16_DW01_inc_1_DW01_inc_167'
  Processing 'AGU_16_DW01_inc_2_DW01_inc_168'
  Processing 'AGU_16_DW01_inc_3_DW01_inc_169'
  Processing 'AGU_16_DW01_dec_1_DW01_dec_62'
  Processing 'AGU_16_DW01_inc_4_DW01_inc_170'
  Processing 'DPU_4_DW01_sub_0_DW01_sub_35'
  Processing 'DPU_4_DW01_sub_1_DW01_sub_36'
  Processing 'DPU_4_DW01_sub_2_DW01_sub_37'
  Processing 'DPU_4_DW01_sub_3_DW01_sub_38'
  Mapping 'Sat_n_round_7_DW_cmp_0'
  Mapping 'Sat_n_round_7_DW_cmp_1'
  Mapping 'Sat_n_round_7_DW_cmp_2'
  Mapping 'Sat_n_round_7_DW_cmp_3'
  Mapping 'Sat_n_round_7_DW_cmp_4'
  Mapping 'Sat_n_round_7_DW_cmp_5'
  Mapping 'Sat_n_round_7_DW_cmp_6'
  Mapping 'Sat_n_round_7_DW_cmp_7'
  Mapping 'Sat_n_round_7_DW_cmp_8'
  Mapping 'Sat_n_round_7_DW_cmp_9'
  Mapping 'Sat_n_round_7_DW_cmp_10'
  Mapping 'Sat_n_round_7_DW_cmp_11'
  Mapping 'Sat_n_round_7_DW_cmp_12'
  Mapping 'Sat_n_round_7_DW_cmp_13'
  Mapping 'Sat_n_round_7_DW_cmp_14'
  Mapping 'Sat_n_round_7_DW_cmp_15'
  Mapping 'Sat_n_round_8_DW_cmp_0'
  Mapping 'Sat_n_round_8_DW_cmp_1'
  Mapping 'Sat_n_round_8_DW_cmp_2'
  Mapping 'Sat_n_round_8_DW_cmp_3'
  Mapping 'Sat_n_round_8_DW_cmp_4'
  Mapping 'Sat_n_round_8_DW_cmp_5'
  Mapping 'Sat_n_round_8_DW_cmp_6'
  Mapping 'Sat_n_round_8_DW_cmp_7'
  Mapping 'Sat_n_round_8_DW_cmp_8'
  Mapping 'Sat_n_round_8_DW_cmp_9'
  Mapping 'Sat_n_round_8_DW_cmp_10'
  Mapping 'Sat_n_round_8_DW_cmp_11'
  Mapping 'Sat_n_round_8_DW_cmp_12'
  Mapping 'Sat_n_round_8_DW_cmp_13'
  Mapping 'Sat_n_round_8_DW_cmp_14'
  Mapping 'Sat_n_round_8_DW_cmp_15'
  Mapping 'DW_sra'
Information: Added key list 'DesignWare' to design 'NACU_0_0_0_4'. (DDB-72)
  Mapping 'DW_leftsh'
  Processing 'Maxmin_Unit_16_7_DW01_cmp6_0_DW01_cmp6_6'
  Mapping 'Saturation_Unit_7_DW_cmp_0'
  Mapping 'Saturation_Unit_7_DW_cmp_1'
  Mapping 'Saturation_Unit_7_DW_cmp_2'
  Mapping 'Saturation_Unit_7_DW_cmp_3'
  Mapping 'Saturation_Unit_7_DW_cmp_4'
  Mapping 'Saturation_Unit_7_DW_cmp_5'
  Mapping 'Saturation_Unit_7_DW_cmp_6'
  Mapping 'Saturation_Unit_7_DW_cmp_7'
  Mapping 'Saturation_Unit_7_DW_cmp_8'
  Mapping 'Saturation_Unit_7_DW_cmp_9'
  Mapping 'Saturation_Unit_7_DW_cmp_10'
  Mapping 'Saturation_Unit_7_DW_cmp_11'
  Mapping 'Saturation_Unit_7_DW_cmp_12'
  Mapping 'Saturation_Unit_7_DW_cmp_13'
  Processing 'adder_nbits_32_2_7_DW01_add_0_DW01_add_115'
  Processing 'adder_nbits_32_2_7_DW01_add_1_DW01_add_116'
  Processing 'adder_nbits_32_2_7_DW01_add_2_DW01_add_117'
  Processing 'adder_nbits_32_2_7_DW01_add_3_DW01_add_118'
  Processing 'conf_mul_Beh_16_2_7_DW01_add_0_DW01_add_119'
  Processing 'conf_mul_Beh_16_2_7_DW01_add_1_DW01_add_120'
  Processing 'conf_mul_Beh_8_1_7_DW01_add_0_DW01_add_121'
  Processing 'conf_mul_Beh_8_1_7_DW01_add_1_DW01_add_122'
  Processing 'conf_mul_Beh_9_1_7_DW01_add_0_DW01_add_123'
  Processing 'conf_mul_Beh_9_1_7_DW01_add_1_DW01_add_124'
  Mapping 'DW_sra'
Information: Added key list 'DesignWare' to design 'NACU_0_0_1_4'. (DDB-72)
  Mapping 'DW_leftsh'
  Processing 'Maxmin_Unit_16_8_DW01_cmp6_0_DW01_cmp6_7'
  Mapping 'Saturation_Unit_8_DW_cmp_0'
  Mapping 'Saturation_Unit_8_DW_cmp_1'
  Mapping 'Saturation_Unit_8_DW_cmp_2'
  Mapping 'Saturation_Unit_8_DW_cmp_3'
  Mapping 'Saturation_Unit_8_DW_cmp_4'
  Mapping 'Saturation_Unit_8_DW_cmp_5'
  Mapping 'Saturation_Unit_8_DW_cmp_6'
  Mapping 'Saturation_Unit_8_DW_cmp_7'
  Mapping 'Saturation_Unit_8_DW_cmp_8'
  Mapping 'Saturation_Unit_8_DW_cmp_9'
  Mapping 'Saturation_Unit_8_DW_cmp_10'
  Mapping 'Saturation_Unit_8_DW_cmp_11'
  Mapping 'Saturation_Unit_8_DW_cmp_12'
  Mapping 'Saturation_Unit_8_DW_cmp_13'
  Processing 'divider_pipe_4_DW_div_pipe_0_DW_div_pipe_3'
  Processing 'divider_pipe_4_DW_div_0_DW_div_3'
  Processing 'divider_pipe_4_DW01_absval_0_DW01_absval_3'
  Processing 'divider_pipe_4_DW01_inc_0_DW01_inc_171'
  Mapping 'DW01_add'
  Mapping 'DW01_add'
  Mapping 'DW01_add'
  Mapping 'DW01_add'
  Mapping 'divider_pipe_4_DW01_add_0'
  Mapping 'divider_pipe_4_DW01_add_1'
  Mapping 'divider_pipe_4_DW01_add_2'
  Mapping 'divider_pipe_4_DW01_add_3'
  Mapping 'divider_pipe_4_DW01_add_4'
  Mapping 'divider_pipe_4_DW01_add_5'
  Mapping 'divider_pipe_4_DW01_add_6'
  Mapping 'divider_pipe_4_DW01_add_7'
  Mapping 'divider_pipe_4_DW01_add_8'
  Mapping 'divider_pipe_4_DW01_add_9'
  Mapping 'divider_pipe_4_DW01_add_10'
  Mapping 'divider_pipe_4_DW01_add_11'
  Mapping 'divider_pipe_4_DW01_add_12'
  Mapping 'divider_pipe_4_DW01_add_13'
  Mapping 'divider_pipe_4_DW01_add_14'
  Mapping 'divider_pipe_4_DW01_add_15'
  Mapping 'divider_pipe_4_DW01_add_16'
  Mapping 'divider_pipe_4_DW01_add_17'
  Mapping 'divider_pipe_4_DW01_add_18'
  Mapping 'divider_pipe_4_DW01_add_19'
  Mapping 'divider_pipe_4_DW01_add_20'
  Mapping 'divider_pipe_4_DW01_add_21'
  Mapping 'divider_pipe_4_DW01_add_22'
  Mapping 'divider_pipe_4_DW01_add_23'
  Mapping 'divider_pipe_4_DW01_add_24'
  Mapping 'divider_pipe_4_DW01_add_25'
  Mapping 'divider_pipe_4_DW01_add_26'
  Mapping 'divider_pipe_4_DW_inc_0'
  Mapping 'divider_pipe_4_DW_inc_1'
  Mapping 'divider_pipe_4_DW_cmp_0'
  Processing 'adder_nbits_32_2_8_DW01_add_0_DW01_add_125'
  Processing 'adder_nbits_32_2_8_DW01_add_1_DW01_add_126'
  Processing 'adder_nbits_32_2_8_DW01_add_2_DW01_add_127'
  Processing 'adder_nbits_32_2_8_DW01_add_3_DW01_add_128'
  Processing 'conf_mul_Beh_16_2_8_DW01_add_0_DW01_add_129'
  Processing 'conf_mul_Beh_16_2_8_DW01_add_1_DW01_add_130'
  Processing 'conf_mul_Beh_8_1_8_DW01_add_0_DW01_add_131'
  Processing 'conf_mul_Beh_8_1_8_DW01_add_1_DW01_add_132'
  Processing 'conf_mul_Beh_9_1_8_DW01_add_0_DW01_add_133'
  Processing 'conf_mul_Beh_9_1_8_DW01_add_1_DW01_add_134'
  Processing 'offset_gen_16_11_4_DW01_sub_0_DW01_sub_39'
  Processing 'twos_compl_16_4_DW01_inc_0_DW01_inc_172'
  Processing 'twos_compl_16_29_DW01_inc_0_DW01_inc_173'
  Processing 'twos_compl_16_30_DW01_inc_0_DW01_inc_174'
  Processing 'twos_compl_16_31_DW01_inc_0_DW01_inc_175'
  Processing 'twos_compl_16_32_DW01_inc_0_DW01_inc_176'
  Processing 'sequencer_4_DW01_add_0_DW01_add_135'
  Processing 'sequencer_4_DW01_inc_0_DW01_inc_177'
  Processing 'sequencer_4_DW01_inc_1_DW01_inc_178'
  Processing 'sequencer_4_DW01_add_1_DW01_add_136'
  Mapping 'sequencer_4_DW_cmp_0'
  Processing 'sequencer_4_DW01_dec_0_DW01_dec_63'
  Processing 'sequencer_4_DW01_inc_2_DW01_inc_179'
  Mapping 'sequencer_4_DW_cmp_1'
  Mapping 'DW_sra'
Information: Added key list 'DesignWare' to design 'RACCU_4'. (DDB-72)
  Processing 'RACCU_4_DW01_sub_0_DW01_sub_40'
  Processing 'RACCU_4_DW01_add_0_DW01_add_137'
  Mapping 'DW_leftsh'
  Processing 'autoloop_4_DW01_inc_0_DW01_inc_180'
  Processing 'autoloop_4_DW01_inc_1_DW01_inc_181'
  Processing 'autoloop_4_DW01_add_0_DW01_add_138'
  Processing 'autoloop_4_DW01_inc_2_DW01_inc_182'
  Processing 'autoloop_4_DW01_add_1_DW01_add_139'
  Processing 'autoloop_4_DW01_inc_3_DW01_inc_183'
  Processing 'autoloop_4_DW01_add_2_DW01_add_140'
  Processing 'autoloop_4_DW01_inc_4_DW01_inc_184'
  Processing 'autoloop_4_DW01_add_3_DW01_add_141'
  Processing 'autoloop_4_DW01_inc_5_DW01_inc_185'
  Processing 'autoloop_4_DW01_dec_0_DW01_dec_64'
  Processing 'autoloop_4_DW01_dec_1_DW01_dec_65'
  Processing 'autoloop_4_DW01_dec_2_DW01_dec_66'
  Processing 'autoloop_4_DW01_dec_3_DW01_dec_67'
  Processing 'autoloop_4_DW01_inc_6_DW01_inc_186'
  Processing 'AGU_RFblock_9_DW01_dec_0_DW01_dec_68'
  Processing 'AGU_RFblock_9_DW01_inc_0_DW01_inc_187'
  Processing 'AGU_RFblock_9_DW01_inc_1_DW01_inc_188'
  Processing 'AGU_RFblock_9_DW01_inc_2_DW01_inc_189'
  Processing 'AGU_RFblock_9_DW01_inc_3_DW01_inc_190'
  Processing 'AGU_RFblock_9_DW01_dec_1_DW01_dec_69'
  Processing 'AGU_RFblock_9_DW01_inc_4_DW01_inc_191'
  Processing 'AGU_17_DW01_sub_0_DW01_sub_41'
  Processing 'AGU_17_DW01_dec_0_DW01_dec_70'
  Processing 'AGU_17_DW01_add_0_DW01_add_142'
  Processing 'AGU_17_DW01_add_1_DW01_add_143'
  Processing 'AGU_17_DW01_inc_0_DW01_inc_192'
  Processing 'AGU_17_DW01_inc_1_DW01_inc_193'
  Processing 'AGU_17_DW01_inc_2_DW01_inc_194'
  Processing 'AGU_17_DW01_inc_3_DW01_inc_195'
  Processing 'AGU_17_DW01_dec_1_DW01_dec_71'
  Processing 'AGU_17_DW01_inc_4_DW01_inc_196'
  Processing 'AGU_18_DW01_sub_0_DW01_sub_42'
  Processing 'AGU_18_DW01_dec_0_DW01_dec_72'
  Processing 'AGU_18_DW01_add_0_DW01_add_144'
  Processing 'AGU_18_DW01_add_1_DW01_add_145'
  Processing 'AGU_18_DW01_inc_0_DW01_inc_197'
  Processing 'AGU_18_DW01_inc_1_DW01_inc_198'
  Processing 'AGU_18_DW01_inc_2_DW01_inc_199'
  Processing 'AGU_18_DW01_inc_3_DW01_inc_200'
  Processing 'AGU_18_DW01_dec_1_DW01_dec_73'
  Processing 'AGU_18_DW01_inc_4_DW01_inc_201'
  Processing 'AGU_RFblock_10_DW01_dec_0_DW01_dec_74'
  Processing 'AGU_RFblock_10_DW01_inc_0_DW01_inc_202'
  Processing 'AGU_RFblock_10_DW01_inc_1_DW01_inc_203'
  Processing 'AGU_RFblock_10_DW01_inc_2_DW01_inc_204'
  Processing 'AGU_RFblock_10_DW01_inc_3_DW01_inc_205'
  Processing 'AGU_RFblock_10_DW01_dec_1_DW01_dec_75'
  Processing 'AGU_RFblock_10_DW01_inc_4_DW01_inc_206'
  Processing 'AGU_19_DW01_sub_0_DW01_sub_43'
  Processing 'AGU_19_DW01_dec_0_DW01_dec_76'
  Processing 'AGU_19_DW01_add_0_DW01_add_146'
  Processing 'AGU_19_DW01_add_1_DW01_add_147'
  Processing 'AGU_19_DW01_inc_0_DW01_inc_207'
  Processing 'AGU_19_DW01_inc_1_DW01_inc_208'
  Processing 'AGU_19_DW01_inc_2_DW01_inc_209'
  Processing 'AGU_19_DW01_inc_3_DW01_inc_210'
  Processing 'AGU_19_DW01_dec_1_DW01_dec_77'
  Processing 'AGU_19_DW01_inc_4_DW01_inc_211'
  Processing 'AGU_20_DW01_sub_0_DW01_sub_44'
  Processing 'AGU_20_DW01_dec_0_DW01_dec_78'
  Processing 'AGU_20_DW01_add_0_DW01_add_148'
  Processing 'AGU_20_DW01_add_1_DW01_add_149'
  Processing 'AGU_20_DW01_inc_0_DW01_inc_212'
  Processing 'AGU_20_DW01_inc_1_DW01_inc_213'
  Processing 'AGU_20_DW01_inc_2_DW01_inc_214'
  Processing 'AGU_20_DW01_inc_3_DW01_inc_215'
  Processing 'AGU_20_DW01_dec_1_DW01_dec_79'
  Processing 'AGU_20_DW01_inc_4_DW01_inc_216'
  Processing 'DPU_5_DW01_sub_0_DW01_sub_45'
  Processing 'DPU_5_DW01_sub_1_DW01_sub_46'
  Processing 'DPU_5_DW01_sub_2_DW01_sub_47'
  Processing 'DPU_5_DW01_sub_3_DW01_sub_48'
  Mapping 'Sat_n_round_9_DW_cmp_0'
  Mapping 'Sat_n_round_9_DW_cmp_1'
  Mapping 'Sat_n_round_9_DW_cmp_2'
  Mapping 'Sat_n_round_9_DW_cmp_3'
  Mapping 'Sat_n_round_9_DW_cmp_4'
  Mapping 'Sat_n_round_9_DW_cmp_5'
  Mapping 'Sat_n_round_9_DW_cmp_6'
  Mapping 'Sat_n_round_9_DW_cmp_7'
  Mapping 'Sat_n_round_9_DW_cmp_8'
  Mapping 'Sat_n_round_9_DW_cmp_9'
  Mapping 'Sat_n_round_9_DW_cmp_10'
  Mapping 'Sat_n_round_9_DW_cmp_11'
  Mapping 'Sat_n_round_9_DW_cmp_12'
  Mapping 'Sat_n_round_9_DW_cmp_13'
  Mapping 'Sat_n_round_9_DW_cmp_14'
  Mapping 'Sat_n_round_9_DW_cmp_15'
  Mapping 'Sat_n_round_10_DW_cmp_0'
  Mapping 'Sat_n_round_10_DW_cmp_1'
  Mapping 'Sat_n_round_10_DW_cmp_2'
  Mapping 'Sat_n_round_10_DW_cmp_3'
  Mapping 'Sat_n_round_10_DW_cmp_4'
  Mapping 'Sat_n_round_10_DW_cmp_5'
  Mapping 'Sat_n_round_10_DW_cmp_6'
  Mapping 'Sat_n_round_10_DW_cmp_7'
  Mapping 'Sat_n_round_10_DW_cmp_8'
  Mapping 'Sat_n_round_10_DW_cmp_9'
  Mapping 'Sat_n_round_10_DW_cmp_10'
  Mapping 'Sat_n_round_10_DW_cmp_11'
  Mapping 'Sat_n_round_10_DW_cmp_12'
  Mapping 'Sat_n_round_10_DW_cmp_13'
  Mapping 'Sat_n_round_10_DW_cmp_14'
  Mapping 'Sat_n_round_10_DW_cmp_15'
  Mapping 'DW_sra'
Information: Added key list 'DesignWare' to design 'NACU_0_0_0_5'. (DDB-72)
  Mapping 'DW_leftsh'
  Processing 'Maxmin_Unit_16_9_DW01_cmp6_0_DW01_cmp6_8'
  Mapping 'Saturation_Unit_9_DW_cmp_0'
  Mapping 'Saturation_Unit_9_DW_cmp_1'
  Mapping 'Saturation_Unit_9_DW_cmp_2'
  Mapping 'Saturation_Unit_9_DW_cmp_3'
  Mapping 'Saturation_Unit_9_DW_cmp_4'
  Mapping 'Saturation_Unit_9_DW_cmp_5'
  Mapping 'Saturation_Unit_9_DW_cmp_6'
  Mapping 'Saturation_Unit_9_DW_cmp_7'
  Mapping 'Saturation_Unit_9_DW_cmp_8'
  Mapping 'Saturation_Unit_9_DW_cmp_9'
  Mapping 'Saturation_Unit_9_DW_cmp_10'
  Mapping 'Saturation_Unit_9_DW_cmp_11'
  Mapping 'Saturation_Unit_9_DW_cmp_12'
  Mapping 'Saturation_Unit_9_DW_cmp_13'
  Processing 'adder_nbits_32_2_9_DW01_add_0_DW01_add_150'
  Processing 'adder_nbits_32_2_9_DW01_add_1_DW01_add_151'
  Processing 'adder_nbits_32_2_9_DW01_add_2_DW01_add_152'
  Processing 'adder_nbits_32_2_9_DW01_add_3_DW01_add_153'
  Processing 'conf_mul_Beh_16_2_9_DW01_add_0_DW01_add_154'
  Processing 'conf_mul_Beh_16_2_9_DW01_add_1_DW01_add_155'
  Processing 'conf_mul_Beh_8_1_9_DW01_add_0_DW01_add_156'
  Processing 'conf_mul_Beh_8_1_9_DW01_add_1_DW01_add_157'
  Processing 'conf_mul_Beh_9_1_9_DW01_add_0_DW01_add_158'
  Processing 'conf_mul_Beh_9_1_9_DW01_add_1_DW01_add_159'
  Mapping 'DW_sra'
Information: Added key list 'DesignWare' to design 'NACU_0_0_1_5'. (DDB-72)
  Mapping 'DW_leftsh'
  Processing 'Maxmin_Unit_16_10_DW01_cmp6_0_DW01_cmp6_9'
  Mapping 'Saturation_Unit_10_DW_cmp_0'
  Mapping 'Saturation_Unit_10_DW_cmp_1'
  Mapping 'Saturation_Unit_10_DW_cmp_2'
  Mapping 'Saturation_Unit_10_DW_cmp_3'
  Mapping 'Saturation_Unit_10_DW_cmp_4'
  Mapping 'Saturation_Unit_10_DW_cmp_5'
  Mapping 'Saturation_Unit_10_DW_cmp_6'
  Mapping 'Saturation_Unit_10_DW_cmp_7'
  Mapping 'Saturation_Unit_10_DW_cmp_8'
  Mapping 'Saturation_Unit_10_DW_cmp_9'
  Mapping 'Saturation_Unit_10_DW_cmp_10'
  Mapping 'Saturation_Unit_10_DW_cmp_11'
  Mapping 'Saturation_Unit_10_DW_cmp_12'
  Mapping 'Saturation_Unit_10_DW_cmp_13'
  Processing 'divider_pipe_5_DW_div_pipe_0_DW_div_pipe_4'
  Processing 'divider_pipe_5_DW_div_0_DW_div_4'
  Processing 'divider_pipe_5_DW01_absval_0_DW01_absval_4'
  Processing 'divider_pipe_5_DW01_inc_0_DW01_inc_217'
  Mapping 'DW01_add'
  Mapping 'DW01_add'
  Mapping 'DW01_add'
  Mapping 'DW01_add'
  Mapping 'divider_pipe_5_DW01_add_0'
  Mapping 'divider_pipe_5_DW01_add_1'
  Mapping 'divider_pipe_5_DW01_add_2'
  Mapping 'divider_pipe_5_DW01_add_3'
  Mapping 'divider_pipe_5_DW01_add_4'
  Mapping 'divider_pipe_5_DW01_add_5'
  Mapping 'divider_pipe_5_DW01_add_6'
  Mapping 'divider_pipe_5_DW01_add_7'
  Mapping 'divider_pipe_5_DW01_add_8'
  Mapping 'divider_pipe_5_DW01_add_9'
  Mapping 'divider_pipe_5_DW01_add_10'
  Mapping 'divider_pipe_5_DW01_add_11'
  Mapping 'divider_pipe_5_DW01_add_12'
  Mapping 'divider_pipe_5_DW01_add_13'
  Mapping 'divider_pipe_5_DW01_add_14'
  Mapping 'divider_pipe_5_DW01_add_15'
  Mapping 'divider_pipe_5_DW01_add_16'
  Mapping 'divider_pipe_5_DW01_add_17'
  Mapping 'divider_pipe_5_DW01_add_18'
  Mapping 'divider_pipe_5_DW01_add_19'
  Mapping 'divider_pipe_5_DW01_add_20'
  Mapping 'divider_pipe_5_DW01_add_21'
  Mapping 'divider_pipe_5_DW01_add_22'
  Mapping 'divider_pipe_5_DW01_add_23'
  Mapping 'divider_pipe_5_DW01_add_24'
  Mapping 'divider_pipe_5_DW01_add_25'
  Mapping 'divider_pipe_5_DW01_add_26'
  Mapping 'divider_pipe_5_DW_inc_0'
  Mapping 'divider_pipe_5_DW_inc_1'
  Mapping 'divider_pipe_5_DW_cmp_0'
  Processing 'adder_nbits_32_2_10_DW01_add_0_DW01_add_160'
  Processing 'adder_nbits_32_2_10_DW01_add_1_DW01_add_161'
  Processing 'adder_nbits_32_2_10_DW01_add_2_DW01_add_162'
  Processing 'adder_nbits_32_2_10_DW01_add_3_DW01_add_163'
  Processing 'conf_mul_Beh_16_2_10_DW01_add_0_DW01_add_164'
  Processing 'conf_mul_Beh_16_2_10_DW01_add_1_DW01_add_165'
  Processing 'conf_mul_Beh_8_1_10_DW01_add_0_DW01_add_166'
  Processing 'conf_mul_Beh_8_1_10_DW01_add_1_DW01_add_167'
  Processing 'conf_mul_Beh_9_1_10_DW01_add_0_DW01_add_168'
  Processing 'conf_mul_Beh_9_1_10_DW01_add_1_DW01_add_169'
  Processing 'offset_gen_16_11_5_DW01_sub_0_DW01_sub_49'
  Processing 'twos_compl_16_5_DW01_inc_0_DW01_inc_218'
  Processing 'twos_compl_16_33_DW01_inc_0_DW01_inc_219'
  Processing 'twos_compl_16_34_DW01_inc_0_DW01_inc_220'
  Processing 'twos_compl_16_35_DW01_inc_0_DW01_inc_221'
  Processing 'twos_compl_16_36_DW01_inc_0_DW01_inc_222'
  Processing 'sequencer_5_DW01_add_0_DW01_add_170'
  Processing 'sequencer_5_DW01_inc_0_DW01_inc_223'
  Processing 'sequencer_5_DW01_inc_1_DW01_inc_224'
  Processing 'sequencer_5_DW01_add_1_DW01_add_171'
  Mapping 'sequencer_5_DW_cmp_0'
  Processing 'sequencer_5_DW01_dec_0_DW01_dec_80'
  Processing 'sequencer_5_DW01_inc_2_DW01_inc_225'
  Mapping 'sequencer_5_DW_cmp_1'
  Mapping 'DW_sra'
Information: Added key list 'DesignWare' to design 'RACCU_5'. (DDB-72)
  Processing 'RACCU_5_DW01_sub_0_DW01_sub_50'
  Processing 'RACCU_5_DW01_add_0_DW01_add_172'
  Mapping 'DW_leftsh'
  Processing 'autoloop_5_DW01_inc_0_DW01_inc_226'
  Processing 'autoloop_5_DW01_inc_1_DW01_inc_227'
  Processing 'autoloop_5_DW01_add_0_DW01_add_173'
  Processing 'autoloop_5_DW01_inc_2_DW01_inc_228'
  Processing 'autoloop_5_DW01_add_1_DW01_add_174'
  Processing 'autoloop_5_DW01_inc_3_DW01_inc_229'
  Processing 'autoloop_5_DW01_add_2_DW01_add_175'
  Processing 'autoloop_5_DW01_inc_4_DW01_inc_230'
  Processing 'autoloop_5_DW01_add_3_DW01_add_176'
  Processing 'autoloop_5_DW01_inc_5_DW01_inc_231'
  Processing 'autoloop_5_DW01_dec_0_DW01_dec_81'
  Processing 'autoloop_5_DW01_dec_1_DW01_dec_82'
  Processing 'autoloop_5_DW01_dec_2_DW01_dec_83'
  Processing 'autoloop_5_DW01_dec_3_DW01_dec_84'
  Processing 'autoloop_5_DW01_inc_6_DW01_inc_232'
  Processing 'AGU_RFblock_11_DW01_dec_0_DW01_dec_85'
  Processing 'AGU_RFblock_11_DW01_inc_0_DW01_inc_233'
  Processing 'AGU_RFblock_11_DW01_inc_1_DW01_inc_234'
  Processing 'AGU_RFblock_11_DW01_inc_2_DW01_inc_235'
  Processing 'AGU_RFblock_11_DW01_inc_3_DW01_inc_236'
  Processing 'AGU_RFblock_11_DW01_dec_1_DW01_dec_86'
  Processing 'AGU_RFblock_11_DW01_inc_4_DW01_inc_237'
  Processing 'AGU_21_DW01_sub_0_DW01_sub_51'
  Processing 'AGU_21_DW01_dec_0_DW01_dec_87'
  Processing 'AGU_21_DW01_add_0_DW01_add_177'
  Processing 'AGU_21_DW01_add_1_DW01_add_178'
  Processing 'AGU_21_DW01_inc_0_DW01_inc_238'
  Processing 'AGU_21_DW01_inc_1_DW01_inc_239'
  Processing 'AGU_21_DW01_inc_2_DW01_inc_240'
  Processing 'AGU_21_DW01_inc_3_DW01_inc_241'
  Processing 'AGU_21_DW01_dec_1_DW01_dec_88'
  Processing 'AGU_21_DW01_inc_4_DW01_inc_242'
  Processing 'AGU_22_DW01_sub_0_DW01_sub_52'
  Processing 'AGU_22_DW01_dec_0_DW01_dec_89'
  Processing 'AGU_22_DW01_add_0_DW01_add_179'
  Processing 'AGU_22_DW01_add_1_DW01_add_180'
  Processing 'AGU_22_DW01_inc_0_DW01_inc_243'
  Processing 'AGU_22_DW01_inc_1_DW01_inc_244'
  Processing 'AGU_22_DW01_inc_2_DW01_inc_245'
  Processing 'AGU_22_DW01_inc_3_DW01_inc_246'
  Processing 'AGU_22_DW01_dec_1_DW01_dec_90'
  Processing 'AGU_22_DW01_inc_4_DW01_inc_247'
  Processing 'AGU_RFblock_12_DW01_dec_0_DW01_dec_91'
  Processing 'AGU_RFblock_12_DW01_inc_0_DW01_inc_248'
  Processing 'AGU_RFblock_12_DW01_inc_1_DW01_inc_249'
  Processing 'AGU_RFblock_12_DW01_inc_2_DW01_inc_250'
  Processing 'AGU_RFblock_12_DW01_inc_3_DW01_inc_251'
  Processing 'AGU_RFblock_12_DW01_dec_1_DW01_dec_92'
  Processing 'AGU_RFblock_12_DW01_inc_4_DW01_inc_252'
  Processing 'AGU_23_DW01_sub_0_DW01_sub_53'
  Processing 'AGU_23_DW01_dec_0_DW01_dec_93'
  Processing 'AGU_23_DW01_add_0_DW01_add_181'
  Processing 'AGU_23_DW01_add_1_DW01_add_182'
  Processing 'AGU_23_DW01_inc_0_DW01_inc_253'
  Processing 'AGU_23_DW01_inc_1_DW01_inc_254'
  Processing 'AGU_23_DW01_inc_2_DW01_inc_255'
  Processing 'AGU_23_DW01_inc_3_DW01_inc_256'
  Processing 'AGU_23_DW01_dec_1_DW01_dec_94'
  Processing 'AGU_23_DW01_inc_4_DW01_inc_257'
  Processing 'AGU_24_DW01_sub_0_DW01_sub_54'
  Processing 'AGU_24_DW01_dec_0_DW01_dec_95'
  Processing 'AGU_24_DW01_add_0_DW01_add_183'
  Processing 'AGU_24_DW01_add_1_DW01_add_184'
  Processing 'AGU_24_DW01_inc_0_DW01_inc_258'
  Processing 'AGU_24_DW01_inc_1_DW01_inc_259'
  Processing 'AGU_24_DW01_inc_2_DW01_inc_260'
  Processing 'AGU_24_DW01_inc_3_DW01_inc_261'
  Processing 'AGU_24_DW01_dec_1_DW01_dec_96'
  Processing 'AGU_24_DW01_inc_4_DW01_inc_262'
  Processing 'DPU_6_DW01_sub_0_DW01_sub_55'
  Processing 'DPU_6_DW01_sub_1_DW01_sub_56'
  Processing 'DPU_6_DW01_sub_2_DW01_sub_57'
  Processing 'DPU_6_DW01_sub_3_DW01_sub_58'
  Mapping 'Sat_n_round_11_DW_cmp_0'
  Mapping 'Sat_n_round_11_DW_cmp_1'
  Mapping 'Sat_n_round_11_DW_cmp_2'
  Mapping 'Sat_n_round_11_DW_cmp_3'
  Mapping 'Sat_n_round_11_DW_cmp_4'
  Mapping 'Sat_n_round_11_DW_cmp_5'
  Mapping 'Sat_n_round_11_DW_cmp_6'
  Mapping 'Sat_n_round_11_DW_cmp_7'
  Mapping 'Sat_n_round_11_DW_cmp_8'
  Mapping 'Sat_n_round_11_DW_cmp_9'
  Mapping 'Sat_n_round_11_DW_cmp_10'
  Mapping 'Sat_n_round_11_DW_cmp_11'
  Mapping 'Sat_n_round_11_DW_cmp_12'
  Mapping 'Sat_n_round_11_DW_cmp_13'
  Mapping 'Sat_n_round_11_DW_cmp_14'
  Mapping 'Sat_n_round_11_DW_cmp_15'
  Mapping 'Sat_n_round_12_DW_cmp_0'
  Mapping 'Sat_n_round_12_DW_cmp_1'
  Mapping 'Sat_n_round_12_DW_cmp_2'
  Mapping 'Sat_n_round_12_DW_cmp_3'
  Mapping 'Sat_n_round_12_DW_cmp_4'
  Mapping 'Sat_n_round_12_DW_cmp_5'
  Mapping 'Sat_n_round_12_DW_cmp_6'
  Mapping 'Sat_n_round_12_DW_cmp_7'
  Mapping 'Sat_n_round_12_DW_cmp_8'
  Mapping 'Sat_n_round_12_DW_cmp_9'
  Mapping 'Sat_n_round_12_DW_cmp_10'
  Mapping 'Sat_n_round_12_DW_cmp_11'
  Mapping 'Sat_n_round_12_DW_cmp_12'
  Mapping 'Sat_n_round_12_DW_cmp_13'
  Mapping 'Sat_n_round_12_DW_cmp_14'
  Mapping 'Sat_n_round_12_DW_cmp_15'
  Mapping 'DW_sra'
Information: Added key list 'DesignWare' to design 'NACU_0_0_0_6'. (DDB-72)
  Mapping 'DW_leftsh'
  Processing 'Maxmin_Unit_16_11_DW01_cmp6_0_DW01_cmp6_10'
  Mapping 'Saturation_Unit_11_DW_cmp_0'
  Mapping 'Saturation_Unit_11_DW_cmp_1'
  Mapping 'Saturation_Unit_11_DW_cmp_2'
  Mapping 'Saturation_Unit_11_DW_cmp_3'
  Mapping 'Saturation_Unit_11_DW_cmp_4'
  Mapping 'Saturation_Unit_11_DW_cmp_5'
  Mapping 'Saturation_Unit_11_DW_cmp_6'
  Mapping 'Saturation_Unit_11_DW_cmp_7'
  Mapping 'Saturation_Unit_11_DW_cmp_8'
  Mapping 'Saturation_Unit_11_DW_cmp_9'
  Mapping 'Saturation_Unit_11_DW_cmp_10'
  Mapping 'Saturation_Unit_11_DW_cmp_11'
  Mapping 'Saturation_Unit_11_DW_cmp_12'
  Mapping 'Saturation_Unit_11_DW_cmp_13'
  Processing 'adder_nbits_32_2_11_DW01_add_0_DW01_add_185'
  Processing 'adder_nbits_32_2_11_DW01_add_1_DW01_add_186'
  Processing 'adder_nbits_32_2_11_DW01_add_2_DW01_add_187'
  Processing 'adder_nbits_32_2_11_DW01_add_3_DW01_add_188'
  Processing 'conf_mul_Beh_16_2_11_DW01_add_0_DW01_add_189'
  Processing 'conf_mul_Beh_16_2_11_DW01_add_1_DW01_add_190'
  Processing 'conf_mul_Beh_8_1_11_DW01_add_0_DW01_add_191'
  Processing 'conf_mul_Beh_8_1_11_DW01_add_1_DW01_add_192'
  Processing 'conf_mul_Beh_9_1_11_DW01_add_0_DW01_add_193'
  Processing 'conf_mul_Beh_9_1_11_DW01_add_1_DW01_add_194'
  Mapping 'DW_sra'
Information: Added key list 'DesignWare' to design 'NACU_0_0_1_6'. (DDB-72)
  Mapping 'DW_leftsh'
  Processing 'Maxmin_Unit_16_12_DW01_cmp6_0_DW01_cmp6_11'
  Mapping 'Saturation_Unit_12_DW_cmp_0'
  Mapping 'Saturation_Unit_12_DW_cmp_1'
  Mapping 'Saturation_Unit_12_DW_cmp_2'
  Mapping 'Saturation_Unit_12_DW_cmp_3'
  Mapping 'Saturation_Unit_12_DW_cmp_4'
  Mapping 'Saturation_Unit_12_DW_cmp_5'
  Mapping 'Saturation_Unit_12_DW_cmp_6'
  Mapping 'Saturation_Unit_12_DW_cmp_7'
  Mapping 'Saturation_Unit_12_DW_cmp_8'
  Mapping 'Saturation_Unit_12_DW_cmp_9'
  Mapping 'Saturation_Unit_12_DW_cmp_10'
  Mapping 'Saturation_Unit_12_DW_cmp_11'
  Mapping 'Saturation_Unit_12_DW_cmp_12'
  Mapping 'Saturation_Unit_12_DW_cmp_13'
  Processing 'divider_pipe_6_DW_div_pipe_0_DW_div_pipe_5'
  Processing 'divider_pipe_6_DW_div_0_DW_div_5'
  Processing 'divider_pipe_6_DW01_absval_0_DW01_absval_5'
  Processing 'divider_pipe_6_DW01_inc_0_DW01_inc_263'
  Mapping 'DW01_add'
  Mapping 'DW01_add'
  Mapping 'DW01_add'
  Mapping 'DW01_add'
  Mapping 'divider_pipe_6_DW01_add_0'
  Mapping 'divider_pipe_6_DW01_add_1'
  Mapping 'divider_pipe_6_DW01_add_2'
  Mapping 'divider_pipe_6_DW01_add_3'
  Mapping 'divider_pipe_6_DW01_add_4'
  Mapping 'divider_pipe_6_DW01_add_5'
  Mapping 'divider_pipe_6_DW01_add_6'
  Mapping 'divider_pipe_6_DW01_add_7'
  Mapping 'divider_pipe_6_DW01_add_8'
  Mapping 'divider_pipe_6_DW01_add_9'
  Mapping 'divider_pipe_6_DW01_add_10'
  Mapping 'divider_pipe_6_DW01_add_11'
  Mapping 'divider_pipe_6_DW01_add_12'
  Mapping 'divider_pipe_6_DW01_add_13'
  Mapping 'divider_pipe_6_DW01_add_14'
  Mapping 'divider_pipe_6_DW01_add_15'
  Mapping 'divider_pipe_6_DW01_add_16'
  Mapping 'divider_pipe_6_DW01_add_17'
  Mapping 'divider_pipe_6_DW01_add_18'
  Mapping 'divider_pipe_6_DW01_add_19'
  Mapping 'divider_pipe_6_DW01_add_20'
  Mapping 'divider_pipe_6_DW01_add_21'
  Mapping 'divider_pipe_6_DW01_add_22'
  Mapping 'divider_pipe_6_DW01_add_23'
  Mapping 'divider_pipe_6_DW01_add_24'
  Mapping 'divider_pipe_6_DW01_add_25'
  Mapping 'divider_pipe_6_DW01_add_26'
  Mapping 'divider_pipe_6_DW_inc_0'
  Mapping 'divider_pipe_6_DW_inc_1'
  Mapping 'divider_pipe_6_DW_cmp_0'
  Processing 'adder_nbits_32_2_12_DW01_add_0_DW01_add_195'
  Processing 'adder_nbits_32_2_12_DW01_add_1_DW01_add_196'
  Processing 'adder_nbits_32_2_12_DW01_add_2_DW01_add_197'
  Processing 'adder_nbits_32_2_12_DW01_add_3_DW01_add_198'
  Processing 'conf_mul_Beh_16_2_12_DW01_add_0_DW01_add_199'
  Processing 'conf_mul_Beh_16_2_12_DW01_add_1_DW01_add_200'
  Processing 'conf_mul_Beh_8_1_12_DW01_add_0_DW01_add_201'
  Processing 'conf_mul_Beh_8_1_12_DW01_add_1_DW01_add_202'
  Processing 'conf_mul_Beh_9_1_12_DW01_add_0_DW01_add_203'
  Processing 'conf_mul_Beh_9_1_12_DW01_add_1_DW01_add_204'
  Processing 'offset_gen_16_11_6_DW01_sub_0_DW01_sub_59'
  Processing 'twos_compl_16_6_DW01_inc_0_DW01_inc_264'
  Processing 'twos_compl_16_37_DW01_inc_0_DW01_inc_265'
  Processing 'twos_compl_16_38_DW01_inc_0_DW01_inc_266'
  Processing 'twos_compl_16_39_DW01_inc_0_DW01_inc_267'
  Processing 'twos_compl_16_40_DW01_inc_0_DW01_inc_268'
  Processing 'sequencer_6_DW01_add_0_DW01_add_205'
  Processing 'sequencer_6_DW01_inc_0_DW01_inc_269'
  Processing 'sequencer_6_DW01_inc_1_DW01_inc_270'
  Processing 'sequencer_6_DW01_add_1_DW01_add_206'
  Mapping 'sequencer_6_DW_cmp_0'
  Processing 'sequencer_6_DW01_dec_0_DW01_dec_97'
  Processing 'sequencer_6_DW01_inc_2_DW01_inc_271'
  Mapping 'sequencer_6_DW_cmp_1'
  Mapping 'DW_sra'
Information: Added key list 'DesignWare' to design 'RACCU_6'. (DDB-72)
  Processing 'RACCU_6_DW01_sub_0_DW01_sub_60'
  Processing 'RACCU_6_DW01_add_0_DW01_add_207'
  Mapping 'DW_leftsh'
  Processing 'autoloop_6_DW01_inc_0_DW01_inc_272'
  Processing 'autoloop_6_DW01_inc_1_DW01_inc_273'
  Processing 'autoloop_6_DW01_add_0_DW01_add_208'
  Processing 'autoloop_6_DW01_inc_2_DW01_inc_274'
  Processing 'autoloop_6_DW01_add_1_DW01_add_209'
  Processing 'autoloop_6_DW01_inc_3_DW01_inc_275'
  Processing 'autoloop_6_DW01_add_2_DW01_add_210'
  Processing 'autoloop_6_DW01_inc_4_DW01_inc_276'
  Processing 'autoloop_6_DW01_add_3_DW01_add_211'
  Processing 'autoloop_6_DW01_inc_5_DW01_inc_277'
  Processing 'autoloop_6_DW01_dec_0_DW01_dec_98'
  Processing 'autoloop_6_DW01_dec_1_DW01_dec_99'
  Processing 'autoloop_6_DW01_dec_2_DW01_dec_100'
  Processing 'autoloop_6_DW01_dec_3_DW01_dec_101'
  Processing 'autoloop_6_DW01_inc_6_DW01_inc_278'
  Processing 'AGU_RFblock_13_DW01_dec_0_DW01_dec_102'
  Processing 'AGU_RFblock_13_DW01_inc_0_DW01_inc_279'
  Processing 'AGU_RFblock_13_DW01_inc_1_DW01_inc_280'
  Processing 'AGU_RFblock_13_DW01_inc_2_DW01_inc_281'
  Processing 'AGU_RFblock_13_DW01_inc_3_DW01_inc_282'
  Processing 'AGU_RFblock_13_DW01_dec_1_DW01_dec_103'
  Processing 'AGU_RFblock_13_DW01_inc_4_DW01_inc_283'
  Processing 'AGU_25_DW01_sub_0_DW01_sub_61'
  Processing 'AGU_25_DW01_dec_0_DW01_dec_104'
  Processing 'AGU_25_DW01_add_0_DW01_add_212'
  Processing 'AGU_25_DW01_add_1_DW01_add_213'
  Processing 'AGU_25_DW01_inc_0_DW01_inc_284'
  Processing 'AGU_25_DW01_inc_1_DW01_inc_285'
  Processing 'AGU_25_DW01_inc_2_DW01_inc_286'
  Processing 'AGU_25_DW01_inc_3_DW01_inc_287'
  Processing 'AGU_25_DW01_dec_1_DW01_dec_105'
  Processing 'AGU_25_DW01_inc_4_DW01_inc_288'
  Processing 'AGU_26_DW01_sub_0_DW01_sub_62'
  Processing 'AGU_26_DW01_dec_0_DW01_dec_106'
  Processing 'AGU_26_DW01_add_0_DW01_add_214'
  Processing 'AGU_26_DW01_add_1_DW01_add_215'
  Processing 'AGU_26_DW01_inc_0_DW01_inc_289'
  Processing 'AGU_26_DW01_inc_1_DW01_inc_290'
  Processing 'AGU_26_DW01_inc_2_DW01_inc_291'
  Processing 'AGU_26_DW01_inc_3_DW01_inc_292'
  Processing 'AGU_26_DW01_dec_1_DW01_dec_107'
  Processing 'AGU_26_DW01_inc_4_DW01_inc_293'
  Processing 'AGU_RFblock_14_DW01_dec_0_DW01_dec_108'
  Processing 'AGU_RFblock_14_DW01_inc_0_DW01_inc_294'
  Processing 'AGU_RFblock_14_DW01_inc_1_DW01_inc_295'
  Processing 'AGU_RFblock_14_DW01_inc_2_DW01_inc_296'
  Processing 'AGU_RFblock_14_DW01_inc_3_DW01_inc_297'
  Processing 'AGU_RFblock_14_DW01_dec_1_DW01_dec_109'
  Processing 'AGU_RFblock_14_DW01_inc_4_DW01_inc_298'
  Processing 'AGU_27_DW01_sub_0_DW01_sub_63'
  Processing 'AGU_27_DW01_dec_0_DW01_dec_110'
  Processing 'AGU_27_DW01_add_0_DW01_add_216'
  Processing 'AGU_27_DW01_add_1_DW01_add_217'
  Processing 'AGU_27_DW01_inc_0_DW01_inc_299'
  Processing 'AGU_27_DW01_inc_1_DW01_inc_300'
  Processing 'AGU_27_DW01_inc_2_DW01_inc_301'
  Processing 'AGU_27_DW01_inc_3_DW01_inc_302'
  Processing 'AGU_27_DW01_dec_1_DW01_dec_111'
  Processing 'AGU_27_DW01_inc_4_DW01_inc_303'
  Processing 'AGU_28_DW01_sub_0_DW01_sub_64'
  Processing 'AGU_28_DW01_dec_0_DW01_dec_112'
  Processing 'AGU_28_DW01_add_0_DW01_add_218'
  Processing 'AGU_28_DW01_add_1_DW01_add_219'
  Processing 'AGU_28_DW01_inc_0_DW01_inc_304'
  Processing 'AGU_28_DW01_inc_1_DW01_inc_305'
  Processing 'AGU_28_DW01_inc_2_DW01_inc_306'
  Processing 'AGU_28_DW01_inc_3_DW01_inc_307'
  Processing 'AGU_28_DW01_dec_1_DW01_dec_113'
  Processing 'AGU_28_DW01_inc_4_DW01_inc_308'
  Processing 'DPU_7_DW01_sub_0_DW01_sub_65'
  Processing 'DPU_7_DW01_sub_1_DW01_sub_66'
  Processing 'DPU_7_DW01_sub_2_DW01_sub_67'
  Processing 'DPU_7_DW01_sub_3_DW01_sub_68'
  Mapping 'Sat_n_round_13_DW_cmp_0'
  Mapping 'Sat_n_round_13_DW_cmp_1'
  Mapping 'Sat_n_round_13_DW_cmp_2'
  Mapping 'Sat_n_round_13_DW_cmp_3'
  Mapping 'Sat_n_round_13_DW_cmp_4'
  Mapping 'Sat_n_round_13_DW_cmp_5'
  Mapping 'Sat_n_round_13_DW_cmp_6'
  Mapping 'Sat_n_round_13_DW_cmp_7'
  Mapping 'Sat_n_round_13_DW_cmp_8'
  Mapping 'Sat_n_round_13_DW_cmp_9'
  Mapping 'Sat_n_round_13_DW_cmp_10'
  Mapping 'Sat_n_round_13_DW_cmp_11'
  Mapping 'Sat_n_round_13_DW_cmp_12'
  Mapping 'Sat_n_round_13_DW_cmp_13'
  Mapping 'Sat_n_round_13_DW_cmp_14'
  Mapping 'Sat_n_round_13_DW_cmp_15'
  Mapping 'Sat_n_round_14_DW_cmp_0'
  Mapping 'Sat_n_round_14_DW_cmp_1'
  Mapping 'Sat_n_round_14_DW_cmp_2'
  Mapping 'Sat_n_round_14_DW_cmp_3'
  Mapping 'Sat_n_round_14_DW_cmp_4'
  Mapping 'Sat_n_round_14_DW_cmp_5'
  Mapping 'Sat_n_round_14_DW_cmp_6'
  Mapping 'Sat_n_round_14_DW_cmp_7'
  Mapping 'Sat_n_round_14_DW_cmp_8'
  Mapping 'Sat_n_round_14_DW_cmp_9'
  Mapping 'Sat_n_round_14_DW_cmp_10'
  Mapping 'Sat_n_round_14_DW_cmp_11'
  Mapping 'Sat_n_round_14_DW_cmp_12'
  Mapping 'Sat_n_round_14_DW_cmp_13'
  Mapping 'Sat_n_round_14_DW_cmp_14'
  Mapping 'Sat_n_round_14_DW_cmp_15'
  Mapping 'DW_sra'
Information: Added key list 'DesignWare' to design 'NACU_0_0_0_7'. (DDB-72)
  Mapping 'DW_leftsh'
  Processing 'Maxmin_Unit_16_13_DW01_cmp6_0_DW01_cmp6_12'
  Mapping 'Saturation_Unit_13_DW_cmp_0'
  Mapping 'Saturation_Unit_13_DW_cmp_1'
  Mapping 'Saturation_Unit_13_DW_cmp_2'
  Mapping 'Saturation_Unit_13_DW_cmp_3'
  Mapping 'Saturation_Unit_13_DW_cmp_4'
  Mapping 'Saturation_Unit_13_DW_cmp_5'
  Mapping 'Saturation_Unit_13_DW_cmp_6'
  Mapping 'Saturation_Unit_13_DW_cmp_7'
  Mapping 'Saturation_Unit_13_DW_cmp_8'
  Mapping 'Saturation_Unit_13_DW_cmp_9'
  Mapping 'Saturation_Unit_13_DW_cmp_10'
  Mapping 'Saturation_Unit_13_DW_cmp_11'
  Mapping 'Saturation_Unit_13_DW_cmp_12'
  Mapping 'Saturation_Unit_13_DW_cmp_13'
  Processing 'adder_nbits_32_2_13_DW01_add_0_DW01_add_220'
  Processing 'adder_nbits_32_2_13_DW01_add_1_DW01_add_221'
  Processing 'adder_nbits_32_2_13_DW01_add_2_DW01_add_222'
  Processing 'adder_nbits_32_2_13_DW01_add_3_DW01_add_223'
  Processing 'conf_mul_Beh_16_2_13_DW01_add_0_DW01_add_224'
  Processing 'conf_mul_Beh_16_2_13_DW01_add_1_DW01_add_225'
  Processing 'conf_mul_Beh_8_1_13_DW01_add_0_DW01_add_226'
  Processing 'conf_mul_Beh_8_1_13_DW01_add_1_DW01_add_227'
  Processing 'conf_mul_Beh_9_1_13_DW01_add_0_DW01_add_228'
  Processing 'conf_mul_Beh_9_1_13_DW01_add_1_DW01_add_229'
  Mapping 'DW_sra'
Information: Added key list 'DesignWare' to design 'NACU_0_0_1_7'. (DDB-72)
  Mapping 'DW_leftsh'
  Processing 'Maxmin_Unit_16_14_DW01_cmp6_0_DW01_cmp6_13'
  Mapping 'Saturation_Unit_14_DW_cmp_0'
  Mapping 'Saturation_Unit_14_DW_cmp_1'
  Mapping 'Saturation_Unit_14_DW_cmp_2'
  Mapping 'Saturation_Unit_14_DW_cmp_3'
  Mapping 'Saturation_Unit_14_DW_cmp_4'
  Mapping 'Saturation_Unit_14_DW_cmp_5'
  Mapping 'Saturation_Unit_14_DW_cmp_6'
  Mapping 'Saturation_Unit_14_DW_cmp_7'
  Mapping 'Saturation_Unit_14_DW_cmp_8'
  Mapping 'Saturation_Unit_14_DW_cmp_9'
  Mapping 'Saturation_Unit_14_DW_cmp_10'
  Mapping 'Saturation_Unit_14_DW_cmp_11'
  Mapping 'Saturation_Unit_14_DW_cmp_12'
  Mapping 'Saturation_Unit_14_DW_cmp_13'
  Processing 'divider_pipe_7_DW_div_pipe_0_DW_div_pipe_6'
  Processing 'divider_pipe_7_DW_div_0_DW_div_6'
  Processing 'divider_pipe_7_DW01_absval_0_DW01_absval_6'
  Processing 'divider_pipe_7_DW01_inc_0_DW01_inc_309'
  Mapping 'DW01_add'
  Mapping 'DW01_add'
  Mapping 'DW01_add'
  Mapping 'DW01_add'
  Mapping 'divider_pipe_7_DW01_add_0'
  Mapping 'divider_pipe_7_DW01_add_1'
  Mapping 'divider_pipe_7_DW01_add_2'
  Mapping 'divider_pipe_7_DW01_add_3'
  Mapping 'divider_pipe_7_DW01_add_4'
  Mapping 'divider_pipe_7_DW01_add_5'
  Mapping 'divider_pipe_7_DW01_add_6'
  Mapping 'divider_pipe_7_DW01_add_7'
  Mapping 'divider_pipe_7_DW01_add_8'
  Mapping 'divider_pipe_7_DW01_add_9'
  Mapping 'divider_pipe_7_DW01_add_10'
  Mapping 'divider_pipe_7_DW01_add_11'
  Mapping 'divider_pipe_7_DW01_add_12'
  Mapping 'divider_pipe_7_DW01_add_13'
  Mapping 'divider_pipe_7_DW01_add_14'
  Mapping 'divider_pipe_7_DW01_add_15'
  Mapping 'divider_pipe_7_DW01_add_16'
  Mapping 'divider_pipe_7_DW01_add_17'
  Mapping 'divider_pipe_7_DW01_add_18'
  Mapping 'divider_pipe_7_DW01_add_19'
  Mapping 'divider_pipe_7_DW01_add_20'
  Mapping 'divider_pipe_7_DW01_add_21'
  Mapping 'divider_pipe_7_DW01_add_22'
  Mapping 'divider_pipe_7_DW01_add_23'
  Mapping 'divider_pipe_7_DW01_add_24'
  Mapping 'divider_pipe_7_DW01_add_25'
  Mapping 'divider_pipe_7_DW01_add_26'
  Mapping 'divider_pipe_7_DW_inc_0'
  Mapping 'divider_pipe_7_DW_inc_1'
  Mapping 'divider_pipe_7_DW_cmp_0'
  Processing 'adder_nbits_32_2_14_DW01_add_0_DW01_add_230'
  Processing 'adder_nbits_32_2_14_DW01_add_1_DW01_add_231'
  Processing 'adder_nbits_32_2_14_DW01_add_2_DW01_add_232'
  Processing 'adder_nbits_32_2_14_DW01_add_3_DW01_add_233'
  Processing 'conf_mul_Beh_16_2_14_DW01_add_0_DW01_add_234'
  Processing 'conf_mul_Beh_16_2_14_DW01_add_1_DW01_add_235'
  Processing 'conf_mul_Beh_8_1_14_DW01_add_0_DW01_add_236'
  Processing 'conf_mul_Beh_8_1_14_DW01_add_1_DW01_add_237'
  Processing 'conf_mul_Beh_9_1_14_DW01_add_0_DW01_add_238'
  Processing 'conf_mul_Beh_9_1_14_DW01_add_1_DW01_add_239'
  Processing 'offset_gen_16_11_7_DW01_sub_0_DW01_sub_69'
  Processing 'twos_compl_16_7_DW01_inc_0_DW01_inc_310'
  Processing 'twos_compl_16_41_DW01_inc_0_DW01_inc_311'
  Processing 'twos_compl_16_42_DW01_inc_0_DW01_inc_312'
  Processing 'twos_compl_16_43_DW01_inc_0_DW01_inc_313'
  Processing 'twos_compl_16_44_DW01_inc_0_DW01_inc_314'
  Processing 'sequencer_7_DW01_add_0_DW01_add_240'
  Processing 'sequencer_7_DW01_inc_0_DW01_inc_315'
  Processing 'sequencer_7_DW01_inc_1_DW01_inc_316'
  Processing 'sequencer_7_DW01_add_1_DW01_add_241'
  Mapping 'sequencer_7_DW_cmp_0'
  Processing 'sequencer_7_DW01_dec_0_DW01_dec_114'
  Processing 'sequencer_7_DW01_inc_2_DW01_inc_317'
  Mapping 'sequencer_7_DW_cmp_1'
  Mapping 'DW_sra'
Information: Added key list 'DesignWare' to design 'RACCU_7'. (DDB-72)
  Processing 'RACCU_7_DW01_sub_0_DW01_sub_70'
  Processing 'RACCU_7_DW01_add_0_DW01_add_242'
  Mapping 'DW_leftsh'
  Processing 'autoloop_7_DW01_inc_0_DW01_inc_318'
  Processing 'autoloop_7_DW01_inc_1_DW01_inc_319'
  Processing 'autoloop_7_DW01_add_0_DW01_add_243'
  Processing 'autoloop_7_DW01_inc_2_DW01_inc_320'
  Processing 'autoloop_7_DW01_add_1_DW01_add_244'
  Processing 'autoloop_7_DW01_inc_3_DW01_inc_321'
  Processing 'autoloop_7_DW01_add_2_DW01_add_245'
  Processing 'autoloop_7_DW01_inc_4_DW01_inc_322'
  Processing 'autoloop_7_DW01_add_3_DW01_add_246'
  Processing 'autoloop_7_DW01_inc_5_DW01_inc_323'
  Processing 'autoloop_7_DW01_dec_0_DW01_dec_115'
  Processing 'autoloop_7_DW01_dec_1_DW01_dec_116'
  Processing 'autoloop_7_DW01_dec_2_DW01_dec_117'
  Processing 'autoloop_7_DW01_dec_3_DW01_dec_118'
  Processing 'autoloop_7_DW01_inc_6_DW01_inc_324'
  Processing 'AGU_RFblock_15_DW01_dec_0_DW01_dec_119'
  Processing 'AGU_RFblock_15_DW01_inc_0_DW01_inc_325'
  Processing 'AGU_RFblock_15_DW01_inc_1_DW01_inc_326'
  Processing 'AGU_RFblock_15_DW01_inc_2_DW01_inc_327'
  Processing 'AGU_RFblock_15_DW01_inc_3_DW01_inc_328'
  Processing 'AGU_RFblock_15_DW01_dec_1_DW01_dec_120'
  Processing 'AGU_RFblock_15_DW01_inc_4_DW01_inc_329'
  Processing 'AGU_29_DW01_sub_0_DW01_sub_71'
  Processing 'AGU_29_DW01_dec_0_DW01_dec_121'
  Processing 'AGU_29_DW01_add_0_DW01_add_247'
  Processing 'AGU_29_DW01_add_1_DW01_add_248'
  Processing 'AGU_29_DW01_inc_0_DW01_inc_330'
  Processing 'AGU_29_DW01_inc_1_DW01_inc_331'
  Processing 'AGU_29_DW01_inc_2_DW01_inc_332'
  Processing 'AGU_29_DW01_inc_3_DW01_inc_333'
  Processing 'AGU_29_DW01_dec_1_DW01_dec_122'
  Processing 'AGU_29_DW01_inc_4_DW01_inc_334'
  Processing 'AGU_30_DW01_sub_0_DW01_sub_72'
  Processing 'AGU_30_DW01_dec_0_DW01_dec_123'
  Processing 'AGU_30_DW01_add_0_DW01_add_249'
  Processing 'AGU_30_DW01_add_1_DW01_add_250'
  Processing 'AGU_30_DW01_inc_0_DW01_inc_335'
  Processing 'AGU_30_DW01_inc_1_DW01_inc_336'
  Processing 'AGU_30_DW01_inc_2_DW01_inc_337'
  Processing 'AGU_30_DW01_inc_3_DW01_inc_338'
  Processing 'AGU_30_DW01_dec_1_DW01_dec_124'
  Processing 'AGU_30_DW01_inc_4_DW01_inc_339'
  Processing 'AGU_RFblock_16_DW01_dec_0_DW01_dec_125'
  Processing 'AGU_RFblock_16_DW01_inc_0_DW01_inc_340'
  Processing 'AGU_RFblock_16_DW01_inc_1_DW01_inc_341'
  Processing 'AGU_RFblock_16_DW01_inc_2_DW01_inc_342'
  Processing 'AGU_RFblock_16_DW01_inc_3_DW01_inc_343'
  Processing 'AGU_RFblock_16_DW01_dec_1_DW01_dec_126'
  Processing 'AGU_RFblock_16_DW01_inc_4_DW01_inc_344'
  Processing 'AGU_31_DW01_sub_0_DW01_sub_73'
  Processing 'AGU_31_DW01_dec_0_DW01_dec_127'
  Processing 'AGU_31_DW01_add_0_DW01_add_251'
  Processing 'AGU_31_DW01_add_1_DW01_add_252'
  Processing 'AGU_31_DW01_inc_0_DW01_inc_345'
  Processing 'AGU_31_DW01_inc_1_DW01_inc_346'
  Processing 'AGU_31_DW01_inc_2_DW01_inc_347'
  Processing 'AGU_31_DW01_inc_3_DW01_inc_348'
  Processing 'AGU_31_DW01_dec_1_DW01_dec_128'
  Processing 'AGU_31_DW01_inc_4_DW01_inc_349'
  Processing 'AGU_32_DW01_sub_0_DW01_sub_74'
  Processing 'AGU_32_DW01_dec_0_DW01_dec_129'
  Processing 'AGU_32_DW01_add_0_DW01_add_253'
  Processing 'AGU_32_DW01_add_1_DW01_add_254'
  Processing 'AGU_32_DW01_inc_0_DW01_inc_350'
  Processing 'AGU_32_DW01_inc_1_DW01_inc_351'
  Processing 'AGU_32_DW01_inc_2_DW01_inc_352'
  Processing 'AGU_32_DW01_inc_3_DW01_inc_353'
  Processing 'AGU_32_DW01_dec_1_DW01_dec_130'
  Processing 'AGU_32_DW01_inc_4_DW01_inc_354'
  Processing 'DPU_8_DW01_sub_0_DW01_sub_75'
  Processing 'DPU_8_DW01_sub_1_DW01_sub_76'
  Processing 'DPU_8_DW01_sub_2_DW01_sub_77'
  Processing 'DPU_8_DW01_sub_3_DW01_sub_78'
  Mapping 'Sat_n_round_15_DW_cmp_0'
  Mapping 'Sat_n_round_15_DW_cmp_1'
  Mapping 'Sat_n_round_15_DW_cmp_2'
  Mapping 'Sat_n_round_15_DW_cmp_3'
  Mapping 'Sat_n_round_15_DW_cmp_4'
  Mapping 'Sat_n_round_15_DW_cmp_5'
  Mapping 'Sat_n_round_15_DW_cmp_6'
  Mapping 'Sat_n_round_15_DW_cmp_7'
  Mapping 'Sat_n_round_15_DW_cmp_8'
  Mapping 'Sat_n_round_15_DW_cmp_9'
  Mapping 'Sat_n_round_15_DW_cmp_10'
  Mapping 'Sat_n_round_15_DW_cmp_11'
  Mapping 'Sat_n_round_15_DW_cmp_12'
  Mapping 'Sat_n_round_15_DW_cmp_13'
  Mapping 'Sat_n_round_15_DW_cmp_14'
  Mapping 'Sat_n_round_15_DW_cmp_15'
  Mapping 'Sat_n_round_16_DW_cmp_0'
  Mapping 'Sat_n_round_16_DW_cmp_1'
  Mapping 'Sat_n_round_16_DW_cmp_2'
  Mapping 'Sat_n_round_16_DW_cmp_3'
  Mapping 'Sat_n_round_16_DW_cmp_4'
  Mapping 'Sat_n_round_16_DW_cmp_5'
  Mapping 'Sat_n_round_16_DW_cmp_6'
  Mapping 'Sat_n_round_16_DW_cmp_7'
  Mapping 'Sat_n_round_16_DW_cmp_8'
  Mapping 'Sat_n_round_16_DW_cmp_9'
  Mapping 'Sat_n_round_16_DW_cmp_10'
  Mapping 'Sat_n_round_16_DW_cmp_11'
  Mapping 'Sat_n_round_16_DW_cmp_12'
  Mapping 'Sat_n_round_16_DW_cmp_13'
  Mapping 'Sat_n_round_16_DW_cmp_14'
  Mapping 'Sat_n_round_16_DW_cmp_15'
  Mapping 'DW_sra'
Information: Added key list 'DesignWare' to design 'NACU_0_0_0_8'. (DDB-72)
  Mapping 'DW_leftsh'
  Processing 'Maxmin_Unit_16_15_DW01_cmp6_0_DW01_cmp6_14'
  Mapping 'Saturation_Unit_15_DW_cmp_0'
  Mapping 'Saturation_Unit_15_DW_cmp_1'
  Mapping 'Saturation_Unit_15_DW_cmp_2'
  Mapping 'Saturation_Unit_15_DW_cmp_3'
  Mapping 'Saturation_Unit_15_DW_cmp_4'
  Mapping 'Saturation_Unit_15_DW_cmp_5'
  Mapping 'Saturation_Unit_15_DW_cmp_6'
  Mapping 'Saturation_Unit_15_DW_cmp_7'
  Mapping 'Saturation_Unit_15_DW_cmp_8'
  Mapping 'Saturation_Unit_15_DW_cmp_9'
  Mapping 'Saturation_Unit_15_DW_cmp_10'
  Mapping 'Saturation_Unit_15_DW_cmp_11'
  Mapping 'Saturation_Unit_15_DW_cmp_12'
  Mapping 'Saturation_Unit_15_DW_cmp_13'
  Processing 'adder_nbits_32_2_15_DW01_add_0_DW01_add_255'
  Processing 'adder_nbits_32_2_15_DW01_add_1_DW01_add_256'
  Processing 'adder_nbits_32_2_15_DW01_add_2_DW01_add_257'
  Processing 'adder_nbits_32_2_15_DW01_add_3_DW01_add_258'
  Processing 'conf_mul_Beh_16_2_15_DW01_add_0_DW01_add_259'
  Processing 'conf_mul_Beh_16_2_15_DW01_add_1_DW01_add_260'
  Processing 'conf_mul_Beh_8_1_15_DW01_add_0_DW01_add_261'
  Processing 'conf_mul_Beh_8_1_15_DW01_add_1_DW01_add_262'
  Processing 'conf_mul_Beh_9_1_15_DW01_add_0_DW01_add_263'
  Processing 'conf_mul_Beh_9_1_15_DW01_add_1_DW01_add_264'
  Mapping 'DW_sra'
Information: Added key list 'DesignWare' to design 'NACU_0_0_1_8'. (DDB-72)
  Mapping 'DW_leftsh'
  Processing 'Maxmin_Unit_16_16_DW01_cmp6_0_DW01_cmp6_15'
  Mapping 'Saturation_Unit_16_DW_cmp_0'
  Mapping 'Saturation_Unit_16_DW_cmp_1'
  Mapping 'Saturation_Unit_16_DW_cmp_2'
  Mapping 'Saturation_Unit_16_DW_cmp_3'
  Mapping 'Saturation_Unit_16_DW_cmp_4'
  Mapping 'Saturation_Unit_16_DW_cmp_5'
  Mapping 'Saturation_Unit_16_DW_cmp_6'
  Mapping 'Saturation_Unit_16_DW_cmp_7'
  Mapping 'Saturation_Unit_16_DW_cmp_8'
  Mapping 'Saturation_Unit_16_DW_cmp_9'
  Mapping 'Saturation_Unit_16_DW_cmp_10'
  Mapping 'Saturation_Unit_16_DW_cmp_11'
  Mapping 'Saturation_Unit_16_DW_cmp_12'
  Mapping 'Saturation_Unit_16_DW_cmp_13'
  Processing 'divider_pipe_8_DW_div_pipe_0_DW_div_pipe_7'
  Processing 'divider_pipe_8_DW_div_0_DW_div_7'
  Processing 'divider_pipe_8_DW01_absval_0_DW01_absval_7'
  Processing 'divider_pipe_8_DW01_inc_0_DW01_inc_355'
  Mapping 'DW01_add'
  Mapping 'DW01_add'
  Mapping 'DW01_add'
  Mapping 'DW01_add'
  Mapping 'divider_pipe_8_DW01_add_0'
  Mapping 'divider_pipe_8_DW01_add_1'
  Mapping 'divider_pipe_8_DW01_add_2'
  Mapping 'divider_pipe_8_DW01_add_3'
  Mapping 'divider_pipe_8_DW01_add_4'
  Mapping 'divider_pipe_8_DW01_add_5'
  Mapping 'divider_pipe_8_DW01_add_6'
  Mapping 'divider_pipe_8_DW01_add_7'
  Mapping 'divider_pipe_8_DW01_add_8'
  Mapping 'divider_pipe_8_DW01_add_9'
  Mapping 'divider_pipe_8_DW01_add_10'
  Mapping 'divider_pipe_8_DW01_add_11'
  Mapping 'divider_pipe_8_DW01_add_12'
  Mapping 'divider_pipe_8_DW01_add_13'
  Mapping 'divider_pipe_8_DW01_add_14'
  Mapping 'divider_pipe_8_DW01_add_15'
  Mapping 'divider_pipe_8_DW01_add_16'
  Mapping 'divider_pipe_8_DW01_add_17'
  Mapping 'divider_pipe_8_DW01_add_18'
  Mapping 'divider_pipe_8_DW01_add_19'
  Mapping 'divider_pipe_8_DW01_add_20'
  Mapping 'divider_pipe_8_DW01_add_21'
  Mapping 'divider_pipe_8_DW01_add_22'
  Mapping 'divider_pipe_8_DW01_add_23'
  Mapping 'divider_pipe_8_DW01_add_24'
  Mapping 'divider_pipe_8_DW01_add_25'
  Mapping 'divider_pipe_8_DW01_add_26'
  Mapping 'divider_pipe_8_DW_inc_0'
  Mapping 'divider_pipe_8_DW_inc_1'
  Mapping 'divider_pipe_8_DW_cmp_0'
  Processing 'adder_nbits_32_2_16_DW01_add_0_DW01_add_265'
  Processing 'adder_nbits_32_2_16_DW01_add_1_DW01_add_266'
  Processing 'adder_nbits_32_2_16_DW01_add_2_DW01_add_267'
  Processing 'adder_nbits_32_2_16_DW01_add_3_DW01_add_268'
  Processing 'conf_mul_Beh_16_2_16_DW01_add_0_DW01_add_269'
  Processing 'conf_mul_Beh_16_2_16_DW01_add_1_DW01_add_270'
  Processing 'conf_mul_Beh_8_1_16_DW01_add_0_DW01_add_271'
  Processing 'conf_mul_Beh_8_1_16_DW01_add_1_DW01_add_272'
  Processing 'conf_mul_Beh_9_1_16_DW01_add_0_DW01_add_273'
  Processing 'conf_mul_Beh_9_1_16_DW01_add_1_DW01_add_274'
  Processing 'offset_gen_16_11_8_DW01_sub_0_DW01_sub_79'
  Processing 'twos_compl_16_8_DW01_inc_0_DW01_inc_356'
  Processing 'twos_compl_16_45_DW01_inc_0_DW01_inc_357'
  Processing 'twos_compl_16_46_DW01_inc_0_DW01_inc_358'
  Processing 'twos_compl_16_47_DW01_inc_0_DW01_inc_359'
  Processing 'twos_compl_16_48_DW01_inc_0_DW01_inc_360'
  Processing 'sequencer_8_DW01_add_0_DW01_add_275'
  Processing 'sequencer_8_DW01_inc_0_DW01_inc_361'
  Processing 'sequencer_8_DW01_inc_1_DW01_inc_362'
  Processing 'sequencer_8_DW01_add_1_DW01_add_276'
  Mapping 'sequencer_8_DW_cmp_0'
  Processing 'sequencer_8_DW01_dec_0_DW01_dec_131'
  Processing 'sequencer_8_DW01_inc_2_DW01_inc_363'
  Mapping 'sequencer_8_DW_cmp_1'
  Mapping 'DW_sra'
Information: Added key list 'DesignWare' to design 'RACCU_8'. (DDB-72)
  Processing 'RACCU_8_DW01_sub_0_DW01_sub_80'
  Processing 'RACCU_8_DW01_add_0_DW01_add_277'
  Mapping 'DW_leftsh'
  Processing 'autoloop_8_DW01_inc_0_DW01_inc_364'
  Processing 'autoloop_8_DW01_inc_1_DW01_inc_365'
  Processing 'autoloop_8_DW01_add_0_DW01_add_278'
  Processing 'autoloop_8_DW01_inc_2_DW01_inc_366'
  Processing 'autoloop_8_DW01_add_1_DW01_add_279'
  Processing 'autoloop_8_DW01_inc_3_DW01_inc_367'
  Processing 'autoloop_8_DW01_add_2_DW01_add_280'
  Processing 'autoloop_8_DW01_inc_4_DW01_inc_368'
  Processing 'autoloop_8_DW01_add_3_DW01_add_281'
  Processing 'autoloop_8_DW01_inc_5_DW01_inc_369'
  Processing 'autoloop_8_DW01_dec_0_DW01_dec_132'
  Processing 'autoloop_8_DW01_dec_1_DW01_dec_133'
  Processing 'autoloop_8_DW01_dec_2_DW01_dec_134'
  Processing 'autoloop_8_DW01_dec_3_DW01_dec_135'
  Processing 'autoloop_8_DW01_inc_6_DW01_inc_370'
  Processing 'AGU_RFblock_17_DW01_dec_0_DW01_dec_136'
  Processing 'AGU_RFblock_17_DW01_inc_0_DW01_inc_371'
  Processing 'AGU_RFblock_17_DW01_inc_1_DW01_inc_372'
  Processing 'AGU_RFblock_17_DW01_inc_2_DW01_inc_373'
  Processing 'AGU_RFblock_17_DW01_inc_3_DW01_inc_374'
  Processing 'AGU_RFblock_17_DW01_dec_1_DW01_dec_137'
  Processing 'AGU_RFblock_17_DW01_inc_4_DW01_inc_375'
  Processing 'AGU_33_DW01_sub_0_DW01_sub_81'
  Processing 'AGU_33_DW01_dec_0_DW01_dec_138'
  Processing 'AGU_33_DW01_add_0_DW01_add_282'
  Processing 'AGU_33_DW01_add_1_DW01_add_283'
  Processing 'AGU_33_DW01_inc_0_DW01_inc_376'
  Processing 'AGU_33_DW01_inc_1_DW01_inc_377'
  Processing 'AGU_33_DW01_inc_2_DW01_inc_378'
  Processing 'AGU_33_DW01_inc_3_DW01_inc_379'
  Processing 'AGU_33_DW01_dec_1_DW01_dec_139'
  Processing 'AGU_33_DW01_inc_4_DW01_inc_380'
  Processing 'AGU_34_DW01_sub_0_DW01_sub_82'
  Processing 'AGU_34_DW01_dec_0_DW01_dec_140'
  Processing 'AGU_34_DW01_add_0_DW01_add_284'
  Processing 'AGU_34_DW01_add_1_DW01_add_285'
  Processing 'AGU_34_DW01_inc_0_DW01_inc_381'
  Processing 'AGU_34_DW01_inc_1_DW01_inc_382'
  Processing 'AGU_34_DW01_inc_2_DW01_inc_383'
  Processing 'AGU_34_DW01_inc_3_DW01_inc_384'
  Processing 'AGU_34_DW01_dec_1_DW01_dec_141'
  Processing 'AGU_34_DW01_inc_4_DW01_inc_385'
  Processing 'AGU_RFblock_18_DW01_dec_0_DW01_dec_142'
  Processing 'AGU_RFblock_18_DW01_inc_0_DW01_inc_386'
  Processing 'AGU_RFblock_18_DW01_inc_1_DW01_inc_387'
  Processing 'AGU_RFblock_18_DW01_inc_2_DW01_inc_388'
  Processing 'AGU_RFblock_18_DW01_inc_3_DW01_inc_389'
  Processing 'AGU_RFblock_18_DW01_dec_1_DW01_dec_143'
  Processing 'AGU_RFblock_18_DW01_inc_4_DW01_inc_390'
  Processing 'AGU_35_DW01_sub_0_DW01_sub_83'
  Processing 'AGU_35_DW01_dec_0_DW01_dec_144'
  Processing 'AGU_35_DW01_add_0_DW01_add_286'
  Processing 'AGU_35_DW01_add_1_DW01_add_287'
  Processing 'AGU_35_DW01_inc_0_DW01_inc_391'
  Processing 'AGU_35_DW01_inc_1_DW01_inc_392'
  Processing 'AGU_35_DW01_inc_2_DW01_inc_393'
  Processing 'AGU_35_DW01_inc_3_DW01_inc_394'
  Processing 'AGU_35_DW01_dec_1_DW01_dec_145'
  Processing 'AGU_35_DW01_inc_4_DW01_inc_395'
  Processing 'AGU_36_DW01_sub_0_DW01_sub_84'
  Processing 'AGU_36_DW01_dec_0_DW01_dec_146'
  Processing 'AGU_36_DW01_add_0_DW01_add_288'
  Processing 'AGU_36_DW01_add_1_DW01_add_289'
  Processing 'AGU_36_DW01_inc_0_DW01_inc_396'
  Processing 'AGU_36_DW01_inc_1_DW01_inc_397'
  Processing 'AGU_36_DW01_inc_2_DW01_inc_398'
  Processing 'AGU_36_DW01_inc_3_DW01_inc_399'
  Processing 'AGU_36_DW01_dec_1_DW01_dec_147'
  Processing 'AGU_36_DW01_inc_4_DW01_inc_400'
  Processing 'DPU_9_DW01_sub_0_DW01_sub_85'
  Processing 'DPU_9_DW01_sub_1_DW01_sub_86'
  Processing 'DPU_9_DW01_sub_2_DW01_sub_87'
  Processing 'DPU_9_DW01_sub_3_DW01_sub_88'
  Mapping 'Sat_n_round_17_DW_cmp_0'
  Mapping 'Sat_n_round_17_DW_cmp_1'
  Mapping 'Sat_n_round_17_DW_cmp_2'
  Mapping 'Sat_n_round_17_DW_cmp_3'
  Mapping 'Sat_n_round_17_DW_cmp_4'
  Mapping 'Sat_n_round_17_DW_cmp_5'
  Mapping 'Sat_n_round_17_DW_cmp_6'
  Mapping 'Sat_n_round_17_DW_cmp_7'
  Mapping 'Sat_n_round_17_DW_cmp_8'
  Mapping 'Sat_n_round_17_DW_cmp_9'
  Mapping 'Sat_n_round_17_DW_cmp_10'
  Mapping 'Sat_n_round_17_DW_cmp_11'
  Mapping 'Sat_n_round_17_DW_cmp_12'
  Mapping 'Sat_n_round_17_DW_cmp_13'
  Mapping 'Sat_n_round_17_DW_cmp_14'
  Mapping 'Sat_n_round_17_DW_cmp_15'
  Mapping 'Sat_n_round_18_DW_cmp_0'
  Mapping 'Sat_n_round_18_DW_cmp_1'
  Mapping 'Sat_n_round_18_DW_cmp_2'
  Mapping 'Sat_n_round_18_DW_cmp_3'
  Mapping 'Sat_n_round_18_DW_cmp_4'
  Mapping 'Sat_n_round_18_DW_cmp_5'
  Mapping 'Sat_n_round_18_DW_cmp_6'
  Mapping 'Sat_n_round_18_DW_cmp_7'
  Mapping 'Sat_n_round_18_DW_cmp_8'
  Mapping 'Sat_n_round_18_DW_cmp_9'
  Mapping 'Sat_n_round_18_DW_cmp_10'
  Mapping 'Sat_n_round_18_DW_cmp_11'
  Mapping 'Sat_n_round_18_DW_cmp_12'
  Mapping 'Sat_n_round_18_DW_cmp_13'
  Mapping 'Sat_n_round_18_DW_cmp_14'
  Mapping 'Sat_n_round_18_DW_cmp_15'
  Mapping 'DW_sra'
Information: Added key list 'DesignWare' to design 'NACU_0_0_0_9'. (DDB-72)
  Mapping 'DW_leftsh'
  Processing 'Maxmin_Unit_16_17_DW01_cmp6_0_DW01_cmp6_16'
  Mapping 'Saturation_Unit_17_DW_cmp_0'
  Mapping 'Saturation_Unit_17_DW_cmp_1'
  Mapping 'Saturation_Unit_17_DW_cmp_2'
  Mapping 'Saturation_Unit_17_DW_cmp_3'
  Mapping 'Saturation_Unit_17_DW_cmp_4'
  Mapping 'Saturation_Unit_17_DW_cmp_5'
  Mapping 'Saturation_Unit_17_DW_cmp_6'
  Mapping 'Saturation_Unit_17_DW_cmp_7'
  Mapping 'Saturation_Unit_17_DW_cmp_8'
  Mapping 'Saturation_Unit_17_DW_cmp_9'
  Mapping 'Saturation_Unit_17_DW_cmp_10'
  Mapping 'Saturation_Unit_17_DW_cmp_11'
  Mapping 'Saturation_Unit_17_DW_cmp_12'
  Mapping 'Saturation_Unit_17_DW_cmp_13'
  Processing 'adder_nbits_32_2_17_DW01_add_0_DW01_add_290'
  Processing 'adder_nbits_32_2_17_DW01_add_1_DW01_add_291'
  Processing 'adder_nbits_32_2_17_DW01_add_2_DW01_add_292'
  Processing 'adder_nbits_32_2_17_DW01_add_3_DW01_add_293'
  Processing 'conf_mul_Beh_16_2_17_DW01_add_0_DW01_add_294'
  Processing 'conf_mul_Beh_16_2_17_DW01_add_1_DW01_add_295'
  Processing 'conf_mul_Beh_8_1_17_DW01_add_0_DW01_add_296'
  Processing 'conf_mul_Beh_8_1_17_DW01_add_1_DW01_add_297'
  Processing 'conf_mul_Beh_9_1_17_DW01_add_0_DW01_add_298'
  Processing 'conf_mul_Beh_9_1_17_DW01_add_1_DW01_add_299'
  Mapping 'DW_sra'
Information: Added key list 'DesignWare' to design 'NACU_0_0_1_9'. (DDB-72)
  Mapping 'DW_leftsh'
  Processing 'Maxmin_Unit_16_18_DW01_cmp6_0_DW01_cmp6_17'
  Mapping 'Saturation_Unit_18_DW_cmp_0'
  Mapping 'Saturation_Unit_18_DW_cmp_1'
  Mapping 'Saturation_Unit_18_DW_cmp_2'
  Mapping 'Saturation_Unit_18_DW_cmp_3'
  Mapping 'Saturation_Unit_18_DW_cmp_4'
  Mapping 'Saturation_Unit_18_DW_cmp_5'
  Mapping 'Saturation_Unit_18_DW_cmp_6'
  Mapping 'Saturation_Unit_18_DW_cmp_7'
  Mapping 'Saturation_Unit_18_DW_cmp_8'
  Mapping 'Saturation_Unit_18_DW_cmp_9'
  Mapping 'Saturation_Unit_18_DW_cmp_10'
  Mapping 'Saturation_Unit_18_DW_cmp_11'
  Mapping 'Saturation_Unit_18_DW_cmp_12'
  Mapping 'Saturation_Unit_18_DW_cmp_13'
  Processing 'divider_pipe_9_DW_div_pipe_0_DW_div_pipe_8'
  Processing 'divider_pipe_9_DW_div_0_DW_div_8'
  Processing 'divider_pipe_9_DW01_absval_0_DW01_absval_8'
  Processing 'divider_pipe_9_DW01_inc_0_DW01_inc_401'
  Mapping 'DW01_add'
  Mapping 'DW01_add'
  Mapping 'DW01_add'
  Mapping 'DW01_add'
  Mapping 'divider_pipe_9_DW01_add_0'
  Mapping 'divider_pipe_9_DW01_add_1'
  Mapping 'divider_pipe_9_DW01_add_2'
  Mapping 'divider_pipe_9_DW01_add_3'
  Mapping 'divider_pipe_9_DW01_add_4'
  Mapping 'divider_pipe_9_DW01_add_5'
  Mapping 'divider_pipe_9_DW01_add_6'
  Mapping 'divider_pipe_9_DW01_add_7'
  Mapping 'divider_pipe_9_DW01_add_8'
  Mapping 'divider_pipe_9_DW01_add_9'
  Mapping 'divider_pipe_9_DW01_add_10'
  Mapping 'divider_pipe_9_DW01_add_11'
  Mapping 'divider_pipe_9_DW01_add_12'
  Mapping 'divider_pipe_9_DW01_add_13'
  Mapping 'divider_pipe_9_DW01_add_14'
  Mapping 'divider_pipe_9_DW01_add_15'
  Mapping 'divider_pipe_9_DW01_add_16'
  Mapping 'divider_pipe_9_DW01_add_17'
  Mapping 'divider_pipe_9_DW01_add_18'
  Mapping 'divider_pipe_9_DW01_add_19'
  Mapping 'divider_pipe_9_DW01_add_20'
  Mapping 'divider_pipe_9_DW01_add_21'
  Mapping 'divider_pipe_9_DW01_add_22'
  Mapping 'divider_pipe_9_DW01_add_23'
  Mapping 'divider_pipe_9_DW01_add_24'
  Mapping 'divider_pipe_9_DW01_add_25'
  Mapping 'divider_pipe_9_DW01_add_26'
  Mapping 'divider_pipe_9_DW_inc_0'
  Mapping 'divider_pipe_9_DW_inc_1'
  Mapping 'divider_pipe_9_DW_cmp_0'
  Processing 'adder_nbits_32_2_18_DW01_add_0_DW01_add_300'
  Processing 'adder_nbits_32_2_18_DW01_add_1_DW01_add_301'
  Processing 'adder_nbits_32_2_18_DW01_add_2_DW01_add_302'
  Processing 'adder_nbits_32_2_18_DW01_add_3_DW01_add_303'
  Processing 'conf_mul_Beh_16_2_18_DW01_add_0_DW01_add_304'
  Processing 'conf_mul_Beh_16_2_18_DW01_add_1_DW01_add_305'
  Processing 'conf_mul_Beh_8_1_18_DW01_add_0_DW01_add_306'
  Processing 'conf_mul_Beh_8_1_18_DW01_add_1_DW01_add_307'
  Processing 'conf_mul_Beh_9_1_18_DW01_add_0_DW01_add_308'
  Processing 'conf_mul_Beh_9_1_18_DW01_add_1_DW01_add_309'
  Processing 'offset_gen_16_11_9_DW01_sub_0_DW01_sub_89'
  Processing 'twos_compl_16_9_DW01_inc_0_DW01_inc_402'
  Processing 'twos_compl_16_49_DW01_inc_0_DW01_inc_403'
  Processing 'twos_compl_16_50_DW01_inc_0_DW01_inc_404'
  Processing 'twos_compl_16_51_DW01_inc_0_DW01_inc_405'
  Processing 'twos_compl_16_52_DW01_inc_0_DW01_inc_406'
  Processing 'sequencer_9_DW01_add_0_DW01_add_310'
  Processing 'sequencer_9_DW01_inc_0_DW01_inc_407'
  Processing 'sequencer_9_DW01_inc_1_DW01_inc_408'
  Processing 'sequencer_9_DW01_add_1_DW01_add_311'
  Mapping 'sequencer_9_DW_cmp_0'
  Processing 'sequencer_9_DW01_dec_0_DW01_dec_148'
  Processing 'sequencer_9_DW01_inc_2_DW01_inc_409'
  Mapping 'sequencer_9_DW_cmp_1'
  Mapping 'DW_sra'
Information: Added key list 'DesignWare' to design 'RACCU_9'. (DDB-72)
  Processing 'RACCU_9_DW01_sub_0_DW01_sub_90'
  Processing 'RACCU_9_DW01_add_0_DW01_add_312'
  Mapping 'DW_leftsh'
  Processing 'autoloop_9_DW01_inc_0_DW01_inc_410'
  Processing 'autoloop_9_DW01_inc_1_DW01_inc_411'
  Processing 'autoloop_9_DW01_add_0_DW01_add_313'
  Processing 'autoloop_9_DW01_inc_2_DW01_inc_412'
  Processing 'autoloop_9_DW01_add_1_DW01_add_314'
  Processing 'autoloop_9_DW01_inc_3_DW01_inc_413'
  Processing 'autoloop_9_DW01_add_2_DW01_add_315'
  Processing 'autoloop_9_DW01_inc_4_DW01_inc_414'
  Processing 'autoloop_9_DW01_add_3_DW01_add_316'
  Processing 'autoloop_9_DW01_inc_5_DW01_inc_415'
  Processing 'autoloop_9_DW01_dec_0_DW01_dec_149'
  Processing 'autoloop_9_DW01_dec_1_DW01_dec_150'
  Processing 'autoloop_9_DW01_dec_2_DW01_dec_151'
  Processing 'autoloop_9_DW01_dec_3_DW01_dec_152'
  Processing 'autoloop_9_DW01_inc_6_DW01_inc_416'
  Processing 'AGU_RFblock_19_DW01_dec_0_DW01_dec_153'
  Processing 'AGU_RFblock_19_DW01_inc_0_DW01_inc_417'
  Processing 'AGU_RFblock_19_DW01_inc_1_DW01_inc_418'
  Processing 'AGU_RFblock_19_DW01_inc_2_DW01_inc_419'
  Processing 'AGU_RFblock_19_DW01_inc_3_DW01_inc_420'
  Processing 'AGU_RFblock_19_DW01_dec_1_DW01_dec_154'
  Processing 'AGU_RFblock_19_DW01_inc_4_DW01_inc_421'
  Processing 'AGU_37_DW01_sub_0_DW01_sub_91'
  Processing 'AGU_37_DW01_dec_0_DW01_dec_155'
  Processing 'AGU_37_DW01_add_0_DW01_add_317'
  Processing 'AGU_37_DW01_add_1_DW01_add_318'
  Processing 'AGU_37_DW01_inc_0_DW01_inc_422'
  Processing 'AGU_37_DW01_inc_1_DW01_inc_423'
  Processing 'AGU_37_DW01_inc_2_DW01_inc_424'
  Processing 'AGU_37_DW01_inc_3_DW01_inc_425'
  Processing 'AGU_37_DW01_dec_1_DW01_dec_156'
  Processing 'AGU_37_DW01_inc_4_DW01_inc_426'
  Processing 'AGU_38_DW01_sub_0_DW01_sub_92'
  Processing 'AGU_38_DW01_dec_0_DW01_dec_157'
  Processing 'AGU_38_DW01_add_0_DW01_add_319'
  Processing 'AGU_38_DW01_add_1_DW01_add_320'
  Processing 'AGU_38_DW01_inc_0_DW01_inc_427'
  Processing 'AGU_38_DW01_inc_1_DW01_inc_428'
  Processing 'AGU_38_DW01_inc_2_DW01_inc_429'
  Processing 'AGU_38_DW01_inc_3_DW01_inc_430'
  Processing 'AGU_38_DW01_dec_1_DW01_dec_158'
  Processing 'AGU_38_DW01_inc_4_DW01_inc_431'
  Processing 'AGU_RFblock_20_DW01_dec_0_DW01_dec_159'
  Processing 'AGU_RFblock_20_DW01_inc_0_DW01_inc_432'
  Processing 'AGU_RFblock_20_DW01_inc_1_DW01_inc_433'
  Processing 'AGU_RFblock_20_DW01_inc_2_DW01_inc_434'
  Processing 'AGU_RFblock_20_DW01_inc_3_DW01_inc_435'
  Processing 'AGU_RFblock_20_DW01_dec_1_DW01_dec_160'
  Processing 'AGU_RFblock_20_DW01_inc_4_DW01_inc_436'
  Processing 'AGU_39_DW01_sub_0_DW01_sub_93'
  Processing 'AGU_39_DW01_dec_0_DW01_dec_161'
  Processing 'AGU_39_DW01_add_0_DW01_add_321'
  Processing 'AGU_39_DW01_add_1_DW01_add_322'
  Processing 'AGU_39_DW01_inc_0_DW01_inc_437'
  Processing 'AGU_39_DW01_inc_1_DW01_inc_438'
  Processing 'AGU_39_DW01_inc_2_DW01_inc_439'
  Processing 'AGU_39_DW01_inc_3_DW01_inc_440'
  Processing 'AGU_39_DW01_dec_1_DW01_dec_162'
  Processing 'AGU_39_DW01_inc_4_DW01_inc_441'
  Processing 'AGU_40_DW01_sub_0_DW01_sub_94'
  Processing 'AGU_40_DW01_dec_0_DW01_dec_163'
  Processing 'AGU_40_DW01_add_0_DW01_add_323'
  Processing 'AGU_40_DW01_add_1_DW01_add_324'
  Processing 'AGU_40_DW01_inc_0_DW01_inc_442'
  Processing 'AGU_40_DW01_inc_1_DW01_inc_443'
  Processing 'AGU_40_DW01_inc_2_DW01_inc_444'
  Processing 'AGU_40_DW01_inc_3_DW01_inc_445'
  Processing 'AGU_40_DW01_dec_1_DW01_dec_164'
  Processing 'AGU_40_DW01_inc_4_DW01_inc_446'
  Processing 'DPU_10_DW01_sub_0_DW01_sub_95'
  Processing 'DPU_10_DW01_sub_1_DW01_sub_96'
  Processing 'DPU_10_DW01_sub_2_DW01_sub_97'
  Processing 'DPU_10_DW01_sub_3_DW01_sub_98'
  Mapping 'Sat_n_round_19_DW_cmp_0'
  Mapping 'Sat_n_round_19_DW_cmp_1'
  Mapping 'Sat_n_round_19_DW_cmp_2'
  Mapping 'Sat_n_round_19_DW_cmp_3'
  Mapping 'Sat_n_round_19_DW_cmp_4'
  Mapping 'Sat_n_round_19_DW_cmp_5'
  Mapping 'Sat_n_round_19_DW_cmp_6'
  Mapping 'Sat_n_round_19_DW_cmp_7'
  Mapping 'Sat_n_round_19_DW_cmp_8'
  Mapping 'Sat_n_round_19_DW_cmp_9'
  Mapping 'Sat_n_round_19_DW_cmp_10'
  Mapping 'Sat_n_round_19_DW_cmp_11'
  Mapping 'Sat_n_round_19_DW_cmp_12'
  Mapping 'Sat_n_round_19_DW_cmp_13'
  Mapping 'Sat_n_round_19_DW_cmp_14'
  Mapping 'Sat_n_round_19_DW_cmp_15'
  Mapping 'Sat_n_round_20_DW_cmp_0'
  Mapping 'Sat_n_round_20_DW_cmp_1'
  Mapping 'Sat_n_round_20_DW_cmp_2'
  Mapping 'Sat_n_round_20_DW_cmp_3'
  Mapping 'Sat_n_round_20_DW_cmp_4'
  Mapping 'Sat_n_round_20_DW_cmp_5'
  Mapping 'Sat_n_round_20_DW_cmp_6'
  Mapping 'Sat_n_round_20_DW_cmp_7'
  Mapping 'Sat_n_round_20_DW_cmp_8'
  Mapping 'Sat_n_round_20_DW_cmp_9'
  Mapping 'Sat_n_round_20_DW_cmp_10'
  Mapping 'Sat_n_round_20_DW_cmp_11'
  Mapping 'Sat_n_round_20_DW_cmp_12'
  Mapping 'Sat_n_round_20_DW_cmp_13'
  Mapping 'Sat_n_round_20_DW_cmp_14'
  Mapping 'Sat_n_round_20_DW_cmp_15'
  Mapping 'DW_sra'
Information: Added key list 'DesignWare' to design 'NACU_0_0_0_10'. (DDB-72)
  Mapping 'DW_leftsh'
  Processing 'Maxmin_Unit_16_19_DW01_cmp6_0_DW01_cmp6_18'
  Mapping 'Saturation_Unit_19_DW_cmp_0'
  Mapping 'Saturation_Unit_19_DW_cmp_1'
  Mapping 'Saturation_Unit_19_DW_cmp_2'
  Mapping 'Saturation_Unit_19_DW_cmp_3'
  Mapping 'Saturation_Unit_19_DW_cmp_4'
  Mapping 'Saturation_Unit_19_DW_cmp_5'
  Mapping 'Saturation_Unit_19_DW_cmp_6'
  Mapping 'Saturation_Unit_19_DW_cmp_7'
  Mapping 'Saturation_Unit_19_DW_cmp_8'
  Mapping 'Saturation_Unit_19_DW_cmp_9'
  Mapping 'Saturation_Unit_19_DW_cmp_10'
  Mapping 'Saturation_Unit_19_DW_cmp_11'
  Mapping 'Saturation_Unit_19_DW_cmp_12'
  Mapping 'Saturation_Unit_19_DW_cmp_13'
  Processing 'adder_nbits_32_2_19_DW01_add_0_DW01_add_325'
  Processing 'adder_nbits_32_2_19_DW01_add_1_DW01_add_326'
  Processing 'adder_nbits_32_2_19_DW01_add_2_DW01_add_327'
  Processing 'adder_nbits_32_2_19_DW01_add_3_DW01_add_328'
  Processing 'conf_mul_Beh_16_2_19_DW01_add_0_DW01_add_329'
  Processing 'conf_mul_Beh_16_2_19_DW01_add_1_DW01_add_330'
  Processing 'conf_mul_Beh_8_1_19_DW01_add_0_DW01_add_331'
  Processing 'conf_mul_Beh_8_1_19_DW01_add_1_DW01_add_332'
  Processing 'conf_mul_Beh_9_1_19_DW01_add_0_DW01_add_333'
  Processing 'conf_mul_Beh_9_1_19_DW01_add_1_DW01_add_334'
  Mapping 'DW_sra'
Information: Added key list 'DesignWare' to design 'NACU_0_0_1_10'. (DDB-72)
  Mapping 'DW_leftsh'
  Processing 'Maxmin_Unit_16_20_DW01_cmp6_0_DW01_cmp6_19'
  Mapping 'Saturation_Unit_20_DW_cmp_0'
  Mapping 'Saturation_Unit_20_DW_cmp_1'
  Mapping 'Saturation_Unit_20_DW_cmp_2'
  Mapping 'Saturation_Unit_20_DW_cmp_3'
  Mapping 'Saturation_Unit_20_DW_cmp_4'
  Mapping 'Saturation_Unit_20_DW_cmp_5'
  Mapping 'Saturation_Unit_20_DW_cmp_6'
  Mapping 'Saturation_Unit_20_DW_cmp_7'
  Mapping 'Saturation_Unit_20_DW_cmp_8'
  Mapping 'Saturation_Unit_20_DW_cmp_9'
  Mapping 'Saturation_Unit_20_DW_cmp_10'
  Mapping 'Saturation_Unit_20_DW_cmp_11'
  Mapping 'Saturation_Unit_20_DW_cmp_12'
  Mapping 'Saturation_Unit_20_DW_cmp_13'
  Processing 'divider_pipe_10_DW_div_pipe_0_DW_div_pipe_9'
  Processing 'divider_pipe_10_DW_div_0_DW_div_9'
  Processing 'divider_pipe_10_DW01_absval_0_DW01_absval_9'
  Processing 'divider_pipe_10_DW01_inc_0_DW01_inc_447'
  Mapping 'DW01_add'
  Mapping 'DW01_add'
  Mapping 'DW01_add'
  Mapping 'DW01_add'
  Mapping 'divider_pipe_10_DW01_add_0'
  Mapping 'divider_pipe_10_DW01_add_1'
  Mapping 'divider_pipe_10_DW01_add_2'
  Mapping 'divider_pipe_10_DW01_add_3'
  Mapping 'divider_pipe_10_DW01_add_4'
  Mapping 'divider_pipe_10_DW01_add_5'
  Mapping 'divider_pipe_10_DW01_add_6'
  Mapping 'divider_pipe_10_DW01_add_7'
  Mapping 'divider_pipe_10_DW01_add_8'
  Mapping 'divider_pipe_10_DW01_add_9'
  Mapping 'divider_pipe_10_DW01_add_10'
  Mapping 'divider_pipe_10_DW01_add_11'
  Mapping 'divider_pipe_10_DW01_add_12'
  Mapping 'divider_pipe_10_DW01_add_13'
  Mapping 'divider_pipe_10_DW01_add_14'
  Mapping 'divider_pipe_10_DW01_add_15'
  Mapping 'divider_pipe_10_DW01_add_16'
  Mapping 'divider_pipe_10_DW01_add_17'
  Mapping 'divider_pipe_10_DW01_add_18'
  Mapping 'divider_pipe_10_DW01_add_19'
  Mapping 'divider_pipe_10_DW01_add_20'
  Mapping 'divider_pipe_10_DW01_add_21'
  Mapping 'divider_pipe_10_DW01_add_22'
  Mapping 'divider_pipe_10_DW01_add_23'
  Mapping 'divider_pipe_10_DW01_add_24'
  Mapping 'divider_pipe_10_DW01_add_25'
  Mapping 'divider_pipe_10_DW01_add_26'
  Mapping 'divider_pipe_10_DW_inc_0'
  Mapping 'divider_pipe_10_DW_inc_1'
  Mapping 'divider_pipe_10_DW_cmp_0'
  Processing 'adder_nbits_32_2_20_DW01_add_0_DW01_add_335'
  Processing 'adder_nbits_32_2_20_DW01_add_1_DW01_add_336'
  Processing 'adder_nbits_32_2_20_DW01_add_2_DW01_add_337'
  Processing 'adder_nbits_32_2_20_DW01_add_3_DW01_add_338'
  Processing 'conf_mul_Beh_16_2_20_DW01_add_0_DW01_add_339'
  Processing 'conf_mul_Beh_16_2_20_DW01_add_1_DW01_add_340'
  Processing 'conf_mul_Beh_8_1_20_DW01_add_0_DW01_add_341'
  Processing 'conf_mul_Beh_8_1_20_DW01_add_1_DW01_add_342'
  Processing 'conf_mul_Beh_9_1_20_DW01_add_0_DW01_add_343'
  Processing 'conf_mul_Beh_9_1_20_DW01_add_1_DW01_add_344'
  Processing 'offset_gen_16_11_10_DW01_sub_0_DW01_sub_99'
  Processing 'twos_compl_16_10_DW01_inc_0_DW01_inc_448'
  Processing 'twos_compl_16_53_DW01_inc_0_DW01_inc_449'
  Processing 'twos_compl_16_54_DW01_inc_0_DW01_inc_450'
  Processing 'twos_compl_16_55_DW01_inc_0_DW01_inc_451'
  Processing 'twos_compl_16_56_DW01_inc_0_DW01_inc_452'
  Processing 'sequencer_10_DW01_add_0_DW01_add_345'
  Processing 'sequencer_10_DW01_inc_0_DW01_inc_453'
  Processing 'sequencer_10_DW01_inc_1_DW01_inc_454'
  Processing 'sequencer_10_DW01_add_1_DW01_add_346'
  Mapping 'sequencer_10_DW_cmp_0'
  Processing 'sequencer_10_DW01_dec_0_DW01_dec_165'
  Processing 'sequencer_10_DW01_inc_2_DW01_inc_455'
  Mapping 'sequencer_10_DW_cmp_1'
  Mapping 'DW_sra'
Information: Added key list 'DesignWare' to design 'RACCU_10'. (DDB-72)
  Processing 'RACCU_10_DW01_sub_0_DW01_sub_100'
  Processing 'RACCU_10_DW01_add_0_DW01_add_347'
  Mapping 'DW_leftsh'
  Processing 'autoloop_10_DW01_inc_0_DW01_inc_456'
  Processing 'autoloop_10_DW01_inc_1_DW01_inc_457'
  Processing 'autoloop_10_DW01_add_0_DW01_add_348'
  Processing 'autoloop_10_DW01_inc_2_DW01_inc_458'
  Processing 'autoloop_10_DW01_add_1_DW01_add_349'
  Processing 'autoloop_10_DW01_inc_3_DW01_inc_459'
  Processing 'autoloop_10_DW01_add_2_DW01_add_350'
  Processing 'autoloop_10_DW01_inc_4_DW01_inc_460'
  Processing 'autoloop_10_DW01_add_3_DW01_add_351'
  Processing 'autoloop_10_DW01_inc_5_DW01_inc_461'
  Processing 'autoloop_10_DW01_dec_0_DW01_dec_166'
  Processing 'autoloop_10_DW01_dec_1_DW01_dec_167'
  Processing 'autoloop_10_DW01_dec_2_DW01_dec_168'
  Processing 'autoloop_10_DW01_dec_3_DW01_dec_169'
  Processing 'autoloop_10_DW01_inc_6_DW01_inc_462'
  Processing 'AGU_RFblock_21_DW01_dec_0_DW01_dec_170'
  Processing 'AGU_RFblock_21_DW01_inc_0_DW01_inc_463'
  Processing 'AGU_RFblock_21_DW01_inc_1_DW01_inc_464'
  Processing 'AGU_RFblock_21_DW01_inc_2_DW01_inc_465'
  Processing 'AGU_RFblock_21_DW01_inc_3_DW01_inc_466'
  Processing 'AGU_RFblock_21_DW01_dec_1_DW01_dec_171'
  Processing 'AGU_RFblock_21_DW01_inc_4_DW01_inc_467'
  Processing 'AGU_41_DW01_sub_0_DW01_sub_101'
  Processing 'AGU_41_DW01_dec_0_DW01_dec_172'
  Processing 'AGU_41_DW01_add_0_DW01_add_352'
  Processing 'AGU_41_DW01_add_1_DW01_add_353'
  Processing 'AGU_41_DW01_inc_0_DW01_inc_468'
  Processing 'AGU_41_DW01_inc_1_DW01_inc_469'
  Processing 'AGU_41_DW01_inc_2_DW01_inc_470'
  Processing 'AGU_41_DW01_inc_3_DW01_inc_471'
  Processing 'AGU_41_DW01_dec_1_DW01_dec_173'
  Processing 'AGU_41_DW01_inc_4_DW01_inc_472'
  Processing 'AGU_42_DW01_sub_0_DW01_sub_102'
  Processing 'AGU_42_DW01_dec_0_DW01_dec_174'
  Processing 'AGU_42_DW01_add_0_DW01_add_354'
  Processing 'AGU_42_DW01_add_1_DW01_add_355'
  Processing 'AGU_42_DW01_inc_0_DW01_inc_473'
  Processing 'AGU_42_DW01_inc_1_DW01_inc_474'
  Processing 'AGU_42_DW01_inc_2_DW01_inc_475'
  Processing 'AGU_42_DW01_inc_3_DW01_inc_476'
  Processing 'AGU_42_DW01_dec_1_DW01_dec_175'
  Processing 'AGU_42_DW01_inc_4_DW01_inc_477'
  Processing 'AGU_RFblock_22_DW01_dec_0_DW01_dec_176'
  Processing 'AGU_RFblock_22_DW01_inc_0_DW01_inc_478'
  Processing 'AGU_RFblock_22_DW01_inc_1_DW01_inc_479'
  Processing 'AGU_RFblock_22_DW01_inc_2_DW01_inc_480'
  Processing 'AGU_RFblock_22_DW01_inc_3_DW01_inc_481'
  Processing 'AGU_RFblock_22_DW01_dec_1_DW01_dec_177'
  Processing 'AGU_RFblock_22_DW01_inc_4_DW01_inc_482'
  Processing 'AGU_43_DW01_sub_0_DW01_sub_103'
  Processing 'AGU_43_DW01_dec_0_DW01_dec_178'
  Processing 'AGU_43_DW01_add_0_DW01_add_356'
  Processing 'AGU_43_DW01_add_1_DW01_add_357'
  Processing 'AGU_43_DW01_inc_0_DW01_inc_483'
  Processing 'AGU_43_DW01_inc_1_DW01_inc_484'
  Processing 'AGU_43_DW01_inc_2_DW01_inc_485'
  Processing 'AGU_43_DW01_inc_3_DW01_inc_486'
  Processing 'AGU_43_DW01_dec_1_DW01_dec_179'
  Processing 'AGU_43_DW01_inc_4_DW01_inc_487'
  Processing 'AGU_44_DW01_sub_0_DW01_sub_104'
  Processing 'AGU_44_DW01_dec_0_DW01_dec_180'
  Processing 'AGU_44_DW01_add_0_DW01_add_358'
  Processing 'AGU_44_DW01_add_1_DW01_add_359'
  Processing 'AGU_44_DW01_inc_0_DW01_inc_488'
  Processing 'AGU_44_DW01_inc_1_DW01_inc_489'
  Processing 'AGU_44_DW01_inc_2_DW01_inc_490'
  Processing 'AGU_44_DW01_inc_3_DW01_inc_491'
  Processing 'AGU_44_DW01_dec_1_DW01_dec_181'
  Processing 'AGU_44_DW01_inc_4_DW01_inc_492'
  Processing 'DPU_11_DW01_sub_0_DW01_sub_105'
  Processing 'DPU_11_DW01_sub_1_DW01_sub_106'
  Processing 'DPU_11_DW01_sub_2_DW01_sub_107'
  Processing 'DPU_11_DW01_sub_3_DW01_sub_108'
  Mapping 'Sat_n_round_21_DW_cmp_0'
  Mapping 'Sat_n_round_21_DW_cmp_1'
  Mapping 'Sat_n_round_21_DW_cmp_2'
  Mapping 'Sat_n_round_21_DW_cmp_3'
  Mapping 'Sat_n_round_21_DW_cmp_4'
  Mapping 'Sat_n_round_21_DW_cmp_5'
  Mapping 'Sat_n_round_21_DW_cmp_6'
  Mapping 'Sat_n_round_21_DW_cmp_7'
  Mapping 'Sat_n_round_21_DW_cmp_8'
  Mapping 'Sat_n_round_21_DW_cmp_9'
  Mapping 'Sat_n_round_21_DW_cmp_10'
  Mapping 'Sat_n_round_21_DW_cmp_11'
  Mapping 'Sat_n_round_21_DW_cmp_12'
  Mapping 'Sat_n_round_21_DW_cmp_13'
  Mapping 'Sat_n_round_21_DW_cmp_14'
  Mapping 'Sat_n_round_21_DW_cmp_15'
  Mapping 'Sat_n_round_22_DW_cmp_0'
  Mapping 'Sat_n_round_22_DW_cmp_1'
  Mapping 'Sat_n_round_22_DW_cmp_2'
  Mapping 'Sat_n_round_22_DW_cmp_3'
  Mapping 'Sat_n_round_22_DW_cmp_4'
  Mapping 'Sat_n_round_22_DW_cmp_5'
  Mapping 'Sat_n_round_22_DW_cmp_6'
  Mapping 'Sat_n_round_22_DW_cmp_7'
  Mapping 'Sat_n_round_22_DW_cmp_8'
  Mapping 'Sat_n_round_22_DW_cmp_9'
  Mapping 'Sat_n_round_22_DW_cmp_10'
  Mapping 'Sat_n_round_22_DW_cmp_11'
  Mapping 'Sat_n_round_22_DW_cmp_12'
  Mapping 'Sat_n_round_22_DW_cmp_13'
  Mapping 'Sat_n_round_22_DW_cmp_14'
  Mapping 'Sat_n_round_22_DW_cmp_15'
  Mapping 'DW_sra'
Information: Added key list 'DesignWare' to design 'NACU_0_0_0_11'. (DDB-72)
  Mapping 'DW_leftsh'
  Processing 'Maxmin_Unit_16_21_DW01_cmp6_0_DW01_cmp6_20'
  Mapping 'Saturation_Unit_21_DW_cmp_0'
  Mapping 'Saturation_Unit_21_DW_cmp_1'
  Mapping 'Saturation_Unit_21_DW_cmp_2'
  Mapping 'Saturation_Unit_21_DW_cmp_3'
  Mapping 'Saturation_Unit_21_DW_cmp_4'
  Mapping 'Saturation_Unit_21_DW_cmp_5'
  Mapping 'Saturation_Unit_21_DW_cmp_6'
  Mapping 'Saturation_Unit_21_DW_cmp_7'
  Mapping 'Saturation_Unit_21_DW_cmp_8'
  Mapping 'Saturation_Unit_21_DW_cmp_9'
  Mapping 'Saturation_Unit_21_DW_cmp_10'
  Mapping 'Saturation_Unit_21_DW_cmp_11'
  Mapping 'Saturation_Unit_21_DW_cmp_12'
  Mapping 'Saturation_Unit_21_DW_cmp_13'
  Processing 'adder_nbits_32_2_21_DW01_add_0_DW01_add_360'
  Processing 'adder_nbits_32_2_21_DW01_add_1_DW01_add_361'
  Processing 'adder_nbits_32_2_21_DW01_add_2_DW01_add_362'
  Processing 'adder_nbits_32_2_21_DW01_add_3_DW01_add_363'
  Processing 'conf_mul_Beh_16_2_21_DW01_add_0_DW01_add_364'
  Processing 'conf_mul_Beh_16_2_21_DW01_add_1_DW01_add_365'
  Processing 'conf_mul_Beh_8_1_21_DW01_add_0_DW01_add_366'
  Processing 'conf_mul_Beh_8_1_21_DW01_add_1_DW01_add_367'
  Processing 'conf_mul_Beh_9_1_21_DW01_add_0_DW01_add_368'
  Processing 'conf_mul_Beh_9_1_21_DW01_add_1_DW01_add_369'
  Mapping 'DW_sra'
Information: Added key list 'DesignWare' to design 'NACU_0_0_1_11'. (DDB-72)
  Mapping 'DW_leftsh'
  Processing 'Maxmin_Unit_16_22_DW01_cmp6_0_DW01_cmp6_21'
  Mapping 'Saturation_Unit_22_DW_cmp_0'
  Mapping 'Saturation_Unit_22_DW_cmp_1'
  Mapping 'Saturation_Unit_22_DW_cmp_2'
  Mapping 'Saturation_Unit_22_DW_cmp_3'
  Mapping 'Saturation_Unit_22_DW_cmp_4'
  Mapping 'Saturation_Unit_22_DW_cmp_5'
  Mapping 'Saturation_Unit_22_DW_cmp_6'
  Mapping 'Saturation_Unit_22_DW_cmp_7'
  Mapping 'Saturation_Unit_22_DW_cmp_8'
  Mapping 'Saturation_Unit_22_DW_cmp_9'
  Mapping 'Saturation_Unit_22_DW_cmp_10'
  Mapping 'Saturation_Unit_22_DW_cmp_11'
  Mapping 'Saturation_Unit_22_DW_cmp_12'
  Mapping 'Saturation_Unit_22_DW_cmp_13'
  Processing 'divider_pipe_11_DW_div_pipe_0_DW_div_pipe_10'
  Processing 'divider_pipe_11_DW_div_0_DW_div_10'
  Processing 'divider_pipe_11_DW01_absval_0_DW01_absval_10'
  Processing 'divider_pipe_11_DW01_inc_0_DW01_inc_493'
  Mapping 'DW01_add'
  Mapping 'DW01_add'
  Mapping 'DW01_add'
  Mapping 'DW01_add'
  Mapping 'divider_pipe_11_DW01_add_0'
  Mapping 'divider_pipe_11_DW01_add_1'
  Mapping 'divider_pipe_11_DW01_add_2'
  Mapping 'divider_pipe_11_DW01_add_3'
  Mapping 'divider_pipe_11_DW01_add_4'
  Mapping 'divider_pipe_11_DW01_add_5'
  Mapping 'divider_pipe_11_DW01_add_6'
  Mapping 'divider_pipe_11_DW01_add_7'
  Mapping 'divider_pipe_11_DW01_add_8'
  Mapping 'divider_pipe_11_DW01_add_9'
  Mapping 'divider_pipe_11_DW01_add_10'
  Mapping 'divider_pipe_11_DW01_add_11'
  Mapping 'divider_pipe_11_DW01_add_12'
  Mapping 'divider_pipe_11_DW01_add_13'
  Mapping 'divider_pipe_11_DW01_add_14'
  Mapping 'divider_pipe_11_DW01_add_15'
  Mapping 'divider_pipe_11_DW01_add_16'
  Mapping 'divider_pipe_11_DW01_add_17'
  Mapping 'divider_pipe_11_DW01_add_18'
  Mapping 'divider_pipe_11_DW01_add_19'
  Mapping 'divider_pipe_11_DW01_add_20'
  Mapping 'divider_pipe_11_DW01_add_21'
  Mapping 'divider_pipe_11_DW01_add_22'
  Mapping 'divider_pipe_11_DW01_add_23'
  Mapping 'divider_pipe_11_DW01_add_24'
  Mapping 'divider_pipe_11_DW01_add_25'
  Mapping 'divider_pipe_11_DW01_add_26'
  Mapping 'divider_pipe_11_DW_inc_0'
  Mapping 'divider_pipe_11_DW_inc_1'
  Mapping 'divider_pipe_11_DW_cmp_0'
  Processing 'adder_nbits_32_2_22_DW01_add_0_DW01_add_370'
  Processing 'adder_nbits_32_2_22_DW01_add_1_DW01_add_371'
  Processing 'adder_nbits_32_2_22_DW01_add_2_DW01_add_372'
  Processing 'adder_nbits_32_2_22_DW01_add_3_DW01_add_373'
  Processing 'conf_mul_Beh_16_2_22_DW01_add_0_DW01_add_374'
  Processing 'conf_mul_Beh_16_2_22_DW01_add_1_DW01_add_375'
  Processing 'conf_mul_Beh_8_1_22_DW01_add_0_DW01_add_376'
  Processing 'conf_mul_Beh_8_1_22_DW01_add_1_DW01_add_377'
  Processing 'conf_mul_Beh_9_1_22_DW01_add_0_DW01_add_378'
  Processing 'conf_mul_Beh_9_1_22_DW01_add_1_DW01_add_379'
  Processing 'offset_gen_16_11_11_DW01_sub_0_DW01_sub_109'
  Processing 'twos_compl_16_11_DW01_inc_0_DW01_inc_494'
  Processing 'twos_compl_16_57_DW01_inc_0_DW01_inc_495'
  Processing 'twos_compl_16_58_DW01_inc_0_DW01_inc_496'
  Processing 'twos_compl_16_59_DW01_inc_0_DW01_inc_497'
  Processing 'twos_compl_16_60_DW01_inc_0_DW01_inc_498'
  Processing 'sequencer_11_DW01_add_0_DW01_add_380'
  Processing 'sequencer_11_DW01_inc_0_DW01_inc_499'
  Processing 'sequencer_11_DW01_inc_1_DW01_inc_500'
  Processing 'sequencer_11_DW01_add_1_DW01_add_381'
  Mapping 'sequencer_11_DW_cmp_0'
  Processing 'sequencer_11_DW01_dec_0_DW01_dec_182'
  Processing 'sequencer_11_DW01_inc_2_DW01_inc_501'
  Mapping 'sequencer_11_DW_cmp_1'
  Mapping 'DW_sra'
Information: Added key list 'DesignWare' to design 'RACCU_11'. (DDB-72)
  Processing 'RACCU_11_DW01_sub_0_DW01_sub_110'
  Processing 'RACCU_11_DW01_add_0_DW01_add_382'
  Mapping 'DW_leftsh'
  Processing 'autoloop_11_DW01_inc_0_DW01_inc_502'
  Processing 'autoloop_11_DW01_inc_1_DW01_inc_503'
  Processing 'autoloop_11_DW01_add_0_DW01_add_383'
  Processing 'autoloop_11_DW01_inc_2_DW01_inc_504'
  Processing 'autoloop_11_DW01_add_1_DW01_add_384'
  Processing 'autoloop_11_DW01_inc_3_DW01_inc_505'
  Processing 'autoloop_11_DW01_add_2_DW01_add_385'
  Processing 'autoloop_11_DW01_inc_4_DW01_inc_506'
  Processing 'autoloop_11_DW01_add_3_DW01_add_386'
  Processing 'autoloop_11_DW01_inc_5_DW01_inc_507'
  Processing 'autoloop_11_DW01_dec_0_DW01_dec_183'
  Processing 'autoloop_11_DW01_dec_1_DW01_dec_184'
  Processing 'autoloop_11_DW01_dec_2_DW01_dec_185'
  Processing 'autoloop_11_DW01_dec_3_DW01_dec_186'
  Processing 'autoloop_11_DW01_inc_6_DW01_inc_508'
  Processing 'AGU_RFblock_23_DW01_dec_0_DW01_dec_187'
  Processing 'AGU_RFblock_23_DW01_inc_0_DW01_inc_509'
  Processing 'AGU_RFblock_23_DW01_inc_1_DW01_inc_510'
  Processing 'AGU_RFblock_23_DW01_inc_2_DW01_inc_511'
  Processing 'AGU_RFblock_23_DW01_inc_3_DW01_inc_512'
  Processing 'AGU_RFblock_23_DW01_dec_1_DW01_dec_188'
  Processing 'AGU_RFblock_23_DW01_inc_4_DW01_inc_513'
  Processing 'AGU_45_DW01_sub_0_DW01_sub_111'
  Processing 'AGU_45_DW01_dec_0_DW01_dec_189'
  Processing 'AGU_45_DW01_add_0_DW01_add_387'
  Processing 'AGU_45_DW01_add_1_DW01_add_388'
  Processing 'AGU_45_DW01_inc_0_DW01_inc_514'
  Processing 'AGU_45_DW01_inc_1_DW01_inc_515'
  Processing 'AGU_45_DW01_inc_2_DW01_inc_516'
  Processing 'AGU_45_DW01_inc_3_DW01_inc_517'
  Processing 'AGU_45_DW01_dec_1_DW01_dec_190'
  Processing 'AGU_45_DW01_inc_4_DW01_inc_518'
  Processing 'AGU_46_DW01_sub_0_DW01_sub_112'
  Processing 'AGU_46_DW01_dec_0_DW01_dec_191'
  Processing 'AGU_46_DW01_add_0_DW01_add_389'
  Processing 'AGU_46_DW01_add_1_DW01_add_390'
  Processing 'AGU_46_DW01_inc_0_DW01_inc_519'
  Processing 'AGU_46_DW01_inc_1_DW01_inc_520'
  Processing 'AGU_46_DW01_inc_2_DW01_inc_521'
  Processing 'AGU_46_DW01_inc_3_DW01_inc_522'
  Processing 'AGU_46_DW01_dec_1_DW01_dec_192'
  Processing 'AGU_46_DW01_inc_4_DW01_inc_523'
  Processing 'AGU_RFblock_24_DW01_dec_0_DW01_dec_193'
  Processing 'AGU_RFblock_24_DW01_inc_0_DW01_inc_524'
  Processing 'AGU_RFblock_24_DW01_inc_1_DW01_inc_525'
  Processing 'AGU_RFblock_24_DW01_inc_2_DW01_inc_526'
  Processing 'AGU_RFblock_24_DW01_inc_3_DW01_inc_527'
  Processing 'AGU_RFblock_24_DW01_dec_1_DW01_dec_194'
  Processing 'AGU_RFblock_24_DW01_inc_4_DW01_inc_528'
  Processing 'AGU_47_DW01_sub_0_DW01_sub_113'
  Processing 'AGU_47_DW01_dec_0_DW01_dec_195'
  Processing 'AGU_47_DW01_add_0_DW01_add_391'
  Processing 'AGU_47_DW01_add_1_DW01_add_392'
  Processing 'AGU_47_DW01_inc_0_DW01_inc_529'
  Processing 'AGU_47_DW01_inc_1_DW01_inc_530'
  Processing 'AGU_47_DW01_inc_2_DW01_inc_531'
  Processing 'AGU_47_DW01_inc_3_DW01_inc_532'
  Processing 'AGU_47_DW01_dec_1_DW01_dec_196'
  Processing 'AGU_47_DW01_inc_4_DW01_inc_533'
  Processing 'AGU_48_DW01_sub_0_DW01_sub_114'
  Processing 'AGU_48_DW01_dec_0_DW01_dec_197'
  Processing 'AGU_48_DW01_add_0_DW01_add_393'
  Processing 'AGU_48_DW01_add_1_DW01_add_394'
  Processing 'AGU_48_DW01_inc_0_DW01_inc_534'
  Processing 'AGU_48_DW01_inc_1_DW01_inc_535'
  Processing 'AGU_48_DW01_inc_2_DW01_inc_536'
  Processing 'AGU_48_DW01_inc_3_DW01_inc_537'
  Processing 'AGU_48_DW01_dec_1_DW01_dec_198'
  Processing 'AGU_48_DW01_inc_4_DW01_inc_538'
  Processing 'DPU_12_DW01_sub_0_DW01_sub_115'
  Processing 'DPU_12_DW01_sub_1_DW01_sub_116'
  Processing 'DPU_12_DW01_sub_2_DW01_sub_117'
  Processing 'DPU_12_DW01_sub_3_DW01_sub_118'
  Mapping 'Sat_n_round_23_DW_cmp_0'
  Mapping 'Sat_n_round_23_DW_cmp_1'
  Mapping 'Sat_n_round_23_DW_cmp_2'
  Mapping 'Sat_n_round_23_DW_cmp_3'
  Mapping 'Sat_n_round_23_DW_cmp_4'
  Mapping 'Sat_n_round_23_DW_cmp_5'
  Mapping 'Sat_n_round_23_DW_cmp_6'
  Mapping 'Sat_n_round_23_DW_cmp_7'
  Mapping 'Sat_n_round_23_DW_cmp_8'
  Mapping 'Sat_n_round_23_DW_cmp_9'
  Mapping 'Sat_n_round_23_DW_cmp_10'
  Mapping 'Sat_n_round_23_DW_cmp_11'
  Mapping 'Sat_n_round_23_DW_cmp_12'
  Mapping 'Sat_n_round_23_DW_cmp_13'
  Mapping 'Sat_n_round_23_DW_cmp_14'
  Mapping 'Sat_n_round_23_DW_cmp_15'
  Mapping 'Sat_n_round_24_DW_cmp_0'
  Mapping 'Sat_n_round_24_DW_cmp_1'
  Mapping 'Sat_n_round_24_DW_cmp_2'
  Mapping 'Sat_n_round_24_DW_cmp_3'
  Mapping 'Sat_n_round_24_DW_cmp_4'
  Mapping 'Sat_n_round_24_DW_cmp_5'
  Mapping 'Sat_n_round_24_DW_cmp_6'
  Mapping 'Sat_n_round_24_DW_cmp_7'
  Mapping 'Sat_n_round_24_DW_cmp_8'
  Mapping 'Sat_n_round_24_DW_cmp_9'
  Mapping 'Sat_n_round_24_DW_cmp_10'
  Mapping 'Sat_n_round_24_DW_cmp_11'
  Mapping 'Sat_n_round_24_DW_cmp_12'
  Mapping 'Sat_n_round_24_DW_cmp_13'
  Mapping 'Sat_n_round_24_DW_cmp_14'
  Mapping 'Sat_n_round_24_DW_cmp_15'
  Mapping 'DW_sra'
Information: Added key list 'DesignWare' to design 'NACU_0_0_0_12'. (DDB-72)
  Mapping 'DW_leftsh'
  Processing 'Maxmin_Unit_16_23_DW01_cmp6_0_DW01_cmp6_22'
  Mapping 'Saturation_Unit_23_DW_cmp_0'
  Mapping 'Saturation_Unit_23_DW_cmp_1'
  Mapping 'Saturation_Unit_23_DW_cmp_2'
  Mapping 'Saturation_Unit_23_DW_cmp_3'
  Mapping 'Saturation_Unit_23_DW_cmp_4'
  Mapping 'Saturation_Unit_23_DW_cmp_5'
  Mapping 'Saturation_Unit_23_DW_cmp_6'
  Mapping 'Saturation_Unit_23_DW_cmp_7'
  Mapping 'Saturation_Unit_23_DW_cmp_8'
  Mapping 'Saturation_Unit_23_DW_cmp_9'
  Mapping 'Saturation_Unit_23_DW_cmp_10'
  Mapping 'Saturation_Unit_23_DW_cmp_11'
  Mapping 'Saturation_Unit_23_DW_cmp_12'
  Mapping 'Saturation_Unit_23_DW_cmp_13'
  Processing 'adder_nbits_32_2_23_DW01_add_0_DW01_add_395'
  Processing 'adder_nbits_32_2_23_DW01_add_1_DW01_add_396'
  Processing 'adder_nbits_32_2_23_DW01_add_2_DW01_add_397'
  Processing 'adder_nbits_32_2_23_DW01_add_3_DW01_add_398'
  Processing 'conf_mul_Beh_16_2_23_DW01_add_0_DW01_add_399'
  Processing 'conf_mul_Beh_16_2_23_DW01_add_1_DW01_add_400'
  Processing 'conf_mul_Beh_8_1_23_DW01_add_0_DW01_add_401'
  Processing 'conf_mul_Beh_8_1_23_DW01_add_1_DW01_add_402'
  Processing 'conf_mul_Beh_9_1_23_DW01_add_0_DW01_add_403'
  Processing 'conf_mul_Beh_9_1_23_DW01_add_1_DW01_add_404'
  Mapping 'DW_sra'
Information: Added key list 'DesignWare' to design 'NACU_0_0_1_12'. (DDB-72)
  Mapping 'DW_leftsh'
  Processing 'Maxmin_Unit_16_24_DW01_cmp6_0_DW01_cmp6_23'
  Mapping 'Saturation_Unit_24_DW_cmp_0'
  Mapping 'Saturation_Unit_24_DW_cmp_1'
  Mapping 'Saturation_Unit_24_DW_cmp_2'
  Mapping 'Saturation_Unit_24_DW_cmp_3'
  Mapping 'Saturation_Unit_24_DW_cmp_4'
  Mapping 'Saturation_Unit_24_DW_cmp_5'
  Mapping 'Saturation_Unit_24_DW_cmp_6'
  Mapping 'Saturation_Unit_24_DW_cmp_7'
  Mapping 'Saturation_Unit_24_DW_cmp_8'
  Mapping 'Saturation_Unit_24_DW_cmp_9'
  Mapping 'Saturation_Unit_24_DW_cmp_10'
  Mapping 'Saturation_Unit_24_DW_cmp_11'
  Mapping 'Saturation_Unit_24_DW_cmp_12'
  Mapping 'Saturation_Unit_24_DW_cmp_13'
  Processing 'divider_pipe_12_DW_div_pipe_0_DW_div_pipe_11'
  Processing 'divider_pipe_12_DW_div_0_DW_div_11'
  Processing 'divider_pipe_12_DW01_absval_0_DW01_absval_11'
  Processing 'divider_pipe_12_DW01_inc_0_DW01_inc_539'
  Mapping 'DW01_add'
  Mapping 'DW01_add'
  Mapping 'DW01_add'
  Mapping 'DW01_add'
  Mapping 'divider_pipe_12_DW01_add_0'
  Mapping 'divider_pipe_12_DW01_add_1'
  Mapping 'divider_pipe_12_DW01_add_2'
  Mapping 'divider_pipe_12_DW01_add_3'
  Mapping 'divider_pipe_12_DW01_add_4'
  Mapping 'divider_pipe_12_DW01_add_5'
  Mapping 'divider_pipe_12_DW01_add_6'
  Mapping 'divider_pipe_12_DW01_add_7'
  Mapping 'divider_pipe_12_DW01_add_8'
  Mapping 'divider_pipe_12_DW01_add_9'
  Mapping 'divider_pipe_12_DW01_add_10'
  Mapping 'divider_pipe_12_DW01_add_11'
  Mapping 'divider_pipe_12_DW01_add_12'
  Mapping 'divider_pipe_12_DW01_add_13'
  Mapping 'divider_pipe_12_DW01_add_14'
  Mapping 'divider_pipe_12_DW01_add_15'
  Mapping 'divider_pipe_12_DW01_add_16'
  Mapping 'divider_pipe_12_DW01_add_17'
  Mapping 'divider_pipe_12_DW01_add_18'
  Mapping 'divider_pipe_12_DW01_add_19'
  Mapping 'divider_pipe_12_DW01_add_20'
  Mapping 'divider_pipe_12_DW01_add_21'
  Mapping 'divider_pipe_12_DW01_add_22'
  Mapping 'divider_pipe_12_DW01_add_23'
  Mapping 'divider_pipe_12_DW01_add_24'
  Mapping 'divider_pipe_12_DW01_add_25'
  Mapping 'divider_pipe_12_DW01_add_26'
  Mapping 'divider_pipe_12_DW_inc_0'
  Mapping 'divider_pipe_12_DW_inc_1'
  Mapping 'divider_pipe_12_DW_cmp_0'
  Processing 'adder_nbits_32_2_24_DW01_add_0_DW01_add_405'
  Processing 'adder_nbits_32_2_24_DW01_add_1_DW01_add_406'
  Processing 'adder_nbits_32_2_24_DW01_add_2_DW01_add_407'
  Processing 'adder_nbits_32_2_24_DW01_add_3_DW01_add_408'
  Processing 'conf_mul_Beh_16_2_24_DW01_add_0_DW01_add_409'
  Processing 'conf_mul_Beh_16_2_24_DW01_add_1_DW01_add_410'
  Processing 'conf_mul_Beh_8_1_24_DW01_add_0_DW01_add_411'
  Processing 'conf_mul_Beh_8_1_24_DW01_add_1_DW01_add_412'
  Processing 'conf_mul_Beh_9_1_24_DW01_add_0_DW01_add_413'
  Processing 'conf_mul_Beh_9_1_24_DW01_add_1_DW01_add_414'
  Processing 'offset_gen_16_11_12_DW01_sub_0_DW01_sub_119'
  Processing 'twos_compl_16_12_DW01_inc_0_DW01_inc_540'
  Processing 'twos_compl_16_61_DW01_inc_0_DW01_inc_541'
  Processing 'twos_compl_16_62_DW01_inc_0_DW01_inc_542'
  Processing 'twos_compl_16_63_DW01_inc_0_DW01_inc_543'
  Processing 'twos_compl_16_64_DW01_inc_0_DW01_inc_544'
  Processing 'sequencer_12_DW01_add_0_DW01_add_415'
  Processing 'sequencer_12_DW01_inc_0_DW01_inc_545'
  Processing 'sequencer_12_DW01_inc_1_DW01_inc_546'
  Processing 'sequencer_12_DW01_add_1_DW01_add_416'
  Mapping 'sequencer_12_DW_cmp_0'
  Processing 'sequencer_12_DW01_dec_0_DW01_dec_199'
  Processing 'sequencer_12_DW01_inc_2_DW01_inc_547'
  Mapping 'sequencer_12_DW_cmp_1'
  Mapping 'DW_sra'
Information: Added key list 'DesignWare' to design 'RACCU_12'. (DDB-72)
  Processing 'RACCU_12_DW01_sub_0_DW01_sub_120'
  Processing 'RACCU_12_DW01_add_0_DW01_add_417'
  Mapping 'DW_leftsh'
  Processing 'autoloop_12_DW01_inc_0_DW01_inc_548'
  Processing 'autoloop_12_DW01_inc_1_DW01_inc_549'
  Processing 'autoloop_12_DW01_add_0_DW01_add_418'
  Processing 'autoloop_12_DW01_inc_2_DW01_inc_550'
  Processing 'autoloop_12_DW01_add_1_DW01_add_419'
  Processing 'autoloop_12_DW01_inc_3_DW01_inc_551'
  Processing 'autoloop_12_DW01_add_2_DW01_add_420'
  Processing 'autoloop_12_DW01_inc_4_DW01_inc_552'
  Processing 'autoloop_12_DW01_add_3_DW01_add_421'
  Processing 'autoloop_12_DW01_inc_5_DW01_inc_553'
  Processing 'autoloop_12_DW01_dec_0_DW01_dec_200'
  Processing 'autoloop_12_DW01_dec_1_DW01_dec_201'
  Processing 'autoloop_12_DW01_dec_2_DW01_dec_202'
  Processing 'autoloop_12_DW01_dec_3_DW01_dec_203'
  Processing 'autoloop_12_DW01_inc_6_DW01_inc_554'
  Processing 'AGU_RFblock_25_DW01_dec_0_DW01_dec_204'
  Processing 'AGU_RFblock_25_DW01_inc_0_DW01_inc_555'
  Processing 'AGU_RFblock_25_DW01_inc_1_DW01_inc_556'
  Processing 'AGU_RFblock_25_DW01_inc_2_DW01_inc_557'
  Processing 'AGU_RFblock_25_DW01_inc_3_DW01_inc_558'
  Processing 'AGU_RFblock_25_DW01_dec_1_DW01_dec_205'
  Processing 'AGU_RFblock_25_DW01_inc_4_DW01_inc_559'
  Processing 'AGU_49_DW01_sub_0_DW01_sub_121'
  Processing 'AGU_49_DW01_dec_0_DW01_dec_206'
  Processing 'AGU_49_DW01_add_0_DW01_add_422'
  Processing 'AGU_49_DW01_add_1_DW01_add_423'
  Processing 'AGU_49_DW01_inc_0_DW01_inc_560'
  Processing 'AGU_49_DW01_inc_1_DW01_inc_561'
  Processing 'AGU_49_DW01_inc_2_DW01_inc_562'
  Processing 'AGU_49_DW01_inc_3_DW01_inc_563'
  Processing 'AGU_49_DW01_dec_1_DW01_dec_207'
  Processing 'AGU_49_DW01_inc_4_DW01_inc_564'
  Processing 'AGU_50_DW01_sub_0_DW01_sub_122'
  Processing 'AGU_50_DW01_dec_0_DW01_dec_208'
  Processing 'AGU_50_DW01_add_0_DW01_add_424'
  Processing 'AGU_50_DW01_add_1_DW01_add_425'
  Processing 'AGU_50_DW01_inc_0_DW01_inc_565'
  Processing 'AGU_50_DW01_inc_1_DW01_inc_566'
  Processing 'AGU_50_DW01_inc_2_DW01_inc_567'
  Processing 'AGU_50_DW01_inc_3_DW01_inc_568'
  Processing 'AGU_50_DW01_dec_1_DW01_dec_209'
  Processing 'AGU_50_DW01_inc_4_DW01_inc_569'
  Processing 'AGU_RFblock_26_DW01_dec_0_DW01_dec_210'
  Processing 'AGU_RFblock_26_DW01_inc_0_DW01_inc_570'
  Processing 'AGU_RFblock_26_DW01_inc_1_DW01_inc_571'
  Processing 'AGU_RFblock_26_DW01_inc_2_DW01_inc_572'
  Processing 'AGU_RFblock_26_DW01_inc_3_DW01_inc_573'
  Processing 'AGU_RFblock_26_DW01_dec_1_DW01_dec_211'
  Processing 'AGU_RFblock_26_DW01_inc_4_DW01_inc_574'
  Processing 'AGU_51_DW01_sub_0_DW01_sub_123'
  Processing 'AGU_51_DW01_dec_0_DW01_dec_212'
  Processing 'AGU_51_DW01_add_0_DW01_add_426'
  Processing 'AGU_51_DW01_add_1_DW01_add_427'
  Processing 'AGU_51_DW01_inc_0_DW01_inc_575'
  Processing 'AGU_51_DW01_inc_1_DW01_inc_576'
  Processing 'AGU_51_DW01_inc_2_DW01_inc_577'
  Processing 'AGU_51_DW01_inc_3_DW01_inc_578'
  Processing 'AGU_51_DW01_dec_1_DW01_dec_213'
  Processing 'AGU_51_DW01_inc_4_DW01_inc_579'
  Processing 'AGU_52_DW01_sub_0_DW01_sub_124'
  Processing 'AGU_52_DW01_dec_0_DW01_dec_214'
  Processing 'AGU_52_DW01_add_0_DW01_add_428'
  Processing 'AGU_52_DW01_add_1_DW01_add_429'
  Processing 'AGU_52_DW01_inc_0_DW01_inc_580'
  Processing 'AGU_52_DW01_inc_1_DW01_inc_581'
  Processing 'AGU_52_DW01_inc_2_DW01_inc_582'
  Processing 'AGU_52_DW01_inc_3_DW01_inc_583'
  Processing 'AGU_52_DW01_dec_1_DW01_dec_215'
  Processing 'AGU_52_DW01_inc_4_DW01_inc_584'
  Processing 'DPU_13_DW01_sub_0_DW01_sub_125'
  Processing 'DPU_13_DW01_sub_1_DW01_sub_126'
  Processing 'DPU_13_DW01_sub_2_DW01_sub_127'
  Processing 'DPU_13_DW01_sub_3_DW01_sub_128'
  Mapping 'Sat_n_round_25_DW_cmp_0'
  Mapping 'Sat_n_round_25_DW_cmp_1'
  Mapping 'Sat_n_round_25_DW_cmp_2'
  Mapping 'Sat_n_round_25_DW_cmp_3'
  Mapping 'Sat_n_round_25_DW_cmp_4'
  Mapping 'Sat_n_round_25_DW_cmp_5'
  Mapping 'Sat_n_round_25_DW_cmp_6'
  Mapping 'Sat_n_round_25_DW_cmp_7'
  Mapping 'Sat_n_round_25_DW_cmp_8'
  Mapping 'Sat_n_round_25_DW_cmp_9'
  Mapping 'Sat_n_round_25_DW_cmp_10'
  Mapping 'Sat_n_round_25_DW_cmp_11'
  Mapping 'Sat_n_round_25_DW_cmp_12'
  Mapping 'Sat_n_round_25_DW_cmp_13'
  Mapping 'Sat_n_round_25_DW_cmp_14'
  Mapping 'Sat_n_round_25_DW_cmp_15'
  Mapping 'Sat_n_round_26_DW_cmp_0'
  Mapping 'Sat_n_round_26_DW_cmp_1'
  Mapping 'Sat_n_round_26_DW_cmp_2'
  Mapping 'Sat_n_round_26_DW_cmp_3'
  Mapping 'Sat_n_round_26_DW_cmp_4'
  Mapping 'Sat_n_round_26_DW_cmp_5'
  Mapping 'Sat_n_round_26_DW_cmp_6'
  Mapping 'Sat_n_round_26_DW_cmp_7'
  Mapping 'Sat_n_round_26_DW_cmp_8'
  Mapping 'Sat_n_round_26_DW_cmp_9'
  Mapping 'Sat_n_round_26_DW_cmp_10'
  Mapping 'Sat_n_round_26_DW_cmp_11'
  Mapping 'Sat_n_round_26_DW_cmp_12'
  Mapping 'Sat_n_round_26_DW_cmp_13'
  Mapping 'Sat_n_round_26_DW_cmp_14'
  Mapping 'Sat_n_round_26_DW_cmp_15'
  Mapping 'DW_sra'
Information: Added key list 'DesignWare' to design 'NACU_0_0_0_13'. (DDB-72)
  Mapping 'DW_leftsh'
  Processing 'Maxmin_Unit_16_25_DW01_cmp6_0_DW01_cmp6_24'
  Mapping 'Saturation_Unit_25_DW_cmp_0'
  Mapping 'Saturation_Unit_25_DW_cmp_1'
  Mapping 'Saturation_Unit_25_DW_cmp_2'
  Mapping 'Saturation_Unit_25_DW_cmp_3'
  Mapping 'Saturation_Unit_25_DW_cmp_4'
  Mapping 'Saturation_Unit_25_DW_cmp_5'
  Mapping 'Saturation_Unit_25_DW_cmp_6'
  Mapping 'Saturation_Unit_25_DW_cmp_7'
  Mapping 'Saturation_Unit_25_DW_cmp_8'
  Mapping 'Saturation_Unit_25_DW_cmp_9'
  Mapping 'Saturation_Unit_25_DW_cmp_10'
  Mapping 'Saturation_Unit_25_DW_cmp_11'
  Mapping 'Saturation_Unit_25_DW_cmp_12'
  Mapping 'Saturation_Unit_25_DW_cmp_13'
  Processing 'adder_nbits_32_2_25_DW01_add_0_DW01_add_430'
  Processing 'adder_nbits_32_2_25_DW01_add_1_DW01_add_431'
  Processing 'adder_nbits_32_2_25_DW01_add_2_DW01_add_432'
  Processing 'adder_nbits_32_2_25_DW01_add_3_DW01_add_433'
  Processing 'conf_mul_Beh_16_2_25_DW01_add_0_DW01_add_434'
  Processing 'conf_mul_Beh_16_2_25_DW01_add_1_DW01_add_435'
  Processing 'conf_mul_Beh_8_1_25_DW01_add_0_DW01_add_436'
  Processing 'conf_mul_Beh_8_1_25_DW01_add_1_DW01_add_437'
  Processing 'conf_mul_Beh_9_1_25_DW01_add_0_DW01_add_438'
  Processing 'conf_mul_Beh_9_1_25_DW01_add_1_DW01_add_439'
  Mapping 'DW_sra'
Information: Added key list 'DesignWare' to design 'NACU_0_0_1_13'. (DDB-72)
  Mapping 'DW_leftsh'
  Processing 'Maxmin_Unit_16_26_DW01_cmp6_0_DW01_cmp6_25'
  Mapping 'Saturation_Unit_26_DW_cmp_0'
  Mapping 'Saturation_Unit_26_DW_cmp_1'
  Mapping 'Saturation_Unit_26_DW_cmp_2'
  Mapping 'Saturation_Unit_26_DW_cmp_3'
  Mapping 'Saturation_Unit_26_DW_cmp_4'
  Mapping 'Saturation_Unit_26_DW_cmp_5'
  Mapping 'Saturation_Unit_26_DW_cmp_6'
  Mapping 'Saturation_Unit_26_DW_cmp_7'
  Mapping 'Saturation_Unit_26_DW_cmp_8'
  Mapping 'Saturation_Unit_26_DW_cmp_9'
  Mapping 'Saturation_Unit_26_DW_cmp_10'
  Mapping 'Saturation_Unit_26_DW_cmp_11'
  Mapping 'Saturation_Unit_26_DW_cmp_12'
  Mapping 'Saturation_Unit_26_DW_cmp_13'
  Processing 'divider_pipe_13_DW_div_pipe_0_DW_div_pipe_12'
  Processing 'divider_pipe_13_DW_div_0_DW_div_12'
  Processing 'divider_pipe_13_DW01_absval_0_DW01_absval_12'
  Processing 'divider_pipe_13_DW01_inc_0_DW01_inc_585'
  Mapping 'DW01_add'
  Mapping 'DW01_add'
  Mapping 'DW01_add'
  Mapping 'DW01_add'
  Mapping 'divider_pipe_13_DW01_add_0'
  Mapping 'divider_pipe_13_DW01_add_1'
  Mapping 'divider_pipe_13_DW01_add_2'
  Mapping 'divider_pipe_13_DW01_add_3'
  Mapping 'divider_pipe_13_DW01_add_4'
  Mapping 'divider_pipe_13_DW01_add_5'
  Mapping 'divider_pipe_13_DW01_add_6'
  Mapping 'divider_pipe_13_DW01_add_7'
  Mapping 'divider_pipe_13_DW01_add_8'
  Mapping 'divider_pipe_13_DW01_add_9'
  Mapping 'divider_pipe_13_DW01_add_10'
  Mapping 'divider_pipe_13_DW01_add_11'
  Mapping 'divider_pipe_13_DW01_add_12'
  Mapping 'divider_pipe_13_DW01_add_13'
  Mapping 'divider_pipe_13_DW01_add_14'
  Mapping 'divider_pipe_13_DW01_add_15'
  Mapping 'divider_pipe_13_DW01_add_16'
  Mapping 'divider_pipe_13_DW01_add_17'
  Mapping 'divider_pipe_13_DW01_add_18'
  Mapping 'divider_pipe_13_DW01_add_19'
  Mapping 'divider_pipe_13_DW01_add_20'
  Mapping 'divider_pipe_13_DW01_add_21'
  Mapping 'divider_pipe_13_DW01_add_22'
  Mapping 'divider_pipe_13_DW01_add_23'
  Mapping 'divider_pipe_13_DW01_add_24'
  Mapping 'divider_pipe_13_DW01_add_25'
  Mapping 'divider_pipe_13_DW01_add_26'
  Mapping 'divider_pipe_13_DW_inc_0'
  Mapping 'divider_pipe_13_DW_inc_1'
  Mapping 'divider_pipe_13_DW_cmp_0'
  Processing 'adder_nbits_32_2_26_DW01_add_0_DW01_add_440'
  Processing 'adder_nbits_32_2_26_DW01_add_1_DW01_add_441'
  Processing 'adder_nbits_32_2_26_DW01_add_2_DW01_add_442'
  Processing 'adder_nbits_32_2_26_DW01_add_3_DW01_add_443'
  Processing 'conf_mul_Beh_16_2_26_DW01_add_0_DW01_add_444'
  Processing 'conf_mul_Beh_16_2_26_DW01_add_1_DW01_add_445'
  Processing 'conf_mul_Beh_8_1_26_DW01_add_0_DW01_add_446'
  Processing 'conf_mul_Beh_8_1_26_DW01_add_1_DW01_add_447'
  Processing 'conf_mul_Beh_9_1_26_DW01_add_0_DW01_add_448'
  Processing 'conf_mul_Beh_9_1_26_DW01_add_1_DW01_add_449'
  Processing 'offset_gen_16_11_13_DW01_sub_0_DW01_sub_129'
  Processing 'twos_compl_16_13_DW01_inc_0_DW01_inc_586'
  Processing 'twos_compl_16_65_DW01_inc_0_DW01_inc_587'
  Processing 'twos_compl_16_66_DW01_inc_0_DW01_inc_588'
  Processing 'twos_compl_16_67_DW01_inc_0_DW01_inc_589'
  Processing 'twos_compl_16_68_DW01_inc_0_DW01_inc_590'
  Processing 'sequencer_13_DW01_add_0_DW01_add_450'
  Processing 'sequencer_13_DW01_inc_0_DW01_inc_591'
  Processing 'sequencer_13_DW01_inc_1_DW01_inc_592'
  Processing 'sequencer_13_DW01_add_1_DW01_add_451'
  Mapping 'sequencer_13_DW_cmp_0'
  Processing 'sequencer_13_DW01_dec_0_DW01_dec_216'
  Processing 'sequencer_13_DW01_inc_2_DW01_inc_593'
  Mapping 'sequencer_13_DW_cmp_1'
  Mapping 'DW_sra'
Information: Added key list 'DesignWare' to design 'RACCU_13'. (DDB-72)
  Processing 'RACCU_13_DW01_sub_0_DW01_sub_130'
  Processing 'RACCU_13_DW01_add_0_DW01_add_452'
  Mapping 'DW_leftsh'
  Processing 'autoloop_13_DW01_inc_0_DW01_inc_594'
  Processing 'autoloop_13_DW01_inc_1_DW01_inc_595'
  Processing 'autoloop_13_DW01_add_0_DW01_add_453'
  Processing 'autoloop_13_DW01_inc_2_DW01_inc_596'
  Processing 'autoloop_13_DW01_add_1_DW01_add_454'
  Processing 'autoloop_13_DW01_inc_3_DW01_inc_597'
  Processing 'autoloop_13_DW01_add_2_DW01_add_455'
  Processing 'autoloop_13_DW01_inc_4_DW01_inc_598'
  Processing 'autoloop_13_DW01_add_3_DW01_add_456'
  Processing 'autoloop_13_DW01_inc_5_DW01_inc_599'
  Processing 'autoloop_13_DW01_dec_0_DW01_dec_217'
  Processing 'autoloop_13_DW01_dec_1_DW01_dec_218'
  Processing 'autoloop_13_DW01_dec_2_DW01_dec_219'
  Processing 'autoloop_13_DW01_dec_3_DW01_dec_220'
  Processing 'autoloop_13_DW01_inc_6_DW01_inc_600'
  Processing 'AGU_RFblock_27_DW01_dec_0_DW01_dec_221'
  Processing 'AGU_RFblock_27_DW01_inc_0_DW01_inc_601'
  Processing 'AGU_RFblock_27_DW01_inc_1_DW01_inc_602'
  Processing 'AGU_RFblock_27_DW01_inc_2_DW01_inc_603'
  Processing 'AGU_RFblock_27_DW01_inc_3_DW01_inc_604'
  Processing 'AGU_RFblock_27_DW01_dec_1_DW01_dec_222'
  Processing 'AGU_RFblock_27_DW01_inc_4_DW01_inc_605'
  Processing 'AGU_53_DW01_sub_0_DW01_sub_131'
  Processing 'AGU_53_DW01_dec_0_DW01_dec_223'
  Processing 'AGU_53_DW01_add_0_DW01_add_457'
  Processing 'AGU_53_DW01_add_1_DW01_add_458'
  Processing 'AGU_53_DW01_inc_0_DW01_inc_606'
  Processing 'AGU_53_DW01_inc_1_DW01_inc_607'
  Processing 'AGU_53_DW01_inc_2_DW01_inc_608'
  Processing 'AGU_53_DW01_inc_3_DW01_inc_609'
  Processing 'AGU_53_DW01_dec_1_DW01_dec_224'
  Processing 'AGU_53_DW01_inc_4_DW01_inc_610'
  Processing 'AGU_54_DW01_sub_0_DW01_sub_132'
  Processing 'AGU_54_DW01_dec_0_DW01_dec_225'
  Processing 'AGU_54_DW01_add_0_DW01_add_459'
  Processing 'AGU_54_DW01_add_1_DW01_add_460'
  Processing 'AGU_54_DW01_inc_0_DW01_inc_611'
  Processing 'AGU_54_DW01_inc_1_DW01_inc_612'
  Processing 'AGU_54_DW01_inc_2_DW01_inc_613'
  Processing 'AGU_54_DW01_inc_3_DW01_inc_614'
  Processing 'AGU_54_DW01_dec_1_DW01_dec_226'
  Processing 'AGU_54_DW01_inc_4_DW01_inc_615'
  Processing 'AGU_RFblock_28_DW01_dec_0_DW01_dec_227'
  Processing 'AGU_RFblock_28_DW01_inc_0_DW01_inc_616'
  Processing 'AGU_RFblock_28_DW01_inc_1_DW01_inc_617'
  Processing 'AGU_RFblock_28_DW01_inc_2_DW01_inc_618'
  Processing 'AGU_RFblock_28_DW01_inc_3_DW01_inc_619'
  Processing 'AGU_RFblock_28_DW01_dec_1_DW01_dec_228'
  Processing 'AGU_RFblock_28_DW01_inc_4_DW01_inc_620'
  Processing 'AGU_55_DW01_sub_0_DW01_sub_133'
  Processing 'AGU_55_DW01_dec_0_DW01_dec_229'
  Processing 'AGU_55_DW01_add_0_DW01_add_461'
  Processing 'AGU_55_DW01_add_1_DW01_add_462'
  Processing 'AGU_55_DW01_inc_0_DW01_inc_621'
  Processing 'AGU_55_DW01_inc_1_DW01_inc_622'
  Processing 'AGU_55_DW01_inc_2_DW01_inc_623'
  Processing 'AGU_55_DW01_inc_3_DW01_inc_624'
  Processing 'AGU_55_DW01_dec_1_DW01_dec_230'
  Processing 'AGU_55_DW01_inc_4_DW01_inc_625'
  Processing 'AGU_56_DW01_sub_0_DW01_sub_134'
  Processing 'AGU_56_DW01_dec_0_DW01_dec_231'
  Processing 'AGU_56_DW01_add_0_DW01_add_463'
  Processing 'AGU_56_DW01_add_1_DW01_add_464'
  Processing 'AGU_56_DW01_inc_0_DW01_inc_626'
  Processing 'AGU_56_DW01_inc_1_DW01_inc_627'
  Processing 'AGU_56_DW01_inc_2_DW01_inc_628'
  Processing 'AGU_56_DW01_inc_3_DW01_inc_629'
  Processing 'AGU_56_DW01_dec_1_DW01_dec_232'
  Processing 'AGU_56_DW01_inc_4_DW01_inc_630'
  Processing 'DPU_14_DW01_sub_0_DW01_sub_135'
  Processing 'DPU_14_DW01_sub_1_DW01_sub_136'
  Processing 'DPU_14_DW01_sub_2_DW01_sub_137'
  Processing 'DPU_14_DW01_sub_3_DW01_sub_138'
  Mapping 'Sat_n_round_27_DW_cmp_0'
  Mapping 'Sat_n_round_27_DW_cmp_1'
  Mapping 'Sat_n_round_27_DW_cmp_2'
  Mapping 'Sat_n_round_27_DW_cmp_3'
  Mapping 'Sat_n_round_27_DW_cmp_4'
  Mapping 'Sat_n_round_27_DW_cmp_5'
  Mapping 'Sat_n_round_27_DW_cmp_6'
  Mapping 'Sat_n_round_27_DW_cmp_7'
  Mapping 'Sat_n_round_27_DW_cmp_8'
  Mapping 'Sat_n_round_27_DW_cmp_9'
  Mapping 'Sat_n_round_27_DW_cmp_10'
  Mapping 'Sat_n_round_27_DW_cmp_11'
  Mapping 'Sat_n_round_27_DW_cmp_12'
  Mapping 'Sat_n_round_27_DW_cmp_13'
  Mapping 'Sat_n_round_27_DW_cmp_14'
  Mapping 'Sat_n_round_27_DW_cmp_15'
  Mapping 'Sat_n_round_28_DW_cmp_0'
  Mapping 'Sat_n_round_28_DW_cmp_1'
  Mapping 'Sat_n_round_28_DW_cmp_2'
  Mapping 'Sat_n_round_28_DW_cmp_3'
  Mapping 'Sat_n_round_28_DW_cmp_4'
  Mapping 'Sat_n_round_28_DW_cmp_5'
  Mapping 'Sat_n_round_28_DW_cmp_6'
  Mapping 'Sat_n_round_28_DW_cmp_7'
  Mapping 'Sat_n_round_28_DW_cmp_8'
  Mapping 'Sat_n_round_28_DW_cmp_9'
  Mapping 'Sat_n_round_28_DW_cmp_10'
  Mapping 'Sat_n_round_28_DW_cmp_11'
  Mapping 'Sat_n_round_28_DW_cmp_12'
  Mapping 'Sat_n_round_28_DW_cmp_13'
  Mapping 'Sat_n_round_28_DW_cmp_14'
  Mapping 'Sat_n_round_28_DW_cmp_15'
  Mapping 'DW_sra'
Information: Added key list 'DesignWare' to design 'NACU_0_0_0_14'. (DDB-72)
  Mapping 'DW_leftsh'
  Processing 'Maxmin_Unit_16_27_DW01_cmp6_0_DW01_cmp6_26'
  Mapping 'Saturation_Unit_27_DW_cmp_0'
  Mapping 'Saturation_Unit_27_DW_cmp_1'
  Mapping 'Saturation_Unit_27_DW_cmp_2'
  Mapping 'Saturation_Unit_27_DW_cmp_3'
  Mapping 'Saturation_Unit_27_DW_cmp_4'
  Mapping 'Saturation_Unit_27_DW_cmp_5'
  Mapping 'Saturation_Unit_27_DW_cmp_6'
  Mapping 'Saturation_Unit_27_DW_cmp_7'
  Mapping 'Saturation_Unit_27_DW_cmp_8'
  Mapping 'Saturation_Unit_27_DW_cmp_9'
  Mapping 'Saturation_Unit_27_DW_cmp_10'
  Mapping 'Saturation_Unit_27_DW_cmp_11'
  Mapping 'Saturation_Unit_27_DW_cmp_12'
  Mapping 'Saturation_Unit_27_DW_cmp_13'
  Processing 'adder_nbits_32_2_27_DW01_add_0_DW01_add_465'
  Processing 'adder_nbits_32_2_27_DW01_add_1_DW01_add_466'
  Processing 'adder_nbits_32_2_27_DW01_add_2_DW01_add_467'
  Processing 'adder_nbits_32_2_27_DW01_add_3_DW01_add_468'
  Processing 'conf_mul_Beh_16_2_27_DW01_add_0_DW01_add_469'
  Processing 'conf_mul_Beh_16_2_27_DW01_add_1_DW01_add_470'
  Processing 'conf_mul_Beh_8_1_27_DW01_add_0_DW01_add_471'
  Processing 'conf_mul_Beh_8_1_27_DW01_add_1_DW01_add_472'
  Processing 'conf_mul_Beh_9_1_27_DW01_add_0_DW01_add_473'
  Processing 'conf_mul_Beh_9_1_27_DW01_add_1_DW01_add_474'
  Mapping 'DW_sra'
Information: Added key list 'DesignWare' to design 'NACU_0_0_1_14'. (DDB-72)
  Mapping 'DW_leftsh'
  Processing 'Maxmin_Unit_16_28_DW01_cmp6_0_DW01_cmp6_27'
  Mapping 'Saturation_Unit_28_DW_cmp_0'
  Mapping 'Saturation_Unit_28_DW_cmp_1'
  Mapping 'Saturation_Unit_28_DW_cmp_2'
  Mapping 'Saturation_Unit_28_DW_cmp_3'
  Mapping 'Saturation_Unit_28_DW_cmp_4'
  Mapping 'Saturation_Unit_28_DW_cmp_5'
  Mapping 'Saturation_Unit_28_DW_cmp_6'
  Mapping 'Saturation_Unit_28_DW_cmp_7'
  Mapping 'Saturation_Unit_28_DW_cmp_8'
  Mapping 'Saturation_Unit_28_DW_cmp_9'
  Mapping 'Saturation_Unit_28_DW_cmp_10'
  Mapping 'Saturation_Unit_28_DW_cmp_11'
  Mapping 'Saturation_Unit_28_DW_cmp_12'
  Mapping 'Saturation_Unit_28_DW_cmp_13'
  Processing 'divider_pipe_14_DW_div_pipe_0_DW_div_pipe_13'
  Processing 'divider_pipe_14_DW_div_0_DW_div_13'
  Processing 'divider_pipe_14_DW01_absval_0_DW01_absval_13'
  Processing 'divider_pipe_14_DW01_inc_0_DW01_inc_631'
  Mapping 'DW01_add'
  Mapping 'DW01_add'
  Mapping 'DW01_add'
  Mapping 'DW01_add'
  Mapping 'divider_pipe_14_DW01_add_0'
  Mapping 'divider_pipe_14_DW01_add_1'
  Mapping 'divider_pipe_14_DW01_add_2'
  Mapping 'divider_pipe_14_DW01_add_3'
  Mapping 'divider_pipe_14_DW01_add_4'
  Mapping 'divider_pipe_14_DW01_add_5'
  Mapping 'divider_pipe_14_DW01_add_6'
  Mapping 'divider_pipe_14_DW01_add_7'
  Mapping 'divider_pipe_14_DW01_add_8'
  Mapping 'divider_pipe_14_DW01_add_9'
  Mapping 'divider_pipe_14_DW01_add_10'
  Mapping 'divider_pipe_14_DW01_add_11'
  Mapping 'divider_pipe_14_DW01_add_12'
  Mapping 'divider_pipe_14_DW01_add_13'
  Mapping 'divider_pipe_14_DW01_add_14'
  Mapping 'divider_pipe_14_DW01_add_15'
  Mapping 'divider_pipe_14_DW01_add_16'
  Mapping 'divider_pipe_14_DW01_add_17'
  Mapping 'divider_pipe_14_DW01_add_18'
  Mapping 'divider_pipe_14_DW01_add_19'
  Mapping 'divider_pipe_14_DW01_add_20'
  Mapping 'divider_pipe_14_DW01_add_21'
  Mapping 'divider_pipe_14_DW01_add_22'
  Mapping 'divider_pipe_14_DW01_add_23'
  Mapping 'divider_pipe_14_DW01_add_24'
  Mapping 'divider_pipe_14_DW01_add_25'
  Mapping 'divider_pipe_14_DW01_add_26'
  Mapping 'divider_pipe_14_DW_inc_0'
  Mapping 'divider_pipe_14_DW_inc_1'
  Mapping 'divider_pipe_14_DW_cmp_0'
  Processing 'adder_nbits_32_2_28_DW01_add_0_DW01_add_475'
  Processing 'adder_nbits_32_2_28_DW01_add_1_DW01_add_476'
  Processing 'adder_nbits_32_2_28_DW01_add_2_DW01_add_477'
  Processing 'adder_nbits_32_2_28_DW01_add_3_DW01_add_478'
  Processing 'conf_mul_Beh_16_2_28_DW01_add_0_DW01_add_479'
  Processing 'conf_mul_Beh_16_2_28_DW01_add_1_DW01_add_480'
  Processing 'conf_mul_Beh_8_1_28_DW01_add_0_DW01_add_481'
  Processing 'conf_mul_Beh_8_1_28_DW01_add_1_DW01_add_482'
  Processing 'conf_mul_Beh_9_1_28_DW01_add_0_DW01_add_483'
  Processing 'conf_mul_Beh_9_1_28_DW01_add_1_DW01_add_484'
  Processing 'offset_gen_16_11_14_DW01_sub_0_DW01_sub_139'
  Processing 'twos_compl_16_14_DW01_inc_0_DW01_inc_632'
  Processing 'twos_compl_16_69_DW01_inc_0_DW01_inc_633'
  Processing 'twos_compl_16_70_DW01_inc_0_DW01_inc_634'
  Processing 'twos_compl_16_71_DW01_inc_0_DW01_inc_635'
  Processing 'twos_compl_16_72_DW01_inc_0_DW01_inc_636'
  Processing 'sequencer_14_DW01_add_0_DW01_add_485'
  Processing 'sequencer_14_DW01_inc_0_DW01_inc_637'
  Processing 'sequencer_14_DW01_inc_1_DW01_inc_638'
  Processing 'sequencer_14_DW01_add_1_DW01_add_486'
  Mapping 'sequencer_14_DW_cmp_0'
  Processing 'sequencer_14_DW01_dec_0_DW01_dec_233'
  Processing 'sequencer_14_DW01_inc_2_DW01_inc_639'
  Mapping 'sequencer_14_DW_cmp_1'
  Mapping 'DW_sra'
Information: Added key list 'DesignWare' to design 'RACCU_14'. (DDB-72)
  Processing 'RACCU_14_DW01_sub_0_DW01_sub_140'
  Processing 'RACCU_14_DW01_add_0_DW01_add_487'
  Mapping 'DW_leftsh'
  Processing 'autoloop_14_DW01_inc_0_DW01_inc_640'
  Processing 'autoloop_14_DW01_inc_1_DW01_inc_641'
  Processing 'autoloop_14_DW01_add_0_DW01_add_488'
  Processing 'autoloop_14_DW01_inc_2_DW01_inc_642'
  Processing 'autoloop_14_DW01_add_1_DW01_add_489'
  Processing 'autoloop_14_DW01_inc_3_DW01_inc_643'
  Processing 'autoloop_14_DW01_add_2_DW01_add_490'
  Processing 'autoloop_14_DW01_inc_4_DW01_inc_644'
  Processing 'autoloop_14_DW01_add_3_DW01_add_491'
  Processing 'autoloop_14_DW01_inc_5_DW01_inc_645'
  Processing 'autoloop_14_DW01_dec_0_DW01_dec_234'
  Processing 'autoloop_14_DW01_dec_1_DW01_dec_235'
  Processing 'autoloop_14_DW01_dec_2_DW01_dec_236'
  Processing 'autoloop_14_DW01_dec_3_DW01_dec_237'
  Processing 'autoloop_14_DW01_inc_6_DW01_inc_646'
  Processing 'AGU_RFblock_29_DW01_dec_0_DW01_dec_238'
  Processing 'AGU_RFblock_29_DW01_inc_0_DW01_inc_647'
  Processing 'AGU_RFblock_29_DW01_inc_1_DW01_inc_648'
  Processing 'AGU_RFblock_29_DW01_inc_2_DW01_inc_649'
  Processing 'AGU_RFblock_29_DW01_inc_3_DW01_inc_650'
  Processing 'AGU_RFblock_29_DW01_dec_1_DW01_dec_239'
  Processing 'AGU_RFblock_29_DW01_inc_4_DW01_inc_651'
  Processing 'AGU_57_DW01_sub_0_DW01_sub_141'
  Processing 'AGU_57_DW01_dec_0_DW01_dec_240'
  Processing 'AGU_57_DW01_add_0_DW01_add_492'
  Processing 'AGU_57_DW01_add_1_DW01_add_493'
  Processing 'AGU_57_DW01_inc_0_DW01_inc_652'
  Processing 'AGU_57_DW01_inc_1_DW01_inc_653'
  Processing 'AGU_57_DW01_inc_2_DW01_inc_654'
  Processing 'AGU_57_DW01_inc_3_DW01_inc_655'
  Processing 'AGU_57_DW01_dec_1_DW01_dec_241'
  Processing 'AGU_57_DW01_inc_4_DW01_inc_656'
  Processing 'AGU_58_DW01_sub_0_DW01_sub_142'
  Processing 'AGU_58_DW01_dec_0_DW01_dec_242'
  Processing 'AGU_58_DW01_add_0_DW01_add_494'
  Processing 'AGU_58_DW01_add_1_DW01_add_495'
  Processing 'AGU_58_DW01_inc_0_DW01_inc_657'
  Processing 'AGU_58_DW01_inc_1_DW01_inc_658'
  Processing 'AGU_58_DW01_inc_2_DW01_inc_659'
  Processing 'AGU_58_DW01_inc_3_DW01_inc_660'
  Processing 'AGU_58_DW01_dec_1_DW01_dec_243'
  Processing 'AGU_58_DW01_inc_4_DW01_inc_661'
  Processing 'AGU_RFblock_30_DW01_dec_0_DW01_dec_244'
  Processing 'AGU_RFblock_30_DW01_inc_0_DW01_inc_662'
  Processing 'AGU_RFblock_30_DW01_inc_1_DW01_inc_663'
  Processing 'AGU_RFblock_30_DW01_inc_2_DW01_inc_664'
  Processing 'AGU_RFblock_30_DW01_inc_3_DW01_inc_665'
  Processing 'AGU_RFblock_30_DW01_dec_1_DW01_dec_245'
  Processing 'AGU_RFblock_30_DW01_inc_4_DW01_inc_666'
  Processing 'AGU_59_DW01_sub_0_DW01_sub_143'
  Processing 'AGU_59_DW01_dec_0_DW01_dec_246'
  Processing 'AGU_59_DW01_add_0_DW01_add_496'
  Processing 'AGU_59_DW01_add_1_DW01_add_497'
  Processing 'AGU_59_DW01_inc_0_DW01_inc_667'
  Processing 'AGU_59_DW01_inc_1_DW01_inc_668'
  Processing 'AGU_59_DW01_inc_2_DW01_inc_669'
  Processing 'AGU_59_DW01_inc_3_DW01_inc_670'
  Processing 'AGU_59_DW01_dec_1_DW01_dec_247'
  Processing 'AGU_59_DW01_inc_4_DW01_inc_671'
  Processing 'AGU_60_DW01_sub_0_DW01_sub_144'
  Processing 'AGU_60_DW01_dec_0_DW01_dec_248'
  Processing 'AGU_60_DW01_add_0_DW01_add_498'
  Processing 'AGU_60_DW01_add_1_DW01_add_499'
  Processing 'AGU_60_DW01_inc_0_DW01_inc_672'
  Processing 'AGU_60_DW01_inc_1_DW01_inc_673'
  Processing 'AGU_60_DW01_inc_2_DW01_inc_674'
  Processing 'AGU_60_DW01_inc_3_DW01_inc_675'
  Processing 'AGU_60_DW01_dec_1_DW01_dec_249'
  Processing 'AGU_60_DW01_inc_4_DW01_inc_676'
  Processing 'DPU_15_DW01_sub_0_DW01_sub_145'
  Processing 'DPU_15_DW01_sub_1_DW01_sub_146'
  Processing 'DPU_15_DW01_sub_2_DW01_sub_147'
  Processing 'DPU_15_DW01_sub_3_DW01_sub_148'
  Mapping 'Sat_n_round_29_DW_cmp_0'
  Mapping 'Sat_n_round_29_DW_cmp_1'
  Mapping 'Sat_n_round_29_DW_cmp_2'
  Mapping 'Sat_n_round_29_DW_cmp_3'
  Mapping 'Sat_n_round_29_DW_cmp_4'
  Mapping 'Sat_n_round_29_DW_cmp_5'
  Mapping 'Sat_n_round_29_DW_cmp_6'
  Mapping 'Sat_n_round_29_DW_cmp_7'
  Mapping 'Sat_n_round_29_DW_cmp_8'
  Mapping 'Sat_n_round_29_DW_cmp_9'
  Mapping 'Sat_n_round_29_DW_cmp_10'
  Mapping 'Sat_n_round_29_DW_cmp_11'
  Mapping 'Sat_n_round_29_DW_cmp_12'
  Mapping 'Sat_n_round_29_DW_cmp_13'
  Mapping 'Sat_n_round_29_DW_cmp_14'
  Mapping 'Sat_n_round_29_DW_cmp_15'
  Mapping 'Sat_n_round_30_DW_cmp_0'
  Mapping 'Sat_n_round_30_DW_cmp_1'
  Mapping 'Sat_n_round_30_DW_cmp_2'
  Mapping 'Sat_n_round_30_DW_cmp_3'
  Mapping 'Sat_n_round_30_DW_cmp_4'
  Mapping 'Sat_n_round_30_DW_cmp_5'
  Mapping 'Sat_n_round_30_DW_cmp_6'
  Mapping 'Sat_n_round_30_DW_cmp_7'
  Mapping 'Sat_n_round_30_DW_cmp_8'
  Mapping 'Sat_n_round_30_DW_cmp_9'
  Mapping 'Sat_n_round_30_DW_cmp_10'
  Mapping 'Sat_n_round_30_DW_cmp_11'
  Mapping 'Sat_n_round_30_DW_cmp_12'
  Mapping 'Sat_n_round_30_DW_cmp_13'
  Mapping 'Sat_n_round_30_DW_cmp_14'
  Mapping 'Sat_n_round_30_DW_cmp_15'
  Mapping 'DW_sra'
Information: Added key list 'DesignWare' to design 'NACU_0_0_0_15'. (DDB-72)
  Mapping 'DW_leftsh'
  Processing 'Maxmin_Unit_16_29_DW01_cmp6_0_DW01_cmp6_28'
  Mapping 'Saturation_Unit_29_DW_cmp_0'
  Mapping 'Saturation_Unit_29_DW_cmp_1'
  Mapping 'Saturation_Unit_29_DW_cmp_2'
  Mapping 'Saturation_Unit_29_DW_cmp_3'
  Mapping 'Saturation_Unit_29_DW_cmp_4'
  Mapping 'Saturation_Unit_29_DW_cmp_5'
  Mapping 'Saturation_Unit_29_DW_cmp_6'
  Mapping 'Saturation_Unit_29_DW_cmp_7'
  Mapping 'Saturation_Unit_29_DW_cmp_8'
  Mapping 'Saturation_Unit_29_DW_cmp_9'
  Mapping 'Saturation_Unit_29_DW_cmp_10'
  Mapping 'Saturation_Unit_29_DW_cmp_11'
  Mapping 'Saturation_Unit_29_DW_cmp_12'
  Mapping 'Saturation_Unit_29_DW_cmp_13'
  Processing 'adder_nbits_32_2_29_DW01_add_0_DW01_add_500'
  Processing 'adder_nbits_32_2_29_DW01_add_1_DW01_add_501'
  Processing 'adder_nbits_32_2_29_DW01_add_2_DW01_add_502'
  Processing 'adder_nbits_32_2_29_DW01_add_3_DW01_add_503'
  Processing 'conf_mul_Beh_16_2_29_DW01_add_0_DW01_add_504'
  Processing 'conf_mul_Beh_16_2_29_DW01_add_1_DW01_add_505'
  Processing 'conf_mul_Beh_8_1_29_DW01_add_0_DW01_add_506'
  Processing 'conf_mul_Beh_8_1_29_DW01_add_1_DW01_add_507'
  Processing 'conf_mul_Beh_9_1_29_DW01_add_0_DW01_add_508'
  Processing 'conf_mul_Beh_9_1_29_DW01_add_1_DW01_add_509'
  Mapping 'DW_sra'
Information: Added key list 'DesignWare' to design 'NACU_0_0_1_15'. (DDB-72)
  Mapping 'DW_leftsh'
  Processing 'Maxmin_Unit_16_30_DW01_cmp6_0_DW01_cmp6_29'
  Mapping 'Saturation_Unit_30_DW_cmp_0'
  Mapping 'Saturation_Unit_30_DW_cmp_1'
  Mapping 'Saturation_Unit_30_DW_cmp_2'
  Mapping 'Saturation_Unit_30_DW_cmp_3'
  Mapping 'Saturation_Unit_30_DW_cmp_4'
  Mapping 'Saturation_Unit_30_DW_cmp_5'
  Mapping 'Saturation_Unit_30_DW_cmp_6'
  Mapping 'Saturation_Unit_30_DW_cmp_7'
  Mapping 'Saturation_Unit_30_DW_cmp_8'
  Mapping 'Saturation_Unit_30_DW_cmp_9'
  Mapping 'Saturation_Unit_30_DW_cmp_10'
  Mapping 'Saturation_Unit_30_DW_cmp_11'
  Mapping 'Saturation_Unit_30_DW_cmp_12'
  Mapping 'Saturation_Unit_30_DW_cmp_13'
  Processing 'divider_pipe_15_DW_div_pipe_0_DW_div_pipe_14'
  Processing 'divider_pipe_15_DW_div_0_DW_div_14'
  Processing 'divider_pipe_15_DW01_absval_0_DW01_absval_14'
  Processing 'divider_pipe_15_DW01_inc_0_DW01_inc_677'
  Mapping 'DW01_add'
  Mapping 'DW01_add'
  Mapping 'DW01_add'
  Mapping 'DW01_add'
  Mapping 'divider_pipe_15_DW01_add_0'
  Mapping 'divider_pipe_15_DW01_add_1'
  Mapping 'divider_pipe_15_DW01_add_2'
  Mapping 'divider_pipe_15_DW01_add_3'
  Mapping 'divider_pipe_15_DW01_add_4'
  Mapping 'divider_pipe_15_DW01_add_5'
  Mapping 'divider_pipe_15_DW01_add_6'
  Mapping 'divider_pipe_15_DW01_add_7'
  Mapping 'divider_pipe_15_DW01_add_8'
  Mapping 'divider_pipe_15_DW01_add_9'
  Mapping 'divider_pipe_15_DW01_add_10'
  Mapping 'divider_pipe_15_DW01_add_11'
  Mapping 'divider_pipe_15_DW01_add_12'
  Mapping 'divider_pipe_15_DW01_add_13'
  Mapping 'divider_pipe_15_DW01_add_14'
  Mapping 'divider_pipe_15_DW01_add_15'
  Mapping 'divider_pipe_15_DW01_add_16'
  Mapping 'divider_pipe_15_DW01_add_17'
  Mapping 'divider_pipe_15_DW01_add_18'
  Mapping 'divider_pipe_15_DW01_add_19'
  Mapping 'divider_pipe_15_DW01_add_20'
  Mapping 'divider_pipe_15_DW01_add_21'
  Mapping 'divider_pipe_15_DW01_add_22'
  Mapping 'divider_pipe_15_DW01_add_23'
  Mapping 'divider_pipe_15_DW01_add_24'
  Mapping 'divider_pipe_15_DW01_add_25'
  Mapping 'divider_pipe_15_DW01_add_26'
  Mapping 'divider_pipe_15_DW_inc_0'
  Mapping 'divider_pipe_15_DW_inc_1'
  Mapping 'divider_pipe_15_DW_cmp_0'
  Processing 'adder_nbits_32_2_30_DW01_add_0_DW01_add_510'
  Processing 'adder_nbits_32_2_30_DW01_add_1_DW01_add_511'
  Processing 'adder_nbits_32_2_30_DW01_add_2_DW01_add_512'
  Processing 'adder_nbits_32_2_30_DW01_add_3_DW01_add_513'
  Processing 'conf_mul_Beh_16_2_30_DW01_add_0_DW01_add_514'
  Processing 'conf_mul_Beh_16_2_30_DW01_add_1_DW01_add_515'
  Processing 'conf_mul_Beh_8_1_30_DW01_add_0_DW01_add_516'
  Processing 'conf_mul_Beh_8_1_30_DW01_add_1_DW01_add_517'
  Processing 'conf_mul_Beh_9_1_30_DW01_add_0_DW01_add_518'
  Processing 'conf_mul_Beh_9_1_30_DW01_add_1_DW01_add_519'
  Processing 'offset_gen_16_11_15_DW01_sub_0_DW01_sub_149'
  Processing 'twos_compl_16_15_DW01_inc_0_DW01_inc_678'
  Processing 'twos_compl_16_73_DW01_inc_0_DW01_inc_679'
  Processing 'twos_compl_16_74_DW01_inc_0_DW01_inc_680'
  Processing 'twos_compl_16_75_DW01_inc_0_DW01_inc_681'
  Processing 'twos_compl_16_76_DW01_inc_0_DW01_inc_682'
  Processing 'sequencer_15_DW01_add_0_DW01_add_520'
  Processing 'sequencer_15_DW01_inc_0_DW01_inc_683'
  Processing 'sequencer_15_DW01_inc_1_DW01_inc_684'
  Processing 'sequencer_15_DW01_add_1_DW01_add_521'
  Mapping 'sequencer_15_DW_cmp_0'
  Processing 'sequencer_15_DW01_dec_0_DW01_dec_250'
  Processing 'sequencer_15_DW01_inc_2_DW01_inc_685'
  Mapping 'sequencer_15_DW_cmp_1'
  Mapping 'DW_sra'
Information: Added key list 'DesignWare' to design 'RACCU_15'. (DDB-72)
  Processing 'RACCU_15_DW01_sub_0_DW01_sub_150'
  Processing 'RACCU_15_DW01_add_0_DW01_add_522'
  Mapping 'DW_leftsh'
  Processing 'autoloop_15_DW01_inc_0_DW01_inc_686'
  Processing 'autoloop_15_DW01_inc_1_DW01_inc_687'
  Processing 'autoloop_15_DW01_add_0_DW01_add_523'
  Processing 'autoloop_15_DW01_inc_2_DW01_inc_688'
  Processing 'autoloop_15_DW01_add_1_DW01_add_524'
  Processing 'autoloop_15_DW01_inc_3_DW01_inc_689'
  Processing 'autoloop_15_DW01_add_2_DW01_add_525'
  Processing 'autoloop_15_DW01_inc_4_DW01_inc_690'
  Processing 'autoloop_15_DW01_add_3_DW01_add_526'
  Processing 'autoloop_15_DW01_inc_5_DW01_inc_691'
  Processing 'autoloop_15_DW01_dec_0_DW01_dec_251'
  Processing 'autoloop_15_DW01_dec_1_DW01_dec_252'
  Processing 'autoloop_15_DW01_dec_2_DW01_dec_253'
  Processing 'autoloop_15_DW01_dec_3_DW01_dec_254'
  Processing 'autoloop_15_DW01_inc_6_DW01_inc_692'
  Processing 'AGU_RFblock_31_DW01_dec_0_DW01_dec_255'
  Processing 'AGU_RFblock_31_DW01_inc_0_DW01_inc_693'
  Processing 'AGU_RFblock_31_DW01_inc_1_DW01_inc_694'
  Processing 'AGU_RFblock_31_DW01_inc_2_DW01_inc_695'
  Processing 'AGU_RFblock_31_DW01_inc_3_DW01_inc_696'
  Processing 'AGU_RFblock_31_DW01_dec_1_DW01_dec_256'
  Processing 'AGU_RFblock_31_DW01_inc_4_DW01_inc_697'
  Processing 'AGU_61_DW01_sub_0_DW01_sub_151'
  Processing 'AGU_61_DW01_dec_0_DW01_dec_257'
  Processing 'AGU_61_DW01_add_0_DW01_add_527'
  Processing 'AGU_61_DW01_add_1_DW01_add_528'
  Processing 'AGU_61_DW01_inc_0_DW01_inc_698'
  Processing 'AGU_61_DW01_inc_1_DW01_inc_699'
  Processing 'AGU_61_DW01_inc_2_DW01_inc_700'
  Processing 'AGU_61_DW01_inc_3_DW01_inc_701'
  Processing 'AGU_61_DW01_dec_1_DW01_dec_258'
  Processing 'AGU_61_DW01_inc_4_DW01_inc_702'
  Processing 'AGU_62_DW01_sub_0_DW01_sub_152'
  Processing 'AGU_62_DW01_dec_0_DW01_dec_259'
  Processing 'AGU_62_DW01_add_0_DW01_add_529'
  Processing 'AGU_62_DW01_add_1_DW01_add_530'
  Processing 'AGU_62_DW01_inc_0_DW01_inc_703'
  Processing 'AGU_62_DW01_inc_1_DW01_inc_704'
  Processing 'AGU_62_DW01_inc_2_DW01_inc_705'
  Processing 'AGU_62_DW01_inc_3_DW01_inc_706'
  Processing 'AGU_62_DW01_dec_1_DW01_dec_260'
  Processing 'AGU_62_DW01_inc_4_DW01_inc_707'
  Processing 'AGU_RFblock_0_DW01_dec_0_DW01_dec_261'
  Processing 'AGU_RFblock_0_DW01_inc_0_DW01_inc_708'
  Processing 'AGU_RFblock_0_DW01_inc_1_DW01_inc_709'
  Processing 'AGU_RFblock_0_DW01_inc_2_DW01_inc_710'
  Processing 'AGU_RFblock_0_DW01_inc_3_DW01_inc_711'
  Processing 'AGU_RFblock_0_DW01_dec_1_DW01_dec_262'
  Processing 'AGU_RFblock_0_DW01_inc_4_DW01_inc_712'
  Processing 'AGU_63_DW01_sub_0_DW01_sub_153'
  Processing 'AGU_63_DW01_dec_0_DW01_dec_263'
  Processing 'AGU_63_DW01_add_0_DW01_add_531'
  Processing 'AGU_63_DW01_add_1_DW01_add_532'
  Processing 'AGU_63_DW01_inc_0_DW01_inc_713'
  Processing 'AGU_63_DW01_inc_1_DW01_inc_714'
  Processing 'AGU_63_DW01_inc_2_DW01_inc_715'
  Processing 'AGU_63_DW01_inc_3_DW01_inc_716'
  Processing 'AGU_63_DW01_dec_1_DW01_dec_264'
  Processing 'AGU_63_DW01_inc_4_DW01_inc_717'
  Processing 'AGU_0_DW01_sub_0_DW01_sub_154'
  Processing 'AGU_0_DW01_dec_0_DW01_dec_265'
  Processing 'AGU_0_DW01_add_0_DW01_add_533'
  Processing 'AGU_0_DW01_add_1_DW01_add_534'
  Processing 'AGU_0_DW01_inc_0_DW01_inc_718'
  Processing 'AGU_0_DW01_inc_1_DW01_inc_719'
  Processing 'AGU_0_DW01_inc_2_DW01_inc_720'
  Processing 'AGU_0_DW01_inc_3_DW01_inc_721'
  Processing 'AGU_0_DW01_dec_1_DW01_dec_266'
  Processing 'AGU_0_DW01_inc_4_DW01_inc_722'
  Processing 'DPU_0_DW01_sub_0_DW01_sub_155'
  Processing 'DPU_0_DW01_sub_1_DW01_sub_156'
  Processing 'DPU_0_DW01_sub_2_DW01_sub_157'
  Processing 'DPU_0_DW01_sub_3_DW01_sub_158'
  Mapping 'Sat_n_round_31_DW_cmp_0'
  Mapping 'Sat_n_round_31_DW_cmp_1'
  Mapping 'Sat_n_round_31_DW_cmp_2'
  Mapping 'Sat_n_round_31_DW_cmp_3'
  Mapping 'Sat_n_round_31_DW_cmp_4'
  Mapping 'Sat_n_round_31_DW_cmp_5'
  Mapping 'Sat_n_round_31_DW_cmp_6'
  Mapping 'Sat_n_round_31_DW_cmp_7'
  Mapping 'Sat_n_round_31_DW_cmp_8'
  Mapping 'Sat_n_round_31_DW_cmp_9'
  Mapping 'Sat_n_round_31_DW_cmp_10'
  Mapping 'Sat_n_round_31_DW_cmp_11'
  Mapping 'Sat_n_round_31_DW_cmp_12'
  Mapping 'Sat_n_round_31_DW_cmp_13'
  Mapping 'Sat_n_round_31_DW_cmp_14'
  Mapping 'Sat_n_round_31_DW_cmp_15'
  Mapping 'Sat_n_round_0_DW_cmp_0'
  Mapping 'Sat_n_round_0_DW_cmp_1'
  Mapping 'Sat_n_round_0_DW_cmp_2'
  Mapping 'Sat_n_round_0_DW_cmp_3'
  Mapping 'Sat_n_round_0_DW_cmp_4'
  Mapping 'Sat_n_round_0_DW_cmp_5'
  Mapping 'Sat_n_round_0_DW_cmp_6'
  Mapping 'Sat_n_round_0_DW_cmp_7'
  Mapping 'Sat_n_round_0_DW_cmp_8'
  Mapping 'Sat_n_round_0_DW_cmp_9'
  Mapping 'Sat_n_round_0_DW_cmp_10'
  Mapping 'Sat_n_round_0_DW_cmp_11'
  Mapping 'Sat_n_round_0_DW_cmp_12'
  Mapping 'Sat_n_round_0_DW_cmp_13'
  Mapping 'Sat_n_round_0_DW_cmp_14'
  Mapping 'Sat_n_round_0_DW_cmp_15'
  Mapping 'DW_sra'
Information: Added key list 'DesignWare' to design 'NACU_0_0_0_0'. (DDB-72)
  Mapping 'DW_leftsh'
  Processing 'Maxmin_Unit_16_31_DW01_cmp6_0_DW01_cmp6_30'
  Mapping 'Saturation_Unit_31_DW_cmp_0'
  Mapping 'Saturation_Unit_31_DW_cmp_1'
  Mapping 'Saturation_Unit_31_DW_cmp_2'
  Mapping 'Saturation_Unit_31_DW_cmp_3'
  Mapping 'Saturation_Unit_31_DW_cmp_4'
  Mapping 'Saturation_Unit_31_DW_cmp_5'
  Mapping 'Saturation_Unit_31_DW_cmp_6'
  Mapping 'Saturation_Unit_31_DW_cmp_7'
  Mapping 'Saturation_Unit_31_DW_cmp_8'
  Mapping 'Saturation_Unit_31_DW_cmp_9'
  Mapping 'Saturation_Unit_31_DW_cmp_10'
  Mapping 'Saturation_Unit_31_DW_cmp_11'
  Mapping 'Saturation_Unit_31_DW_cmp_12'
  Mapping 'Saturation_Unit_31_DW_cmp_13'
  Processing 'adder_nbits_32_2_31_DW01_add_0_DW01_add_535'
  Processing 'adder_nbits_32_2_31_DW01_add_1_DW01_add_536'
  Processing 'adder_nbits_32_2_31_DW01_add_2_DW01_add_537'
  Processing 'adder_nbits_32_2_31_DW01_add_3_DW01_add_538'
  Processing 'conf_mul_Beh_16_2_31_DW01_add_0_DW01_add_539'
  Processing 'conf_mul_Beh_16_2_31_DW01_add_1_DW01_add_540'
  Processing 'conf_mul_Beh_8_1_31_DW01_add_0_DW01_add_541'
  Processing 'conf_mul_Beh_8_1_31_DW01_add_1_DW01_add_542'
  Processing 'conf_mul_Beh_9_1_31_DW01_add_0_DW01_add_543'
  Processing 'conf_mul_Beh_9_1_31_DW01_add_1_DW01_add_544'
  Mapping 'DW_sra'
Information: Added key list 'DesignWare' to design 'NACU_0_0_1_0'. (DDB-72)
  Mapping 'DW_leftsh'
  Processing 'Maxmin_Unit_16_0_DW01_cmp6_0_DW01_cmp6_31'
  Mapping 'Saturation_Unit_0_DW_cmp_0'
  Mapping 'Saturation_Unit_0_DW_cmp_1'
  Mapping 'Saturation_Unit_0_DW_cmp_2'
  Mapping 'Saturation_Unit_0_DW_cmp_3'
  Mapping 'Saturation_Unit_0_DW_cmp_4'
  Mapping 'Saturation_Unit_0_DW_cmp_5'
  Mapping 'Saturation_Unit_0_DW_cmp_6'
  Mapping 'Saturation_Unit_0_DW_cmp_7'
  Mapping 'Saturation_Unit_0_DW_cmp_8'
  Mapping 'Saturation_Unit_0_DW_cmp_9'
  Mapping 'Saturation_Unit_0_DW_cmp_10'
  Mapping 'Saturation_Unit_0_DW_cmp_11'
  Mapping 'Saturation_Unit_0_DW_cmp_12'
  Mapping 'Saturation_Unit_0_DW_cmp_13'
  Processing 'divider_pipe_0_DW_div_pipe_0_DW_div_pipe_15'
  Processing 'divider_pipe_0_DW_div_0_DW_div_15'
  Processing 'divider_pipe_0_DW01_absval_0_DW01_absval_15'
  Processing 'divider_pipe_0_DW01_inc_0_DW01_inc_723'
  Mapping 'DW01_add'
  Mapping 'DW01_add'
  Mapping 'DW01_add'
  Mapping 'DW01_add'
  Mapping 'divider_pipe_0_DW01_add_0'
  Mapping 'divider_pipe_0_DW01_add_1'
  Mapping 'divider_pipe_0_DW01_add_2'
  Mapping 'divider_pipe_0_DW01_add_3'
  Mapping 'divider_pipe_0_DW01_add_4'
  Mapping 'divider_pipe_0_DW01_add_5'
  Mapping 'divider_pipe_0_DW01_add_6'
  Mapping 'divider_pipe_0_DW01_add_7'
  Mapping 'divider_pipe_0_DW01_add_8'
  Mapping 'divider_pipe_0_DW01_add_9'
  Mapping 'divider_pipe_0_DW01_add_10'
  Mapping 'divider_pipe_0_DW01_add_11'
  Mapping 'divider_pipe_0_DW01_add_12'
  Mapping 'divider_pipe_0_DW01_add_13'
  Mapping 'divider_pipe_0_DW01_add_14'
  Mapping 'divider_pipe_0_DW01_add_15'
  Mapping 'divider_pipe_0_DW01_add_16'
  Mapping 'divider_pipe_0_DW01_add_17'
  Mapping 'divider_pipe_0_DW01_add_18'
  Mapping 'divider_pipe_0_DW01_add_19'
  Mapping 'divider_pipe_0_DW01_add_20'
  Mapping 'divider_pipe_0_DW01_add_21'
  Mapping 'divider_pipe_0_DW01_add_22'
  Mapping 'divider_pipe_0_DW01_add_23'
  Mapping 'divider_pipe_0_DW01_add_24'
  Mapping 'divider_pipe_0_DW01_add_25'
  Mapping 'divider_pipe_0_DW01_add_26'
  Mapping 'divider_pipe_0_DW_inc_0'
  Mapping 'divider_pipe_0_DW_inc_1'
  Mapping 'divider_pipe_0_DW_cmp_0'
  Processing 'adder_nbits_32_2_0_DW01_add_0_DW01_add_545'
  Processing 'adder_nbits_32_2_0_DW01_add_1_DW01_add_546'
  Processing 'adder_nbits_32_2_0_DW01_add_2_DW01_add_547'
  Processing 'adder_nbits_32_2_0_DW01_add_3_DW01_add_548'
  Processing 'conf_mul_Beh_16_2_0_DW01_add_0_DW01_add_549'
  Processing 'conf_mul_Beh_16_2_0_DW01_add_1_DW01_add_550'
  Processing 'conf_mul_Beh_8_1_0_DW01_add_0_DW01_add_551'
  Processing 'conf_mul_Beh_8_1_0_DW01_add_1_DW01_add_552'
  Processing 'conf_mul_Beh_9_1_0_DW01_add_0_DW01_add_553'
  Processing 'conf_mul_Beh_9_1_0_DW01_add_1_DW01_add_554'
  Processing 'offset_gen_16_11_0_DW01_sub_0_DW01_sub_159'
  Processing 'twos_compl_16_16_DW01_inc_0_DW01_inc_724'
  Processing 'twos_compl_16_77_DW01_inc_0_DW01_inc_725'
  Processing 'twos_compl_16_78_DW01_inc_0_DW01_inc_726'
  Processing 'twos_compl_16_79_DW01_inc_0_DW01_inc_727'
  Processing 'twos_compl_16_0_DW01_inc_0_DW01_inc_728'
  Processing 'sequencer_0_DW01_add_0_DW01_add_555'
  Processing 'sequencer_0_DW01_inc_0_DW01_inc_729'
  Processing 'sequencer_0_DW01_inc_1_DW01_inc_730'
  Processing 'sequencer_0_DW01_add_1_DW01_add_556'
  Mapping 'sequencer_0_DW_cmp_0'
  Processing 'sequencer_0_DW01_dec_0_DW01_dec_267'
  Processing 'sequencer_0_DW01_inc_2_DW01_inc_731'
  Mapping 'sequencer_0_DW_cmp_1'
  Mapping 'DW_sra'
Information: Added key list 'DesignWare' to design 'RACCU_0'. (DDB-72)
  Processing 'RACCU_0_DW01_sub_0_DW01_sub_160'
  Processing 'RACCU_0_DW01_add_0_DW01_add_557'
  Mapping 'DW_leftsh'
  Processing 'autoloop_0_DW01_inc_0_DW01_inc_732'
  Processing 'autoloop_0_DW01_inc_1_DW01_inc_733'
  Processing 'autoloop_0_DW01_add_0_DW01_add_558'
  Processing 'autoloop_0_DW01_inc_2_DW01_inc_734'
  Processing 'autoloop_0_DW01_add_1_DW01_add_559'
  Processing 'autoloop_0_DW01_inc_3_DW01_inc_735'
  Processing 'autoloop_0_DW01_add_2_DW01_add_560'
  Processing 'autoloop_0_DW01_inc_4_DW01_inc_736'
  Processing 'autoloop_0_DW01_add_3_DW01_add_561'
  Processing 'autoloop_0_DW01_inc_5_DW01_inc_737'
  Processing 'autoloop_0_DW01_dec_0_DW01_dec_268'
  Processing 'autoloop_0_DW01_dec_1_DW01_dec_269'
  Processing 'autoloop_0_DW01_dec_2_DW01_dec_270'
  Processing 'autoloop_0_DW01_dec_3_DW01_dec_271'
  Processing 'autoloop_0_DW01_inc_6_DW01_inc_738'
  Building model 'DW01_add_width18' (rpl)
  Processing 'DW01_add_width18'
  Building model 'DW01_add_width10' (rpl)
  Processing 'DW01_add_width10'
  Building model 'DW01_add_width11' (rpl)
  Processing 'DW01_add_width11'
  Mapping 'autoloop_1_DW_mult_uns_0'
  Mapping 'autoloop_2_DW_mult_uns_0'
  Mapping 'autoloop_3_DW_mult_uns_0'
  Mapping 'autoloop_4_DW_mult_uns_0'
  Mapping 'autoloop_5_DW_mult_uns_0'
  Mapping 'autoloop_6_DW_mult_uns_0'
  Mapping 'autoloop_7_DW_mult_uns_0'
  Mapping 'autoloop_8_DW_mult_uns_0'
  Mapping 'autoloop_9_DW_mult_uns_0'
  Mapping 'autoloop_10_DW_mult_uns_0'
  Mapping 'autoloop_11_DW_mult_uns_0'
  Mapping 'autoloop_12_DW_mult_uns_0'
  Mapping 'autoloop_13_DW_mult_uns_0'
  Mapping 'autoloop_14_DW_mult_uns_0'
  Mapping 'autoloop_15_DW_mult_uns_0'
  Mapping 'autoloop_0_DW_mult_uns_0'
  Mapping 'autoloop_1_DW_mult_uns_1'
  Mapping 'autoloop_2_DW_mult_uns_1'
  Mapping 'autoloop_3_DW_mult_uns_1'
  Mapping 'autoloop_4_DW_mult_uns_1'
  Mapping 'autoloop_5_DW_mult_uns_1'
  Mapping 'autoloop_6_DW_mult_uns_1'
  Mapping 'autoloop_7_DW_mult_uns_1'
  Mapping 'autoloop_8_DW_mult_uns_1'
  Mapping 'autoloop_9_DW_mult_uns_1'
  Mapping 'autoloop_10_DW_mult_uns_1'
  Mapping 'autoloop_11_DW_mult_uns_1'
  Mapping 'autoloop_12_DW_mult_uns_1'
  Mapping 'autoloop_13_DW_mult_uns_1'
  Mapping 'autoloop_14_DW_mult_uns_1'
  Mapping 'autoloop_15_DW_mult_uns_1'
  Mapping 'autoloop_0_DW_mult_uns_1'
  Mapping 'autoloop_1_DW_mult_uns_2'
  Mapping 'autoloop_2_DW_mult_uns_2'
  Mapping 'autoloop_3_DW_mult_uns_2'
  Mapping 'autoloop_4_DW_mult_uns_2'
  Mapping 'autoloop_5_DW_mult_uns_2'
  Mapping 'autoloop_6_DW_mult_uns_2'
  Mapping 'autoloop_7_DW_mult_uns_2'
  Mapping 'autoloop_8_DW_mult_uns_2'
  Mapping 'autoloop_9_DW_mult_uns_2'
  Mapping 'autoloop_10_DW_mult_uns_2'
  Mapping 'autoloop_11_DW_mult_uns_2'
  Mapping 'autoloop_12_DW_mult_uns_2'
  Mapping 'autoloop_13_DW_mult_uns_2'
  Mapping 'autoloop_14_DW_mult_uns_2'
  Mapping 'autoloop_15_DW_mult_uns_2'
  Mapping 'autoloop_0_DW_mult_uns_2'
  Mapping 'autoloop_1_DW_mult_uns_3'
  Mapping 'autoloop_2_DW_mult_uns_3'
  Mapping 'autoloop_3_DW_mult_uns_3'
  Mapping 'autoloop_4_DW_mult_uns_3'
  Mapping 'autoloop_5_DW_mult_uns_3'
  Mapping 'autoloop_6_DW_mult_uns_3'
  Mapping 'autoloop_7_DW_mult_uns_3'
  Mapping 'autoloop_8_DW_mult_uns_3'
  Mapping 'autoloop_9_DW_mult_uns_3'
  Mapping 'autoloop_10_DW_mult_uns_3'
  Mapping 'autoloop_11_DW_mult_uns_3'
  Mapping 'autoloop_12_DW_mult_uns_3'
  Mapping 'autoloop_13_DW_mult_uns_3'
  Mapping 'autoloop_14_DW_mult_uns_3'
  Mapping 'autoloop_15_DW_mult_uns_3'
  Mapping 'autoloop_0_DW_mult_uns_3'
  Mapping 'scaler_2_DW_mult_tc_0'
  Mapping 'scaler_1_DW_mult_tc_0'
  Mapping 'scaler_4_DW_mult_tc_0'
  Mapping 'scaler_3_DW_mult_tc_0'
  Mapping 'scaler_6_DW_mult_tc_0'
  Mapping 'scaler_14_DW_mult_tc_0'
  Mapping 'scaler_5_DW_mult_tc_0'
  Mapping 'scaler_13_DW_mult_tc_0'
  Mapping 'scaler_8_DW_mult_tc_0'
  Mapping 'scaler_0_DW_mult_tc_0'
  Mapping 'scaler_7_DW_mult_tc_0'
  Mapping 'scaler_15_DW_mult_tc_0'
  Mapping 'scaler_10_DW_mult_tc_0'
  Mapping 'scaler_9_DW_mult_tc_0'
  Mapping 'scaler_12_DW_mult_tc_0'
  Mapping 'scaler_11_DW_mult_tc_0'
  Mapping 'scaler_2_DW_mult_tc_1'
  Mapping 'scaler_1_DW_mult_tc_1'
  Mapping 'scaler_4_DW_mult_tc_1'
  Mapping 'scaler_3_DW_mult_tc_1'
  Mapping 'scaler_6_DW_mult_tc_1'
  Mapping 'scaler_14_DW_mult_tc_1'
  Mapping 'scaler_5_DW_mult_tc_1'
  Mapping 'scaler_13_DW_mult_tc_1'
  Mapping 'scaler_8_DW_mult_tc_1'
  Mapping 'scaler_0_DW_mult_tc_1'
  Mapping 'scaler_7_DW_mult_tc_1'
  Mapping 'scaler_15_DW_mult_tc_1'
  Mapping 'scaler_10_DW_mult_tc_1'
  Mapping 'scaler_9_DW_mult_tc_1'
  Mapping 'scaler_12_DW_mult_tc_1'
  Mapping 'scaler_11_DW_mult_tc_1'
  Mapping 'scaler_2_DW_mult_tc_2'
  Mapping 'scaler_2_DW_mult_tc_3'
  Mapping 'scaler_1_DW_mult_tc_2'
  Mapping 'scaler_1_DW_mult_tc_3'
  Mapping 'scaler_4_DW_mult_tc_2'
  Mapping 'scaler_4_DW_mult_tc_3'
  Mapping 'scaler_3_DW_mult_tc_2'
  Mapping 'scaler_3_DW_mult_tc_3'
  Mapping 'scaler_6_DW_mult_tc_2'
  Mapping 'scaler_6_DW_mult_tc_3'
  Mapping 'scaler_14_DW_mult_tc_2'
  Mapping 'scaler_14_DW_mult_tc_3'
  Mapping 'scaler_5_DW_mult_tc_2'
  Mapping 'scaler_5_DW_mult_tc_3'
  Mapping 'scaler_13_DW_mult_tc_2'
  Mapping 'scaler_13_DW_mult_tc_3'
  Mapping 'scaler_8_DW_mult_tc_2'
  Mapping 'scaler_8_DW_mult_tc_3'
  Mapping 'scaler_0_DW_mult_tc_2'
  Mapping 'scaler_0_DW_mult_tc_3'
  Mapping 'scaler_7_DW_mult_tc_2'
  Mapping 'scaler_7_DW_mult_tc_3'
  Mapping 'scaler_15_DW_mult_tc_2'
  Mapping 'scaler_15_DW_mult_tc_3'
  Mapping 'scaler_10_DW_mult_tc_2'
  Mapping 'scaler_10_DW_mult_tc_3'
  Mapping 'scaler_9_DW_mult_tc_2'
  Mapping 'scaler_9_DW_mult_tc_3'
  Mapping 'scaler_12_DW_mult_tc_2'
  Mapping 'scaler_12_DW_mult_tc_3'
  Mapping 'scaler_11_DW_mult_tc_2'
  Mapping 'scaler_11_DW_mult_tc_3'
  Mapping 'scaler_2_DW_mult_tc_4'
  Mapping 'scaler_1_DW_mult_tc_4'
  Mapping 'scaler_4_DW_mult_tc_4'
  Mapping 'scaler_3_DW_mult_tc_4'
  Mapping 'scaler_6_DW_mult_tc_4'
  Mapping 'scaler_14_DW_mult_tc_4'
  Mapping 'scaler_5_DW_mult_tc_4'
  Mapping 'scaler_13_DW_mult_tc_4'
  Mapping 'scaler_8_DW_mult_tc_4'
  Mapping 'scaler_0_DW_mult_tc_4'
  Mapping 'scaler_7_DW_mult_tc_4'
  Mapping 'scaler_15_DW_mult_tc_4'
  Mapping 'scaler_10_DW_mult_tc_4'
  Mapping 'scaler_9_DW_mult_tc_4'
  Mapping 'scaler_12_DW_mult_tc_4'
  Mapping 'scaler_11_DW_mult_tc_4'
  Mapping 'conf_mul_Beh_8_1_3_DW_mult_tc_0'
  Mapping 'conf_mul_Beh_8_1_1_DW_mult_tc_0'
  Mapping 'conf_mul_Beh_8_1_7_DW_mult_tc_0'
  Mapping 'conf_mul_Beh_8_1_5_DW_mult_tc_0'
  Mapping 'conf_mul_Beh_8_1_11_DW_mult_tc_0'
  Mapping 'conf_mul_Beh_8_1_27_DW_mult_tc_0'
  Mapping 'conf_mul_Beh_8_1_9_DW_mult_tc_0'
  Mapping 'conf_mul_Beh_8_1_25_DW_mult_tc_0'
  Mapping 'conf_mul_Beh_8_1_15_DW_mult_tc_0'
  Mapping 'conf_mul_Beh_8_1_31_DW_mult_tc_0'
  Mapping 'conf_mul_Beh_8_1_13_DW_mult_tc_0'
  Mapping 'conf_mul_Beh_8_1_29_DW_mult_tc_0'
  Mapping 'conf_mul_Beh_8_1_19_DW_mult_tc_0'
  Mapping 'conf_mul_Beh_8_1_17_DW_mult_tc_0'
  Mapping 'conf_mul_Beh_8_1_23_DW_mult_tc_0'
  Mapping 'conf_mul_Beh_8_1_21_DW_mult_tc_0'
  Processing 'conf_mul_Beh_16_2_3_DW01_add_2_DW01_add_562'
  Mapping 'conf_mul_Beh_16_2_3_DW_mult_tc_0'
  Mapping 'conf_mul_Beh_16_2_3_DW_mult_tc_1'
  Processing 'conf_mul_Beh_16_2_1_DW01_add_2_DW01_add_563'
  Mapping 'conf_mul_Beh_16_2_1_DW_mult_tc_0'
  Mapping 'conf_mul_Beh_16_2_1_DW_mult_tc_1'
  Processing 'conf_mul_Beh_16_2_7_DW01_add_2_DW01_add_564'
  Mapping 'conf_mul_Beh_16_2_7_DW_mult_tc_0'
  Mapping 'conf_mul_Beh_16_2_7_DW_mult_tc_1'
  Processing 'conf_mul_Beh_16_2_5_DW01_add_2_DW01_add_565'
  Mapping 'conf_mul_Beh_16_2_5_DW_mult_tc_0'
  Mapping 'conf_mul_Beh_16_2_5_DW_mult_tc_1'
  Processing 'conf_mul_Beh_16_2_11_DW01_add_2_DW01_add_566'
  Mapping 'conf_mul_Beh_16_2_11_DW_mult_tc_0'
  Mapping 'conf_mul_Beh_16_2_11_DW_mult_tc_1'
  Processing 'conf_mul_Beh_16_2_27_DW01_add_2_DW01_add_567'
  Mapping 'conf_mul_Beh_16_2_27_DW_mult_tc_0'
  Mapping 'conf_mul_Beh_16_2_27_DW_mult_tc_1'
  Processing 'conf_mul_Beh_16_2_9_DW01_add_2_DW01_add_568'
  Mapping 'conf_mul_Beh_16_2_9_DW_mult_tc_0'
  Mapping 'conf_mul_Beh_16_2_9_DW_mult_tc_1'
  Processing 'conf_mul_Beh_16_2_25_DW01_add_2_DW01_add_569'
  Mapping 'conf_mul_Beh_16_2_25_DW_mult_tc_0'
  Mapping 'conf_mul_Beh_16_2_25_DW_mult_tc_1'
  Processing 'conf_mul_Beh_16_2_15_DW01_add_2_DW01_add_570'
  Mapping 'conf_mul_Beh_16_2_15_DW_mult_tc_0'
  Mapping 'conf_mul_Beh_16_2_15_DW_mult_tc_1'
  Processing 'conf_mul_Beh_16_2_31_DW01_add_2_DW01_add_571'
  Mapping 'conf_mul_Beh_16_2_31_DW_mult_tc_0'
  Mapping 'conf_mul_Beh_16_2_31_DW_mult_tc_1'
  Processing 'conf_mul_Beh_16_2_13_DW01_add_2_DW01_add_572'
  Mapping 'conf_mul_Beh_16_2_13_DW_mult_tc_0'
  Mapping 'conf_mul_Beh_16_2_13_DW_mult_tc_1'
  Processing 'conf_mul_Beh_16_2_29_DW01_add_2_DW01_add_573'
  Mapping 'conf_mul_Beh_16_2_29_DW_mult_tc_0'
  Mapping 'conf_mul_Beh_16_2_29_DW_mult_tc_1'
  Processing 'conf_mul_Beh_16_2_19_DW01_add_2_DW01_add_574'
  Mapping 'conf_mul_Beh_16_2_19_DW_mult_tc_0'
  Mapping 'conf_mul_Beh_16_2_19_DW_mult_tc_1'
  Processing 'conf_mul_Beh_16_2_17_DW01_add_2_DW01_add_575'
  Mapping 'conf_mul_Beh_16_2_17_DW_mult_tc_0'
  Mapping 'conf_mul_Beh_16_2_17_DW_mult_tc_1'
  Processing 'conf_mul_Beh_16_2_23_DW01_add_2_DW01_add_576'
  Mapping 'conf_mul_Beh_16_2_23_DW_mult_tc_0'
  Mapping 'conf_mul_Beh_16_2_23_DW_mult_tc_1'
  Processing 'conf_mul_Beh_16_2_21_DW01_add_2_DW01_add_577'
  Mapping 'conf_mul_Beh_16_2_21_DW_mult_tc_0'
  Mapping 'conf_mul_Beh_16_2_21_DW_mult_tc_1'
  Mapping 'conf_mul_Beh_9_1_3_DW_mult_tc_0'
  Mapping 'conf_mul_Beh_9_1_3_DW_mult_tc_1'
  Mapping 'conf_mul_Beh_8_1_3_DW_mult_tc_1'
  Processing 'conf_mul_Beh_8_1_3_DW01_add_2_DW01_add_578'
  Mapping 'conf_mul_Beh_8_1_3_DW_mult_tc_2'
  Mapping 'conf_mul_Beh_8_1_3_DW_mult_tc_3'
  Mapping 'conf_mul_Beh_9_1_1_DW_mult_tc_0'
  Mapping 'conf_mul_Beh_9_1_1_DW_mult_tc_1'
  Mapping 'conf_mul_Beh_8_1_1_DW_mult_tc_1'
  Processing 'conf_mul_Beh_8_1_1_DW01_add_2_DW01_add_579'
  Mapping 'conf_mul_Beh_8_1_1_DW_mult_tc_2'
  Mapping 'conf_mul_Beh_8_1_1_DW_mult_tc_3'
  Mapping 'conf_mul_Beh_9_1_7_DW_mult_tc_0'
  Mapping 'conf_mul_Beh_9_1_7_DW_mult_tc_1'
  Mapping 'conf_mul_Beh_8_1_7_DW_mult_tc_1'
  Processing 'conf_mul_Beh_8_1_7_DW01_add_2_DW01_add_580'
  Mapping 'conf_mul_Beh_8_1_7_DW_mult_tc_2'
  Mapping 'conf_mul_Beh_8_1_7_DW_mult_tc_3'
  Mapping 'conf_mul_Beh_9_1_5_DW_mult_tc_0'
  Mapping 'conf_mul_Beh_9_1_5_DW_mult_tc_1'
  Mapping 'conf_mul_Beh_8_1_5_DW_mult_tc_1'
  Processing 'conf_mul_Beh_8_1_5_DW01_add_2_DW01_add_581'
  Mapping 'conf_mul_Beh_8_1_5_DW_mult_tc_2'
  Mapping 'conf_mul_Beh_8_1_5_DW_mult_tc_3'
  Mapping 'conf_mul_Beh_9_1_11_DW_mult_tc_0'
  Mapping 'conf_mul_Beh_9_1_11_DW_mult_tc_1'
  Mapping 'conf_mul_Beh_8_1_11_DW_mult_tc_1'
  Processing 'conf_mul_Beh_8_1_11_DW01_add_2_DW01_add_582'
  Mapping 'conf_mul_Beh_8_1_11_DW_mult_tc_2'
  Mapping 'conf_mul_Beh_8_1_11_DW_mult_tc_3'
  Mapping 'conf_mul_Beh_9_1_27_DW_mult_tc_0'
  Mapping 'conf_mul_Beh_9_1_27_DW_mult_tc_1'
  Mapping 'conf_mul_Beh_8_1_27_DW_mult_tc_1'
  Processing 'conf_mul_Beh_8_1_27_DW01_add_2_DW01_add_583'
  Mapping 'conf_mul_Beh_8_1_27_DW_mult_tc_2'
  Mapping 'conf_mul_Beh_8_1_27_DW_mult_tc_3'
  Mapping 'conf_mul_Beh_9_1_9_DW_mult_tc_0'
  Mapping 'conf_mul_Beh_9_1_9_DW_mult_tc_1'
  Mapping 'conf_mul_Beh_8_1_9_DW_mult_tc_1'
  Processing 'conf_mul_Beh_8_1_9_DW01_add_2_DW01_add_584'
  Mapping 'conf_mul_Beh_8_1_9_DW_mult_tc_2'
  Mapping 'conf_mul_Beh_8_1_9_DW_mult_tc_3'
  Mapping 'conf_mul_Beh_9_1_25_DW_mult_tc_0'
  Mapping 'conf_mul_Beh_9_1_25_DW_mult_tc_1'
  Mapping 'conf_mul_Beh_8_1_25_DW_mult_tc_1'
  Processing 'conf_mul_Beh_8_1_25_DW01_add_2_DW01_add_585'
  Mapping 'conf_mul_Beh_8_1_25_DW_mult_tc_2'
  Mapping 'conf_mul_Beh_8_1_25_DW_mult_tc_3'
  Mapping 'conf_mul_Beh_9_1_15_DW_mult_tc_0'
  Mapping 'conf_mul_Beh_9_1_15_DW_mult_tc_1'
  Mapping 'conf_mul_Beh_8_1_15_DW_mult_tc_1'
  Processing 'conf_mul_Beh_8_1_15_DW01_add_2_DW01_add_586'
  Mapping 'conf_mul_Beh_8_1_15_DW_mult_tc_2'
  Mapping 'conf_mul_Beh_8_1_15_DW_mult_tc_3'
  Mapping 'conf_mul_Beh_9_1_31_DW_mult_tc_0'
  Mapping 'conf_mul_Beh_9_1_31_DW_mult_tc_1'
  Mapping 'conf_mul_Beh_8_1_31_DW_mult_tc_1'
  Processing 'conf_mul_Beh_8_1_31_DW01_add_2_DW01_add_587'
  Mapping 'conf_mul_Beh_8_1_31_DW_mult_tc_2'
  Mapping 'conf_mul_Beh_8_1_31_DW_mult_tc_3'
  Mapping 'conf_mul_Beh_9_1_13_DW_mult_tc_0'
  Mapping 'conf_mul_Beh_9_1_13_DW_mult_tc_1'
  Mapping 'conf_mul_Beh_8_1_13_DW_mult_tc_1'
  Processing 'conf_mul_Beh_8_1_13_DW01_add_2_DW01_add_588'
  Mapping 'conf_mul_Beh_8_1_13_DW_mult_tc_2'
  Mapping 'conf_mul_Beh_8_1_13_DW_mult_tc_3'
  Mapping 'conf_mul_Beh_9_1_29_DW_mult_tc_0'
  Mapping 'conf_mul_Beh_9_1_29_DW_mult_tc_1'
  Mapping 'conf_mul_Beh_8_1_29_DW_mult_tc_1'
  Processing 'conf_mul_Beh_8_1_29_DW01_add_2_DW01_add_589'
  Mapping 'conf_mul_Beh_8_1_29_DW_mult_tc_2'
  Mapping 'conf_mul_Beh_8_1_29_DW_mult_tc_3'
  Mapping 'conf_mul_Beh_9_1_19_DW_mult_tc_0'
  Mapping 'conf_mul_Beh_9_1_19_DW_mult_tc_1'
  Mapping 'conf_mul_Beh_8_1_19_DW_mult_tc_1'
  Processing 'conf_mul_Beh_8_1_19_DW01_add_2_DW01_add_590'
  Mapping 'conf_mul_Beh_8_1_19_DW_mult_tc_2'
  Mapping 'conf_mul_Beh_8_1_19_DW_mult_tc_3'
  Mapping 'conf_mul_Beh_9_1_17_DW_mult_tc_0'
  Mapping 'conf_mul_Beh_9_1_17_DW_mult_tc_1'
  Mapping 'conf_mul_Beh_8_1_17_DW_mult_tc_1'
  Processing 'conf_mul_Beh_8_1_17_DW01_add_2_DW01_add_591'
  Mapping 'conf_mul_Beh_8_1_17_DW_mult_tc_2'
  Mapping 'conf_mul_Beh_8_1_17_DW_mult_tc_3'
  Mapping 'conf_mul_Beh_9_1_23_DW_mult_tc_0'
  Mapping 'conf_mul_Beh_9_1_23_DW_mult_tc_1'
  Mapping 'conf_mul_Beh_8_1_23_DW_mult_tc_1'
  Processing 'conf_mul_Beh_8_1_23_DW01_add_2_DW01_add_592'
  Mapping 'conf_mul_Beh_8_1_23_DW_mult_tc_2'
  Mapping 'conf_mul_Beh_8_1_23_DW_mult_tc_3'
  Mapping 'conf_mul_Beh_9_1_21_DW_mult_tc_0'
  Mapping 'conf_mul_Beh_9_1_21_DW_mult_tc_1'
  Mapping 'conf_mul_Beh_8_1_21_DW_mult_tc_1'
  Processing 'conf_mul_Beh_8_1_21_DW01_add_2_DW01_add_593'
  Mapping 'conf_mul_Beh_8_1_21_DW_mult_tc_2'
  Mapping 'conf_mul_Beh_8_1_21_DW_mult_tc_3'
  Processing 'conf_mul_Beh_9_1_3_DW01_add_2_DW01_add_594'
  Mapping 'conf_mul_Beh_9_1_3_DW_mult_tc_2'
  Mapping 'conf_mul_Beh_9_1_3_DW_mult_tc_3'
  Processing 'conf_mul_Beh_9_1_1_DW01_add_2_DW01_add_595'
  Mapping 'conf_mul_Beh_9_1_1_DW_mult_tc_2'
  Mapping 'conf_mul_Beh_9_1_1_DW_mult_tc_3'
  Processing 'conf_mul_Beh_9_1_7_DW01_add_2_DW01_add_596'
  Mapping 'conf_mul_Beh_9_1_7_DW_mult_tc_2'
  Mapping 'conf_mul_Beh_9_1_7_DW_mult_tc_3'
  Processing 'conf_mul_Beh_9_1_5_DW01_add_2_DW01_add_597'
  Mapping 'conf_mul_Beh_9_1_5_DW_mult_tc_2'
  Mapping 'conf_mul_Beh_9_1_5_DW_mult_tc_3'
  Processing 'conf_mul_Beh_9_1_11_DW01_add_2_DW01_add_598'
  Mapping 'conf_mul_Beh_9_1_11_DW_mult_tc_2'
  Mapping 'conf_mul_Beh_9_1_11_DW_mult_tc_3'
  Processing 'conf_mul_Beh_9_1_27_DW01_add_2_DW01_add_599'
  Mapping 'conf_mul_Beh_9_1_27_DW_mult_tc_2'
  Mapping 'conf_mul_Beh_9_1_27_DW_mult_tc_3'
  Processing 'conf_mul_Beh_9_1_9_DW01_add_2_DW01_add_600'
  Mapping 'conf_mul_Beh_9_1_9_DW_mult_tc_2'
  Mapping 'conf_mul_Beh_9_1_9_DW_mult_tc_3'
  Processing 'conf_mul_Beh_9_1_25_DW01_add_2_DW01_add_601'
  Mapping 'conf_mul_Beh_9_1_25_DW_mult_tc_2'
  Mapping 'conf_mul_Beh_9_1_25_DW_mult_tc_3'
  Processing 'conf_mul_Beh_9_1_15_DW01_add_2_DW01_add_602'
  Mapping 'conf_mul_Beh_9_1_15_DW_mult_tc_2'
  Mapping 'conf_mul_Beh_9_1_15_DW_mult_tc_3'
  Processing 'conf_mul_Beh_9_1_31_DW01_add_2_DW01_add_603'
  Mapping 'conf_mul_Beh_9_1_31_DW_mult_tc_2'
  Mapping 'conf_mul_Beh_9_1_31_DW_mult_tc_3'
  Processing 'conf_mul_Beh_9_1_13_DW01_add_2_DW01_add_604'
  Mapping 'conf_mul_Beh_9_1_13_DW_mult_tc_2'
  Mapping 'conf_mul_Beh_9_1_13_DW_mult_tc_3'
  Processing 'conf_mul_Beh_9_1_29_DW01_add_2_DW01_add_605'
  Mapping 'conf_mul_Beh_9_1_29_DW_mult_tc_2'
  Mapping 'conf_mul_Beh_9_1_29_DW_mult_tc_3'
  Processing 'conf_mul_Beh_9_1_19_DW01_add_2_DW01_add_606'
  Mapping 'conf_mul_Beh_9_1_19_DW_mult_tc_2'
  Mapping 'conf_mul_Beh_9_1_19_DW_mult_tc_3'
  Processing 'conf_mul_Beh_9_1_17_DW01_add_2_DW01_add_607'
  Mapping 'conf_mul_Beh_9_1_17_DW_mult_tc_2'
  Mapping 'conf_mul_Beh_9_1_17_DW_mult_tc_3'
  Processing 'conf_mul_Beh_9_1_23_DW01_add_2_DW01_add_608'
  Mapping 'conf_mul_Beh_9_1_23_DW_mult_tc_2'
  Mapping 'conf_mul_Beh_9_1_23_DW_mult_tc_3'
  Processing 'conf_mul_Beh_9_1_21_DW01_add_2_DW01_add_609'
  Mapping 'conf_mul_Beh_9_1_21_DW_mult_tc_2'
  Mapping 'conf_mul_Beh_9_1_21_DW_mult_tc_3'
  Mapping 'conf_mul_Beh_8_1_4_DW_mult_tc_0'
  Mapping 'conf_mul_Beh_8_1_2_DW_mult_tc_0'
  Mapping 'conf_mul_Beh_8_1_8_DW_mult_tc_0'
  Mapping 'conf_mul_Beh_8_1_6_DW_mult_tc_0'
  Mapping 'conf_mul_Beh_8_1_12_DW_mult_tc_0'
  Mapping 'conf_mul_Beh_8_1_28_DW_mult_tc_0'
  Mapping 'conf_mul_Beh_8_1_10_DW_mult_tc_0'
  Mapping 'conf_mul_Beh_8_1_26_DW_mult_tc_0'
  Mapping 'conf_mul_Beh_8_1_16_DW_mult_tc_0'
  Mapping 'conf_mul_Beh_8_1_0_DW_mult_tc_0'
  Mapping 'conf_mul_Beh_8_1_14_DW_mult_tc_0'
  Mapping 'conf_mul_Beh_8_1_30_DW_mult_tc_0'
  Mapping 'conf_mul_Beh_8_1_20_DW_mult_tc_0'
  Mapping 'conf_mul_Beh_8_1_18_DW_mult_tc_0'
  Mapping 'conf_mul_Beh_8_1_24_DW_mult_tc_0'
  Mapping 'conf_mul_Beh_8_1_22_DW_mult_tc_0'
  Mapping 'conf_mul_Beh_8_1_4_DW_mult_tc_1'
  Mapping 'conf_mul_Beh_8_1_2_DW_mult_tc_1'
  Mapping 'conf_mul_Beh_8_1_8_DW_mult_tc_1'
  Mapping 'conf_mul_Beh_8_1_6_DW_mult_tc_1'
  Mapping 'conf_mul_Beh_8_1_12_DW_mult_tc_1'
  Mapping 'conf_mul_Beh_8_1_28_DW_mult_tc_1'
  Mapping 'conf_mul_Beh_8_1_10_DW_mult_tc_1'
  Mapping 'conf_mul_Beh_8_1_26_DW_mult_tc_1'
  Mapping 'conf_mul_Beh_8_1_16_DW_mult_tc_1'
  Mapping 'conf_mul_Beh_8_1_0_DW_mult_tc_1'
  Mapping 'conf_mul_Beh_8_1_14_DW_mult_tc_1'
  Mapping 'conf_mul_Beh_8_1_30_DW_mult_tc_1'
  Mapping 'conf_mul_Beh_8_1_20_DW_mult_tc_1'
  Mapping 'conf_mul_Beh_8_1_18_DW_mult_tc_1'
  Mapping 'conf_mul_Beh_8_1_24_DW_mult_tc_1'
  Mapping 'conf_mul_Beh_8_1_22_DW_mult_tc_1'
  Processing 'conf_mul_Beh_8_1_4_DW01_add_2_DW01_add_610'
  Mapping 'conf_mul_Beh_8_1_4_DW_mult_tc_2'
  Mapping 'conf_mul_Beh_8_1_4_DW_mult_tc_3'
  Processing 'conf_mul_Beh_16_2_4_DW01_add_2_DW01_add_611'
  Mapping 'conf_mul_Beh_16_2_4_DW_mult_tc_0'
  Mapping 'conf_mul_Beh_16_2_4_DW_mult_tc_1'
  Processing 'conf_mul_Beh_8_1_2_DW01_add_2_DW01_add_612'
  Mapping 'conf_mul_Beh_8_1_2_DW_mult_tc_2'
  Mapping 'conf_mul_Beh_8_1_2_DW_mult_tc_3'
  Processing 'conf_mul_Beh_16_2_2_DW01_add_2_DW01_add_613'
  Mapping 'conf_mul_Beh_16_2_2_DW_mult_tc_0'
  Mapping 'conf_mul_Beh_16_2_2_DW_mult_tc_1'
  Processing 'conf_mul_Beh_8_1_8_DW01_add_2_DW01_add_614'
  Mapping 'conf_mul_Beh_8_1_8_DW_mult_tc_2'
  Mapping 'conf_mul_Beh_8_1_8_DW_mult_tc_3'
  Processing 'conf_mul_Beh_16_2_8_DW01_add_2_DW01_add_615'
  Mapping 'conf_mul_Beh_16_2_8_DW_mult_tc_0'
  Mapping 'conf_mul_Beh_16_2_8_DW_mult_tc_1'
  Processing 'conf_mul_Beh_8_1_6_DW01_add_2_DW01_add_616'
  Mapping 'conf_mul_Beh_8_1_6_DW_mult_tc_2'
  Mapping 'conf_mul_Beh_8_1_6_DW_mult_tc_3'
  Processing 'conf_mul_Beh_16_2_6_DW01_add_2_DW01_add_617'
  Mapping 'conf_mul_Beh_16_2_6_DW_mult_tc_0'
  Mapping 'conf_mul_Beh_16_2_6_DW_mult_tc_1'
  Processing 'conf_mul_Beh_8_1_12_DW01_add_2_DW01_add_618'
  Mapping 'conf_mul_Beh_8_1_12_DW_mult_tc_2'
  Mapping 'conf_mul_Beh_8_1_12_DW_mult_tc_3'
  Processing 'conf_mul_Beh_16_2_12_DW01_add_2_DW01_add_619'
  Mapping 'conf_mul_Beh_16_2_12_DW_mult_tc_0'
  Mapping 'conf_mul_Beh_16_2_12_DW_mult_tc_1'
  Processing 'conf_mul_Beh_8_1_28_DW01_add_2_DW01_add_620'
  Mapping 'conf_mul_Beh_8_1_28_DW_mult_tc_2'
  Mapping 'conf_mul_Beh_8_1_28_DW_mult_tc_3'
  Processing 'conf_mul_Beh_16_2_28_DW01_add_2_DW01_add_621'
  Mapping 'conf_mul_Beh_16_2_28_DW_mult_tc_0'
  Mapping 'conf_mul_Beh_16_2_28_DW_mult_tc_1'
  Processing 'conf_mul_Beh_8_1_10_DW01_add_2_DW01_add_622'
  Mapping 'conf_mul_Beh_8_1_10_DW_mult_tc_2'
  Mapping 'conf_mul_Beh_8_1_10_DW_mult_tc_3'
  Processing 'conf_mul_Beh_16_2_10_DW01_add_2_DW01_add_623'
  Mapping 'conf_mul_Beh_16_2_10_DW_mult_tc_0'
  Mapping 'conf_mul_Beh_16_2_10_DW_mult_tc_1'
  Processing 'conf_mul_Beh_8_1_26_DW01_add_2_DW01_add_624'
  Mapping 'conf_mul_Beh_8_1_26_DW_mult_tc_2'
  Mapping 'conf_mul_Beh_8_1_26_DW_mult_tc_3'
  Processing 'conf_mul_Beh_16_2_26_DW01_add_2_DW01_add_625'
  Mapping 'conf_mul_Beh_16_2_26_DW_mult_tc_0'
  Mapping 'conf_mul_Beh_16_2_26_DW_mult_tc_1'
  Processing 'conf_mul_Beh_8_1_16_DW01_add_2_DW01_add_626'
  Mapping 'conf_mul_Beh_8_1_16_DW_mult_tc_2'
  Mapping 'conf_mul_Beh_8_1_16_DW_mult_tc_3'
  Processing 'conf_mul_Beh_16_2_16_DW01_add_2_DW01_add_627'
  Mapping 'conf_mul_Beh_16_2_16_DW_mult_tc_0'
  Mapping 'conf_mul_Beh_16_2_16_DW_mult_tc_1'
  Processing 'conf_mul_Beh_8_1_0_DW01_add_2_DW01_add_628'
  Mapping 'conf_mul_Beh_8_1_0_DW_mult_tc_2'
  Mapping 'conf_mul_Beh_8_1_0_DW_mult_tc_3'
  Processing 'conf_mul_Beh_16_2_0_DW01_add_2_DW01_add_629'
  Mapping 'conf_mul_Beh_16_2_0_DW_mult_tc_0'
  Mapping 'conf_mul_Beh_16_2_0_DW_mult_tc_1'
  Processing 'conf_mul_Beh_8_1_14_DW01_add_2_DW01_add_630'
  Mapping 'conf_mul_Beh_8_1_14_DW_mult_tc_2'
  Mapping 'conf_mul_Beh_8_1_14_DW_mult_tc_3'
  Processing 'conf_mul_Beh_16_2_14_DW01_add_2_DW01_add_631'
  Mapping 'conf_mul_Beh_16_2_14_DW_mult_tc_0'
  Mapping 'conf_mul_Beh_16_2_14_DW_mult_tc_1'
  Processing 'conf_mul_Beh_8_1_30_DW01_add_2_DW01_add_632'
  Mapping 'conf_mul_Beh_8_1_30_DW_mult_tc_2'
  Mapping 'conf_mul_Beh_8_1_30_DW_mult_tc_3'
  Processing 'conf_mul_Beh_16_2_30_DW01_add_2_DW01_add_633'
  Mapping 'conf_mul_Beh_16_2_30_DW_mult_tc_0'
  Mapping 'conf_mul_Beh_16_2_30_DW_mult_tc_1'
  Processing 'conf_mul_Beh_8_1_20_DW01_add_2_DW01_add_634'
  Mapping 'conf_mul_Beh_8_1_20_DW_mult_tc_2'
  Mapping 'conf_mul_Beh_8_1_20_DW_mult_tc_3'
  Processing 'conf_mul_Beh_16_2_20_DW01_add_2_DW01_add_635'
  Mapping 'conf_mul_Beh_16_2_20_DW_mult_tc_0'
  Mapping 'conf_mul_Beh_16_2_20_DW_mult_tc_1'
  Processing 'conf_mul_Beh_8_1_18_DW01_add_2_DW01_add_636'
  Mapping 'conf_mul_Beh_8_1_18_DW_mult_tc_2'
  Mapping 'conf_mul_Beh_8_1_18_DW_mult_tc_3'
  Processing 'conf_mul_Beh_16_2_18_DW01_add_2_DW01_add_637'
  Mapping 'conf_mul_Beh_16_2_18_DW_mult_tc_0'
  Mapping 'conf_mul_Beh_16_2_18_DW_mult_tc_1'
  Processing 'conf_mul_Beh_8_1_24_DW01_add_2_DW01_add_638'
  Mapping 'conf_mul_Beh_8_1_24_DW_mult_tc_2'
  Mapping 'conf_mul_Beh_8_1_24_DW_mult_tc_3'
  Processing 'conf_mul_Beh_16_2_24_DW01_add_2_DW01_add_639'
  Mapping 'conf_mul_Beh_16_2_24_DW_mult_tc_0'
  Mapping 'conf_mul_Beh_16_2_24_DW_mult_tc_1'
  Processing 'conf_mul_Beh_8_1_22_DW01_add_2_DW01_add_640'
  Mapping 'conf_mul_Beh_8_1_22_DW_mult_tc_2'
  Mapping 'conf_mul_Beh_8_1_22_DW_mult_tc_3'
  Processing 'conf_mul_Beh_16_2_22_DW01_add_2_DW01_add_641'
  Mapping 'conf_mul_Beh_16_2_22_DW_mult_tc_0'
  Mapping 'conf_mul_Beh_16_2_22_DW_mult_tc_1'
  Mapping 'conf_mul_Beh_9_1_4_DW_mult_tc_0'
  Mapping 'conf_mul_Beh_9_1_4_DW_mult_tc_1'
  Mapping 'conf_mul_Beh_9_1_2_DW_mult_tc_0'
  Mapping 'conf_mul_Beh_9_1_2_DW_mult_tc_1'
  Mapping 'conf_mul_Beh_9_1_8_DW_mult_tc_0'
  Mapping 'conf_mul_Beh_9_1_8_DW_mult_tc_1'
  Mapping 'conf_mul_Beh_9_1_6_DW_mult_tc_0'
  Mapping 'conf_mul_Beh_9_1_6_DW_mult_tc_1'
  Mapping 'conf_mul_Beh_9_1_12_DW_mult_tc_0'
  Mapping 'conf_mul_Beh_9_1_12_DW_mult_tc_1'
  Mapping 'conf_mul_Beh_9_1_28_DW_mult_tc_0'
  Mapping 'conf_mul_Beh_9_1_28_DW_mult_tc_1'
  Mapping 'conf_mul_Beh_9_1_10_DW_mult_tc_0'
  Mapping 'conf_mul_Beh_9_1_10_DW_mult_tc_1'
  Mapping 'conf_mul_Beh_9_1_26_DW_mult_tc_0'
  Mapping 'conf_mul_Beh_9_1_26_DW_mult_tc_1'
  Mapping 'conf_mul_Beh_9_1_16_DW_mult_tc_0'
  Mapping 'conf_mul_Beh_9_1_16_DW_mult_tc_1'
  Mapping 'conf_mul_Beh_9_1_0_DW_mult_tc_0'
  Mapping 'conf_mul_Beh_9_1_0_DW_mult_tc_1'
  Mapping 'conf_mul_Beh_9_1_14_DW_mult_tc_0'
  Mapping 'conf_mul_Beh_9_1_14_DW_mult_tc_1'
  Mapping 'conf_mul_Beh_9_1_30_DW_mult_tc_0'
  Mapping 'conf_mul_Beh_9_1_30_DW_mult_tc_1'
  Mapping 'conf_mul_Beh_9_1_20_DW_mult_tc_0'
  Mapping 'conf_mul_Beh_9_1_20_DW_mult_tc_1'
  Mapping 'conf_mul_Beh_9_1_18_DW_mult_tc_0'
  Mapping 'conf_mul_Beh_9_1_18_DW_mult_tc_1'
  Mapping 'conf_mul_Beh_9_1_24_DW_mult_tc_0'
  Mapping 'conf_mul_Beh_9_1_24_DW_mult_tc_1'
  Mapping 'conf_mul_Beh_9_1_22_DW_mult_tc_0'
  Mapping 'conf_mul_Beh_9_1_22_DW_mult_tc_1'
  Processing 'conf_mul_Beh_9_1_4_DW01_add_2_DW01_add_642'
  Mapping 'conf_mul_Beh_9_1_4_DW_mult_tc_2'
  Mapping 'conf_mul_Beh_9_1_4_DW_mult_tc_3'
  Processing 'conf_mul_Beh_9_1_2_DW01_add_2_DW01_add_643'
  Mapping 'conf_mul_Beh_9_1_2_DW_mult_tc_2'
  Mapping 'conf_mul_Beh_9_1_2_DW_mult_tc_3'
  Processing 'conf_mul_Beh_9_1_8_DW01_add_2_DW01_add_644'
  Mapping 'conf_mul_Beh_9_1_8_DW_mult_tc_2'
  Mapping 'conf_mul_Beh_9_1_8_DW_mult_tc_3'
  Processing 'conf_mul_Beh_9_1_6_DW01_add_2_DW01_add_645'
  Mapping 'conf_mul_Beh_9_1_6_DW_mult_tc_2'
  Mapping 'conf_mul_Beh_9_1_6_DW_mult_tc_3'
  Processing 'conf_mul_Beh_9_1_12_DW01_add_2_DW01_add_646'
  Mapping 'conf_mul_Beh_9_1_12_DW_mult_tc_2'
  Mapping 'conf_mul_Beh_9_1_12_DW_mult_tc_3'
  Processing 'conf_mul_Beh_9_1_28_DW01_add_2_DW01_add_647'
  Mapping 'conf_mul_Beh_9_1_28_DW_mult_tc_2'
  Mapping 'conf_mul_Beh_9_1_28_DW_mult_tc_3'
  Processing 'conf_mul_Beh_9_1_10_DW01_add_2_DW01_add_648'
  Mapping 'conf_mul_Beh_9_1_10_DW_mult_tc_2'
  Mapping 'conf_mul_Beh_9_1_10_DW_mult_tc_3'
  Processing 'conf_mul_Beh_9_1_26_DW01_add_2_DW01_add_649'
  Mapping 'conf_mul_Beh_9_1_26_DW_mult_tc_2'
  Mapping 'conf_mul_Beh_9_1_26_DW_mult_tc_3'
  Processing 'conf_mul_Beh_9_1_16_DW01_add_2_DW01_add_650'
  Mapping 'conf_mul_Beh_9_1_16_DW_mult_tc_2'
  Mapping 'conf_mul_Beh_9_1_16_DW_mult_tc_3'
  Processing 'conf_mul_Beh_9_1_0_DW01_add_2_DW01_add_651'
  Mapping 'conf_mul_Beh_9_1_0_DW_mult_tc_2'
  Mapping 'conf_mul_Beh_9_1_0_DW_mult_tc_3'
  Processing 'conf_mul_Beh_9_1_14_DW01_add_2_DW01_add_652'
  Mapping 'conf_mul_Beh_9_1_14_DW_mult_tc_2'
  Mapping 'conf_mul_Beh_9_1_14_DW_mult_tc_3'
  Processing 'conf_mul_Beh_9_1_30_DW01_add_2_DW01_add_653'
  Mapping 'conf_mul_Beh_9_1_30_DW_mult_tc_2'
  Mapping 'conf_mul_Beh_9_1_30_DW_mult_tc_3'
  Processing 'conf_mul_Beh_9_1_20_DW01_add_2_DW01_add_654'
  Mapping 'conf_mul_Beh_9_1_20_DW_mult_tc_2'
  Mapping 'conf_mul_Beh_9_1_20_DW_mult_tc_3'
  Processing 'conf_mul_Beh_9_1_18_DW01_add_2_DW01_add_655'
  Mapping 'conf_mul_Beh_9_1_18_DW_mult_tc_2'
  Mapping 'conf_mul_Beh_9_1_18_DW_mult_tc_3'
  Processing 'conf_mul_Beh_9_1_24_DW01_add_2_DW01_add_656'
  Mapping 'conf_mul_Beh_9_1_24_DW_mult_tc_2'
  Mapping 'conf_mul_Beh_9_1_24_DW_mult_tc_3'
  Processing 'conf_mul_Beh_9_1_22_DW01_add_2_DW01_add_657'
  Mapping 'conf_mul_Beh_9_1_22_DW_mult_tc_2'
  Mapping 'conf_mul_Beh_9_1_22_DW_mult_tc_3'

                                  TOTAL                                      
   ELAPSED            WORST NEG   SETUP    DESIGN                            
    TIME      AREA      SLACK     COST    RULE COST         ENDPOINT         
  --------- --------- --------- --------- --------- -------------------------
    0:18:33  528259.9  35740.61 33966492.0   62535.5                          
    0:18:33  528259.9  35740.61 33966492.0   62535.5                          
    0:18:47  528256.5  35740.61 33965716.0   62535.5                          
    0:19:02  528240.5  35740.61 33961832.0   62535.5                          
    0:19:24  528224.5  35740.61 33957944.0   62535.5                          
    0:19:34  528208.6  35740.61 33954084.0   62535.5                          
    0:19:35  528207.2  35740.61 33954084.0   62535.5                          
    0:19:35  528205.8  35740.61 33954084.0   62535.5                          

  Beginning Mapping Optimizations  (Medium effort)
  -------------------------------
Information: Added key list 'DesignWare' to design 'Sat_n_round_1'. (DDB-72)
Information: Added key list 'DesignWare' to design 'Sat_n_round_2'. (DDB-72)
Information: Added key list 'DesignWare' to design 'Saturation_Unit_1'. (DDB-72)
Information: Added key list 'DesignWare' to design 'Saturation_Unit_2'. (DDB-72)
Information: Added key list 'DesignWare' to design 'Sat_n_round_3'. (DDB-72)
Information: Added key list 'DesignWare' to design 'Sat_n_round_4'. (DDB-72)
Information: Added key list 'DesignWare' to design 'Saturation_Unit_3'. (DDB-72)
Information: Added key list 'DesignWare' to design 'Saturation_Unit_4'. (DDB-72)
Information: Added key list 'DesignWare' to design 'Sat_n_round_5'. (DDB-72)
Information: Added key list 'DesignWare' to design 'Sat_n_round_6'. (DDB-72)
Information: Added key list 'DesignWare' to design 'Saturation_Unit_5'. (DDB-72)
Information: Added key list 'DesignWare' to design 'Saturation_Unit_6'. (DDB-72)
Information: Added key list 'DesignWare' to design 'Sat_n_round_7'. (DDB-72)
Information: Added key list 'DesignWare' to design 'Sat_n_round_8'. (DDB-72)
Information: Added key list 'DesignWare' to design 'Saturation_Unit_7'. (DDB-72)
Information: Added key list 'DesignWare' to design 'Saturation_Unit_8'. (DDB-72)
Information: Added key list 'DesignWare' to design 'Sat_n_round_9'. (DDB-72)
Information: Added key list 'DesignWare' to design 'Sat_n_round_10'. (DDB-72)
Information: Added key list 'DesignWare' to design 'Saturation_Unit_9'. (DDB-72)
Information: Added key list 'DesignWare' to design 'Saturation_Unit_10'. (DDB-72)
Information: Added key list 'DesignWare' to design 'Sat_n_round_11'. (DDB-72)
Information: Added key list 'DesignWare' to design 'Sat_n_round_12'. (DDB-72)
Information: Added key list 'DesignWare' to design 'Saturation_Unit_11'. (DDB-72)
Information: Added key list 'DesignWare' to design 'Saturation_Unit_12'. (DDB-72)
Information: Added key list 'DesignWare' to design 'Sat_n_round_13'. (DDB-72)
Information: Added key list 'DesignWare' to design 'Sat_n_round_14'. (DDB-72)
Information: Added key list 'DesignWare' to design 'Saturation_Unit_13'. (DDB-72)
Information: Added key list 'DesignWare' to design 'Saturation_Unit_14'. (DDB-72)
Information: Added key list 'DesignWare' to design 'Sat_n_round_15'. (DDB-72)
Information: Added key list 'DesignWare' to design 'Sat_n_round_16'. (DDB-72)
Information: Added key list 'DesignWare' to design 'Saturation_Unit_15'. (DDB-72)
Information: Added key list 'DesignWare' to design 'Saturation_Unit_16'. (DDB-72)
Information: Added key list 'DesignWare' to design 'Sat_n_round_17'. (DDB-72)
Information: Added key list 'DesignWare' to design 'Sat_n_round_18'. (DDB-72)
Information: Added key list 'DesignWare' to design 'Saturation_Unit_17'. (DDB-72)
Information: Added key list 'DesignWare' to design 'Saturation_Unit_18'. (DDB-72)
Information: Added key list 'DesignWare' to design 'Sat_n_round_19'. (DDB-72)
Information: Added key list 'DesignWare' to design 'Sat_n_round_20'. (DDB-72)
Information: Added key list 'DesignWare' to design 'Saturation_Unit_19'. (DDB-72)
Information: Added key list 'DesignWare' to design 'Saturation_Unit_20'. (DDB-72)
Information: Added key list 'DesignWare' to design 'Sat_n_round_21'. (DDB-72)
Information: Added key list 'DesignWare' to design 'Sat_n_round_22'. (DDB-72)
Information: Added key list 'DesignWare' to design 'Saturation_Unit_21'. (DDB-72)
Information: Added key list 'DesignWare' to design 'Saturation_Unit_22'. (DDB-72)
Information: Added key list 'DesignWare' to design 'Sat_n_round_23'. (DDB-72)
Information: Added key list 'DesignWare' to design 'Sat_n_round_24'. (DDB-72)
Information: Added key list 'DesignWare' to design 'Saturation_Unit_23'. (DDB-72)
Information: Added key list 'DesignWare' to design 'Saturation_Unit_24'. (DDB-72)
Information: Added key list 'DesignWare' to design 'Sat_n_round_25'. (DDB-72)
Information: Added key list 'DesignWare' to design 'Sat_n_round_26'. (DDB-72)
Information: Added key list 'DesignWare' to design 'Saturation_Unit_25'. (DDB-72)
Information: Added key list 'DesignWare' to design 'Saturation_Unit_26'. (DDB-72)
Information: Added key list 'DesignWare' to design 'Sat_n_round_27'. (DDB-72)
Information: Added key list 'DesignWare' to design 'Sat_n_round_28'. (DDB-72)
Information: Added key list 'DesignWare' to design 'Saturation_Unit_27'. (DDB-72)
Information: Added key list 'DesignWare' to design 'Saturation_Unit_28'. (DDB-72)
Information: Added key list 'DesignWare' to design 'Sat_n_round_29'. (DDB-72)
Information: Added key list 'DesignWare' to design 'Sat_n_round_30'. (DDB-72)
Information: Added key list 'DesignWare' to design 'Saturation_Unit_29'. (DDB-72)
Information: Added key list 'DesignWare' to design 'Saturation_Unit_30'. (DDB-72)
Information: Added key list 'DesignWare' to design 'Sat_n_round_31'. (DDB-72)
Information: Added key list 'DesignWare' to design 'Sat_n_round_0'. (DDB-72)
Information: Added key list 'DesignWare' to design 'Saturation_Unit_31'. (DDB-72)
Information: Added key list 'DesignWare' to design 'Saturation_Unit_0'. (DDB-72)
Information: Added key list 'DesignWare' to design 'divider_pipe_1'. (DDB-72)
Information: Added key list 'DesignWare' to design 'divider_pipe_2'. (DDB-72)
Information: Added key list 'DesignWare' to design 'divider_pipe_3'. (DDB-72)
Information: Added key list 'DesignWare' to design 'divider_pipe_4'. (DDB-72)
Information: Added key list 'DesignWare' to design 'divider_pipe_5'. (DDB-72)
Information: Added key list 'DesignWare' to design 'divider_pipe_6'. (DDB-72)
Information: Added key list 'DesignWare' to design 'divider_pipe_7'. (DDB-72)
Information: Added key list 'DesignWare' to design 'divider_pipe_8'. (DDB-72)
Information: Added key list 'DesignWare' to design 'divider_pipe_9'. (DDB-72)
Information: Added key list 'DesignWare' to design 'divider_pipe_10'. (DDB-72)
Information: Added key list 'DesignWare' to design 'divider_pipe_11'. (DDB-72)
Information: Added key list 'DesignWare' to design 'divider_pipe_12'. (DDB-72)
Information: Added key list 'DesignWare' to design 'divider_pipe_13'. (DDB-72)
Information: Added key list 'DesignWare' to design 'divider_pipe_14'. (DDB-72)
Information: Added key list 'DesignWare' to design 'divider_pipe_15'. (DDB-72)
Information: Added key list 'DesignWare' to design 'divider_pipe_0'. (DDB-72)
Information: Checking pipeline property of cell Silago_bot_r_corner_inst_7_1/SILEGO_cell/MTRF_cell/dpu_gen/U_NACU_0/U_divider/division (design divider_pipe_1_DW_div_pipe_0). (RTDC-137)
Information: cell Silago_bot_r_corner_inst_7_1/SILEGO_cell/MTRF_cell/dpu_gen/U_NACU_0/U_divider/division (design divider_pipe_1_DW_div_pipe_0) is a pipeline. (RTDC-139)
Information: Checking pipeline property of cell Silago_top_r_corner_inst_7_0/SILEGO_cell/MTRF_cell/dpu_gen/U_NACU_0/U_divider/division (design divider_pipe_2_DW_div_pipe_0_DW_div_pipe_1). (RTDC-137)
Information: cell Silago_top_r_corner_inst_7_0/SILEGO_cell/MTRF_cell/dpu_gen/U_NACU_0/U_divider/division (design divider_pipe_2_DW_div_pipe_0_DW_div_pipe_1) is a pipeline. (RTDC-139)
Information: Checking pipeline property of cell Silago_bot_inst_6_1/SILEGO_cell/MTRF_cell/dpu_gen/U_NACU_0/U_divider/division (design divider_pipe_3_DW_div_pipe_0_DW_div_pipe_2). (RTDC-137)
Information: cell Silago_bot_inst_6_1/SILEGO_cell/MTRF_cell/dpu_gen/U_NACU_0/U_divider/division (design divider_pipe_3_DW_div_pipe_0_DW_div_pipe_2) is a pipeline. (RTDC-139)
Information: Checking pipeline property of cell Silago_top_inst_6_0/SILEGO_cell/MTRF_cell/dpu_gen/U_NACU_0/U_divider/division (design divider_pipe_4_DW_div_pipe_0_DW_div_pipe_3). (RTDC-137)
Information: cell Silago_top_inst_6_0/SILEGO_cell/MTRF_cell/dpu_gen/U_NACU_0/U_divider/division (design divider_pipe_4_DW_div_pipe_0_DW_div_pipe_3) is a pipeline. (RTDC-139)
Information: Checking pipeline property of cell Silago_bot_inst_5_1/SILEGO_cell/MTRF_cell/dpu_gen/U_NACU_0/U_divider/division (design divider_pipe_5_DW_div_pipe_0_DW_div_pipe_4). (RTDC-137)
Information: cell Silago_bot_inst_5_1/SILEGO_cell/MTRF_cell/dpu_gen/U_NACU_0/U_divider/division (design divider_pipe_5_DW_div_pipe_0_DW_div_pipe_4) is a pipeline. (RTDC-139)
Information: Checking pipeline property of cell Silago_top_inst_5_0/SILEGO_cell/MTRF_cell/dpu_gen/U_NACU_0/U_divider/division (design divider_pipe_6_DW_div_pipe_0_DW_div_pipe_5). (RTDC-137)
Information: cell Silago_top_inst_5_0/SILEGO_cell/MTRF_cell/dpu_gen/U_NACU_0/U_divider/division (design divider_pipe_6_DW_div_pipe_0_DW_div_pipe_5) is a pipeline. (RTDC-139)
Information: Checking pipeline property of cell Silago_bot_inst_4_1/SILEGO_cell/MTRF_cell/dpu_gen/U_NACU_0/U_divider/division (design divider_pipe_7_DW_div_pipe_0_DW_div_pipe_6). (RTDC-137)
Information: cell Silago_bot_inst_4_1/SILEGO_cell/MTRF_cell/dpu_gen/U_NACU_0/U_divider/division (design divider_pipe_7_DW_div_pipe_0_DW_div_pipe_6) is a pipeline. (RTDC-139)
Information: Checking pipeline property of cell Silago_top_inst_4_0/SILEGO_cell/MTRF_cell/dpu_gen/U_NACU_0/U_divider/division (design divider_pipe_8_DW_div_pipe_0_DW_div_pipe_7). (RTDC-137)
Information: cell Silago_top_inst_4_0/SILEGO_cell/MTRF_cell/dpu_gen/U_NACU_0/U_divider/division (design divider_pipe_8_DW_div_pipe_0_DW_div_pipe_7) is a pipeline. (RTDC-139)
Information: Checking pipeline property of cell Silago_bot_inst_3_1/SILEGO_cell/MTRF_cell/dpu_gen/U_NACU_0/U_divider/division (design divider_pipe_9_DW_div_pipe_0_DW_div_pipe_8). (RTDC-137)
Information: cell Silago_bot_inst_3_1/SILEGO_cell/MTRF_cell/dpu_gen/U_NACU_0/U_divider/division (design divider_pipe_9_DW_div_pipe_0_DW_div_pipe_8) is a pipeline. (RTDC-139)
Information: Checking pipeline property of cell Silago_top_inst_3_0/SILEGO_cell/MTRF_cell/dpu_gen/U_NACU_0/U_divider/division (design divider_pipe_10_DW_div_pipe_0_DW_div_pipe_9). (RTDC-137)
Information: cell Silago_top_inst_3_0/SILEGO_cell/MTRF_cell/dpu_gen/U_NACU_0/U_divider/division (design divider_pipe_10_DW_div_pipe_0_DW_div_pipe_9) is a pipeline. (RTDC-139)
Information: Checking pipeline property of cell Silago_bot_inst_2_1/SILEGO_cell/MTRF_cell/dpu_gen/U_NACU_0/U_divider/division (design divider_pipe_11_DW_div_pipe_0_DW_div_pipe_10). (RTDC-137)
Information: cell Silago_bot_inst_2_1/SILEGO_cell/MTRF_cell/dpu_gen/U_NACU_0/U_divider/division (design divider_pipe_11_DW_div_pipe_0_DW_div_pipe_10) is a pipeline. (RTDC-139)
Information: Checking pipeline property of cell Silago_top_inst_2_0/SILEGO_cell/MTRF_cell/dpu_gen/U_NACU_0/U_divider/division (design divider_pipe_12_DW_div_pipe_0_DW_div_pipe_11). (RTDC-137)
Information: cell Silago_top_inst_2_0/SILEGO_cell/MTRF_cell/dpu_gen/U_NACU_0/U_divider/division (design divider_pipe_12_DW_div_pipe_0_DW_div_pipe_11) is a pipeline. (RTDC-139)
Information: Checking pipeline property of cell Silago_bot_inst_1_1/SILEGO_cell/MTRF_cell/dpu_gen/U_NACU_0/U_divider/division (design divider_pipe_13_DW_div_pipe_0_DW_div_pipe_12). (RTDC-137)
Information: cell Silago_bot_inst_1_1/SILEGO_cell/MTRF_cell/dpu_gen/U_NACU_0/U_divider/division (design divider_pipe_13_DW_div_pipe_0_DW_div_pipe_12) is a pipeline. (RTDC-139)
Information: Checking pipeline property of cell Silago_top_inst_1_0/SILEGO_cell/MTRF_cell/dpu_gen/U_NACU_0/U_divider/division (design divider_pipe_14_DW_div_pipe_0_DW_div_pipe_13). (RTDC-137)
Information: cell Silago_top_inst_1_0/SILEGO_cell/MTRF_cell/dpu_gen/U_NACU_0/U_divider/division (design divider_pipe_14_DW_div_pipe_0_DW_div_pipe_13) is a pipeline. (RTDC-139)
Information: Checking pipeline property of cell Silago_bot_l_corner_inst_0_1/SILEGO_cell/MTRF_cell/dpu_gen/U_NACU_0/U_divider/division (design divider_pipe_15_DW_div_pipe_0_DW_div_pipe_14). (RTDC-137)
Information: cell Silago_bot_l_corner_inst_0_1/SILEGO_cell/MTRF_cell/dpu_gen/U_NACU_0/U_divider/division (design divider_pipe_15_DW_div_pipe_0_DW_div_pipe_14) is a pipeline. (RTDC-139)
Information: Checking pipeline property of cell Silago_top_l_corner_inst_0_0/SILEGO_cell/MTRF_cell/dpu_gen/U_NACU_0/U_divider/division (design divider_pipe_0_DW_div_pipe_0_DW_div_pipe_15). (RTDC-137)
Information: cell Silago_top_l_corner_inst_0_0/SILEGO_cell/MTRF_cell/dpu_gen/U_NACU_0/U_divider/division (design divider_pipe_0_DW_div_pipe_0_DW_div_pipe_15) is a pipeline. (RTDC-139)
  Allocating blocks in 'DW_div_a_width32_b_width32_tc_mode1_rem_mode1'
  Allocating blocks in 'DW01_absval_width32'
  Allocating blocks in 'DW_div_a_width32_b_width32_tc_mode1_rem_mode1'
  Mapping Optimization (Phase 1)
  Mapping Optimization (Phase 2)
  Mapping Optimization (Phase 3)
  Mapping Optimization (Phase 4)
  Mapping Optimization (Phase 5)
  Mapping Optimization (Phase 6)
  Mapping Optimization (Phase 7)
  Mapping Optimization (Phase 8)
  Mapping Optimization (Phase 9)
  Mapping Optimization (Phase 10)
  Mapping Optimization (Phase 11)
  Mapping Optimization (Phase 12)
  Mapping Optimization (Phase 13)
  Mapping Optimization (Phase 14)
  Mapping Optimization (Phase 15)
  Mapping Optimization (Phase 16)
  Mapping Optimization (Phase 17)
  Mapping Optimization (Phase 18)
  Mapping Optimization (Phase 19)
  Mapping Optimization (Phase 20)
  Mapping Optimization (Phase 21)
  Mapping Optimization (Phase 22)
  Mapping Optimization (Phase 23)
  Mapping Optimization (Phase 24)
  Mapping Optimization (Phase 25)
  Mapping Optimization (Phase 26)
  Mapping Optimization (Phase 27)
  Mapping Optimization (Phase 28)

                                  TOTAL                                      
   ELAPSED            WORST NEG   SETUP    DESIGN                            
    TIME      AREA      SLACK     COST    RULE COST         ENDPOINT         
  --------- --------- --------- --------- --------- -------------------------
    1:02:28  728415.3   3332.28 15692604.0   62808.8                          
    1:02:28  728415.3   3332.28 15692604.0   62808.8                          
    1:02:28  728985.4   3332.28 15692604.0   62808.8                          
    1:02:29  729266.0   3332.28 15692601.0   62808.8                          
    1:02:29  729524.1   3332.28 15692516.0   62808.8                          
    1:02:29  729844.0   3332.28 15692516.0   62808.8                          
    1:02:30  730107.5   3332.28 15692516.0   62808.8                          
    1:02:30  730379.4   3332.28 15692483.0   62808.8                          
    1:02:30  730671.7   3332.28 15692477.0   62808.8                          
    1:02:31  730975.4   3332.28 15692477.0   62801.8                          
    1:02:31  731193.3   3332.28 15692477.0   62801.8                          
    1:02:31  731423.0   3332.28 15692477.0   62801.8                          
    1:02:32  731648.7   3332.28 15692477.0   62801.8                          
    1:02:32  731880.8   3332.28 15692477.0   62801.8                          
    1:02:32  732184.5   3332.28 15692477.0   62801.8                          
    1:02:32  732456.3   3332.28 15692477.0   62801.8                          
    1:02:33  732711.5   3332.28 15692477.0   62801.8                          
    1:02:33  733028.9   3332.28 15692477.0   62801.8                          
    1:02:33  733305.2   3332.28 15692477.0   62801.8                          
    1:02:34  733582.8   3332.28 15692477.0   62801.8                          
    1:02:34  733869.3   3332.28 15692477.0   62801.8                          
    1:02:34  734181.8   3332.28 15692477.0   62801.8                          
    1:02:35  734406.6   3332.28 15692477.0   62801.8                          
    1:02:35  734636.3   3332.28 15692473.0   62801.8                          
    1:02:35  734871.3   3332.28 15692473.0   62801.8                          
    1:02:36  735106.3   3332.28 15692473.0   62801.8                          
    1:02:36  735343.3   3332.28 15692473.0   62801.8                          
    1:02:36  735569.5   3332.28 15692473.0   62801.8                          
    1:02:37  735799.2   3332.28 15692473.0   62801.8                          
    1:02:37  736009.7   3332.28 15692393.0   62801.8                          
    1:02:37  736251.1   3332.28 15692196.0   62801.8                          
    1:02:38  736492.2   3332.28 15692196.0   62801.8                          
    1:02:38  736719.9   3331.22 15691983.0   62801.8                          
    1:02:38  736939.2   3331.22 15691983.0   62801.8                          
    1:02:39  737159.0   3331.22 15691983.0   62801.8                          
    1:02:39  737394.1   3331.22 15691983.0   62801.8                          
    1:02:39  737635.7   3331.22 15691779.0   62801.8                          
    1:02:40  737902.6   3331.22 15691779.0   62801.8                          
    1:02:40  738170.0   3331.22 15691779.0   62801.8                          
    1:02:40  738447.2   3331.22 15691779.0   62801.8                          
    1:02:41  738682.7   3331.22 15691779.0   62801.8                          
    1:02:41  738915.0   3331.22 15691779.0   62801.8                          
    1:02:41  739161.8   3331.22 15691779.0   62801.8                          
    1:02:42  739416.1   3331.22 15691577.0   62801.8                          
    1:02:42  739715.2   3331.22 15691577.0   62801.8                          
    1:02:43  739940.9   3331.22 15691577.0   62801.8                          
    1:02:43  740164.8   3331.22 15691540.0   62801.8                          
    1:02:44  740391.5   3331.22 15691381.0   62801.8                          
    1:02:44  740618.3   3331.22 15691323.0   62801.8                          
    1:02:44  740909.8   3331.22 15691323.0   62801.8                          
    1:02:45  741176.7   3331.22 15691323.0   62801.8                          
    1:02:45  741453.9   3331.22 15691307.0   62801.8                          
    1:02:45  741751.8   3331.22 15691307.0   62801.8                          
    1:02:46  741986.9   3331.22 15691307.0   62801.8                          
    1:02:46  742237.7   3331.22 15691307.0   62801.8                          
    1:02:46  742492.0   3331.22 15691305.0   62801.8                          
    1:02:47  742789.6   3331.22 15691305.0   62801.8                          
    1:02:47  743005.5   3331.22 15691305.0   62801.8                          
    1:02:47  743226.5   3331.22 15691305.0   62801.8                          
    1:02:48  743453.2   3331.22 15691305.0   62801.8                          
    1:02:48  743685.9   3331.22 15691185.0   62801.8                          
    1:02:48  743929.7   3331.22 15691185.0   62801.8                          
    1:02:49  744160.9   3331.22 15691185.0   62801.8                          
    1:02:49  744391.1   3331.22 15691185.0   62801.8                          
    1:02:50  744620.8   3331.22 15691185.0   62797.5                          
    1:02:50  744853.4   3331.22 15691184.0   62797.5                          
    1:02:50  745100.2   3331.22 15691156.0   62797.5                          
    1:02:51  745326.0   3331.22 15691156.0   62797.5                          
    1:02:51  745555.7   3331.22 15691156.0   62797.5                          
    1:02:51  745789.7   3331.22 15691156.0   62797.5                          
    1:02:52  746022.4   3331.22 15691156.0   62797.5                          
    1:02:52  746254.5   3331.22 15691029.0   62797.5                          
    1:02:52  746496.4   3331.22 15691029.0   62797.5                          
    1:02:53  746731.9   3331.22 15691029.0   62797.5                          
    1:02:53  746973.3   3331.22 15691029.0   62797.5                          
    1:02:53  747253.9   3331.22 15690898.0   62797.5                          
    1:02:53  747489.4   3331.22 15690709.0   62797.5                          
    1:02:54  747689.3   3331.22 15690709.0   62797.5                          
    1:02:54  747898.0   3331.22 15690709.0   62797.5                          
    1:02:54  748130.6   3331.22 15690700.0   62797.5                          
    1:02:55  748374.9   3331.22 15690700.0   62797.5                          
    1:02:55  748604.0   3331.22 15690700.0   62797.5                          
    1:02:55  748884.6   3331.22 15690700.0   62797.5                          
    1:02:55  749174.1   3331.22 15690700.0   62797.5                          
    1:02:56  749363.6   3331.22 15690700.0   62797.5                          
    1:02:56  749568.8   3331.22 15690700.0   62797.5                          
    1:02:56  749780.4   3331.22 15690700.0   62797.5                          
    1:02:57  750033.9   3331.22 15690700.0   62797.5                          
    1:02:57  750284.6   3331.22 15690700.0   62797.5                          
    1:02:57  750510.8   3331.22 15690700.0   62797.5                          
    1:02:57  750712.5   3331.22 15690700.0   62797.5                          
    1:02:58  750903.0   3331.22 15690700.0   62797.5                          
    1:02:58  751130.6   3331.22 15690695.0   62797.5                          
    1:02:58  751384.2   3331.22 15690695.0   62797.5                          
    1:02:59  751639.8   3331.22 15690695.0   62797.5                          
    1:02:59  751839.5   3331.22 15690695.0   62797.5                          
    1:02:59  752039.3   3331.22 15690695.0   62797.5                          
    1:02:59  752265.0   3331.22 15690680.0   62797.5                          
    1:03:00  752509.8   3331.22 15690680.0   62797.5                          
    1:03:00  752748.8   3331.22 15690680.0   62797.5                          
    1:03:05  752913.9   3331.22 15690680.0   62797.5                          
    1:03:12  753081.9   3331.22 15690680.0   62797.5                          
    1:03:12  753278.8   3331.22 15690680.0   62797.5                          
    1:03:13  753487.5   3331.22 15690535.0   62797.5                          
    1:03:14  753681.5   3331.22 15689768.0   62797.5                          
    1:03:15  753932.2   3331.22 15686220.0   62797.5                          
    1:03:15  754174.1   3331.22 15686220.0   62797.5                          
    1:03:17  754361.1   3331.22 15686220.0   62797.5                          
    1:03:23  754526.2   3331.22 15686220.0   62797.5                          
    1:03:27  754733.9   3331.22 15686220.0   62797.5                          
    1:03:27  754936.8   3331.22 15686220.0   62797.5                          
    1:03:27  755136.6   3331.22 15686220.0   62797.5                          
    1:03:28  755366.3   3331.22 15686216.0   62797.5                          
    1:03:28  755611.1   3331.22 15686216.0   62797.5                          
    1:03:29  755872.1   3331.22 15686221.0   62797.5                          
    1:03:29  756073.5   3331.22 15681197.0   62797.5                          
    1:03:30  756276.3   3331.22 15681197.0   62797.5                          
    1:03:30  756482.0   3331.22 15680889.0   62797.5                          
    1:03:31  756729.8   3330.88 15680856.0   62797.5                          
    1:03:31  756984.8   3330.88 15680856.0   62797.5                          
    1:03:32  757224.8   3330.88 15679450.0   62797.5                          
    1:03:32  757433.5   3330.88 15678510.0   62797.5                          
    1:03:33  757639.2   3330.88 15677820.0   62797.5                          
    1:03:34  757873.8   3330.88 15677245.0   62797.5                          
    1:03:34  758087.2   3330.88 15676356.0   62792.4                          
    1:03:34  758316.4   3330.88 15676356.0   62792.4                          
    1:03:35  758542.1   3330.88 15676356.0   62792.4                          
    1:03:35  758767.8   3330.88 15676355.0   62792.4                          
    1:03:36  759002.3   3330.88 15676321.0   62792.4                          
    1:03:36  759216.8   3330.88 15676321.0   62787.2                          
    1:03:36  759448.9   3330.88 15676321.0   62787.2                          
    1:03:37  759681.0   3330.88 15676321.0   62787.2                          
    1:03:37  759906.7   3330.88 15676321.0   62787.2                          
    1:03:37  760140.7   3330.88 15676321.0   62787.2                          
    1:03:38  760365.9   3330.88 15676321.0   62787.2                          
    1:03:38  760577.9   3330.88 15676321.0   62787.2                          
    1:03:38  760800.2   3330.88 15676321.0   62787.2                          
    1:03:39  761037.6   3330.88 15676321.0   62787.2                          
    1:03:39  761266.2   3330.88 15676111.0   62787.2                          
    1:03:40  761513.5   3330.88 15676111.0   62787.2                          
    1:03:40  761737.3   3330.88 15676096.0   62781.2                          
    1:03:41  761967.0   3330.88 15676096.0   62781.2                          
    1:03:41  762193.8   3330.88 15676094.0   62781.2                          
    1:03:41  762429.4   3330.88 15676094.0   62781.2                          
    1:03:42  762676.2   3330.88 15676094.0   62781.2                          
    1:03:42  762899.0   3329.05 15675727.0   62781.2                          
    1:03:43  763137.9   3329.05 15675727.0   62781.2                          
    1:03:43  763357.4   3329.05 15675727.0   62781.2                          
    1:03:43  763598.8   3329.05 15675727.0   62781.2                          
    1:03:44  763843.2   3329.05 15675727.0   62781.2                          
    1:03:44  764077.2   3329.05 15675727.0   62781.2                          
    1:03:44  764303.0   3329.05 15675727.0   62781.2                          
    1:03:45  764523.9   3329.05 15675727.0   62781.2                          
    1:03:45  764751.2   3329.05 15675727.0   62781.2                          
    1:03:46  764972.1   3329.05 15675365.0   62781.2                          
    1:03:46  765235.5   3329.05 15675365.0   62781.2                          
    1:03:46  765483.3   3329.05 15675365.0   62781.2                          
    1:03:46  765718.7   3329.05 15675365.0   62781.2                          
    1:03:47  765912.6   3329.05 15675333.0   62781.2                          
    1:03:47  766116.4   3329.05 15675333.0   62781.2                          
    1:03:47  766361.7   3329.05 15675333.0   62781.2                          
    1:03:48  766615.3   3329.05 15675333.0   62781.2                          
    1:03:48  766867.4   3329.05 15675333.0   62781.2                          
    1:03:48  767075.6   3329.05 15675333.0   62781.2                          
    1:03:49  767282.2   3329.05 15675333.0   62781.2                          
    1:03:49  767484.0   3329.05 15675333.0   62781.2                          
    1:03:49  767743.5   3329.05 15675333.0   62781.2                          
    1:03:49  767985.4   3329.05 15675333.0   62781.2                          
    1:03:50  768211.1   3329.05 15675333.0   62781.2                          
    1:03:50  768405.5   3329.05 15675333.0   62781.2                          
    1:03:50  768609.2   3329.05 15675333.0   62781.2                          
    1:03:51  768838.4   3329.05 15675329.0   62781.2                          
    1:03:51  769078.3   3329.05 15675329.0   62781.2                          
    1:03:52  769339.3   3329.05 15675329.0   62781.2                          
    1:03:52  769545.0   3329.05 15674751.0   62781.2                          
    1:03:53  769750.8   3329.05 15674751.0   62781.2                          
    1:03:53  769959.4   3329.05 15674750.0   62781.2                          
    1:03:53  770197.8   3329.05 15674750.0   62781.2                          
    1:03:53  770448.5   3329.05 15674750.0   62781.2                          
    1:03:54  770692.9   3329.05 15674750.0   62781.2                          
    1:03:54  770901.6   3329.05 15674750.0   62781.2                          
    1:03:54  771111.7   3329.05 15674750.0   62781.2                          
    1:03:55  771338.4   3329.05 15674748.0   62781.2                          
    1:03:55  771580.3   3329.05 15674748.0   62781.2                          
    1:03:55  771841.3   3329.05 15674748.0   62781.2                          
    1:03:56  772042.7   3329.05 15674748.0   62781.2                          
    1:03:56  772249.9   3329.05 15674746.0   62781.2                          
    1:03:57  772491.9   3329.05 15674526.0   62781.2                          
    1:03:57  772706.8   3329.05 15674526.0   62775.4                          
    1:03:57  772932.5   3329.05 15674526.0   62775.4                          
    1:03:58  773161.2   3329.05 15674511.0   62775.4                          
    1:03:58  773395.6   3329.05 15674511.0   62775.4                          
    1:03:58  773629.7   3329.05 15674510.0   62775.4                          
    1:03:59  773854.9   3329.05 15674510.0   62775.4                          
    1:03:59  774077.7   3329.05 15674510.0   62775.4                          
    1:03:59  774321.6   3329.05 15674502.0   62775.4                          
    1:04:00  774560.0   3329.05 15674421.0   62775.4                          
    1:04:00  774783.8   3329.05 15674421.0   62775.4                          
    1:04:00  775012.5   3329.05 15674421.0   62775.4                          
    1:04:01  775256.8   3329.05 15674373.0   62775.4                          
    1:04:01  775494.8   3329.05 15674373.0   62775.4                          
    1:04:02  775724.5   3328.98 15674359.0   62770.0                          
    1:04:02  775950.3   3328.98 15672097.0   62770.0                          
    1:04:03  776168.3   3328.98 15672097.0   62770.0                          
    1:04:03  776392.6   3328.98 15671976.0   62770.0                          
    1:04:04  776616.4   3328.98 15671864.0   62770.0                          
    1:04:04  776872.6   3328.98 15671864.0   62770.0                          
    1:04:05  777117.5   3328.98 15671864.0   62770.0                          
    1:04:05  777357.0   3328.98 15671864.0   62770.0                          
    1:04:05  777604.3   3328.98 15671619.0   62770.0                          
    1:04:06  777838.9   3328.98 15671619.0   62770.0                          
    1:04:06  778086.2   3328.98 15671619.0   62770.0                          
    1:04:07  778322.7   3328.98 15671619.0   62770.0                          
    1:04:07  778567.2   3328.98 15671618.0   62770.0                          
    1:04:07  778812.9   3328.98 15671618.0   62770.0                          
    1:04:08  779048.4   3328.98 15671618.0   62770.0                          
    1:04:08  779273.1   3328.98 15671618.0   62770.0                          
    1:04:08  779469.0   3328.98 15671618.0   62770.0                          
    1:04:09  779679.1   3328.98 15671618.0   62770.0                          
    1:04:09  779917.1   3328.98 15671610.0   62770.0                          
    1:04:09  780165.8   3328.98 15671610.0   62770.0                          
    1:04:09  780390.9   3328.98 15671610.0   62770.0                          
    1:04:10  780597.6   3328.98 15671610.0   62770.0                          
    1:04:10  780793.5   3328.98 15671474.0   62770.0                          
    1:04:11  780976.6   3328.98 15671100.0   62770.0                          
    1:04:11  781234.6   3328.98 15671100.0   62770.0                          
    1:04:11  781472.5   3328.98 15671100.0   62770.0                          
    1:04:12  781700.2   3328.98 15671100.0   62770.0                          
    1:04:12  781899.5   3328.98 15671100.0   62770.0                          
    1:04:12  782083.2   3328.98 15670709.0   62770.0                          
    1:04:13  782306.0   3328.98 15670700.0   62770.0                          
    1:04:13  782547.8   3328.98 15670700.0   62770.0                          
    1:04:13  782801.5   3328.98 15670700.0   62770.0                          
    1:04:14  783005.8   3323.09 15669569.0   62770.0                          
    1:04:15  783215.9   3323.09 15666740.0   62770.0                          
    1:04:16  783424.6   3323.09 15662669.0   62770.0                          
    1:04:16  783667.9   3323.09 15662669.0   62770.0                          
    1:04:16  783912.7   3323.09 15662669.0   62770.0                          
    1:04:16  784152.7   3323.09 15662669.0   62770.0                          
    1:04:17  784355.5   3323.09 15662615.0   62770.0                          
    1:04:17  784552.5   3323.09 15662020.0   62770.0                          
    1:04:18  784776.3   3323.09 15662002.0   62770.0                          
    1:04:18  785021.1   3323.09 15662002.0   62770.0                          
    1:04:18  785280.7   3323.09 15662002.0   62770.0                          
    1:04:19  785482.0   3323.09 15662002.0   62770.0                          
    1:04:20  785679.0   3323.09 15660177.0   62770.0                          
    1:04:21  785884.7   3323.09 15645191.0   62770.0                          
    1:04:22  786070.2   3323.09 15645191.0   62770.0                          
    1:04:22  786274.3   3323.09 15645191.0   62770.0                          
    1:04:22  786494.2   3323.09 15645191.0   62770.0                          
    1:04:23  786694.5   3323.09 15644956.0   62770.0                          
    1:04:23  786892.2   3323.09 15644956.0   62770.0                          
    1:04:23  787109.1   3323.09 15644956.0   62770.0                          
    1:04:23  787328.0   3323.09 15644956.0   62770.0                          
    1:04:24  787530.9   3323.09 15644859.0   62770.0                          
    1:04:24  787736.6   3323.09 15644814.0   62770.0                          
    1:04:24  787958.6   3323.09 15644814.0   62770.0                          
    1:04:25  788161.4   3323.09 15644511.0   62770.0                          
    1:04:25  788367.2   3323.09 15644416.0   62770.0                          
    1:04:25  788594.2   3323.09 15644416.0   62770.0                          
    1:04:26  788840.4   3323.09 15644416.0   62770.0                          
    1:04:26  789099.9   3323.09 15644416.0   62770.0                          
    1:04:26  789312.5   3323.09 15644416.0   62770.0                          
    1:04:26  789523.0   3323.09 15644416.0   62770.0                          
    1:04:27  789714.9   3323.09 15644416.0   62770.0                          
    1:04:27  789946.9   3323.09 15644416.0   62770.0                          
    1:04:27  790188.3   3323.09 15644416.0   62770.0                          
    1:04:27  790431.2   3323.09 15644384.0   62770.0                          
    1:04:28  790642.3   3323.09 15644384.0   62770.0                          
    1:04:28  790833.6   3323.09 15644384.0   62770.0                          
    1:04:29  791047.6   3323.09 15648300.0   62770.0                          
    1:04:32  791270.3   3323.09 15649288.0   62770.0                          
    1:04:35  791515.6   3323.09 15651098.0   62770.0                          
    1:04:35  791719.9   3323.09 15651098.0   62770.0                          
    1:04:36  791925.6   3323.09 15650631.0   62770.0                          
    1:04:36  792161.2   3323.09 15650192.0   62770.0                          
    1:04:39  792377.6   3323.09 15650910.0   62770.0                          
    1:04:42  792616.0   3323.09 15650983.0   62770.0                          
    1:04:42  792823.2   3323.09 15650983.0   62770.0                          
    1:04:42  793031.8   3323.09 15650983.0   62770.0                          
    1:04:43  793228.8   3323.09 15650982.0   62770.0                          
    1:04:47  795522.6   3323.09 15648962.0   61811.3                          
    1:04:50  796456.4   3323.09 15260606.0   61800.3                          
    1:05:00  800182.8   3315.41 14957316.0   56984.6                          
    1:05:39  803273.8   3315.15 14931768.0   44552.9                          
    1:05:43  805952.8   3315.15 14931768.0   44552.9                          
    1:05:48  808631.8   3315.15 14931768.0   44552.9                          
    1:05:52  811532.4   3315.15 14931764.0   44552.9                          
    1:05:56  814528.8   3315.15 14931757.0   44552.9                          
    1:05:59  817578.8   3315.15 14931753.0   44552.9                          
    1:06:03  820597.1   3315.15 14931746.0   44552.9                          
    1:06:07  823639.5   3315.15 14931741.0   44552.9                          
    1:06:10  826675.9   3315.15 14931734.0   44552.9                          
    1:06:14  829716.7   3315.15 14931727.0   44552.9                          
    1:06:18  832766.6   3315.15 14931722.0   44552.9                          
    1:06:22  835774.9   3315.15 14931715.0   44552.9                          
    1:06:25  838843.4   3315.15 14931711.0   44552.9                          
    1:06:28  840553.0   3315.15 14920553.0   44530.5                          
    1:06:31  841254.7   3315.15 14904304.0   44496.9                          
    1:06:35  841938.3   3315.15 14893963.0   44474.4                          
    1:06:41  842626.2   3280.69 14876225.0   44441.1                          
    1:06:46  843380.3   3268.28 14859434.0   44407.9                          
    1:06:49  844082.9   3268.28 14849072.0   44385.9                          
    1:07:04  845766.8   3209.85 10797005.0   44385.9                          
    1:07:22  847928.6   2955.24 8526706.0   44385.9                          
    1:07:30  855154.3   2955.24 6836850.0   27010.8                          
    1:07:38  862735.5   2955.24 4956494.0    7554.3                          
    1:07:49  867854.5   2896.78 4190662.0     948.1                          
    1:08:01  871212.7   2752.13 3881813.5     948.1                          
    1:08:09  873432.8   2417.77 3786384.5     895.0                          
    1:08:16  878067.0   2417.77 3783638.8     895.0                          
    1:08:43  882497.9   2381.25 3692557.2     895.0                          
    1:08:51  883666.0   2381.25 3678945.5     895.0                          
    1:08:52  883666.0   2381.25 3678945.5     895.0                          
    1:08:53  883666.0   2381.25 3678945.5     895.0                          
    1:08:53  883666.0   2381.25 3678945.5     895.0                          
    1:08:53  883666.0   2381.25 3678945.5     895.0                          
    1:08:54  883666.0   2381.25 3678945.5     895.0                          
    1:08:57  883759.7   2381.25 3678945.5     895.0                          
    1:09:01  883900.3   2381.25 3678945.5     895.0                          
    1:09:05  884040.9   2381.25 3678945.5     895.0                          
    1:09:10  884181.4   2381.25 3678945.5     895.0                          
    1:09:14  884322.0   2381.25 3678945.5     895.0                          
    1:09:18  884476.5   2381.25 3678945.5     895.0                          
    1:09:21  884817.4   2381.25 3678945.5     895.0                          
    1:09:22  885409.7   2381.25 3678945.5     895.0                          
    1:09:23  886263.4   2381.25 3678945.5     895.0                          
    1:09:28  886981.5   2381.25 3678945.5     895.0                          
    1:09:31  887322.5   2381.25 3678945.5     895.0                          
    1:09:32  887914.7   2381.25 3678945.5     895.0                          
    1:09:33  888768.5   2381.25 3678945.5     895.0                          
    1:09:37  889486.6   2381.25 3678945.5     895.0                          
    1:09:40  889827.5   2381.25 3678945.5     895.0                          
    1:09:41  890419.8   2381.25 3678945.5     895.0                          
    1:09:42  891273.5   2381.25 3678945.5     895.0                          
    1:09:46  891991.7   2381.25 3678945.5     895.0                          
    1:09:50  892332.6   2381.25 3678945.5     895.0                          
    1:09:51  892924.8   2381.25 3678945.5     895.0                          
    1:09:52  893778.6   2381.25 3678945.5     895.0                          
    1:09:56  894496.7   2381.25 3678945.5     895.0                          
    1:10:00  894837.6   2381.25 3678945.5     895.0                          
    1:10:01  895429.9   2381.25 3678945.5     895.0                          
    1:10:01  896283.6   2381.25 3678945.5     895.0                          
    1:10:06  897001.8   2381.25 3678945.5     895.0                          
    1:10:09  897342.7   2381.25 3678945.5     895.0                          
    1:10:10  897934.9   2381.25 3678945.5     895.0                          
    1:10:11  898788.7   2381.25 3678945.5     895.0                          
    1:10:15  899506.8   2381.25 3678945.5     895.0                          
    1:10:19  899847.7   2381.25 3678945.5     895.0                          
    1:10:20  900440.0   2381.25 3678945.5     895.0                          
    1:10:20  901293.7   2381.25 3678945.5     895.0                          
    1:10:25  902011.9   2381.25 3678945.5     895.0                          
    1:10:28  902352.8   2381.25 3678945.5     895.0                          
    1:10:29  902945.0   2381.25 3678945.5     895.0                          
    1:10:30  903798.8   2381.25 3678945.5     895.0                          
    1:10:34  904516.9   2381.25 3678945.5     895.0                          
    1:10:38  904857.8   2381.25 3678945.5     895.0                          
    1:10:38  905450.1   2381.25 3678945.5     895.0                          
    1:10:39  906303.8   2381.25 3678945.5     895.0                          
    1:10:43  907022.0   2381.25 3678945.5     895.0                          
    1:10:47  907362.9   2381.25 3678945.5     895.0                          
    1:10:48  907955.1   2381.25 3678945.5     895.0                          
    1:10:48  908808.9   2381.25 3678945.5     895.0                          
    1:10:53  909527.0   2381.25 3678945.5     895.0                          
    1:10:56  909867.9   2381.25 3678945.5     895.0                          
    1:10:57  910460.2   2381.25 3678945.5     895.0                          
    1:10:58  911314.0   2381.25 3678945.5     895.0                          
    1:11:02  912032.1   2381.25 3678945.5     895.0                          
    1:11:06  912373.0   2381.25 3678945.5     895.0                          
    1:11:06  912965.2   2381.25 3678945.5     895.0                          
    1:11:07  913819.0   2381.25 3678945.5     895.0                          
    1:11:12  914537.1   2381.25 3678945.5     895.0                          
    1:11:15  914878.0   2381.25 3678945.5     895.0                          
    1:11:16  915470.3   2381.25 3678945.5     895.0                          
    1:11:17  916324.1   2381.25 3678945.5     895.0                          
    1:11:21  917042.2   2381.25 3678945.5     895.0                          
    1:11:24  917383.1   2381.25 3678945.5     895.0                          
    1:11:25  917975.3   2381.25 3678945.5     895.0                          
    1:11:25  918829.1   2381.25 3678945.5     895.0                          
    1:11:30  919547.2   2381.25 3678945.5     895.0                          
    1:11:33  919888.1   2381.25 3678945.5     895.0                          
    1:11:33  920480.4   2381.25 3678945.5     895.0                          
    1:11:34  921334.2   2381.25 3678945.5     895.0                          
    1:11:39  922052.3   2381.25 3678945.5     895.0                          
    1:11:42  922393.2   2381.25 3678945.5     895.0                          
    1:11:43  922985.4   2381.25 3678945.5     895.0                          
    1:11:43  923839.2   2381.25 3678945.5     895.0                          
Warning: Retiming is likely to run for an extended
        period of time due to the large design size. (RTDC-135)
  Retiming divider_pipe_1_DW_div_pipe_0 (Silago_bot_r_corner_inst_7_1/SILEGO_cell/MTRF_cell/dpu_gen/U_NACU_0/U_divider/division)
Warning: There are buffer or inverter cells in the
        clock tree. The clock tree has to be recreated after
        retiming. (RTDC-47)
  Preferred flip-flop is SC8T_DFFQX2_CSC28L with setup = 21.13

Warning: The following cells only drive
        asynchronous pins of sequential cells which have no
        timing constraint. Therefore retiming will not optimize
        delay through them:
        Silago_bot_r_corner_inst_7_1/SILEGO_cell/MTRF_cell/dpu_gen/U_NACU_0/U_divider/division/*cell*2306511 (SC8T_INVX8_CSC28L)

 (RTDC-115)

  Retiming base-clock clk, rising edge.
  Beginning minimum period retiming ...
  ... minimum period retiming done.
  Beginning minimum area retiming step 1 ...
  ... minimum area retiming step 1 done.
  Beginning minimum area retiming step 2 ...
  
  ... minimum area retiming step 2 done.
  Beginning minimum area retiming step 3 ...
  
  ... minimum area retiming step 3 done.
  Beginning final register move ...
  ... final register move done.
  Lower bound estimate = 3517.92
  Critical path length = 3517.92
  Clock correction = 121.45 (clock-to-Q delay = 70.32, setup = 21.13, uncertainty = 30.00)
  Retiming divider_pipe_2_DW_div_pipe_0_DW_div_pipe_1 (Silago_top_r_corner_inst_7_0/SILEGO_cell/MTRF_cell/dpu_gen/U_NACU_0/U_divider/division)
Warning: There are buffer or inverter cells in the
        clock tree. The clock tree has to be recreated after
        retiming. (RTDC-47)
  Preferred flip-flop is SC8T_DFFQX2_CSC28L with setup = 21.13

Warning: The following cells only drive
        asynchronous pins of sequential cells which have no
        timing constraint. Therefore retiming will not optimize
        delay through them:
        Silago_top_r_corner_inst_7_0/SILEGO_cell/MTRF_cell/dpu_gen/U_NACU_0/U_divider/division/*cell*2301746 (SC8T_INVX8_CSC28L)

 (RTDC-115)

  Retiming base-clock clk, rising edge.
  Beginning minimum period retiming ...
  ... minimum period retiming done.
  Beginning minimum area retiming step 1 ...
  ... minimum area retiming step 1 done.
  Beginning minimum area retiming step 2 ...
  
  ... minimum area retiming step 2 done.
  Beginning minimum area retiming step 3 ...
  
  ... minimum area retiming step 3 done.
  Beginning final register move ...
  ... final register move done.
  Lower bound estimate = 3520.65
  Critical path length = 3520.65
  Clock correction = 121.45 (clock-to-Q delay = 70.32, setup = 21.13, uncertainty = 30.00)
  Retiming divider_pipe_3_DW_div_pipe_0_DW_div_pipe_2 (Silago_bot_inst_6_1/SILEGO_cell/MTRF_cell/dpu_gen/U_NACU_0/U_divider/division)
Warning: There are buffer or inverter cells in the
        clock tree. The clock tree has to be recreated after
        retiming. (RTDC-47)
  Preferred flip-flop is SC8T_DFFQX2_CSC28L with setup = 21.13

Warning: The following cells only drive
        asynchronous pins of sequential cells which have no
        timing constraint. Therefore retiming will not optimize
        delay through them:
        Silago_bot_inst_6_1/SILEGO_cell/MTRF_cell/dpu_gen/U_NACU_0/U_divider/division/*cell*2304343 (SC8T_INVX8_CSC28L)

 (RTDC-115)

  Retiming base-clock clk, rising edge.
  Beginning minimum period retiming ...
  ... minimum period retiming done.
  Beginning minimum area retiming step 1 ...
  ... minimum area retiming step 1 done.
  Beginning minimum area retiming step 2 ...
  
  ... minimum area retiming step 2 done.
  Beginning minimum area retiming step 3 ...
  
  ... minimum area retiming step 3 done.
  Beginning final register move ...
  ... final register move done.
  Lower bound estimate = 3520.71
  Critical path length = 3520.71
  Clock correction = 121.45 (clock-to-Q delay = 70.32, setup = 21.13, uncertainty = 30.00)
  Retiming divider_pipe_4_DW_div_pipe_0_DW_div_pipe_3 (Silago_top_inst_6_0/SILEGO_cell/MTRF_cell/dpu_gen/U_NACU_0/U_divider/division)
Warning: There are buffer or inverter cells in the
        clock tree. The clock tree has to be recreated after
        retiming. (RTDC-47)
  Preferred flip-flop is SC8T_DFFQX2_CSC28L with setup = 21.13

Warning: The following cells only drive
        asynchronous pins of sequential cells which have no
        timing constraint. Therefore retiming will not optimize
        delay through them:
        Silago_top_inst_6_0/SILEGO_cell/MTRF_cell/dpu_gen/U_NACU_0/U_divider/division/*cell*2302178 (SC8T_INVX8_CSC28L)

 (RTDC-115)

  Retiming base-clock clk, rising edge.
  Beginning minimum period retiming ...
  ... minimum period retiming done.
  Beginning minimum area retiming step 1 ...
  ... minimum area retiming step 1 done.
  Beginning minimum area retiming step 2 ...
  
  ... minimum area retiming step 2 done.
  Beginning minimum area retiming step 3 ...
  
  ... minimum area retiming step 3 done.
  Beginning final register move ...
  ... final register move done.
  Lower bound estimate = 3521.83
  Critical path length = 3521.83
  Clock correction = 121.45 (clock-to-Q delay = 70.32, setup = 21.13, uncertainty = 30.00)
  Retiming divider_pipe_5_DW_div_pipe_0_DW_div_pipe_4 (Silago_bot_inst_5_1/SILEGO_cell/MTRF_cell/dpu_gen/U_NACU_0/U_divider/division)
Warning: There are buffer or inverter cells in the
        clock tree. The clock tree has to be recreated after
        retiming. (RTDC-47)
  Preferred flip-flop is SC8T_DFFQX2_CSC28L with setup = 21.13

Warning: The following cells only drive
        asynchronous pins of sequential cells which have no
        timing constraint. Therefore retiming will not optimize
        delay through them:
        Silago_bot_inst_5_1/SILEGO_cell/MTRF_cell/dpu_gen/U_NACU_0/U_divider/division/*cell*2304772 (SC8T_INVX8_CSC28L)

 (RTDC-115)

  Retiming base-clock clk, rising edge.
  Beginning minimum period retiming ...
  ... minimum period retiming done.
  Beginning minimum area retiming step 1 ...
  ... minimum area retiming step 1 done.
  Beginning minimum area retiming step 2 ...
  
  ... minimum area retiming step 2 done.
  Beginning minimum area retiming step 3 ...
  
  ... minimum area retiming step 3 done.
  Beginning final register move ...
  ... final register move done.
  Lower bound estimate = 3521.95
  Critical path length = 3521.95
  Clock correction = 121.45 (clock-to-Q delay = 70.32, setup = 21.13, uncertainty = 30.00)
  Retiming divider_pipe_6_DW_div_pipe_0_DW_div_pipe_5 (Silago_top_inst_5_0/SILEGO_cell/MTRF_cell/dpu_gen/U_NACU_0/U_divider/division)
Warning: There are buffer or inverter cells in the
        clock tree. The clock tree has to be recreated after
        retiming. (RTDC-47)
  Preferred flip-flop is SC8T_DFFQX2_CSC28L with setup = 21.13

Warning: The following cells only drive
        asynchronous pins of sequential cells which have no
        timing constraint. Therefore retiming will not optimize
        delay through them:
        Silago_top_inst_5_0/SILEGO_cell/MTRF_cell/dpu_gen/U_NACU_0/U_divider/division/*cell*2302611 (SC8T_INVX8_CSC28L)

 (RTDC-115)

  Retiming base-clock clk, rising edge.
  Beginning minimum period retiming ...
  ... minimum period retiming done.
  Beginning minimum area retiming step 1 ...
  ... minimum area retiming step 1 done.
  Beginning minimum area retiming step 2 ...
  
  ... minimum area retiming step 2 done.
  Beginning minimum area retiming step 3 ...
  
  ... minimum area retiming step 3 done.
  Beginning final register move ...
  ... final register move done.
  Lower bound estimate = 3520.54
  Critical path length = 3520.54
  Clock correction = 121.45 (clock-to-Q delay = 70.32, setup = 21.13, uncertainty = 30.00)
  Retiming divider_pipe_7_DW_div_pipe_0_DW_div_pipe_6 (Silago_bot_inst_4_1/SILEGO_cell/MTRF_cell/dpu_gen/U_NACU_0/U_divider/division)
Warning: There are buffer or inverter cells in the
        clock tree. The clock tree has to be recreated after
        retiming. (RTDC-47)
  Preferred flip-flop is SC8T_DFFQX2_CSC28L with setup = 21.13

Warning: The following cells only drive
        asynchronous pins of sequential cells which have no
        timing constraint. Therefore retiming will not optimize
        delay through them:
        Silago_bot_inst_4_1/SILEGO_cell/MTRF_cell/dpu_gen/U_NACU_0/U_divider/division/*cell*2305201 (SC8T_INVX8_CSC28L)

 (RTDC-115)

  Retiming base-clock clk, rising edge.
  Beginning minimum period retiming ...
  ... minimum period retiming done.
  Beginning minimum area retiming step 1 ...
  ... minimum area retiming step 1 done.
  Beginning minimum area retiming step 2 ...
  
  ... minimum area retiming step 2 done.
  Beginning minimum area retiming step 3 ...
  
  ... minimum area retiming step 3 done.
  Beginning final register move ...
  ... final register move done.
  Lower bound estimate = 3520.75
  Critical path length = 3520.75
  Clock correction = 121.45 (clock-to-Q delay = 70.32, setup = 21.13, uncertainty = 30.00)
  Retiming divider_pipe_8_DW_div_pipe_0_DW_div_pipe_7 (Silago_top_inst_4_0/SILEGO_cell/MTRF_cell/dpu_gen/U_NACU_0/U_divider/division)
Warning: There are buffer or inverter cells in the
        clock tree. The clock tree has to be recreated after
        retiming. (RTDC-47)
  Preferred flip-flop is SC8T_DFFQX2_CSC28L with setup = 21.13

Warning: The following cells only drive
        asynchronous pins of sequential cells which have no
        timing constraint. Therefore retiming will not optimize
        delay through them:
        Silago_top_inst_4_0/SILEGO_cell/MTRF_cell/dpu_gen/U_NACU_0/U_divider/division/*cell*2303044 (SC8T_INVX8_CSC28L)

 (RTDC-115)

  Retiming base-clock clk, rising edge.
  Beginning minimum period retiming ...
  ... minimum period retiming done.
  Beginning minimum area retiming step 1 ...
  ... minimum area retiming step 1 done.
  Beginning minimum area retiming step 2 ...
  
  ... minimum area retiming step 2 done.
  Beginning minimum area retiming step 3 ...
  
  ... minimum area retiming step 3 done.
  Beginning final register move ...
  ... final register move done.
  Lower bound estimate = 3520.47
  Critical path length = 3520.47
  Clock correction = 121.45 (clock-to-Q delay = 70.32, setup = 21.13, uncertainty = 30.00)
  Retiming divider_pipe_9_DW_div_pipe_0_DW_div_pipe_8 (Silago_bot_inst_3_1/SILEGO_cell/MTRF_cell/dpu_gen/U_NACU_0/U_divider/division)
Warning: There are buffer or inverter cells in the
        clock tree. The clock tree has to be recreated after
        retiming. (RTDC-47)
  Preferred flip-flop is SC8T_DFFQX2_CSC28L with setup = 21.13

Warning: The following cells only drive
        asynchronous pins of sequential cells which have no
        timing constraint. Therefore retiming will not optimize
        delay through them:
        Silago_bot_inst_3_1/SILEGO_cell/MTRF_cell/dpu_gen/U_NACU_0/U_divider/division/*cell*2305630 (SC8T_INVX8_CSC28L)

 (RTDC-115)

  Retiming base-clock clk, rising edge.
  Beginning minimum period retiming ...
  ... minimum period retiming done.
  Beginning minimum area retiming step 1 ...
  ... minimum area retiming step 1 done.
  Beginning minimum area retiming step 2 ...
  
  ... minimum area retiming step 2 done.
  Beginning minimum area retiming step 3 ...
  
  ... minimum area retiming step 3 done.
  Beginning final register move ...
  ... final register move done.
  Lower bound estimate = 3521.88
  Critical path length = 3521.88
  Clock correction = 121.45 (clock-to-Q delay = 70.32, setup = 21.13, uncertainty = 30.00)
  Retiming divider_pipe_10_DW_div_pipe_0_DW_div_pipe_9 (Silago_top_inst_3_0/SILEGO_cell/MTRF_cell/dpu_gen/U_NACU_0/U_divider/division)
Warning: There are buffer or inverter cells in the
        clock tree. The clock tree has to be recreated after
        retiming. (RTDC-47)
  Preferred flip-flop is SC8T_DFFQX2_CSC28L with setup = 21.13

Warning: The following cells only drive
        asynchronous pins of sequential cells which have no
        timing constraint. Therefore retiming will not optimize
        delay through them:
        Silago_top_inst_3_0/SILEGO_cell/MTRF_cell/dpu_gen/U_NACU_0/U_divider/division/*cell*2303477 (SC8T_INVX8_CSC28L)

 (RTDC-115)

  Retiming base-clock clk, rising edge.
  Beginning minimum period retiming ...
  ... minimum period retiming done.
  Beginning minimum area retiming step 1 ...
  ... minimum area retiming step 1 done.
  Beginning minimum area retiming step 2 ...
  
  ... minimum area retiming step 2 done.
  Beginning minimum area retiming step 3 ...
  
  ... minimum area retiming step 3 done.
  Beginning final register move ...
  ... final register move done.
  Lower bound estimate = 3520.03
  Critical path length = 3520.03
  Clock correction = 121.45 (clock-to-Q delay = 70.32, setup = 21.13, uncertainty = 30.00)
  Retiming divider_pipe_11_DW_div_pipe_0_DW_div_pipe_10 (Silago_bot_inst_2_1/SILEGO_cell/MTRF_cell/dpu_gen/U_NACU_0/U_divider/division)
Warning: There are buffer or inverter cells in the
        clock tree. The clock tree has to be recreated after
        retiming. (RTDC-47)
  Preferred flip-flop is SC8T_DFFQX2_CSC28L with setup = 21.13

Warning: The following cells only drive
        asynchronous pins of sequential cells which have no
        timing constraint. Therefore retiming will not optimize
        delay through them:
        Silago_bot_inst_2_1/SILEGO_cell/MTRF_cell/dpu_gen/U_NACU_0/U_divider/division/*cell*2306059 (SC8T_INVX8_CSC28L)

 (RTDC-115)

  Retiming base-clock clk, rising edge.
  Beginning minimum period retiming ...
  ... minimum period retiming done.
  Beginning minimum area retiming step 1 ...
  ... minimum area retiming step 1 done.
  Beginning minimum area retiming step 2 ...
  
  ... minimum area retiming step 2 done.
  Beginning minimum area retiming step 3 ...
  
  ... minimum area retiming step 3 done.
  Beginning final register move ...
  ... final register move done.
  Lower bound estimate = 3519.79
  Critical path length = 3519.79
  Clock correction = 121.45 (clock-to-Q delay = 70.32, setup = 21.13, uncertainty = 30.00)
  Retiming divider_pipe_12_DW_div_pipe_0_DW_div_pipe_11 (Silago_top_inst_2_0/SILEGO_cell/MTRF_cell/dpu_gen/U_NACU_0/U_divider/division)
Warning: There are buffer or inverter cells in the
        clock tree. The clock tree has to be recreated after
        retiming. (RTDC-47)
  Preferred flip-flop is SC8T_DFFQX2_CSC28L with setup = 21.13

Warning: The following cells only drive
        asynchronous pins of sequential cells which have no
        timing constraint. Therefore retiming will not optimize
        delay through them:
        Silago_top_inst_2_0/SILEGO_cell/MTRF_cell/dpu_gen/U_NACU_0/U_divider/division/*cell*2303910 (SC8T_INVX8_CSC28L)

 (RTDC-115)

  Retiming base-clock clk, rising edge.
  Beginning minimum period retiming ...
  ... minimum period retiming done.
  Beginning minimum area retiming step 1 ...
  ... minimum area retiming step 1 done.
  Beginning minimum area retiming step 2 ...
  
  ... minimum area retiming step 2 done.
  Beginning minimum area retiming step 3 ...
  
  ... minimum area retiming step 3 done.
  Beginning final register move ...
  ... final register move done.
  Lower bound estimate = 3521.43
  Critical path length = 3521.43
  Clock correction = 121.45 (clock-to-Q delay = 70.32, setup = 21.13, uncertainty = 30.00)
  Retiming divider_pipe_13_DW_div_pipe_0_DW_div_pipe_12 (Silago_bot_inst_1_1/SILEGO_cell/MTRF_cell/dpu_gen/U_NACU_0/U_divider/division)
Warning: There are buffer or inverter cells in the
        clock tree. The clock tree has to be recreated after
        retiming. (RTDC-47)
  Preferred flip-flop is SC8T_DFFQX2_CSC28L with setup = 21.13

Warning: The following cells only drive
        asynchronous pins of sequential cells which have no
        timing constraint. Therefore retiming will not optimize
        delay through them:
        Silago_bot_inst_1_1/SILEGO_cell/MTRF_cell/dpu_gen/U_NACU_0/U_divider/division/*cell*2301317 (SC8T_INVX8_CSC28L)

 (RTDC-115)

  Retiming base-clock clk, rising edge.
  Beginning minimum period retiming ...
  ... minimum period retiming done.
  Beginning minimum area retiming step 1 ...
  ... minimum area retiming step 1 done.
  Beginning minimum area retiming step 2 ...
  
  ... minimum area retiming step 2 done.
  Beginning minimum area retiming step 3 ...
  
  ... minimum area retiming step 3 done.
  Beginning final register move ...
  ... final register move done.
  Lower bound estimate = 3521.17
  Critical path length = 3521.17
  Clock correction = 121.45 (clock-to-Q delay = 70.32, setup = 21.13, uncertainty = 30.00)
  Retiming divider_pipe_14_DW_div_pipe_0_DW_div_pipe_13 (Silago_top_inst_1_0/SILEGO_cell/MTRF_cell/dpu_gen/U_NACU_0/U_divider/division)
Warning: There are buffer or inverter cells in the
        clock tree. The clock tree has to be recreated after
        retiming. (RTDC-47)
  Preferred flip-flop is SC8T_DFFQX2_CSC28L with setup = 21.13

Warning: The following cells only drive
        asynchronous pins of sequential cells which have no
        timing constraint. Therefore retiming will not optimize
        delay through them:
        Silago_top_inst_1_0/SILEGO_cell/MTRF_cell/dpu_gen/U_NACU_0/U_divider/division/*cell*2300884 (SC8T_INVX8_CSC28L)

 (RTDC-115)

  Retiming base-clock clk, rising edge.
  Beginning minimum period retiming ...
  ... minimum period retiming done.
  Beginning minimum area retiming step 1 ...
  ... minimum area retiming step 1 done.
  Beginning minimum area retiming step 2 ...
  
  ... minimum area retiming step 2 done.
  Beginning minimum area retiming step 3 ...
  
  ... minimum area retiming step 3 done.
  Beginning final register move ...
  ... final register move done.
  Lower bound estimate = 3521.85
  Critical path length = 3521.85
  Clock correction = 121.45 (clock-to-Q delay = 70.32, setup = 21.13, uncertainty = 30.00)
  Retiming divider_pipe_15_DW_div_pipe_0_DW_div_pipe_14 (Silago_bot_l_corner_inst_0_1/SILEGO_cell/MTRF_cell/dpu_gen/U_NACU_0/U_divider/division)
Warning: There are buffer or inverter cells in the
        clock tree. The clock tree has to be recreated after
        retiming. (RTDC-47)
  Preferred flip-flop is SC8T_DFFQX2_CSC28L with setup = 21.13

Warning: The following cells only drive
        asynchronous pins of sequential cells which have no
        timing constraint. Therefore retiming will not optimize
        delay through them:
        Silago_bot_l_corner_inst_0_1/SILEGO_cell/MTRF_cell/dpu_gen/U_NACU_0/U_divider/division/*cell*2300455 (SC8T_INVX8_CSC28L)

 (RTDC-115)

  Retiming base-clock clk, rising edge.
  Beginning minimum period retiming ...
  ... minimum period retiming done.
  Beginning minimum area retiming step 1 ...
  ... minimum area retiming step 1 done.
  Beginning minimum area retiming step 2 ...
  
  ... minimum area retiming step 2 done.
  Beginning minimum area retiming step 3 ...
  
  ... minimum area retiming step 3 done.
  Beginning final register move ...
  ... final register move done.
  Lower bound estimate = 3519.58
  Critical path length = 3519.58
  Clock correction = 121.45 (clock-to-Q delay = 70.32, setup = 21.13, uncertainty = 30.00)
  Retiming divider_pipe_0_DW_div_pipe_0_DW_div_pipe_15 (Silago_top_l_corner_inst_0_0/SILEGO_cell/MTRF_cell/dpu_gen/U_NACU_0/U_divider/division)
Warning: There are buffer or inverter cells in the
        clock tree. The clock tree has to be recreated after
        retiming. (RTDC-47)
  Preferred flip-flop is SC8T_DFFQX2_CSC28L with setup = 21.13

Warning: The following cells only drive
        asynchronous pins of sequential cells which have no
        timing constraint. Therefore retiming will not optimize
        delay through them:
        Silago_top_l_corner_inst_0_0/SILEGO_cell/MTRF_cell/dpu_gen/U_NACU_0/U_divider/division/*cell*2300022 (SC8T_INVX8_CSC28L)

 (RTDC-115)

  Retiming base-clock clk, rising edge.
  Beginning minimum period retiming ...
  ... minimum period retiming done.
  Beginning minimum area retiming step 1 ...
  ... minimum area retiming step 1 done.
  Beginning minimum area retiming step 2 ...
  
  ... minimum area retiming step 2 done.
  Beginning minimum area retiming step 3 ...
  
  ... minimum area retiming step 3 done.
  Beginning final register move ...
  ... final register move done.
  Lower bound estimate = 3519.30
  Critical path length = 3519.30
  Clock correction = 121.45 (clock-to-Q delay = 70.32, setup = 21.13, uncertainty = 30.00)
  Mapping Optimization (Phase 29)
  Mapping Optimization (Phase 30)

                                  TOTAL                                      
   ELAPSED            WORST NEG   SETUP    DESIGN                            
    TIME      AREA      SLACK     COST    RULE COST         ENDPOINT         
  --------- --------- --------- --------- --------- -------------------------
    3:54:33  887780.7   2288.30 3798583.5    1757.9                          
    3:55:43  887755.7   2276.01 3854447.8    1757.9                          
    3:55:45  887755.7   2276.01 3854447.8    1757.9                          
    3:55:45  887755.7   2276.01 3854447.8    1757.9                          
    3:55:56  887755.3   2272.32 3852824.2    1757.9                          
    3:55:56  887755.3   2272.32 3852824.2    1757.9                          
    3:56:20  887755.3   2272.32 3852824.2    1757.9                          
    4:09:28  447296.7   2616.55 2972143.2     895.0                          
    4:13:39  446481.4   1565.20 2490106.5     895.0                          
    4:18:01  448907.0   1469.16 2237011.5     895.0                          
    4:19:58  449276.3   1363.85 2151058.0     895.0                          
    4:21:41  449257.0   1321.34 1958613.2     895.0                          
    4:23:04  449332.0   1158.47 1914344.8     895.0                          
    4:24:18  449098.4   1185.99 1893737.2     895.0                          
    4:25:29  449182.5   1149.86 1879660.2     895.0                          
    4:26:35  449067.3   1190.06 1851160.1     895.0                          
    4:27:39  449127.6   1139.20 1846893.4     895.0                          
    4:27:58  449131.3   1137.67 1844355.2     895.0                          
    4:28:15  449137.8   1123.60 1839018.2     895.0                          
    4:28:33  449141.8   1103.71 1837615.9     895.0                          
    4:28:52  449143.1   1103.29 1834950.6     895.0                          
    4:29:09  449144.9   1092.05 1830324.9     895.0                          
    4:29:29  449149.3   1076.87 1818765.1     895.0                          
    4:29:47  449151.8   1075.00 1810213.6     895.0                          
    4:30:05  449154.4   1071.68 1808387.8     895.0                          
    4:30:23  449156.1   1061.89 1804536.2     895.0                          
    4:30:42  449156.1   1061.89 1804536.2     895.0                          
    4:30:43  449156.1   1061.89 1804536.2     895.0                          
    4:30:52  449156.1   1061.89 1804536.2     895.0                          
    4:30:53  449156.1   1061.89 1804536.2     895.0                          
    4:30:53  449156.1   1061.89 1804536.2     895.0                          



  Beginning Delay Optimization Phase
  ----------------------------------

                                  TOTAL                                      
   ELAPSED            WORST NEG   SETUP    DESIGN                            
    TIME      AREA      SLACK     COST    RULE COST         ENDPOINT         
  --------- --------- --------- --------- --------- -------------------------
    4:30:56  449156.1   1061.89 1804536.2     895.0                          
    4:30:56  449156.1   1061.89 1804536.2     895.0                          
    4:30:56  449156.1   1061.89 1804536.2     895.0                          
    4:31:36  449292.1    873.68 1535910.8     902.8 Silago_top_inst_6_0/SILEGO_cell/MTRF_cell/dpu_gen/U_NACU_0/acc_out_reg[5]/D
    4:32:10  449383.7    822.08 1463263.1     908.4 Silago_top_inst_4_0/SILEGO_cell/MTRF_cell/dpu_gen/U_NACU_0/U_divider/division/clk_r_REG112_S1/D
    4:32:37  449449.4    795.82 1421816.5     908.5 Silago_bot_inst_3_1/SILEGO_cell/MTRF_cell/dpu_gen/U_NACU_0/U_divider/division/clk_r_REG0_S1/D
    4:33:03  449506.2    765.78 1372988.4     907.8 Silago_top_inst_2_0/SILEGO_cell/MTRF_cell/dpu_gen/U_NACU_0/U_divider/division/clk_r_REG112_S1/D
    4:33:29  449551.7    751.56 1351341.6     907.6 Silago_top_inst_4_0/SILEGO_cell/MTRF_cell/dpu_gen/U_NACU_0/acc_out_reg[3]/D
    4:33:44  449580.8    735.63 1324024.0     907.7 Silago_bot_inst_2_1/SILEGO_cell/MTRF_cell/dpu_gen/U_NACU_0/U_divider/division/clk_r_REG131_S1/D
    4:34:01  449608.6    727.34 1313655.1     907.7 Silago_top_inst_3_0/SILEGO_cell/MTRF_cell/dpu_gen/U_NACU_0/acc_out_reg[2]/D
    4:34:15  449629.3    721.28 1300199.1     907.1 Silago_top_inst_4_0/SILEGO_cell/MTRF_cell/dpu_gen/U_NACU_0/acc_out_reg[3]/D
    4:34:21  449638.6    716.99 1296616.0     907.1 Silago_bot_inst_2_1/SILEGO_cell/MTRF_cell/dpu_gen/U_NACU_0/U_divider/division/clk_r_REG131_S1/D
    4:34:23  449646.4    715.76 1294060.1     907.1 Silago_bot_inst_5_1/SILEGO_cell/MTRF_cell/dpu_gen/U_NACU_0/U_divider/division/clk_r_REG112_S1/D
    4:34:30  449669.0    711.78 1288810.5     907.1 Silago_top_inst_4_0/SILEGO_cell/MTRF_cell/dpu_gen/U_NACU_0/acc_out_reg[3]/D
    4:34:38  449689.9    706.40 1278045.5     907.1 Silago_top_inst_4_0/SILEGO_cell/MTRF_cell/dpu_gen/U_NACU_0/acc_out_reg[3]/D
    4:34:43  449704.7    704.19 1275102.4     907.1 Silago_bot_inst_2_1/SILEGO_cell/MTRF_cell/dpu_gen/U_NACU_0/U_divider/division/clk_r_REG131_S1/D
    4:34:51  449715.0    701.05 1266047.9     907.1 Silago_top_inst_3_0/SILEGO_cell/MTRF_cell/dpu_gen/U_NACU_0/acc_out_reg[2]/D
    4:35:05  449745.3    690.59 1251402.2     907.6 Silago_bot_inst_2_1/SILEGO_cell/MTRF_cell/dpu_gen/U_NACU_0/U_divider/division/clk_r_REG131_S1/D
    4:35:19  449778.5    682.52 1237182.4     907.6 Silago_bot_inst_2_1/SILEGO_cell/MTRF_cell/dpu_gen/U_NACU_0/U_divider/division/clk_r_REG131_S1/D
    4:35:27  449787.0    679.61 1233822.5     907.6 Silago_top_l_corner_inst_0_0/SILEGO_cell/MTRF_cell/dpu_gen/U_NACU_0/U_divider/division/clk_r_REG528_S1/D
    4:35:35  449806.9    676.23 1227986.2     907.6 Silago_bot_inst_2_1/SILEGO_cell/MTRF_cell/dpu_gen/U_NACU_0/U_divider/division/clk_r_REG131_S1/D
    4:35:47  449824.6    671.90 1221381.2     907.7 Silago_bot_inst_2_1/SILEGO_cell/MTRF_cell/dpu_gen/U_NACU_0/U_divider/division/clk_r_REG131_S1/D
    4:35:52  449833.4    670.17 1217949.0     907.7 Silago_top_l_corner_inst_0_0/SILEGO_cell/MTRF_cell/dpu_gen/U_NACU_0/U_divider/division/clk_r_REG528_S1/D
    4:35:57  449843.0    668.80 1216434.0     907.7 Silago_bot_inst_3_1/SILEGO_cell/MTRF_cell/dpu_gen/U_NACU_0/U_divider/division/clk_r_REG0_S1/D
    4:36:01  449849.0    667.30 1215252.4     907.7 Silago_top_l_corner_inst_0_0/SILEGO_cell/MTRF_cell/dpu_gen/U_NACU_0/U_divider/division/clk_r_REG528_S1/D
    4:36:06  449857.9    665.34 1210381.1     907.7 Silago_bot_inst_3_1/SILEGO_cell/MTRF_cell/dpu_gen/U_NACU_0/U_divider/division/clk_r_REG0_S1/D
    4:36:08  449860.9    664.88 1208553.9     907.7 Silago_top_inst_3_0/SILEGO_cell/MTRF_cell/dpu_gen/U_NACU_0/acc_out_reg[2]/D
    4:36:15  449874.4    663.28 1205911.5     907.7 Silago_top_inst_3_0/SILEGO_cell/MTRF_cell/dpu_gen/U_NACU_0/acc_out_reg[2]/D
    4:36:18  449878.6    662.51 1204928.5     907.7 Silago_top_l_corner_inst_0_0/SILEGO_cell/MTRF_cell/dpu_gen/U_NACU_0/U_divider/division/clk_r_REG528_S1/D
    4:36:23  449885.1    660.60 1203323.1     907.7 Silago_top_l_corner_inst_0_0/SILEGO_cell/MTRF_cell/dpu_gen/U_NACU_0/U_divider/division/clk_r_REG528_S1/D
    4:36:32  449904.5    657.47 1194142.6     907.7 Silago_bot_inst_3_1/SILEGO_cell/MTRF_cell/dpu_gen/U_NACU_0/U_divider/division/clk_r_REG0_S1/D
    4:36:52  449947.7    648.08 1178655.8     907.7 Silago_bot_inst_5_1/SILEGO_cell/MTRF_cell/dpu_gen/U_NACU_0/U_divider/division/clk_r_REG112_S1/D
    4:37:03  449964.4    643.58 1166008.1     907.7 Silago_bot_inst_3_1/SILEGO_cell/MTRF_cell/dpu_gen/U_NACU_0/U_divider/division/clk_r_REG0_S1/D
    4:37:19  449996.5    638.38 1156723.8     907.3 Silago_bot_inst_5_1/SILEGO_cell/MTRF_cell/dpu_gen/U_NACU_0/U_divider/division/clk_r_REG112_S1/D
    4:37:34  450016.6    634.56 1148994.1     907.3 Silago_bot_inst_5_1/SILEGO_cell/MTRF_cell/dpu_gen/U_NACU_0/U_divider/division/clk_r_REG112_S1/D
    4:37:50  450043.7    628.73 1139934.6     907.3 Silago_top_inst_4_0/SILEGO_cell/MTRF_cell/dpu_gen/U_NACU_0/acc_out_reg[3]/D
    4:38:00  450066.5    624.34 1130995.4     907.3 Silago_bot_inst_3_1/SILEGO_cell/MTRF_cell/dpu_gen/U_NACU_0/U_divider/division/clk_r_REG0_S1/D
    4:38:11  450078.5    620.64 1124193.2     907.3 Silago_bot_inst_3_1/SILEGO_cell/MTRF_cell/dpu_gen/U_NACU_0/U_divider/division/clk_r_REG0_S1/D
    4:38:29  450109.5    615.74 1115117.4     907.3 Silago_bot_inst_2_1/SILEGO_cell/MTRF_cell/dpu_gen/U_NACU_0/U_divider/division/clk_r_REG131_S1/D
    4:38:39  450134.1    613.65 1110624.2     907.3 Silago_top_inst_3_0/SILEGO_cell/MTRF_cell/dpu_gen/U_NACU_0/acc_out_reg[2]/D
    4:38:45  450145.0    611.21 1105127.0     907.3 Silago_top_inst_4_0/SILEGO_cell/MTRF_cell/dpu_gen/U_NACU_0/acc_out_reg[3]/D
    4:39:01  450159.3    607.75 1097545.6     907.3 Silago_bot_inst_3_1/SILEGO_cell/MTRF_cell/dpu_gen/U_NACU_0/U_divider/division/clk_r_REG0_S1/D
    4:39:08  450169.9    605.72 1094799.6     907.3 Silago_top_inst_4_0/SILEGO_cell/MTRF_cell/dpu_gen/U_NACU_0/acc_out_reg[3]/D
    4:39:15  450177.3    603.10 1092488.8     907.3 Silago_top_inst_3_0/SILEGO_cell/MTRF_cell/dpu_gen/U_NACU_0/acc_out_reg[2]/D
    4:39:23  450190.4    601.26 1088318.5     907.3 Silago_top_inst_4_0/SILEGO_cell/MTRF_cell/dpu_gen/U_NACU_0/acc_out_reg[3]/D
    4:39:28  450201.4    599.70 1085001.8     907.3 Silago_top_inst_4_0/SILEGO_cell/MTRF_cell/dpu_gen/U_NACU_0/acc_out_reg[3]/D
    4:39:31  450202.8    598.56 1082390.2     907.3 Silago_bot_inst_1_1/SILEGO_cell/MTRF_cell/dpu_gen/U_NACU_0/acc_out_reg[14]/D
    4:39:45  450233.7    595.04 1074596.4     907.3 Silago_top_inst_4_0/SILEGO_cell/MTRF_cell/dpu_gen/U_NACU_0/acc_out_reg[3]/D
    4:39:52  450242.3    592.38 1070934.2     908.0 Silago_bot_inst_5_1/SILEGO_cell/MTRF_cell/dpu_gen/U_NACU_0/U_divider/division/clk_r_REG112_S1/D
    4:40:00  450255.6    590.42 1066659.1     908.0 Silago_bot_inst_4_1/SILEGO_cell/MTRF_cell/dpu_gen/U_NACU_0/U_divider/division/clk_r_REG0_S1/D
    4:40:05  450263.2    589.04 1063700.2     908.0 Silago_top_inst_3_0/SILEGO_cell/MTRF_cell/dpu_gen/U_NACU_0/acc_out_reg[2]/D
    4:40:13  450275.1    586.91 1059624.0     908.0 Silago_bot_inst_2_1/SILEGO_cell/MTRF_cell/dpu_gen/U_NACU_0/U_divider/division/clk_r_REG131_S1/D
    4:40:16  450282.6    586.08 1058781.6     908.0 Silago_top_inst_4_0/SILEGO_cell/MTRF_cell/dpu_gen/U_NACU_0/acc_out_reg[3]/D
    4:40:22  450290.9    585.16 1057453.0     908.0 Silago_bot_inst_3_1/SILEGO_cell/MTRF_cell/dpu_gen/U_NACU_0/U_divider/division/clk_r_REG0_S1/D
    4:40:27  450295.9    584.03 1055908.1     908.1 Silago_bot_inst_2_1/SILEGO_cell/MTRF_cell/dpu_gen/U_NACU_0/U_divider/division/clk_r_REG131_S1/D
    4:40:31  450299.7    583.31 1054635.2     908.1 Silago_bot_inst_4_1/SILEGO_cell/MTRF_cell/dpu_gen/U_NACU_0/U_divider/division/clk_r_REG0_S1/D
    4:40:34  450304.9    582.77 1054068.6     908.1 Silago_top_inst_3_0/SILEGO_cell/MTRF_cell/dpu_gen/U_NACU_0/acc_out_reg[2]/D
    4:40:37  450306.4    582.06 1053247.8     908.1 Silago_bot_inst_2_1/SILEGO_cell/MTRF_cell/dpu_gen/U_NACU_0/U_divider/division/clk_r_REG131_S1/D
    4:40:43  450314.4    580.75 1050906.5     908.1 Silago_top_l_corner_inst_0_0/SILEGO_cell/MTRF_cell/dpu_gen/U_NACU_0/U_divider/division/clk_r_REG528_S1/D
    4:40:51  450328.4    578.83 1044189.1     907.5 Silago_top_inst_3_0/SILEGO_cell/MTRF_cell/dpu_gen/U_NACU_0/acc_out_reg[2]/D
    4:41:15  450386.0    567.27 1021217.3     906.5 Silago_bot_inst_5_1/SILEGO_cell/MTRF_cell/dpu_gen/U_NACU_0/acc_out_reg[2]/D
    4:41:37  450406.0    556.26 1003796.5     906.5 Silago_bot_inst_6_1/SILEGO_cell/MTRF_cell/dpu_gen/U_NACU_0/U_divider/division/clk_r_REG0_S1/D
    4:41:54  450430.6    550.23  992379.0     906.7 Silago_top_l_corner_inst_0_0/SILEGO_cell/MTRF_cell/dpu_gen/U_NACU_0/U_divider/division/clk_r_REG528_S1/D
    4:42:16  450460.2    543.56  982108.9     906.7 Silago_bot_inst_2_1/SILEGO_cell/MTRF_cell/dpu_gen/U_NACU_0/U_divider/division/clk_r_REG109_S1/D
    4:42:27  450481.9    540.91  973058.6     906.7 Silago_top_l_corner_inst_0_0/SILEGO_cell/MTRF_cell/dpu_gen/U_NACU_0/U_divider/division/clk_r_REG528_S1/D
    4:42:44  450522.8    535.76  961027.2     905.3 Silago_top_l_corner_inst_0_0/SILEGO_cell/MTRF_cell/dpu_gen/U_NACU_0/U_divider/division/clk_r_REG528_S1/D
    4:42:53  450541.2    533.11  956388.5     905.3 Silago_top_l_corner_inst_0_0/SILEGO_cell/MTRF_cell/dpu_gen/U_NACU_0/U_divider/division/clk_r_REG528_S1/D
    4:43:01  450558.1    531.95  952712.1     905.3 Silago_top_l_corner_inst_0_0/SILEGO_cell/MTRF_cell/dpu_gen/U_NACU_0/U_divider/division/clk_r_REG528_S1/D
    4:43:08  450564.6    531.04  951538.8     905.3 Silago_bot_inst_1_1/SILEGO_cell/MTRF_cell/dpu_gen/U_NACU_0/U_divider/division/clk_r_REG528_S1/D
    4:43:23  450603.0    523.44  934597.2     905.3 Silago_bot_inst_6_1/SILEGO_cell/MTRF_cell/dpu_gen/U_NACU_0/U_divider/division/clk_r_REG0_S1/D
    4:43:46  450649.3    514.85  919064.4     904.4 Silago_top_inst_5_0/SILEGO_cell/MTRF_cell/dpu_gen/U_NACU_0/acc_out_reg[12]/D
    4:44:05  450692.3    508.02  903266.2     903.8 Silago_bot_inst_6_1/SILEGO_cell/MTRF_cell/dpu_gen/U_NACU_0/U_divider/division/clk_r_REG0_S1/D
    4:44:15  450710.4    505.19  899155.3     903.8 Silago_bot_inst_1_1/SILEGO_cell/MTRF_cell/dpu_gen/U_NACU_0/U_divider/division/clk_r_REG528_S1/D
    4:44:20  450720.3    502.53  897083.6     903.8 Silago_bot_inst_4_1/SILEGO_cell/MTRF_cell/dpu_gen/U_NACU_0/U_divider/division/clk_r_REG0_S1/D
    4:44:34  450749.6    496.62  885828.1     903.8 Silago_bot_inst_6_1/SILEGO_cell/MTRF_cell/dpu_gen/U_NACU_0/U_divider/division/clk_r_REG0_S1/D
    4:44:42  450761.2    494.40  882366.4     903.8 Silago_bot_inst_5_1/SILEGO_cell/MTRF_cell/dpu_gen/U_NACU_0/U_divider/division/clk_r_REG112_S1/D
    4:44:57  450782.1    489.14  877508.3     903.8 Silago_bot_inst_6_1/SILEGO_cell/MTRF_cell/dpu_gen/U_NACU_0/U_divider/division/clk_r_REG0_S1/D
    4:45:11  450806.2    485.79  870938.8     906.7 Silago_bot_inst_5_1/SILEGO_cell/MTRF_cell/dpu_gen/U_NACU_0/U_divider/division/clk_r_REG112_S1/D
    4:45:22  450818.1    483.50  868049.2     906.7 Silago_top_inst_2_0/SILEGO_cell/MTRF_cell/dpu_gen/U_NACU_0/U_divider/division/clk_r_REG131_S1/D
    4:45:35  450839.0    481.09  865406.7     906.7 Silago_top_inst_2_0/SILEGO_cell/MTRF_cell/dpu_gen/U_NACU_0/U_divider/division/clk_r_REG131_S1/D
    4:45:51  450848.6    477.33  859139.6     906.6 Silago_top_inst_5_0/SILEGO_cell/MTRF_cell/dpu_gen/U_NACU_0/acc_out_reg[12]/D
    4:46:04  450864.9    472.52  853818.8     906.0 Silago_bot_inst_5_1/SILEGO_cell/MTRF_cell/dpu_gen/U_NACU_0/U_divider/division/clk_r_REG112_S1/D
    4:46:28  450900.1    465.93  840941.5     905.7 Silago_bot_inst_1_1/SILEGO_cell/MTRF_cell/dpu_gen/U_NACU_0/U_divider/division/clk_r_REG528_S1/D
    4:46:44  450930.4    461.33  834295.6     905.5 Silago_bot_inst_6_1/SILEGO_cell/MTRF_cell/dpu_gen/U_NACU_0/U_divider/division/clk_r_REG0_S1/D
    4:46:51  450946.4    460.17  829112.8     905.5 Silago_bot_inst_5_1/SILEGO_cell/MTRF_cell/dpu_gen/U_NACU_0/U_divider/division/clk_r_REG112_S1/D
    4:47:03  450962.4    457.99  826886.9     905.4 Silago_bot_inst_5_1/SILEGO_cell/MTRF_cell/dpu_gen/U_NACU_0/U_divider/division/clk_r_REG112_S1/D
    4:47:10  450972.4    456.76  823908.1     905.8 Silago_bot_inst_4_1/SILEGO_cell/MTRF_cell/dpu_gen/U_NACU_0/U_divider/division/clk_r_REG0_S1/D
    4:47:16  450977.8    455.57  821331.7     905.8 Silago_bot_inst_5_1/SILEGO_cell/MTRF_cell/dpu_gen/U_NACU_0/U_divider/division/clk_r_REG112_S1/D
    4:47:29  451000.3    453.31  813599.0     905.8 Silago_bot_inst_4_1/SILEGO_cell/MTRF_cell/dpu_gen/U_NACU_0/U_divider/division/clk_r_REG0_S1/D
    4:47:34  451008.8    452.47  811922.2     905.8 Silago_bot_inst_5_1/SILEGO_cell/MTRF_cell/dpu_gen/U_NACU_0/U_divider/division/clk_r_REG112_S1/D
    4:47:37  451013.4    451.57  811329.2     905.8 Silago_bot_inst_4_1/SILEGO_cell/MTRF_cell/dpu_gen/U_NACU_0/U_divider/division/clk_r_REG0_S1/D
    4:47:47  451032.2    449.70  808172.1     905.8 Silago_bot_inst_6_1/SILEGO_cell/MTRF_cell/dpu_gen/U_NACU_0/U_divider/division/clk_r_REG0_S1/D
    4:47:52  451037.4    448.79  806189.1     905.8 Silago_bot_inst_4_1/SILEGO_cell/MTRF_cell/dpu_gen/U_NACU_0/U_divider/division/clk_r_REG0_S1/D
    4:48:02  451047.2    446.87  803719.0     905.8 Silago_bot_inst_5_1/SILEGO_cell/MTRF_cell/dpu_gen/U_NACU_0/U_divider/division/clk_r_REG112_S1/D
    4:48:11  451062.4    445.18  800753.4     905.4 Silago_bot_inst_4_1/SILEGO_cell/MTRF_cell/dpu_gen/U_NACU_0/U_divider/division/clk_r_REG0_S1/D
    4:48:20  451071.4    443.83  798981.7     905.4 Silago_top_inst_5_0/SILEGO_cell/MTRF_cell/dpu_gen/U_NACU_0/acc_out_reg[12]/D
    4:48:31  451086.8    441.83  795819.1     905.4 Silago_bot_inst_2_1/SILEGO_cell/MTRF_cell/dpu_gen/U_NACU_0/U_divider/division/clk_r_REG109_S1/D
    4:48:39  451093.5    441.28  794679.1     905.4 Silago_bot_inst_5_1/SILEGO_cell/MTRF_cell/dpu_gen/U_NACU_0/U_divider/division/clk_r_REG112_S1/D
    4:48:48  451098.8    440.47  793330.1     905.4 Silago_top_inst_5_0/SILEGO_cell/MTRF_cell/dpu_gen/U_NACU_0/acc_out_reg[10]/D
    4:48:59  451109.3    439.46  790054.4     905.4 Silago_top_inst_1_0/SILEGO_cell/MTRF_cell/dpu_gen/U_NACU_0/U_divider/division/clk_r_REG0_S1/D
    4:49:17  451129.2    434.92  783611.9     905.2 Silago_top_l_corner_inst_0_0/SILEGO_cell/MTRF_cell/dpu_gen/U_NACU_0/U_divider/division/clk_r_REG528_S1/D
    4:49:25  451139.5    432.34  779893.2     907.8 Silago_bot_inst_5_1/SILEGO_cell/MTRF_cell/dpu_gen/U_NACU_0/U_divider/division/clk_r_REG112_S1/D
    4:49:41  451166.6    428.83  767340.1     908.4 Silago_bot_inst_1_1/SILEGO_cell/MTRF_cell/dpu_gen/U_NACU_0/U_divider/division/clk_r_REG528_S1/D
    4:49:54  451189.4    426.17  761870.8     907.6 Silago_bot_inst_4_1/SILEGO_cell/MTRF_cell/dpu_gen/U_NACU_0/U_divider/division/clk_r_REG0_S1/D
    4:50:02  451198.9    424.92  758094.8     907.6 Silago_bot_inst_4_1/SILEGO_cell/MTRF_cell/dpu_gen/U_NACU_0/U_divider/division/clk_r_REG0_S1/D
    4:50:06  451203.6    424.49  757494.3     907.6 Silago_bot_inst_1_1/SILEGO_cell/MTRF_cell/dpu_gen/U_NACU_0/U_divider/division/clk_r_REG528_S1/D
    4:50:10  451212.0    423.52  756280.0     907.6 Silago_bot_inst_1_1/SILEGO_cell/MTRF_cell/dpu_gen/U_NACU_0/U_divider/division/clk_r_REG528_S1/D
    4:50:13  451214.0    423.13  755632.8     907.6 Silago_bot_inst_2_1/SILEGO_cell/MTRF_cell/dpu_gen/U_NACU_0/U_divider/division/clk_r_REG131_S1/D
    4:50:18  451217.7    422.58  754370.1     907.6 Silago_bot_inst_2_1/SILEGO_cell/MTRF_cell/dpu_gen/U_NACU_0/U_divider/division/clk_r_REG109_S1/D
    4:50:32  451234.5    420.79  750551.8     907.7 Silago_bot_inst_3_1/SILEGO_cell/MTRF_cell/dpu_gen/U_NACU_0/U_divider/division/clk_r_REG0_S1/D
    4:50:40  451245.4    419.59  749433.2     907.7 Silago_bot_inst_5_1/SILEGO_cell/MTRF_cell/dpu_gen/U_NACU_0/U_divider/division/clk_r_REG112_S1/D
    4:50:46  451256.5    418.41  747880.5     907.7 Silago_top_inst_5_0/SILEGO_cell/MTRF_cell/dpu_gen/U_NACU_0/acc_out_reg[12]/D
    4:50:53  451266.2    417.43  746154.3     907.1 Silago_top_l_corner_inst_0_0/SILEGO_cell/MTRF_cell/dpu_gen/U_NACU_0/U_divider/division/clk_r_REG528_S1/D
    4:51:00  451272.7    416.16  744024.3     906.5 Silago_top_inst_4_0/SILEGO_cell/MTRF_cell/dpu_gen/U_NACU_0/U_divider/division/clk_r_REG112_S1/D
    4:51:06  451279.1    415.48  743016.1     906.5 Silago_bot_inst_6_1/SILEGO_cell/MTRF_cell/dpu_gen/U_NACU_0/U_divider/division/clk_r_REG0_S1/D
    4:51:16  451288.0    413.71  740620.9     906.5 Silago_bot_inst_1_1/SILEGO_cell/MTRF_cell/dpu_gen/U_NACU_0/U_divider/division/clk_r_REG528_S1/D
    4:51:27  451298.6    412.51  739885.8     906.5 Silago_top_inst_1_0/SILEGO_cell/MTRF_cell/dpu_gen/U_NACU_0/U_divider/division/clk_r_REG0_S1/D
    4:51:34  451310.7    411.50  737026.8     906.5 Silago_bot_inst_5_1/SILEGO_cell/MTRF_cell/dpu_gen/U_NACU_0/U_divider/division/clk_r_REG112_S1/D
    4:51:42  451321.7    410.54  735447.6     906.5 Silago_bot_inst_1_1/SILEGO_cell/MTRF_cell/dpu_gen/U_NACU_0/U_divider/division/clk_r_REG528_S1/D
    4:51:45  451321.2    410.17  735267.4     906.5 Silago_bot_inst_4_1/SILEGO_cell/MTRF_cell/dpu_gen/U_NACU_0/U_divider/division/clk_r_REG0_S1/D
    4:51:55  451331.1    408.95  732611.0     906.6 Silago_top_inst_4_0/SILEGO_cell/MTRF_cell/dpu_gen/U_NACU_0/U_divider/division/clk_r_REG112_S1/D
    4:51:59  451337.8    408.54  731614.1     906.6 Silago_bot_inst_5_1/SILEGO_cell/MTRF_cell/dpu_gen/U_NACU_0/U_divider/division/clk_r_REG112_S1/D
    4:52:06  451343.1    407.20  729779.8     906.6 Silago_bot_inst_5_1/SILEGO_cell/MTRF_cell/dpu_gen/U_NACU_0/U_divider/division/clk_r_REG112_S1/D
    4:52:18  451355.5    406.27  728004.1     906.6 Silago_bot_inst_5_1/SILEGO_cell/MTRF_cell/dpu_gen/U_NACU_0/U_divider/division/clk_r_REG112_S1/D
    4:52:23  451362.7    405.25  727002.4     906.6 Silago_bot_inst_6_1/SILEGO_cell/MTRF_cell/dpu_gen/U_NACU_0/U_divider/division/clk_r_REG0_S1/D
    4:52:26  451366.6    404.69  726583.2     906.6 Silago_bot_inst_1_1/SILEGO_cell/MTRF_cell/dpu_gen/U_NACU_0/U_divider/division/clk_r_REG126_S1/D
    4:52:33  451373.7    403.76  724754.2     905.9 Silago_bot_inst_4_1/SILEGO_cell/MTRF_cell/dpu_gen/U_NACU_0/U_divider/division/clk_r_REG0_S1/D
    4:52:40  451383.7    402.75  723273.6     905.9 Silago_bot_inst_2_1/SILEGO_cell/MTRF_cell/dpu_gen/U_NACU_0/U_divider/division/clk_r_REG131_S1/D
    4:52:45  451389.6    402.00  721540.1     905.9 Silago_bot_inst_3_1/SILEGO_cell/MTRF_cell/dpu_gen/U_NACU_0/U_divider/division/clk_r_REG0_S1/D
    4:52:49  451394.0    401.32  721093.6     905.9 Silago_bot_inst_6_1/SILEGO_cell/MTRF_cell/dpu_gen/U_NACU_0/U_divider/division/clk_r_REG0_S1/D
    4:52:52  451396.3    401.10  720588.0     905.9 Silago_bot_inst_2_1/SILEGO_cell/MTRF_cell/dpu_gen/U_NACU_0/U_divider/division/clk_r_REG131_S1/D
    4:52:56  451399.9    400.65  720021.8     905.8 Silago_bot_inst_6_1/SILEGO_cell/MTRF_cell/dpu_gen/U_NACU_0/U_divider/division/clk_r_REG0_S1/D
    4:53:00  451405.6    400.48  719766.6     905.8 Silago_top_inst_4_0/SILEGO_cell/MTRF_cell/dpu_gen/U_NACU_0/U_divider/division/clk_r_REG112_S1/D
    4:53:05  451418.4    399.83  716450.9     905.8 Silago_bot_inst_6_1/SILEGO_cell/MTRF_cell/dpu_gen/U_NACU_0/U_divider/division/clk_r_REG0_S1/D
    4:53:08  451421.0    399.61  716196.8     905.8 Silago_bot_inst_6_1/SILEGO_cell/MTRF_cell/dpu_gen/U_NACU_0/U_divider/division/clk_r_REG0_S1/D
    4:53:16  451425.6    398.94  713654.1     905.8 Silago_top_l_corner_inst_0_0/SILEGO_cell/MTRF_cell/dpu_gen/U_NACU_0/U_divider/division/clk_r_REG528_S1/D
    4:53:26  451435.2    397.08  710655.1     905.5 Silago_bot_inst_3_1/SILEGO_cell/MTRF_cell/dpu_gen/U_NACU_0/U_divider/division/clk_r_REG0_S1/D
    4:53:33  451440.3    396.41  709428.5     905.5 Silago_bot_inst_5_1/SILEGO_cell/MTRF_cell/dpu_gen/U_NACU_0/U_divider/division/clk_r_REG128_S1/D
    4:53:48  451457.3    393.48  704197.5     905.5 Silago_bot_inst_5_1/SILEGO_cell/MTRF_cell/dpu_gen/U_NACU_0/U_divider/division/clk_r_REG128_S1/D
    4:54:01  451471.2    391.58  701899.7     905.5 Silago_bot_inst_4_1/SILEGO_cell/MTRF_cell/dpu_gen/U_NACU_0/U_divider/division/clk_r_REG0_S1/D
    4:54:11  451485.9    389.52  697373.1     905.5 Silago_bot_inst_3_1/SILEGO_cell/MTRF_cell/dpu_gen/U_NACU_0/U_divider/division/clk_r_REG0_S1/D
    4:54:23  451497.8    386.98  693860.9     905.5 Silago_bot_inst_2_1/SILEGO_cell/MTRF_cell/dpu_gen/U_NACU_0/U_divider/division/clk_r_REG131_S1/D
    4:54:29  451506.2    385.88  691920.9     905.5 Silago_top_inst_5_0/SILEGO_cell/MTRF_cell/dpu_gen/U_NACU_0/U_divider/division/clk_r_REG528_S1/D
    4:54:36  451515.9    384.46  689011.3     905.3 Silago_bot_inst_3_1/SILEGO_cell/MTRF_cell/dpu_gen/U_NACU_0/U_divider/division/clk_r_REG0_S1/D
    4:54:42  451524.0    383.58  686061.5     905.1 Silago_bot_inst_5_1/SILEGO_cell/MTRF_cell/dpu_gen/U_NACU_0/U_divider/division/clk_r_REG128_S1/D
    4:54:47  451533.6    382.40  685077.1     905.1 Silago_bot_inst_5_1/SILEGO_cell/MTRF_cell/dpu_gen/U_NACU_0/U_divider/division/clk_r_REG128_S1/D
    4:55:00  451547.6    380.94  681791.1     905.1 Silago_bot_inst_3_1/SILEGO_cell/MTRF_cell/dpu_gen/U_NACU_0/U_divider/division/clk_r_REG0_S1/D
    4:55:04  451552.4    380.17  681074.5     904.5 Silago_bot_inst_1_1/SILEGO_cell/MTRF_cell/dpu_gen/U_NACU_0/U_divider/division/clk_r_REG528_S1/D
    4:55:10  451558.9    379.33  678970.9     904.5 Silago_top_inst_3_0/SILEGO_cell/MTRF_cell/dpu_gen/U_NACU_0/U_divider/division/clk_r_REG116_S1/D
    4:55:18  451574.2    377.29  676206.5     904.5 Silago_bot_inst_1_1/SILEGO_cell/MTRF_cell/dpu_gen/U_NACU_0/U_divider/division/clk_r_REG528_S1/D
    4:55:27  451592.4    375.96  674365.9     904.5 Silago_top_inst_5_0/SILEGO_cell/MTRF_cell/dpu_gen/U_NACU_0/U_divider/division/clk_r_REG528_S1/D
    4:55:33  451602.8    375.12  673421.8     904.5 Silago_bot_inst_5_1/SILEGO_cell/MTRF_cell/dpu_gen/U_NACU_0/U_divider/division/clk_r_REG126_S1/D
    4:55:39  451609.1    374.51  672151.4     904.5 Silago_top_inst_3_0/SILEGO_cell/MTRF_cell/dpu_gen/U_NACU_0/U_divider/division/clk_r_REG116_S1/D
    4:55:46  451617.2    373.97  671939.5     904.5 Silago_bot_inst_2_1/SILEGO_cell/MTRF_cell/dpu_gen/U_NACU_0/U_divider/division/clk_r_REG109_S1/D
    4:55:52  451627.6    373.24  669840.7     904.5 Silago_bot_inst_3_1/SILEGO_cell/MTRF_cell/dpu_gen/U_NACU_0/U_divider/division/clk_r_REG0_S1/D
    4:55:59  451638.0    372.07  667377.4     904.5 Silago_bot_inst_5_1/SILEGO_cell/MTRF_cell/dpu_gen/U_NACU_0/U_divider/division/clk_r_REG126_S1/D
    4:56:05  451648.5    371.20  665781.1     904.5 Silago_top_r_corner_inst_7_0/SILEGO_cell/MTRF_cell/dpu_gen/U_NACU_0/U_divider/division/clk_r_REG528_S1/D
    4:56:12  451661.2    370.53  664423.3     904.5 Silago_bot_inst_5_1/SILEGO_cell/MTRF_cell/dpu_gen/U_NACU_0/U_divider/division/clk_r_REG126_S1/D
    4:56:17  451669.2    369.64  663274.7     904.5 Silago_bot_inst_2_1/SILEGO_cell/MTRF_cell/dpu_gen/U_NACU_0/U_divider/division/clk_r_REG131_S1/D
    4:56:21  451673.7    369.11  662351.1     904.5 Silago_bot_inst_6_1/SILEGO_cell/MTRF_cell/dpu_gen/U_NACU_0/U_divider/division/clk_r_REG528_S1/D
    4:56:25  451681.0    368.58  659563.2     904.5 Silago_top_inst_3_0/SILEGO_cell/MTRF_cell/dpu_gen/U_NACU_0/U_divider/division/clk_r_REG116_S1/D
    4:56:31  451686.9    367.70  657981.2     904.3 Silago_bot_inst_5_1/SILEGO_cell/MTRF_cell/dpu_gen/U_NACU_0/acc_out_reg[22]/D
    4:56:38  451694.9    366.69  655597.9     904.1 Silago_bot_inst_2_1/SILEGO_cell/MTRF_cell/dpu_gen/U_NACU_0/U_divider/division/clk_r_REG131_S1/D
    4:56:42  451700.9    366.21  654717.6     904.1 Silago_top_inst_3_0/SILEGO_cell/MTRF_cell/dpu_gen/U_NACU_0/U_divider/division/clk_r_REG116_S1/D
    4:56:46  451700.5    366.01  654231.0     904.1 Silago_top_inst_5_0/SILEGO_cell/MTRF_cell/dpu_gen/U_NACU_0/U_divider/division/clk_r_REG528_S1/D
    4:56:56  451706.8    364.94  653074.4     904.3 Silago_bot_inst_6_1/SILEGO_cell/MTRF_cell/dpu_gen/U_NACU_0/U_divider/division/clk_r_REG110_S1/D
    4:57:09  451722.5    362.92  647946.2     904.3 Silago_top_inst_3_0/SILEGO_cell/MTRF_cell/dpu_gen/U_NACU_0/U_divider/division/clk_r_REG116_S1/D
    4:57:14  451726.1    361.40  646918.6     904.3 Silago_top_inst_3_0/SILEGO_cell/MTRF_cell/dpu_gen/U_NACU_0/U_divider/division/clk_r_REG116_S1/D
    4:57:20  451737.0    360.26  645741.2     904.4 Silago_top_inst_1_0/SILEGO_cell/MTRF_cell/dpu_gen/U_NACU_0/U_divider/division/clk_r_REG0_S1/D
    4:57:28  451749.4    359.12  642948.0     904.6 Silago_bot_inst_4_1/SILEGO_cell/MTRF_cell/dpu_gen/U_NACU_0/U_divider/division/clk_r_REG0_S1/D
    4:57:35  451759.2    358.15  640181.1     904.6 Silago_bot_inst_6_1/SILEGO_cell/MTRF_cell/dpu_gen/U_NACU_0/U_divider/division/clk_r_REG110_S1/D
    4:57:47  451777.6    354.88  634893.3     904.6 Silago_top_r_corner_inst_7_0/SILEGO_cell/MTRF_cell/dpu_gen/U_NACU_0/acc_out_reg[11]/D
    4:58:01  451792.9    352.31  631000.1     904.8 Silago_bot_inst_5_1/SILEGO_cell/MTRF_cell/dpu_gen/U_NACU_0/U_divider/division/clk_r_REG126_S1/D
    4:58:16  451809.2    350.23  628042.3     904.8 Silago_top_inst_4_0/SILEGO_cell/MTRF_cell/dpu_gen/U_NACU_0/U_divider/division/clk_r_REG112_S1/D
    4:58:19  451810.5    349.82  627778.6     904.8 Silago_top_l_corner_inst_0_0/SILEGO_cell/MTRF_cell/dpu_gen/U_NACU_0/U_divider/division/clk_r_REG113_S1/D
    4:58:35  451831.2    347.60  624183.4     904.9 Silago_top_inst_5_0/SILEGO_cell/MTRF_cell/dpu_gen/U_NACU_0/U_divider/division/clk_r_REG116_S1/D
    4:58:44  451847.4    345.99  622594.2     904.9 Silago_bot_inst_5_1/SILEGO_cell/MTRF_cell/dpu_gen/U_NACU_0/U_divider/division/clk_r_REG126_S1/D
    4:58:52  451852.7    345.04  621339.9     904.9 Silago_bot_inst_3_1/SILEGO_cell/MTRF_cell/dpu_gen/U_NACU_0/U_divider/division/clk_r_REG528_S1/D
    4:58:57  451858.5    344.21  620747.2     904.9 Silago_bot_inst_1_1/SILEGO_cell/MTRF_cell/dpu_gen/U_NACU_0/U_divider/division/clk_r_REG528_S1/D
    4:59:09  451873.0    342.64  618326.1     904.9 Silago_bot_inst_5_1/SILEGO_cell/MTRF_cell/dpu_gen/U_NACU_0/U_divider/division/clk_r_REG126_S1/D
    4:59:22  451891.5    341.33  613996.7     904.9 Silago_top_l_corner_inst_0_0/SILEGO_cell/MTRF_cell/dpu_gen/U_NACU_0/U_divider/division/clk_r_REG113_S1/D
    4:59:29  451903.5    340.66  612173.8     905.6 Silago_bot_inst_5_1/SILEGO_cell/MTRF_cell/dpu_gen/U_NACU_0/U_divider/division/clk_r_REG126_S1/D
    4:59:35  451910.8    340.03  611293.2     905.6 Silago_top_inst_2_0/SILEGO_cell/MTRF_cell/dpu_gen/U_NACU_0/U_divider/division/clk_r_REG0_S1/D
    4:59:41  451916.7    339.24  609863.8     905.6 Silago_bot_inst_1_1/SILEGO_cell/MTRF_cell/dpu_gen/U_NACU_0/U_divider/division/clk_r_REG528_S1/D
    4:59:49  451928.4    338.54  606328.8     905.2 Silago_bot_inst_3_1/SILEGO_cell/MTRF_cell/dpu_gen/U_NACU_0/U_divider/division/clk_r_REG528_S1/D
    4:59:55  451935.6    337.44  605270.4     905.2 Silago_bot_inst_1_1/SILEGO_cell/MTRF_cell/dpu_gen/U_NACU_0/U_divider/division/clk_r_REG528_S1/D
    5:00:03  451943.3    336.76  604168.0     905.2 Silago_bot_inst_5_1/SILEGO_cell/MTRF_cell/dpu_gen/U_NACU_0/U_divider/division/clk_r_REG126_S1/D
    5:00:12  451947.5    336.02  602560.2     904.6 Silago_top_inst_2_0/SILEGO_cell/MTRF_cell/dpu_gen/U_NACU_0/U_divider/division/clk_r_REG0_S1/D
    5:00:17  451950.8    335.31  601083.5     904.6 Silago_top_inst_5_0/SILEGO_cell/MTRF_cell/dpu_gen/U_NACU_0/U_divider/division/clk_r_REG116_S1/D
    5:00:26  451959.4    334.18  599206.2     904.6 Silago_bot_inst_5_1/SILEGO_cell/MTRF_cell/dpu_gen/U_NACU_0/U_divider/division/clk_r_REG126_S1/D
    5:00:34  451965.4    333.36  597204.2     904.6 Silago_bot_inst_5_1/SILEGO_cell/MTRF_cell/dpu_gen/U_NACU_0/U_divider/division/clk_r_REG126_S1/D
    5:00:46  451982.6    331.64  594260.1     904.6 Silago_bot_inst_5_1/SILEGO_cell/MTRF_cell/dpu_gen/U_NACU_0/U_divider/division/clk_r_REG126_S1/D
    5:00:54  451985.7    331.23  593507.9     904.6 Silago_top_inst_2_0/SILEGO_cell/MTRF_cell/dpu_gen/U_NACU_0/U_divider/division/clk_r_REG0_S1/D
    5:01:03  451993.6    330.23  592403.8     904.7 Silago_bot_inst_4_1/SILEGO_cell/MTRF_cell/dpu_gen/U_NACU_0/U_divider/division/clk_r_REG0_S1/D
    5:01:15  452009.0    328.43  588604.8     904.7 Silago_bot_inst_5_1/SILEGO_cell/MTRF_cell/dpu_gen/U_NACU_0/U_divider/division/clk_r_REG126_S1/D
    5:01:23  452019.3    327.78  588127.4     904.7 Silago_bot_inst_5_1/SILEGO_cell/MTRF_cell/dpu_gen/U_NACU_0/U_divider/division/clk_r_REG126_S1/D
    5:01:33  452028.2    326.64  584832.3     904.7 Silago_bot_inst_5_1/SILEGO_cell/MTRF_cell/dpu_gen/U_NACU_0/U_divider/division/clk_r_REG126_S1/D
    5:01:40  452033.5    325.97  583478.3     904.7 Silago_bot_inst_5_1/SILEGO_cell/MTRF_cell/dpu_gen/U_NACU_0/U_divider/division/clk_r_REG126_S1/D
    5:01:51  452042.3    324.91  581585.1     903.9 Silago_bot_inst_4_1/SILEGO_cell/MTRF_cell/dpu_gen/U_NACU_0/U_divider/division/clk_r_REG0_S1/D
    5:01:58  452052.6    324.50  580106.4     903.9 Silago_top_l_corner_inst_0_0/SILEGO_cell/MTRF_cell/dpu_gen/U_NACU_0/U_divider/division/clk_r_REG111_S1/D
    5:03:11  452052.6    324.50  580106.4     903.9                          
    5:03:30  452044.1    324.50  579996.5     903.9                          


  Beginning Design Rule Fixing  (min_capacitance)  (max_transition)
  ----------------------------

                                  TOTAL                                      
   ELAPSED            WORST NEG   SETUP    DESIGN                            
    TIME      AREA      SLACK     COST    RULE COST         ENDPOINT         
  --------- --------- --------- --------- --------- -------------------------
    5:03:30  452044.1    324.50  579996.5     903.9                          
    5:03:35  452044.7    324.36  576843.9     895.0 Silago_top_inst_2_0/SILEGO_cell/MTRF_cell/dpu_gen/U_NACU_0/U_divider/division/clk_r_REG0_S1/D
    5:03:46  452050.6    323.18  574903.4     895.0 Silago_top_inst_3_0/SILEGO_cell/MTRF_cell/dpu_gen/U_NACU_0/U_divider/division/clk_r_REG116_S1/D
    5:03:51  452058.4    321.60  573122.4     895.0 Silago_bot_inst_3_1/SILEGO_cell/MTRF_cell/dpu_gen/U_NACU_0/U_divider/division/clk_r_REG0_S1/D
    5:04:02  452066.1    319.55  571065.1     895.0 Silago_bot_inst_1_1/SILEGO_cell/MTRF_cell/dpu_gen/U_NACU_0/U_divider/division/clk_r_REG126_S1/D
    5:04:12  452076.0    318.75  569576.8     895.0 Silago_bot_inst_4_1/SILEGO_cell/MTRF_cell/dpu_gen/U_NACU_0/U_divider/division/clk_r_REG0_S1/D
    5:04:22  452087.8    317.63  567096.5     895.0 Silago_top_r_corner_inst_7_0/SILEGO_cell/MTRF_cell/dpu_gen/U_NACU_0/U_divider/division/clk_r_REG111_S1/D
    5:04:29  452093.4    316.63  566183.0     895.0 Silago_bot_inst_1_1/SILEGO_cell/MTRF_cell/dpu_gen/U_NACU_0/U_divider/division/clk_r_REG126_S1/D
    5:04:45  452107.7    315.51  562990.2     895.0 Silago_bot_inst_5_1/SILEGO_cell/MTRF_cell/dpu_gen/U_NACU_0/U_divider/division/clk_r_REG126_S1/D
    5:04:51  452116.5    314.80  561994.8     895.0 Silago_top_inst_2_0/SILEGO_cell/MTRF_cell/dpu_gen/U_NACU_0/U_divider/division/clk_r_REG0_S1/D
    5:05:00  452122.2    313.80  560117.8     895.0 Silago_top_inst_5_0/SILEGO_cell/MTRF_cell/dpu_gen/U_NACU_0/acc_out_reg[12]/D
    5:05:01  452123.7    313.76  559853.1     895.0 Silago_top_inst_3_0/SILEGO_cell/MTRF_cell/dpu_gen/U_NACU_0/U_divider/division/clk_r_REG116_S1/D
    5:05:07  452128.6    313.27  558802.2     895.0 Silago_top_inst_3_0/SILEGO_cell/MTRF_cell/dpu_gen/U_NACU_0/U_divider/division/clk_r_REG116_S1/D
    5:05:15  452134.5    312.32  557737.0     895.0 Silago_top_inst_1_0/SILEGO_cell/MTRF_cell/dpu_gen/U_NACU_0/U_divider/division/clk_r_REG0_S1/D
    5:05:26  452147.7    310.91  555677.6     895.0 Silago_top_inst_1_0/SILEGO_cell/MTRF_cell/dpu_gen/U_NACU_0/U_divider/division/clk_r_REG0_S1/D
    5:05:30  452149.1    310.36  555242.8     895.0 Silago_bot_inst_4_1/SILEGO_cell/MTRF_cell/dpu_gen/U_NACU_0/U_divider/division/clk_r_REG0_S1/D
    5:05:56  452150.8    309.77  554957.9     895.0                          
    5:06:00  452154.5    309.77  554337.1     895.0                          
    5:06:04  452157.1    309.77  553186.1     895.0                          
    5:06:06  452158.3    309.77  552724.1     895.0                          
    5:06:09  452156.9    309.77  551378.7     895.0                          
    5:06:14  452158.5    309.77  550379.6     895.0                          
    5:06:18  452159.5    309.77  548736.2     895.0                          
    5:06:23  452161.2    309.77  547665.4     895.0                          
    5:06:26  452168.2    309.77  546664.0     895.0                          
    5:06:28  452169.3    309.77  546577.0     895.0                          
    5:06:31  452173.0    309.77  545866.3     895.0                          
    5:06:37  452178.4    309.77  543935.9     895.0                          
    5:06:40  452177.3    309.77  542164.5     895.0                          
    5:06:47  452178.6    309.77  541131.2     895.0                          
    5:06:54  452179.4    309.77  540865.4     895.0                          
    5:07:02  452180.7    309.77  539910.7     895.0                          
    5:07:05  452184.6    309.77  539339.9     895.0                          
    5:07:09  452188.7    307.84  538691.1     895.0                          
    5:07:11  452189.7    307.84  538376.5     895.0                          
    5:07:14  452193.5    307.85  537085.6     895.0                          
    5:07:18  452196.3    307.85  536474.2     895.0                          
    5:07:24  452199.1    307.85  535815.2     895.0                          
    5:07:28  452200.5    307.85  535671.9     895.0                          
    5:07:33  452202.6    307.21  535152.8     895.0                          
    5:07:38  452204.4    305.85  533857.2     895.0                          
    5:07:43  452208.1    304.94  533227.0     895.0                          
    5:07:50  452211.7    304.94  531889.4     895.0                          
    5:07:54  452217.2    302.53  531250.5     895.0                          
    5:07:58  452218.6    302.53  530896.9     895.0                          
    5:08:01  452219.6    302.53  530310.2     895.0                          
    5:08:07  452223.8    302.53  528918.9     895.0                          
    5:08:11  452228.0    301.20  527952.4     895.0                          
    5:08:15  452228.9    301.20  527051.9     895.0                          
    5:08:19  452231.8    301.20  526646.9     895.0                          
    5:08:22  452236.1    301.20  526261.4     895.0                          
    5:08:27  452244.4    300.29  525141.1     895.0                          
    5:08:30  452245.4    300.29  524697.3     895.0                          
    5:08:33  452247.2    300.29  524275.6     895.0                          
    5:08:38  452251.9    300.29  523211.9     895.0                          
    5:08:42  452252.0    300.29  522601.1     895.0                          
    5:08:49  452251.9    300.29  521272.9     895.0                          
    5:08:56  452255.2    299.35  520947.2     895.0                          
    5:09:01  452259.1    299.35  519344.7     895.0                          
    5:09:05  452259.9    298.61  518192.2     895.0                          
    5:09:09  452261.6    298.61  518015.1     895.0                          
    5:09:16  452265.1    298.48  517553.6     895.0                          
    5:09:20  452266.0    298.48  516797.2     895.0                          
    5:09:23  452267.9    298.48  516523.7     895.0                          
    5:09:28  452272.8    295.77  514553.9     895.0                          
    5:09:36  452274.1    292.48  513650.2     895.0                          
    5:09:38  452276.3    292.48  513125.0     895.0                          
    5:09:41  452278.5    292.48  512304.7     895.0                          
    5:09:44  452280.1    292.47  511918.2     895.0                          
    5:09:51  452286.6    292.47  510169.3     895.0                          
    5:09:53  452287.6    292.47  509878.8     895.0                          
    5:10:00  452287.4    292.47  509451.2     895.0                          
    5:10:06  452288.4    292.47  508314.7     895.0                          
    5:10:10  452287.6    292.47  507630.7     895.0                          
    5:10:15  452289.0    292.47  507221.0     895.0                          
    5:10:21  452292.1    292.29  506300.7     895.0                          
    5:10:27  452298.0    292.29  505407.3     895.0                          
    5:10:31  452299.7    290.67  504858.8     895.0                          
    5:10:36  452303.4    287.30  503562.7     895.0                          
    5:10:39  452306.5    287.30  502456.9     895.0                          
    5:10:44  452310.5    287.30  502093.2     895.0                          
    5:10:50  452310.9    287.30  501367.3     895.0                          
    5:10:58  452312.6    287.30  500719.7     895.0                          
    5:11:02  452316.3    287.30  500333.2     895.0                          
    5:11:06  452324.6    287.30  499996.4     895.0                          
    5:11:10  452326.5    287.30  499136.2     895.0                          
    5:11:17  452330.2    287.30  498610.0     895.0                          
    5:11:19  452333.6    287.30  498254.4     895.0                          
    5:11:23  452334.6    287.30  497617.1     895.0                          
    5:11:26  452337.0    287.30  496789.2     895.0                          
    5:11:29  452340.6    287.30  496456.2     895.0                          
    5:11:35  452342.6    284.07  495857.6     895.0                          
    5:11:42  452345.4    284.07  494872.2     895.0                          
    5:11:46  452348.6    284.07  494130.5     895.0                          
    5:11:48  452350.9    284.07  493752.6     895.0                          
    5:11:50  452353.6    284.07  493363.9     895.0                          
    5:11:52  452356.9    284.07  492639.5     895.0                          
    5:11:56  452357.3    284.07  492298.2     895.0                          
    5:12:02  452358.2    284.07  492153.9     895.0                          
    5:12:09  452365.0    281.59  490822.0     895.0                          
    5:12:16  452367.4    281.59  490526.6     895.0                          
    5:12:27  452370.6    280.67  488953.5     895.0                          
    5:12:36  452371.2    280.67  488713.5     895.0                          
    5:12:39  452374.9    280.67  488106.7     895.0                          
    5:12:44  452376.4    280.67  487609.2     895.0                          
    5:12:47  452379.8    280.67  486801.5     895.0                          
    5:12:54  452381.0    280.67  486245.0     895.0                          
    5:12:59  452382.0    279.74  486112.3     895.0                          
    5:13:02  452384.2    279.74  485015.7     895.0                          
    5:13:04  452383.6    279.74  484471.6     895.0                          
    5:13:08  452386.6    279.74  483384.7     895.0                          
    5:13:14  452390.6    278.33  482734.1     895.0                          
    5:13:20  452392.2    278.33  482452.8     895.0                          
    5:13:26  452394.1    278.33  482207.5     895.0                          
    5:13:30  452397.5    278.33  481276.0     895.0                          
    5:13:34  452399.9    276.02  480713.3     895.0                          
    5:13:38  452403.8    276.02  479819.9     895.0                          
    5:13:46  452407.7    276.02  478917.9     895.0                          
    5:13:52  452411.6    276.02  477489.9     895.0                          
    5:13:56  452415.1    275.46  476586.8     895.0                          
    5:13:59  452416.6    275.46  475578.6     895.0                          
    5:14:07  452421.0    275.46  474642.4     895.0                          
    5:14:13  452423.8    275.46  473941.5     895.0                          
    5:14:18  452422.9    275.46  473544.2     895.0                          
    5:14:24  452423.4    274.24  473263.0     895.0                          
    5:14:28  452431.5    274.24  472704.4     895.0                          
    5:14:34  452434.4    274.24  471751.4     895.0                          
    5:14:38  452436.0    273.99  471371.6     895.0                          
    5:14:44  452440.0    273.40  470885.4     895.0                          
    5:14:49  452443.1    273.40  470388.3     895.0                          
    5:15:00  452442.2    273.32  470140.5     895.0                          
    5:15:02  452446.1    272.14  469610.9     895.0                          
    5:15:10  452451.0    272.14  468323.4     895.0                          
    5:15:15  452454.2    272.14  467474.2     895.0                          
    5:15:21  452455.1    271.76  466893.1     895.0                          
    5:15:23  452456.4    271.76  466740.2     895.0                          
    5:15:25  452462.9    271.35  466364.2     895.0                          
    5:15:28  452465.6    270.81  465748.8     895.0                          
    5:15:34  452467.6    270.81  465308.4     895.0                          
    5:15:41  452471.0    269.49  464833.3     895.0                          
    5:15:50  452472.7    269.49  464800.5     895.0                          
    5:15:58  452473.5    269.49  464364.3     895.0                          
    5:16:03  452474.9    269.00  463797.6     895.0                          
    5:16:08  452477.2    269.00  463332.2     895.0                          
    5:16:12  452478.3    269.00  462902.9     895.0                          
    5:16:16  452481.7    268.87  462026.8     895.0                          
    5:16:23  452482.9    266.82  461679.2     895.0                          
    5:16:26  452484.2    266.82  461247.3     895.0                          
    5:16:36  452485.5    265.52  460713.9     895.0                          
    5:16:38  452485.9    265.52  460457.0     895.0                          
    5:16:42  452486.7    265.49  460028.8     895.0                          
    5:16:47  452488.1    265.49  459729.8     895.0                          
    5:16:52  452491.7    265.49  459245.6     895.0                          
    5:16:59  452494.7    265.13  458515.2     895.0                          
    5:17:06  452494.8    264.85  457976.2     895.0                          
    5:17:08  452496.6    264.85  457606.5     895.0                          
    5:17:11  452497.2    264.36  457426.1     895.0                          
    5:17:16  452501.0    264.23  457004.1     895.0                          
    5:17:19  452505.6    264.08  456255.2     895.0                          
    5:17:23  452508.2    263.53  455948.0     895.0                          
    5:17:26  452509.8    263.49  455632.6     895.0                          
    5:17:29  452511.6    263.35  455244.8     895.0                          
    5:17:30  452512.3    263.21  454998.9     895.0                          
    5:17:33  452514.9    263.02  454533.9     895.0                          
    5:17:35  452516.6    262.95  454305.2     895.0                          
    5:17:40  452519.9    262.95  453873.8     895.0                          
    5:17:44  452521.9    262.95  453627.5     895.0                          
    5:17:48  452522.0    262.95  453538.2     895.0                          
    5:17:52  452523.5    262.95  453267.8     895.0                          
    5:17:57  452525.2    262.95  452980.1     895.0                          
    5:18:00  452527.1    262.47  452841.1     895.0                          
    5:18:07  452530.5    262.30  452091.7     895.0                          
    5:18:10  452532.8    261.87  451723.3     895.0                          
    5:18:17  452534.6    261.87  451467.0     895.0                          
    5:18:20  452541.9    261.63  451073.3     895.0                          
    5:18:24  452543.3    261.63  450895.1     895.0                          
    5:18:26  452546.0    261.63  450384.0     895.0                          
    5:18:29  452548.8    261.19  449977.6     895.0                          
    5:18:33  452553.4    260.95  449285.3     895.0                          
    5:18:36  452554.8    260.95  449174.2     895.0                          
    5:18:40  452557.4    260.95  448756.4     895.0                          
    5:18:46  452561.8    260.89  448016.1     895.0                          
    5:18:48  452562.8    260.68  447702.9     895.0                          
    5:18:52  452564.9    259.58  447391.6     895.0                          
    5:18:55  452568.5    259.58  446731.1     895.0                          
    5:18:59  452568.8    259.58  446328.8     895.0                          
    5:19:02  452572.3    259.51  445842.0     895.0                          
    5:19:06  452572.5    259.32  445482.3     895.0                          
    5:19:09  452575.1    258.46  444868.6     895.0                          
    5:19:13  452576.7    258.46  444507.4     895.0                          
    5:19:14  452576.9    258.46  444405.2     895.0                          
    5:19:17  452579.4    256.40  444369.6     895.0                          
    5:19:21  452582.3    254.90  444044.2     895.0                          
    5:19:24  452586.7    254.78  443958.9     895.0                          
    5:19:31  452589.8    254.78  443754.1     895.0                          
    5:19:42  452591.7    254.78  443317.3     895.0                          
    5:19:44  452592.4    254.78  443055.0     895.0                          
    5:19:48  452594.9    254.78  442756.5     895.0                          
    5:19:50  452596.0    254.78  442225.2     895.0                          
    5:19:53  452599.3    254.78  441691.5     895.0                          
    5:19:59  452599.6    254.78  441348.6     895.0                          
    5:20:03  452603.1    254.78  440811.8     895.0                          
    5:20:08  452605.7    254.78  440463.2     895.0                          
    5:20:12  452606.6    254.78  440299.2     895.0                          
    5:20:18  452606.2    254.78  439886.2     895.0                          
    5:20:22  452614.2    254.78  439360.2     895.0                          
    5:20:26  452616.0    254.78  438724.0     895.0                          
    5:20:28  452618.2    254.78  438326.8     895.0                          
    5:20:32  452621.7    254.78  437721.2     895.0                          
    5:20:39  452623.4    254.78  437396.7     895.0                          
    5:20:42  452623.8    254.78  437232.8     895.0                          
    5:20:46  452625.0    254.72  436986.3     895.0                          
    5:20:50  452627.5    254.72  436558.6     895.0                          
    5:20:57  452628.8    254.72  436445.0     895.0                          
    5:21:00  452631.0    254.47  435865.8     895.0                          
    5:21:01  452634.9    254.47  434993.2     895.0                          
    5:21:04  452636.7    254.47  434687.0     895.0                          
    5:21:05  452640.7    254.47  434638.1     895.0                          
    5:21:09  452642.3    254.47  434301.4     895.0                          
    5:21:11  452642.1    254.47  434005.6     895.0                          
    5:21:14  452646.2    254.47  433446.8     895.0                          
    5:21:16  452650.5    254.47  432866.4     895.0                          
    5:21:19  452652.1    254.47  431902.3     895.0                          
    5:21:23  452655.5    253.67  431588.4     895.0                          
    5:21:32  452657.6    253.67  430959.7     895.0                          
    5:21:34  452659.7    253.67  430506.6     895.0                          
    5:21:37  452662.2    253.67  430105.2     895.0                          
    5:21:41  452665.2    253.67  429838.2     895.0                          
    5:21:45  452667.3    253.67  429614.4     895.0                          
    5:21:49  452668.5    253.67  429013.9     895.0                          
    5:21:55  452670.8    253.67  428593.8     895.0                          
    5:21:56  452671.5    253.67  428458.9     895.0                          
    5:22:00  452673.2    253.67  428184.9     895.0                          
    5:22:02  452673.0    253.67  428137.0     895.0                          
    5:22:03  452675.6    253.67  427396.3     895.0                          
    5:22:05  452678.0    253.67  427070.8     895.0                          
    5:22:07  452682.1    253.67  426385.5     895.0                          
    5:22:09  452684.5    253.65  425989.4     895.0                          
    5:22:11  452688.6    253.65  424787.2     895.0                          
    5:22:15  452689.7    253.65  424502.7     895.0                          
    5:22:16  452691.2    253.65  424275.3     895.0                          
    5:22:18  452692.7    253.65  423902.8     895.0                          
    5:22:19  452697.5    253.65  423449.2     895.0                          
    5:22:22  452699.2    253.65  422758.5     895.0                          
    5:22:24  452704.7    253.65  422076.5     895.0                          
    5:22:28  452708.8    253.65  421585.1     895.0                          
    5:22:29  452710.4    253.65  421279.9     895.0                          
    5:22:34  452712.7    253.65  420838.7     895.0                          
    5:22:39  452714.6    253.65  420326.3     895.0                          
    5:22:40  452714.8    253.65  420247.5     895.0                          
    5:22:44  452714.9    253.65  419779.0     895.0                          
    5:22:46  452717.6    253.65  419449.3     895.0                          
    5:22:48  452719.2    253.62  419271.4     895.0                          
    5:22:50  452721.3    253.24  418872.7     895.0                          
    5:22:51  452722.8    253.24  418807.6     895.0                          
    5:22:53  452724.1    253.24  418704.4     895.0                          
    5:22:58  452728.9    253.24  418227.1     895.0                          
    5:22:59  452730.7    253.24  418021.7     895.0                          
    5:23:06  452731.5    253.24  417674.3     895.0                          
    5:23:08  452734.9    253.24  417119.1     895.0                          
    5:23:11  452738.3    253.24  416882.1     895.0                          
    5:23:14  452740.4    253.24  416489.3     895.0                          
    5:23:18  452741.9    253.24  416225.1     895.0                          
    5:23:20  452744.3    253.24  415913.0     895.0                          
    5:23:23  452745.8    253.24  415697.1     895.0                          
    5:23:25  452746.2    253.24  415231.6     895.0                          
    5:23:26  452748.2    253.24  414960.2     895.0                          
    5:23:28  452750.5    253.24  414068.0     895.0                          
    5:23:29  452752.0    253.24  413828.8     895.0                          
    5:23:36  452752.2    253.24  413707.1     895.0                          
    5:23:40  452753.3    253.24  413586.6     895.0                          
    5:23:42  452758.0    253.24  413346.7     895.0                          
    5:23:45  452758.3    253.24  413048.2     895.0                          
    5:23:51  452761.6    253.24  412779.4     895.0                          
    5:23:53  452763.7    253.24  411871.8     895.0                          
    5:23:57  452765.9    253.24  410620.2     895.0                          
    5:24:02  452768.7    253.24  410363.3     895.0                          
    5:24:03  452771.9    253.24  409901.6     895.0                          
    5:24:05  452773.7    253.24  409649.4     895.0                          
    5:24:09  452775.9    253.24  409385.0     895.0                          
    5:24:15  452776.7    253.24  409212.2     895.0                          
    5:24:19  452780.0    253.24  408915.3     895.0                          
    5:24:26  452781.9    253.24  408630.4     895.0                          
    5:24:28  452787.0    253.24  408279.4     895.0                          
    5:24:30  452791.0    253.24  407731.1     895.0                          
    5:24:34  452794.4    253.24  407437.5     895.0                          
    5:24:36  452796.2    253.24  406941.8     895.0                          
    5:24:38  452798.2    253.24  406592.8     895.0                          
    5:24:44  452799.3    253.24  406263.9     895.0                          
    5:24:45  452801.6    253.24  405615.6     895.0                          
    5:24:58  452803.4    253.24  405137.6     895.0                          
    5:24:59  452804.4    253.24  405000.8     895.0                          
    5:25:08  452805.5    253.24  404847.2     895.0                          
    5:25:09  452805.9    253.24  404578.5     895.0                          
    5:25:12  452807.1    253.24  404381.7     895.0                          
    5:25:16  452808.9    253.24  404248.9     895.0                          
    5:25:18  452810.9    253.24  403958.8     895.0                          
    5:25:23  452812.7    253.24  403873.7     895.0                          
    5:25:26  452815.1    253.24  403363.4     895.0                          
    5:25:29  452817.1    253.24  402991.8     895.0                          
    5:25:30  452818.7    253.24  402874.3     895.0                          
    5:25:33  452820.4    253.24  402662.2     895.0                          
    5:25:36  452826.2    253.24  402047.8     895.0                          
    5:25:38  452828.2    253.24  401702.5     895.0                          
    5:25:40  452829.5    253.24  401487.6     895.0                          
    5:25:49  452828.6    253.24  401275.6     895.0                          
    5:25:51  452829.6    253.24  401024.8     895.0                          
    5:25:52  452833.1    253.24  400857.8     895.0                          
    5:25:55  452834.4    253.24  400497.9     895.0                          
    5:25:59  452837.6    253.24  400078.7     895.0                          
    5:26:02  452839.0    253.24  399916.6     895.0                          
    5:26:13  452840.0    253.24  399864.0     895.0                          
    5:26:15  452841.4    253.24  399460.0     895.0                          
    5:26:18  452842.3    253.24  399246.6     895.0                          
    5:26:20  452844.4    253.24  399066.4     895.0                          
    5:26:22  452846.0    253.24  398979.2     895.0                          
    5:26:23  452848.5    253.24  398844.1     895.0                          
    5:26:26  452850.1    253.24  398626.5     895.0                          
    5:26:27  452850.4    253.24  398491.6     895.0                          
    5:26:30  452855.7    253.24  398087.5     895.0                          
    5:26:32  452857.2    253.24  397786.5     895.0                          
    5:26:37  452859.5    253.24  397400.8     895.0                          
    5:26:42  452861.9    253.24  397067.8     895.0                          
    5:26:53  452864.7    253.24  396916.0     895.0                          
    5:26:53  452865.3    253.24  396843.7     895.0                          
    5:26:56  452869.4    253.24  396037.9     895.0                          
    5:26:57  452870.0    253.24  395899.1     895.0                          
    5:26:58  452871.7    253.24  395756.0     895.0                          
    5:27:06  452881.6    253.24  395585.5     895.0                          
    5:27:08  452888.4    253.24  395205.1     895.0                          
    5:27:09  452890.5    253.24  394716.5     895.0                          
    5:27:11  452892.4    253.24  394314.8     895.0                          
    5:27:14  452896.5    253.24  393708.2     895.0                          
    5:27:16  452898.9    253.24  393292.7     895.0                          
    5:27:16  452906.3    253.24  393089.6     895.0                          
    5:27:17  452906.6    253.24  393037.2     895.0                          
    5:27:19  452910.6    253.24  392303.2     895.0                          
    5:27:20  452911.6    253.24  391932.1     895.0                          
    5:27:21  452915.8    253.24  391492.3     895.0                          
    5:27:23  452917.9    253.24  391086.7     895.0                          
    5:27:23  452918.2    253.24  390919.7     895.0                          
    5:27:24  452922.8    253.24  390496.1     895.0                          
    5:27:25  452926.5    253.24  390070.8     895.0                          
    5:27:26  452928.5    253.24  389924.7     895.0                          
    5:27:28  452929.8    253.24  389696.6     895.0                          
    5:27:29  452932.2    253.24  389490.4     895.0                          
    5:27:31  452933.5    253.24  388995.0     895.0                          
    5:27:33  452940.3    253.24  388598.7     895.0                          
    5:27:35  452944.0    253.24  388175.6     895.0                          
    5:27:36  452944.7    253.24  387288.8     895.0                          
    5:27:39  452948.4    253.24  386820.6     895.0                          
    5:27:41  452950.4    253.24  386621.2     895.0                          
    5:27:43  452957.0    253.24  386015.5     895.0                          
    5:27:49  452958.6    253.24  385883.2     895.0                          
    5:27:52  452960.6    253.24  385716.9     895.0                          
    5:27:59  452961.8    253.24  385642.5     895.0                          
    5:28:01  452962.7    253.24  385490.0     895.0                          
    5:28:04  452964.9    253.24  385182.8     895.0                          
    5:28:07  452970.2    253.24  384978.9     895.0                          
    5:28:08  452971.8    253.24  384631.1     895.0                          
    5:28:11  452973.3    253.24  384483.3     895.0                          
    5:28:12  452977.7    253.24  384204.3     895.0                          
    5:28:14  452979.2    253.24  383866.0     895.0                          
    5:28:15  452981.7    253.24  383460.7     895.0                          
    5:28:16  452982.0    253.24  383436.3     895.0                          


  Beginning Area-Recovery Phase  (cleanup)
  -----------------------------

                                  TOTAL                                      
   ELAPSED            WORST NEG   SETUP    DESIGN                            
    TIME      AREA      SLACK     COST    RULE COST         ENDPOINT         
  --------- --------- --------- --------- --------- -------------------------
    5:28:16  452982.0    253.24  383436.3     895.0                          
    5:28:29  452982.0    253.24  383436.3     895.0                          
    5:31:53  451455.8    267.15  391255.9     895.0                          
    5:32:39  450808.5    267.16  386035.1     895.0                          
    5:33:07  450379.8    267.16  382183.3     895.0                          
    5:33:30  450054.2    267.16  380120.7     895.0                          
    5:33:51  449735.7    267.16  376867.5     895.0                          
    5:34:09  449557.7    267.16  375366.7     895.0                          
    5:34:23  449441.7    267.16  372381.2     895.0                          
    5:34:35  449348.2    267.16  372733.5     895.0                          
    5:34:43  449293.0    267.16  372188.2     895.0                          
    5:34:50  449244.2    267.16  372150.3     895.0                          
    5:34:57  449217.4    267.16  372150.3     895.0                          
    5:35:02  449193.6    267.16  372150.3     895.0                          
    5:35:07  449176.4    267.16  372150.3     895.0                          
    5:35:11  449159.4    267.16  372150.3     895.0                          
    5:35:16  449144.5    267.16  372150.3     895.0                          
    5:35:20  449136.0    267.16  372150.3     895.0                          
    5:35:25  449129.6    267.16  372150.3     895.0                          
    5:35:29  449123.2    267.16  372150.3     895.0                          
    5:35:33  449121.1    267.16  372150.3     895.0                          
    5:35:33  449121.1    267.16  372150.3     895.0                          
    5:35:45  449129.0    249.04  368928.6     895.0 Silago_bot_inst_2_1/SILEGO_cell/MTRF_cell/dpu_gen/U_NACU_0/U_divider/division/clk_r_REG131_S1/D
    5:35:55  449136.2    242.67  368345.6     895.0 Silago_bot_inst_2_1/SILEGO_cell/MTRF_cell/dpu_gen/U_NACU_0/U_divider/division/clk_r_REG131_S1/D
    5:36:05  449139.6    239.73  367891.0     895.0 Silago_bot_inst_2_1/SILEGO_cell/MTRF_cell/dpu_gen/U_NACU_0/U_divider/division/clk_r_REG131_S1/D
    5:36:20  449143.7    235.85  366729.7     895.0 Silago_bot_inst_3_1/SILEGO_cell/MTRF_cell/dpu_gen/U_NACU_0/U_divider/division/clk_r_REG128_S1/D
    5:36:27  449147.1    233.79  365414.3     895.0 Silago_bot_inst_2_1/SILEGO_cell/MTRF_cell/dpu_gen/U_NACU_0/U_divider/division/clk_r_REG116_S1/D
    5:36:36  449153.5    231.65  364274.8     895.0 Silago_bot_inst_2_1/SILEGO_cell/MTRF_cell/dpu_gen/U_NACU_0/acc_out_reg[30]/D
    5:36:45  449160.5    230.26  359118.8     895.0 Silago_bot_inst_3_1/SILEGO_cell/MTRF_cell/dpu_gen/U_NACU_0/U_divider/division/clk_r_REG112_S1/D
    5:37:15  449162.3    229.84  358819.6     895.0                          
    5:38:09  444322.9    421.38  580990.8     895.0                          
    5:38:32  443421.1    516.05  747011.0     895.0                          
    5:38:46  443158.2    524.82  752923.1     895.0                          
    5:38:55  443101.0    524.81  754925.9     895.0                          
    5:38:59  443091.5    524.81  755066.7     895.0                          
    5:39:01  443091.5    524.81  755066.7     895.0                          
    5:39:01  443091.5    524.81  755066.7     895.0                          
    5:39:03  443091.5    524.81  755066.7     895.0                          
    5:39:20  443106.5    414.96  632878.6     895.0 Silago_bot_inst_3_1/SILEGO_cell/MTRF_cell/dpu_gen/U_NACU_0/U_divider/division/clk_r_REG128_S1/D
    5:39:31  443119.0    392.59  620821.2     895.0 Silago_top_inst_4_0/SILEGO_cell/MTRF_cell/dpu_gen/U_NACU_0/U_divider/division/clk_r_REG0_S1/D
    5:39:43  443131.9    379.97  604538.0     895.0 Silago_top_r_corner_inst_7_0/SILEGO_cell/MTRF_cell/dpu_gen/U_NACU_0/U_divider/division/clk_r_REG116_S1/D
    5:39:55  443150.0    369.63  591622.9     895.0 Silago_bot_inst_2_1/SILEGO_cell/MTRF_cell/dpu_gen/U_NACU_0/U_divider/division/clk_r_REG116_S1/D
    5:40:07  443160.3    359.13  582201.1     895.0 Silago_top_l_corner_inst_0_0/SILEGO_cell/MTRF_cell/dpu_gen/U_NACU_0/U_divider/division/clk_r_REG116_S1/D
    5:40:19  443166.9    353.05  572731.2     895.0 Silago_top_inst_1_0/SILEGO_cell/MTRF_cell/dpu_gen/U_NACU_0/U_divider/division/clk_r_REG0_S1/D
    5:40:47  443223.3    333.00  538948.5     895.0 Silago_top_inst_3_0/SILEGO_cell/MTRF_cell/dpu_gen/U_NACU_0/U_divider/division/clk_r_REG116_S1/D
    5:40:56  443229.2    331.73  536458.2     895.0 Silago_bot_inst_4_1/SILEGO_cell/MTRF_cell/dpu_gen/U_NACU_0/U_divider/division/clk_r_REG0_S1/D
    5:41:15  443246.7    321.00  520201.6     895.0 Silago_top_inst_4_0/SILEGO_cell/MTRF_cell/dpu_gen/U_NACU_0/U_divider/division/clk_r_REG0_S1/D
    5:41:38  443273.0    310.27  503404.3     895.0 Silago_bot_inst_6_1/SILEGO_cell/MTRF_cell/dpu_gen/U_NACU_0/U_divider/division/clk_r_REG110_S1/D
    5:41:50  443285.3    305.89  495856.5     895.0 Silago_bot_inst_2_1/SILEGO_cell/MTRF_cell/dpu_gen/U_NACU_0/U_divider/division/clk_r_REG116_S1/D
    5:42:07  443307.8    300.46  489827.0     895.0 Silago_bot_inst_2_1/SILEGO_cell/MTRF_cell/dpu_gen/U_NACU_0/U_divider/division/clk_r_REG116_S1/D
    5:42:34  443343.6    292.06  477998.5     895.0 Silago_bot_l_corner_inst_0_1/SILEGO_cell/MTRF_cell/dpu_gen/U_NACU_0/U_divider/division/clk_r_REG116_S1/D
    5:42:55  443377.2    286.58  469396.6     895.0 Silago_bot_inst_4_1/SILEGO_cell/MTRF_cell/dpu_gen/U_NACU_0/U_divider/division/clk_r_REG0_S1/D
    5:43:07  443388.8    284.48  466370.0     895.0 Silago_top_inst_4_0/SILEGO_cell/MTRF_cell/dpu_gen/U_NACU_0/U_divider/division/clk_r_REG528_S1/D
    5:43:19  443406.8    282.16  462955.4     895.0 Silago_top_inst_2_0/SILEGO_cell/MTRF_cell/dpu_gen/U_NACU_0/U_divider/division/clk_r_REG528_S1/D
    5:43:27  443412.1    281.21  461307.2     895.0 Silago_bot_inst_4_1/SILEGO_cell/MTRF_cell/dpu_gen/U_NACU_0/U_divider/division/clk_r_REG0_S1/D
    5:43:39  443425.7    279.57  456653.7     895.0 Silago_top_inst_2_0/SILEGO_cell/MTRF_cell/dpu_gen/U_NACU_0/U_divider/division/clk_r_REG528_S1/D
    5:43:46  443430.1    278.52  455817.4     895.0 Silago_top_inst_3_0/SILEGO_cell/MTRF_cell/dpu_gen/U_NACU_0/U_divider/division/clk_r_REG116_S1/D
    5:44:06  443450.7    275.02  451590.5     895.0 Silago_top_inst_1_0/SILEGO_cell/MTRF_cell/dpu_gen/U_NACU_0/U_divider/division/clk_r_REG0_S1/D
    5:44:12  443454.9    274.31  450458.8     895.0 Silago_top_inst_2_0/SILEGO_cell/MTRF_cell/dpu_gen/U_NACU_0/U_divider/division/clk_r_REG0_S1/D
    5:44:31  443468.6    271.25  444909.9     895.0 Silago_bot_r_corner_inst_7_1/SILEGO_cell/MTRF_cell/dpu_gen/U_NACU_0/U_divider/division/clk_r_REG111_S1/D
    5:44:48  443477.2    269.45  441841.5     895.0 Silago_bot_inst_5_1/SILEGO_cell/MTRF_cell/dpu_gen/U_NACU_0/U_divider/division/clk_r_REG116_S1/D
    5:44:52  443477.7    269.20  441434.7     895.0 Silago_bot_inst_3_1/SILEGO_cell/MTRF_cell/dpu_gen/U_NACU_0/U_divider/division/clk_r_REG528_S1/D
    5:45:02  443485.6    267.78  440107.0     895.0 Silago_top_inst_4_0/SILEGO_cell/MTRF_cell/dpu_gen/U_NACU_0/U_divider/division/clk_r_REG528_S1/D
    5:45:06  443486.5    267.43  439427.3     895.0 Silago_top_inst_1_0/SILEGO_cell/MTRF_cell/dpu_gen/U_NACU_0/U_divider/division/clk_r_REG0_S1/D
    5:45:15  443490.9    266.60  438100.8     895.0 Silago_bot_inst_2_1/SILEGO_cell/MTRF_cell/dpu_gen/U_NACU_0/U_divider/division/clk_r_REG116_S1/D
    5:45:24  443501.1    265.50  436038.3     895.0 Silago_bot_inst_6_1/SILEGO_cell/MTRF_cell/dpu_gen/U_NACU_0/U_divider/division/clk_r_REG131_S1/D
    5:45:32  443506.4    264.65  435221.4     895.0 Silago_top_r_corner_inst_7_0/SILEGO_cell/MTRF_cell/dpu_gen/U_NACU_0/U_divider/division/clk_r_REG111_S1/D
    5:45:41  443511.8    263.50  433925.3     895.0 Silago_top_inst_2_0/SILEGO_cell/MTRF_cell/dpu_gen/U_NACU_0/U_divider/division/clk_r_REG0_S1/D
    5:47:19  443583.0    261.96  432289.5     895.0                          
    5:47:23  443583.8    261.72  431772.5     895.0                          
    5:47:27  443586.5    261.41  431430.0     895.0                          
    5:47:30  443592.1    260.79  430704.2     895.0                          
    5:47:34  443594.2    260.27  430321.5     895.0                          
    5:47:37  443600.2    259.45  429051.3     895.0                          
    5:47:39  443601.5    258.97  428546.6     895.0                          
    5:47:44  443609.8    258.02  427419.2     895.0                          
    5:47:47  443616.6    257.42  426055.7     895.0                          
    5:47:51  443618.5    256.90  425810.8     895.0                          
    5:47:58  443621.3    255.93  424597.3     895.0                          
    5:48:04  443624.1    255.18  423947.7     895.0                          
    5:48:08  443626.3    254.64  422858.6     895.0                          
    5:48:12  443629.3    253.92  421790.5     895.0                          
    5:48:33  443629.5    253.73  421503.6     895.0                          
    5:48:36  443631.5    253.26  420586.1     895.0                          
    5:48:40  443632.8    252.83  420141.8     895.0                          
    5:48:43  443635.6    252.53  419608.8     895.0                          
    5:48:46  443637.4    252.12  419170.8     895.0                          
    5:48:49  443638.6    251.45  418367.0     895.0                          
    5:48:53  443642.6    251.27  417970.8     895.0                          
    5:48:57  443643.7    250.65  417426.9     895.0                          
    5:49:00  443649.1    250.58  417005.0     895.0                          
    5:49:03  443651.4    250.58  416378.1     895.0                          
    5:49:05  443652.6    250.58  416238.7     895.0                          
    5:49:09  443653.5    250.58  415892.5     895.0                          
    5:49:12  443656.5    250.58  415462.1     895.0                          
    5:49:16  443660.5    250.58  415213.7     895.0                          
    5:49:21  443661.2    250.58  414828.4     895.0                          
    5:49:25  443664.9    250.04  414231.2     895.0                          
    5:49:29  443666.7    250.04  413688.2     895.0                          
    5:49:33  443668.9    249.87  413132.1     895.0                          
    5:49:35  443670.9    249.87  412935.0     895.0                          
    5:49:39  443675.6    249.60  412185.3     895.0                          
    5:49:42  443678.3    247.97  411568.3     895.0                          
    5:49:45  443682.1    247.74  409826.9     895.0                          
    5:49:48  443685.8    247.73  409274.6     895.0                          
    5:49:50  443686.4    247.68  409064.4     895.0                          
    5:49:53  443688.3    247.68  408789.0     895.0                          
    5:49:57  443691.7    247.68  407188.9     895.0                          
    5:50:00  443693.1    246.31  406979.5     895.0                          
    5:50:03  443695.6    245.74  406744.9     895.0                          
    5:50:06  443695.5    245.59  406415.9     895.0                          
    5:50:12  443698.1    245.59  406072.6     895.0                          
    5:50:14  443700.7    245.59  405788.8     895.0                          
    5:50:18  443702.1    245.59  405407.8     895.0                          
    5:50:22  443705.3    245.59  404729.8     895.0                          
    5:50:25  443707.1    245.59  404319.4     895.0                          
    5:50:26  443707.9    245.59  404305.1     895.0                          
    5:50:29  443709.1    245.59  404151.5     895.0                          
    5:50:32  443712.7    245.40  403855.4     895.0                          
    5:50:35  443714.3    245.38  403170.2     895.0                          
    5:50:36  443715.8    245.38  402814.6     895.0                          
    5:50:42  443717.8    245.36  402371.2     895.0                          
    5:50:45  443720.0    245.36  402148.4     895.0                          
    5:50:49  443724.1    245.33  401053.7     895.0                          
    5:50:54  443726.9    242.47  400127.5     895.0                          
    5:51:01  443726.0    242.47  399616.7     895.0                          
    5:51:04  443729.1    242.47  399270.8     895.0                          
    5:51:06  443729.7    241.84  399066.7     895.0                          
    5:51:11  443732.0    241.84  398232.0     895.0                          
    5:51:14  443735.0    241.84  397683.6     895.0                          
    5:51:17  443736.5    241.77  397250.8     895.0                          
    5:51:21  443739.9    240.13  396537.9     895.0                          
    5:51:24  443741.7    240.13  395841.1     895.0                          
    5:51:28  443744.7    240.12  394420.9     895.0                          
    5:51:31  443746.5    240.09  394092.4     895.0                          
    5:51:35  443750.3    240.09  393845.3     895.0                          
    5:51:37  443752.8    239.66  393535.9     895.0                          
    5:51:41  443754.6    239.66  392475.7     895.0                          
    5:51:43  443758.4    239.66  391925.5     895.0                          
    5:51:47  443759.6    239.66  391270.1     895.0                          
    5:51:53  443763.9    239.66  390479.6     895.0                          
    5:51:59  443764.8    239.66  390388.9     895.0                          
    5:52:05  443764.6    239.66  390175.5     895.0                          
    5:52:08  443767.8    239.66  389721.3     895.0                          
    5:52:10  443768.5    239.66  389433.0     895.0                          
    5:52:13  443769.5    239.66  389311.2     895.0                          
    5:52:16  443771.3    239.66  389063.1     895.0                          
    5:52:18  443772.8    239.66  387933.0     895.0                          
    5:52:20  443773.7    239.66  387884.0     895.0                          
    5:52:23  443775.3    239.66  387715.2     895.0                          
    5:52:27  443777.0    239.66  387349.0     895.0                          
    5:52:32  443778.1    239.66  387068.5     895.0                          
    5:52:37  443781.9    239.38  386641.3     895.0                          
    5:52:39  443783.3    239.38  386514.0     895.0                          
    5:52:42  443783.9    239.38  386252.3     895.0                          
    5:52:46  443786.5    239.38  385686.6     895.0                          
    5:52:50  443788.6    239.38  385348.6     895.0                          
    5:52:54  443790.8    239.38  384872.9     895.0                          
    5:52:58  443793.5    239.38  384447.7     895.0                          
    5:53:02  443797.4    239.38  383749.9     895.0                          
    5:53:08  443799.0    239.38  383423.9     895.0                          
    5:53:18  443799.5    239.38  383117.3     895.0                          
    5:53:24  443801.6    239.38  382959.5     895.0                          
    5:53:27  443805.9    239.38  382602.0     895.0                          
    5:53:32  443809.2    239.38  382248.1     895.0                          
    5:53:37  443812.1    239.38  381872.5     895.0                          
    5:53:40  443813.9    239.38  381665.9     895.0                          
    5:53:46  443817.0    239.38  381379.7     895.0                          
    5:53:49  443819.5    239.38  381123.7     895.0                          
    5:53:59  443828.0    231.18  380322.9     895.0 Silago_top_inst_5_0/SILEGO_cell/MTRF_cell/dpu_gen/U_NACU_0/U_divider/division/clk_r_REG116_S1/D
    5:54:08  443831.5    230.14  379906.5     895.0 Silago_bot_inst_4_1/SILEGO_cell/MTRF_cell/dpu_gen/U_NACU_0/U_divider/division/clk_r_REG0_S1/D
    5:54:19  443838.5    228.98  378994.4     895.0 Silago_bot_inst_1_1/SILEGO_cell/MTRF_cell/dpu_gen/U_NACU_0/U_divider/division/clk_r_REG116_S1/D
    5:54:34  443841.9    227.74  378053.2     895.0 Silago_bot_inst_5_1/SILEGO_cell/MTRF_cell/dpu_gen/U_NACU_0/U_divider/division/clk_r_REG110_S1/D
    5:54:37  443843.7    227.67  377965.8     895.0 Silago_top_r_corner_inst_7_0/SILEGO_cell/MTRF_cell/dpu_gen/U_NACU_0/U_divider/division/clk_r_REG120_S1/D
    5:54:46  443848.9    227.12  377089.7     895.0 Silago_bot_inst_4_1/SILEGO_cell/MTRF_cell/dpu_gen/U_NACU_0/U_divider/division/clk_r_REG0_S1/D
    5:54:54  443856.4    226.79  374754.0     895.0 Silago_top_inst_5_0/SILEGO_cell/MTRF_cell/dpu_gen/U_NACU_0/U_divider/division/clk_r_REG116_S1/D
    5:55:04  443859.4    226.24  373151.8     895.0 Silago_top_r_corner_inst_7_0/SILEGO_cell/MTRF_cell/dpu_gen/U_NACU_0/U_divider/division/clk_r_REG124_S1/D
    5:55:18  443867.7    225.19  371042.1     895.0 Silago_top_inst_5_0/SILEGO_cell/MTRF_cell/dpu_gen/U_NACU_0/U_divider/division/clk_r_REG116_S1/D
    5:55:32  443872.7    224.42  370472.8     895.0 Silago_top_r_corner_inst_7_0/SILEGO_cell/MTRF_cell/dpu_gen/U_NACU_0/acc_out_reg[25]/D
    5:55:36  443874.6    224.10  369883.8     895.0 Silago_bot_r_corner_inst_7_1/SILEGO_cell/MTRF_cell/dpu_gen/U_NACU_0/acc_out_reg[30]/D
    5:55:38  443875.1    223.97  369789.9     895.0 Silago_top_inst_5_0/SILEGO_cell/MTRF_cell/dpu_gen/U_NACU_0/U_divider/division/clk_r_REG116_S1/D
    5:55:44  443876.3    223.81  369396.7     895.0 Silago_top_inst_4_0/SILEGO_cell/MTRF_cell/dpu_gen/U_NACU_0/U_divider/division/clk_r_REG112_S1/D
    5:55:55  443885.8    222.81  367060.8     895.0 Silago_bot_inst_6_1/SILEGO_cell/MTRF_cell/dpu_gen/U_NACU_0/U_divider/division/clk_r_REG116_S1/D
    5:56:02  443891.9    222.35  365178.7     895.0 Silago_top_inst_2_0/SILEGO_cell/MTRF_cell/dpu_gen/U_NACU_0/U_divider/division/clk_r_REG116_S1/D
    5:56:09  443894.9    222.01  364200.2     895.0 Silago_bot_inst_1_1/SILEGO_cell/MTRF_cell/dpu_gen/U_NACU_0/U_divider/division/clk_r_REG116_S1/D
    5:56:13  443897.7    221.72  363892.0     895.0 Silago_bot_r_corner_inst_7_1/SILEGO_cell/MTRF_cell/dpu_gen/U_NACU_0/acc_out_reg[30]/D
    5:56:18  443900.1    221.48  363545.6     895.0 Silago_top_inst_3_0/SILEGO_cell/MTRF_cell/dpu_gen/U_NACU_0/U_divider/division/clk_r_REG528_S1/D
    5:56:22  443905.8    220.70  362800.2     895.0 Silago_top_inst_3_0/SILEGO_cell/MTRF_cell/dpu_gen/U_NACU_0/U_divider/division/clk_r_REG528_S1/D
    5:56:29  443909.2    220.22  362389.6     895.0 Silago_top_inst_6_0/SILEGO_cell/MTRF_cell/dpu_gen/U_NACU_0/U_divider/division/clk_r_REG111_S1/D
    5:56:33  443913.4    219.99  362072.3     895.0 Silago_bot_inst_5_1/SILEGO_cell/MTRF_cell/dpu_gen/U_NACU_0/U_divider/division/clk_r_REG126_S1/D
    5:56:39  443914.1    219.75  361611.8     895.0 Silago_top_r_corner_inst_7_0/SILEGO_cell/MTRF_cell/dpu_gen/U_NACU_0/U_divider/division/clk_r_REG109_S1/D
    5:56:41  443915.1    219.70  361309.4     895.0 Silago_bot_l_corner_inst_0_1/SILEGO_cell/MTRF_cell/dpu_gen/U_NACU_0/acc_out_reg[14]/D
    5:56:43  443916.9    219.51  361125.2     895.0 Silago_top_inst_1_0/SILEGO_cell/MTRF_cell/dpu_gen/U_NACU_0/acc_out_reg[5]/D
    5:56:46  443917.5    219.37  360723.2     895.0 Silago_bot_inst_2_1/SILEGO_cell/MTRF_cell/dpu_gen/U_NACU_0/U_divider/division/clk_r_REG109_S1/D
    5:56:55  443922.6    218.82  359832.1     895.0 Silago_top_inst_5_0/SILEGO_cell/MTRF_cell/dpu_gen/U_NACU_0/U_divider/division/clk_r_REG116_S1/D
    5:57:04  443928.0    218.45  359272.4     895.0 Silago_bot_inst_5_1/SILEGO_cell/MTRF_cell/dpu_gen/U_NACU_0/U_divider/division/clk_r_REG126_S1/D
    5:57:13  443933.8    217.65  358726.5     895.0 Silago_bot_inst_6_1/SILEGO_cell/MTRF_cell/dpu_gen/U_NACU_0/U_divider/division/clk_r_REG116_S1/D
    5:57:20  443946.3    217.10  356013.4     895.0 Silago_bot_inst_5_1/SILEGO_cell/MTRF_cell/dpu_gen/U_NACU_0/U_divider/division/clk_r_REG126_S1/D
    5:57:26  443951.7    216.85  355033.0     895.0 Silago_bot_inst_5_1/SILEGO_cell/MTRF_cell/dpu_gen/U_NACU_0/U_divider/division/clk_r_REG126_S1/D
    5:57:31  443956.9    216.66  354573.3     895.0 Silago_bot_inst_2_1/SILEGO_cell/MTRF_cell/dpu_gen/U_NACU_0/U_divider/division/clk_r_REG109_S1/D
    5:57:47  443961.5    216.16  353678.5     895.0 Silago_bot_inst_5_1/SILEGO_cell/MTRF_cell/dpu_gen/U_NACU_0/U_divider/division/clk_r_REG126_S1/D
    5:57:49  443962.7    216.04  353375.7     895.0 Silago_bot_inst_6_1/SILEGO_cell/MTRF_cell/dpu_gen/U_NACU_0/U_divider/division/clk_r_REG116_S1/D
    5:57:53  443967.4    215.81  352095.8     895.0 Silago_bot_inst_3_1/SILEGO_cell/MTRF_cell/dpu_gen/U_NACU_0/U_divider/division/clk_r_REG128_S1/D
    5:57:57  443969.8    215.59  351546.9     895.0 Silago_top_r_corner_inst_7_0/SILEGO_cell/MTRF_cell/dpu_gen/U_NACU_0/U_divider/division/clk_r_REG111_S1/D
    5:58:02  443973.1    215.27  350916.5     895.0 Silago_top_inst_3_0/SILEGO_cell/MTRF_cell/dpu_gen/U_NACU_0/U_divider/division/clk_r_REG528_S1/D
    5:58:08  443977.1    214.97  350401.9     895.0 Silago_bot_l_corner_inst_0_1/SILEGO_cell/MTRF_cell/dpu_gen/U_NACU_0/acc_out_reg[14]/D
    5:58:12  443979.6    214.96  350385.4     895.0 Silago_top_inst_6_0/SILEGO_cell/MTRF_cell/dpu_gen/U_NACU_0/U_divider/division/clk_r_REG113_S1/D
    5:58:15  443982.5    214.56  349990.0     895.0 Silago_top_inst_4_0/SILEGO_cell/MTRF_cell/dpu_gen/U_NACU_0/U_divider/division/clk_r_REG112_S1/D
    5:58:23  443991.5    213.98  348797.7     895.0 Silago_top_inst_6_0/SILEGO_cell/MTRF_cell/dpu_gen/U_NACU_0/U_divider/division/clk_r_REG114_S1/D
    5:58:25  443993.1    213.82  347954.5     895.0 Silago_bot_inst_2_1/SILEGO_cell/MTRF_cell/dpu_gen/U_NACU_0/U_divider/division/clk_r_REG109_S1/D
    5:58:31  443998.0    213.33  348068.4     895.0 Silago_top_inst_5_0/SILEGO_cell/MTRF_cell/dpu_gen/U_NACU_0/U_divider/division/clk_r_REG116_S1/D
    5:58:41  444002.8    212.94  347480.4     895.0 Silago_top_inst_5_0/SILEGO_cell/MTRF_cell/dpu_gen/U_NACU_0/U_divider/division/clk_r_REG116_S1/D
    5:58:43  444004.2    212.86  347313.2     895.0 Silago_top_inst_4_0/SILEGO_cell/MTRF_cell/dpu_gen/U_NACU_0/U_divider/division/clk_r_REG112_S1/D
    5:58:50  444007.8    212.61  346589.7     895.0 Silago_top_inst_4_0/SILEGO_cell/MTRF_cell/dpu_gen/U_NACU_0/U_divider/division/clk_r_REG112_S1/D
    5:58:56  444020.4    212.19  345012.7     895.0 Silago_bot_inst_5_1/SILEGO_cell/MTRF_cell/dpu_gen/U_NACU_0/U_divider/division/clk_r_REG126_S1/D
    5:59:06  444023.9    211.73  344328.5     895.0 Silago_top_inst_1_0/SILEGO_cell/MTRF_cell/dpu_gen/U_NACU_0/acc_out_reg[5]/D
    5:59:12  444025.8    211.34  343950.7     895.0 Silago_bot_l_corner_inst_0_1/SILEGO_cell/MTRF_cell/dpu_gen/U_NACU_0/acc_out_reg[14]/D
    5:59:13  444028.3    211.14  343548.5     895.0 Silago_bot_inst_3_1/SILEGO_cell/MTRF_cell/dpu_gen/U_NACU_0/U_divider/division/clk_r_REG128_S1/D
    5:59:20  444033.2    210.55  342718.9     895.0 Silago_bot_inst_2_1/SILEGO_cell/MTRF_cell/dpu_gen/U_NACU_0/U_divider/division/clk_r_REG109_S1/D
    5:59:23  444035.1    210.21  342254.1     895.0 Silago_bot_inst_5_1/SILEGO_cell/MTRF_cell/dpu_gen/U_NACU_0/U_divider/division/clk_r_REG126_S1/D
    5:59:29  444038.3    209.86  341996.7     895.0 Silago_bot_inst_5_1/SILEGO_cell/MTRF_cell/dpu_gen/U_NACU_0/U_divider/division/clk_r_REG126_S1/D
    5:59:36  444044.1    209.48  340973.6     895.0 Silago_bot_l_corner_inst_0_1/SILEGO_cell/MTRF_cell/dpu_gen/U_NACU_0/acc_out_reg[14]/D
    5:59:40  444047.9    209.15  340610.3     895.0 Silago_bot_l_corner_inst_0_1/SILEGO_cell/MTRF_cell/dpu_gen/U_NACU_0/acc_out_reg[14]/D
    5:59:43  444050.4    208.81  340332.5     895.0 Silago_top_inst_5_0/SILEGO_cell/MTRF_cell/dpu_gen/U_NACU_0/U_divider/division/clk_r_REG116_S1/D
    5:59:53  444058.1    208.08  339390.6     895.0 Silago_bot_l_corner_inst_0_1/SILEGO_cell/MTRF_cell/dpu_gen/U_NACU_0/acc_out_reg[14]/D
    5:59:58  444060.5    207.67  338917.4     895.0 Silago_top_inst_2_0/SILEGO_cell/MTRF_cell/dpu_gen/U_NACU_0/U_divider/division/clk_r_REG116_S1/D
    6:00:04  444062.3    207.33  338536.6     895.0 Silago_bot_inst_6_1/SILEGO_cell/MTRF_cell/dpu_gen/U_NACU_0/U_divider/division/clk_r_REG116_S1/D
    6:00:08  444067.8    207.05  338163.1     895.0 Silago_bot_inst_6_1/SILEGO_cell/MTRF_cell/dpu_gen/U_NACU_0/U_divider/division/clk_r_REG116_S1/D
    6:00:12  444070.9    206.92  337895.9     895.0 Silago_bot_inst_6_1/SILEGO_cell/MTRF_cell/dpu_gen/U_NACU_0/U_divider/division/clk_r_REG116_S1/D
    6:00:21  444082.2    206.22  336877.2     895.0 Silago_bot_inst_6_1/SILEGO_cell/MTRF_cell/dpu_gen/U_NACU_0/U_divider/division/clk_r_REG116_S1/D
    6:00:25  444084.6    205.83  336517.4     895.0 Silago_top_inst_5_0/SILEGO_cell/MTRF_cell/dpu_gen/U_NACU_0/U_divider/division/clk_r_REG116_S1/D
    6:00:31  444087.6    205.45  335750.4     895.0 Silago_top_inst_1_0/SILEGO_cell/MTRF_cell/dpu_gen/U_NACU_0/U_divider/division/clk_r_REG131_S1/D
    6:00:35  444091.4    205.28  335492.5     895.0 Silago_bot_inst_2_1/SILEGO_cell/MTRF_cell/dpu_gen/U_NACU_0/U_divider/division/clk_r_REG109_S1/D
    6:00:39  444091.5    205.07  335225.8     895.0 Silago_top_inst_6_0/SILEGO_cell/MTRF_cell/dpu_gen/U_NACU_0/U_divider/division/clk_r_REG111_S1/D
    6:00:46  444093.7    204.88  334803.2     895.0 Silago_top_inst_4_0/SILEGO_cell/MTRF_cell/dpu_gen/U_NACU_0/U_divider/division/clk_r_REG112_S1/D
    6:00:51  444095.0    204.60  334590.8     895.0 Silago_bot_l_corner_inst_0_1/SILEGO_cell/MTRF_cell/dpu_gen/U_NACU_0/acc_out_reg[14]/D
    6:00:53  444095.7    204.54  334461.8     895.0 Silago_bot_inst_4_1/SILEGO_cell/MTRF_cell/dpu_gen/U_NACU_0/U_divider/division/clk_r_REG528_S1/D
    6:01:00  444097.6    204.13  333890.2     895.0 Silago_top_inst_5_0/SILEGO_cell/MTRF_cell/dpu_gen/U_NACU_0/U_divider/division/clk_r_REG116_S1/D
    6:01:02  444099.0    204.08  333579.5     895.0 Silago_bot_inst_3_1/SILEGO_cell/MTRF_cell/dpu_gen/U_NACU_0/U_divider/division/clk_r_REG128_S1/D
    6:01:05  444099.8    203.96  333657.4     895.0 Silago_bot_inst_5_1/SILEGO_cell/MTRF_cell/dpu_gen/U_NACU_0/U_divider/division/clk_r_REG126_S1/D
    6:01:09  444105.2    203.70  333355.4     895.0 Silago_bot_inst_4_1/SILEGO_cell/MTRF_cell/dpu_gen/U_NACU_0/U_divider/division/clk_r_REG528_S1/D
    6:01:23  444116.3    203.00  332481.7     895.0 Silago_bot_inst_5_1/SILEGO_cell/MTRF_cell/dpu_gen/U_NACU_0/U_divider/division/clk_r_REG126_S1/D
    6:01:26  444115.7    202.90  332435.8     895.0 Silago_bot_inst_5_1/SILEGO_cell/MTRF_cell/dpu_gen/U_NACU_0/U_divider/division/clk_r_REG126_S1/D
    6:01:27  444117.5    202.84  332181.2     895.0 Silago_top_inst_3_0/SILEGO_cell/MTRF_cell/dpu_gen/U_NACU_0/U_divider/division/clk_r_REG110_S1/D
    6:01:37  444135.4    202.34  329963.4     895.0 Silago_bot_inst_3_1/SILEGO_cell/MTRF_cell/dpu_gen/U_NACU_0/U_divider/division/clk_r_REG128_S1/D
    6:01:46  444139.0    202.02  329509.1     895.0 Silago_bot_inst_5_1/SILEGO_cell/MTRF_cell/dpu_gen/U_NACU_0/U_divider/division/clk_r_REG126_S1/D
    6:01:51  444140.0    201.78  328993.9     895.0 Silago_top_l_corner_inst_0_0/SILEGO_cell/MTRF_cell/dpu_gen/U_NACU_0/U_divider/division/clk_r_REG131_S1/D
    6:01:54  444142.0    201.63  328686.8     895.0 Silago_top_r_corner_inst_7_0/SILEGO_cell/MTRF_cell/dpu_gen/U_NACU_0/U_divider/division/clk_r_REG111_S1/D
    6:01:59  444143.6    201.25  328244.0     895.0 Silago_bot_l_corner_inst_0_1/SILEGO_cell/MTRF_cell/dpu_gen/U_NACU_0/acc_out_reg[14]/D
    6:02:02  444145.7    200.98  327945.5     895.0 Silago_top_inst_1_0/SILEGO_cell/MTRF_cell/dpu_gen/U_NACU_0/acc_out_reg[5]/D
    6:02:06  444148.5    200.74  327683.2     895.0 Silago_top_r_corner_inst_7_0/SILEGO_cell/MTRF_cell/dpu_gen/U_NACU_0/U_divider/division/clk_r_REG111_S1/D
    6:02:09  444152.5    200.52  327347.3     895.0 Silago_top_inst_6_0/SILEGO_cell/MTRF_cell/dpu_gen/U_NACU_0/U_divider/division/clk_r_REG114_S1/D
    6:02:26  444152.0    200.49  327309.1     895.0                          
    6:02:29  444152.7    200.49  327164.7     895.0                          
    6:02:32  444153.1    200.49  327046.0     895.0                          
    6:02:37  444153.8    200.49  326995.6     895.0                          
    6:02:39  444154.3    200.49  326968.8     895.0                          
    6:02:43  444156.1    200.49  326752.2     895.0                          
    6:02:44  444157.6    200.49  326439.2     895.0                          
    6:02:47  444157.6    200.49  326415.2     895.0                          
    6:02:53  444157.9    200.49  326193.8     895.0                          
    6:02:56  444158.7    200.49  326009.3     895.0                          
    6:02:57  444158.9    200.49  325956.8     895.0                          
    6:03:01  444159.5    200.49  325898.5     895.0                          
    6:03:03  444159.4    200.49  325606.2     895.0                          
    6:03:06  444159.7    200.49  325418.5     895.0                          
    6:03:08  444159.3    200.49  325329.5     895.0                          
    6:03:14  444159.7    200.49  325268.2     895.0                          
    6:03:15  444159.3    200.49  325235.2     895.0                          
    6:03:17  444160.0    200.49  325012.0     895.0                          
    6:03:20  444160.5    200.49  324833.7     895.0                          
    6:03:22  444161.1    200.49  324683.8     895.0                          
    6:03:25  444163.5    200.49  324470.4     895.0                          
    6:03:27  444163.9    200.49  324232.6     895.0                          
    6:03:31  444164.8    200.49  324094.1     895.0                          
    6:03:33  444163.7    200.49  323661.7     895.0                          
    6:03:37  444165.6    200.49  323511.1     895.0                          
    6:03:39  444167.5    200.49  323387.1     895.0                          
    6:03:42  444168.5    200.49  323343.3     895.0                          
    6:03:44  444169.7    200.49  323252.5     895.0                          
    6:03:47  444171.4    200.49  323077.2     895.0                          
    6:03:50  444171.8    200.49  322964.7     895.0                          
    6:03:54  444172.0    200.49  322657.1     895.0                          
    6:03:56  444172.9    200.49  322613.0     895.0                          
    6:03:58  444174.0    200.49  322388.1     895.0                          
    6:04:03  444175.1    200.49  322270.2     895.0                          
    6:04:04  444175.5    200.49  322174.8     895.0                          
    6:04:07  444176.4    200.49  321948.3     895.0                          
    6:04:10  444178.3    200.49  321772.1     895.0                          
    6:04:12  444180.4    200.49  321474.1     895.0                          
    6:04:15  444180.6    200.49  321042.8     895.0                          
    6:04:16  444181.0    200.49  320839.4     895.0                          
    6:04:18  444181.4    200.47  320776.7     895.0                          
    6:04:20  444182.1    200.47  320686.5     895.0                          
    6:04:24  444182.8    200.47  320461.0     895.0                          
    6:04:25  444183.5    200.47  320361.6     895.0                          
    6:04:27  444185.4    200.47  320164.5     895.0                          
    6:04:29  444186.7    200.47  319222.2     895.0                          
    6:04:32  444186.8    200.47  318846.9     895.0                          
    6:04:36  444187.5    200.47  318742.6     895.0                          
    6:04:39  444188.7    200.47  318640.4     895.0                          
    6:04:43  444192.3    200.47  318206.2     895.0                          
    6:04:48  444193.0    200.46  318164.9     895.0                          
    6:04:51  444193.1    200.46  317945.6     895.0                          
    6:04:53  444193.7    200.46  317863.3     895.0                          
    6:04:55  444194.6    200.46  317738.4     895.0                          
    6:04:57  444197.6    200.46  317632.3     895.0                          
    6:05:02  444198.0    200.46  317586.3     895.0                          
    6:05:04  444199.7    200.46  317202.1     895.0                          
    6:05:06  444199.8    200.46  317196.0     895.0                          
    6:05:09  444198.8    200.46  317076.6     895.0                          
    6:05:15  444200.0    200.46  316705.2     895.0                          
    6:05:17  444202.2    200.46  316539.3     895.0                          
    6:05:20  444203.3    200.46  316336.6     895.0                          
    6:05:23  444203.6    199.96  316251.2     895.0                          
    6:05:28  444204.0    199.96  316184.7     895.0                          
    6:05:31  444205.5    198.69  316040.8     895.0                          
    6:05:35  444206.5    198.69  315873.8     895.0                          
    6:05:39  444206.9    198.69  315840.2     895.0                          
    6:05:41  444206.9    198.69  315810.7     895.0                          
    6:05:45  444207.4    198.69  315322.5     895.0                          
    6:05:48  444208.6    198.69  315093.6     895.0                          
    6:05:50  444209.5    198.69  314960.4     895.0                          
    6:05:53  444210.4    198.69  314851.9     895.0                          
    6:05:58  444210.3    198.69  314664.6     895.0                          
    6:06:00  444212.1    198.69  314468.4     895.0                          
    6:06:03  444212.1    198.69  314415.6     895.0                          
    6:06:08  444212.5    198.68  314376.7     895.0                          
    6:06:10  444214.4    198.52  314209.0     895.0                          
    6:06:12  444215.4    198.52  313905.0     895.0                          
    6:06:17  444216.0    198.52  313716.1     895.0                          
    6:06:20  444215.6    198.52  313675.1     895.0                          
    6:06:25  444216.5    198.52  313563.6     895.0                          
    6:06:34  444217.3    198.52  313364.2     895.0                          
    6:06:37  444217.5    198.52  313135.0     895.0                          
    6:06:39  444217.9    198.52  313044.9     895.0                          
    6:06:42  444218.3    198.52  312844.3     895.0                          
    6:06:43  444218.3    198.52  312818.7     895.0                          
    6:06:45  444219.6    198.52  312669.1     895.0                          
    6:06:49  444220.1    198.52  312643.6     895.0                          
    6:06:50  444220.4    198.52  312430.0     895.0                          
    6:06:52  444223.4    198.52  311980.4     895.0                          
    6:06:57  444226.0    198.52  311623.3     895.0                          
    6:07:00  444229.4    198.52  310986.8     895.0                          
    6:07:02  444229.5    198.52  310863.6     895.0                          
    6:07:05  444229.7    198.52  310501.4     895.0                          
    6:07:08  444230.1    198.41  310062.7     895.0                          
    6:07:10  444231.3    198.41  309893.4     895.0                          
    6:07:13  444232.0    196.21  309412.6     895.0                          
    6:07:17  444232.6    196.21  309384.0     895.0                          
    6:07:23  444232.5    196.21  309317.1     895.0                          
    6:07:27  444233.8    196.21  309166.0     895.0                          
    6:07:29  444234.6    196.21  309024.7     895.0                          
    6:07:31  444235.4    196.21  308815.1     895.0                          
    6:07:33  444237.0    196.11  308372.9     895.0                          
    6:07:34  444237.2    196.08  308307.7     895.0                          
    6:07:37  444237.3    194.33  307591.0     895.0                          
    6:07:40  444239.8    194.33  307499.2     895.0                          
    6:07:43  444240.2    194.33  307307.7     895.0                          
    6:07:47  444240.0    194.33  307179.8     895.0                          
    6:07:49  444241.3    194.33  306921.2     895.0                          
    6:07:52  444242.5    194.33  306717.6     895.0                          
    6:07:53  444243.9    194.33  306202.6     895.0                          
    6:07:56  444245.8    194.33  306044.9     895.0                          
    6:07:57  444247.1    194.33  305868.2     895.0                          
    6:07:59  444247.5    194.33  305648.4     895.0                          
    6:08:00  444248.1    194.33  305441.6     895.0                          
    6:08:03  444249.9    194.33  305187.0     895.0                          
    6:08:05  444250.9    193.71  304983.5     895.0                          
    6:08:08  444256.9    193.71  304923.0     895.0                          
    6:08:10  444257.8    193.71  304844.5     895.0                          
    6:08:12  444258.5    193.71  304725.3     895.0                          
    6:08:15  444260.8    193.71  304463.7     895.0                          
    6:08:18  444260.6    193.71  304411.6     895.0                          
    6:08:25  444261.6    193.71  304221.9     895.0                          
    6:08:31  444262.2    193.33  304021.6     895.0                          
    6:08:33  444263.0    193.33  303965.8     895.0                          
    6:08:37  444263.6    193.33  303891.9     895.0                          
    6:08:38  444263.8    193.33  303742.5     895.0                          
    6:08:41  444266.4    192.77  303334.9     895.0                          
    6:08:44  444266.3    192.77  303100.3     895.0                          
    6:08:46  444267.4    192.77  302966.8     895.0                          
    6:08:48  444268.8    192.77  302870.6     895.0                          
    6:08:50  444269.0    192.77  302845.6     895.0                          
    6:08:54  444269.8    192.77  302649.6     895.0                          
    6:08:57  444274.2    192.53  302250.9     895.0                          
    6:09:01  444275.9    192.22  302159.2     895.0                          
    6:09:03  444276.3    192.22  301898.9     895.0                          
    6:09:05  444275.2    192.22  301382.8     895.0                          
    6:09:07  444276.6    192.04  301330.0     895.0                          
    6:09:09  444279.2    192.04  301113.8     895.0                          
    6:09:10  444279.7    191.77  300913.4     895.0                          
    6:09:12  444280.7    191.77  300745.3     895.0                          
    6:09:14  444281.0    191.77  300647.0     895.0                          
    6:09:17  444282.0    191.19  300596.2     895.0                          
    6:09:21  444284.1    191.19  300441.1     895.0                          
    6:09:23  444284.5    191.19  300298.8     895.0                          
    6:09:26  444284.8    191.19  300136.1     895.0                          
    6:09:29  444285.3    191.19  299985.2     895.0                          
    6:09:32  444285.5    191.19  299856.2     895.0                          
    6:09:34  444286.2    191.19  299827.9     895.0                          
    6:09:38  444287.6    190.84  299751.8     895.0                          
    6:09:41  444288.3    190.84  299436.8     895.0                          
    6:09:46  444292.5    190.84  299015.3     895.0                          
    6:09:48  444292.5    190.84  298936.9     895.0                          
    6:09:50  444293.3    190.66  298860.2     895.0                          
    6:09:52  444293.1    190.66  298583.6     895.0                          
    6:09:54  444294.1    190.56  298653.0     895.0                          
    6:09:55  444295.5    190.56  298564.9     895.0                          
    6:09:57  444295.5    190.56  298560.4     895.0                          
    6:10:01  444295.5    190.38  298430.5     895.0                          
    6:10:03  444295.1    190.05  298218.3     895.0                          
    6:10:11  444296.2    190.05  298156.8     895.0                          
    6:10:15  444296.3    189.86  298674.8     895.0                          
    6:10:17  444296.5    189.86  298288.9     895.0                          
    6:10:19  444296.6    189.86  297946.5     895.0                          
    6:10:25  444297.1    189.86  297751.6     895.0                          
    6:10:28  444297.5    189.86  297615.2     895.0                          
    6:10:29  444298.2    189.68  297281.2     895.0                          
    6:10:32  444301.6    188.77  296926.5     895.0                          
    6:10:34  444301.4    188.77  296914.8     895.0                          
    6:10:37  444302.5    188.77  296722.5     895.0                          
    6:10:39  444303.0    188.77  296473.6     895.0                          
    6:10:39  444304.0    188.77  296317.4     895.0                          
    6:10:42  444304.8    188.77  296201.7     895.0                          
    6:10:45  444306.7    188.77  295986.5     895.0                          
    6:10:47  444307.4    188.77  295894.7     895.0                          
    6:10:50  444307.8    188.77  295575.5     895.0                          
    6:10:53  444311.4    188.29  295452.7     895.0                          
    6:10:56  444314.2    188.29  294911.9     895.0                          
    6:10:59  444314.7    187.91  294745.4     895.0                          
    6:11:03  444315.0    187.91  294691.3     895.0                          
    6:11:08  444316.3    187.91  294259.8     895.0                          
    6:11:16  444317.1    187.62  293802.3     895.0                          
    6:11:22  444317.5    187.62  293728.8     895.0                          
    6:11:26  444320.2    187.45  293427.4     895.0                          
    6:11:27  444319.9    187.45  293145.4     895.0                          
    6:11:30  444322.9    187.45  293050.2     895.0                          
    6:11:32  444324.9    187.45  292641.5     895.0                          
    6:11:35  444324.7    187.45  292384.3     895.0                          
    6:11:40  444326.1    187.45  292220.8     895.0                          
    6:11:44  444326.8    187.45  292090.8     895.0                          
    6:11:47  444327.2    187.45  292035.5     895.0                          
    6:11:49  444327.8    187.43  291974.5     895.0                          
    6:11:51  444328.7    187.43  291886.1     895.0                          
    6:11:53  444328.9    187.43  291733.4     895.0                          
    6:12:00  444328.9    187.43  291697.8     895.0                          
    6:12:02  444330.2    187.43  291584.3     895.0                          
    6:12:03  444330.4    187.43  291535.6     895.0                          
    6:12:06  444330.8    187.43  291457.1     895.0                          
    6:12:07  444331.2    187.43  291352.9     895.0                          
    6:12:10  444335.5    187.43  291155.8     895.0                          
    6:12:17  444335.6    187.43  291064.5     895.0                          
    6:12:23  444335.5    187.43  290906.8     895.0                          
    6:12:26  444337.9    187.43  290752.2     895.0                          
    6:12:29  444338.1    187.43  290672.0     895.0                          
    6:12:33  444338.5    187.43  290597.2     895.0                          
    6:12:34  444339.4    187.43  290509.3     895.0                          
    6:12:36  444340.2    187.43  290462.2     895.0                          
    6:12:38  444340.5    187.43  290299.8     895.0                          
    6:12:44  444344.2    187.43  289923.5     895.0                          
    6:12:45  444345.8    187.43  289769.5     895.0                          
    6:12:47  444346.8    187.43  289566.2     895.0                          
    6:12:49  444346.6    187.43  289544.6     895.0                          
    6:12:51  444347.5    187.43  289454.2     895.0                          
    6:12:57  444348.2    187.43  289269.0     895.0                          
    6:13:06  444349.6    187.43  289087.2     895.0                          
    6:13:07  444349.6    187.43  289077.8     895.0                          
    6:13:09  444349.9    187.43  289012.6     895.0                          
    6:13:11  444350.4    187.43  288965.3     895.0                          
    6:13:13  444350.8    187.43  288794.2     895.0                          
    6:13:19  444351.3    187.43  288595.6     895.0                          
    6:13:21  444351.6    187.43  288548.4     895.0                          
    6:13:22  444352.0    187.43  288453.2     895.0                          
    6:13:24  444355.6    187.43  288250.9     895.0                          
    6:13:26  444355.2    187.43  288110.8     895.0                          
    6:13:29  444353.6    187.43  288023.7     895.0                          
    6:13:31  444354.3    187.43  287932.7     895.0                          
    6:13:35  444354.3    187.43  287902.7     895.0                          
    6:13:38  444358.6    187.43  287650.3     895.0                          
    6:13:40  444362.7    187.43  287466.0     895.0                          
    6:13:42  444362.9    187.43  287036.7     895.0                          
    6:13:45  444363.7    187.43  286847.1     895.0                          
    6:13:48  444365.9    187.43  286665.6     895.0                          
    6:13:53  444366.5    187.43  286544.1     895.0                          
    6:13:55  444367.1    187.43  286482.0     895.0                          
    6:13:57  444366.7    187.43  286046.3     895.0                          
    6:13:58  444367.1    187.43  285892.2     895.0                          
    6:14:01  444368.1    187.43  285796.6     895.0                          
    6:14:04  444370.3    187.43  285675.8     895.0                          
    6:14:05  444370.2    187.43  285629.8     895.0                          
    6:14:06  444371.5    187.43  285566.5     895.0                          
    6:14:08  444372.8    187.43  285522.7     895.0                          
    6:14:12  444374.3    187.43  285163.9     895.0                          
    6:14:16  444374.1    187.43  285048.4     895.0                          
    6:14:18  444374.3    187.43  284889.9     895.0                          
    6:14:21  444376.4    187.43  284635.8     895.0                          
    6:14:22  444377.9    187.43  284505.8     895.0                          
    6:14:24  444379.5    187.43  284328.8     895.0                          
    6:14:27  444382.2    187.43  284220.2     895.0                          
    6:14:28  444382.5    187.43  284205.0     895.0                          
    6:14:31  444383.6    187.43  284067.1     895.0                          
    6:14:35  444384.4    187.43  283971.9     895.0                          
    6:14:37  444386.1    187.29  284110.4     895.0                          
    6:14:40  444393.2    187.29  283743.0     895.0                          
    6:14:41  444393.6    187.29  283624.6     895.0                          
    6:14:42  444394.6    187.29  283491.8     895.0                          
    6:14:47  444400.1    187.29  283197.1     895.0                          
    6:14:48  444402.7    187.29  283039.9     895.0                          
    6:14:51  444403.8    187.29  282875.2     895.0                          
    6:14:57  444404.7    187.29  282360.8     895.0                          
    6:15:00  444406.9    187.29  282275.3     895.0                          
    6:15:03  444408.7    187.29  282164.3     895.0                          
    6:15:04  444410.5    187.29  282130.0     895.0                          
    6:15:05  444412.1    187.29  282072.1     895.0                          
    6:15:09  444416.2    187.29  281740.2     895.0                          
    6:15:11  444422.8    187.29  281614.5     895.0                          
    6:15:13  444424.8    187.29  281359.3     895.0                          
    6:15:15  444426.1    187.29  281221.1     895.0                          
    6:15:17  444426.5    187.29  281097.2     895.0                          
    6:15:19  444430.0    187.29  280603.5     895.0                          
    6:15:21  444431.7    187.29  280295.5     895.0                          
    6:15:26  444431.2    187.04  280787.1     895.0                          
    6:15:27  444431.6    187.04  280476.7     895.0                          
    6:15:31  444436.0    187.04  280231.5     895.0                          
    6:15:32  444438.0    187.04  280214.6     895.0                          
    6:15:33  444438.0    187.04  280074.4     895.0                          
    6:15:36  444438.6    187.04  279881.9     895.0                          
    6:15:37  444439.2    187.04  279903.6     895.0                          
    6:15:38  444439.4    187.04  279816.8     895.0                          
    6:15:42  444438.8    187.04  279706.6     895.0                          
    6:15:43  444438.8    187.04  279653.1     895.0                          
    6:15:45  444439.8    187.04  279658.4     895.0                          
    6:15:46  444439.3    187.04  279624.6     895.0                          
    6:15:46  444439.2    187.04  279589.4     895.0                          
    6:15:50  444442.4    187.04  279369.7     895.0                          
    6:15:54  444442.0    187.04  279363.4     895.0                          
    6:15:55  444444.7    187.04  279163.3     895.0                          
    6:15:56  444446.3    187.04  278699.3     895.0                          
    6:15:57  444447.3    187.04  278157.8     895.0                          
    6:15:59  444447.5    187.04  277994.5     895.0                          
    6:16:00  444448.6    187.04  277943.5     895.0                          
    6:16:01  444449.6    187.04  277900.6     895.0                          
    6:16:02  444449.2    187.04  277696.8     895.0                          
    6:16:03  444449.9    187.04  277617.8     895.0                          
    6:16:05  444451.1    187.04  277305.1     895.0                          
    6:16:06  444452.7    187.04  276977.4     895.0                          
    6:16:06  444453.3    187.04  276966.5     895.0                          
    6:16:08  444454.4    187.04  276798.2     895.0                          
    6:16:08  444457.3    187.04  276620.5     895.0                          
    6:16:10  444458.1    187.04  276542.3     895.0                          
    6:16:12  444461.3    187.04  276172.2     895.0                          
    6:16:13  444461.7    187.04  276159.2     895.0                          
    6:16:13  444463.1    187.04  276107.2     895.0                          
    6:16:14  444463.7    187.04  275905.1     895.0                          
    6:16:15  444463.5    187.04  275868.4     895.0                          
    6:16:16  444465.2    187.04  275709.9     895.0                          
    6:16:17  444466.0    187.04  275648.4     895.0                          
    6:16:18  444468.8    187.04  275583.2     895.0                          
    6:16:19  444469.1    187.04  275575.2     895.0                          
    6:16:24  444472.4    187.04  275317.6     895.0                          
    6:16:25  444476.4    187.04  274695.8     895.0                          
    6:16:27  444477.0    187.04  274600.8     895.0                          
    6:16:28  444477.1    187.04  274324.9     895.0                          
    6:16:29  444479.1    187.04  273920.2     895.0                          
    6:16:30  444480.1    187.04  273712.4     895.0                          
    6:16:31  444482.5    187.04  273383.9     895.0                          
    6:16:32  444487.2    187.04  272940.1     895.0                          
    6:16:33  444488.9    187.04  272588.7     895.0                          
    6:16:33  444489.6    187.04  272521.4     895.0                          
    6:16:34  444490.3    187.04  272102.9     895.0                          
    6:16:36  444494.9    187.04  271679.9     895.0                          
    6:16:36  444496.4    187.04  271469.8     895.0                          
    6:16:37  444497.9    187.04  271388.4     895.0                          
    6:16:38  444500.3    187.04  271259.1     895.0                          
    6:16:39  444501.0    187.04  271137.6     895.0                          
    6:16:40  444502.9    187.04  270998.8     895.0                          
    6:16:41  444503.7    187.04  270950.1     895.0                          
    6:16:43  444504.9    187.04  270722.2     895.0                          
    6:16:44  444506.6    187.04  270667.8     895.0                          
    6:16:45  444509.9    187.04  270618.4     895.0                          
    6:16:45  444510.5    187.04  270569.8     895.0                          
    6:16:47  444510.4    187.04  270432.1     895.0                          
    6:16:49  444514.4    187.04  270095.9     895.0                          
    6:16:51  444519.2    187.04  269613.2     895.0                          
    6:16:53  444522.4    187.04  269396.5     895.0                          
    6:16:55  444525.7    187.04  269049.9     895.0                          
    6:16:56  444525.5    187.04  268946.8     895.0                          
    6:16:57  444526.9    187.04  268822.8     895.0                          
    6:16:58  444527.7    187.04  268702.0     895.0                          
    6:17:00  444528.7    187.04  268062.7     895.0                          
    6:17:02  444530.1    187.04  267635.5     895.0                          
    6:17:03  444532.7    187.04  267393.4     895.0                          
    6:17:04  444536.3    187.04  266823.6     895.0                          
    6:17:06  444538.1    187.04  266621.4     895.0                          
    6:17:11  444540.7    187.04  266384.2     895.0                          
    6:17:15  444542.7    186.40  265794.5     895.0 Silago_top_inst_5_0/SILEGO_cell/MTRF_cell/dpu_gen/U_NACU_0/U_divider/division/clk_r_REG122_S1/D
    6:17:21  444546.1    182.68  265439.0     895.0 Silago_top_inst_4_0/SILEGO_cell/MTRF_cell/dpu_gen/U_NACU_0/U_divider/division/clk_r_REG112_S1/D
    6:17:27  444549.2    181.06  265397.7     895.0 Silago_top_inst_5_0/SILEGO_cell/MTRF_cell/dpu_gen/U_NACU_0/U_divider/division/clk_r_REG117_S1/D
    6:17:28  444549.2    180.71  265350.2     895.0 Silago_top_inst_4_0/SILEGO_cell/MTRF_cell/dpu_gen/U_NACU_0/U_divider/division/clk_r_REG112_S1/D
    6:17:32  444549.2    180.21  265251.0     895.0 Silago_top_inst_5_0/SILEGO_cell/MTRF_cell/dpu_gen/U_NACU_0/U_divider/division/clk_r_REG117_S1/D
    6:17:36  444551.6    179.35  265037.9     895.0 Silago_top_inst_5_0/SILEGO_cell/MTRF_cell/dpu_gen/U_NACU_0/U_divider/division/clk_r_REG117_S1/D
    6:17:44  444555.5    178.28  264245.8     895.0 Silago_top_inst_5_0/SILEGO_cell/MTRF_cell/dpu_gen/U_NACU_0/U_divider/division/clk_r_REG117_S1/D
    6:17:50  444556.7    177.44  264133.3     895.0 Silago_top_r_corner_inst_7_0/SILEGO_cell/MTRF_cell/dpu_gen/U_NACU_0/U_divider/division/clk_r_REG108_S1/D
    6:17:56  444561.8    176.49  265583.3     895.0 Silago_top_r_corner_inst_7_0/SILEGO_cell/MTRF_cell/dpu_gen/U_NACU_0/U_divider/division/clk_r_REG108_S1/D
    6:18:01  444564.1    175.75  265372.0     895.0 Silago_top_inst_5_0/SILEGO_cell/MTRF_cell/dpu_gen/U_NACU_0/U_divider/division/clk_r_REG117_S1/D
    6:18:05  444566.8    175.43  265211.3     895.0 Silago_top_inst_6_0/SILEGO_cell/MTRF_cell/dpu_gen/U_NACU_0/U_divider/division/clk_r_REG119_S1/D
    6:18:11  444571.5    175.13  264948.8     895.0 Silago_bot_inst_6_1/SILEGO_cell/MTRF_cell/dpu_gen/U_NACU_0/U_divider/division/clk_r_REG116_S1/D
    6:18:16  444572.2    174.37  264737.0     895.0 Silago_top_inst_5_0/SILEGO_cell/MTRF_cell/dpu_gen/U_NACU_0/U_divider/division/clk_r_REG116_S1/D
    6:18:17  444572.9    174.34  264709.9     895.0 Silago_top_r_corner_inst_7_0/SILEGO_cell/MTRF_cell/dpu_gen/U_NACU_0/U_divider/division/clk_r_REG108_S1/D
    6:18:20  444572.7    174.28  264611.8     895.0 Silago_top_l_corner_inst_0_0/SILEGO_cell/MTRF_cell/dpu_gen/U_NACU_0/U_divider/division/clk_r_REG528_S1/D
    6:18:27  444580.7    173.57  264379.1     895.0 Silago_top_r_corner_inst_7_0/SILEGO_cell/MTRF_cell/dpu_gen/U_NACU_0/U_divider/division/clk_r_REG108_S1/D
    6:18:34  444588.4    172.84  263556.5     895.0 Silago_top_r_corner_inst_7_0/SILEGO_cell/MTRF_cell/dpu_gen/U_NACU_0/U_divider/division/clk_r_REG108_S1/D
    6:18:42  444592.1    172.58  263386.8     895.0 Silago_top_inst_1_0/SILEGO_cell/MTRF_cell/dpu_gen/U_NACU_0/acc_out_reg[30]/D
    6:18:45  444594.8    172.46  263231.4     895.0 Silago_top_l_corner_inst_0_0/SILEGO_cell/MTRF_cell/dpu_gen/U_NACU_0/U_divider/division/clk_r_REG528_S1/D
    6:18:49  444597.8    172.16  262666.0     895.0 Silago_bot_inst_4_1/SILEGO_cell/MTRF_cell/dpu_gen/U_NACU_0/U_divider/division/clk_r_REG528_S1/D
    6:18:55  444601.0    171.76  262437.2     895.0 Silago_bot_inst_6_1/SILEGO_cell/MTRF_cell/dpu_gen/U_NACU_0/U_divider/division/clk_r_REG116_S1/D
    6:19:00  444603.8    171.29  262120.0     895.0 Silago_top_inst_3_0/SILEGO_cell/MTRF_cell/dpu_gen/U_NACU_0/U_divider/division/clk_r_REG110_S1/D
    6:19:05  444607.0    170.92  261777.7     895.0 Silago_top_inst_5_0/SILEGO_cell/MTRF_cell/dpu_gen/U_NACU_0/U_divider/division/clk_r_REG117_S1/D
    6:19:13  444608.6    170.78  261764.5     895.0 Silago_bot_inst_1_1/SILEGO_cell/MTRF_cell/dpu_gen/U_NACU_0/U_divider/division/clk_r_REG116_S1/D
    6:19:17  444608.2    170.75  261658.9     895.0 Silago_top_inst_5_0/SILEGO_cell/MTRF_cell/dpu_gen/U_NACU_0/U_divider/division/clk_r_REG117_S1/D
    6:19:20  444607.5    170.56  261612.4     895.0 Silago_bot_inst_6_1/SILEGO_cell/MTRF_cell/dpu_gen/U_NACU_0/U_divider/division/clk_r_REG116_S1/D
    6:19:22  444609.0    170.42  261467.2     895.0 Silago_bot_inst_1_1/SILEGO_cell/MTRF_cell/dpu_gen/U_NACU_0/U_divider/division/clk_r_REG116_S1/D
    6:19:28  444611.4    170.08  261005.4     895.0 Silago_top_inst_5_0/SILEGO_cell/MTRF_cell/dpu_gen/U_NACU_0/U_divider/division/clk_r_REG117_S1/D
    6:19:34  444614.6    169.64  260803.3     895.0 Silago_bot_inst_4_1/SILEGO_cell/MTRF_cell/dpu_gen/U_NACU_0/U_divider/division/clk_r_REG528_S1/D
    6:19:36  444615.9    169.53  260764.1     895.0 Silago_bot_inst_6_1/SILEGO_cell/MTRF_cell/dpu_gen/U_NACU_0/U_divider/division/clk_r_REG116_S1/D
    6:19:39  444618.2    169.32  260655.8     895.0 Silago_bot_inst_4_1/SILEGO_cell/MTRF_cell/dpu_gen/U_NACU_0/U_divider/division/clk_r_REG528_S1/D
    6:19:41  444619.3    169.26  260506.8     895.0 Silago_top_inst_3_0/SILEGO_cell/MTRF_cell/dpu_gen/U_NACU_0/U_divider/division/clk_r_REG110_S1/D
    6:19:45  444619.7    168.97  260329.4     895.0 Silago_bot_l_corner_inst_0_1/SILEGO_cell/MTRF_cell/dpu_gen/U_NACU_0/U_divider/division/clk_r_REG116_S1/D
    6:19:49  444624.0    168.60  260220.5     895.0 Silago_top_l_corner_inst_0_0/SILEGO_cell/MTRF_cell/dpu_gen/U_NACU_0/U_divider/division/clk_r_REG528_S1/D
    6:19:58  444627.9    168.11  259840.2     895.0 Silago_top_l_corner_inst_0_0/SILEGO_cell/MTRF_cell/dpu_gen/U_NACU_0/U_divider/division/clk_r_REG528_S1/D
    6:20:02  444629.3    167.91  259653.3     895.0 Silago_bot_inst_1_1/SILEGO_cell/MTRF_cell/dpu_gen/U_NACU_0/U_divider/division/clk_r_REG116_S1/D
    6:20:07  444630.7    167.64  259301.2     895.0 Silago_top_inst_4_0/SILEGO_cell/MTRF_cell/dpu_gen/U_NACU_0/U_divider/division/clk_r_REG112_S1/D
    6:20:10  444634.4    167.55  259052.4     895.0 Silago_top_l_corner_inst_0_0/SILEGO_cell/MTRF_cell/dpu_gen/U_NACU_0/U_divider/division/clk_r_REG528_S1/D
    6:20:18  444637.0    167.11  258396.4     895.0 Silago_top_r_corner_inst_7_0/SILEGO_cell/MTRF_cell/dpu_gen/U_NACU_0/U_divider/division/clk_r_REG116_S1/D
    6:20:22  444637.2    167.03  258503.2     895.0 Silago_bot_inst_6_1/SILEGO_cell/MTRF_cell/dpu_gen/U_NACU_0/U_divider/division/clk_r_REG116_S1/D
    6:20:24  444636.4    166.96  258522.6     895.0 Silago_bot_inst_1_1/SILEGO_cell/MTRF_cell/dpu_gen/U_NACU_0/U_divider/division/clk_r_REG116_S1/D
    6:20:31  444644.8    166.48  258223.3     895.0 Silago_top_l_corner_inst_0_0/SILEGO_cell/MTRF_cell/dpu_gen/U_NACU_0/U_divider/division/clk_r_REG528_S1/D
    6:20:36  444647.8    166.12  257872.2     895.0 Silago_bot_inst_4_1/SILEGO_cell/MTRF_cell/dpu_gen/U_NACU_0/U_divider/division/clk_r_REG528_S1/D
    6:20:38  444649.0    165.93  257709.3     895.0 Silago_top_inst_4_0/SILEGO_cell/MTRF_cell/dpu_gen/U_NACU_0/U_divider/division/clk_r_REG112_S1/D
    6:20:44  444651.1    165.68  257501.5     895.0 Silago_bot_inst_6_1/SILEGO_cell/MTRF_cell/dpu_gen/U_NACU_0/U_divider/division/clk_r_REG116_S1/D
    6:20:50  444651.3    165.57  257337.7     895.0 Silago_bot_inst_4_1/SILEGO_cell/MTRF_cell/dpu_gen/U_NACU_0/U_divider/division/clk_r_REG528_S1/D
    6:20:55  444656.3    165.45  257223.0     895.0 Silago_top_r_corner_inst_7_0/SILEGO_cell/MTRF_cell/dpu_gen/U_NACU_0/U_divider/division/clk_r_REG116_S1/D
    6:20:58  444657.6    165.27  257041.3     895.0 Silago_bot_inst_4_1/SILEGO_cell/MTRF_cell/dpu_gen/U_NACU_0/U_divider/division/clk_r_REG528_S1/D
    6:21:03  444657.2    164.97  256869.8     895.0 Silago_top_inst_6_0/SILEGO_cell/MTRF_cell/dpu_gen/U_NACU_0/acc_out_reg[8]/D
    6:21:07  444659.8    164.85  256622.5     895.0 Silago_bot_inst_3_1/SILEGO_cell/MTRF_cell/dpu_gen/U_NACU_0/U_divider/division/clk_r_REG108_S1/D
    6:21:15  444662.4    164.39  256138.6     895.0 Silago_bot_l_corner_inst_0_1/SILEGO_cell/MTRF_cell/dpu_gen/U_NACU_0/U_divider/division/clk_r_REG528_S1/D
    6:21:17  444663.3    164.31  256016.6     895.0 Silago_top_inst_6_0/SILEGO_cell/MTRF_cell/dpu_gen/U_NACU_0/acc_out_reg[9]/D
    6:21:20  444663.3    164.21  255798.6     895.0 Silago_bot_inst_6_1/SILEGO_cell/MTRF_cell/dpu_gen/U_NACU_0/U_divider/division/clk_r_REG116_S1/D
    6:21:21  444662.3    164.13  255828.2     895.0 Silago_bot_inst_6_1/SILEGO_cell/MTRF_cell/dpu_gen/U_NACU_0/U_divider/division/clk_r_REG116_S1/D
    6:21:26  444669.3    163.95  255545.7     895.0 Silago_bot_inst_3_1/SILEGO_cell/MTRF_cell/dpu_gen/U_NACU_0/U_divider/division/clk_r_REG112_S1/D
    6:21:33  444670.5    163.69  255206.8     895.0 Silago_bot_inst_1_1/SILEGO_cell/MTRF_cell/dpu_gen/U_NACU_0/U_divider/division/clk_r_REG116_S1/D
    6:21:37  444671.9    163.55  254961.3     895.0 Silago_top_r_corner_inst_7_0/SILEGO_cell/MTRF_cell/dpu_gen/U_NACU_0/U_divider/division/clk_r_REG116_S1/D
    6:21:44  444677.1    163.09  254354.5     895.0 Silago_top_r_corner_inst_7_0/SILEGO_cell/MTRF_cell/dpu_gen/U_NACU_0/U_divider/division/clk_r_REG111_S1/D
    6:21:48  444677.4    162.94  254302.4     895.0 Silago_top_inst_5_0/SILEGO_cell/MTRF_cell/dpu_gen/U_NACU_0/U_divider/division/clk_r_REG116_S1/D
    6:21:53  444680.0    162.84  253995.8     895.0 Silago_top_inst_6_0/SILEGO_cell/MTRF_cell/dpu_gen/U_NACU_0/acc_out_reg[9]/D
    6:21:55  444681.0    162.71  253650.7     895.0 Silago_top_r_corner_inst_7_0/SILEGO_cell/MTRF_cell/dpu_gen/U_NACU_0/U_divider/division/clk_r_REG111_S1/D
    6:21:57  444683.3    162.58  253509.2     895.0 Silago_bot_inst_1_1/SILEGO_cell/MTRF_cell/dpu_gen/U_NACU_0/U_divider/division/clk_r_REG116_S1/D
    6:22:00  444684.0    162.44  253463.4     895.0 Silago_bot_inst_4_1/SILEGO_cell/MTRF_cell/dpu_gen/U_NACU_0/U_divider/division/clk_r_REG528_S1/D
    6:22:01  444685.6    162.25  253353.0     895.0 Silago_bot_inst_5_1/SILEGO_cell/MTRF_cell/dpu_gen/U_NACU_0/U_divider/division/clk_r_REG126_S1/D
    6:22:05  444686.2    162.10  253251.9     895.0 Silago_bot_inst_4_1/SILEGO_cell/MTRF_cell/dpu_gen/U_NACU_0/U_divider/division/clk_r_REG528_S1/D
    6:22:10  444688.4    161.96  252997.7     895.0 Silago_top_inst_5_0/SILEGO_cell/MTRF_cell/dpu_gen/U_NACU_0/U_divider/division/clk_r_REG116_S1/D
    6:22:11  444688.8    161.80  252897.8     895.0 Silago_top_inst_3_0/SILEGO_cell/MTRF_cell/dpu_gen/U_NACU_0/U_divider/division/clk_r_REG110_S1/D
    6:22:17  444692.2    161.59  252627.9     895.0 Silago_top_r_corner_inst_7_0/SILEGO_cell/MTRF_cell/dpu_gen/U_NACU_0/U_divider/division/clk_r_REG111_S1/D
    6:22:23  444700.3    161.31  252154.1     895.0 Silago_bot_inst_1_1/SILEGO_cell/MTRF_cell/dpu_gen/U_NACU_0/U_divider/division/clk_r_REG116_S1/D
    6:22:30  444701.6    161.10  251850.3     895.0 Silago_top_inst_5_0/SILEGO_cell/MTRF_cell/dpu_gen/U_NACU_0/U_divider/division/clk_r_REG116_S1/D
    6:22:33  444700.2    160.94  251915.4     895.0 Silago_bot_inst_1_1/SILEGO_cell/MTRF_cell/dpu_gen/U_NACU_0/U_divider/division/clk_r_REG116_S1/D
    6:22:41  444707.1    160.54  251338.9     895.0 Silago_top_inst_6_0/SILEGO_cell/MTRF_cell/dpu_gen/U_NACU_0/acc_out_reg[9]/D
    6:22:44  444709.7    160.33  251171.6     895.0 Silago_top_inst_2_0/SILEGO_cell/MTRF_cell/dpu_gen/U_NACU_0/U_divider/division/clk_r_REG116_S1/D
    6:22:46  444710.7    160.26  251037.5     895.0 Silago_top_r_corner_inst_7_0/SILEGO_cell/MTRF_cell/dpu_gen/U_NACU_0/U_divider/division/clk_r_REG111_S1/D
    6:22:49  444711.0    160.26  251001.5     895.0 Silago_top_r_corner_inst_7_0/SILEGO_cell/MTRF_cell/dpu_gen/U_NACU_0/U_divider/division/clk_r_REG111_S1/D
    6:22:54  444711.8    160.10  250690.2     895.0 Silago_bot_inst_6_1/SILEGO_cell/MTRF_cell/dpu_gen/U_NACU_0/U_divider/division/clk_r_REG116_S1/D
    6:22:56  444712.9    160.02  250645.3     895.0 Silago_top_inst_5_0/SILEGO_cell/MTRF_cell/dpu_gen/U_NACU_0/U_divider/division/clk_r_REG116_S1/D
    6:23:04  444712.8    159.75  250251.7     895.0 Silago_bot_inst_1_1/SILEGO_cell/MTRF_cell/dpu_gen/U_NACU_0/U_divider/division/clk_r_REG116_S1/D
    6:23:08  444712.5    159.66  250128.4     895.0 Silago_top_r_corner_inst_7_0/SILEGO_cell/MTRF_cell/dpu_gen/U_NACU_0/U_divider/division/clk_r_REG111_S1/D
    6:23:14  444713.4    159.56  249921.1     895.0 Silago_bot_inst_5_1/SILEGO_cell/MTRF_cell/dpu_gen/U_NACU_0/U_divider/division/clk_r_REG128_S1/D
    6:23:18  444715.4    159.41  249806.8     895.0 Silago_top_inst_6_0/SILEGO_cell/MTRF_cell/dpu_gen/U_NACU_0/U_divider/division/clk_r_REG114_S1/D
    6:23:21  444716.2    159.23  249707.8     895.0 Silago_bot_inst_5_1/SILEGO_cell/MTRF_cell/dpu_gen/U_NACU_0/U_divider/division/clk_r_REG126_S1/D
    6:23:25  444718.7    159.16  249524.8     895.0 Silago_top_inst_1_0/SILEGO_cell/MTRF_cell/dpu_gen/U_NACU_0/U_divider/division/clk_r_REG131_S1/D
    6:23:28  444718.4    159.04  249322.8     895.0 Silago_top_l_corner_inst_0_0/SILEGO_cell/MTRF_cell/dpu_gen/U_NACU_0/U_divider/division/clk_r_REG528_S1/D
    6:23:29  444718.8    158.91  249233.2     895.0 Silago_bot_l_corner_inst_0_1/SILEGO_cell/MTRF_cell/dpu_gen/U_NACU_0/U_divider/division/clk_r_REG116_S1/D
    6:23:33  444720.0    158.80  249032.4     895.0 Silago_bot_inst_1_1/SILEGO_cell/MTRF_cell/dpu_gen/U_NACU_0/U_divider/division/clk_r_REG116_S1/D
    6:23:37  444723.7    158.66  248978.5     895.0 Silago_bot_inst_6_1/SILEGO_cell/MTRF_cell/dpu_gen/U_NACU_0/U_divider/division/clk_r_REG116_S1/D
    6:23:43  444730.6    158.37  248424.6     895.0 Silago_top_inst_1_0/SILEGO_cell/MTRF_cell/dpu_gen/U_NACU_0/U_divider/division/clk_r_REG131_S1/D
    6:23:48  444733.6    158.10  248144.9     895.0 Silago_top_r_corner_inst_7_0/SILEGO_cell/MTRF_cell/dpu_gen/U_NACU_0/U_divider/division/clk_r_REG111_S1/D
    6:23:51  444736.7    157.98  247842.2     895.0 Silago_bot_inst_1_1/SILEGO_cell/MTRF_cell/dpu_gen/U_NACU_0/U_divider/division/clk_r_REG116_S1/D
    6:23:54  444740.7    157.78  247556.4     895.0 Silago_top_r_corner_inst_7_0/SILEGO_cell/MTRF_cell/dpu_gen/U_NACU_0/U_divider/division/clk_r_REG111_S1/D
    6:23:58  444742.4    157.57  247257.3     895.0 Silago_top_r_corner_inst_7_0/SILEGO_cell/MTRF_cell/dpu_gen/U_NACU_0/U_divider/division/clk_r_REG111_S1/D
    6:24:02  444744.2    157.47  246987.1     895.0 Silago_bot_inst_6_1/SILEGO_cell/MTRF_cell/dpu_gen/U_NACU_0/U_divider/division/clk_r_REG116_S1/D
    6:24:07  444750.4    157.24  246710.2     895.0 Silago_bot_inst_6_1/SILEGO_cell/MTRF_cell/dpu_gen/U_NACU_0/U_divider/division/clk_r_REG116_S1/D
    6:24:09  444753.8    157.16  246531.5     895.0 Silago_top_inst_6_0/SILEGO_cell/MTRF_cell/dpu_gen/U_NACU_0/U_divider/division/clk_r_REG114_S1/D
    6:24:14  444756.8    156.94  246231.7     895.0 Silago_bot_inst_6_1/SILEGO_cell/MTRF_cell/dpu_gen/U_NACU_0/U_divider/division/clk_r_REG116_S1/D
    6:24:16  444758.0    156.76  246024.5     895.0 Silago_top_inst_4_0/SILEGO_cell/MTRF_cell/dpu_gen/U_NACU_0/U_divider/division/clk_r_REG112_S1/D
    6:24:21  444762.6    156.40  245496.5     895.0 Silago_top_inst_6_0/SILEGO_cell/MTRF_cell/dpu_gen/U_NACU_0/U_divider/division/clk_r_REG114_S1/D
    6:24:26  444767.2    156.10  245263.7     895.0 Silago_bot_inst_1_1/SILEGO_cell/MTRF_cell/dpu_gen/U_NACU_0/U_divider/division/clk_r_REG116_S1/D
    6:24:28  444767.5    156.08  245242.7     895.0 Silago_top_inst_5_0/SILEGO_cell/MTRF_cell/dpu_gen/U_NACU_0/U_divider/division/clk_r_REG117_S1/D
    6:24:31  444769.2    156.05  245256.8     895.0 Silago_bot_l_corner_inst_0_1/SILEGO_cell/MTRF_cell/dpu_gen/U_NACU_0/U_divider/division/clk_r_REG116_S1/D
    6:24:33  444769.8    156.02  245234.4     895.0 Silago_top_l_corner_inst_0_0/SILEGO_cell/MTRF_cell/dpu_gen/U_NACU_0/U_divider/division/clk_r_REG528_S1/D
    6:24:37  444770.0    155.93  245235.7     895.0 Silago_bot_inst_3_1/SILEGO_cell/MTRF_cell/dpu_gen/U_NACU_0/U_divider/division/clk_r_REG112_S1/D
    6:24:39  444770.7    155.90  245203.6     895.0 Silago_top_inst_6_0/SILEGO_cell/MTRF_cell/dpu_gen/U_NACU_0/U_divider/division/clk_r_REG114_S1/D
    6:24:41  444772.0    155.84  245080.4     895.0 Silago_bot_inst_4_1/SILEGO_cell/MTRF_cell/dpu_gen/U_NACU_0/U_divider/division/clk_r_REG528_S1/D
    6:24:45  444773.3    155.79  244949.6     895.0 Silago_bot_inst_1_1/SILEGO_cell/MTRF_cell/dpu_gen/U_NACU_0/U_divider/division/clk_r_REG116_S1/D
    6:24:47  444773.5    155.78  244918.4     895.0 Silago_top_inst_5_0/SILEGO_cell/MTRF_cell/dpu_gen/U_NACU_0/U_divider/division/clk_r_REG117_S1/D
    6:24:48  444773.5    155.75  244916.0     895.0 Silago_top_r_corner_inst_7_0/SILEGO_cell/MTRF_cell/dpu_gen/U_NACU_0/U_divider/division/clk_r_REG116_S1/D
    6:24:50  444773.8    155.73  244878.7     895.0 Silago_bot_inst_4_1/SILEGO_cell/MTRF_cell/dpu_gen/U_NACU_0/U_divider/division/clk_r_REG528_S1/D
    6:24:50  444773.8    155.72  244865.3     895.0 Silago_bot_inst_4_1/SILEGO_cell/MTRF_cell/dpu_gen/U_NACU_0/U_divider/division/clk_r_REG528_S1/D
    6:24:52  444774.0    155.67  244824.7     895.0 Silago_bot_inst_6_1/SILEGO_cell/MTRF_cell/dpu_gen/U_NACU_0/U_divider/division/clk_r_REG116_S1/D
    6:24:59  444775.0    155.52  244432.6     895.0 Silago_top_r_corner_inst_7_0/SILEGO_cell/MTRF_cell/dpu_gen/U_NACU_0/U_divider/division/clk_r_REG116_S1/D
    6:25:02  444776.0    155.31  244387.0     895.0 Silago_bot_inst_4_1/SILEGO_cell/MTRF_cell/dpu_gen/U_NACU_0/U_divider/division/clk_r_REG528_S1/D
    6:25:04  444776.9    155.24  244295.9     895.0 Silago_bot_l_corner_inst_0_1/SILEGO_cell/MTRF_cell/dpu_gen/U_NACU_0/U_divider/division/clk_r_REG528_S1/D
    6:25:08  444776.5    155.12  244231.6     895.0 Silago_bot_inst_4_1/SILEGO_cell/MTRF_cell/dpu_gen/U_NACU_0/U_divider/division/clk_r_REG528_S1/D
    6:25:09  444776.7    155.08  244218.0     895.0 Silago_top_r_corner_inst_7_0/SILEGO_cell/MTRF_cell/dpu_gen/U_NACU_0/U_divider/division/clk_r_REG116_S1/D
    6:25:11  444777.7    155.06  244195.4     895.0 Silago_bot_inst_4_1/SILEGO_cell/MTRF_cell/dpu_gen/U_NACU_0/U_divider/division/clk_r_REG528_S1/D
    6:25:16  444777.7    154.94  244138.4     895.0 Silago_bot_inst_1_1/SILEGO_cell/MTRF_cell/dpu_gen/U_NACU_0/U_divider/division/clk_r_REG116_S1/D
    6:25:19  444780.1    154.83  243981.6     895.0 Silago_bot_inst_5_1/SILEGO_cell/MTRF_cell/dpu_gen/U_NACU_0/U_divider/division/clk_r_REG128_S1/D
    6:25:22  444781.1    154.70  243814.2     895.0 Silago_bot_inst_6_1/SILEGO_cell/MTRF_cell/dpu_gen/U_NACU_0/U_divider/division/clk_r_REG116_S1/D
    6:26:32  444617.1    154.68  243826.8     895.0                          


Note: Symbol # after min delay cost means estimated hold TNS across all active scenarios 


  Optimization Complete
  ---------------------
Warning: Design 'drra_wrapper' contains 6 high-fanout nets. A fanout number of 1000 will be used for delay calculations involving these nets. (TIM-134)
     Net 'Silago_top_inst_2_0/u_addres_assign/rst_n': 2681 load(s), 1 driver(s)
     Net 'Silago_bot_inst_6_1/SILEGO_cell/swb/Mux_Generate0_0/inputs_dpu[4][1][0]': 2306 load(s), 1 driver(s)
     Net 'Silago_top_inst_6_0/SILEGO_cell/swb/Mux_Generate0_0/inputs_dpu[4][1][0]': 2306 load(s), 1 driver(s)
     Net 'Silago_bot_l_corner_inst_0_1/SILEGO_cell/swb/Mux_Generate0_0/inputs_dpu[1][1][0]': 2309 load(s), 1 driver(s)
     Net 'Silago_top_l_corner_inst_0_0/SILEGO_cell/swb/Mux_Generate0_1/inputs_dpu[1][1][0]': 2304 load(s), 1 driver(s)
     Net 'Silago_top_l_corner_inst_0_0/SILEGO_cell/MTRF_cell/dpu_gen/U_NACU_0/U_divider/division/U_DIV/u_add_PartRem_0_7/net5371304': 82255 load(s), 1 driver(s)
CPU Load: 40%, Ram Free: 902 GB, Swap Free: 7 GB, Work Disk Free: 5992 GB, Tmp Disk Free: 83 GB
Information: Total number of MV cells in the design.
----------------------------------------------------------------------------------------------------
 MV Cells                                           Total Number                                   
----------------------------------------------------------------------------------------------------
 Level Shifter:                                     0                                             
 Enable Level Shifter:                              0                                             
 Isolation Cell:                                    0                                             
 Retention Cell:                                    0                                             
 Retention Clamp Cell:                              0                                             
 Switch Cell:                                       0                                             
 Always-On Cell:                                    0                                             
 Repeater Cell:                                     0                                             

----------------------------------------------------------------------------------------------------
Unmapped MV Cells 
----------------------------------------------------------------------------------------------------
0 Isolation Cells are unmapped 
0 Retention Clamp Cells are unmapped 
----------------------------------------------------------------------------------------------------
@[IL2225-Project] Report
@[IL2225-Project] Constraint 1/1 : Time taken 393 [min]
dc_shell> exit

Memory usage for this session 7830 Mbytes.
Memory usage for this session including child processes 7830 Mbytes.
CPU usage for this session 23396 seconds ( 6.50 hours ).
Elapsed time for this session 38808 seconds ( 10.78 hours ).

Thank you...

