
Cadence Innovus(TM) Implementation System.
Copyright 2021 Cadence Design Systems, Inc. All rights reserved worldwide.

Version:	v21.19-s058_1, built Thu Apr 4 09:59:17 PDT 2024
Options:	-stylus -file ../phy/scr/create_partitions.tcl 
Date:		Sat Jan  3 09:05:36 2026
Host:		il2225ht25_jcdavid (x86_64 w/Linux 5.15.0-164-generic) (12cores*48cpus*Intel(R) Xeon(R) CPU E7-8857 v2 @ 3.00GHz 30720KB)
OS:		Rocky Linux 8.10 (Green Obsidian)

License:
		[09:05:36.443836] Configured Lic search path (21.01-s002): 27020@lic04.ug.kth.se:27020@lic05.ug.kth.se:3000@lic08.ug.kth.se:29000@lic06.ug.kth.se

		invs	Innovus Implementation System	21.1	checkout succeeded
		8 CPU jobs allowed with the current license(s). Use set_multi_cpu_usage to set your required CPU count.


**WARN: (IMPOPT-801):	Genus executable not found in PATH. Install Genus, add the path to the genus executable in the PATH variable and rerun Innovus.
Create and set the environment variable TMPDIR to /tmp/innovus_temp_978112_il2225ht25_jcdavid_jcdavid_84Qfok.

Change the soft stacksize limit to 0.2%RAM (6192 mbytes). Set global soft_stack_size_limit to change the value.

**INFO:  MMMC transition support version v31-84 

#@ Processing -files option
@innovus 1> source ../phy/scr/create_partitions.tcl
#@ Begin verbose source (pre): source ../phy/scr/create_partitions.tcl
@file 1: #Read design and create partitions
@file 2: source ../phy/scr/read_design.tcl
#@ Begin verbose source ../phy/scr/read_design.tcl (pre)
@file 1: source ../phy/scr/global_variables.tcl
#@ Begin verbose source ../phy/scr/global_variables.tcl (pre)
@file 1: set NUM_CPUS 8
@file 2: #set the top name of the design
@file 3: set TOP_NAME drra_wrapper
@file 4:
@file 5: # Directories
@file 6: set OUTPUT_DIR "../phy/db"
@file 7: set RPT_DIR    "../phy/rpt"
@file 8: set SCR_DIR    "../phy/scr"
@file 9: #we need a part directory where partitions are created
@file 10: set PART_DIR   "../phy/db/part"
@file 11: set SRC_DIR    "../syn/db"
@file 12:
@file 13: set STDC_CCS_DIR  "/opt/pdk/gfip/22FDX-EXT/GF22FDX_SC8T_104CPP_BASE_CSC28L_FDK_RELV06R60/model/timing/ccs"
@file 14: set TECH_LEF_DIR  "/opt/pdk/gf22/V1.0_4.1/PlaceRoute/Innovus/Techfiles/10M_2Mx_4Cx_2Bx_2Jx_LB"
@file 15: set STDC_LEF_DIR  "/opt/pdk/gfip/22FDX-EXT/GF22FDX_SC8T_104CPP_BASE_CSC28L_FDK_RELV06R60/lef"
@file 16:
@file 17: set LEF_FILE "${TECH_LEF_DIR}/22FDSOI_10M_2Mx_4Cx_2Bx_2Jx_LB_104cpp_tech.lef \
        ${STDC_LEF_DIR}/GF22FDX_SC8T_104CPP_BASE_CSC28L.lef"
@file 19:
@file 20: set STDC_QRC_DIR  "/opt/pdk/gf22/V1.0_4.1/PEX/QRC/10M_2Mx_4Cx_2Bx_2Jx_LBthick"
@file 21:
@file 22: set OP_COD_LIB_BC "GF22FDX_SC8T_104CPP_BASE_CSC28L_FFG_0P72V_0P00V_0P00V_0P00V_M40C"
@file 23: set OP_COD_LIB_TC "GF22FDX_SC8T_104CPP_BASE_CSC28L_TT_0P80V_0P00V_0P00V_0P00V_25C"
@file 24: set OP_COD_LIB_WC "GF22FDX_SC8T_104CPP_BASE_CSC28L_SSG_0P72V_0P00V_0P00V_0P00V_125C"
@file 25: set OP_COD_LIB_SRAM_BC "IN22FDX_S1DV_NFVG_W00064B256M04C128_116cpp_TT_0P800V_0P800V_0P000V_0P000V_025C"
@file 26: set OP_COD_LIB_SRAM_TC "IN22FDX_S1DV_NFVG_W00064B256M04C128_116cpp_TT_0P800V_0P800V_0P000V_0P000V_025C"
@file 27: set OP_COD_LIB_SRAM_WC "IN22FDX_S1DV_NFVG_W00064B256M04C128_116cpp_SSG_0P720V_0P720V_0P000V_0P000V_125C"
@file 28: set OP_COD_LIB_IO_BC "dwc_io_gf22fdx_1p8v_gpio_i_ull_ffg0p945v1p320vm40c_funccmin"
@file 29: set OP_COD_LIB_IO_TC "dwc_io_gf22fdx_1p8v_gpio_i_ull_tt0p800v1p500v25c"
@file 30: set OP_COD_LIB_IO_WC "dwc_io_gf22fdx_1p8v_gpio_i_ull_ssg0p720v1p620v125c_funccmax"
@file 31: set LIB_FILES_BC "${STDC_CCS_DIR}/${OP_COD_LIB_BC}_ccs.lib.gz"
@file 32: set LIB_FILES_TC "${STDC_CCS_DIR}/${OP_COD_LIB_TC}_ccs.lib.gz"
@file 33: set LIB_FILES_WC "${STDC_CCS_DIR}/${OP_COD_LIB_WC}_ccs.lib.gz"
@file 34: set OP_COD_BC "FFG_0P72V_0P00V_0P00V_0P00V_M40C"
@file 35: set OP_COD_TC "TT_0P80V_0P00V_0P00V_0P00V_25C"
@file 36: set OP_COD_WC "SSG_0P72V_0P00V_0P00V_0P00V_125C"
@file 37: set OP_COD_SRAM_BC "TT_0P800V_0P800V_0P000V_0P000V_025C"
@file 38: set OP_COD_SRAM_TC "TT_0P800V_0P800V_0P000V_0P000V_025C"
@file 39: set OP_COD_SRAM_WC "SSG_0P720V_0P720V_0P000V_0P000V_125C"
@file 40: set OP_COD_IO_BC "ffg0p945v1p320vm40c"
@file 41: set OP_COD_IO_TC "TT_0P8_1P5_25"
@file 42: set OP_COD_IO_WC "SSG_0P59_1P08_125"
@file 43: set QRC_FILE_BC "${STDC_QRC_DIR}/FuncRCminDP/qrcTechFile"
@file 44: set QRC_FILE_TC "${STDC_QRC_DIR}/nominal/qrcTechFile"
@file 45: set QRC_FILE_WC "${STDC_QRC_DIR}/FuncRCmaxDP/qrcTechFile"
@file 46:
@file 47: set MMMC_FILE          "${SCR_DIR}/mmmc.tcl"
@file 48: set NETLIST_FILE       "${SRC_DIR}/${TOP_NAME}.v"
@file 49: set SDC_FILES          "${SRC_DIR}/${TOP_NAME}.sdc"
@file 50:
#@ End verbose source ../phy/scr/global_variables.tcl
@file 2: source ${SCR_DIR}/design_variables.tcl
#@ Begin verbose source ../phy/scr/design_variables.tcl (pre)
@@file 1: set_multi_cpu_usage -local_cpu ${NUM_CPUS} -cpu_per_remote_host 1 -remote_host 0 -keep_license true
Setting releaseMultiCpuLicenseMode to false.
@@file 2: set_distributed_hosts -local
The timeout for a remote job to respond is 3600 seconds.
Submit command for task runs will be: local
@file 3:
@file 4: set all_partition_hinst_list {
	Silago_top_l_corner_inst_0_0 \
	Silago_top_inst_1_0 \
	Silago_top_inst_2_0 \
	Silago_top_inst_3_0 \
	Silago_top_inst_4_0 \
	Silago_top_inst_5_0 \
	Silago_top_inst_6_0 \
	Silago_top_r_corner_inst_7_0 \
	Silago_bot_l_corner_inst_0_1 \
	Silago_bot_inst_1_1 \
	Silago_bot_inst_2_1 \
	Silago_bot_inst_3_1 \
	Silago_bot_inst_4_1 \
	Silago_bot_inst_5_1 \
	Silago_bot_inst_6_1 \
	Silago_bot_r_corner_inst_7_1 }
@file 21:
@file 22: set master_partition_hinst_list {
	Silago_top_l_corner_inst_0_0 \
	Silago_top_inst_1_0 \
	Silago_top_r_corner_inst_7_0 \
	Silago_bot_l_corner_inst_0_1 \
	Silago_bot_inst_1_1 \
	Silago_bot_r_corner_inst_7_1 }
@file 29:
@file 30: set clone_partition_bot_hinst_list {
	Silago_bot_inst_2_1 \
	Silago_bot_inst_3_1 \
	Silago_bot_inst_4_1 \
	Silago_bot_inst_5_1 \
	Silago_bot_inst_6_1 }
@file 36:
@file 37: set clone_partition_top_hinst_list {
	Silago_top_inst_2_0 \
	Silago_top_inst_3_0 \
	Silago_top_inst_4_0 \
	Silago_top_inst_5_0 \
	Silago_top_inst_6_0 }
@file 43:
@file 44: set all_partition_module_list {
	Silago_top_left_corner \
	Silago_top \
	Silago_top_right_corner \
	Silago_bot_left_corner \
	Silago_bot \
	Silago_bot_right_corner }
@file 51:
@file 52: set master_partition_module_list {
	Silago_top_left_corner \
	Silago_top \
	Silago_top_right_corner \
	Silago_bot_left_corner \
	Silago_bot \
	Silago_bot_right_corner }
@file 59:
#@ End verbose source ../phy/scr/design_variables.tcl
@file 3:
@@file 4: set_db init_power_nets {VDD}
@@file 5: set_db init_ground_nets {VSS}
@file 6:
@@file 7: read_mmmc ${MMMC_FILE}
#@ Begin verbose source ../phy/scr/mmmc.tcl (pre)
@@file 1: create_library_set -name LIBSET_TC -timing [list $LIB_FILES_TC]
@@file 2: create_library_set -name LIBSET_BC -timing [list $LIB_FILES_BC]
@@file 3: create_library_set -name LIBSET_WC -timing [list $LIB_FILES_WC]
@@file 4: create_rc_corner \
    -name rc_best \
    -pre_route_res 1 \
    -post_route_res 1 \
    -pre_route_cap 1 \
    -post_route_cap 1 \
    -post_route_cross_cap 1 \
    -post_route_clock_res 0 \
    -post_route_clock_cap 0 \
    -qrc_tech $QRC_FILE_BC 
@@file 14: create_rc_corner -name rc_typ \
    -pre_route_res 1 \
    -post_route_res 1 \
    -pre_route_cap 1 \
    -post_route_cap 1 \
    -post_route_cross_cap 1 \
    -post_route_clock_res 0 \
    -post_route_clock_cap 0 \
    -qrc_tech $QRC_FILE_TC 
@@file 23: create_rc_corner -name rc_worst \
    -pre_route_res 1 \
    -post_route_res 1 \
    -pre_route_cap 1 \
    -post_route_cap 1 \
    -post_route_cross_cap 1 \
    -post_route_clock_res 0 \
    -post_route_clock_cap 0 \
    -qrc_tech $QRC_FILE_WC
@@file 32: create_timing_condition \
    -name cond_best \
    -library_set LIBSET_BC \
    -opcond $OP_COD_BC \
    -opcond_library $OP_COD_LIB_BC
@@file 37: create_timing_condition \
    -name cond_typ \
    -library_set LIBSET_TC \
    -opcond $OP_COD_TC \
    -opcond_library $OP_COD_LIB_TC
@@file 42: create_timing_condition \
    -name cond_worst \
    -library_set LIBSET_WC \
    -opcond $OP_COD_WC \
    -opcond_library $OP_COD_LIB_WC
@@file 47: create_delay_corner \
    -name WC_dc \
    -rc_corner rc_worst \
    -timing_condition {cond_worst}
@@file 51: create_delay_corner \
    -name TC_dc \
    -rc_corner rc_typ \
    -timing_condition {cond_typ}
@@file 55: create_delay_corner \
    -name BC_dc \
    -rc_corner rc_best \
    -timing_condition {cond_best}
@@file 59: create_constraint_mode -name functional -sdc_files $SDC_FILES
@@file 60: create_analysis_view -name AVF_RCWORST -constraint_mode functional -delay_corner WC_dc
@@file 61: create_analysis_view -name AVF_RCBEST  -constraint_mode functional -delay_corner BC_dc
@@file 62: create_analysis_view -name AVF_RCTYP   -constraint_mode functional -delay_corner TC_dc
@@file 63: set_analysis_view -setup "AVF_RCWORST" -hold "AVF_RCBEST AVF_RCTYP"
@file 64:
#@ End verbose source ../phy/scr/mmmc.tcl
Starting library reading in 'Multi-threaded flow' (with '8' threads)

Threads Configured:8
Reading LIBSET_WC timing library /opt/pdk/gfip/22FDX-EXT/GF22FDX_SC8T_104CPP_BASE_CSC28L_FDK_RELV06R60/model/timing/ccs/GF22FDX_SC8T_104CPP_BASE_CSC28L_SSG_0P72V_0P00V_0P00V_0P00V_125C_ccs.lib.gz.
**WARN: (TECHLIB-302):	No function defined for cell 'SC8T_TAPZBX8_CSC28L'. The cell will only be used for analysis. (File /opt/pdk/gfip/22FDX-EXT/GF22FDX_SC8T_104CPP_BASE_CSC28L_FDK_RELV06R60/model/timing/ccs/GF22FDX_SC8T_104CPP_BASE_CSC28L_SSG_0P72V_0P00V_0P00V_0P00V_125C_ccs.lib.gz)
**WARN: (TECHLIB-302):	No function defined for cell 'SC8T_TAPX8_CSC28L'. The cell will only be used for analysis. (File /opt/pdk/gfip/22FDX-EXT/GF22FDX_SC8T_104CPP_BASE_CSC28L_FDK_RELV06R60/model/timing/ccs/GF22FDX_SC8T_104CPP_BASE_CSC28L_SSG_0P72V_0P00V_0P00V_0P00V_125C_ccs.lib.gz)
**WARN: (TECHLIB-302):	No function defined for cell 'SC8T_NOM1COLCAPPX1_CSC28L'. The cell will only be used for analysis. (File /opt/pdk/gfip/22FDX-EXT/GF22FDX_SC8T_104CPP_BASE_CSC28L_FDK_RELV06R60/model/timing/ccs/GF22FDX_SC8T_104CPP_BASE_CSC28L_SSG_0P72V_0P00V_0P00V_0P00V_125C_ccs.lib.gz)
**WARN: (TECHLIB-302):	No function defined for cell 'SC8T_NOM1COLCAPNX1_CSC28L'. The cell will only be used for analysis. (File /opt/pdk/gfip/22FDX-EXT/GF22FDX_SC8T_104CPP_BASE_CSC28L_FDK_RELV06R60/model/timing/ccs/GF22FDX_SC8T_104CPP_BASE_CSC28L_SSG_0P72V_0P00V_0P00V_0P00V_125C_ccs.lib.gz)
**WARN: (TECHLIB-302):	No function defined for cell 'SC8T_FILLX8_CSC28L'. The cell will only be used for analysis. (File /opt/pdk/gfip/22FDX-EXT/GF22FDX_SC8T_104CPP_BASE_CSC28L_FDK_RELV06R60/model/timing/ccs/GF22FDX_SC8T_104CPP_BASE_CSC28L_SSG_0P72V_0P00V_0P00V_0P00V_125C_ccs.lib.gz)
**WARN: (TECHLIB-302):	No function defined for cell 'SC8T_FILLX64_CSC28L'. The cell will only be used for analysis. (File /opt/pdk/gfip/22FDX-EXT/GF22FDX_SC8T_104CPP_BASE_CSC28L_FDK_RELV06R60/model/timing/ccs/GF22FDX_SC8T_104CPP_BASE_CSC28L_SSG_0P72V_0P00V_0P00V_0P00V_125C_ccs.lib.gz)
**WARN: (TECHLIB-302):	No function defined for cell 'SC8T_FILLX5_CSC28L'. The cell will only be used for analysis. (File /opt/pdk/gfip/22FDX-EXT/GF22FDX_SC8T_104CPP_BASE_CSC28L_FDK_RELV06R60/model/timing/ccs/GF22FDX_SC8T_104CPP_BASE_CSC28L_SSG_0P72V_0P00V_0P00V_0P00V_125C_ccs.lib.gz)
**WARN: (TECHLIB-302):	No function defined for cell 'SC8T_FILLX4_CSC28L'. The cell will only be used for analysis. (File /opt/pdk/gfip/22FDX-EXT/GF22FDX_SC8T_104CPP_BASE_CSC28L_FDK_RELV06R60/model/timing/ccs/GF22FDX_SC8T_104CPP_BASE_CSC28L_SSG_0P72V_0P00V_0P00V_0P00V_125C_ccs.lib.gz)
**WARN: (TECHLIB-302):	No function defined for cell 'SC8T_FILLX3_CSC28L'. The cell will only be used for analysis. (File /opt/pdk/gfip/22FDX-EXT/GF22FDX_SC8T_104CPP_BASE_CSC28L_FDK_RELV06R60/model/timing/ccs/GF22FDX_SC8T_104CPP_BASE_CSC28L_SSG_0P72V_0P00V_0P00V_0P00V_125C_ccs.lib.gz)
**WARN: (TECHLIB-302):	No function defined for cell 'SC8T_FILLX32_CSC28L'. The cell will only be used for analysis. (File /opt/pdk/gfip/22FDX-EXT/GF22FDX_SC8T_104CPP_BASE_CSC28L_FDK_RELV06R60/model/timing/ccs/GF22FDX_SC8T_104CPP_BASE_CSC28L_SSG_0P72V_0P00V_0P00V_0P00V_125C_ccs.lib.gz)
**WARN: (TECHLIB-302):	No function defined for cell 'SC8T_FILLX2_CSC28L'. The cell will only be used for analysis. (File /opt/pdk/gfip/22FDX-EXT/GF22FDX_SC8T_104CPP_BASE_CSC28L_FDK_RELV06R60/model/timing/ccs/GF22FDX_SC8T_104CPP_BASE_CSC28L_SSG_0P72V_0P00V_0P00V_0P00V_125C_ccs.lib.gz)
**WARN: (TECHLIB-302):	No function defined for cell 'SC8T_FILLX1_CSC28L'. The cell will only be used for analysis. (File /opt/pdk/gfip/22FDX-EXT/GF22FDX_SC8T_104CPP_BASE_CSC28L_FDK_RELV06R60/model/timing/ccs/GF22FDX_SC8T_104CPP_BASE_CSC28L_SSG_0P72V_0P00V_0P00V_0P00V_125C_ccs.lib.gz)
**WARN: (TECHLIB-302):	No function defined for cell 'SC8T_FILLX16_CSC28L'. The cell will only be used for analysis. (File /opt/pdk/gfip/22FDX-EXT/GF22FDX_SC8T_104CPP_BASE_CSC28L_FDK_RELV06R60/model/timing/ccs/GF22FDX_SC8T_104CPP_BASE_CSC28L_SSG_0P72V_0P00V_0P00V_0P00V_125C_ccs.lib.gz)
**WARN: (TECHLIB-302):	No function defined for cell 'SC8T_FILLX128_CSC28L'. The cell will only be used for analysis. (File /opt/pdk/gfip/22FDX-EXT/GF22FDX_SC8T_104CPP_BASE_CSC28L_FDK_RELV06R60/model/timing/ccs/GF22FDX_SC8T_104CPP_BASE_CSC28L_SSG_0P72V_0P00V_0P00V_0P00V_125C_ccs.lib.gz)
**WARN: (TECHLIB-302):	No function defined for cell 'SC8T_CONCAVEPRX9_CSC28L'. The cell will only be used for analysis. (File /opt/pdk/gfip/22FDX-EXT/GF22FDX_SC8T_104CPP_BASE_CSC28L_FDK_RELV06R60/model/timing/ccs/GF22FDX_SC8T_104CPP_BASE_CSC28L_SSG_0P72V_0P00V_0P00V_0P00V_125C_ccs.lib.gz)
**WARN: (TECHLIB-302):	No function defined for cell 'SC8T_CONCAVEPRX11_CSC28L'. The cell will only be used for analysis. (File /opt/pdk/gfip/22FDX-EXT/GF22FDX_SC8T_104CPP_BASE_CSC28L_FDK_RELV06R60/model/timing/ccs/GF22FDX_SC8T_104CPP_BASE_CSC28L_SSG_0P72V_0P00V_0P00V_0P00V_125C_ccs.lib.gz)
**WARN: (TECHLIB-302):	No function defined for cell 'SC8T_CONCAVEPLX9_CSC28L'. The cell will only be used for analysis. (File /opt/pdk/gfip/22FDX-EXT/GF22FDX_SC8T_104CPP_BASE_CSC28L_FDK_RELV06R60/model/timing/ccs/GF22FDX_SC8T_104CPP_BASE_CSC28L_SSG_0P72V_0P00V_0P00V_0P00V_125C_ccs.lib.gz)
**WARN: (TECHLIB-302):	No function defined for cell 'SC8T_CONCAVEPLX11_CSC28L'. The cell will only be used for analysis. (File /opt/pdk/gfip/22FDX-EXT/GF22FDX_SC8T_104CPP_BASE_CSC28L_FDK_RELV06R60/model/timing/ccs/GF22FDX_SC8T_104CPP_BASE_CSC28L_SSG_0P72V_0P00V_0P00V_0P00V_125C_ccs.lib.gz)
**WARN: (TECHLIB-302):	No function defined for cell 'SC8T_CONCAVENRX9_CSC28L'. The cell will only be used for analysis. (File /opt/pdk/gfip/22FDX-EXT/GF22FDX_SC8T_104CPP_BASE_CSC28L_FDK_RELV06R60/model/timing/ccs/GF22FDX_SC8T_104CPP_BASE_CSC28L_SSG_0P72V_0P00V_0P00V_0P00V_125C_ccs.lib.gz)
**WARN: (TECHLIB-302):	No function defined for cell 'SC8T_CONCAVENRX11_CSC28L'. The cell will only be used for analysis. (File /opt/pdk/gfip/22FDX-EXT/GF22FDX_SC8T_104CPP_BASE_CSC28L_FDK_RELV06R60/model/timing/ccs/GF22FDX_SC8T_104CPP_BASE_CSC28L_SSG_0P72V_0P00V_0P00V_0P00V_125C_ccs.lib.gz)
Message <TECHLIB-302> has exceeded the message display limit of '20'. Use 'set_message -no_limit -id list_of_msgIDs' to reset the message limit.
Read 959 cells in library GF22FDX_SC8T_104CPP_BASE_CSC28L_SSG_0P72V_0P00V_0P00V_0P00V_125C.
Library reading multithread flow ended.
Starting library reading in 'Multi-threaded flow' (with '8' threads)

Threads Configured:8
Reading LIBSET_BC timing library /opt/pdk/gfip/22FDX-EXT/GF22FDX_SC8T_104CPP_BASE_CSC28L_FDK_RELV06R60/model/timing/ccs/GF22FDX_SC8T_104CPP_BASE_CSC28L_FFG_0P72V_0P00V_0P00V_0P00V_M40C_ccs.lib.gz.
Read 959 cells in library GF22FDX_SC8T_104CPP_BASE_CSC28L_FFG_0P72V_0P00V_0P00V_0P00V_M40C.
Library reading multithread flow ended.
@file 8:
@@file 9: read_physical -lef ${LEF_FILE}

Loading LEF file /opt/pdk/gf22/V1.0_4.1/PlaceRoute/Innovus/Techfiles/10M_2Mx_4Cx_2Bx_2Jx_LB/22FDSOI_10M_2Mx_4Cx_2Bx_2Jx_LB_104cpp_tech.lef ...

Loading LEF file /opt/pdk/gfip/22FDX-EXT/GF22FDX_SC8T_104CPP_BASE_CSC28L_FDK_RELV06R60/lef/GF22FDX_SC8T_104CPP_BASE_CSC28L.lef ...
**WARN: (IMPLF-378):	The spacing for cell edge type 'SC8T_104CPP_BASE_CSC_SOURCE' and 'SC8T_104CPP_BASE_CSC_SOURCE' is already defined. It will be overwritten by the new definition in LEF file '/opt/pdk/gfip/22FDX-EXT/GF22FDX_SC8T_104CPP_BASE_CSC28L_FDK_RELV06R60/lef/GF22FDX_SC8T_104CPP_BASE_CSC28L.lef'.
If it's defined multiple times for the same pair of types, only the last one
will be kept. Check all definitions in all LEF files to remove any duplicated
definitions to avoid this warning message.
**WARN: (IMPLF-378):	The spacing for cell edge type 'SC8T_104CPP_BASE_CSC_DRAIN' and 'SC8T_104CPP_BASE_CSC_SOURCE' is already defined. It will be overwritten by the new definition in LEF file '/opt/pdk/gfip/22FDX-EXT/GF22FDX_SC8T_104CPP_BASE_CSC28L_FDK_RELV06R60/lef/GF22FDX_SC8T_104CPP_BASE_CSC28L.lef'.
If it's defined multiple times for the same pair of types, only the last one
will be kept. Check all definitions in all LEF files to remove any duplicated
definitions to avoid this warning message.
**WARN: (IMPLF-378):	The spacing for cell edge type 'SC8T_104CPP_BASE_CSC_DRAIN' and 'SC8T_104CPP_BASE_CSC_DRAIN' is already defined. It will be overwritten by the new definition in LEF file '/opt/pdk/gfip/22FDX-EXT/GF22FDX_SC8T_104CPP_BASE_CSC28L_FDK_RELV06R60/lef/GF22FDX_SC8T_104CPP_BASE_CSC28L.lef'.
If it's defined multiple times for the same pair of types, only the last one
will be kept. Check all definitions in all LEF files to remove any duplicated
definitions to avoid this warning message.
**WARN: (IMPLF-378):	The spacing for cell edge type 'SC8T_104CPP_BASE_CSC_SOURCE2CPP' and 'SC8T_104CPP_BASE_CSC_SOURCE2CPP' is already defined. It will be overwritten by the new definition in LEF file '/opt/pdk/gfip/22FDX-EXT/GF22FDX_SC8T_104CPP_BASE_CSC28L_FDK_RELV06R60/lef/GF22FDX_SC8T_104CPP_BASE_CSC28L.lef'.
If it's defined multiple times for the same pair of types, only the last one
will be kept. Check all definitions in all LEF files to remove any duplicated
definitions to avoid this warning message.
**WARN: (IMPLF-378):	The spacing for cell edge type 'SC8T_104CPP_BASE_CSC_SOURCE' and 'SC8T_104CPP_BASE_CSC_SOURCE2CPP' is already defined. It will be overwritten by the new definition in LEF file '/opt/pdk/gfip/22FDX-EXT/GF22FDX_SC8T_104CPP_BASE_CSC28L_FDK_RELV06R60/lef/GF22FDX_SC8T_104CPP_BASE_CSC28L.lef'.
If it's defined multiple times for the same pair of types, only the last one
will be kept. Check all definitions in all LEF files to remove any duplicated
definitions to avoid this warning message.
**WARN: (IMPLF-378):	The spacing for cell edge type 'SC8T_104CPP_BASE_CSC_SOURCE2CPP' and 'SC8T_104CPP_BASE_CSC_DRAIN' is already defined. It will be overwritten by the new definition in LEF file '/opt/pdk/gfip/22FDX-EXT/GF22FDX_SC8T_104CPP_BASE_CSC28L_FDK_RELV06R60/lef/GF22FDX_SC8T_104CPP_BASE_CSC28L.lef'.
If it's defined multiple times for the same pair of types, only the last one
will be kept. Check all definitions in all LEF files to remove any duplicated
definitions to avoid this warning message.
Set DBUPerIGU to M1 pitch 104.
[09:07:58.139513] Periodic Lic check successful
[09:07:58.139539] Feature usage summary:
[09:07:58.139539] Innovus_Impl_System
[09:07:58.139539] Innovus_20nm_Opt

This command "read_physical -lef {/opt/pdk/gf22/V1.0_4.1/PlaceRoute/Innovus/Techfiles/10M_2Mx_4Cx_2Bx_2Jx_LB/22FDSOI_10M_2Mx_4Cx_2Bx_2Jx_LB_104cpp_tech.lef ..." required an extra checkout of license invs_20nm.
Additional license(s) checked out: 1 'Innovus_20nm_Opt' license(s)
**WARN: (IMPLF-201):	Pin 'Z' in macro 'SC8T_XOR3X8_CSC28L' has no ANTENNADIFFAREA value defined. The library data is incomplete and some process antenna rules will not be checked correctly.
Type 'man IMPLF-201' for more detail.
**WARN: (IMPLF-201):	Pin 'Z' in macro 'SC8T_XOR3X4_CSC28L' has no ANTENNADIFFAREA value defined. The library data is incomplete and some process antenna rules will not be checked correctly.
Type 'man IMPLF-201' for more detail.
**WARN: (IMPLF-201):	Pin 'Z' in macro 'SC8T_XOR3X2_CSC28L' has no ANTENNADIFFAREA value defined. The library data is incomplete and some process antenna rules will not be checked correctly.
Type 'man IMPLF-201' for more detail.
**WARN: (IMPLF-201):	Pin 'Z' in macro 'SC8T_XOR3X1_MR_CSC28L' has no ANTENNADIFFAREA value defined. The library data is incomplete and some process antenna rules will not be checked correctly.
Type 'man IMPLF-201' for more detail.
**WARN: (IMPLF-201):	Pin 'Z' in macro 'SC8T_XOR3X1_CSC28L' has no ANTENNADIFFAREA value defined. The library data is incomplete and some process antenna rules will not be checked correctly.
Type 'man IMPLF-201' for more detail.
**WARN: (IMPLF-201):	Pin 'Z' in macro 'SC8T_XOR2X8_CSC28L' has no ANTENNADIFFAREA value defined. The library data is incomplete and some process antenna rules will not be checked correctly.
Type 'man IMPLF-201' for more detail.
**WARN: (IMPLF-201):	Pin 'Z' in macro 'SC8T_XOR2X4_CSC28L' has no ANTENNADIFFAREA value defined. The library data is incomplete and some process antenna rules will not be checked correctly.
Type 'man IMPLF-201' for more detail.
**WARN: (IMPLF-201):	Pin 'Z' in macro 'SC8T_XOR2X2_CSC28L' has no ANTENNADIFFAREA value defined. The library data is incomplete and some process antenna rules will not be checked correctly.
Type 'man IMPLF-201' for more detail.
**WARN: (IMPLF-201):	Pin 'Z' in macro 'SC8T_XOR2X1_MR_CSC28L' has no ANTENNADIFFAREA value defined. The library data is incomplete and some process antenna rules will not be checked correctly.
Type 'man IMPLF-201' for more detail.
**WARN: (IMPLF-201):	Pin 'Z' in macro 'SC8T_XOR2X1_CSC28L' has no ANTENNADIFFAREA value defined. The library data is incomplete and some process antenna rules will not be checked correctly.
Type 'man IMPLF-201' for more detail.
**WARN: (IMPLF-201):	Pin 'Z' in macro 'SC8T_XOR2X0P5_CSC28L' has no ANTENNADIFFAREA value defined. The library data is incomplete and some process antenna rules will not be checked correctly.
Type 'man IMPLF-201' for more detail.
**WARN: (IMPLF-201):	Pin 'Z' in macro 'SC8T_XNR3X8_CSC28L' has no ANTENNADIFFAREA value defined. The library data is incomplete and some process antenna rules will not be checked correctly.
Type 'man IMPLF-201' for more detail.
**WARN: (IMPLF-201):	Pin 'Z' in macro 'SC8T_XNR3X4_CSC28L' has no ANTENNADIFFAREA value defined. The library data is incomplete and some process antenna rules will not be checked correctly.
Type 'man IMPLF-201' for more detail.
**WARN: (IMPLF-201):	Pin 'Z' in macro 'SC8T_XNR3X2_CSC28L' has no ANTENNADIFFAREA value defined. The library data is incomplete and some process antenna rules will not be checked correctly.
Type 'man IMPLF-201' for more detail.
**WARN: (IMPLF-201):	Pin 'Z' in macro 'SC8T_XNR3X1_MR_CSC28L' has no ANTENNADIFFAREA value defined. The library data is incomplete and some process antenna rules will not be checked correctly.
Type 'man IMPLF-201' for more detail.
**WARN: (IMPLF-201):	Pin 'Z' in macro 'SC8T_XNR3X1_CSC28L' has no ANTENNADIFFAREA value defined. The library data is incomplete and some process antenna rules will not be checked correctly.
Type 'man IMPLF-201' for more detail.
**WARN: (IMPLF-201):	Pin 'Z' in macro 'SC8T_XNR2X8_CSC28L' has no ANTENNADIFFAREA value defined. The library data is incomplete and some process antenna rules will not be checked correctly.
Type 'man IMPLF-201' for more detail.
**WARN: (IMPLF-201):	Pin 'Z' in macro 'SC8T_XNR2X4_CSC28L' has no ANTENNADIFFAREA value defined. The library data is incomplete and some process antenna rules will not be checked correctly.
Type 'man IMPLF-201' for more detail.
**WARN: (IMPLF-201):	Pin 'Z' in macro 'SC8T_XNR2X2_CSC28L' has no ANTENNADIFFAREA value defined. The library data is incomplete and some process antenna rules will not be checked correctly.
Type 'man IMPLF-201' for more detail.
**WARN: (IMPLF-201):	Pin 'Z' in macro 'SC8T_XNR2X1_MR_CSC28L' has no ANTENNADIFFAREA value defined. The library data is incomplete and some process antenna rules will not be checked correctly.
Type 'man IMPLF-201' for more detail.
**WARN: (EMS-27):	Message (IMPLF-201) has exceeded the current message display limit of 20.
To increase the message display limit, refer to the product command reference manual.
**WARN: (IMPLF-200):	Pin 'A' in macro 'SC8T_ANTENNAX11_CSC28L' has no ANTENNAGATEAREA value defined. The library data is incomplete and some process antenna rules will not be checked correctly.
Type 'man IMPLF-200' for more detail.

##  Check design process and node:  
##  Both design process and tech node are not set.

@file 10:
@@file 11: read_netlist ${NETLIST_FILE}
#% Begin Load netlist data ... (date=01/03 09:07:58, mem=1033.7M)
*** Begin netlist parsing (mem=1884.8M) ***
Created 959 new cells from 2 timing libraries.
Reading netlist ...
Backslashed names will retain backslash and a trailing blank character.
Reading verilog netlist '../syn/db/drra_wrapper.v'

*** Memory Usage v#1 (Current mem = 1884.777M, initial mem = 494.961M) ***
*** End netlist parsing (cpu=0:00:00.8, real=0:00:01.0, mem=1884.8M) ***
#% End Load netlist data ... (date=01/03 09:07:59, total cpu=0:00:00.9, real=0:00:01.0, peak res=1160.0M, current mem=1160.0M)
Top level cell is drra_wrapper.
Hooked 1918 DB cells to tlib cells.
Starting recursive module instantiation check.
No recursion found.
Building hierarchical netlist for Cell drra_wrapper ...
**WARN: (IMPECO-560):	The netlist is not unique, because the module 'cell_config_swb' is instantiated multiple times. Make the netlist unique by running 'set_db init_design_uniquify true' before loading the design to avoid the problem.
Type 'man IMPECO-560' for more detail.
**WARN: (IMPECO-560):	The netlist is not unique, because the module 'InputMux_16_5_0' is instantiated multiple times. Make the netlist unique by running 'set_db init_design_uniquify true' before loading the design to avoid the problem.
Type 'man IMPECO-560' for more detail.
**WARN: (IMPECO-560):	The netlist is not unique, because the module 'InputMux_16_5_11' is instantiated multiple times. Make the netlist unique by running 'set_db init_design_uniquify true' before loading the design to avoid the problem.
Type 'man IMPECO-560' for more detail.
**WARN: (IMPECO-560):	The netlist is not unique, because the module 'InputMux_16_5_10' is instantiated multiple times. Make the netlist unique by running 'set_db init_design_uniquify true' before loading the design to avoid the problem.
Type 'man IMPECO-560' for more detail.
**WARN: (IMPECO-560):	The netlist is not unique, because the module 'InputMux_16_5_9' is instantiated multiple times. Make the netlist unique by running 'set_db init_design_uniquify true' before loading the design to avoid the problem.
Type 'man IMPECO-560' for more detail.
**WARN: (IMPECO-560):	The netlist is not unique, because the module 'InputMux_16_5_8' is instantiated multiple times. Make the netlist unique by running 'set_db init_design_uniquify true' before loading the design to avoid the problem.
Type 'man IMPECO-560' for more detail.
**WARN: (IMPECO-560):	The netlist is not unique, because the module 'InputMux_16_5_7' is instantiated multiple times. Make the netlist unique by running 'set_db init_design_uniquify true' before loading the design to avoid the problem.
Type 'man IMPECO-560' for more detail.
**WARN: (IMPECO-560):	The netlist is not unique, because the module 'InputMux_16_5_6' is instantiated multiple times. Make the netlist unique by running 'set_db init_design_uniquify true' before loading the design to avoid the problem.
Type 'man IMPECO-560' for more detail.
**WARN: (IMPECO-560):	The netlist is not unique, because the module 'InputMux_16_5_5' is instantiated multiple times. Make the netlist unique by running 'set_db init_design_uniquify true' before loading the design to avoid the problem.
Type 'man IMPECO-560' for more detail.
**WARN: (IMPECO-560):	The netlist is not unique, because the module 'InputMux_16_5_4' is instantiated multiple times. Make the netlist unique by running 'set_db init_design_uniquify true' before loading the design to avoid the problem.
Type 'man IMPECO-560' for more detail.
**WARN: (IMPECO-560):	The netlist is not unique, because the module 'InputMux_16_5_3' is instantiated multiple times. Make the netlist unique by running 'set_db init_design_uniquify true' before loading the design to avoid the problem.
Type 'man IMPECO-560' for more detail.
**WARN: (IMPECO-560):	The netlist is not unique, because the module 'InputMux_16_5_2' is instantiated multiple times. Make the netlist unique by running 'set_db init_design_uniquify true' before loading the design to avoid the problem.
Type 'man IMPECO-560' for more detail.
**WARN: (IMPECO-560):	The netlist is not unique, because the module 'InputMux_16_5_1' is instantiated multiple times. Make the netlist unique by running 'set_db init_design_uniquify true' before loading the design to avoid the problem.
Type 'man IMPECO-560' for more detail.
**WARN: (IMPECO-560):	The netlist is not unique, because the module 'switchbox_16_5' is instantiated multiple times. Make the netlist unique by running 'set_db init_design_uniquify true' before loading the design to avoid the problem.
Type 'man IMPECO-560' for more detail.
**WARN: (IMPECO-560):	The netlist is not unique, because the module 'priorityComponent_2_0' is instantiated multiple times. Make the netlist unique by running 'set_db init_design_uniquify true' before loading the design to avoid the problem.
Type 'man IMPECO-560' for more detail.
**WARN: (IMPECO-560):	The netlist is not unique, because the module 'priorityMux_2_0_4_2_4_0' is instantiated multiple times. Make the netlist unique by running 'set_db init_design_uniquify true' before loading the design to avoid the problem.
Type 'man IMPECO-560' for more detail.
**WARN: (IMPECO-560):	The netlist is not unique, because the module 'priorityMux_2_1_4_4_4_0' is instantiated multiple times. Make the netlist unique by running 'set_db init_design_uniquify true' before loading the design to avoid the problem.
Type 'man IMPECO-560' for more detail.
**WARN: (IMPECO-560):	The netlist is not unique, because the module 'priorityComponent_2_1' is instantiated multiple times. Make the netlist unique by running 'set_db init_design_uniquify true' before loading the design to avoid the problem.
Type 'man IMPECO-560' for more detail.
**WARN: (IMPECO-560):	The netlist is not unique, because the module 'priorityMux_2_0_4_2_4_1' is instantiated multiple times. Make the netlist unique by running 'set_db init_design_uniquify true' before loading the design to avoid the problem.
Type 'man IMPECO-560' for more detail.
**WARN: (IMPECO-560):	The netlist is not unique, because the module 'priorityMux_2_1_4_4_4_1' is instantiated multiple times. Make the netlist unique by running 'set_db init_design_uniquify true' before loading the design to avoid the problem.
Type 'man IMPECO-560' for more detail.
**WARN: (EMS-27):	Message (IMPECO-560) has exceeded the current message display limit of 20.
To increase the message display limit, refer to the product command reference manual.
*** Netlist is NOT unique.
** info: there are 2156 modules.
** info: there are 589935 stdCell insts.

*** Memory Usage v#1 (Current mem = 2340.191M, initial mem = 494.961M) ***
@file 12:
@@file 13: init_design

Honor LEF defined pitches for advanced node
Start create_tracks
Extraction setup Started 
Initializing multi-corner RC extraction with 3 active RC Corners ...
Captable file(s) not specified in multi-corner setup. PreRoute extraction will use technology file. For post_route extraction, default value for effort level would be 'medium' and effort level 'low' would not be allowed.
Generating auto layer map file.
Importing multi-corner technology file(s) for preRoute extraction...
/opt/pdk/gf22/V1.0_4.1/PEX/QRC/10M_2Mx_4Cx_2Bx_2Jx_LBthick/FuncRCmaxDP/qrcTechFile
/opt/pdk/gf22/V1.0_4.1/PEX/QRC/10M_2Mx_4Cx_2Bx_2Jx_LBthick/FuncRCminDP/qrcTechFile
/opt/pdk/gf22/V1.0_4.1/PEX/QRC/10M_2Mx_4Cx_2Bx_2Jx_LBthick/nominal/qrcTechFile
Generating auto layer map file.
Generating auto layer map file.
Generating auto layer map file.
Completed (cpu: 0:00:17.9 real: 0:00:11.0)
Set Shrink Factor to 1.00000
Summary of Active RC-Corners : 
 
 Analysis View: AVF_RCWORST
    RC-Corner Name        : rc_worst
    RC-Corner Index       : 0
    RC-Corner Temperature : 25 Celsius
    RC-Corner Cap Table   : ''
    RC-Corner PreRoute Res Factor         : 1
    RC-Corner PreRoute Cap Factor         : 1
    RC-Corner PostRoute Res Factor        : 1 {1 1 1}
    RC-Corner PostRoute Cap Factor        : 1 {1 1 1}
    RC-Corner PostRoute XCap Factor       : 1 {1 1 1}
    RC-Corner PreRoute Clock Res Factor   : 1	[Derived from postRoute_res (effortLevel low)]
    RC-Corner PreRoute Clock Cap Factor   : 1	[Derived from postRoute_cap (effortLevel low)]
    RC-Corner PostRoute Clock Cap Factor  : 1 {1 1 1} 	[Derived from postRoute_cap (effortLevel low)]
    RC-Corner PostRoute Clock Res Factor  : 1 {1 1 1} 	[Derived from postRoute_res (effortLevel low)]
    RC-Corner PostRoute Clock coupling capacitance Factor : 1 {1 1 1} 
    RC-Corner Technology file: '/opt/pdk/gf22/V1.0_4.1/PEX/QRC/10M_2Mx_4Cx_2Bx_2Jx_LBthick/FuncRCmaxDP/qrcTechFile'
 
 Analysis View: AVF_RCBEST
    RC-Corner Name        : rc_best
    RC-Corner Index       : 1
    RC-Corner Temperature : 25 Celsius
    RC-Corner Cap Table   : ''
    RC-Corner PreRoute Res Factor         : 1
    RC-Corner PreRoute Cap Factor         : 1
    RC-Corner PostRoute Res Factor        : 1 {1 1 1}
    RC-Corner PostRoute Cap Factor        : 1 {1 1 1}
    RC-Corner PostRoute XCap Factor       : 1 {1 1 1}
    RC-Corner PreRoute Clock Res Factor   : 1	[Derived from postRoute_res (effortLevel low)]
    RC-Corner PreRoute Clock Cap Factor   : 1	[Derived from postRoute_cap (effortLevel low)]
    RC-Corner PostRoute Clock Cap Factor  : 1 {1 1 1} 	[Derived from postRoute_cap (effortLevel low)]
    RC-Corner PostRoute Clock Res Factor  : 1 {1 1 1} 	[Derived from postRoute_res (effortLevel low)]
    RC-Corner PostRoute Clock coupling capacitance Factor : 1 {1 1 1} 
    RC-Corner Technology file: '/opt/pdk/gf22/V1.0_4.1/PEX/QRC/10M_2Mx_4Cx_2Bx_2Jx_LBthick/FuncRCminDP/qrcTechFile'
 
 Analysis View: AVF_RCTYP
    RC-Corner Name        : rc_typ
    RC-Corner Index       : 2
    RC-Corner Temperature : 25 Celsius
    RC-Corner Cap Table   : ''
    RC-Corner PreRoute Res Factor         : 1
    RC-Corner PreRoute Cap Factor         : 1
    RC-Corner PostRoute Res Factor        : 1 {1 1 1}
    RC-Corner PostRoute Cap Factor        : 1 {1 1 1}
    RC-Corner PostRoute XCap Factor       : 1 {1 1 1}
    RC-Corner PreRoute Clock Res Factor   : 1	[Derived from postRoute_res (effortLevel low)]
    RC-Corner PreRoute Clock Cap Factor   : 1	[Derived from postRoute_cap (effortLevel low)]
    RC-Corner PostRoute Clock Cap Factor  : 1 {1 1 1} 	[Derived from postRoute_cap (effortLevel low)]
    RC-Corner PostRoute Clock Res Factor  : 1 {1 1 1} 	[Derived from postRoute_res (effortLevel low)]
    RC-Corner PostRoute Clock coupling capacitance Factor : 1 {1 1 1} 
    RC-Corner Technology file: '/opt/pdk/gf22/V1.0_4.1/PEX/QRC/10M_2Mx_4Cx_2Bx_2Jx_LBthick/nominal/qrcTechFile'
Updating RC grid for preRoute extraction ...
Initializing multi-corner resistance tables ...
Default value for post_route extraction mode's extract_rc_effort_level (extract_rc_effort_level option of set_db) changed to 'medium'.
*Info: initialize multi-corner CTS.
Starting library reading in 'Multi-threaded flow' (with '8' threads)

Threads Configured:8
Reading LIBSET_TC timing library /opt/pdk/gfip/22FDX-EXT/GF22FDX_SC8T_104CPP_BASE_CSC28L_FDK_RELV06R60/model/timing/ccs/GF22FDX_SC8T_104CPP_BASE_CSC28L_TT_0P80V_0P00V_0P00V_0P00V_25C_ccs.lib.gz.
Read 959 cells in library GF22FDX_SC8T_104CPP_BASE_CSC28L_TT_0P80V_0P00V_0P00V_0P00V_25C.
Library reading multithread flow ended.
Reading timing constraints file '../syn/db/drra_wrapper.sdc' ...
Current (total cpu=0:25:03, real=0:03:42, peak res=2712.3M, current mem=2201.6M)
INFO (CTE): Constraints read successfully.
Ending "Constraint file reading stats" (total cpu=0:00:00.5, real=0:00:00.0, peak res=2241.2M, current mem=2241.2M)
Current (total cpu=0:25:03, real=0:03:42, peak res=2712.3M, current mem=2241.2M)
Total number of combinational cells: 808
Total number of sequential cells: 101
Total number of tristate cells: 4
Total number of level shifter cells: 0
Total number of power gating cells: 0
Total number of isolation cells: 0
Total number of power switch cells: 0
Total number of pulse generator cells: 0
Total number of always on buffers: 0
Total number of retention cells: 0
Total number of physical cells: 46
List of usable buffers: SC8T_BUFX0P5_A_CSC28L SC8T_BUFX0P5_CSC28L SC8T_BUFX10_CSC28L SC8T_BUFX12_CSC28L SC8T_BUFX16_CSC28L SC8T_BUFX1P5_CSC28L SC8T_BUFX1_A_CSC28L SC8T_BUFX1_MR_CSC28L SC8T_BUFX1_CSC28L SC8T_BUFX20_CSC28L SC8T_BUFX24_CSC28L SC8T_BUFX2_CSC28L SC8T_BUFX3_CSC28L SC8T_BUFX4_MR_CSC28L SC8T_BUFX4_CSC28L SC8T_BUFX6_CSC28L SC8T_BUFX8_CSC28L SC8T_CKBUFX10_CSC28L SC8T_CKBUFX12_CSC28L SC8T_CKBUFX16_CSC28L SC8T_CKBUFX1_MR_CSC28L SC8T_CKBUFX1_CSC28L SC8T_CKBUFX20_CSC28L SC8T_CKBUFX24_CSC28L SC8T_CKBUFX2_CSC28L SC8T_CKBUFX4_CSC28L SC8T_CKBUFX6_CSC28L SC8T_CKBUFX8_CSC28L
Total number of usable buffers: 28
List of unusable buffers:
Total number of unusable buffers: 0
List of usable inverters: SC8T_INVX0P5_CSC28L SC8T_INVX10_CSC28L SC8T_INVX12_CSC28L SC8T_INVX16_CSC28L SC8T_INVX1P5_CSC28L SC8T_INVX1_3CPP_CSC28L SC8T_INVX1_MR_CSC28L SC8T_INVX1_CSC28L SC8T_INVX20_CSC28L SC8T_INVX24_CSC28L SC8T_INVX2_CSC28L SC8T_INVX3_CSC28L SC8T_INVX4_CSC28L SC8T_INVX6_CSC28L SC8T_INVX8_CSC28L SC8T_CKINVX10_CSC28L SC8T_CKINVX12_CSC28L SC8T_CKINVX16_CSC28L SC8T_CKINVX1_MR_CSC28L SC8T_CKINVX1_CSC28L SC8T_CKINVX20_CSC28L SC8T_CKINVX24_CSC28L SC8T_CKINVX2_CSC28L SC8T_CKINVX4_CSC28L SC8T_CKINVX6_CSC28L SC8T_CKINVX8_CSC28L
Total number of usable inverters: 26
List of unusable inverters:
Total number of unusable inverters: 0
List of identified usable delay cells: SC8T_DLY100X1_CSC28L SC8T_DLY40X1_CSC28L SC8T_DLY60X1_CSC28L SC8T_DLY80X1_CSC28L
Total number of identified usable delay cells: 4
List of identified unusable delay cells:
Total number of identified unusable delay cells: 0
@file 14:
#@ End verbose source ../phy/scr/read_design.tcl
@file 3: source ${SCR_DIR}/floorplan.tcl
#@ Begin verbose source ../phy/scr/floorplan.tcl (pre)
@file 1: # margin around core
@file 2: set margin 40
@file 3: # spacing between Silago instances for routing to pins
@file 4: set spacing 40
@file 5: # Silago block size
@file 6: set width  200
@file 7: set height 200
@file 8:
@@file 9: create_floorplan -site SC8T_104CPP_CMOS22FDX -core_size [expr {9*$spacing + 8*$width}] [expr {3*$spacing + 2*$height}] $margin $margin $margin $margin -no_snap_to_grid

Honor LEF defined pitches for advanced node
Start create_tracks
**WARN: (IMPFP-325):	Floorplan of the design is resized. All current create_floorplan objects are automatically derived based on specified new create_floorplan. This may change blocks, fixed standard cells, existing routes and blockages.
@file 10:
@file 11: for {set i 0} {$i < 8} {incr i} {
#Top row
    set x1 [expr {double($margin + ($spacing * ($i+1)) + ($width * $i))}]
    set y1 [expr {double($margin + ($spacing *  2   ) +  $height     )}]
    set x2 [expr {double($x1 + $width )}]
    set y2 [expr {double($y1 + $height)}]

    set cell [lindex ${all_partition_hinst_list} $i ]
    create_boundary_constraint -type fence -hinst $cell -rects [list [list $x1 $y1 $x2 $y2]]
#Bottom row
    set y1 [expr {double($margin + $spacing)}]
    set y2 [expr {double($y1 + $height)}]

    set j [expr {$i + 8}]
    set cell [lindex ${all_partition_hinst_list} $j ]
    create_boundary_constraint -type fence -hinst $cell -rects [list [list $x1 $y1 $x2 $y2]]
}
#@ End verbose source ../phy/scr/floorplan.tcl
@file 4: source ${SCR_DIR}/powerplan.tcl
#@ Begin verbose source ../phy/scr/powerplan.tcl (pre)
@file 1: #Power Planning
@file 2: # RINGS
@@file 3: set_db add_rings_target default
The ring targets are set to core/block ring wires.
@@file 4: set_db add_rings_extend_over_row 0
add_rings command will disallow rings to go over rows.
@@file 5: set_db add_rings_ignore_rows 0
add_rings command will consider rows while creating rings.
@@file 6: set_db add_rings_avoid_short 0
add_rings command will ignore shorts while creating rings.
@@file 7: set_db add_rings_skip_shared_inner_ring none
@@file 8: set_db add_rings_stacked_via_top_layer LB
@@file 9: set_db add_rings_stacked_via_bottom_layer M1
@@file 10: set_db add_rings_via_using_exact_crossover_size 1
@@file 11: set_db add_rings_orthogonal_only true
@@file 12: set_db add_rings_skip_via_on_pin {  standardcell }
@@file 13: set_db add_rings_skip_via_on_wire_shape {  noshape }
@file 14:
@@file 15: add_rings -nets {VDD VSS} \
          -type core_rings \
          -follow core \
          -layer {top JB bottom JB left LB right LB} \
          -width {top 1.5 bottom 1.5 left 1.8 right 1.8} \
          -spacing {top 1.8 bottom 1.8 left 1.8 right 1.8} \
          -offset {top 1.8 bottom 1.8 left 1.8 right 1.8} \
          -center 0 \
          -threshold 0 \
          -jog_distance 0 \
          -snap_wire_center_to_grid none
#% Begin add_rings (date=01/03 09:09:21, mem=2248.3M)


viaInitial starts at Sat Jan  3 09:09:21 2026
viaInitial ends at Sat Jan  3 09:09:21 2026
Loading cell geometries (cpu: 0:00:00.0, real: 0:00:00.0, peak mem: 3001.4M)
Ring generation is complete.
vias are now being generated.
add_rings created 8 wires.
ViaGen created 8 vias, deleted 0 via to avoid violation.
+--------+----------------+----------------+
|  Layer |     Created    |     Deleted    |
+--------+----------------+----------------+
|   JB   |        4       |       NA       |
|   VV   |        8       |        0       |
|   LB   |        4       |       NA       |
+--------+----------------+----------------+
#% End add_rings (date=01/03 09:09:21, total cpu=0:00:00.2, real=0:00:00.0, peak res=2251.7M, current mem=2251.7M)
@file 26:
@file 27: # V STRIPES
@@file 28: set_db add_stripes_ignore_block_check false
When breaking rings, the power planner will consider the existence of blocks.
@@file 29: set_db add_stripes_break_at none
@@file 30: set_db add_stripes_route_over_rows_only false
@@file 31: set_db add_stripes_rows_without_stripes_only false
Stripes will not be created over regions without power planning wires.
@@file 32: set_db add_stripes_extend_to_closest_target none
Stripes will not extend to closest target.
@@file 33: set_db add_stripes_stop_at_last_wire_for_area false
Stripes will stop at the boundary of the specified area.
@@file 34: set_db add_stripes_partial_set_through_domain false
The entire stripe set will break at the domain if one of the nets is not in the domain.
@@file 35: set_db add_stripes_ignore_non_default_domains false
add_stripes will break automatically at non-default domains when generating global stripes over the core area or default domain.
@@file 36: set_db add_stripes_trim_antenna_back_to_shape none
The power planner will set stripe antenna targets to none (no trimming allowed).
@@file 37: set_db add_stripes_spacing_type edge_to_edge
@@file 38: set_db add_stripes_spacing_from_block 0
Offset for stripe breaking is set to 0.
@@file 39: set_db add_stripes_stripe_min_length stripe_width
@@file 40: set_db add_stripes_stacked_via_top_layer LB
@@file 41: set_db add_stripes_stacked_via_bottom_layer M1
@@file 42: set_db add_stripes_via_using_exact_crossover_size false
@@file 43: set_db add_stripes_split_vias false
@@file 44: set_db add_stripes_orthogonal_only true
@@file 45: set_db add_stripes_allow_jog { padcore_ring  block_ring }
add_stripes will allow jog to connect padcore ring and block ring.

@@file 46: set_db add_stripes_skip_via_on_pin {  standardcell }
@@file 47: set_db add_stripes_skip_via_on_wire_shape {  noshape   }
@file 48:
@@file 49: add_stripes -nets {VDD VSS} \
            -layer LB \
            -direction vertical \
            -width 1.8 \
            -spacing 1.8 \
            -set_to_set_distance 20 \
            -start_from left \
            -switch_layer_over_obs false \
            -max_same_layer_jog_length 2 \
            -pad_core_ring_top_layer_limit LB \
            -pad_core_ring_bottom_layer_limit M1 \
            -block_ring_top_layer_limit LB \
            -block_ring_bottom_layer_limit M1 \
            -use_wire_group 0 \
            -snap_wire_center_to_grid none
#% Begin add_stripes (date=01/03 09:09:21, mem=2251.7M)

Initialize fgc environment(mem: 3002.4M) ...  fail and won't use fgc to check drc(cpu: 0:00:00.0, real: 0:00:00.0, peak mem: 3002.4M)
Loading cell geometries (cpu: 0:00:00.0, real: 0:00:00.0, peak mem: 3002.4M)
Loading wires (cpu: 0:00:00.0, real: 0:00:00.0, peak mem: 3002.4M)
Loading via instances (cpu: 0:00:00.0, real: 0:00:00.0, peak mem: 3002.4M)
Starting stripe generation ...
Non-Default Mode Option Settings :
  NONE
Completing 10% stripe generation(cpu: 0:00:00.0, real: 0:00:00.0, peak mem: 3002.4M)
Completing 20% stripe generation(cpu: 0:00:00.0, real: 0:00:00.0, peak mem: 3002.4M)
Completing 30% stripe generation(cpu: 0:00:00.0, real: 0:00:00.0, peak mem: 3002.4M)
Completing 40% stripe generation(cpu: 0:00:00.0, real: 0:00:00.0, peak mem: 3002.4M)
Completing 50% stripe generation(cpu: 0:00:00.0, real: 0:00:00.0, peak mem: 3002.4M)
Completing 60% stripe generation(cpu: 0:00:00.0, real: 0:00:00.0, peak mem: 3002.4M)
Completing 70% stripe generation(cpu: 0:00:00.0, real: 0:00:00.0, peak mem: 3002.4M)
Completing 80% stripe generation(cpu: 0:00:00.0, real: 0:00:00.0, peak mem: 3002.4M)
Completing 90% stripe generation(cpu: 0:00:00.0, real: 0:00:00.0, peak mem: 3002.4M)
Completing 100% stripe generation(cpu: 0:00:00.0, real: 0:00:00.0, peak mem: 3002.4M)
Stripe generation is complete.
vias are now being generated.
add_stripes created 196 wires.
ViaGen created 392 vias, deleted 2 vias to avoid violation.
+--------+----------------+----------------+
|  Layer |     Created    |     Deleted    |
+--------+----------------+----------------+
|   VV   |       392      |        2       |
|   LB   |       196      |       NA       |
+--------+----------------+----------------+
#% End add_stripes (date=01/03 09:09:22, total cpu=0:00:00.4, real=0:00:01.0, peak res=2253.2M, current mem=2253.2M)
@file 64:
@file 65: # Special Route for Power Lanes
@@file 66: set_db route_special_via_connect_to_shape { noshape }
@file 67:
@@file 68: route_special -connect {block_pin pad_pin pad_ring core_pin floating_stripe} \
              -layer_change_range { M1(1) LB(11) } \
              -block_pin_target {nearest_target} \
              -pad_pin_port_connect {all_port one_geom} \
              -pad_pin_target {nearest_target} \
              -core_pin_target {first_after_row_end} \
              -floating_stripe_target {block_ring pad_ring ring stripe ring_pin block_pin followpin} \
              -allow_jogging 1 \
              -crossover_via_layer_range { M1(1) LB(11) } \
              -nets { VDD VSS } \
              -allow_layer_change 1 \
              -block_pin use_lef \
              -target_via_layer_range { M1(1) LB(11) }
#% Begin route_special (date=01/03 09:09:22, mem=2253.3M)
*** Begin SPECIAL ROUTE on Sat Jan  3 09:09:22 2026 ***
SPECIAL ROUTE ran on directory: /home/jcdavid/IL2225-Project/SiLagoNN/exe
SPECIAL ROUTE ran on machine: il2225ht25_jcdavid (Linux 5.15.0-164-generic Xeon 1.20Ghz)

Begin option processing ...
srouteConnectPowerBump set to false
routeSelectNet set to "VDD VSS"
routeSpecial set to true
srouteBlockPin set to "useLef"
srouteBottomLayerLimit set to 1
srouteBottomTargetLayerLimit set to 1
srouteConnectConverterPin set to false
srouteCrossoverViaBottomLayer set to 1
srouteCrossoverViaTopLayer set to 11
srouteFloatingStripeTarget set to "blockring padring ring stripe ringpin blockpin followpin"
srouteFollowCorePinEnd set to 3
srouteJogControl set to "preferWithChanges differentLayer"
srouteNoViaOnWireShape set to "padring ring stripe blockring blockpin coverpin blockwire corewire followpin iowire"
sroutePadPinAllPorts set to true
sroutePreserveExistingRoutes set to true
srouteRoutePowerBarPortOnBothDir set to true
srouteStopBlockPin set to "nearestTarget"
srouteTopLayerLimit set to 11
srouteTopTargetLayerLimit set to 11
End option processing: cpu: 0:00:00, real: 0:00:00, peak: 415.00 megs.

Reading DB technology information...
Finished reading DB technology information.
Reading floorplan and netlist information...
Finished reading floorplan and netlist information.
**WARN: (IMPSR-4302):	Cap-table/qrcTechFile is found in the design, so the same information from the technology file will be ignored.
Read in 23 layers, 11 routing layers, 1 overlap layer
Read in 959 macros, 93 used
Read in 92 components
  92 core components: 92 unplaced, 0 placed, 0 fixed
Read in 14409 logical pins
Read in 14409 nets
Read in 2 special nets, 2 routed
**WARN: (IMPSR-4305):	Reached the limit of the 128 candidates for the up vias on single M1 layer. The excess vias will be ignored.
**WARN: (IMPSR-4305):	Reached the limit of the 128 candidates for the down vias on single M2 layer. The excess vias will be ignored.
**WARN: (IMPSR-4305):	Reached the limit of the 128 candidates for the up vias on single M1 layer. The excess vias will be ignored.
**WARN: (IMPSR-4305):	Reached the limit of the 128 candidates for the down vias on single M2 layer. The excess vias will be ignored.
**WARN: (IMPSR-4305):	Reached the limit of the 128 candidates for the up vias on single M1 layer. The excess vias will be ignored.
**WARN: (IMPSR-4305):	Reached the limit of the 128 candidates for the down vias on single M2 layer. The excess vias will be ignored.
**WARN: (IMPSR-4305):	Reached the limit of the 128 candidates for the up vias on single M1 layer. The excess vias will be ignored.
**WARN: (IMPSR-4305):	Reached the limit of the 128 candidates for the down vias on single M2 layer. The excess vias will be ignored.
**WARN: (IMPSR-4305):	Reached the limit of the 128 candidates for the up vias on single M1 layer. The excess vias will be ignored.
**WARN: (IMPSR-4305):	Reached the limit of the 128 candidates for the down vias on single M2 layer. The excess vias will be ignored.
**WARN: (IMPSR-4305):	Reached the limit of the 128 candidates for the up vias on single M1 layer. The excess vias will be ignored.
**WARN: (IMPSR-4305):	Reached the limit of the 128 candidates for the down vias on single M2 layer. The excess vias will be ignored.
**WARN: (IMPSR-4305):	Reached the limit of the 128 candidates for the up vias on single M1 layer. The excess vias will be ignored.
**WARN: (IMPSR-4305):	Reached the limit of the 128 candidates for the down vias on single M2 layer. The excess vias will be ignored.
**WARN: (IMPSR-4305):	Reached the limit of the 128 candidates for the up vias on single M1 layer. The excess vias will be ignored.
**WARN: (IMPSR-4305):	Reached the limit of the 128 candidates for the down vias on single M2 layer. The excess vias will be ignored.
**WARN: (IMPSR-4305):	Reached the limit of the 128 candidates for the up vias on single M1 layer. The excess vias will be ignored.
**WARN: (IMPSR-4305):	Reached the limit of the 128 candidates for the down vias on single M2 layer. The excess vias will be ignored.
**WARN: (IMPSR-4305):	Reached the limit of the 128 candidates for the up vias on single M1 layer. The excess vias will be ignored.
**WARN: (IMPSR-4305):	Reached the limit of the 128 candidates for the down vias on single M2 layer. The excess vias will be ignored.
**WARN: (EMS-27):	Message (IMPSR-4305) has exceeded the current message display limit of 20.
To increase the message display limit, refer to the product command reference manual.
2 nets selected.

Begin power routing ...
**WARN: (IMPSR-1253):	Unable to find any standard cell pin connected to the VDD net.
 Run the connect_global_net command or change the CPF file to ensure that the netlist reflects the correct power ground connections. The standard cell pins must be defined as 'USE POWER' or 'USE GROUND' for the connection.
**WARN: (IMPSR-1254):	Unable to connect the specified objects, since block pins of the VDD net were not found in the design. Check netlist or change the parameter value to include block pins in the design.
**WARN: (IMPSR-1256):	Unable to find any CORE class pad pin of the VDD net due to unavailability of the pin or check netlist in the routing area or layer. Change routing area or layer to include the expected pin or check netlist. Alternatively, change port class in the technology file.
Type 'man IMPSR-1256' for more detail.
Cannot find any AREAIO class pad pin of net VDD. Check net list, or change port class in the technology file, or change option to include pin in given range.
**WARN: (IMPSR-1253):	Unable to find any standard cell pin connected to the VSS net.
 Run the connect_global_net command or change the CPF file to ensure that the netlist reflects the correct power ground connections. The standard cell pins must be defined as 'USE POWER' or 'USE GROUND' for the connection.
**WARN: (IMPSR-1254):	Unable to connect the specified objects, since block pins of the VSS net were not found in the design. Check netlist or change the parameter value to include block pins in the design.
**WARN: (IMPSR-1256):	Unable to find any CORE class pad pin of the VSS net due to unavailability of the pin or check netlist in the routing area or layer. Change routing area or layer to include the expected pin or check netlist. Alternatively, change port class in the technology file.
Type 'man IMPSR-1256' for more detail.
Cannot find any AREAIO class pad pin of net VSS. Check net list, or change port class in the technology file, or change option to include pin in given range.
**WARN: (IMPSR-468):	Cannot find any standard cell pin connected to net VDD.
Use set_db route_special_core_pin_reference_macro <standard cell> to specify a reference macro for followpin connection, or run connect_global_net command or change CPF file to make sure that the netlist reflects the correct power ground connections. The standard cell pins must be defined as "USE POWER" or "USE GROUND".
**WARN: (IMPSR-468):	Cannot find any standard cell pin connected to net VDD.
Use set_db route_special_core_pin_reference_macro <standard cell> to specify a reference macro for followpin connection, or run connect_global_net command or change CPF file to make sure that the netlist reflects the correct power ground connections. The standard cell pins must be defined as "USE POWER" or "USE GROUND".
**WARN: (IMPSR-468):	Cannot find any standard cell pin connected to net VSS.
Use set_db route_special_core_pin_reference_macro <standard cell> to specify a reference macro for followpin connection, or run connect_global_net command or change CPF file to make sure that the netlist reflects the correct power ground connections. The standard cell pins must be defined as "USE POWER" or "USE GROUND".
**WARN: (IMPSR-468):	Cannot find any standard cell pin connected to net VSS.
Use set_db route_special_core_pin_reference_macro <standard cell> to specify a reference macro for followpin connection, or run connect_global_net command or change CPF file to make sure that the netlist reflects the correct power ground connections. The standard cell pins must be defined as "USE POWER" or "USE GROUND".
**WARN: (IMPSR-468):	Cannot find any standard cell pin connected to net VDD.
Use set_db route_special_core_pin_reference_macro <standard cell> to specify a reference macro for followpin connection, or run connect_global_net command or change CPF file to make sure that the netlist reflects the correct power ground connections. The standard cell pins must be defined as "USE POWER" or "USE GROUND".
**WARN: (IMPSR-468):	Cannot find any standard cell pin connected to net VSS.
Use set_db route_special_core_pin_reference_macro <standard cell> to specify a reference macro for followpin connection, or run connect_global_net command or change CPF file to make sure that the netlist reflects the correct power ground connections. The standard cell pins must be defined as "USE POWER" or "USE GROUND".
**WARN: (IMPSR-468):	Cannot find any standard cell pin connected to net VDD.
Use set_db route_special_core_pin_reference_macro <standard cell> to specify a reference macro for followpin connection, or run connect_global_net command or change CPF file to make sure that the netlist reflects the correct power ground connections. The standard cell pins must be defined as "USE POWER" or "USE GROUND".
CPU time for VDD FollowPin 0 seconds
**WARN: (IMPSR-468):	Cannot find any standard cell pin connected to net VSS.
Use set_db route_special_core_pin_reference_macro <standard cell> to specify a reference macro for followpin connection, or run connect_global_net command or change CPF file to make sure that the netlist reflects the correct power ground connections. The standard cell pins must be defined as "USE POWER" or "USE GROUND".
CPU time for VSS FollowPin 0 seconds
**WARN: (IMPSR-4305):	Reached the limit of the 128 candidates for the up vias on single M1 layer. The excess vias will be ignored.
**WARN: (IMPSR-4305):	Reached the limit of the 128 candidates for the down vias on single M2 layer. The excess vias will be ignored.
**WARN: (IMPSR-4305):	Reached the limit of the 128 candidates for the up vias on single M1 layer. The excess vias will be ignored.
**WARN: (IMPSR-4305):	Reached the limit of the 128 candidates for the down vias on single M2 layer. The excess vias will be ignored.
**WARN: (IMPSR-4305):	Reached the limit of the 128 candidates for the up vias on single M1 layer. The excess vias will be ignored.
**WARN: (IMPSR-4305):	Reached the limit of the 128 candidates for the down vias on single M2 layer. The excess vias will be ignored.
**WARN: (IMPSR-4305):	Reached the limit of the 128 candidates for the up vias on single M1 layer. The excess vias will be ignored.
**WARN: (IMPSR-4305):	Reached the limit of the 128 candidates for the down vias on single M2 layer. The excess vias will be ignored.
**WARN: (IMPSR-4305):	Reached the limit of the 128 candidates for the up vias on single M1 layer. The excess vias will be ignored.
**WARN: (IMPSR-4305):	Reached the limit of the 128 candidates for the down vias on single M2 layer. The excess vias will be ignored.
**WARN: (IMPSR-4305):	Reached the limit of the 128 candidates for the up vias on single M1 layer. The excess vias will be ignored.
**WARN: (IMPSR-4305):	Reached the limit of the 128 candidates for the down vias on single M2 layer. The excess vias will be ignored.
**WARN: (IMPSR-4305):	Reached the limit of the 128 candidates for the up vias on single M1 layer. The excess vias will be ignored.
**WARN: (IMPSR-4305):	Reached the limit of the 128 candidates for the down vias on single M2 layer. The excess vias will be ignored.
**WARN: (IMPSR-4305):	Reached the limit of the 128 candidates for the up vias on single M1 layer. The excess vias will be ignored.
**WARN: (IMPSR-4305):	Reached the limit of the 128 candidates for the down vias on single M2 layer. The excess vias will be ignored.
**WARN: (IMPSR-4305):	Reached the limit of the 128 candidates for the up vias on single M1 layer. The excess vias will be ignored.
**WARN: (IMPSR-4305):	Reached the limit of the 128 candidates for the down vias on single M2 layer. The excess vias will be ignored.
**WARN: (IMPSR-4305):	Reached the limit of the 128 candidates for the up vias on single M1 layer. The excess vias will be ignored.
**WARN: (IMPSR-4305):	Reached the limit of the 128 candidates for the down vias on single M2 layer. The excess vias will be ignored.
**WARN: (EMS-27):	Message (IMPSR-4305) has exceeded the current message display limit of 20.
To increase the message display limit, refer to the product command reference manual.
**WARN: (IMPPP-531):	ViaGen Warning: Due to SPACING rule violation, viaGen fail to generate via on layer XD at (32.80, 43.03) (34.60, 43.42).
**WARN: (IMPPP-531):	ViaGen Warning: Due to SPACING rule violation, viaGen fail to generate via on layer XD at (32.80, 43.03) (34.60, 43.42).
**WARN: (IMPPP-531):	ViaGen Warning: Due to SPACING rule violation, viaGen fail to generate via on layer XD at (32.80, 43.03) (34.60, 43.42).
**WARN: (IMPPP-531):	ViaGen Warning: Due to SPACING rule violation, viaGen fail to generate via on layer XD at (32.80, 43.03) (34.60, 43.42).
**WARN: (IMPPP-531):	ViaGen Warning: Due to SPACING rule violation, viaGen fail to generate via on layer XD at (32.80, 43.03) (34.60, 43.42).
**WARN: (IMPPP-531):	ViaGen Warning: Due to SPACING rule violation, viaGen fail to generate via on layer XD at (32.80, 43.03) (34.60, 43.42).
**WARN: (IMPPP-531):	ViaGen Warning: Due to SPACING rule violation, viaGen fail to generate via on layer XD at (32.80, 43.03) (34.60, 43.42).
**WARN: (IMPPP-531):	ViaGen Warning: Due to SPACING rule violation, viaGen fail to generate via on layer XD at (32.80, 43.03) (34.60, 43.42).
**WARN: (IMPPP-531):	ViaGen Warning: Due to SPACING rule violation, viaGen fail to generate via on layer XD at (32.80, 43.03) (34.60, 43.42).
**WARN: (IMPPP-531):	ViaGen Warning: Due to SPACING rule violation, viaGen fail to generate via on layer XD at (32.80, 43.03) (34.60, 43.42).
**WARN: (IMPPP-531):	ViaGen Warning: Due to SPACING rule violation, viaGen fail to generate via on layer XD at (32.80, 43.03) (34.60, 43.42).
**WARN: (IMPPP-531):	ViaGen Warning: Due to SPACING rule violation, viaGen fail to generate via on layer XD at (32.80, 43.03) (34.60, 43.42).
**WARN: (IMPPP-531):	ViaGen Warning: Due to SPACING rule violation, viaGen fail to generate via on layer XD at (32.80, 43.03) (34.60, 43.42).
**WARN: (IMPPP-531):	ViaGen Warning: Due to SPACING rule violation, viaGen fail to generate via on layer XD at (32.80, 43.03) (34.60, 43.42).
**WARN: (IMPPP-531):	ViaGen Warning: Due to SPACING rule violation, viaGen fail to generate via on layer XD at (32.80, 43.03) (34.60, 43.42).
**WARN: (IMPPP-531):	ViaGen Warning: Due to SPACING rule violation, viaGen fail to generate via on layer XD at (32.80, 43.03) (34.60, 43.42).
**WARN: (IMPPP-531):	ViaGen Warning: Due to SPACING rule violation, viaGen fail to generate via on layer XD at (32.80, 43.03) (34.60, 43.42).
**WARN: (IMPPP-531):	ViaGen Warning: Due to SPACING rule violation, viaGen fail to generate via on layer XD at (32.80, 43.03) (34.60, 43.42).
**WARN: (IMPPP-531):	ViaGen Warning: Due to SPACING rule violation, viaGen fail to generate via on layer XD at (32.80, 43.03) (34.60, 43.42).
**WARN: (IMPPP-531):	ViaGen Warning: Due to SPACING rule violation, viaGen fail to generate via on layer XD at (32.80, 43.03) (34.60, 43.42).
**WARN: (EMS-27):	Message (IMPPP-531) has exceeded the current message display limit of 20.
To increase the message display limit, refer to the product command reference manual.
  Number of IO ports routed: 0
  Number of Block ports routed: 0
  Number of Stripe ports routed: 0
  Number of Core ports routed: 1353  open: 273
  Number of Pad ports routed: 0
  Number of Power Bump ports routed: 0
  Number of Followpin connections: 813
End power routing: cpu: 0:01:11, real: 0:01:11, peak: 621.00 megs.



 Begin updating DB with routing results ...
 Updating DB with 25 via definition ...Extracting standard cell pins and blockage ...... 
Pin and blockage extraction finished


route_special post-processing starts at Sat Jan  3 09:10:34 2026
The viaGen is rebuilding shadow vias for net VSS.
**WARN: (IMPPP-4500):	Extended number of geometries exist around 34.510000, 292.160000 between the M1 and LB layers. This may increase the run time.
Type 'man IMPPP-4500' for more detail.
route_special post-processing ends at Sat Jan  3 09:10:36 2026

route_special post-processing starts at Sat Jan  3 09:10:36 2026
The viaGen is rebuilding shadow vias for net VDD.
**WARN: (IMPPP-4500):	Extended number of geometries exist around 38.280000, 553.000000 between the M1 and LB layers. This may increase the run time.
Type 'man IMPPP-4500' for more detail.
**WARN: (IMPPP-4500):	Extended number of geometries exist around 2001.767000, 299.840000 between the M1 and LB layers. This may increase the run time.
Type 'man IMPPP-4500' for more detail.
route_special post-processing ends at Sat Jan  3 09:10:42 2026
route_special created 4932 wires.
ViaGen created 12203 vias, deleted 0 via to avoid violation.
+--------+----------------+----------------+
|  Layer |     Created    |     Deleted    |
+--------+----------------+----------------+
|   M1   |      2456      |       NA       |
|   V1   |      1375      |        0       |
|   M2   |      1083      |       NA       |
|   AY   |      1308      |        0       |
|   C1   |       159      |       NA       |
|   A1   |      1308      |        0       |
|   A2   |      1308      |        0       |
|   A3   |      1308      |        0       |
|   WT   |      1308      |        0       |
|   BA   |       263      |       NA       |
|   WA   |      1308      |        0       |
|   BB   |       133      |       NA       |
|   YR   |      1308      |        0       |
|   JA   |       73       |       NA       |
|   XD   |      1264      |        0       |
|   JB   |       492      |       NA       |
|   VV   |       408      |        0       |
|   LB   |       273      |       NA       |
+--------+----------------+----------------+
#% End route_special (date=01/03 09:10:42, total cpu=0:01:21, real=0:01:20, peak res=2439.2M, current mem=2300.9M)
@file 81:
#@ End verbose source ../phy/scr/powerplan.tcl
@file 5: source ${SCR_DIR}/partition.tcl
#@ Begin verbose source ../phy/scr/partition.tcl (pre)
@file 1: foreach part_hinst ${master_partition_hinst_list} {
    create_partition -hinst ${part_hinst} \
                     -core_spacing 0.0 0.0 0.0 0.0 \
                     -rail_width 0.0 -min_pitch_left 2 \
                     -min_pitch_right 2 -min_pitch_top 2 \
                     -min_pitch_bottom 2 \
                     -reserved_layer {1 2 3 4 5 6 7 8 9} \
                     -pin_layer_top {3 5 7 9} \
                     -pin_layer_left {2 4 6 8} \
                     -pin_layer_bottom {3 5 7 9} \
                     -pin_layer_right {2 4 6 8}
}
Creating partition Silago_top_left_corner.
Creating partition Silago_top.
Cell Silago_top defined as partitions has multiple instantiations (clones). Run align_partition_clones command after fixing orientations, size and positions of all clones.
Creating partition Silago_top_right_corner.
Creating partition Silago_bot_left_corner.
Creating partition Silago_bot.
Cell Silago_bot defined as partitions has multiple instantiations (clones). Run align_partition_clones command after fixing orientations, size and positions of all clones.
Creating partition Silago_bot_right_corner.
@file 13:
@@file 14: align_partition_clones -update_user_grid -pg_horizontal_grid -pg_vertical_grid
==============================================================================================================
                                        align_partition_clones Summary
==============================================================================================================
Partition                                             | Orientation |   Status   | Moved-by(X) | Moved-by(Y) | 
==============================================================================================================
Silago_top(Silago_top_inst_1_0)                       |             |    Aligned |             |             | 
 +Silago_top_inst_6_0                                 |     R0      |    Aligned |     -0.3560 |      0.0000 | 
 +Silago_top_inst_5_0                                 |     R0      |    Aligned |      0.2760 |      0.0000 | 
 +Silago_top_inst_4_0                                 |     R0      |    Aligned |      0.0080 |      0.0000 | 
 +Silago_top_inst_3_0                                 |     R0      |    Aligned |     -0.3640 |      0.0000 | 
 +Silago_top_inst_2_0                                 |     R0      |    Aligned |      0.2680 |      0.0000 | 
Silago_bot(Silago_bot_inst_1_1)                       |             |    Aligned |             |             | 
 +Silago_bot_inst_6_1                                 |     R0      |    Aligned |     -0.3560 |      0.0000 | 
 +Silago_bot_inst_5_1                                 |     R0      |    Aligned |      0.2760 |      0.0000 | 
 +Silago_bot_inst_4_1                                 |     R0      |    Aligned |      0.0080 |      0.0000 | 
 +Silago_bot_inst_3_1                                 |     R0      |    Aligned |     -0.3640 |      0.0000 | 
 +Silago_bot_inst_2_1                                 |     R0      |    Aligned |      0.2680 |      0.0000 | 
==============================================================================================================
@file 15:
@@file 16: assign_partition_pins
#% Begin assign_partition_pins (date=01/03 09:10:42, mem=2302.6M)
Starting pin assignment...
The design is not placed. Using create_floorplan based method for pin assignment.

There are 2684 ptnToPtn 2-pin nets in the design.
There are 2684 aligned ptnToPtn 2-pin nets.

There are 4638 topToPtn 2-pin nets in the design.
There are 4638 unaligned topToPtn 2-pin nets.

There are 7322 total 2-pin nets in the design.
There are 4638 unaligned total 2-pin nets.
There are 2684 aligned total 2-pin nets.

Completed pin assignment.
#% End assign_partition_pins (date=01/03 09:10:49, total cpu=0:00:07.5, real=0:00:07.0, peak res=2360.5M, current mem=2360.5M)
@@file 17: assign_io_pins
#% Begin assign_io_pins (date=01/03 09:10:49, mem=2360.5M)
Starting IO pin assignment...
The design is not placed. Using create_floorplan based method for pin assignment.
Completed IO pin assignment.
#% End assign_io_pins (date=01/03 09:10:55, total cpu=0:00:05.8, real=0:00:05.0, peak res=2367.2M, current mem=2367.2M)
@file 18:
@@file 19: set_db budget_virtual_opt_engine none
**WARN: (IMPTB-413):	Option "budget_virtual_opt_engine" of the set_db command doesn't regenerate Timing Graph, if it already exists.
@@file 20: set_db budget_constant_model     true
@@file 21: set_db budget_include_latency    true
@file 22:
@@file 23: create_timing_budget -partitions ${master_partition_module_list}
#% Begin create_timing_budget (date=01/03 09:10:55, mem=2367.6M)
[09:10:55.192361] Periodic Lic check successful
[09:10:55.192400] Feature usage summary:
[09:10:55.192401] Innovus_Impl_System
[09:10:55.192402] Innovus_Hier_Opt
[09:10:55.192403] Innovus_20nm_Opt

This command "create_timing_budget -partitions {
	Silago_top_left_corner ..." required an extra checkout of license invs_hier.
Additional license(s) checked out: 1 'Innovus_Hier_Opt' license(s)
..Deriving timing budget for partitioned modules
*** Derive timing budget will use the CTE timing engine ***
Budgets will be derived for the MMMC views 
-keepInstInSdc false                  # bool, default=false
*Info: Begin of create_active_logic_view (mem=3207.617188M)
*Info: CDTV Extra options: 
*Info: Creating Virtual Partition for Timingbudget.
*CDTV Mode - CTE clock propagation
*Info: Using CTE mode ...
*** CTE Mark Clock Nets in Setup Analysis Mode Begin (mem=3220.7M) ***
Ending "propagate_clocks_and_constants" (total cpu=0:01:07, real=0:00:13.0, peak res=3182.9M, current mem=3171.0M)
Ending "determine_constant_pins" (total cpu=0:00:02.5, real=0:00:01.0, peak res=3171.0M, current mem=3170.9M)
INFO: marked constant on 16698 pins
Ending "mark_constant_in_db" (total cpu=0:00:00.4, real=0:00:00.0, peak res=3171.1M, current mem=3171.1M)
Ending "mark_clock_in_db" (total cpu=0:00:01.8, real=0:00:02.0, peak res=3171.1M, current mem=3171.1M)
Ending "propagateConstantAndClockAndSetInDB" (total cpu=0:01:12, real=0:00:16.0, peak res=3182.9M, current mem=3171.1M)
*** CTE Mark Clock Nets End (cpu=0:01:12 mem=4045.2M) ***
*** Clear Unused Logic Marking (cpu=0:00:00.0, mem=4059.2M) ***
Deriving Virtual Partition of (drra_wrapper) using constraint mode functional ...
*** Clear Unused Logic Marking (cpu=0:00:00.0, mem=4139.1M) ***
*** Marking 260059/589935 (44%) insts as TAIgnored.
*** Marking 280555/614792 (45%) nets as TAIgnored.
*** Commit Timing View Marking (cpu=0:00:07.8, mem=4130.5M) ***
-----------------------------------------------------------------------------------
	Create Active Logic View Summary
-----------------------------------------------------------------------------------
Reduced Instances         Reduced Registers 
-----------------------------------------------------------------------------------
260059/589935 (44%)		22930/78895 (29%)
-----------------------------------------------------------------------------------
**WARN: (IMPTR-9998):	The mode setting command for route_trial is obsolete and should not be used anymore.  It still works in this release but will be removed in a future release.  You should change to use set_db route_early_global_<attr_name> to set modes for route_early_global which is the replacement tool for route_trial.
*** Build Timing Graph Begin (mem=3234.519531M)
Current (total cpu=0:28:11, real=0:05:52, peak res=3390.7M, current mem=2653.8M)
Ending "Constraint file reading stats" (total cpu=0:00:00.4, real=0:00:01.0, peak res=2669.6M, current mem=2669.6M)
Current (total cpu=0:28:12, real=0:05:53, peak res=3390.7M, current mem=2669.6M)
*** Build Timing Graph End (cpu=2.16, mem=3490.117188M)
Ending "create_active_logic_view" (total cpu=0:01:31, real=0:00:35.0, peak res=3390.7M, current mem=2669.6M)
AAE_INFO: opIsDesignInPostRouteState() is 0
AAE DB initialization (MEM=3705.93 CPU=0:00:00.8 REAL=0:00:00.0) 
#################################################################################
# Design Stage: PreRoute
# Design Name: drra_wrapper
# Design Mode: 90nm
# Analysis Mode: MMMC Non-OCV 
# Parasitics Mode: No SPEF/RCDB 
# Signoff Settings: SI Off 
#################################################################################
Calculate delays in BcWc mode...
Start delay calculation (fullDC) (8 T). (MEM=4014.37)
Total number of fetched objects 353813
AAE_INFO: Total number of nets for which stage creation was skipped for all views 0
End delay calculation. (MEM=5074.85 CPU=0:02:16 REAL=0:00:19.0)
End delay calculation (fullDC). (MEM=5074.85 CPU=0:02:39 REAL=0:00:32.0)
Ending "timingGraphGeneration" (total cpu=0:03:13, real=0:01:01, peak res=3643.2M, current mem=3136.2M)
Deriving budgets for Setup view AVF_RCWORST
Phase 1 timing budget data preparation (Setup)
Ptn Name Silago_bot_right_corner
Ptn Name Silago_bot
Ptn Name Silago_bot_left_corner
Ptn Name Silago_top_right_corner
Ptn Name Silago_top
Ptn Name Silago_top_left_corner
Creating directory budget_model.
Phase 2 timing budget data preparation (setup) (mem=4550.688M)
Budgeter Threads available : 8
Phase 3 timing budget data preparation (setup) (mem=8771.906M)
Processing clock for object Silago_top_left_corner (mem=8771.906M).....
Processing inputs(SDC) for object Silago_top_left_corner (mem=8771.906M)...
Processing outputs(SDC) for object Silago_top_left_corner (mem=8825.906M)...
Processing inputs(lib) for object Silago_top_left_corner (mem=8833.906M)...
Processing outputs(lib) for object Silago_top_left_corner (mem=8836.906M)...
***Completed processing of object Silago_top_left_corner (cpu=0:00:10.5 mem=8839.9M)***
Processing clock for object Silago_top (mem=8839.906M).....
Processing inputs(SDC) for object Silago_top (mem=8839.906M)...
Processing outputs(SDC) for object Silago_top (mem=8860.906M)...
Processing inputs(lib) for object Silago_top (mem=8866.906M)...
Processing outputs(lib) for object Silago_top (mem=8869.906M)...
***Completed processing of object Silago_top (cpu=0:00:02.8 mem=8872.9M)***
Processing clock for object Silago_top_right_corner (mem=8872.906M).....
Processing inputs(SDC) for object Silago_top_right_corner (mem=8872.906M)...
Processing outputs(SDC) for object Silago_top_right_corner (mem=8917.906M)...
Processing inputs(lib) for object Silago_top_right_corner (mem=8921.906M)...
Processing outputs(lib) for object Silago_top_right_corner (mem=8923.906M)...
***Completed processing of object Silago_top_right_corner (cpu=0:00:04.7 mem=8926.9M)***
Processing clock for object Silago_bot_left_corner (mem=8926.906M).....
Processing inputs(SDC) for object Silago_bot_left_corner (mem=8926.906M)...
Processing outputs(SDC) for object Silago_bot_left_corner (mem=8932.906M)...
Processing inputs(lib) for object Silago_bot_left_corner (mem=8936.906M)...
Processing outputs(lib) for object Silago_bot_left_corner (mem=8938.906M)...
***Completed processing of object Silago_bot_left_corner (cpu=0:00:01.2 mem=8941.9M)***
Processing clock for object Silago_bot (mem=8941.906M).....
Processing inputs(SDC) for object Silago_bot (mem=8941.906M)...
Processing outputs(SDC) for object Silago_bot (mem=8944.906M)...
Processing inputs(lib) for object Silago_bot (mem=8948.906M)...
Processing outputs(lib) for object Silago_bot (mem=8951.906M)...
***Completed processing of object Silago_bot (cpu=0:00:01.0 mem=8954.9M)***
Processing clock for object Silago_bot_right_corner (mem=8954.906M).....
Processing inputs(SDC) for object Silago_bot_right_corner (mem=8954.906M)...
Processing outputs(SDC) for object Silago_bot_right_corner (mem=8962.906M)...
Processing inputs(lib) for object Silago_bot_right_corner (mem=8964.906M)...
Processing outputs(lib) for object Silago_bot_right_corner (mem=8966.906M)...
***Completed processing of object Silago_bot_right_corner (cpu=0:00:01.2 mem=8969.9M)***
*** Core Derive timing budget (cpu=0:04:15 real=0:01:02 mem=8969.9M ) ***
Creating directory budget_justify/Silago_top_left_corner.
Creating directory budget_justify/Silago_top.
Creating directory budget_justify/Silago_top_right_corner.
Creating directory budget_justify/Silago_bot_left_corner.
Creating directory budget_justify/Silago_bot.
Creating directory budget_justify/Silago_bot_right_corner.
Save timing shell in file /tmp/innovus_temp_978112_il2225ht25_jcdavid_jcdavid_84Qfok/.tbTempPushDownCstr_w6C2jg
Ending "deriveTimingBudget_for_Setup_view:AVF_RCWORST" (total cpu=0:04:17, real=0:01:05, peak res=7849.5M, current mem=7823.0M)
AAE_INFO: opIsDesignInPostRouteState() is 0
#################################################################################
# Design Stage: PreRoute
# Design Name: drra_wrapper
# Design Mode: 90nm
# Analysis Mode: MMMC Non-OCV 
# Parasitics Mode: No SPEF/RCDB 
# Signoff Settings: SI Off 
#################################################################################
Calculate delays in BcWc mode...
Calculate delays in BcWc mode...
Start delay calculation (fullDC) (8 T). (MEM=8910.28)
*** Calculating scaling factor for LIBSET_BC libraries using the default operating condition of each library.
Total number of fetched objects 353813
AAE_INFO: Total number of nets for which stage creation was skipped for all views 0
Total number of fetched objects 353813
AAE_INFO: Total number of nets for which stage creation was skipped for all views 0
End delay calculation. (MEM=9582.51 CPU=0:04:05 REAL=0:00:32.0)
End delay calculation (fullDC). (MEM=9582.51 CPU=0:04:37 REAL=0:00:44.0)
Ending "timingGraphGeneration" (total cpu=0:05:18, real=0:01:19, peak res=8304.8M, current mem=7881.7M)
Deriving budgets for Hold view AVF_RCTYP
Phase 1 timing budget data preparation (Hold)
Ptn Name Silago_bot_right_corner
Ptn Name Silago_bot
Ptn Name Silago_bot_left_corner
Ptn Name Silago_top_right_corner
Ptn Name Silago_top
Ptn Name Silago_top_left_corner
Phase 2 timing budget data preparation (hold) (mem=9066.340M)
Phase 3 timing budget data preparation (hold) (mem=12844.371M)
Processing clock for object Silago_top_left_corner (mem=12844.371M).....
Processing inputs(SDC) for object Silago_top_left_corner (mem=12844.371M)...
Processing outputs(SDC) for object Silago_top_left_corner (mem=12912.371M)...
Processing inputs(lib) for object Silago_top_left_corner (mem=12921.371M)...
Processing outputs(lib) for object Silago_top_left_corner (mem=12923.371M)...
***Completed processing of object Silago_top_left_corner (cpu=0:00:11.2 mem=12926.4M)***
Processing clock for object Silago_top (mem=12926.371M).....
Processing inputs(SDC) for object Silago_top (mem=12926.371M)...
Processing outputs(SDC) for object Silago_top (mem=12946.371M)...
Processing inputs(lib) for object Silago_top (mem=12952.371M)...
Processing outputs(lib) for object Silago_top (mem=12954.371M)...
***Completed processing of object Silago_top (cpu=0:00:02.9 mem=12958.4M)***
Processing clock for object Silago_top_right_corner (mem=12958.371M).....
Processing inputs(SDC) for object Silago_top_right_corner (mem=12958.371M)...
Processing outputs(SDC) for object Silago_top_right_corner (mem=13001.371M)...
Processing inputs(lib) for object Silago_top_right_corner (mem=13005.371M)...
Processing outputs(lib) for object Silago_top_right_corner (mem=13007.371M)...
***Completed processing of object Silago_top_right_corner (cpu=0:00:04.9 mem=13010.4M)***
Processing clock for object Silago_bot_left_corner (mem=13010.371M).....
Processing inputs(SDC) for object Silago_bot_left_corner (mem=13010.371M)...
Processing outputs(SDC) for object Silago_bot_left_corner (mem=13015.371M)...
Processing inputs(lib) for object Silago_bot_left_corner (mem=13019.371M)...
Processing outputs(lib) for object Silago_bot_left_corner (mem=13022.371M)...
***Completed processing of object Silago_bot_left_corner (cpu=0:00:01.2 mem=13024.4M)***
Processing clock for object Silago_bot (mem=13024.371M).....
Processing inputs(SDC) for object Silago_bot (mem=13024.371M)...
Processing outputs(SDC) for object Silago_bot (mem=13028.371M)...
Processing inputs(lib) for object Silago_bot (mem=13031.371M)...
Processing outputs(lib) for object Silago_bot (mem=13034.371M)...
***Completed processing of object Silago_bot (cpu=0:00:01.0 mem=13037.4M)***
Processing clock for object Silago_bot_right_corner (mem=13037.371M).....
Processing inputs(SDC) for object Silago_bot_right_corner (mem=13037.371M)...
Processing outputs(SDC) for object Silago_bot_right_corner (mem=13045.371M)...
Processing inputs(lib) for object Silago_bot_right_corner (mem=13047.371M)...
Processing outputs(lib) for object Silago_bot_right_corner (mem=13049.371M)...
***Completed processing of object Silago_bot_right_corner (cpu=0:00:01.2 mem=13052.4M)***
*** Core Derive timing budget (cpu=0:04:13 real=0:01:02 mem=13052.4M ) ***
Save timing shell in file /tmp/innovus_temp_978112_il2225ht25_jcdavid_jcdavid_84Qfok/.tbTempPushDownCstr_fCzpfM
Ending "deriveTimingBudget_for_Hold_view:AVF_RCTYP" (total cpu=0:04:15, real=0:01:05, peak res=11984.7M, current mem=11933.0M)
Deriving budgets for Hold view AVF_RCBEST
Phase 1 timing budget data preparation (Hold)
Ptn Name Silago_bot_right_corner
Ptn Name Silago_bot
Ptn Name Silago_bot_left_corner
Ptn Name Silago_top_right_corner
Ptn Name Silago_top
Ptn Name Silago_top_left_corner
Phase 2 timing budget data preparation (hold) (mem=13090.199M)
Phase 3 timing budget data preparation (hold) (mem=16878.199M)
Processing clock for object Silago_top_left_corner (mem=16878.199M).....
Processing inputs(SDC) for object Silago_top_left_corner (mem=16878.199M)...
Processing outputs(SDC) for object Silago_top_left_corner (mem=16895.199M)...
Processing inputs(lib) for object Silago_top_left_corner (mem=16900.199M)...
Processing outputs(lib) for object Silago_top_left_corner (mem=16902.199M)...
***Completed processing of object Silago_top_left_corner (cpu=0:00:11.3 mem=16905.2M)***
Processing clock for object Silago_top (mem=16905.199M).....
Processing inputs(SDC) for object Silago_top (mem=16905.199M)...
Processing outputs(SDC) for object Silago_top (mem=16915.199M)...
Processing inputs(lib) for object Silago_top (mem=16918.199M)...
Processing outputs(lib) for object Silago_top (mem=16921.199M)...
***Completed processing of object Silago_top (cpu=0:00:03.1 mem=16924.2M)***
Processing clock for object Silago_top_right_corner (mem=16924.199M).....
Processing inputs(SDC) for object Silago_top_right_corner (mem=16924.199M)...
Processing outputs(SDC) for object Silago_top_right_corner (mem=16944.199M)...
Processing inputs(lib) for object Silago_top_right_corner (mem=16946.199M)...
Processing outputs(lib) for object Silago_top_right_corner (mem=16949.199M)...
***Completed processing of object Silago_top_right_corner (cpu=0:00:05.1 mem=16951.2M)***
Processing clock for object Silago_bot_left_corner (mem=16951.199M).....
Processing inputs(SDC) for object Silago_bot_left_corner (mem=16951.199M)...
Processing outputs(SDC) for object Silago_bot_left_corner (mem=16954.199M)...
Processing inputs(lib) for object Silago_bot_left_corner (mem=16957.199M)...
Processing outputs(lib) for object Silago_bot_left_corner (mem=16959.199M)...
***Completed processing of object Silago_bot_left_corner (cpu=0:00:01.2 mem=16961.2M)***
Processing clock for object Silago_bot (mem=16961.199M).....
Processing inputs(SDC) for object Silago_bot (mem=16961.199M)...
Processing outputs(SDC) for object Silago_bot (mem=16964.199M)...
Processing inputs(lib) for object Silago_bot (mem=16966.199M)...
Processing outputs(lib) for object Silago_bot (mem=16968.199M)...
***Completed processing of object Silago_bot (cpu=0:00:01.0 mem=16972.2M)***
Processing clock for object Silago_bot_right_corner (mem=16972.199M).....
Processing inputs(SDC) for object Silago_bot_right_corner (mem=16972.199M)...
Processing outputs(SDC) for object Silago_bot_right_corner (mem=16976.199M)...
Processing inputs(lib) for object Silago_bot_right_corner (mem=16977.199M)...
Processing outputs(lib) for object Silago_bot_right_corner (mem=16979.199M)...
***Completed processing of object Silago_bot_right_corner (cpu=0:00:02.3 mem=16982.2M)***
*** Core Derive timing budget (cpu=0:04:13 real=0:01:04 mem=16982.2M ) ***
Save timing shell in file /tmp/innovus_temp_978112_il2225ht25_jcdavid_jcdavid_84Qfok/.tbTempPushDownCstr_UQpBir
Ending "deriveTimingBudget_for_Hold_view:AVF_RCBEST" (total cpu=0:04:16, real=0:01:08, peak res=15912.3M, current mem=15853.9M)
*Info: Begin of clear_active_logic_view (mem=16978.199219M)
*** Clear Unused Logic Marking (cpu=0:00:00.0, mem=16939.0M) ***
**WARN: (IMPTR-9998):	The mode setting command for route_trial is obsolete and should not be used anymore.  It still works in this release but will be removed in a future release.  You should change to use set_db route_early_global_<attr_name> to set modes for route_early_global which is the replacement tool for route_trial.
Current (total cpu=0:49:50, real=0:11:51, peak res=15912.3M, current mem=15353.1M)
Ending "Constraint file reading stats" (total cpu=0:00:01.2, real=0:00:01.0, peak res=15371.2M, current mem=15371.2M)
Current (total cpu=0:49:52, real=0:11:53, peak res=15912.3M, current mem=15371.2M)
Ending "clear_active_logic_view" (total cpu=0:00:10.7, real=0:00:11.0, peak res=15853.9M, current mem=15371.2M)
#% End create_timing_budget (date=01/03 09:17:30, total cpu=0:23:13, real=0:06:36, peak res=15912.3M, current mem=15371.3M)
@file 24:
@@file 25: commit_partitions
#% Begin commit_partitions (date=01/03 09:17:31, mem=15371.3M)
Commit/create partition Silago_top_left_corner.
Building hierarchical netlist for Cell Silago_top_left_corner ...
**WARN: (IMPECO-560):	The netlist is not unique, because the module 'cell_config_swb' is instantiated multiple times. Make the netlist unique by running 'set_db init_design_uniquify true' before loading the design to avoid the problem.
Type 'man IMPECO-560' for more detail.
**WARN: (IMPECO-560):	The netlist is not unique, because the module 'InputMux_16_5_0' is instantiated multiple times. Make the netlist unique by running 'set_db init_design_uniquify true' before loading the design to avoid the problem.
Type 'man IMPECO-560' for more detail.
**WARN: (IMPECO-560):	The netlist is not unique, because the module 'InputMux_16_5_11' is instantiated multiple times. Make the netlist unique by running 'set_db init_design_uniquify true' before loading the design to avoid the problem.
Type 'man IMPECO-560' for more detail.
**WARN: (IMPECO-560):	The netlist is not unique, because the module 'InputMux_16_5_10' is instantiated multiple times. Make the netlist unique by running 'set_db init_design_uniquify true' before loading the design to avoid the problem.
Type 'man IMPECO-560' for more detail.
**WARN: (IMPECO-560):	The netlist is not unique, because the module 'InputMux_16_5_9' is instantiated multiple times. Make the netlist unique by running 'set_db init_design_uniquify true' before loading the design to avoid the problem.
Type 'man IMPECO-560' for more detail.
**WARN: (IMPECO-560):	The netlist is not unique, because the module 'InputMux_16_5_8' is instantiated multiple times. Make the netlist unique by running 'set_db init_design_uniquify true' before loading the design to avoid the problem.
Type 'man IMPECO-560' for more detail.
**WARN: (IMPECO-560):	The netlist is not unique, because the module 'InputMux_16_5_7' is instantiated multiple times. Make the netlist unique by running 'set_db init_design_uniquify true' before loading the design to avoid the problem.
Type 'man IMPECO-560' for more detail.
**WARN: (IMPECO-560):	The netlist is not unique, because the module 'InputMux_16_5_6' is instantiated multiple times. Make the netlist unique by running 'set_db init_design_uniquify true' before loading the design to avoid the problem.
Type 'man IMPECO-560' for more detail.
**WARN: (IMPECO-560):	The netlist is not unique, because the module 'InputMux_16_5_5' is instantiated multiple times. Make the netlist unique by running 'set_db init_design_uniquify true' before loading the design to avoid the problem.
Type 'man IMPECO-560' for more detail.
**WARN: (IMPECO-560):	The netlist is not unique, because the module 'InputMux_16_5_4' is instantiated multiple times. Make the netlist unique by running 'set_db init_design_uniquify true' before loading the design to avoid the problem.
Type 'man IMPECO-560' for more detail.
**WARN: (IMPECO-560):	The netlist is not unique, because the module 'InputMux_16_5_3' is instantiated multiple times. Make the netlist unique by running 'set_db init_design_uniquify true' before loading the design to avoid the problem.
Type 'man IMPECO-560' for more detail.
**WARN: (IMPECO-560):	The netlist is not unique, because the module 'InputMux_16_5_2' is instantiated multiple times. Make the netlist unique by running 'set_db init_design_uniquify true' before loading the design to avoid the problem.
Type 'man IMPECO-560' for more detail.
**WARN: (IMPECO-560):	The netlist is not unique, because the module 'InputMux_16_5_1' is instantiated multiple times. Make the netlist unique by running 'set_db init_design_uniquify true' before loading the design to avoid the problem.
Type 'man IMPECO-560' for more detail.
**WARN: (IMPECO-560):	The netlist is not unique, because the module 'switchbox_16_5' is instantiated multiple times. Make the netlist unique by running 'set_db init_design_uniquify true' before loading the design to avoid the problem.
Type 'man IMPECO-560' for more detail.
**WARN: (IMPECO-560):	The netlist is not unique, because the module 'priorityComponent_2_0' is instantiated multiple times. Make the netlist unique by running 'set_db init_design_uniquify true' before loading the design to avoid the problem.
Type 'man IMPECO-560' for more detail.
**WARN: (IMPECO-560):	The netlist is not unique, because the module 'priorityMux_2_0_4_2_4_0' is instantiated multiple times. Make the netlist unique by running 'set_db init_design_uniquify true' before loading the design to avoid the problem.
Type 'man IMPECO-560' for more detail.
**WARN: (IMPECO-560):	The netlist is not unique, because the module 'priorityMux_2_1_4_4_4_0' is instantiated multiple times. Make the netlist unique by running 'set_db init_design_uniquify true' before loading the design to avoid the problem.
Type 'man IMPECO-560' for more detail.
**WARN: (IMPECO-560):	The netlist is not unique, because the module 'priorityComponent_2_1' is instantiated multiple times. Make the netlist unique by running 'set_db init_design_uniquify true' before loading the design to avoid the problem.
Type 'man IMPECO-560' for more detail.
**WARN: (IMPECO-560):	The netlist is not unique, because the module 'priorityMux_2_0_4_2_4_1' is instantiated multiple times. Make the netlist unique by running 'set_db init_design_uniquify true' before loading the design to avoid the problem.
Type 'man IMPECO-560' for more detail.
**WARN: (IMPECO-560):	The netlist is not unique, because the module 'priorityMux_2_1_4_4_4_1' is instantiated multiple times. Make the netlist unique by running 'set_db init_design_uniquify true' before loading the design to avoid the problem.
Type 'man IMPECO-560' for more detail.
**WARN: (EMS-27):	Message (IMPECO-560) has exceeded the current message display limit of 20.
To increase the message display limit, refer to the product command reference manual.
*** Netlist is NOT unique.
Updating the floorplan ...
Summary report of promoted pins for partition: Silago_top_left_corner
	Total number of promoted all pins: 0
Summary report of promoted pins for partition: Silago_top_left_corner
	Total number of promoted all pins: 0
Commit/create partition Silago_top.
**WARN: (IMPPTN-1725):	The clone partition [Silago_top_inst_6_0] is not aligned by (0.3000, 0.0000) with the master partition [Silago_top] on the power mesh of vertical layer LB and horizontal layer M1.
**WARN: (IMPPTN-1725):	The clone partition [Silago_top_inst_5_0] is not aligned by (-0.3000, 0.0000) with the master partition [Silago_top] on the power mesh of vertical layer LB and horizontal layer M1.
**WARN: (IMPPTN-1725):	The clone partition [Silago_top_inst_3_0] is not aligned by (0.3000, 0.0000) with the master partition [Silago_top] on the power mesh of vertical layer LB and horizontal layer M1.
**WARN: (IMPPTN-1725):	The clone partition [Silago_top_inst_2_0] is not aligned by (-0.3000, 0.0000) with the master partition [Silago_top] on the power mesh of vertical layer LB and horizontal layer M1.
Building hierarchical netlist for Cell Silago_top ...
*** Netlist is NOT unique.
Updating the floorplan ...
Summary report of promoted pins for partition: Silago_top
	Total number of promoted all pins: 0
Summary report of promoted pins for partition: Silago_top
	Total number of promoted all pins: 0
Unflattening partition clones of partition Silago_top.
Commit/create partition Silago_top_right_corner.
Building hierarchical netlist for Cell Silago_top_right_corner ...
*** Netlist is NOT unique.
Updating the floorplan ...
Summary report of promoted pins for partition: Silago_top_right_corner
	Total number of promoted all pins: 0
Summary report of promoted pins for partition: Silago_top_right_corner
	Total number of promoted all pins: 0
Commit/create partition Silago_bot_left_corner.
Building hierarchical netlist for Cell Silago_bot_left_corner ...
*** Netlist is NOT unique.
Updating the floorplan ...
Summary report of promoted pins for partition: Silago_bot_left_corner
	Total number of promoted all pins: 0
Summary report of promoted pins for partition: Silago_bot_left_corner
	Total number of promoted all pins: 0
Commit/create partition Silago_bot.
**WARN: (IMPPTN-1725):	The clone partition [Silago_bot_inst_6_1] is not aligned by (0.3000, 0.0000) with the master partition [Silago_bot] on the power mesh of vertical layer LB and horizontal layer M1.
**WARN: (IMPPTN-1725):	The clone partition [Silago_bot_inst_5_1] is not aligned by (-0.3000, 0.0000) with the master partition [Silago_bot] on the power mesh of vertical layer LB and horizontal layer M1.
**WARN: (IMPPTN-1725):	The clone partition [Silago_bot_inst_3_1] is not aligned by (0.3000, 0.0000) with the master partition [Silago_bot] on the power mesh of vertical layer LB and horizontal layer M1.
**WARN: (IMPPTN-1725):	The clone partition [Silago_bot_inst_2_1] is not aligned by (-0.3000, 0.0000) with the master partition [Silago_bot] on the power mesh of vertical layer LB and horizontal layer M1.
Building hierarchical netlist for Cell Silago_bot ...
*** Netlist is NOT unique.
Updating the floorplan ...
Summary report of promoted pins for partition: Silago_bot
	Total number of promoted all pins: 0
Summary report of promoted pins for partition: Silago_bot
	Total number of promoted all pins: 0
Unflattening partition clones of partition Silago_bot.
Commit/create partition Silago_bot_right_corner.
Building hierarchical netlist for Cell Silago_bot_right_corner ...
*** Netlist is NOT unique.
Updating the floorplan ...
Summary report of promoted pins for partition: Silago_bot_right_corner
	Total number of promoted all pins: 0
Summary report of promoted pins for partition: Silago_bot_right_corner
	Total number of promoted all pins: 0
**WARN: (IMPECO-259):	The restored assign net '\dimarch_silego_rd_out[0][0] ' has multiple drives(# of drive = 2).
**WARN: (IMPECO-259):	The restored assign net '\dimarch_silego_rd_out[1][0] ' has multiple drives(# of drive = 2).
**WARN: (IMPECO-259):	The restored assign net '\dimarch_silego_rd_out[6][0] ' has multiple drives(# of drive = 2).
**WARN: (IMPECO-259):	The restored assign net '\dimarch_silego_rd_out[5][0] ' has multiple drives(# of drive = 2).
**WARN: (IMPECO-259):	The restored assign net '\dimarch_silego_rd_out[4][0] ' has multiple drives(# of drive = 2).
**WARN: (IMPECO-259):	The restored assign net '\dimarch_silego_rd_out[3][0] ' has multiple drives(# of drive = 2).
**WARN: (IMPECO-259):	The restored assign net '\dimarch_silego_rd_out[2][0] ' has multiple drives(# of drive = 2).
**WARN: (IMPECO-259):	The restored assign net '\dimarch_silego_rd_out[7][0] ' has multiple drives(# of drive = 2).
#% End commit_partitions (date=01/03 09:17:46, total cpu=0:00:17.1, real=0:00:15.0, peak res=15371.3M, current mem=15193.9M)
@file 26:
@@file 27: write_partitions -dir ${PART_DIR} -def
#% Begin write_partitions (date=01/03 09:17:47, mem=15193.9M)
AVF_RCTYP AVF_RCBEST AVF_RCWORST
Creating directory ../phy/db/part/Silago_bot_right_corner/.
Creating directory ../phy/db/part/Silago_bot_right_corner//mmmc.
File: ../phy/db/part/Silago_bot_right_corner/Silago_bot_right_corner_AVF_RCBEST.constr.pt
Save timing shell in file ../phy/db/part/Silago_bot_right_corner/Silago_bot_right_corner_AVF_RCBEST.constr.pt
Save timing shell sanity check results in the file ../phy/db/part/Silago_bot_right_corner/Silago_bot_right_corner_AVF_RCBEST.constr.warn
File: ../phy/db/part/Silago_bot_right_corner/Silago_bot_right_corner_AVF_RCTYP.constr.pt
Save timing shell in file ../phy/db/part/Silago_bot_right_corner/Silago_bot_right_corner_AVF_RCTYP.constr.pt
Save timing shell sanity check results in the file ../phy/db/part/Silago_bot_right_corner/Silago_bot_right_corner_AVF_RCTYP.constr.warn
File: ../phy/db/part/Silago_bot_right_corner/Silago_bot_right_corner_AVF_RCWORST.constr.pt
Save timing shell in file ../phy/db/part/Silago_bot_right_corner/Silago_bot_right_corner_AVF_RCWORST.constr.pt
Save timing shell sanity check results in the file ../phy/db/part/Silago_bot_right_corner/Silago_bot_right_corner_AVF_RCWORST.constr.warn
AVF_RCTYP AVF_RCBEST AVF_RCWORST
Creating directory ../phy/db/part/Silago_bot/.
Creating directory ../phy/db/part/Silago_bot//mmmc.
File: ../phy/db/part/Silago_bot/Silago_bot_AVF_RCBEST.constr.pt
Save timing shell in file ../phy/db/part/Silago_bot/Silago_bot_AVF_RCBEST.constr.pt
Save timing shell sanity check results in the file ../phy/db/part/Silago_bot/Silago_bot_AVF_RCBEST.constr.warn
File: ../phy/db/part/Silago_bot/Silago_bot_AVF_RCTYP.constr.pt
Save timing shell in file ../phy/db/part/Silago_bot/Silago_bot_AVF_RCTYP.constr.pt
Save timing shell sanity check results in the file ../phy/db/part/Silago_bot/Silago_bot_AVF_RCTYP.constr.warn
File: ../phy/db/part/Silago_bot/Silago_bot_AVF_RCWORST.constr.pt
Save timing shell in file ../phy/db/part/Silago_bot/Silago_bot_AVF_RCWORST.constr.pt
Save timing shell sanity check results in the file ../phy/db/part/Silago_bot/Silago_bot_AVF_RCWORST.constr.warn
AVF_RCTYP AVF_RCBEST AVF_RCWORST
Creating directory ../phy/db/part/Silago_bot_left_corner/.
Creating directory ../phy/db/part/Silago_bot_left_corner//mmmc.
File: ../phy/db/part/Silago_bot_left_corner/Silago_bot_left_corner_AVF_RCBEST.constr.pt
Save timing shell in file ../phy/db/part/Silago_bot_left_corner/Silago_bot_left_corner_AVF_RCBEST.constr.pt
Save timing shell sanity check results in the file ../phy/db/part/Silago_bot_left_corner/Silago_bot_left_corner_AVF_RCBEST.constr.warn
File: ../phy/db/part/Silago_bot_left_corner/Silago_bot_left_corner_AVF_RCTYP.constr.pt
Save timing shell in file ../phy/db/part/Silago_bot_left_corner/Silago_bot_left_corner_AVF_RCTYP.constr.pt
Save timing shell sanity check results in the file ../phy/db/part/Silago_bot_left_corner/Silago_bot_left_corner_AVF_RCTYP.constr.warn
File: ../phy/db/part/Silago_bot_left_corner/Silago_bot_left_corner_AVF_RCWORST.constr.pt
Save timing shell in file ../phy/db/part/Silago_bot_left_corner/Silago_bot_left_corner_AVF_RCWORST.constr.pt
Save timing shell sanity check results in the file ../phy/db/part/Silago_bot_left_corner/Silago_bot_left_corner_AVF_RCWORST.constr.warn
AVF_RCTYP AVF_RCBEST AVF_RCWORST
Creating directory ../phy/db/part/Silago_top_right_corner/.
Creating directory ../phy/db/part/Silago_top_right_corner//mmmc.
File: ../phy/db/part/Silago_top_right_corner/Silago_top_right_corner_AVF_RCBEST.constr.pt
Save timing shell in file ../phy/db/part/Silago_top_right_corner/Silago_top_right_corner_AVF_RCBEST.constr.pt
Save timing shell sanity check results in the file ../phy/db/part/Silago_top_right_corner/Silago_top_right_corner_AVF_RCBEST.constr.warn
File: ../phy/db/part/Silago_top_right_corner/Silago_top_right_corner_AVF_RCTYP.constr.pt
Save timing shell in file ../phy/db/part/Silago_top_right_corner/Silago_top_right_corner_AVF_RCTYP.constr.pt
Save timing shell sanity check results in the file ../phy/db/part/Silago_top_right_corner/Silago_top_right_corner_AVF_RCTYP.constr.warn
File: ../phy/db/part/Silago_top_right_corner/Silago_top_right_corner_AVF_RCWORST.constr.pt
Save timing shell in file ../phy/db/part/Silago_top_right_corner/Silago_top_right_corner_AVF_RCWORST.constr.pt
Save timing shell sanity check results in the file ../phy/db/part/Silago_top_right_corner/Silago_top_right_corner_AVF_RCWORST.constr.warn
AVF_RCTYP AVF_RCBEST AVF_RCWORST
Creating directory ../phy/db/part/Silago_top/.
Creating directory ../phy/db/part/Silago_top//mmmc.
File: ../phy/db/part/Silago_top/Silago_top_AVF_RCBEST.constr.pt
Save timing shell in file ../phy/db/part/Silago_top/Silago_top_AVF_RCBEST.constr.pt
Save timing shell sanity check results in the file ../phy/db/part/Silago_top/Silago_top_AVF_RCBEST.constr.warn
File: ../phy/db/part/Silago_top/Silago_top_AVF_RCTYP.constr.pt
Save timing shell in file ../phy/db/part/Silago_top/Silago_top_AVF_RCTYP.constr.pt
Save timing shell sanity check results in the file ../phy/db/part/Silago_top/Silago_top_AVF_RCTYP.constr.warn
File: ../phy/db/part/Silago_top/Silago_top_AVF_RCWORST.constr.pt
Save timing shell in file ../phy/db/part/Silago_top/Silago_top_AVF_RCWORST.constr.pt
Save timing shell sanity check results in the file ../phy/db/part/Silago_top/Silago_top_AVF_RCWORST.constr.warn
AVF_RCTYP AVF_RCBEST AVF_RCWORST
Creating directory ../phy/db/part/Silago_top_left_corner/.
Creating directory ../phy/db/part/Silago_top_left_corner//mmmc.
File: ../phy/db/part/Silago_top_left_corner/Silago_top_left_corner_AVF_RCBEST.constr.pt
Save timing shell in file ../phy/db/part/Silago_top_left_corner/Silago_top_left_corner_AVF_RCBEST.constr.pt
Save timing shell sanity check results in the file ../phy/db/part/Silago_top_left_corner/Silago_top_left_corner_AVF_RCBEST.constr.warn
File: ../phy/db/part/Silago_top_left_corner/Silago_top_left_corner_AVF_RCTYP.constr.pt
Save timing shell in file ../phy/db/part/Silago_top_left_corner/Silago_top_left_corner_AVF_RCTYP.constr.pt
Save timing shell sanity check results in the file ../phy/db/part/Silago_top_left_corner/Silago_top_left_corner_AVF_RCTYP.constr.warn
File: ../phy/db/part/Silago_top_left_corner/Silago_top_left_corner_AVF_RCWORST.constr.pt
Save timing shell in file ../phy/db/part/Silago_top_left_corner/Silago_top_left_corner_AVF_RCWORST.constr.pt
Save timing shell sanity check results in the file ../phy/db/part/Silago_top_left_corner/Silago_top_left_corner_AVF_RCWORST.constr.warn
Creating directory ../phy/db/part/drra_wrapper/.
Creating directory ../phy/db/part/drra_wrapper//mmmc.
AVF_RCTYP AVF_RCBEST AVF_RCWORST
Save input loading of partitioned cells in the file ../phy/db/part/drra_wrapper/Silago_top_left_corner_AVF_RCBEST.lib
Save input loading of partitioned cells in the file ../phy/db/part/drra_wrapper/Silago_top_AVF_RCBEST.lib
Save input loading of partitioned cells in the file ../phy/db/part/drra_wrapper/Silago_top_right_corner_AVF_RCBEST.lib
Save input loading of partitioned cells in the file ../phy/db/part/drra_wrapper/Silago_bot_left_corner_AVF_RCBEST.lib
Save input loading of partitioned cells in the file ../phy/db/part/drra_wrapper/Silago_bot_AVF_RCBEST.lib
Save input loading of partitioned cells in the file ../phy/db/part/drra_wrapper/Silago_bot_right_corner_AVF_RCBEST.lib
Save input loading of partitioned cells in the file ../phy/db/part/drra_wrapper/Silago_top_left_corner_AVF_RCTYP.lib
Save input loading of partitioned cells in the file ../phy/db/part/drra_wrapper/Silago_top_AVF_RCTYP.lib
Save input loading of partitioned cells in the file ../phy/db/part/drra_wrapper/Silago_top_right_corner_AVF_RCTYP.lib
Save input loading of partitioned cells in the file ../phy/db/part/drra_wrapper/Silago_bot_left_corner_AVF_RCTYP.lib
Save input loading of partitioned cells in the file ../phy/db/part/drra_wrapper/Silago_bot_AVF_RCTYP.lib
Save input loading of partitioned cells in the file ../phy/db/part/drra_wrapper/Silago_bot_right_corner_AVF_RCTYP.lib
Save input loading of partitioned cells in the file ../phy/db/part/drra_wrapper/Silago_top_left_corner_AVF_RCWORST.lib
Save input loading of partitioned cells in the file ../phy/db/part/drra_wrapper/Silago_top_AVF_RCWORST.lib
Save input loading of partitioned cells in the file ../phy/db/part/drra_wrapper/Silago_top_right_corner_AVF_RCWORST.lib
Save input loading of partitioned cells in the file ../phy/db/part/drra_wrapper/Silago_bot_left_corner_AVF_RCWORST.lib
Save input loading of partitioned cells in the file ../phy/db/part/drra_wrapper/Silago_bot_AVF_RCWORST.lib
Save input loading of partitioned cells in the file ../phy/db/part/drra_wrapper/Silago_bot_right_corner_AVF_RCWORST.lib
Save partition Silago_top_left_corner
Save netlist in file ../phy/db/part/Silago_top_left_corner/vbin/Silago_top_left_corner.v.bin
Writing Binary DB to ../phy/db/part/Silago_top_left_corner/vbin/Silago_top_left_corner.v.bin in multi-threaded mode...
Save initialization data in file ../phy/db/part/Silago_top_left_corner/root.init
**WARN: (IMPUDM-33):	Global variable "_timing_budget_latch_adjust_delta_threshold" is obsolete and will be removed in a future release. The obsolete variable still works in this release, but to avoid this warning and to ensure compatibility with future releases, remove the obsolete variable from your script.
**WARN: (GLOBAL-101):	Global '_timing_report_allow_tracing_through_trigger_arcs' will become obsolete. Please use 'timing_report_paths_through_sequential_arcs' instead
**WARN: (IMPUDM-33):	Global variable "timing_aocv_enable_gba_combine_launch_capture" is obsolete and will be removed in a future release. The obsolete variable still works in this release, but to avoid this warning and to ensure compatibility with future releases, remove the obsolete variable from your script.
**WARN: (IMPUDM-33):	Global variable "timing_aocv_min_stage_count_hold" is obsolete and will be removed in a future release. The obsolete variable still works in this release, but to avoid this warning and to ensure compatibility with future releases, remove the obsolete variable from your script.
**WARN: (IMPUDM-33):	Global variable "timing_aocv_min_stage_count_setup" is obsolete and will be removed in a future release. The obsolete variable still works in this release, but to avoid this warning and to ensure compatibility with future releases, remove the obsolete variable from your script.
**WARN: (GLOBAL-100):	Global 'timing_aocv_slack_threshold' has become obsolete. It will be removed in the next release.
**WARN: (IMPUDM-33):	Global variable "timing_build_all_hierarchical_pins" is obsolete and will be removed in a future release. The obsolete variable still works in this release, but to avoid this warning and to ensure compatibility with future releases, remove the obsolete variable from your script.
**WARN: (IMPUDM-33):	Global variable "timing_disable_backward_compatible_clock_source_data_sense_mode" is obsolete and will be removed in a future release. The obsolete variable still works in this release, but to avoid this warning and to ensure compatibility with future releases, remove the obsolete variable from your script.
**WARN: (IMPUDM-33):	Global variable "timing_disable_backward_compatible_cppr_tag_mode" is obsolete and will be removed in a future release. The obsolete variable still works in this release, but to avoid this warning and to ensure compatibility with future releases, remove the obsolete variable from your script.
**WARN: (IMPUDM-33):	Global variable "timing_disable_backward_compatible_socv_save_restore_mode" is obsolete and will be removed in a future release. The obsolete variable still works in this release, but to avoid this warning and to ensure compatibility with future releases, remove the obsolete variable from your script.
**WARN: (GLOBAL-100):	Global 'timing_disable_default_arc' has become obsolete. It will be removed in the next release.
**WARN: (IMPUDM-33):	Global variable "timing_disable_invalid_clock_check" is obsolete and will be removed in a future release. The obsolete variable still works in this release, but to avoid this warning and to ensure compatibility with future releases, remove the obsolete variable from your script.
**WARN: (IMPUDM-33):	Global variable "timing_dynamic_loop_breaking" is obsolete and will be removed in a future release. The obsolete variable still works in this release, but to avoid this warning and to ensure compatibility with future releases, remove the obsolete variable from your script.
**WARN: (IMPUDM-33):	Global variable "timing_enable_backward_compatible_bfs_endtag_mode" is obsolete and will be removed in a future release. The obsolete variable still works in this release, but to avoid this warning and to ensure compatibility with future releases, remove the obsolete variable from your script.
**WARN: (IMPUDM-33):	Global variable "timing_enable_backward_compatible_cppr_memory_reduction" is obsolete and will be removed in a future release. The obsolete variable still works in this release, but to avoid this warning and to ensure compatibility with future releases, remove the obsolete variable from your script.
**WARN: (IMPUDM-33):	Global variable "timing_enable_backward_compatible_delay_constraint_mode" is obsolete and will be removed in a future release. The obsolete variable still works in this release, but to avoid this warning and to ensure compatibility with future releases, remove the obsolete variable from your script.
**WARN: (IMPUDM-33):	Global variable "_timing_enable_backward_compatible_disable_check_default_arc" is obsolete and will be removed in a future release. The obsolete variable still works in this release, but to avoid this warning and to ensure compatibility with future releases, remove the obsolete variable from your script.
**WARN: (IMPUDM-33):	Global variable "timing_enable_backward_compatible_latch_thru_mt_mode" is obsolete and will be removed in a future release. The obsolete variable still works in this release, but to avoid this warning and to ensure compatibility with future releases, remove the obsolete variable from your script.
**WARN: (IMPUDM-33):	Global variable "timing_enable_backward_compatible_si_cppr_mode" is obsolete and will be removed in a future release. The obsolete variable still works in this release, but to avoid this warning and to ensure compatibility with future releases, remove the obsolete variable from your script.
**WARN: (IMPUDM-33):	Global variable "timing_enable_backward_compatible_zero_cycle_si_cppr_mode" is obsolete and will be removed in a future release. The obsolete variable still works in this release, but to avoid this warning and to ensure compatibility with future releases, remove the obsolete variable from your script.
**WARN: (GLOBAL-100):	Global 'timing_enable_efficient_clock_exception_handling' has become obsolete. It will be removed in the next release.
**WARN: (IMPUDM-33):	Global variable "timing_enable_efficient_path_group_mode" is obsolete and will be removed in a future release. The obsolete variable still works in this release, but to avoid this warning and to ensure compatibility with future releases, remove the obsolete variable from your script.
**WARN: (IMPUDM-33):	Global variable "timing_enable_ilm_constraints_flow" is obsolete and will be removed in a future release. The obsolete variable still works in this release, but to avoid this warning and to ensure compatibility with future releases, remove the obsolete variable from your script.
**WARN: (IMPUDM-33):	Global variable "timing_enable_separate_device_slew_effect_sensitivities" is obsolete and will be removed in a future release. The obsolete variable still works in this release, but to avoid this warning and to ensure compatibility with future releases, remove the obsolete variable from your script.
**WARN: (GLOBAL-100):	Global 'timing_extract_model_low_effort_characterization_mode' has become obsolete. It will be removed in the next release.
**WARN: (GLOBAL-100):	Global 'timing_report_backward_compatible_max_paths_reporting' has become obsolete. It will be removed in the next release.
**WARN: (GLOBAL-100):	Global 'timing_report_paths_through_sequential_arcs' has become obsolete. It will be removed in the next release.
**WARN: (EMS-27):	Message (IMPUDM-33) has exceeded the current message display limit of 20.
To increase the message display limit, refer to the product command reference manual.
Save globals in file ../phy/db/part/Silago_top_left_corner/Silago_top_left_corner.globals
Save floor plan in file ../phy/db/part/Silago_top_left_corner/Silago_top_left_corner.fp.gz
Save placement in file ../phy/db/part/Silago_top_left_corner/Silago_top_left_corner.place.gz
** Saving stdCellPlacement_binary (version# 1) ...
Save Adaptive View Pruning View Names to Binary file
Saving PG file ../phy/db/part/Silago_top_left_corner/Silago_top_left_corner.pg.gz, version#2, (Created by Innovus v21.19-s058_1 on Sat Jan  3 09:17:52 2026)
Save route in file ../phy/db/part/Silago_top_left_corner/Silago_top_left_corner.route.gz
*** Completed saveRoute (cpu=0:00:00.1 real=0:00:00.0 mem=16443.3M) ***
Saving property file ../phy/db/part/Silago_top_left_corner/Silago_top_left_corner.prop
Save module DEF in file ../phy/db/part/Silago_top_left_corner/Silago_top_left_corner.def.gz
Writing DEF file '../phy/db/part/Silago_top_left_corner/Silago_top_left_corner.def.gz', current time is Sat Jan  3 09:17:52 2026 ...
unitPerMicron=1000, dbgMicronPerDBU=0.001000, unitPerDBU=1.000000
DEF file '../phy/db/part/Silago_top_left_corner/Silago_top_left_corner.def.gz' is written, current time is Sat Jan  3 09:17:52 2026 ...
Save cell LEF in file ../phy/db/part/drra_wrapper/Silago_top_left_corner.partition.lef
**WARN: (IMPUDM-33):	Global variable "_timing_budget_latch_adjust_delta_threshold" is obsolete and will be removed in a future release. The obsolete variable still works in this release, but to avoid this warning and to ensure compatibility with future releases, remove the obsolete variable from your script.
**WARN: (GLOBAL-101):	Global '_timing_report_allow_tracing_through_trigger_arcs' will become obsolete. Please use 'timing_report_paths_through_sequential_arcs' instead
**WARN: (IMPUDM-33):	Global variable "timing_aocv_enable_gba_combine_launch_capture" is obsolete and will be removed in a future release. The obsolete variable still works in this release, but to avoid this warning and to ensure compatibility with future releases, remove the obsolete variable from your script.
**WARN: (IMPUDM-33):	Global variable "timing_aocv_min_stage_count_hold" is obsolete and will be removed in a future release. The obsolete variable still works in this release, but to avoid this warning and to ensure compatibility with future releases, remove the obsolete variable from your script.
**WARN: (IMPUDM-33):	Global variable "timing_aocv_min_stage_count_setup" is obsolete and will be removed in a future release. The obsolete variable still works in this release, but to avoid this warning and to ensure compatibility with future releases, remove the obsolete variable from your script.
**WARN: (GLOBAL-100):	Global 'timing_aocv_slack_threshold' has become obsolete. It will be removed in the next release.
**WARN: (IMPUDM-33):	Global variable "timing_build_all_hierarchical_pins" is obsolete and will be removed in a future release. The obsolete variable still works in this release, but to avoid this warning and to ensure compatibility with future releases, remove the obsolete variable from your script.
**WARN: (IMPUDM-33):	Global variable "timing_disable_backward_compatible_clock_source_data_sense_mode" is obsolete and will be removed in a future release. The obsolete variable still works in this release, but to avoid this warning and to ensure compatibility with future releases, remove the obsolete variable from your script.
**WARN: (IMPUDM-33):	Global variable "timing_disable_backward_compatible_cppr_tag_mode" is obsolete and will be removed in a future release. The obsolete variable still works in this release, but to avoid this warning and to ensure compatibility with future releases, remove the obsolete variable from your script.
**WARN: (IMPUDM-33):	Global variable "timing_disable_backward_compatible_socv_save_restore_mode" is obsolete and will be removed in a future release. The obsolete variable still works in this release, but to avoid this warning and to ensure compatibility with future releases, remove the obsolete variable from your script.
**WARN: (GLOBAL-100):	Global 'timing_disable_default_arc' has become obsolete. It will be removed in the next release.
**WARN: (IMPUDM-33):	Global variable "timing_disable_invalid_clock_check" is obsolete and will be removed in a future release. The obsolete variable still works in this release, but to avoid this warning and to ensure compatibility with future releases, remove the obsolete variable from your script.
**WARN: (IMPUDM-33):	Global variable "timing_dynamic_loop_breaking" is obsolete and will be removed in a future release. The obsolete variable still works in this release, but to avoid this warning and to ensure compatibility with future releases, remove the obsolete variable from your script.
**WARN: (IMPUDM-33):	Global variable "timing_enable_backward_compatible_bfs_endtag_mode" is obsolete and will be removed in a future release. The obsolete variable still works in this release, but to avoid this warning and to ensure compatibility with future releases, remove the obsolete variable from your script.
**WARN: (IMPUDM-33):	Global variable "timing_enable_backward_compatible_cppr_memory_reduction" is obsolete and will be removed in a future release. The obsolete variable still works in this release, but to avoid this warning and to ensure compatibility with future releases, remove the obsolete variable from your script.
**WARN: (IMPUDM-33):	Global variable "timing_enable_backward_compatible_delay_constraint_mode" is obsolete and will be removed in a future release. The obsolete variable still works in this release, but to avoid this warning and to ensure compatibility with future releases, remove the obsolete variable from your script.
**WARN: (IMPUDM-33):	Global variable "_timing_enable_backward_compatible_disable_check_default_arc" is obsolete and will be removed in a future release. The obsolete variable still works in this release, but to avoid this warning and to ensure compatibility with future releases, remove the obsolete variable from your script.
**WARN: (IMPUDM-33):	Global variable "timing_enable_backward_compatible_latch_thru_mt_mode" is obsolete and will be removed in a future release. The obsolete variable still works in this release, but to avoid this warning and to ensure compatibility with future releases, remove the obsolete variable from your script.
**WARN: (IMPUDM-33):	Global variable "timing_enable_backward_compatible_si_cppr_mode" is obsolete and will be removed in a future release. The obsolete variable still works in this release, but to avoid this warning and to ensure compatibility with future releases, remove the obsolete variable from your script.
**WARN: (IMPUDM-33):	Global variable "timing_enable_backward_compatible_zero_cycle_si_cppr_mode" is obsolete and will be removed in a future release. The obsolete variable still works in this release, but to avoid this warning and to ensure compatibility with future releases, remove the obsolete variable from your script.
**WARN: (GLOBAL-100):	Global 'timing_enable_efficient_clock_exception_handling' has become obsolete. It will be removed in the next release.
**WARN: (IMPUDM-33):	Global variable "timing_enable_efficient_path_group_mode" is obsolete and will be removed in a future release. The obsolete variable still works in this release, but to avoid this warning and to ensure compatibility with future releases, remove the obsolete variable from your script.
**WARN: (IMPUDM-33):	Global variable "timing_enable_ilm_constraints_flow" is obsolete and will be removed in a future release. The obsolete variable still works in this release, but to avoid this warning and to ensure compatibility with future releases, remove the obsolete variable from your script.
**WARN: (IMPUDM-33):	Global variable "timing_enable_separate_device_slew_effect_sensitivities" is obsolete and will be removed in a future release. The obsolete variable still works in this release, but to avoid this warning and to ensure compatibility with future releases, remove the obsolete variable from your script.
**WARN: (GLOBAL-100):	Global 'timing_extract_model_low_effort_characterization_mode' has become obsolete. It will be removed in the next release.
**WARN: (GLOBAL-100):	Global 'timing_report_backward_compatible_max_paths_reporting' has become obsolete. It will be removed in the next release.
**WARN: (GLOBAL-100):	Global 'timing_report_paths_through_sequential_arcs' has become obsolete. It will be removed in the next release.
**WARN: (EMS-27):	Message (IMPUDM-33) has exceeded the current message display limit of 20.
To increase the message display limit, refer to the product command reference manual.
Save mode in file ../phy/db/part/Silago_top_left_corner/Silago_top_left_corner.mode
CMD:::IMEX::make_portable_design  .  ../Silago_top_left_corner.enc.dat 0 0 0 ../Silago_top_left_corner.enc
rc_typ rc_best rc_worst
rc_typ rc_best rc_worst
rc_typ rc_best rc_worst
rc_typ rc_best rc_worst
rc_typ rc_best rc_worst
rc_typ rc_best rc_worst
rc_typ rc_best rc_worst
Generated self-contained design ../Silago_top_left_corner.enc.dat
Save partition Silago_top
Save netlist in file ../phy/db/part/Silago_top/vbin/Silago_top.v.bin
Writing Binary DB to ../phy/db/part/Silago_top/vbin/Silago_top.v.bin in multi-threaded mode...
Save initialization data in file ../phy/db/part/Silago_top/root.init
**WARN: (IMPUDM-33):	Global variable "_timing_budget_latch_adjust_delta_threshold" is obsolete and will be removed in a future release. The obsolete variable still works in this release, but to avoid this warning and to ensure compatibility with future releases, remove the obsolete variable from your script.
**WARN: (GLOBAL-101):	Global '_timing_report_allow_tracing_through_trigger_arcs' will become obsolete. Please use 'timing_report_paths_through_sequential_arcs' instead
**WARN: (IMPUDM-33):	Global variable "timing_aocv_enable_gba_combine_launch_capture" is obsolete and will be removed in a future release. The obsolete variable still works in this release, but to avoid this warning and to ensure compatibility with future releases, remove the obsolete variable from your script.
**WARN: (IMPUDM-33):	Global variable "timing_aocv_min_stage_count_hold" is obsolete and will be removed in a future release. The obsolete variable still works in this release, but to avoid this warning and to ensure compatibility with future releases, remove the obsolete variable from your script.
**WARN: (IMPUDM-33):	Global variable "timing_aocv_min_stage_count_setup" is obsolete and will be removed in a future release. The obsolete variable still works in this release, but to avoid this warning and to ensure compatibility with future releases, remove the obsolete variable from your script.
**WARN: (GLOBAL-100):	Global 'timing_aocv_slack_threshold' has become obsolete. It will be removed in the next release.
**WARN: (IMPUDM-33):	Global variable "timing_build_all_hierarchical_pins" is obsolete and will be removed in a future release. The obsolete variable still works in this release, but to avoid this warning and to ensure compatibility with future releases, remove the obsolete variable from your script.
**WARN: (IMPUDM-33):	Global variable "timing_disable_backward_compatible_clock_source_data_sense_mode" is obsolete and will be removed in a future release. The obsolete variable still works in this release, but to avoid this warning and to ensure compatibility with future releases, remove the obsolete variable from your script.
**WARN: (IMPUDM-33):	Global variable "timing_disable_backward_compatible_cppr_tag_mode" is obsolete and will be removed in a future release. The obsolete variable still works in this release, but to avoid this warning and to ensure compatibility with future releases, remove the obsolete variable from your script.
**WARN: (IMPUDM-33):	Global variable "timing_disable_backward_compatible_socv_save_restore_mode" is obsolete and will be removed in a future release. The obsolete variable still works in this release, but to avoid this warning and to ensure compatibility with future releases, remove the obsolete variable from your script.
**WARN: (GLOBAL-100):	Global 'timing_disable_default_arc' has become obsolete. It will be removed in the next release.
**WARN: (IMPUDM-33):	Global variable "timing_disable_invalid_clock_check" is obsolete and will be removed in a future release. The obsolete variable still works in this release, but to avoid this warning and to ensure compatibility with future releases, remove the obsolete variable from your script.
**WARN: (IMPUDM-33):	Global variable "timing_dynamic_loop_breaking" is obsolete and will be removed in a future release. The obsolete variable still works in this release, but to avoid this warning and to ensure compatibility with future releases, remove the obsolete variable from your script.
**WARN: (IMPUDM-33):	Global variable "timing_enable_backward_compatible_bfs_endtag_mode" is obsolete and will be removed in a future release. The obsolete variable still works in this release, but to avoid this warning and to ensure compatibility with future releases, remove the obsolete variable from your script.
**WARN: (IMPUDM-33):	Global variable "timing_enable_backward_compatible_cppr_memory_reduction" is obsolete and will be removed in a future release. The obsolete variable still works in this release, but to avoid this warning and to ensure compatibility with future releases, remove the obsolete variable from your script.
**WARN: (IMPUDM-33):	Global variable "timing_enable_backward_compatible_delay_constraint_mode" is obsolete and will be removed in a future release. The obsolete variable still works in this release, but to avoid this warning and to ensure compatibility with future releases, remove the obsolete variable from your script.
**WARN: (IMPUDM-33):	Global variable "_timing_enable_backward_compatible_disable_check_default_arc" is obsolete and will be removed in a future release. The obsolete variable still works in this release, but to avoid this warning and to ensure compatibility with future releases, remove the obsolete variable from your script.
**WARN: (IMPUDM-33):	Global variable "timing_enable_backward_compatible_latch_thru_mt_mode" is obsolete and will be removed in a future release. The obsolete variable still works in this release, but to avoid this warning and to ensure compatibility with future releases, remove the obsolete variable from your script.
**WARN: (IMPUDM-33):	Global variable "timing_enable_backward_compatible_si_cppr_mode" is obsolete and will be removed in a future release. The obsolete variable still works in this release, but to avoid this warning and to ensure compatibility with future releases, remove the obsolete variable from your script.
**WARN: (IMPUDM-33):	Global variable "timing_enable_backward_compatible_zero_cycle_si_cppr_mode" is obsolete and will be removed in a future release. The obsolete variable still works in this release, but to avoid this warning and to ensure compatibility with future releases, remove the obsolete variable from your script.
**WARN: (GLOBAL-100):	Global 'timing_enable_efficient_clock_exception_handling' has become obsolete. It will be removed in the next release.
**WARN: (IMPUDM-33):	Global variable "timing_enable_efficient_path_group_mode" is obsolete and will be removed in a future release. The obsolete variable still works in this release, but to avoid this warning and to ensure compatibility with future releases, remove the obsolete variable from your script.
**WARN: (IMPUDM-33):	Global variable "timing_enable_ilm_constraints_flow" is obsolete and will be removed in a future release. The obsolete variable still works in this release, but to avoid this warning and to ensure compatibility with future releases, remove the obsolete variable from your script.
**WARN: (IMPUDM-33):	Global variable "timing_enable_separate_device_slew_effect_sensitivities" is obsolete and will be removed in a future release. The obsolete variable still works in this release, but to avoid this warning and to ensure compatibility with future releases, remove the obsolete variable from your script.
**WARN: (GLOBAL-100):	Global 'timing_extract_model_low_effort_characterization_mode' has become obsolete. It will be removed in the next release.
**WARN: (GLOBAL-100):	Global 'timing_report_backward_compatible_max_paths_reporting' has become obsolete. It will be removed in the next release.
**WARN: (GLOBAL-100):	Global 'timing_report_paths_through_sequential_arcs' has become obsolete. It will be removed in the next release.
**WARN: (IMPUDM-33):	Global variable "timing_sdf_recompute_backward_compatibility" is obsolete and will be removed in a future release. The obsolete variable still works in this release, but to avoid this warning and to ensure compatibility with future releases, remove the obsolete variable from your script.
**WARN: (IMPUDM-33):	Global variable "timing_socv_analysis_nsigma_multiplier" is obsolete and will be removed in a future release. The obsolete variable still works in this release, but to avoid this warning and to ensure compatibility with future releases, remove the obsolete variable from your script.
**WARN: (IMPUDM-33):	Global variable "timing_socv_nsigma_hold_multiplier" is obsolete and will be removed in a future release. The obsolete variable still works in this release, but to avoid this warning and to ensure compatibility with future releases, remove the obsolete variable from your script.
**WARN: (IMPUDM-33):	Global variable "timing_socv_nsigma_setup_multiplier" is obsolete and will be removed in a future release. The obsolete variable still works in this release, but to avoid this warning and to ensure compatibility with future releases, remove the obsolete variable from your script.
Save globals in file ../phy/db/part/Silago_top/Silago_top.globals
Save floor plan in file ../phy/db/part/Silago_top/Silago_top.fp.gz
Save placement in file ../phy/db/part/Silago_top/Silago_top.place.gz
** Saving stdCellPlacement_binary (version# 1) ...
Save Adaptive View Pruning View Names to Binary file
Saving PG file ../phy/db/part/Silago_top/Silago_top.pg.gz, version#2, (Created by Innovus v21.19-s058_1 on Sat Jan  3 09:17:55 2026)
Save route in file ../phy/db/part/Silago_top/Silago_top.route.gz
*** Completed saveRoute (cpu=0:00:00.1 real=0:00:00.0 mem=16461.4M) ***
Saving property file ../phy/db/part/Silago_top/Silago_top.prop
Save module DEF in file ../phy/db/part/Silago_top/Silago_top.def.gz
Writing DEF file '../phy/db/part/Silago_top/Silago_top.def.gz', current time is Sat Jan  3 09:17:55 2026 ...
unitPerMicron=1000, dbgMicronPerDBU=0.001000, unitPerDBU=1.000000
DEF file '../phy/db/part/Silago_top/Silago_top.def.gz' is written, current time is Sat Jan  3 09:17:55 2026 ...
Save cell LEF in file ../phy/db/part/drra_wrapper/Silago_top.partition.lef
**WARN: (IMPUDM-33):	Global variable "_timing_budget_latch_adjust_delta_threshold" is obsolete and will be removed in a future release. The obsolete variable still works in this release, but to avoid this warning and to ensure compatibility with future releases, remove the obsolete variable from your script.
**WARN: (GLOBAL-101):	Global '_timing_report_allow_tracing_through_trigger_arcs' will become obsolete. Please use 'timing_report_paths_through_sequential_arcs' instead
**WARN: (IMPUDM-33):	Global variable "timing_aocv_enable_gba_combine_launch_capture" is obsolete and will be removed in a future release. The obsolete variable still works in this release, but to avoid this warning and to ensure compatibility with future releases, remove the obsolete variable from your script.
**WARN: (IMPUDM-33):	Global variable "timing_aocv_min_stage_count_hold" is obsolete and will be removed in a future release. The obsolete variable still works in this release, but to avoid this warning and to ensure compatibility with future releases, remove the obsolete variable from your script.
**WARN: (IMPUDM-33):	Global variable "timing_aocv_min_stage_count_setup" is obsolete and will be removed in a future release. The obsolete variable still works in this release, but to avoid this warning and to ensure compatibility with future releases, remove the obsolete variable from your script.
**WARN: (GLOBAL-100):	Global 'timing_aocv_slack_threshold' has become obsolete. It will be removed in the next release.
**WARN: (IMPUDM-33):	Global variable "timing_build_all_hierarchical_pins" is obsolete and will be removed in a future release. The obsolete variable still works in this release, but to avoid this warning and to ensure compatibility with future releases, remove the obsolete variable from your script.
**WARN: (IMPUDM-33):	Global variable "timing_disable_backward_compatible_clock_source_data_sense_mode" is obsolete and will be removed in a future release. The obsolete variable still works in this release, but to avoid this warning and to ensure compatibility with future releases, remove the obsolete variable from your script.
**WARN: (IMPUDM-33):	Global variable "timing_disable_backward_compatible_cppr_tag_mode" is obsolete and will be removed in a future release. The obsolete variable still works in this release, but to avoid this warning and to ensure compatibility with future releases, remove the obsolete variable from your script.
**WARN: (IMPUDM-33):	Global variable "timing_disable_backward_compatible_socv_save_restore_mode" is obsolete and will be removed in a future release. The obsolete variable still works in this release, but to avoid this warning and to ensure compatibility with future releases, remove the obsolete variable from your script.
**WARN: (GLOBAL-100):	Global 'timing_disable_default_arc' has become obsolete. It will be removed in the next release.
**WARN: (IMPUDM-33):	Global variable "timing_disable_invalid_clock_check" is obsolete and will be removed in a future release. The obsolete variable still works in this release, but to avoid this warning and to ensure compatibility with future releases, remove the obsolete variable from your script.
**WARN: (IMPUDM-33):	Global variable "timing_dynamic_loop_breaking" is obsolete and will be removed in a future release. The obsolete variable still works in this release, but to avoid this warning and to ensure compatibility with future releases, remove the obsolete variable from your script.
**WARN: (IMPUDM-33):	Global variable "timing_enable_backward_compatible_bfs_endtag_mode" is obsolete and will be removed in a future release. The obsolete variable still works in this release, but to avoid this warning and to ensure compatibility with future releases, remove the obsolete variable from your script.
**WARN: (IMPUDM-33):	Global variable "timing_enable_backward_compatible_cppr_memory_reduction" is obsolete and will be removed in a future release. The obsolete variable still works in this release, but to avoid this warning and to ensure compatibility with future releases, remove the obsolete variable from your script.
**WARN: (IMPUDM-33):	Global variable "timing_enable_backward_compatible_delay_constraint_mode" is obsolete and will be removed in a future release. The obsolete variable still works in this release, but to avoid this warning and to ensure compatibility with future releases, remove the obsolete variable from your script.
**WARN: (IMPUDM-33):	Global variable "_timing_enable_backward_compatible_disable_check_default_arc" is obsolete and will be removed in a future release. The obsolete variable still works in this release, but to avoid this warning and to ensure compatibility with future releases, remove the obsolete variable from your script.
**WARN: (IMPUDM-33):	Global variable "timing_enable_backward_compatible_latch_thru_mt_mode" is obsolete and will be removed in a future release. The obsolete variable still works in this release, but to avoid this warning and to ensure compatibility with future releases, remove the obsolete variable from your script.
**WARN: (IMPUDM-33):	Global variable "timing_enable_backward_compatible_si_cppr_mode" is obsolete and will be removed in a future release. The obsolete variable still works in this release, but to avoid this warning and to ensure compatibility with future releases, remove the obsolete variable from your script.
**WARN: (IMPUDM-33):	Global variable "timing_enable_backward_compatible_zero_cycle_si_cppr_mode" is obsolete and will be removed in a future release. The obsolete variable still works in this release, but to avoid this warning and to ensure compatibility with future releases, remove the obsolete variable from your script.
Message <GLOBAL-100> has exceeded the message display limit of '20'. Use 'set_message -no_limit -id list_of_msgIDs' to reset the message limit.
**WARN: (IMPUDM-33):	Global variable "timing_enable_efficient_path_group_mode" is obsolete and will be removed in a future release. The obsolete variable still works in this release, but to avoid this warning and to ensure compatibility with future releases, remove the obsolete variable from your script.
**WARN: (IMPUDM-33):	Global variable "timing_enable_ilm_constraints_flow" is obsolete and will be removed in a future release. The obsolete variable still works in this release, but to avoid this warning and to ensure compatibility with future releases, remove the obsolete variable from your script.
**WARN: (IMPUDM-33):	Global variable "timing_enable_separate_device_slew_effect_sensitivities" is obsolete and will be removed in a future release. The obsolete variable still works in this release, but to avoid this warning and to ensure compatibility with future releases, remove the obsolete variable from your script.
**WARN: (IMPUDM-33):	Global variable "timing_sdf_recompute_backward_compatibility" is obsolete and will be removed in a future release. The obsolete variable still works in this release, but to avoid this warning and to ensure compatibility with future releases, remove the obsolete variable from your script.
**WARN: (IMPUDM-33):	Global variable "timing_socv_analysis_nsigma_multiplier" is obsolete and will be removed in a future release. The obsolete variable still works in this release, but to avoid this warning and to ensure compatibility with future releases, remove the obsolete variable from your script.
**WARN: (IMPUDM-33):	Global variable "timing_socv_nsigma_hold_multiplier" is obsolete and will be removed in a future release. The obsolete variable still works in this release, but to avoid this warning and to ensure compatibility with future releases, remove the obsolete variable from your script.
**WARN: (IMPUDM-33):	Global variable "timing_socv_nsigma_setup_multiplier" is obsolete and will be removed in a future release. The obsolete variable still works in this release, but to avoid this warning and to ensure compatibility with future releases, remove the obsolete variable from your script.
Save mode in file ../phy/db/part/Silago_top/Silago_top.mode
CMD:::IMEX::make_portable_design  .  ../Silago_top.enc.dat 0 0 0 ../Silago_top.enc
rc_typ rc_best rc_worst
rc_typ rc_best rc_worst
rc_typ rc_best rc_worst
rc_typ rc_best rc_worst
rc_typ rc_best rc_worst
rc_typ rc_best rc_worst
rc_typ rc_best rc_worst
Generated self-contained design ../Silago_top.enc.dat
Save partition Silago_top_right_corner
Save netlist in file ../phy/db/part/Silago_top_right_corner/vbin/Silago_top_right_corner.v.bin
Writing Binary DB to ../phy/db/part/Silago_top_right_corner/vbin/Silago_top_right_corner.v.bin in multi-threaded mode...
Save initialization data in file ../phy/db/part/Silago_top_right_corner/root.init
**WARN: (IMPUDM-33):	Global variable "_timing_budget_latch_adjust_delta_threshold" is obsolete and will be removed in a future release. The obsolete variable still works in this release, but to avoid this warning and to ensure compatibility with future releases, remove the obsolete variable from your script.
**WARN: (GLOBAL-101):	Global '_timing_report_allow_tracing_through_trigger_arcs' will become obsolete. Please use 'timing_report_paths_through_sequential_arcs' instead
**WARN: (IMPUDM-33):	Global variable "timing_aocv_enable_gba_combine_launch_capture" is obsolete and will be removed in a future release. The obsolete variable still works in this release, but to avoid this warning and to ensure compatibility with future releases, remove the obsolete variable from your script.
**WARN: (IMPUDM-33):	Global variable "timing_aocv_min_stage_count_hold" is obsolete and will be removed in a future release. The obsolete variable still works in this release, but to avoid this warning and to ensure compatibility with future releases, remove the obsolete variable from your script.
**WARN: (IMPUDM-33):	Global variable "timing_aocv_min_stage_count_setup" is obsolete and will be removed in a future release. The obsolete variable still works in this release, but to avoid this warning and to ensure compatibility with future releases, remove the obsolete variable from your script.
**WARN: (IMPUDM-33):	Global variable "timing_build_all_hierarchical_pins" is obsolete and will be removed in a future release. The obsolete variable still works in this release, but to avoid this warning and to ensure compatibility with future releases, remove the obsolete variable from your script.
**WARN: (IMPUDM-33):	Global variable "timing_disable_backward_compatible_clock_source_data_sense_mode" is obsolete and will be removed in a future release. The obsolete variable still works in this release, but to avoid this warning and to ensure compatibility with future releases, remove the obsolete variable from your script.
**WARN: (IMPUDM-33):	Global variable "timing_disable_backward_compatible_cppr_tag_mode" is obsolete and will be removed in a future release. The obsolete variable still works in this release, but to avoid this warning and to ensure compatibility with future releases, remove the obsolete variable from your script.
**WARN: (IMPUDM-33):	Global variable "timing_disable_backward_compatible_socv_save_restore_mode" is obsolete and will be removed in a future release. The obsolete variable still works in this release, but to avoid this warning and to ensure compatibility with future releases, remove the obsolete variable from your script.
**WARN: (IMPUDM-33):	Global variable "timing_disable_invalid_clock_check" is obsolete and will be removed in a future release. The obsolete variable still works in this release, but to avoid this warning and to ensure compatibility with future releases, remove the obsolete variable from your script.
**WARN: (IMPUDM-33):	Global variable "timing_dynamic_loop_breaking" is obsolete and will be removed in a future release. The obsolete variable still works in this release, but to avoid this warning and to ensure compatibility with future releases, remove the obsolete variable from your script.
**WARN: (IMPUDM-33):	Global variable "timing_enable_backward_compatible_bfs_endtag_mode" is obsolete and will be removed in a future release. The obsolete variable still works in this release, but to avoid this warning and to ensure compatibility with future releases, remove the obsolete variable from your script.
**WARN: (IMPUDM-33):	Global variable "timing_enable_backward_compatible_cppr_memory_reduction" is obsolete and will be removed in a future release. The obsolete variable still works in this release, but to avoid this warning and to ensure compatibility with future releases, remove the obsolete variable from your script.
**WARN: (IMPUDM-33):	Global variable "timing_enable_backward_compatible_delay_constraint_mode" is obsolete and will be removed in a future release. The obsolete variable still works in this release, but to avoid this warning and to ensure compatibility with future releases, remove the obsolete variable from your script.
**WARN: (IMPUDM-33):	Global variable "_timing_enable_backward_compatible_disable_check_default_arc" is obsolete and will be removed in a future release. The obsolete variable still works in this release, but to avoid this warning and to ensure compatibility with future releases, remove the obsolete variable from your script.
**WARN: (IMPUDM-33):	Global variable "timing_enable_backward_compatible_latch_thru_mt_mode" is obsolete and will be removed in a future release. The obsolete variable still works in this release, but to avoid this warning and to ensure compatibility with future releases, remove the obsolete variable from your script.
**WARN: (IMPUDM-33):	Global variable "timing_enable_backward_compatible_si_cppr_mode" is obsolete and will be removed in a future release. The obsolete variable still works in this release, but to avoid this warning and to ensure compatibility with future releases, remove the obsolete variable from your script.
**WARN: (IMPUDM-33):	Global variable "timing_enable_backward_compatible_zero_cycle_si_cppr_mode" is obsolete and will be removed in a future release. The obsolete variable still works in this release, but to avoid this warning and to ensure compatibility with future releases, remove the obsolete variable from your script.
**WARN: (IMPUDM-33):	Global variable "timing_enable_efficient_path_group_mode" is obsolete and will be removed in a future release. The obsolete variable still works in this release, but to avoid this warning and to ensure compatibility with future releases, remove the obsolete variable from your script.
**WARN: (IMPUDM-33):	Global variable "timing_enable_ilm_constraints_flow" is obsolete and will be removed in a future release. The obsolete variable still works in this release, but to avoid this warning and to ensure compatibility with future releases, remove the obsolete variable from your script.
**WARN: (IMPUDM-33):	Global variable "timing_enable_separate_device_slew_effect_sensitivities" is obsolete and will be removed in a future release. The obsolete variable still works in this release, but to avoid this warning and to ensure compatibility with future releases, remove the obsolete variable from your script.
**WARN: (IMPUDM-33):	Global variable "timing_sdf_recompute_backward_compatibility" is obsolete and will be removed in a future release. The obsolete variable still works in this release, but to avoid this warning and to ensure compatibility with future releases, remove the obsolete variable from your script.
**WARN: (IMPUDM-33):	Global variable "timing_socv_analysis_nsigma_multiplier" is obsolete and will be removed in a future release. The obsolete variable still works in this release, but to avoid this warning and to ensure compatibility with future releases, remove the obsolete variable from your script.
**WARN: (IMPUDM-33):	Global variable "timing_socv_nsigma_hold_multiplier" is obsolete and will be removed in a future release. The obsolete variable still works in this release, but to avoid this warning and to ensure compatibility with future releases, remove the obsolete variable from your script.
**WARN: (IMPUDM-33):	Global variable "timing_socv_nsigma_setup_multiplier" is obsolete and will be removed in a future release. The obsolete variable still works in this release, but to avoid this warning and to ensure compatibility with future releases, remove the obsolete variable from your script.
Save globals in file ../phy/db/part/Silago_top_right_corner/Silago_top_right_corner.globals
Save floor plan in file ../phy/db/part/Silago_top_right_corner/Silago_top_right_corner.fp.gz
Save placement in file ../phy/db/part/Silago_top_right_corner/Silago_top_right_corner.place.gz
** Saving stdCellPlacement_binary (version# 1) ...
Save Adaptive View Pruning View Names to Binary file
Saving PG file ../phy/db/part/Silago_top_right_corner/Silago_top_right_corner.pg.gz, version#2, (Created by Innovus v21.19-s058_1 on Sat Jan  3 09:17:58 2026)
Save route in file ../phy/db/part/Silago_top_right_corner/Silago_top_right_corner.route.gz
*** Completed saveRoute (cpu=0:00:00.1 real=0:00:00.0 mem=16472.5M) ***
Saving property file ../phy/db/part/Silago_top_right_corner/Silago_top_right_corner.prop
Save module DEF in file ../phy/db/part/Silago_top_right_corner/Silago_top_right_corner.def.gz
Writing DEF file '../phy/db/part/Silago_top_right_corner/Silago_top_right_corner.def.gz', current time is Sat Jan  3 09:17:58 2026 ...
unitPerMicron=1000, dbgMicronPerDBU=0.001000, unitPerDBU=1.000000
DEF file '../phy/db/part/Silago_top_right_corner/Silago_top_right_corner.def.gz' is written, current time is Sat Jan  3 09:17:59 2026 ...
Save cell LEF in file ../phy/db/part/drra_wrapper/Silago_top_right_corner.partition.lef
**WARN: (IMPUDM-33):	Global variable "_timing_budget_latch_adjust_delta_threshold" is obsolete and will be removed in a future release. The obsolete variable still works in this release, but to avoid this warning and to ensure compatibility with future releases, remove the obsolete variable from your script.
**WARN: (GLOBAL-101):	Global '_timing_report_allow_tracing_through_trigger_arcs' will become obsolete. Please use 'timing_report_paths_through_sequential_arcs' instead
**WARN: (IMPUDM-33):	Global variable "timing_aocv_enable_gba_combine_launch_capture" is obsolete and will be removed in a future release. The obsolete variable still works in this release, but to avoid this warning and to ensure compatibility with future releases, remove the obsolete variable from your script.
**WARN: (IMPUDM-33):	Global variable "timing_aocv_min_stage_count_hold" is obsolete and will be removed in a future release. The obsolete variable still works in this release, but to avoid this warning and to ensure compatibility with future releases, remove the obsolete variable from your script.
**WARN: (IMPUDM-33):	Global variable "timing_aocv_min_stage_count_setup" is obsolete and will be removed in a future release. The obsolete variable still works in this release, but to avoid this warning and to ensure compatibility with future releases, remove the obsolete variable from your script.
**WARN: (IMPUDM-33):	Global variable "timing_build_all_hierarchical_pins" is obsolete and will be removed in a future release. The obsolete variable still works in this release, but to avoid this warning and to ensure compatibility with future releases, remove the obsolete variable from your script.
**WARN: (IMPUDM-33):	Global variable "timing_disable_backward_compatible_clock_source_data_sense_mode" is obsolete and will be removed in a future release. The obsolete variable still works in this release, but to avoid this warning and to ensure compatibility with future releases, remove the obsolete variable from your script.
**WARN: (IMPUDM-33):	Global variable "timing_disable_backward_compatible_cppr_tag_mode" is obsolete and will be removed in a future release. The obsolete variable still works in this release, but to avoid this warning and to ensure compatibility with future releases, remove the obsolete variable from your script.
**WARN: (IMPUDM-33):	Global variable "timing_disable_backward_compatible_socv_save_restore_mode" is obsolete and will be removed in a future release. The obsolete variable still works in this release, but to avoid this warning and to ensure compatibility with future releases, remove the obsolete variable from your script.
**WARN: (IMPUDM-33):	Global variable "timing_disable_invalid_clock_check" is obsolete and will be removed in a future release. The obsolete variable still works in this release, but to avoid this warning and to ensure compatibility with future releases, remove the obsolete variable from your script.
**WARN: (IMPUDM-33):	Global variable "timing_dynamic_loop_breaking" is obsolete and will be removed in a future release. The obsolete variable still works in this release, but to avoid this warning and to ensure compatibility with future releases, remove the obsolete variable from your script.
**WARN: (IMPUDM-33):	Global variable "timing_enable_backward_compatible_bfs_endtag_mode" is obsolete and will be removed in a future release. The obsolete variable still works in this release, but to avoid this warning and to ensure compatibility with future releases, remove the obsolete variable from your script.
**WARN: (IMPUDM-33):	Global variable "timing_enable_backward_compatible_cppr_memory_reduction" is obsolete and will be removed in a future release. The obsolete variable still works in this release, but to avoid this warning and to ensure compatibility with future releases, remove the obsolete variable from your script.
**WARN: (IMPUDM-33):	Global variable "timing_enable_backward_compatible_delay_constraint_mode" is obsolete and will be removed in a future release. The obsolete variable still works in this release, but to avoid this warning and to ensure compatibility with future releases, remove the obsolete variable from your script.
**WARN: (IMPUDM-33):	Global variable "_timing_enable_backward_compatible_disable_check_default_arc" is obsolete and will be removed in a future release. The obsolete variable still works in this release, but to avoid this warning and to ensure compatibility with future releases, remove the obsolete variable from your script.
**WARN: (IMPUDM-33):	Global variable "timing_enable_backward_compatible_latch_thru_mt_mode" is obsolete and will be removed in a future release. The obsolete variable still works in this release, but to avoid this warning and to ensure compatibility with future releases, remove the obsolete variable from your script.
**WARN: (IMPUDM-33):	Global variable "timing_enable_backward_compatible_si_cppr_mode" is obsolete and will be removed in a future release. The obsolete variable still works in this release, but to avoid this warning and to ensure compatibility with future releases, remove the obsolete variable from your script.
**WARN: (IMPUDM-33):	Global variable "timing_enable_backward_compatible_zero_cycle_si_cppr_mode" is obsolete and will be removed in a future release. The obsolete variable still works in this release, but to avoid this warning and to ensure compatibility with future releases, remove the obsolete variable from your script.
**WARN: (IMPUDM-33):	Global variable "timing_enable_efficient_path_group_mode" is obsolete and will be removed in a future release. The obsolete variable still works in this release, but to avoid this warning and to ensure compatibility with future releases, remove the obsolete variable from your script.
**WARN: (IMPUDM-33):	Global variable "timing_enable_ilm_constraints_flow" is obsolete and will be removed in a future release. The obsolete variable still works in this release, but to avoid this warning and to ensure compatibility with future releases, remove the obsolete variable from your script.
**WARN: (IMPUDM-33):	Global variable "timing_enable_separate_device_slew_effect_sensitivities" is obsolete and will be removed in a future release. The obsolete variable still works in this release, but to avoid this warning and to ensure compatibility with future releases, remove the obsolete variable from your script.
**WARN: (IMPUDM-33):	Global variable "timing_sdf_recompute_backward_compatibility" is obsolete and will be removed in a future release. The obsolete variable still works in this release, but to avoid this warning and to ensure compatibility with future releases, remove the obsolete variable from your script.
**WARN: (IMPUDM-33):	Global variable "timing_socv_analysis_nsigma_multiplier" is obsolete and will be removed in a future release. The obsolete variable still works in this release, but to avoid this warning and to ensure compatibility with future releases, remove the obsolete variable from your script.
**WARN: (IMPUDM-33):	Global variable "timing_socv_nsigma_hold_multiplier" is obsolete and will be removed in a future release. The obsolete variable still works in this release, but to avoid this warning and to ensure compatibility with future releases, remove the obsolete variable from your script.
**WARN: (IMPUDM-33):	Global variable "timing_socv_nsigma_setup_multiplier" is obsolete and will be removed in a future release. The obsolete variable still works in this release, but to avoid this warning and to ensure compatibility with future releases, remove the obsolete variable from your script.
Save mode in file ../phy/db/part/Silago_top_right_corner/Silago_top_right_corner.mode
CMD:::IMEX::make_portable_design  .  ../Silago_top_right_corner.enc.dat 0 0 0 ../Silago_top_right_corner.enc
rc_typ rc_best rc_worst
rc_typ rc_best rc_worst
rc_typ rc_best rc_worst
rc_typ rc_best rc_worst
rc_typ rc_best rc_worst
rc_typ rc_best rc_worst
rc_typ rc_best rc_worst
Generated self-contained design ../Silago_top_right_corner.enc.dat
Save partition Silago_bot_left_corner
Save netlist in file ../phy/db/part/Silago_bot_left_corner/vbin/Silago_bot_left_corner.v.bin
Writing Binary DB to ../phy/db/part/Silago_bot_left_corner/vbin/Silago_bot_left_corner.v.bin in multi-threaded mode...
Save initialization data in file ../phy/db/part/Silago_bot_left_corner/root.init
**WARN: (IMPUDM-33):	Global variable "_timing_budget_latch_adjust_delta_threshold" is obsolete and will be removed in a future release. The obsolete variable still works in this release, but to avoid this warning and to ensure compatibility with future releases, remove the obsolete variable from your script.
**WARN: (GLOBAL-101):	Global '_timing_report_allow_tracing_through_trigger_arcs' will become obsolete. Please use 'timing_report_paths_through_sequential_arcs' instead
**WARN: (IMPUDM-33):	Global variable "timing_aocv_enable_gba_combine_launch_capture" is obsolete and will be removed in a future release. The obsolete variable still works in this release, but to avoid this warning and to ensure compatibility with future releases, remove the obsolete variable from your script.
**WARN: (IMPUDM-33):	Global variable "timing_aocv_min_stage_count_hold" is obsolete and will be removed in a future release. The obsolete variable still works in this release, but to avoid this warning and to ensure compatibility with future releases, remove the obsolete variable from your script.
**WARN: (IMPUDM-33):	Global variable "timing_aocv_min_stage_count_setup" is obsolete and will be removed in a future release. The obsolete variable still works in this release, but to avoid this warning and to ensure compatibility with future releases, remove the obsolete variable from your script.
**WARN: (IMPUDM-33):	Global variable "timing_build_all_hierarchical_pins" is obsolete and will be removed in a future release. The obsolete variable still works in this release, but to avoid this warning and to ensure compatibility with future releases, remove the obsolete variable from your script.
**WARN: (IMPUDM-33):	Global variable "timing_disable_backward_compatible_clock_source_data_sense_mode" is obsolete and will be removed in a future release. The obsolete variable still works in this release, but to avoid this warning and to ensure compatibility with future releases, remove the obsolete variable from your script.
**WARN: (IMPUDM-33):	Global variable "timing_disable_backward_compatible_cppr_tag_mode" is obsolete and will be removed in a future release. The obsolete variable still works in this release, but to avoid this warning and to ensure compatibility with future releases, remove the obsolete variable from your script.
**WARN: (IMPUDM-33):	Global variable "timing_disable_backward_compatible_socv_save_restore_mode" is obsolete and will be removed in a future release. The obsolete variable still works in this release, but to avoid this warning and to ensure compatibility with future releases, remove the obsolete variable from your script.
**WARN: (IMPUDM-33):	Global variable "timing_disable_invalid_clock_check" is obsolete and will be removed in a future release. The obsolete variable still works in this release, but to avoid this warning and to ensure compatibility with future releases, remove the obsolete variable from your script.
**WARN: (IMPUDM-33):	Global variable "timing_dynamic_loop_breaking" is obsolete and will be removed in a future release. The obsolete variable still works in this release, but to avoid this warning and to ensure compatibility with future releases, remove the obsolete variable from your script.
**WARN: (IMPUDM-33):	Global variable "timing_enable_backward_compatible_bfs_endtag_mode" is obsolete and will be removed in a future release. The obsolete variable still works in this release, but to avoid this warning and to ensure compatibility with future releases, remove the obsolete variable from your script.
**WARN: (IMPUDM-33):	Global variable "timing_enable_backward_compatible_cppr_memory_reduction" is obsolete and will be removed in a future release. The obsolete variable still works in this release, but to avoid this warning and to ensure compatibility with future releases, remove the obsolete variable from your script.
**WARN: (IMPUDM-33):	Global variable "timing_enable_backward_compatible_delay_constraint_mode" is obsolete and will be removed in a future release. The obsolete variable still works in this release, but to avoid this warning and to ensure compatibility with future releases, remove the obsolete variable from your script.
**WARN: (IMPUDM-33):	Global variable "_timing_enable_backward_compatible_disable_check_default_arc" is obsolete and will be removed in a future release. The obsolete variable still works in this release, but to avoid this warning and to ensure compatibility with future releases, remove the obsolete variable from your script.
**WARN: (IMPUDM-33):	Global variable "timing_enable_backward_compatible_latch_thru_mt_mode" is obsolete and will be removed in a future release. The obsolete variable still works in this release, but to avoid this warning and to ensure compatibility with future releases, remove the obsolete variable from your script.
**WARN: (IMPUDM-33):	Global variable "timing_enable_backward_compatible_si_cppr_mode" is obsolete and will be removed in a future release. The obsolete variable still works in this release, but to avoid this warning and to ensure compatibility with future releases, remove the obsolete variable from your script.
**WARN: (IMPUDM-33):	Global variable "timing_enable_backward_compatible_zero_cycle_si_cppr_mode" is obsolete and will be removed in a future release. The obsolete variable still works in this release, but to avoid this warning and to ensure compatibility with future releases, remove the obsolete variable from your script.
**WARN: (IMPUDM-33):	Global variable "timing_enable_efficient_path_group_mode" is obsolete and will be removed in a future release. The obsolete variable still works in this release, but to avoid this warning and to ensure compatibility with future releases, remove the obsolete variable from your script.
**WARN: (IMPUDM-33):	Global variable "timing_enable_ilm_constraints_flow" is obsolete and will be removed in a future release. The obsolete variable still works in this release, but to avoid this warning and to ensure compatibility with future releases, remove the obsolete variable from your script.
**WARN: (IMPUDM-33):	Global variable "timing_enable_separate_device_slew_effect_sensitivities" is obsolete and will be removed in a future release. The obsolete variable still works in this release, but to avoid this warning and to ensure compatibility with future releases, remove the obsolete variable from your script.
**WARN: (IMPUDM-33):	Global variable "timing_sdf_recompute_backward_compatibility" is obsolete and will be removed in a future release. The obsolete variable still works in this release, but to avoid this warning and to ensure compatibility with future releases, remove the obsolete variable from your script.
**WARN: (IMPUDM-33):	Global variable "timing_socv_analysis_nsigma_multiplier" is obsolete and will be removed in a future release. The obsolete variable still works in this release, but to avoid this warning and to ensure compatibility with future releases, remove the obsolete variable from your script.
**WARN: (IMPUDM-33):	Global variable "timing_socv_nsigma_hold_multiplier" is obsolete and will be removed in a future release. The obsolete variable still works in this release, but to avoid this warning and to ensure compatibility with future releases, remove the obsolete variable from your script.
**WARN: (IMPUDM-33):	Global variable "timing_socv_nsigma_setup_multiplier" is obsolete and will be removed in a future release. The obsolete variable still works in this release, but to avoid this warning and to ensure compatibility with future releases, remove the obsolete variable from your script.
Save globals in file ../phy/db/part/Silago_bot_left_corner/Silago_bot_left_corner.globals
Save floor plan in file ../phy/db/part/Silago_bot_left_corner/Silago_bot_left_corner.fp.gz
Save placement in file ../phy/db/part/Silago_bot_left_corner/Silago_bot_left_corner.place.gz
** Saving stdCellPlacement_binary (version# 1) ...
Save Adaptive View Pruning View Names to Binary file
Saving PG file ../phy/db/part/Silago_bot_left_corner/Silago_bot_left_corner.pg.gz, version#2, (Created by Innovus v21.19-s058_1 on Sat Jan  3 09:18:01 2026)
Save route in file ../phy/db/part/Silago_bot_left_corner/Silago_bot_left_corner.route.gz
*** Completed saveRoute (cpu=0:00:00.1 real=0:00:00.0 mem=16472.6M) ***
Saving property file ../phy/db/part/Silago_bot_left_corner/Silago_bot_left_corner.prop
Save module DEF in file ../phy/db/part/Silago_bot_left_corner/Silago_bot_left_corner.def.gz
Writing DEF file '../phy/db/part/Silago_bot_left_corner/Silago_bot_left_corner.def.gz', current time is Sat Jan  3 09:18:01 2026 ...
unitPerMicron=1000, dbgMicronPerDBU=0.001000, unitPerDBU=1.000000
DEF file '../phy/db/part/Silago_bot_left_corner/Silago_bot_left_corner.def.gz' is written, current time is Sat Jan  3 09:18:02 2026 ...
Save cell LEF in file ../phy/db/part/drra_wrapper/Silago_bot_left_corner.partition.lef
**WARN: (IMPUDM-33):	Global variable "_timing_budget_latch_adjust_delta_threshold" is obsolete and will be removed in a future release. The obsolete variable still works in this release, but to avoid this warning and to ensure compatibility with future releases, remove the obsolete variable from your script.
**WARN: (GLOBAL-101):	Global '_timing_report_allow_tracing_through_trigger_arcs' will become obsolete. Please use 'timing_report_paths_through_sequential_arcs' instead
**WARN: (IMPUDM-33):	Global variable "timing_aocv_enable_gba_combine_launch_capture" is obsolete and will be removed in a future release. The obsolete variable still works in this release, but to avoid this warning and to ensure compatibility with future releases, remove the obsolete variable from your script.
**WARN: (IMPUDM-33):	Global variable "timing_aocv_min_stage_count_hold" is obsolete and will be removed in a future release. The obsolete variable still works in this release, but to avoid this warning and to ensure compatibility with future releases, remove the obsolete variable from your script.
**WARN: (IMPUDM-33):	Global variable "timing_aocv_min_stage_count_setup" is obsolete and will be removed in a future release. The obsolete variable still works in this release, but to avoid this warning and to ensure compatibility with future releases, remove the obsolete variable from your script.
**WARN: (IMPUDM-33):	Global variable "timing_build_all_hierarchical_pins" is obsolete and will be removed in a future release. The obsolete variable still works in this release, but to avoid this warning and to ensure compatibility with future releases, remove the obsolete variable from your script.
**WARN: (IMPUDM-33):	Global variable "timing_disable_backward_compatible_clock_source_data_sense_mode" is obsolete and will be removed in a future release. The obsolete variable still works in this release, but to avoid this warning and to ensure compatibility with future releases, remove the obsolete variable from your script.
**WARN: (IMPUDM-33):	Global variable "timing_disable_backward_compatible_cppr_tag_mode" is obsolete and will be removed in a future release. The obsolete variable still works in this release, but to avoid this warning and to ensure compatibility with future releases, remove the obsolete variable from your script.
**WARN: (IMPUDM-33):	Global variable "timing_disable_backward_compatible_socv_save_restore_mode" is obsolete and will be removed in a future release. The obsolete variable still works in this release, but to avoid this warning and to ensure compatibility with future releases, remove the obsolete variable from your script.
**WARN: (IMPUDM-33):	Global variable "timing_disable_invalid_clock_check" is obsolete and will be removed in a future release. The obsolete variable still works in this release, but to avoid this warning and to ensure compatibility with future releases, remove the obsolete variable from your script.
**WARN: (IMPUDM-33):	Global variable "timing_dynamic_loop_breaking" is obsolete and will be removed in a future release. The obsolete variable still works in this release, but to avoid this warning and to ensure compatibility with future releases, remove the obsolete variable from your script.
**WARN: (IMPUDM-33):	Global variable "timing_enable_backward_compatible_bfs_endtag_mode" is obsolete and will be removed in a future release. The obsolete variable still works in this release, but to avoid this warning and to ensure compatibility with future releases, remove the obsolete variable from your script.
**WARN: (IMPUDM-33):	Global variable "timing_enable_backward_compatible_cppr_memory_reduction" is obsolete and will be removed in a future release. The obsolete variable still works in this release, but to avoid this warning and to ensure compatibility with future releases, remove the obsolete variable from your script.
**WARN: (IMPUDM-33):	Global variable "timing_enable_backward_compatible_delay_constraint_mode" is obsolete and will be removed in a future release. The obsolete variable still works in this release, but to avoid this warning and to ensure compatibility with future releases, remove the obsolete variable from your script.
**WARN: (IMPUDM-33):	Global variable "_timing_enable_backward_compatible_disable_check_default_arc" is obsolete and will be removed in a future release. The obsolete variable still works in this release, but to avoid this warning and to ensure compatibility with future releases, remove the obsolete variable from your script.
**WARN: (IMPUDM-33):	Global variable "timing_enable_backward_compatible_latch_thru_mt_mode" is obsolete and will be removed in a future release. The obsolete variable still works in this release, but to avoid this warning and to ensure compatibility with future releases, remove the obsolete variable from your script.
**WARN: (IMPUDM-33):	Global variable "timing_enable_backward_compatible_si_cppr_mode" is obsolete and will be removed in a future release. The obsolete variable still works in this release, but to avoid this warning and to ensure compatibility with future releases, remove the obsolete variable from your script.
**WARN: (IMPUDM-33):	Global variable "timing_enable_backward_compatible_zero_cycle_si_cppr_mode" is obsolete and will be removed in a future release. The obsolete variable still works in this release, but to avoid this warning and to ensure compatibility with future releases, remove the obsolete variable from your script.
**WARN: (IMPUDM-33):	Global variable "timing_enable_efficient_path_group_mode" is obsolete and will be removed in a future release. The obsolete variable still works in this release, but to avoid this warning and to ensure compatibility with future releases, remove the obsolete variable from your script.
**WARN: (IMPUDM-33):	Global variable "timing_enable_ilm_constraints_flow" is obsolete and will be removed in a future release. The obsolete variable still works in this release, but to avoid this warning and to ensure compatibility with future releases, remove the obsolete variable from your script.
**WARN: (IMPUDM-33):	Global variable "timing_enable_separate_device_slew_effect_sensitivities" is obsolete and will be removed in a future release. The obsolete variable still works in this release, but to avoid this warning and to ensure compatibility with future releases, remove the obsolete variable from your script.
**WARN: (IMPUDM-33):	Global variable "timing_sdf_recompute_backward_compatibility" is obsolete and will be removed in a future release. The obsolete variable still works in this release, but to avoid this warning and to ensure compatibility with future releases, remove the obsolete variable from your script.
**WARN: (IMPUDM-33):	Global variable "timing_socv_analysis_nsigma_multiplier" is obsolete and will be removed in a future release. The obsolete variable still works in this release, but to avoid this warning and to ensure compatibility with future releases, remove the obsolete variable from your script.
**WARN: (IMPUDM-33):	Global variable "timing_socv_nsigma_hold_multiplier" is obsolete and will be removed in a future release. The obsolete variable still works in this release, but to avoid this warning and to ensure compatibility with future releases, remove the obsolete variable from your script.
**WARN: (IMPUDM-33):	Global variable "timing_socv_nsigma_setup_multiplier" is obsolete and will be removed in a future release. The obsolete variable still works in this release, but to avoid this warning and to ensure compatibility with future releases, remove the obsolete variable from your script.
Save mode in file ../phy/db/part/Silago_bot_left_corner/Silago_bot_left_corner.mode
CMD:::IMEX::make_portable_design  .  ../Silago_bot_left_corner.enc.dat 0 0 0 ../Silago_bot_left_corner.enc
rc_typ rc_best rc_worst
rc_typ rc_best rc_worst
rc_typ rc_best rc_worst
rc_typ rc_best rc_worst
rc_typ rc_best rc_worst
rc_typ rc_best rc_worst
rc_typ rc_best rc_worst
Generated self-contained design ../Silago_bot_left_corner.enc.dat
Save partition Silago_bot
Save netlist in file ../phy/db/part/Silago_bot/vbin/Silago_bot.v.bin
Writing Binary DB to ../phy/db/part/Silago_bot/vbin/Silago_bot.v.bin in multi-threaded mode...
Save initialization data in file ../phy/db/part/Silago_bot/root.init
**WARN: (IMPUDM-33):	Global variable "_timing_budget_latch_adjust_delta_threshold" is obsolete and will be removed in a future release. The obsolete variable still works in this release, but to avoid this warning and to ensure compatibility with future releases, remove the obsolete variable from your script.
**WARN: (GLOBAL-101):	Global '_timing_report_allow_tracing_through_trigger_arcs' will become obsolete. Please use 'timing_report_paths_through_sequential_arcs' instead
**WARN: (IMPUDM-33):	Global variable "timing_aocv_enable_gba_combine_launch_capture" is obsolete and will be removed in a future release. The obsolete variable still works in this release, but to avoid this warning and to ensure compatibility with future releases, remove the obsolete variable from your script.
**WARN: (IMPUDM-33):	Global variable "timing_aocv_min_stage_count_hold" is obsolete and will be removed in a future release. The obsolete variable still works in this release, but to avoid this warning and to ensure compatibility with future releases, remove the obsolete variable from your script.
**WARN: (IMPUDM-33):	Global variable "timing_aocv_min_stage_count_setup" is obsolete and will be removed in a future release. The obsolete variable still works in this release, but to avoid this warning and to ensure compatibility with future releases, remove the obsolete variable from your script.
**WARN: (IMPUDM-33):	Global variable "timing_build_all_hierarchical_pins" is obsolete and will be removed in a future release. The obsolete variable still works in this release, but to avoid this warning and to ensure compatibility with future releases, remove the obsolete variable from your script.
**WARN: (IMPUDM-33):	Global variable "timing_disable_backward_compatible_clock_source_data_sense_mode" is obsolete and will be removed in a future release. The obsolete variable still works in this release, but to avoid this warning and to ensure compatibility with future releases, remove the obsolete variable from your script.
**WARN: (IMPUDM-33):	Global variable "timing_disable_backward_compatible_cppr_tag_mode" is obsolete and will be removed in a future release. The obsolete variable still works in this release, but to avoid this warning and to ensure compatibility with future releases, remove the obsolete variable from your script.
**WARN: (IMPUDM-33):	Global variable "timing_disable_backward_compatible_socv_save_restore_mode" is obsolete and will be removed in a future release. The obsolete variable still works in this release, but to avoid this warning and to ensure compatibility with future releases, remove the obsolete variable from your script.
**WARN: (IMPUDM-33):	Global variable "timing_disable_invalid_clock_check" is obsolete and will be removed in a future release. The obsolete variable still works in this release, but to avoid this warning and to ensure compatibility with future releases, remove the obsolete variable from your script.
**WARN: (IMPUDM-33):	Global variable "timing_dynamic_loop_breaking" is obsolete and will be removed in a future release. The obsolete variable still works in this release, but to avoid this warning and to ensure compatibility with future releases, remove the obsolete variable from your script.
**WARN: (IMPUDM-33):	Global variable "timing_enable_backward_compatible_bfs_endtag_mode" is obsolete and will be removed in a future release. The obsolete variable still works in this release, but to avoid this warning and to ensure compatibility with future releases, remove the obsolete variable from your script.
**WARN: (IMPUDM-33):	Global variable "timing_enable_backward_compatible_cppr_memory_reduction" is obsolete and will be removed in a future release. The obsolete variable still works in this release, but to avoid this warning and to ensure compatibility with future releases, remove the obsolete variable from your script.
**WARN: (IMPUDM-33):	Global variable "timing_enable_backward_compatible_delay_constraint_mode" is obsolete and will be removed in a future release. The obsolete variable still works in this release, but to avoid this warning and to ensure compatibility with future releases, remove the obsolete variable from your script.
**WARN: (IMPUDM-33):	Global variable "_timing_enable_backward_compatible_disable_check_default_arc" is obsolete and will be removed in a future release. The obsolete variable still works in this release, but to avoid this warning and to ensure compatibility with future releases, remove the obsolete variable from your script.
**WARN: (IMPUDM-33):	Global variable "timing_enable_backward_compatible_latch_thru_mt_mode" is obsolete and will be removed in a future release. The obsolete variable still works in this release, but to avoid this warning and to ensure compatibility with future releases, remove the obsolete variable from your script.
**WARN: (IMPUDM-33):	Global variable "timing_enable_backward_compatible_si_cppr_mode" is obsolete and will be removed in a future release. The obsolete variable still works in this release, but to avoid this warning and to ensure compatibility with future releases, remove the obsolete variable from your script.
**WARN: (IMPUDM-33):	Global variable "timing_enable_backward_compatible_zero_cycle_si_cppr_mode" is obsolete and will be removed in a future release. The obsolete variable still works in this release, but to avoid this warning and to ensure compatibility with future releases, remove the obsolete variable from your script.
**WARN: (IMPUDM-33):	Global variable "timing_enable_efficient_path_group_mode" is obsolete and will be removed in a future release. The obsolete variable still works in this release, but to avoid this warning and to ensure compatibility with future releases, remove the obsolete variable from your script.
**WARN: (IMPUDM-33):	Global variable "timing_enable_ilm_constraints_flow" is obsolete and will be removed in a future release. The obsolete variable still works in this release, but to avoid this warning and to ensure compatibility with future releases, remove the obsolete variable from your script.
**WARN: (IMPUDM-33):	Global variable "timing_enable_separate_device_slew_effect_sensitivities" is obsolete and will be removed in a future release. The obsolete variable still works in this release, but to avoid this warning and to ensure compatibility with future releases, remove the obsolete variable from your script.
**WARN: (IMPUDM-33):	Global variable "timing_sdf_recompute_backward_compatibility" is obsolete and will be removed in a future release. The obsolete variable still works in this release, but to avoid this warning and to ensure compatibility with future releases, remove the obsolete variable from your script.
**WARN: (IMPUDM-33):	Global variable "timing_socv_analysis_nsigma_multiplier" is obsolete and will be removed in a future release. The obsolete variable still works in this release, but to avoid this warning and to ensure compatibility with future releases, remove the obsolete variable from your script.
**WARN: (IMPUDM-33):	Global variable "timing_socv_nsigma_hold_multiplier" is obsolete and will be removed in a future release. The obsolete variable still works in this release, but to avoid this warning and to ensure compatibility with future releases, remove the obsolete variable from your script.
**WARN: (IMPUDM-33):	Global variable "timing_socv_nsigma_setup_multiplier" is obsolete and will be removed in a future release. The obsolete variable still works in this release, but to avoid this warning and to ensure compatibility with future releases, remove the obsolete variable from your script.
Save globals in file ../phy/db/part/Silago_bot/Silago_bot.globals
Save floor plan in file ../phy/db/part/Silago_bot/Silago_bot.fp.gz
Save placement in file ../phy/db/part/Silago_bot/Silago_bot.place.gz
** Saving stdCellPlacement_binary (version# 1) ...
Save Adaptive View Pruning View Names to Binary file
Saving PG file ../phy/db/part/Silago_bot/Silago_bot.pg.gz, version#2, (Created by Innovus v21.19-s058_1 on Sat Jan  3 09:18:04 2026)
Save route in file ../phy/db/part/Silago_bot/Silago_bot.route.gz
*** Completed saveRoute (cpu=0:00:00.0 real=0:00:00.0 mem=16472.6M) ***
Saving property file ../phy/db/part/Silago_bot/Silago_bot.prop
Save module DEF in file ../phy/db/part/Silago_bot/Silago_bot.def.gz
Writing DEF file '../phy/db/part/Silago_bot/Silago_bot.def.gz', current time is Sat Jan  3 09:18:04 2026 ...
unitPerMicron=1000, dbgMicronPerDBU=0.001000, unitPerDBU=1.000000
DEF file '../phy/db/part/Silago_bot/Silago_bot.def.gz' is written, current time is Sat Jan  3 09:18:05 2026 ...
Save cell LEF in file ../phy/db/part/drra_wrapper/Silago_bot.partition.lef
**WARN: (IMPUDM-33):	Global variable "_timing_budget_latch_adjust_delta_threshold" is obsolete and will be removed in a future release. The obsolete variable still works in this release, but to avoid this warning and to ensure compatibility with future releases, remove the obsolete variable from your script.
**WARN: (GLOBAL-101):	Global '_timing_report_allow_tracing_through_trigger_arcs' will become obsolete. Please use 'timing_report_paths_through_sequential_arcs' instead
**WARN: (IMPUDM-33):	Global variable "timing_aocv_enable_gba_combine_launch_capture" is obsolete and will be removed in a future release. The obsolete variable still works in this release, but to avoid this warning and to ensure compatibility with future releases, remove the obsolete variable from your script.
**WARN: (IMPUDM-33):	Global variable "timing_aocv_min_stage_count_hold" is obsolete and will be removed in a future release. The obsolete variable still works in this release, but to avoid this warning and to ensure compatibility with future releases, remove the obsolete variable from your script.
**WARN: (IMPUDM-33):	Global variable "timing_aocv_min_stage_count_setup" is obsolete and will be removed in a future release. The obsolete variable still works in this release, but to avoid this warning and to ensure compatibility with future releases, remove the obsolete variable from your script.
**WARN: (IMPUDM-33):	Global variable "timing_build_all_hierarchical_pins" is obsolete and will be removed in a future release. The obsolete variable still works in this release, but to avoid this warning and to ensure compatibility with future releases, remove the obsolete variable from your script.
**WARN: (IMPUDM-33):	Global variable "timing_disable_backward_compatible_clock_source_data_sense_mode" is obsolete and will be removed in a future release. The obsolete variable still works in this release, but to avoid this warning and to ensure compatibility with future releases, remove the obsolete variable from your script.
**WARN: (IMPUDM-33):	Global variable "timing_disable_backward_compatible_cppr_tag_mode" is obsolete and will be removed in a future release. The obsolete variable still works in this release, but to avoid this warning and to ensure compatibility with future releases, remove the obsolete variable from your script.
**WARN: (IMPUDM-33):	Global variable "timing_disable_backward_compatible_socv_save_restore_mode" is obsolete and will be removed in a future release. The obsolete variable still works in this release, but to avoid this warning and to ensure compatibility with future releases, remove the obsolete variable from your script.
**WARN: (IMPUDM-33):	Global variable "timing_disable_invalid_clock_check" is obsolete and will be removed in a future release. The obsolete variable still works in this release, but to avoid this warning and to ensure compatibility with future releases, remove the obsolete variable from your script.
**WARN: (IMPUDM-33):	Global variable "timing_dynamic_loop_breaking" is obsolete and will be removed in a future release. The obsolete variable still works in this release, but to avoid this warning and to ensure compatibility with future releases, remove the obsolete variable from your script.
**WARN: (IMPUDM-33):	Global variable "timing_enable_backward_compatible_bfs_endtag_mode" is obsolete and will be removed in a future release. The obsolete variable still works in this release, but to avoid this warning and to ensure compatibility with future releases, remove the obsolete variable from your script.
**WARN: (IMPUDM-33):	Global variable "timing_enable_backward_compatible_cppr_memory_reduction" is obsolete and will be removed in a future release. The obsolete variable still works in this release, but to avoid this warning and to ensure compatibility with future releases, remove the obsolete variable from your script.
**WARN: (IMPUDM-33):	Global variable "timing_enable_backward_compatible_delay_constraint_mode" is obsolete and will be removed in a future release. The obsolete variable still works in this release, but to avoid this warning and to ensure compatibility with future releases, remove the obsolete variable from your script.
**WARN: (IMPUDM-33):	Global variable "_timing_enable_backward_compatible_disable_check_default_arc" is obsolete and will be removed in a future release. The obsolete variable still works in this release, but to avoid this warning and to ensure compatibility with future releases, remove the obsolete variable from your script.
**WARN: (IMPUDM-33):	Global variable "timing_enable_backward_compatible_latch_thru_mt_mode" is obsolete and will be removed in a future release. The obsolete variable still works in this release, but to avoid this warning and to ensure compatibility with future releases, remove the obsolete variable from your script.
**WARN: (IMPUDM-33):	Global variable "timing_enable_backward_compatible_si_cppr_mode" is obsolete and will be removed in a future release. The obsolete variable still works in this release, but to avoid this warning and to ensure compatibility with future releases, remove the obsolete variable from your script.
**WARN: (IMPUDM-33):	Global variable "timing_enable_backward_compatible_zero_cycle_si_cppr_mode" is obsolete and will be removed in a future release. The obsolete variable still works in this release, but to avoid this warning and to ensure compatibility with future releases, remove the obsolete variable from your script.
**WARN: (IMPUDM-33):	Global variable "timing_enable_efficient_path_group_mode" is obsolete and will be removed in a future release. The obsolete variable still works in this release, but to avoid this warning and to ensure compatibility with future releases, remove the obsolete variable from your script.
**WARN: (IMPUDM-33):	Global variable "timing_enable_ilm_constraints_flow" is obsolete and will be removed in a future release. The obsolete variable still works in this release, but to avoid this warning and to ensure compatibility with future releases, remove the obsolete variable from your script.
**WARN: (IMPUDM-33):	Global variable "timing_enable_separate_device_slew_effect_sensitivities" is obsolete and will be removed in a future release. The obsolete variable still works in this release, but to avoid this warning and to ensure compatibility with future releases, remove the obsolete variable from your script.
**WARN: (IMPUDM-33):	Global variable "timing_sdf_recompute_backward_compatibility" is obsolete and will be removed in a future release. The obsolete variable still works in this release, but to avoid this warning and to ensure compatibility with future releases, remove the obsolete variable from your script.
**WARN: (IMPUDM-33):	Global variable "timing_socv_analysis_nsigma_multiplier" is obsolete and will be removed in a future release. The obsolete variable still works in this release, but to avoid this warning and to ensure compatibility with future releases, remove the obsolete variable from your script.
**WARN: (IMPUDM-33):	Global variable "timing_socv_nsigma_hold_multiplier" is obsolete and will be removed in a future release. The obsolete variable still works in this release, but to avoid this warning and to ensure compatibility with future releases, remove the obsolete variable from your script.
**WARN: (IMPUDM-33):	Global variable "timing_socv_nsigma_setup_multiplier" is obsolete and will be removed in a future release. The obsolete variable still works in this release, but to avoid this warning and to ensure compatibility with future releases, remove the obsolete variable from your script.
Save mode in file ../phy/db/part/Silago_bot/Silago_bot.mode
CMD:::IMEX::make_portable_design  .  ../Silago_bot.enc.dat 0 0 0 ../Silago_bot.enc
rc_typ rc_best rc_worst
rc_typ rc_best rc_worst
rc_typ rc_best rc_worst
rc_typ rc_best rc_worst
rc_typ rc_best rc_worst
rc_typ rc_best rc_worst
rc_typ rc_best rc_worst
Generated self-contained design ../Silago_bot.enc.dat
Save partition Silago_bot_right_corner
Save netlist in file ../phy/db/part/Silago_bot_right_corner/vbin/Silago_bot_right_corner.v.bin
Writing Binary DB to ../phy/db/part/Silago_bot_right_corner/vbin/Silago_bot_right_corner.v.bin in multi-threaded mode...
Save initialization data in file ../phy/db/part/Silago_bot_right_corner/root.init
**WARN: (IMPUDM-33):	Global variable "_timing_budget_latch_adjust_delta_threshold" is obsolete and will be removed in a future release. The obsolete variable still works in this release, but to avoid this warning and to ensure compatibility with future releases, remove the obsolete variable from your script.
**WARN: (GLOBAL-101):	Global '_timing_report_allow_tracing_through_trigger_arcs' will become obsolete. Please use 'timing_report_paths_through_sequential_arcs' instead
**WARN: (IMPUDM-33):	Global variable "timing_aocv_enable_gba_combine_launch_capture" is obsolete and will be removed in a future release. The obsolete variable still works in this release, but to avoid this warning and to ensure compatibility with future releases, remove the obsolete variable from your script.
**WARN: (IMPUDM-33):	Global variable "timing_aocv_min_stage_count_hold" is obsolete and will be removed in a future release. The obsolete variable still works in this release, but to avoid this warning and to ensure compatibility with future releases, remove the obsolete variable from your script.
**WARN: (IMPUDM-33):	Global variable "timing_aocv_min_stage_count_setup" is obsolete and will be removed in a future release. The obsolete variable still works in this release, but to avoid this warning and to ensure compatibility with future releases, remove the obsolete variable from your script.
**WARN: (IMPUDM-33):	Global variable "timing_build_all_hierarchical_pins" is obsolete and will be removed in a future release. The obsolete variable still works in this release, but to avoid this warning and to ensure compatibility with future releases, remove the obsolete variable from your script.
**WARN: (IMPUDM-33):	Global variable "timing_disable_backward_compatible_clock_source_data_sense_mode" is obsolete and will be removed in a future release. The obsolete variable still works in this release, but to avoid this warning and to ensure compatibility with future releases, remove the obsolete variable from your script.
**WARN: (IMPUDM-33):	Global variable "timing_disable_backward_compatible_cppr_tag_mode" is obsolete and will be removed in a future release. The obsolete variable still works in this release, but to avoid this warning and to ensure compatibility with future releases, remove the obsolete variable from your script.
**WARN: (IMPUDM-33):	Global variable "timing_disable_backward_compatible_socv_save_restore_mode" is obsolete and will be removed in a future release. The obsolete variable still works in this release, but to avoid this warning and to ensure compatibility with future releases, remove the obsolete variable from your script.
**WARN: (IMPUDM-33):	Global variable "timing_disable_invalid_clock_check" is obsolete and will be removed in a future release. The obsolete variable still works in this release, but to avoid this warning and to ensure compatibility with future releases, remove the obsolete variable from your script.
**WARN: (IMPUDM-33):	Global variable "timing_dynamic_loop_breaking" is obsolete and will be removed in a future release. The obsolete variable still works in this release, but to avoid this warning and to ensure compatibility with future releases, remove the obsolete variable from your script.
**WARN: (IMPUDM-33):	Global variable "timing_enable_backward_compatible_bfs_endtag_mode" is obsolete and will be removed in a future release. The obsolete variable still works in this release, but to avoid this warning and to ensure compatibility with future releases, remove the obsolete variable from your script.
**WARN: (IMPUDM-33):	Global variable "timing_enable_backward_compatible_cppr_memory_reduction" is obsolete and will be removed in a future release. The obsolete variable still works in this release, but to avoid this warning and to ensure compatibility with future releases, remove the obsolete variable from your script.
**WARN: (IMPUDM-33):	Global variable "timing_enable_backward_compatible_delay_constraint_mode" is obsolete and will be removed in a future release. The obsolete variable still works in this release, but to avoid this warning and to ensure compatibility with future releases, remove the obsolete variable from your script.
**WARN: (IMPUDM-33):	Global variable "_timing_enable_backward_compatible_disable_check_default_arc" is obsolete and will be removed in a future release. The obsolete variable still works in this release, but to avoid this warning and to ensure compatibility with future releases, remove the obsolete variable from your script.
**WARN: (IMPUDM-33):	Global variable "timing_enable_backward_compatible_latch_thru_mt_mode" is obsolete and will be removed in a future release. The obsolete variable still works in this release, but to avoid this warning and to ensure compatibility with future releases, remove the obsolete variable from your script.
**WARN: (IMPUDM-33):	Global variable "timing_enable_backward_compatible_si_cppr_mode" is obsolete and will be removed in a future release. The obsolete variable still works in this release, but to avoid this warning and to ensure compatibility with future releases, remove the obsolete variable from your script.
**WARN: (IMPUDM-33):	Global variable "timing_enable_backward_compatible_zero_cycle_si_cppr_mode" is obsolete and will be removed in a future release. The obsolete variable still works in this release, but to avoid this warning and to ensure compatibility with future releases, remove the obsolete variable from your script.
**WARN: (IMPUDM-33):	Global variable "timing_enable_efficient_path_group_mode" is obsolete and will be removed in a future release. The obsolete variable still works in this release, but to avoid this warning and to ensure compatibility with future releases, remove the obsolete variable from your script.
**WARN: (IMPUDM-33):	Global variable "timing_enable_ilm_constraints_flow" is obsolete and will be removed in a future release. The obsolete variable still works in this release, but to avoid this warning and to ensure compatibility with future releases, remove the obsolete variable from your script.
**WARN: (IMPUDM-33):	Global variable "timing_enable_separate_device_slew_effect_sensitivities" is obsolete and will be removed in a future release. The obsolete variable still works in this release, but to avoid this warning and to ensure compatibility with future releases, remove the obsolete variable from your script.
**WARN: (IMPUDM-33):	Global variable "timing_sdf_recompute_backward_compatibility" is obsolete and will be removed in a future release. The obsolete variable still works in this release, but to avoid this warning and to ensure compatibility with future releases, remove the obsolete variable from your script.
**WARN: (IMPUDM-33):	Global variable "timing_socv_analysis_nsigma_multiplier" is obsolete and will be removed in a future release. The obsolete variable still works in this release, but to avoid this warning and to ensure compatibility with future releases, remove the obsolete variable from your script.
**WARN: (IMPUDM-33):	Global variable "timing_socv_nsigma_hold_multiplier" is obsolete and will be removed in a future release. The obsolete variable still works in this release, but to avoid this warning and to ensure compatibility with future releases, remove the obsolete variable from your script.
**WARN: (IMPUDM-33):	Global variable "timing_socv_nsigma_setup_multiplier" is obsolete and will be removed in a future release. The obsolete variable still works in this release, but to avoid this warning and to ensure compatibility with future releases, remove the obsolete variable from your script.
Save globals in file ../phy/db/part/Silago_bot_right_corner/Silago_bot_right_corner.globals
Save floor plan in file ../phy/db/part/Silago_bot_right_corner/Silago_bot_right_corner.fp.gz
Save placement in file ../phy/db/part/Silago_bot_right_corner/Silago_bot_right_corner.place.gz
** Saving stdCellPlacement_binary (version# 1) ...
Save Adaptive View Pruning View Names to Binary file
Saving PG file ../phy/db/part/Silago_bot_right_corner/Silago_bot_right_corner.pg.gz, version#2, (Created by Innovus v21.19-s058_1 on Sat Jan  3 09:18:07 2026)
Save route in file ../phy/db/part/Silago_bot_right_corner/Silago_bot_right_corner.route.gz
*** Completed saveRoute (cpu=0:00:00.1 real=0:00:00.0 mem=16472.7M) ***
Saving property file ../phy/db/part/Silago_bot_right_corner/Silago_bot_right_corner.prop
Save module DEF in file ../phy/db/part/Silago_bot_right_corner/Silago_bot_right_corner.def.gz
Writing DEF file '../phy/db/part/Silago_bot_right_corner/Silago_bot_right_corner.def.gz', current time is Sat Jan  3 09:18:07 2026 ...
unitPerMicron=1000, dbgMicronPerDBU=0.001000, unitPerDBU=1.000000
DEF file '../phy/db/part/Silago_bot_right_corner/Silago_bot_right_corner.def.gz' is written, current time is Sat Jan  3 09:18:08 2026 ...
Save cell LEF in file ../phy/db/part/drra_wrapper/Silago_bot_right_corner.partition.lef
**WARN: (IMPUDM-33):	Global variable "_timing_budget_latch_adjust_delta_threshold" is obsolete and will be removed in a future release. The obsolete variable still works in this release, but to avoid this warning and to ensure compatibility with future releases, remove the obsolete variable from your script.
**WARN: (GLOBAL-101):	Global '_timing_report_allow_tracing_through_trigger_arcs' will become obsolete. Please use 'timing_report_paths_through_sequential_arcs' instead
**WARN: (IMPUDM-33):	Global variable "timing_aocv_enable_gba_combine_launch_capture" is obsolete and will be removed in a future release. The obsolete variable still works in this release, but to avoid this warning and to ensure compatibility with future releases, remove the obsolete variable from your script.
**WARN: (IMPUDM-33):	Global variable "timing_aocv_min_stage_count_hold" is obsolete and will be removed in a future release. The obsolete variable still works in this release, but to avoid this warning and to ensure compatibility with future releases, remove the obsolete variable from your script.
**WARN: (IMPUDM-33):	Global variable "timing_aocv_min_stage_count_setup" is obsolete and will be removed in a future release. The obsolete variable still works in this release, but to avoid this warning and to ensure compatibility with future releases, remove the obsolete variable from your script.
**WARN: (IMPUDM-33):	Global variable "timing_build_all_hierarchical_pins" is obsolete and will be removed in a future release. The obsolete variable still works in this release, but to avoid this warning and to ensure compatibility with future releases, remove the obsolete variable from your script.
**WARN: (IMPUDM-33):	Global variable "timing_disable_backward_compatible_clock_source_data_sense_mode" is obsolete and will be removed in a future release. The obsolete variable still works in this release, but to avoid this warning and to ensure compatibility with future releases, remove the obsolete variable from your script.
**WARN: (IMPUDM-33):	Global variable "timing_disable_backward_compatible_cppr_tag_mode" is obsolete and will be removed in a future release. The obsolete variable still works in this release, but to avoid this warning and to ensure compatibility with future releases, remove the obsolete variable from your script.
**WARN: (IMPUDM-33):	Global variable "timing_disable_backward_compatible_socv_save_restore_mode" is obsolete and will be removed in a future release. The obsolete variable still works in this release, but to avoid this warning and to ensure compatibility with future releases, remove the obsolete variable from your script.
**WARN: (IMPUDM-33):	Global variable "timing_disable_invalid_clock_check" is obsolete and will be removed in a future release. The obsolete variable still works in this release, but to avoid this warning and to ensure compatibility with future releases, remove the obsolete variable from your script.
**WARN: (IMPUDM-33):	Global variable "timing_dynamic_loop_breaking" is obsolete and will be removed in a future release. The obsolete variable still works in this release, but to avoid this warning and to ensure compatibility with future releases, remove the obsolete variable from your script.
**WARN: (IMPUDM-33):	Global variable "timing_enable_backward_compatible_bfs_endtag_mode" is obsolete and will be removed in a future release. The obsolete variable still works in this release, but to avoid this warning and to ensure compatibility with future releases, remove the obsolete variable from your script.
**WARN: (IMPUDM-33):	Global variable "timing_enable_backward_compatible_cppr_memory_reduction" is obsolete and will be removed in a future release. The obsolete variable still works in this release, but to avoid this warning and to ensure compatibility with future releases, remove the obsolete variable from your script.
**WARN: (IMPUDM-33):	Global variable "timing_enable_backward_compatible_delay_constraint_mode" is obsolete and will be removed in a future release. The obsolete variable still works in this release, but to avoid this warning and to ensure compatibility with future releases, remove the obsolete variable from your script.
**WARN: (IMPUDM-33):	Global variable "_timing_enable_backward_compatible_disable_check_default_arc" is obsolete and will be removed in a future release. The obsolete variable still works in this release, but to avoid this warning and to ensure compatibility with future releases, remove the obsolete variable from your script.
**WARN: (IMPUDM-33):	Global variable "timing_enable_backward_compatible_latch_thru_mt_mode" is obsolete and will be removed in a future release. The obsolete variable still works in this release, but to avoid this warning and to ensure compatibility with future releases, remove the obsolete variable from your script.
**WARN: (IMPUDM-33):	Global variable "timing_enable_backward_compatible_si_cppr_mode" is obsolete and will be removed in a future release. The obsolete variable still works in this release, but to avoid this warning and to ensure compatibility with future releases, remove the obsolete variable from your script.
**WARN: (IMPUDM-33):	Global variable "timing_enable_backward_compatible_zero_cycle_si_cppr_mode" is obsolete and will be removed in a future release. The obsolete variable still works in this release, but to avoid this warning and to ensure compatibility with future releases, remove the obsolete variable from your script.
**WARN: (IMPUDM-33):	Global variable "timing_enable_efficient_path_group_mode" is obsolete and will be removed in a future release. The obsolete variable still works in this release, but to avoid this warning and to ensure compatibility with future releases, remove the obsolete variable from your script.
**WARN: (IMPUDM-33):	Global variable "timing_enable_ilm_constraints_flow" is obsolete and will be removed in a future release. The obsolete variable still works in this release, but to avoid this warning and to ensure compatibility with future releases, remove the obsolete variable from your script.
**WARN: (IMPUDM-33):	Global variable "timing_enable_separate_device_slew_effect_sensitivities" is obsolete and will be removed in a future release. The obsolete variable still works in this release, but to avoid this warning and to ensure compatibility with future releases, remove the obsolete variable from your script.
**WARN: (IMPUDM-33):	Global variable "timing_sdf_recompute_backward_compatibility" is obsolete and will be removed in a future release. The obsolete variable still works in this release, but to avoid this warning and to ensure compatibility with future releases, remove the obsolete variable from your script.
**WARN: (IMPUDM-33):	Global variable "timing_socv_analysis_nsigma_multiplier" is obsolete and will be removed in a future release. The obsolete variable still works in this release, but to avoid this warning and to ensure compatibility with future releases, remove the obsolete variable from your script.
**WARN: (IMPUDM-33):	Global variable "timing_socv_nsigma_hold_multiplier" is obsolete and will be removed in a future release. The obsolete variable still works in this release, but to avoid this warning and to ensure compatibility with future releases, remove the obsolete variable from your script.
**WARN: (IMPUDM-33):	Global variable "timing_socv_nsigma_setup_multiplier" is obsolete and will be removed in a future release. The obsolete variable still works in this release, but to avoid this warning and to ensure compatibility with future releases, remove the obsolete variable from your script.
Save mode in file ../phy/db/part/Silago_bot_right_corner/Silago_bot_right_corner.mode
CMD:::IMEX::make_portable_design  .  ../Silago_bot_right_corner.enc.dat 0 0 0 ../Silago_bot_right_corner.enc
rc_typ rc_best rc_worst
rc_typ rc_best rc_worst
rc_typ rc_best rc_worst
rc_typ rc_best rc_worst
rc_typ rc_best rc_worst
rc_typ rc_best rc_worst
rc_typ rc_best rc_worst
Generated self-contained design ../Silago_bot_right_corner.enc.dat
Save top cell drra_wrapper
Save netlist in file ../phy/db/part/drra_wrapper/vbin/drra_wrapper.v.bin
Writing Binary DB to ../phy/db/part/drra_wrapper/vbin/drra_wrapper.v.bin in multi-threaded mode...
Save initialization data in file ../phy/db/part/drra_wrapper/root.init
**WARN: (IMPUDM-33):	Global variable "_timing_budget_latch_adjust_delta_threshold" is obsolete and will be removed in a future release. The obsolete variable still works in this release, but to avoid this warning and to ensure compatibility with future releases, remove the obsolete variable from your script.
**WARN: (GLOBAL-101):	Global '_timing_report_allow_tracing_through_trigger_arcs' will become obsolete. Please use 'timing_report_paths_through_sequential_arcs' instead
**WARN: (IMPUDM-33):	Global variable "timing_aocv_enable_gba_combine_launch_capture" is obsolete and will be removed in a future release. The obsolete variable still works in this release, but to avoid this warning and to ensure compatibility with future releases, remove the obsolete variable from your script.
**WARN: (IMPUDM-33):	Global variable "timing_aocv_min_stage_count_hold" is obsolete and will be removed in a future release. The obsolete variable still works in this release, but to avoid this warning and to ensure compatibility with future releases, remove the obsolete variable from your script.
**WARN: (IMPUDM-33):	Global variable "timing_aocv_min_stage_count_setup" is obsolete and will be removed in a future release. The obsolete variable still works in this release, but to avoid this warning and to ensure compatibility with future releases, remove the obsolete variable from your script.
**WARN: (IMPUDM-33):	Global variable "timing_build_all_hierarchical_pins" is obsolete and will be removed in a future release. The obsolete variable still works in this release, but to avoid this warning and to ensure compatibility with future releases, remove the obsolete variable from your script.
**WARN: (IMPUDM-33):	Global variable "timing_disable_backward_compatible_clock_source_data_sense_mode" is obsolete and will be removed in a future release. The obsolete variable still works in this release, but to avoid this warning and to ensure compatibility with future releases, remove the obsolete variable from your script.
**WARN: (IMPUDM-33):	Global variable "timing_disable_backward_compatible_cppr_tag_mode" is obsolete and will be removed in a future release. The obsolete variable still works in this release, but to avoid this warning and to ensure compatibility with future releases, remove the obsolete variable from your script.
**WARN: (IMPUDM-33):	Global variable "timing_disable_backward_compatible_socv_save_restore_mode" is obsolete and will be removed in a future release. The obsolete variable still works in this release, but to avoid this warning and to ensure compatibility with future releases, remove the obsolete variable from your script.
**WARN: (IMPUDM-33):	Global variable "timing_disable_invalid_clock_check" is obsolete and will be removed in a future release. The obsolete variable still works in this release, but to avoid this warning and to ensure compatibility with future releases, remove the obsolete variable from your script.
**WARN: (IMPUDM-33):	Global variable "timing_dynamic_loop_breaking" is obsolete and will be removed in a future release. The obsolete variable still works in this release, but to avoid this warning and to ensure compatibility with future releases, remove the obsolete variable from your script.
**WARN: (IMPUDM-33):	Global variable "timing_enable_backward_compatible_bfs_endtag_mode" is obsolete and will be removed in a future release. The obsolete variable still works in this release, but to avoid this warning and to ensure compatibility with future releases, remove the obsolete variable from your script.
**WARN: (IMPUDM-33):	Global variable "timing_enable_backward_compatible_cppr_memory_reduction" is obsolete and will be removed in a future release. The obsolete variable still works in this release, but to avoid this warning and to ensure compatibility with future releases, remove the obsolete variable from your script.
**WARN: (IMPUDM-33):	Global variable "timing_enable_backward_compatible_delay_constraint_mode" is obsolete and will be removed in a future release. The obsolete variable still works in this release, but to avoid this warning and to ensure compatibility with future releases, remove the obsolete variable from your script.
**WARN: (IMPUDM-33):	Global variable "_timing_enable_backward_compatible_disable_check_default_arc" is obsolete and will be removed in a future release. The obsolete variable still works in this release, but to avoid this warning and to ensure compatibility with future releases, remove the obsolete variable from your script.
**WARN: (IMPUDM-33):	Global variable "timing_enable_backward_compatible_latch_thru_mt_mode" is obsolete and will be removed in a future release. The obsolete variable still works in this release, but to avoid this warning and to ensure compatibility with future releases, remove the obsolete variable from your script.
**WARN: (IMPUDM-33):	Global variable "timing_enable_backward_compatible_si_cppr_mode" is obsolete and will be removed in a future release. The obsolete variable still works in this release, but to avoid this warning and to ensure compatibility with future releases, remove the obsolete variable from your script.
**WARN: (IMPUDM-33):	Global variable "timing_enable_backward_compatible_zero_cycle_si_cppr_mode" is obsolete and will be removed in a future release. The obsolete variable still works in this release, but to avoid this warning and to ensure compatibility with future releases, remove the obsolete variable from your script.
**WARN: (IMPUDM-33):	Global variable "timing_enable_efficient_path_group_mode" is obsolete and will be removed in a future release. The obsolete variable still works in this release, but to avoid this warning and to ensure compatibility with future releases, remove the obsolete variable from your script.
**WARN: (IMPUDM-33):	Global variable "timing_enable_ilm_constraints_flow" is obsolete and will be removed in a future release. The obsolete variable still works in this release, but to avoid this warning and to ensure compatibility with future releases, remove the obsolete variable from your script.
**WARN: (IMPUDM-33):	Global variable "timing_enable_separate_device_slew_effect_sensitivities" is obsolete and will be removed in a future release. The obsolete variable still works in this release, but to avoid this warning and to ensure compatibility with future releases, remove the obsolete variable from your script.
**WARN: (IMPUDM-33):	Global variable "timing_sdf_recompute_backward_compatibility" is obsolete and will be removed in a future release. The obsolete variable still works in this release, but to avoid this warning and to ensure compatibility with future releases, remove the obsolete variable from your script.
**WARN: (IMPUDM-33):	Global variable "timing_socv_analysis_nsigma_multiplier" is obsolete and will be removed in a future release. The obsolete variable still works in this release, but to avoid this warning and to ensure compatibility with future releases, remove the obsolete variable from your script.
**WARN: (IMPUDM-33):	Global variable "timing_socv_nsigma_hold_multiplier" is obsolete and will be removed in a future release. The obsolete variable still works in this release, but to avoid this warning and to ensure compatibility with future releases, remove the obsolete variable from your script.
**WARN: (IMPUDM-33):	Global variable "timing_socv_nsigma_setup_multiplier" is obsolete and will be removed in a future release. The obsolete variable still works in this release, but to avoid this warning and to ensure compatibility with future releases, remove the obsolete variable from your script.
Save globals in file ../phy/db/part/drra_wrapper/drra_wrapper.globals
Save floor plan in file ../phy/db/part/drra_wrapper/drra_wrapper.fp.gz
Save placement in file ../phy/db/part/drra_wrapper/drra_wrapper.place.gz
** Saving stdCellPlacement_binary (version# 1) ...
Save Adaptive View Pruning View Names to Binary file
Saving PG file ../phy/db/part/drra_wrapper/drra_wrapper.pg.gz, version#2, (Created by Innovus v21.19-s058_1 on Sat Jan  3 09:18:10 2026)
Save route in file ../phy/db/part/drra_wrapper/drra_wrapper.route.gz
*** Completed saveRoute (cpu=0:00:00.0 real=0:00:01.0 mem=16446.7M) ***
Saving property file ../phy/db/part/drra_wrapper/drra_wrapper.prop
Save Top Level DEF in file ../phy/db/part/drra_wrapper/drra_wrapper.def.gz
Writing DEF file '../phy/db/part/drra_wrapper/drra_wrapper.def.gz', current time is Sat Jan  3 09:18:11 2026 ...
unitPerMicron=1000, dbgMicronPerDBU=0.001000, unitPerDBU=1.000000
DEF file '../phy/db/part/drra_wrapper/drra_wrapper.def.gz' is written, current time is Sat Jan  3 09:18:11 2026 ...
**WARN: (IMPUDM-33):	Global variable "_timing_budget_latch_adjust_delta_threshold" is obsolete and will be removed in a future release. The obsolete variable still works in this release, but to avoid this warning and to ensure compatibility with future releases, remove the obsolete variable from your script.
**WARN: (GLOBAL-101):	Global '_timing_report_allow_tracing_through_trigger_arcs' will become obsolete. Please use 'timing_report_paths_through_sequential_arcs' instead
**WARN: (IMPUDM-33):	Global variable "timing_aocv_enable_gba_combine_launch_capture" is obsolete and will be removed in a future release. The obsolete variable still works in this release, but to avoid this warning and to ensure compatibility with future releases, remove the obsolete variable from your script.
**WARN: (IMPUDM-33):	Global variable "timing_aocv_min_stage_count_hold" is obsolete and will be removed in a future release. The obsolete variable still works in this release, but to avoid this warning and to ensure compatibility with future releases, remove the obsolete variable from your script.
**WARN: (IMPUDM-33):	Global variable "timing_aocv_min_stage_count_setup" is obsolete and will be removed in a future release. The obsolete variable still works in this release, but to avoid this warning and to ensure compatibility with future releases, remove the obsolete variable from your script.
**WARN: (IMPUDM-33):	Global variable "timing_build_all_hierarchical_pins" is obsolete and will be removed in a future release. The obsolete variable still works in this release, but to avoid this warning and to ensure compatibility with future releases, remove the obsolete variable from your script.
**WARN: (IMPUDM-33):	Global variable "timing_disable_backward_compatible_clock_source_data_sense_mode" is obsolete and will be removed in a future release. The obsolete variable still works in this release, but to avoid this warning and to ensure compatibility with future releases, remove the obsolete variable from your script.
**WARN: (IMPUDM-33):	Global variable "timing_disable_backward_compatible_cppr_tag_mode" is obsolete and will be removed in a future release. The obsolete variable still works in this release, but to avoid this warning and to ensure compatibility with future releases, remove the obsolete variable from your script.
**WARN: (IMPUDM-33):	Global variable "timing_disable_backward_compatible_socv_save_restore_mode" is obsolete and will be removed in a future release. The obsolete variable still works in this release, but to avoid this warning and to ensure compatibility with future releases, remove the obsolete variable from your script.
**WARN: (IMPUDM-33):	Global variable "timing_disable_invalid_clock_check" is obsolete and will be removed in a future release. The obsolete variable still works in this release, but to avoid this warning and to ensure compatibility with future releases, remove the obsolete variable from your script.
**WARN: (IMPUDM-33):	Global variable "timing_dynamic_loop_breaking" is obsolete and will be removed in a future release. The obsolete variable still works in this release, but to avoid this warning and to ensure compatibility with future releases, remove the obsolete variable from your script.
**WARN: (IMPUDM-33):	Global variable "timing_enable_backward_compatible_bfs_endtag_mode" is obsolete and will be removed in a future release. The obsolete variable still works in this release, but to avoid this warning and to ensure compatibility with future releases, remove the obsolete variable from your script.
**WARN: (IMPUDM-33):	Global variable "timing_enable_backward_compatible_cppr_memory_reduction" is obsolete and will be removed in a future release. The obsolete variable still works in this release, but to avoid this warning and to ensure compatibility with future releases, remove the obsolete variable from your script.
**WARN: (IMPUDM-33):	Global variable "timing_enable_backward_compatible_delay_constraint_mode" is obsolete and will be removed in a future release. The obsolete variable still works in this release, but to avoid this warning and to ensure compatibility with future releases, remove the obsolete variable from your script.
**WARN: (IMPUDM-33):	Global variable "_timing_enable_backward_compatible_disable_check_default_arc" is obsolete and will be removed in a future release. The obsolete variable still works in this release, but to avoid this warning and to ensure compatibility with future releases, remove the obsolete variable from your script.
**WARN: (IMPUDM-33):	Global variable "timing_enable_backward_compatible_latch_thru_mt_mode" is obsolete and will be removed in a future release. The obsolete variable still works in this release, but to avoid this warning and to ensure compatibility with future releases, remove the obsolete variable from your script.
**WARN: (IMPUDM-33):	Global variable "timing_enable_backward_compatible_si_cppr_mode" is obsolete and will be removed in a future release. The obsolete variable still works in this release, but to avoid this warning and to ensure compatibility with future releases, remove the obsolete variable from your script.
**WARN: (IMPUDM-33):	Global variable "timing_enable_backward_compatible_zero_cycle_si_cppr_mode" is obsolete and will be removed in a future release. The obsolete variable still works in this release, but to avoid this warning and to ensure compatibility with future releases, remove the obsolete variable from your script.
**WARN: (IMPUDM-33):	Global variable "timing_enable_efficient_path_group_mode" is obsolete and will be removed in a future release. The obsolete variable still works in this release, but to avoid this warning and to ensure compatibility with future releases, remove the obsolete variable from your script.
**WARN: (IMPUDM-33):	Global variable "timing_enable_ilm_constraints_flow" is obsolete and will be removed in a future release. The obsolete variable still works in this release, but to avoid this warning and to ensure compatibility with future releases, remove the obsolete variable from your script.
**WARN: (IMPUDM-33):	Global variable "timing_enable_separate_device_slew_effect_sensitivities" is obsolete and will be removed in a future release. The obsolete variable still works in this release, but to avoid this warning and to ensure compatibility with future releases, remove the obsolete variable from your script.
**WARN: (IMPUDM-33):	Global variable "timing_sdf_recompute_backward_compatibility" is obsolete and will be removed in a future release. The obsolete variable still works in this release, but to avoid this warning and to ensure compatibility with future releases, remove the obsolete variable from your script.
**WARN: (IMPUDM-33):	Global variable "timing_socv_analysis_nsigma_multiplier" is obsolete and will be removed in a future release. The obsolete variable still works in this release, but to avoid this warning and to ensure compatibility with future releases, remove the obsolete variable from your script.
**WARN: (IMPUDM-33):	Global variable "timing_socv_nsigma_hold_multiplier" is obsolete and will be removed in a future release. The obsolete variable still works in this release, but to avoid this warning and to ensure compatibility with future releases, remove the obsolete variable from your script.
**WARN: (IMPUDM-33):	Global variable "timing_socv_nsigma_setup_multiplier" is obsolete and will be removed in a future release. The obsolete variable still works in this release, but to avoid this warning and to ensure compatibility with future releases, remove the obsolete variable from your script.
Save mode in file ../phy/db/part/drra_wrapper/drra_wrapper.mode
CMD:::IMEX::make_portable_design  . ../drra_wrapper.enc.dat 0 0 0 ../drra_wrapper.enc
rc_typ rc_best rc_worst
rc_typ rc_best rc_worst
rc_typ rc_best rc_worst
rc_typ rc_best rc_worst
rc_typ rc_best rc_worst
rc_typ rc_best rc_worst
rc_typ rc_best rc_worst
Generated self-contained design ../drra_wrapper.enc.dat

*** Summary of all messages that are not suppressed in this session:
Severity  ID               Count  Summary                                  
WARNING   IMPUDM-33          336  Global variable "%s" is obsolete and wil...
WARNING   GLOBAL-100          84  Global '%s' has become obsolete. It will...
WARNING   GLOBAL-101          14  Global '%s' will become obsolete. Please...
*** Message Summary: 434 warning(s), 0 error(s)

#% End write_partitions (date=01/03 09:18:12, total cpu=0:00:16.4, real=0:00:25.0, peak res=15200.6M, current mem=15200.6M)
#@ End verbose source ../phy/scr/partition.tcl
#@ End verbose source: ../phy/scr/create_partitions.tcl
@innovus 2> exit

*** Memory Usage v#1 (Current mem = 16435.676M, initial mem = 494.961M) ***
*** Message Summary: 20000 warning(s), 0 error(s)

--- Ending "Innovus" (totcpu=0:50:31, real=0:12:43, mem=16435.7M) ---
