
Cadence Innovus(TM) Implementation System.
Copyright 2021 Cadence Design Systems, Inc. All rights reserved worldwide.

Version:	v21.19-s058_1, built Thu Apr 4 09:59:17 PDT 2024
Options:	-stylus -no_gui -batch -files ../../../scr/pnr_partition.tcl -log ../../../../ex/log/pnr/pnr_Silago_bot_2026-01-03_09-19-13.log                             ../../../../exe/log/pnr/pnr_part_Silago_bot_2026-01-03_09-19-13.cmd                             ../../../../exe/log/pnr/pnr_part_Silago_bot_2026-01-03_09-19-13.logv -overwrite 
Date:		Sat Jan  3 09:19:14 2026
Host:		il2225ht25_jcdavid (x86_64 w/Linux 5.15.0-164-generic) (12cores*48cpus*Intel(R) Xeon(R) CPU E7-8857 v2 @ 3.00GHz 30720KB)
OS:		Rocky Linux 8.10 (Green Obsidian)

License:
		[09:19:14.443844] Configured Lic search path (21.01-s002): 27020@lic04.ug.kth.se:27020@lic05.ug.kth.se:3000@lic08.ug.kth.se:29000@lic06.ug.kth.se

		invs	Innovus Implementation System	21.1	checkout succeeded
		8 CPU jobs allowed with the current license(s). Use set_multi_cpu_usage to set your required CPU count.


**WARN: (IMPOPT-801):	Genus executable not found in PATH. Install Genus, add the path to the genus executable in the PATH variable and rerun Innovus.
Create and set the environment variable TMPDIR to /tmp/innovus_temp_984317_il2225ht25_jcdavid_jcdavid_aPFngC.

Change the soft stacksize limit to 0.2%RAM (6192 mbytes). Set global soft_stack_size_limit to change the value.

**INFO:  MMMC transition support version v31-84 

#@ Processing -files option
@innovus 1> source ../../../scr/pnr_partition.tcl
#@ Begin verbose source (pre): source ../../../scr/pnr_partition.tcl
@file 1: source ../../../scr/global_variables.tcl
#@ Begin verbose source ../../../scr/global_variables.tcl (pre)
@file 1: set NUM_CPUS 8
@file 2: #set the top name of the design
@file 3: set TOP_NAME drra_wrapper
@file 4:
@file 5: # Directories
@file 6: set OUTPUT_DIR "../phy/db"
@file 7: set RPT_DIR    "../phy/rpt"
@file 8: set SCR_DIR    "../phy/scr"
@file 9: #we need a part directory where partitions are created
@file 10: set PART_DIR   "../phy/db/part"
@file 11: set SRC_DIR    "../syn/db"
@file 12:
@file 13: set STDC_CCS_DIR  "/opt/pdk/gfip/22FDX-EXT/GF22FDX_SC8T_104CPP_BASE_CSC28L_FDK_RELV06R60/model/timing/ccs"
@file 14: set TECH_LEF_DIR  "/opt/pdk/gf22/V1.0_4.1/PlaceRoute/Innovus/Techfiles/10M_2Mx_4Cx_2Bx_2Jx_LB"
@file 15: set STDC_LEF_DIR  "/opt/pdk/gfip/22FDX-EXT/GF22FDX_SC8T_104CPP_BASE_CSC28L_FDK_RELV06R60/lef"
@file 16:
@file 17: set LEF_FILE "${TECH_LEF_DIR}/22FDSOI_10M_2Mx_4Cx_2Bx_2Jx_LB_104cpp_tech.lef \
        ${STDC_LEF_DIR}/GF22FDX_SC8T_104CPP_BASE_CSC28L.lef"
@file 19:
@file 20: set STDC_QRC_DIR  "/opt/pdk/gf22/V1.0_4.1/PEX/QRC/10M_2Mx_4Cx_2Bx_2Jx_LBthick"
@file 21:
@file 22: set OP_COD_LIB_BC "GF22FDX_SC8T_104CPP_BASE_CSC28L_FFG_0P72V_0P00V_0P00V_0P00V_M40C"
@file 23: set OP_COD_LIB_TC "GF22FDX_SC8T_104CPP_BASE_CSC28L_TT_0P80V_0P00V_0P00V_0P00V_25C"
@file 24: set OP_COD_LIB_WC "GF22FDX_SC8T_104CPP_BASE_CSC28L_SSG_0P72V_0P00V_0P00V_0P00V_125C"
@file 25: set OP_COD_LIB_SRAM_BC "IN22FDX_S1DV_NFVG_W00064B256M04C128_116cpp_TT_0P800V_0P800V_0P000V_0P000V_025C"
@file 26: set OP_COD_LIB_SRAM_TC "IN22FDX_S1DV_NFVG_W00064B256M04C128_116cpp_TT_0P800V_0P800V_0P000V_0P000V_025C"
@file 27: set OP_COD_LIB_SRAM_WC "IN22FDX_S1DV_NFVG_W00064B256M04C128_116cpp_SSG_0P720V_0P720V_0P000V_0P000V_125C"
@file 28: set OP_COD_LIB_IO_BC "dwc_io_gf22fdx_1p8v_gpio_i_ull_ffg0p945v1p320vm40c_funccmin"
@file 29: set OP_COD_LIB_IO_TC "dwc_io_gf22fdx_1p8v_gpio_i_ull_tt0p800v1p500v25c"
@file 30: set OP_COD_LIB_IO_WC "dwc_io_gf22fdx_1p8v_gpio_i_ull_ssg0p720v1p620v125c_funccmax"
@file 31: set LIB_FILES_BC "${STDC_CCS_DIR}/${OP_COD_LIB_BC}_ccs.lib.gz"
@file 32: set LIB_FILES_TC "${STDC_CCS_DIR}/${OP_COD_LIB_TC}_ccs.lib.gz"
@file 33: set LIB_FILES_WC "${STDC_CCS_DIR}/${OP_COD_LIB_WC}_ccs.lib.gz"
@file 34: set OP_COD_BC "FFG_0P72V_0P00V_0P00V_0P00V_M40C"
@file 35: set OP_COD_TC "TT_0P80V_0P00V_0P00V_0P00V_25C"
@file 36: set OP_COD_WC "SSG_0P72V_0P00V_0P00V_0P00V_125C"
@file 37: set OP_COD_SRAM_BC "TT_0P800V_0P800V_0P000V_0P000V_025C"
@file 38: set OP_COD_SRAM_TC "TT_0P800V_0P800V_0P000V_0P000V_025C"
@file 39: set OP_COD_SRAM_WC "SSG_0P720V_0P720V_0P000V_0P000V_125C"
@file 40: set OP_COD_IO_BC "ffg0p945v1p320vm40c"
@file 41: set OP_COD_IO_TC "TT_0P8_1P5_25"
@file 42: set OP_COD_IO_WC "SSG_0P59_1P08_125"
@file 43: set QRC_FILE_BC "${STDC_QRC_DIR}/FuncRCminDP/qrcTechFile"
@file 44: set QRC_FILE_TC "${STDC_QRC_DIR}/nominal/qrcTechFile"
@file 45: set QRC_FILE_WC "${STDC_QRC_DIR}/FuncRCmaxDP/qrcTechFile"
@file 46:
@file 47: set MMMC_FILE          "${SCR_DIR}/mmmc.tcl"
@file 48: set NETLIST_FILE       "${SRC_DIR}/${TOP_NAME}.v"
@file 49: set SDC_FILES          "${SRC_DIR}/${TOP_NAME}.sdc"
#@ End verbose source ../../../scr/global_variables.tcl
@file 2: source ../../../scr/design_variables.tcl
#@ Begin verbose source ../../../scr/design_variables.tcl (pre)
@@file 1: set_multi_cpu_usage -local_cpu ${NUM_CPUS} -cpu_per_remote_host 1 -remote_host 0 -keep_license true
Setting releaseMultiCpuLicenseMode to false.
@@file 2: set_distributed_hosts -local
The timeout for a remote job to respond is 3600 seconds.
Submit command for task runs will be: local
@file 3:
@file 4: set all_partition_hinst_list {
	Silago_top_l_corner_inst_0_0 \
	Silago_top_inst_1_0 \
	Silago_top_inst_2_0 \
	Silago_top_inst_3_0 \
	Silago_top_inst_4_0 \
	Silago_top_inst_5_0 \
	Silago_top_inst_6_0 \
	Silago_top_r_corner_inst_7_0 \
	Silago_bot_l_corner_inst_0_1 \
	Silago_bot_inst_1_1 \
	Silago_bot_inst_2_1 \
	Silago_bot_inst_3_1 \
	Silago_bot_inst_4_1 \
	Silago_bot_inst_5_1 \
	Silago_bot_inst_6_1 \
	Silago_bot_r_corner_inst_7_1 }
@file 21:
@file 22: set master_partition_hinst_list {
	Silago_top_l_corner_inst_0_0 \
	Silago_top_inst_1_0 \
	Silago_top_r_corner_inst_7_0 \
	Silago_bot_l_corner_inst_0_1 \
	Silago_bot_inst_1_1 \
	Silago_bot_r_corner_inst_7_1 }
@file 29:
@file 30: set clone_partition_bot_hinst_list {
	Silago_bot_inst_2_1 \
	Silago_bot_inst_3_1 \
	Silago_bot_inst_4_1 \
	Silago_bot_inst_5_1 \
	Silago_bot_inst_6_1 }
@file 36:
@file 37: set clone_partition_top_hinst_list {
	Silago_top_inst_2_0 \
	Silago_top_inst_3_0 \
	Silago_top_inst_4_0 \
	Silago_top_inst_5_0 \
	Silago_top_inst_6_0 }
@file 43:
@file 44: set all_partition_module_list {
	Silago_top_left_corner \
	Silago_top \
	Silago_top_right_corner \
	Silago_bot_left_corner \
	Silago_bot \
	Silago_bot_right_corner }
@file 51:
@file 52: set master_partition_module_list {
	Silago_top_left_corner \
	Silago_top \
	Silago_top_right_corner \
	Silago_bot_left_corner \
	Silago_bot \
	Silago_bot_right_corner }
#@ End verbose source ../../../scr/design_variables.tcl
@file 3:
@@file 4: read_db .
#% Begin load design ... (date=01/03 09:19:35, mem=839.1M)
Starting library reading in 'Multi-threaded flow' (with '8' threads)

Threads Configured:8
Reading LIBSET_WC timing library /opt/pdk/gfip/22FDX-EXT/GF22FDX_SC8T_104CPP_BASE_CSC28L_FDK_RELV06R60/model/timing/ccs/GF22FDX_SC8T_104CPP_BASE_CSC28L_SSG_0P72V_0P00V_0P00V_0P00V_125C_ccs.lib.gz.
**WARN: (TECHLIB-302):	No function defined for cell 'SC8T_TAPZBX8_CSC28L'. The cell will only be used for analysis. (File /opt/pdk/gfip/22FDX-EXT/GF22FDX_SC8T_104CPP_BASE_CSC28L_FDK_RELV06R60/model/timing/ccs/GF22FDX_SC8T_104CPP_BASE_CSC28L_SSG_0P72V_0P00V_0P00V_0P00V_125C_ccs.lib.gz)
**WARN: (TECHLIB-302):	No function defined for cell 'SC8T_TAPX8_CSC28L'. The cell will only be used for analysis. (File /opt/pdk/gfip/22FDX-EXT/GF22FDX_SC8T_104CPP_BASE_CSC28L_FDK_RELV06R60/model/timing/ccs/GF22FDX_SC8T_104CPP_BASE_CSC28L_SSG_0P72V_0P00V_0P00V_0P00V_125C_ccs.lib.gz)
**WARN: (TECHLIB-302):	No function defined for cell 'SC8T_NOM1COLCAPPX1_CSC28L'. The cell will only be used for analysis. (File /opt/pdk/gfip/22FDX-EXT/GF22FDX_SC8T_104CPP_BASE_CSC28L_FDK_RELV06R60/model/timing/ccs/GF22FDX_SC8T_104CPP_BASE_CSC28L_SSG_0P72V_0P00V_0P00V_0P00V_125C_ccs.lib.gz)
**WARN: (TECHLIB-302):	No function defined for cell 'SC8T_NOM1COLCAPNX1_CSC28L'. The cell will only be used for analysis. (File /opt/pdk/gfip/22FDX-EXT/GF22FDX_SC8T_104CPP_BASE_CSC28L_FDK_RELV06R60/model/timing/ccs/GF22FDX_SC8T_104CPP_BASE_CSC28L_SSG_0P72V_0P00V_0P00V_0P00V_125C_ccs.lib.gz)
**WARN: (TECHLIB-302):	No function defined for cell 'SC8T_FILLX8_CSC28L'. The cell will only be used for analysis. (File /opt/pdk/gfip/22FDX-EXT/GF22FDX_SC8T_104CPP_BASE_CSC28L_FDK_RELV06R60/model/timing/ccs/GF22FDX_SC8T_104CPP_BASE_CSC28L_SSG_0P72V_0P00V_0P00V_0P00V_125C_ccs.lib.gz)
**WARN: (TECHLIB-302):	No function defined for cell 'SC8T_FILLX64_CSC28L'. The cell will only be used for analysis. (File /opt/pdk/gfip/22FDX-EXT/GF22FDX_SC8T_104CPP_BASE_CSC28L_FDK_RELV06R60/model/timing/ccs/GF22FDX_SC8T_104CPP_BASE_CSC28L_SSG_0P72V_0P00V_0P00V_0P00V_125C_ccs.lib.gz)
**WARN: (TECHLIB-302):	No function defined for cell 'SC8T_FILLX5_CSC28L'. The cell will only be used for analysis. (File /opt/pdk/gfip/22FDX-EXT/GF22FDX_SC8T_104CPP_BASE_CSC28L_FDK_RELV06R60/model/timing/ccs/GF22FDX_SC8T_104CPP_BASE_CSC28L_SSG_0P72V_0P00V_0P00V_0P00V_125C_ccs.lib.gz)
**WARN: (TECHLIB-302):	No function defined for cell 'SC8T_FILLX4_CSC28L'. The cell will only be used for analysis. (File /opt/pdk/gfip/22FDX-EXT/GF22FDX_SC8T_104CPP_BASE_CSC28L_FDK_RELV06R60/model/timing/ccs/GF22FDX_SC8T_104CPP_BASE_CSC28L_SSG_0P72V_0P00V_0P00V_0P00V_125C_ccs.lib.gz)
**WARN: (TECHLIB-302):	No function defined for cell 'SC8T_FILLX3_CSC28L'. The cell will only be used for analysis. (File /opt/pdk/gfip/22FDX-EXT/GF22FDX_SC8T_104CPP_BASE_CSC28L_FDK_RELV06R60/model/timing/ccs/GF22FDX_SC8T_104CPP_BASE_CSC28L_SSG_0P72V_0P00V_0P00V_0P00V_125C_ccs.lib.gz)
**WARN: (TECHLIB-302):	No function defined for cell 'SC8T_FILLX32_CSC28L'. The cell will only be used for analysis. (File /opt/pdk/gfip/22FDX-EXT/GF22FDX_SC8T_104CPP_BASE_CSC28L_FDK_RELV06R60/model/timing/ccs/GF22FDX_SC8T_104CPP_BASE_CSC28L_SSG_0P72V_0P00V_0P00V_0P00V_125C_ccs.lib.gz)
**WARN: (TECHLIB-302):	No function defined for cell 'SC8T_FILLX2_CSC28L'. The cell will only be used for analysis. (File /opt/pdk/gfip/22FDX-EXT/GF22FDX_SC8T_104CPP_BASE_CSC28L_FDK_RELV06R60/model/timing/ccs/GF22FDX_SC8T_104CPP_BASE_CSC28L_SSG_0P72V_0P00V_0P00V_0P00V_125C_ccs.lib.gz)
**WARN: (TECHLIB-302):	No function defined for cell 'SC8T_FILLX1_CSC28L'. The cell will only be used for analysis. (File /opt/pdk/gfip/22FDX-EXT/GF22FDX_SC8T_104CPP_BASE_CSC28L_FDK_RELV06R60/model/timing/ccs/GF22FDX_SC8T_104CPP_BASE_CSC28L_SSG_0P72V_0P00V_0P00V_0P00V_125C_ccs.lib.gz)
**WARN: (TECHLIB-302):	No function defined for cell 'SC8T_FILLX16_CSC28L'. The cell will only be used for analysis. (File /opt/pdk/gfip/22FDX-EXT/GF22FDX_SC8T_104CPP_BASE_CSC28L_FDK_RELV06R60/model/timing/ccs/GF22FDX_SC8T_104CPP_BASE_CSC28L_SSG_0P72V_0P00V_0P00V_0P00V_125C_ccs.lib.gz)
**WARN: (TECHLIB-302):	No function defined for cell 'SC8T_FILLX128_CSC28L'. The cell will only be used for analysis. (File /opt/pdk/gfip/22FDX-EXT/GF22FDX_SC8T_104CPP_BASE_CSC28L_FDK_RELV06R60/model/timing/ccs/GF22FDX_SC8T_104CPP_BASE_CSC28L_SSG_0P72V_0P00V_0P00V_0P00V_125C_ccs.lib.gz)
**WARN: (TECHLIB-302):	No function defined for cell 'SC8T_CONCAVEPRX9_CSC28L'. The cell will only be used for analysis. (File /opt/pdk/gfip/22FDX-EXT/GF22FDX_SC8T_104CPP_BASE_CSC28L_FDK_RELV06R60/model/timing/ccs/GF22FDX_SC8T_104CPP_BASE_CSC28L_SSG_0P72V_0P00V_0P00V_0P00V_125C_ccs.lib.gz)
**WARN: (TECHLIB-302):	No function defined for cell 'SC8T_CONCAVEPRX11_CSC28L'. The cell will only be used for analysis. (File /opt/pdk/gfip/22FDX-EXT/GF22FDX_SC8T_104CPP_BASE_CSC28L_FDK_RELV06R60/model/timing/ccs/GF22FDX_SC8T_104CPP_BASE_CSC28L_SSG_0P72V_0P00V_0P00V_0P00V_125C_ccs.lib.gz)
**WARN: (TECHLIB-302):	No function defined for cell 'SC8T_CONCAVEPLX9_CSC28L'. The cell will only be used for analysis. (File /opt/pdk/gfip/22FDX-EXT/GF22FDX_SC8T_104CPP_BASE_CSC28L_FDK_RELV06R60/model/timing/ccs/GF22FDX_SC8T_104CPP_BASE_CSC28L_SSG_0P72V_0P00V_0P00V_0P00V_125C_ccs.lib.gz)
**WARN: (TECHLIB-302):	No function defined for cell 'SC8T_CONCAVEPLX11_CSC28L'. The cell will only be used for analysis. (File /opt/pdk/gfip/22FDX-EXT/GF22FDX_SC8T_104CPP_BASE_CSC28L_FDK_RELV06R60/model/timing/ccs/GF22FDX_SC8T_104CPP_BASE_CSC28L_SSG_0P72V_0P00V_0P00V_0P00V_125C_ccs.lib.gz)
**WARN: (TECHLIB-302):	No function defined for cell 'SC8T_CONCAVENRX9_CSC28L'. The cell will only be used for analysis. (File /opt/pdk/gfip/22FDX-EXT/GF22FDX_SC8T_104CPP_BASE_CSC28L_FDK_RELV06R60/model/timing/ccs/GF22FDX_SC8T_104CPP_BASE_CSC28L_SSG_0P72V_0P00V_0P00V_0P00V_125C_ccs.lib.gz)
**WARN: (TECHLIB-302):	No function defined for cell 'SC8T_CONCAVENRX11_CSC28L'. The cell will only be used for analysis. (File /opt/pdk/gfip/22FDX-EXT/GF22FDX_SC8T_104CPP_BASE_CSC28L_FDK_RELV06R60/model/timing/ccs/GF22FDX_SC8T_104CPP_BASE_CSC28L_SSG_0P72V_0P00V_0P00V_0P00V_125C_ccs.lib.gz)
Message <TECHLIB-302> has exceeded the message display limit of '20'. Use 'set_message -no_limit -id list_of_msgIDs' to reset the message limit.
Read 959 cells in library GF22FDX_SC8T_104CPP_BASE_CSC28L_SSG_0P72V_0P00V_0P00V_0P00V_125C.
Library reading multithread flow ended.
Starting library reading in 'Multi-threaded flow' (with '8' threads)

Threads Configured:8
Reading LIBSET_BC timing library /opt/pdk/gfip/22FDX-EXT/GF22FDX_SC8T_104CPP_BASE_CSC28L_FDK_RELV06R60/model/timing/ccs/GF22FDX_SC8T_104CPP_BASE_CSC28L_FFG_0P72V_0P00V_0P00V_0P00V_M40C_ccs.lib.gz.
Read 959 cells in library GF22FDX_SC8T_104CPP_BASE_CSC28L_FFG_0P72V_0P00V_0P00V_0P00V_M40C.
Library reading multithread flow ended.
cond_typ cond_worst cond_best
rc_typ rc_best rc_worst

Loading LEF file /home/jcdavid/IL2225-Project/SiLagoNN/phy/db/part/Silago_bot/libs/lef/22FDSOI_10M_2Mx_4Cx_2Bx_2Jx_LB_104cpp_tech.lef ...

Loading LEF file /home/jcdavid/IL2225-Project/SiLagoNN/phy/db/part/Silago_bot/libs/lef/GF22FDX_SC8T_104CPP_BASE_CSC28L.lef ...
**WARN: (IMPLF-378):	The spacing for cell edge type 'SC8T_104CPP_BASE_CSC_SOURCE' and 'SC8T_104CPP_BASE_CSC_SOURCE' is already defined. It will be overwritten by the new definition in LEF file '/home/jcdavid/IL2225-Project/SiLagoNN/phy/db/part/Silago_bot/libs/lef/GF22FDX_SC8T_104CPP_BASE_CSC28L.lef'.
If it's defined multiple times for the same pair of types, only the last one
will be kept. Check all definitions in all LEF files to remove any duplicated
definitions to avoid this warning message.
**WARN: (IMPLF-378):	The spacing for cell edge type 'SC8T_104CPP_BASE_CSC_DRAIN' and 'SC8T_104CPP_BASE_CSC_SOURCE' is already defined. It will be overwritten by the new definition in LEF file '/home/jcdavid/IL2225-Project/SiLagoNN/phy/db/part/Silago_bot/libs/lef/GF22FDX_SC8T_104CPP_BASE_CSC28L.lef'.
If it's defined multiple times for the same pair of types, only the last one
will be kept. Check all definitions in all LEF files to remove any duplicated
definitions to avoid this warning message.
**WARN: (IMPLF-378):	The spacing for cell edge type 'SC8T_104CPP_BASE_CSC_DRAIN' and 'SC8T_104CPP_BASE_CSC_DRAIN' is already defined. It will be overwritten by the new definition in LEF file '/home/jcdavid/IL2225-Project/SiLagoNN/phy/db/part/Silago_bot/libs/lef/GF22FDX_SC8T_104CPP_BASE_CSC28L.lef'.
If it's defined multiple times for the same pair of types, only the last one
will be kept. Check all definitions in all LEF files to remove any duplicated
definitions to avoid this warning message.
**WARN: (IMPLF-378):	The spacing for cell edge type 'SC8T_104CPP_BASE_CSC_SOURCE2CPP' and 'SC8T_104CPP_BASE_CSC_SOURCE2CPP' is already defined. It will be overwritten by the new definition in LEF file '/home/jcdavid/IL2225-Project/SiLagoNN/phy/db/part/Silago_bot/libs/lef/GF22FDX_SC8T_104CPP_BASE_CSC28L.lef'.
If it's defined multiple times for the same pair of types, only the last one
will be kept. Check all definitions in all LEF files to remove any duplicated
definitions to avoid this warning message.
**WARN: (IMPLF-378):	The spacing for cell edge type 'SC8T_104CPP_BASE_CSC_SOURCE' and 'SC8T_104CPP_BASE_CSC_SOURCE2CPP' is already defined. It will be overwritten by the new definition in LEF file '/home/jcdavid/IL2225-Project/SiLagoNN/phy/db/part/Silago_bot/libs/lef/GF22FDX_SC8T_104CPP_BASE_CSC28L.lef'.
If it's defined multiple times for the same pair of types, only the last one
will be kept. Check all definitions in all LEF files to remove any duplicated
definitions to avoid this warning message.
**WARN: (IMPLF-378):	The spacing for cell edge type 'SC8T_104CPP_BASE_CSC_SOURCE2CPP' and 'SC8T_104CPP_BASE_CSC_DRAIN' is already defined. It will be overwritten by the new definition in LEF file '/home/jcdavid/IL2225-Project/SiLagoNN/phy/db/part/Silago_bot/libs/lef/GF22FDX_SC8T_104CPP_BASE_CSC28L.lef'.
If it's defined multiple times for the same pair of types, only the last one
will be kept. Check all definitions in all LEF files to remove any duplicated
definitions to avoid this warning message.
Set DBUPerIGU to M1 pitch 104.
[09:21:55.055194] Periodic Lic check successful
[09:21:55.055216] Feature usage summary:
[09:21:55.055216] Innovus_Impl_System
[09:21:55.055217] Innovus_20nm_Opt

This command "read_db ." required an extra checkout of license invs_20nm.
Additional license(s) checked out: 1 'Innovus_20nm_Opt' license(s)
**WARN: (IMPLF-201):	Pin 'Z' in macro 'SC8T_XOR3X8_CSC28L' has no ANTENNADIFFAREA value defined. The library data is incomplete and some process antenna rules will not be checked correctly.
Type 'man IMPLF-201' for more detail.
**WARN: (IMPLF-201):	Pin 'Z' in macro 'SC8T_XOR3X4_CSC28L' has no ANTENNADIFFAREA value defined. The library data is incomplete and some process antenna rules will not be checked correctly.
Type 'man IMPLF-201' for more detail.
**WARN: (IMPLF-201):	Pin 'Z' in macro 'SC8T_XOR3X2_CSC28L' has no ANTENNADIFFAREA value defined. The library data is incomplete and some process antenna rules will not be checked correctly.
Type 'man IMPLF-201' for more detail.
**WARN: (IMPLF-201):	Pin 'Z' in macro 'SC8T_XOR3X1_MR_CSC28L' has no ANTENNADIFFAREA value defined. The library data is incomplete and some process antenna rules will not be checked correctly.
Type 'man IMPLF-201' for more detail.
**WARN: (IMPLF-201):	Pin 'Z' in macro 'SC8T_XOR3X1_CSC28L' has no ANTENNADIFFAREA value defined. The library data is incomplete and some process antenna rules will not be checked correctly.
Type 'man IMPLF-201' for more detail.
**WARN: (IMPLF-201):	Pin 'Z' in macro 'SC8T_XOR2X8_CSC28L' has no ANTENNADIFFAREA value defined. The library data is incomplete and some process antenna rules will not be checked correctly.
Type 'man IMPLF-201' for more detail.
**WARN: (IMPLF-201):	Pin 'Z' in macro 'SC8T_XOR2X4_CSC28L' has no ANTENNADIFFAREA value defined. The library data is incomplete and some process antenna rules will not be checked correctly.
Type 'man IMPLF-201' for more detail.
**WARN: (IMPLF-201):	Pin 'Z' in macro 'SC8T_XOR2X2_CSC28L' has no ANTENNADIFFAREA value defined. The library data is incomplete and some process antenna rules will not be checked correctly.
Type 'man IMPLF-201' for more detail.
**WARN: (IMPLF-201):	Pin 'Z' in macro 'SC8T_XOR2X1_MR_CSC28L' has no ANTENNADIFFAREA value defined. The library data is incomplete and some process antenna rules will not be checked correctly.
Type 'man IMPLF-201' for more detail.
**WARN: (IMPLF-201):	Pin 'Z' in macro 'SC8T_XOR2X1_CSC28L' has no ANTENNADIFFAREA value defined. The library data is incomplete and some process antenna rules will not be checked correctly.
Type 'man IMPLF-201' for more detail.
**WARN: (IMPLF-201):	Pin 'Z' in macro 'SC8T_XOR2X0P5_CSC28L' has no ANTENNADIFFAREA value defined. The library data is incomplete and some process antenna rules will not be checked correctly.
Type 'man IMPLF-201' for more detail.
**WARN: (IMPLF-201):	Pin 'Z' in macro 'SC8T_XNR3X8_CSC28L' has no ANTENNADIFFAREA value defined. The library data is incomplete and some process antenna rules will not be checked correctly.
Type 'man IMPLF-201' for more detail.
**WARN: (IMPLF-201):	Pin 'Z' in macro 'SC8T_XNR3X4_CSC28L' has no ANTENNADIFFAREA value defined. The library data is incomplete and some process antenna rules will not be checked correctly.
Type 'man IMPLF-201' for more detail.
**WARN: (IMPLF-201):	Pin 'Z' in macro 'SC8T_XNR3X2_CSC28L' has no ANTENNADIFFAREA value defined. The library data is incomplete and some process antenna rules will not be checked correctly.
Type 'man IMPLF-201' for more detail.
**WARN: (IMPLF-201):	Pin 'Z' in macro 'SC8T_XNR3X1_MR_CSC28L' has no ANTENNADIFFAREA value defined. The library data is incomplete and some process antenna rules will not be checked correctly.
Type 'man IMPLF-201' for more detail.
**WARN: (IMPLF-201):	Pin 'Z' in macro 'SC8T_XNR3X1_CSC28L' has no ANTENNADIFFAREA value defined. The library data is incomplete and some process antenna rules will not be checked correctly.
Type 'man IMPLF-201' for more detail.
**WARN: (IMPLF-201):	Pin 'Z' in macro 'SC8T_XNR2X8_CSC28L' has no ANTENNADIFFAREA value defined. The library data is incomplete and some process antenna rules will not be checked correctly.
Type 'man IMPLF-201' for more detail.
**WARN: (IMPLF-201):	Pin 'Z' in macro 'SC8T_XNR2X4_CSC28L' has no ANTENNADIFFAREA value defined. The library data is incomplete and some process antenna rules will not be checked correctly.
Type 'man IMPLF-201' for more detail.
**WARN: (IMPLF-201):	Pin 'Z' in macro 'SC8T_XNR2X2_CSC28L' has no ANTENNADIFFAREA value defined. The library data is incomplete and some process antenna rules will not be checked correctly.
Type 'man IMPLF-201' for more detail.
**WARN: (IMPLF-201):	Pin 'Z' in macro 'SC8T_XNR2X1_MR_CSC28L' has no ANTENNADIFFAREA value defined. The library data is incomplete and some process antenna rules will not be checked correctly.
Type 'man IMPLF-201' for more detail.
**WARN: (EMS-27):	Message (IMPLF-201) has exceeded the current message display limit of 20.
To increase the message display limit, refer to the product command reference manual.
**WARN: (IMPLF-200):	Pin 'A' in macro 'SC8T_ANTENNAX11_CSC28L' has no ANTENNAGATEAREA value defined. The library data is incomplete and some process antenna rules will not be checked correctly.
Type 'man IMPLF-200' for more detail.

##  Check design process and node:  
##  Both design process and tech node are not set.

Loading view definition file from /home/jcdavid/IL2225-Project/SiLagoNN/phy/db/part/Silago_bot/viewDefinition.tcl
% Begin Load netlist data ... (date=01/03 09:21:56, mem=934.3M)
*** Begin netlist parsing (mem=1767.3M) ***
Created 959 new cells from 2 timing libraries.
Reading netlist ...
Backslashed names will retain backslash and a trailing blank character.
Reading verilogBinary netlist '/home/jcdavid/IL2225-Project/SiLagoNN/phy/db/part/Silago_bot/vbin/Silago_bot.v.bin'
Reading binary database version 2 in multi-threaded mode

*** Memory Usage v#1 (Current mem = 1796.336M, initial mem = 494.961M) ***
*** End netlist parsing (cpu=0:00:00.2, real=0:00:00.0, mem=1796.3M) ***
% End Load netlist data ... (date=01/03 09:21:56, total cpu=0:00:00.3, real=0:00:00.0, peak res=1057.6M, current mem=1057.6M)
Set top cell to Silago_bot.
Hooked 1918 DB cells to tlib cells.
Starting recursive module instantiation check.
No recursion found.
Building hierarchical netlist for Cell Silago_bot ...
*** Netlist is unique.
** info: there are 2147 modules.
** info: there are 36390 stdCell insts.

*** Memory Usage v#1 (Current mem = 1810.250M, initial mem = 494.961M) ***

Honor LEF defined pitches for advanced node
Start create_tracks
**WARN: (IMPTR-9998):	The mode setting command for route_trial is obsolete and should not be used anymore.  It still works in this release but will be removed in a future release.  You should change to use set_db route_early_global_<attr_name> to set modes for route_early_global which is the replacement tool for route_trial.
add_rings command will ignore shorts while creating rings.
add_rings command will disallow rings to go over rows.
add_rings command will consider rows while creating rings.
The ring targets are set to core/block ring wires.
**WARN: (IMPTB-413):	Option "budget_virtual_opt_engine" of the set_db command doesn't regenerate Timing Graph, if it already exists.
add_stripes will allow jog to connect padcore ring and block ring.

Stripes will not extend to closest target.
When breaking rings, the power planner will consider the existence of blocks.
add_stripes will break automatically at non-default domains when generating global stripes over the core area or default domain.
The entire stripe set will break at the domain if one of the nets is not in the domain.
Stripes will not be created over regions without power planning wires.
Offset for stripe breaking is set to 0.
Stripes will stop at the boundary of the specified area.
The power planner will set stripe antenna targets to none (no trimming allowed).

Loading LEF file /home/jcdavid/IL2225-Project/SiLagoNN/phy/db/part/Silago_bot/Silago_bot.lef.info.gz ...
*Info: initialize multi-corner CTS.
Starting library reading in 'Multi-threaded flow' (with '8' threads)

Threads Configured:8
Reading LIBSET_TC timing library /opt/pdk/gfip/22FDX-EXT/GF22FDX_SC8T_104CPP_BASE_CSC28L_FDK_RELV06R60/model/timing/ccs/GF22FDX_SC8T_104CPP_BASE_CSC28L_TT_0P80V_0P00V_0P00V_0P00V_25C_ccs.lib.gz.
Read 959 cells in library GF22FDX_SC8T_104CPP_BASE_CSC28L_TT_0P80V_0P00V_0P00V_0P00V_25C.
Library reading multithread flow ended.
Total number of combinational cells: 808
Total number of sequential cells: 101
Total number of tristate cells: 4
Total number of level shifter cells: 0
Total number of power gating cells: 0
Total number of isolation cells: 0
Total number of power switch cells: 0
Total number of pulse generator cells: 0
Total number of always on buffers: 0
Total number of retention cells: 0
Total number of physical cells: 46
List of usable buffers: SC8T_BUFX0P5_A_CSC28L SC8T_BUFX0P5_CSC28L SC8T_BUFX10_CSC28L SC8T_BUFX12_CSC28L SC8T_BUFX16_CSC28L SC8T_BUFX1P5_CSC28L SC8T_BUFX1_A_CSC28L SC8T_BUFX1_MR_CSC28L SC8T_BUFX1_CSC28L SC8T_BUFX20_CSC28L SC8T_BUFX24_CSC28L SC8T_BUFX2_CSC28L SC8T_BUFX3_CSC28L SC8T_BUFX4_MR_CSC28L SC8T_BUFX4_CSC28L SC8T_BUFX6_CSC28L SC8T_BUFX8_CSC28L SC8T_CKBUFX10_CSC28L SC8T_CKBUFX12_CSC28L SC8T_CKBUFX16_CSC28L SC8T_CKBUFX1_MR_CSC28L SC8T_CKBUFX1_CSC28L SC8T_CKBUFX20_CSC28L SC8T_CKBUFX24_CSC28L SC8T_CKBUFX2_CSC28L SC8T_CKBUFX4_CSC28L SC8T_CKBUFX6_CSC28L SC8T_CKBUFX8_CSC28L
Total number of usable buffers: 28
List of unusable buffers:
Total number of unusable buffers: 0
List of usable inverters: SC8T_INVX0P5_CSC28L SC8T_INVX10_CSC28L SC8T_INVX12_CSC28L SC8T_INVX16_CSC28L SC8T_INVX1P5_CSC28L SC8T_INVX1_3CPP_CSC28L SC8T_INVX1_MR_CSC28L SC8T_INVX1_CSC28L SC8T_INVX20_CSC28L SC8T_INVX24_CSC28L SC8T_INVX2_CSC28L SC8T_INVX3_CSC28L SC8T_INVX4_CSC28L SC8T_INVX6_CSC28L SC8T_INVX8_CSC28L SC8T_CKINVX10_CSC28L SC8T_CKINVX12_CSC28L SC8T_CKINVX16_CSC28L SC8T_CKINVX1_MR_CSC28L SC8T_CKINVX1_CSC28L SC8T_CKINVX20_CSC28L SC8T_CKINVX24_CSC28L SC8T_CKINVX2_CSC28L SC8T_CKINVX4_CSC28L SC8T_CKINVX6_CSC28L SC8T_CKINVX8_CSC28L
Total number of usable inverters: 26
List of unusable inverters:
Total number of unusable inverters: 0
List of identified usable delay cells: SC8T_DLY100X1_CSC28L SC8T_DLY40X1_CSC28L SC8T_DLY60X1_CSC28L SC8T_DLY80X1_CSC28L
Total number of identified usable delay cells: 4
List of identified unusable delay cells:
Total number of identified unusable delay cells: 0
Reading floorplan file - /home/jcdavid/IL2225-Project/SiLagoNN/phy/db/part/Silago_bot/Silago_bot.fp.gz (mem = 2097.0M).
% Begin Load floorplan data ... (date=01/03 09:22:59, mem=1307.3M)
*info: reset 39564 existing net BottomPreferredLayer and AvoidDetour
Deleting old partition specification.
Set FPlanBox to (0 0 199992 200320)

Honor LEF defined pitches for advanced node
Start create_tracks
 ... processed partition successfully.
Reading binary special route file /home/jcdavid/IL2225-Project/SiLagoNN/phy/db/part/Silago_bot/Silago_bot.fp.spr.gz (Created by Innovus v21.19-s058_1 on Sat Jan  3 09:18:04 2026, version: 1)
Convert 0 swires and 0 svias from compressed groups
4 swires and 0 svias were compressed
22 swires and 0 svias were decompressed from small or sparse groups
Ending "Read special route file" (total cpu=0:00:00.1, real=0:00:00.0, peak res=1308.9M, current mem=1308.9M)
Extracting standard cell pins and blockage ...... 
Pin and blockage extraction finished
Delete all existing relative floorplan constraints.
% End Load floorplan data ... (date=01/03 09:23:00, total cpu=0:00:00.3, real=0:00:01.0, peak res=1310.0M, current mem=1310.0M)
% Begin Load SymbolTable ... (date=01/03 09:23:00, mem=1310.0M)
% End Load SymbolTable ... (date=01/03 09:23:00, total cpu=0:00:00.2, real=0:00:00.0, peak res=1313.0M, current mem=1313.0M)
Loading place ...
% Begin Load placement data ... (date=01/03 09:23:00, mem=1313.0M)
Reading placement file - /home/jcdavid/IL2225-Project/SiLagoNN/phy/db/part/Silago_bot/Silago_bot.place.gz.
** Reading stdCellPlacement_binary (Created by Innovus v21.19-s058_1 on Sat Jan  3 09:18:04 2026, version# 1) ...
Read Views for adaptive view pruning ...
Read 0 views from Binary DB for adaptive view pruning
*** Completed restorePlace (cpu=0:00:00.0 real=0:00:00.0 mem=2098.0M) ***
Total net length = 3.246e+04 (3.204e+04 4.192e+02) (ext = 3.238e+04)
% End Load placement data ... (date=01/03 09:23:00, total cpu=0:00:00.1, real=0:00:00.0, peak res=1313.1M, current mem=1313.1M)
Reading PG file /home/jcdavid/IL2225-Project/SiLagoNN/phy/db/part/Silago_bot/Silago_bot.pg.gz, version#2, (Created by Innovus v21.19-s058_1 on       Sat Jan  3 09:18:04 2026)
*** Completed restorePGFile (cpu=0:00:00.0 real=0:00:01.0 mem=2095.0M) ***
% Begin Load routing data ... (date=01/03 09:23:01, mem=1313.0M)
Reading routing file - /home/jcdavid/IL2225-Project/SiLagoNN/phy/db/part/Silago_bot/Silago_bot.route.gz.
Reading Innovus routing data (Created by Innovus v21.19-s058_1 on Sat Jan  3 09:18:04 2026 Format: 20.1) ...
*** Total 38506 nets are successfully restored.
*** Completed restoreRoute (cpu=0:00:00.1 real=0:00:00.0 mem=2095.0M) ***
% End Load routing data ... (date=01/03 09:23:01, total cpu=0:00:00.1, real=0:00:00.0, peak res=1313.7M, current mem=1313.7M)
Reading property file /home/jcdavid/IL2225-Project/SiLagoNN/phy/db/part/Silago_bot/Silago_bot.prop
*** Completed restoreProperty (cpu=0:00:00.0 real=0:00:00.0 mem=2098.0M) ***
% Begin Loading timing constraints ... (date=01/03 09:23:01, mem=1314.1M)
Reading timing constraints file '/home/jcdavid/IL2225-Project/SiLagoNN/phy/db/part/Silago_bot/Silago_bot_AVF_RCWORST.constr.pt' ...
Current (total cpu=0:20:06, real=0:03:47, peak res=2122.0M, current mem=1605.1M)
**WARN: (TCLCMD-1602):	The clock '_INN_superClk' has been asserted with zero period (File /home/jcdavid/IL2225-Project/SiLagoNN/phy/db/part/Silago_bot/Silago_bot_AVF_RCWORST.constr.pt, Line 5).

**WARN: (TCLCMD-1530):	Clock '_INN_superClk' has clock waveform with rise & fall edges defined at the same time. (File /home/jcdavid/IL2225-Project/SiLagoNN/phy/db/part/Silago_bot/Silago_bot_AVF_RCWORST.constr.pt, Line 5).

**WARN: (TCLCMD-1142):	Virtual clock '_INN_superClk' is being created with no source objects. (File /home/jcdavid/IL2225-Project/SiLagoNN/phy/db/part/Silago_bot/Silago_bot_AVF_RCWORST.constr.pt, Line 5).

INFO (CTE): Reading of timing constraints file /home/jcdavid/IL2225-Project/SiLagoNN/phy/db/part/Silago_bot/Silago_bot_AVF_RCWORST.constr.pt completed, with 3 WARNING
Ending "Constraint file reading stats" (total cpu=0:00:00.7, real=0:00:01.0, peak res=1646.8M, current mem=1646.8M)
Current (total cpu=0:20:07, real=0:03:48, peak res=2122.0M, current mem=1646.8M)
Reading timing constraints file '/home/jcdavid/IL2225-Project/SiLagoNN/phy/db/part/Silago_bot/Silago_bot_AVF_RCTYP.constr.pt' ...
Current (total cpu=0:20:07, real=0:03:48, peak res=2122.0M, current mem=1646.9M)
**WARN: (TCLCMD-1602):	The clock '_INN_superClk' has been asserted with zero period (File /home/jcdavid/IL2225-Project/SiLagoNN/phy/db/part/Silago_bot/Silago_bot_AVF_RCTYP.constr.pt, Line 5).

**WARN: (TCLCMD-1530):	Clock '_INN_superClk' has clock waveform with rise & fall edges defined at the same time. (File /home/jcdavid/IL2225-Project/SiLagoNN/phy/db/part/Silago_bot/Silago_bot_AVF_RCTYP.constr.pt, Line 5).

**WARN: (TCLCMD-1142):	Virtual clock '_INN_superClk' is being created with no source objects. (File /home/jcdavid/IL2225-Project/SiLagoNN/phy/db/part/Silago_bot/Silago_bot_AVF_RCTYP.constr.pt, Line 5).

INFO (CTE): Reading of timing constraints file /home/jcdavid/IL2225-Project/SiLagoNN/phy/db/part/Silago_bot/Silago_bot_AVF_RCTYP.constr.pt completed, with 3 WARNING
Ending "Constraint file reading stats" (total cpu=0:00:00.6, real=0:00:01.0, peak res=1647.2M, current mem=1647.2M)
Current (total cpu=0:20:08, real=0:03:49, peak res=2122.0M, current mem=1647.2M)
Reading timing constraints file '/home/jcdavid/IL2225-Project/SiLagoNN/phy/db/part/Silago_bot/Silago_bot_AVF_RCBEST.constr.pt' ...
Current (total cpu=0:20:08, real=0:03:49, peak res=2122.0M, current mem=1647.2M)
**WARN: (TCLCMD-1602):	The clock '_INN_superClk' has been asserted with zero period (File /home/jcdavid/IL2225-Project/SiLagoNN/phy/db/part/Silago_bot/Silago_bot_AVF_RCBEST.constr.pt, Line 5).

**WARN: (TCLCMD-1530):	Clock '_INN_superClk' has clock waveform with rise & fall edges defined at the same time. (File /home/jcdavid/IL2225-Project/SiLagoNN/phy/db/part/Silago_bot/Silago_bot_AVF_RCBEST.constr.pt, Line 5).

**WARN: (TCLCMD-1142):	Virtual clock '_INN_superClk' is being created with no source objects. (File /home/jcdavid/IL2225-Project/SiLagoNN/phy/db/part/Silago_bot/Silago_bot_AVF_RCBEST.constr.pt, Line 5).

INFO (CTE): Reading of timing constraints file /home/jcdavid/IL2225-Project/SiLagoNN/phy/db/part/Silago_bot/Silago_bot_AVF_RCBEST.constr.pt completed, with 3 WARNING
Ending "Constraint file reading stats" (total cpu=0:00:00.6, real=0:00:01.0, peak res=1647.9M, current mem=1647.9M)
Current (total cpu=0:20:09, real=0:03:50, peak res=2122.0M, current mem=1647.9M)
% End Loading timing constraints ... (date=01/03 09:23:04, total cpu=0:00:03.0, real=0:00:03.0, peak res=1648.0M, current mem=1648.0M)
**WARN: (IMPIMEX-10014):	The current design data being restored: '/home/jcdavid/IL2225-Project/SiLagoNN/phy/db/part/Silago_bot' has been saved with an older structure. When restoring a subset of views for this database, derate information for inactive delay corners may be inaccesible in the current session. A newer database structure allows more flexibility for change the active view list in-session. To update the current database, you need to restore the design with all views active - and then the next save will update it to the new model.
add_rings command will ignore shorts while creating rings.
add_rings command will disallow rings to go over rows.
add_rings command will consider rows while creating rings.
The ring targets are set to core/block ring wires.
add_stripes will allow jog to connect padcore ring and block ring.

Stripes will not extend to closest target.
When breaking rings, the power planner will consider the existence of blocks.
add_stripes will break automatically at non-default domains when generating global stripes over the core area or default domain.
The entire stripe set will break at the domain if one of the nets is not in the domain.
Stripes will not be created over regions without power planning wires.
Offset for stripe breaking is set to 0.
Stripes will stop at the boundary of the specified area.
The power planner will set stripe antenna targets to none (no trimming allowed).
**WARN: (IMPTB-413):	Option "budget_virtual_opt_engine" of the set_db command doesn't regenerate Timing Graph, if it already exists.
**WARN: (IMPTR-9998):	The mode setting command for route_trial is obsolete and should not be used anymore.  It still works in this release but will be removed in a future release.  You should change to use set_db route_early_global_<attr_name> to set modes for route_early_global which is the replacement tool for route_trial.
Extraction setup Started 
Initializing multi-corner RC extraction with 3 active RC Corners ...
Captable file(s) not specified in multi-corner setup. PreRoute extraction will use technology file. For post_route extraction, default value for effort level would be 'medium' and effort level 'low' would not be allowed.
Generating auto layer map file.
Importing multi-corner technology file(s) for preRoute extraction...
/home/jcdavid/IL2225-Project/SiLagoNN/phy/db/part/Silago_bot/libs/mmmc/rc_worst/qrcTechFile
/home/jcdavid/IL2225-Project/SiLagoNN/phy/db/part/Silago_bot/libs/mmmc/rc_best/qrcTechFile
/home/jcdavid/IL2225-Project/SiLagoNN/phy/db/part/Silago_bot/libs/mmmc/rc_typ/qrcTechFile
Generating auto layer map file.
Generating auto layer map file.
Generating auto layer map file.
Completed (cpu: 0:00:14.5 real: 0:00:13.0)
Set Shrink Factor to 1.00000
Summary of Active RC-Corners : 
 
 Analysis View: AVF_RCWORST
    RC-Corner Name        : rc_worst
    RC-Corner Index       : 0
    RC-Corner Temperature : 25 Celsius
    RC-Corner Cap Table   : ''
    RC-Corner PreRoute Res Factor         : 1
    RC-Corner PreRoute Cap Factor         : 1
    RC-Corner PostRoute Res Factor        : 1 {1 1 1}
    RC-Corner PostRoute Cap Factor        : 1 {1 1 1}
    RC-Corner PostRoute XCap Factor       : 1 {1 1 1}
    RC-Corner PreRoute Clock Res Factor   : 1	[Derived from postRoute_res (effortLevel low)]
    RC-Corner PreRoute Clock Cap Factor   : 1	[Derived from postRoute_cap (effortLevel low)]
    RC-Corner PostRoute Clock Cap Factor  : 1 {1 1 1} 	[Derived from postRoute_cap (effortLevel low)]
    RC-Corner PostRoute Clock Res Factor  : 1 {1 1 1} 	[Derived from postRoute_res (effortLevel low)]
    RC-Corner PostRoute Clock coupling capacitance Factor : 1 {1 1 1} 
    RC-Corner Technology file: '/home/jcdavid/IL2225-Project/SiLagoNN/phy/db/part/Silago_bot/libs/mmmc/rc_worst/qrcTechFile'
 
 Analysis View: AVF_RCBEST
    RC-Corner Name        : rc_best
    RC-Corner Index       : 1
    RC-Corner Temperature : 25 Celsius
    RC-Corner Cap Table   : ''
    RC-Corner PreRoute Res Factor         : 1
    RC-Corner PreRoute Cap Factor         : 1
    RC-Corner PostRoute Res Factor        : 1 {1 1 1}
    RC-Corner PostRoute Cap Factor        : 1 {1 1 1}
    RC-Corner PostRoute XCap Factor       : 1 {1 1 1}
    RC-Corner PreRoute Clock Res Factor   : 1	[Derived from postRoute_res (effortLevel low)]
    RC-Corner PreRoute Clock Cap Factor   : 1	[Derived from postRoute_cap (effortLevel low)]
    RC-Corner PostRoute Clock Cap Factor  : 1 {1 1 1} 	[Derived from postRoute_cap (effortLevel low)]
    RC-Corner PostRoute Clock Res Factor  : 1 {1 1 1} 	[Derived from postRoute_res (effortLevel low)]
    RC-Corner PostRoute Clock coupling capacitance Factor : 1 {1 1 1} 
    RC-Corner Technology file: '/home/jcdavid/IL2225-Project/SiLagoNN/phy/db/part/Silago_bot/libs/mmmc/rc_best/qrcTechFile'
 
 Analysis View: AVF_RCTYP
    RC-Corner Name        : rc_typ
    RC-Corner Index       : 2
    RC-Corner Temperature : 25 Celsius
    RC-Corner Cap Table   : ''
    RC-Corner PreRoute Res Factor         : 1
    RC-Corner PreRoute Cap Factor         : 1
    RC-Corner PostRoute Res Factor        : 1 {1 1 1}
    RC-Corner PostRoute Cap Factor        : 1 {1 1 1}
    RC-Corner PostRoute XCap Factor       : 1 {1 1 1}
    RC-Corner PreRoute Clock Res Factor   : 1	[Derived from postRoute_res (effortLevel low)]
    RC-Corner PreRoute Clock Cap Factor   : 1	[Derived from postRoute_cap (effortLevel low)]
    RC-Corner PostRoute Clock Cap Factor  : 1 {1 1 1} 	[Derived from postRoute_cap (effortLevel low)]
    RC-Corner PostRoute Clock Res Factor  : 1 {1 1 1} 	[Derived from postRoute_res (effortLevel low)]
    RC-Corner PostRoute Clock coupling capacitance Factor : 1 {1 1 1} 
    RC-Corner Technology file: '/home/jcdavid/IL2225-Project/SiLagoNN/phy/db/part/Silago_bot/libs/mmmc/rc_typ/qrcTechFile'
Updating RC grid for preRoute extraction ...
Initializing multi-corner resistance tables ...
Default value for post_route extraction mode's extract_rc_effort_level (extract_rc_effort_level option of set_db) changed to 'medium'.
Start generating vias ..
Extracting standard cell pins and blockage ...... 
Pin and blockage extraction finished
Via generation completed successfully.
Generating auto layer map file.
Initializing preRoute extraction patterns for new vias... Generating auto layer map file.
Generating auto layer map file.
Generating auto layer map file.
Completed (cpu: 0:00:05.5 real: 0:00:06.0)
% Begin Load power constraints ... (date=01/03 09:23:24, mem=1735.1M)
% End Load power constraints ... (date=01/03 09:23:24, total cpu=0:00:00.1, real=0:00:00.0, peak res=1735.1M, current mem=1735.1M)
% Begin load AAE data ... (date=01/03 09:23:24, mem=1735.1M)
**WARN: (IMPESI-621):	Timing window restoration data eosdb.dat not found. PBA-SI results may not match in save/restore flow.
% End load AAE data ... (date=01/03 09:23:25, total cpu=0:00:00.1, real=0:00:00.0, peak res=1735.2M, current mem=1735.2M)
Total number of combinational cells: 808
Total number of sequential cells: 101
Total number of tristate cells: 4
Total number of level shifter cells: 0
Total number of power gating cells: 0
Total number of isolation cells: 0
Total number of power switch cells: 0
Total number of pulse generator cells: 0
Total number of always on buffers: 0
Total number of retention cells: 0
Total number of physical cells: 46
List of usable buffers: SC8T_BUFX0P5_A_CSC28L SC8T_BUFX0P5_CSC28L SC8T_BUFX10_CSC28L SC8T_BUFX12_CSC28L SC8T_BUFX16_CSC28L SC8T_BUFX1P5_CSC28L SC8T_BUFX1_A_CSC28L SC8T_BUFX1_MR_CSC28L SC8T_BUFX1_CSC28L SC8T_BUFX20_CSC28L SC8T_BUFX24_CSC28L SC8T_BUFX2_CSC28L SC8T_BUFX3_CSC28L SC8T_BUFX4_MR_CSC28L SC8T_BUFX4_CSC28L SC8T_BUFX6_CSC28L SC8T_BUFX8_CSC28L SC8T_CKBUFX10_CSC28L SC8T_CKBUFX12_CSC28L SC8T_CKBUFX16_CSC28L SC8T_CKBUFX1_MR_CSC28L SC8T_CKBUFX1_CSC28L SC8T_CKBUFX20_CSC28L SC8T_CKBUFX24_CSC28L SC8T_CKBUFX2_CSC28L SC8T_CKBUFX4_CSC28L SC8T_CKBUFX6_CSC28L SC8T_CKBUFX8_CSC28L
Total number of usable buffers: 28
List of unusable buffers:
Total number of unusable buffers: 0
List of usable inverters: SC8T_INVX0P5_CSC28L SC8T_INVX10_CSC28L SC8T_INVX12_CSC28L SC8T_INVX16_CSC28L SC8T_INVX1P5_CSC28L SC8T_INVX1_3CPP_CSC28L SC8T_INVX1_MR_CSC28L SC8T_INVX1_CSC28L SC8T_INVX20_CSC28L SC8T_INVX24_CSC28L SC8T_INVX2_CSC28L SC8T_INVX3_CSC28L SC8T_INVX4_CSC28L SC8T_INVX6_CSC28L SC8T_INVX8_CSC28L SC8T_CKINVX10_CSC28L SC8T_CKINVX12_CSC28L SC8T_CKINVX16_CSC28L SC8T_CKINVX1_MR_CSC28L SC8T_CKINVX1_CSC28L SC8T_CKINVX20_CSC28L SC8T_CKINVX24_CSC28L SC8T_CKINVX2_CSC28L SC8T_CKINVX4_CSC28L SC8T_CKINVX6_CSC28L SC8T_CKINVX8_CSC28L
Total number of usable inverters: 26
List of unusable inverters:
Total number of unusable inverters: 0
List of identified usable delay cells: SC8T_DLY100X1_CSC28L SC8T_DLY40X1_CSC28L SC8T_DLY60X1_CSC28L SC8T_DLY80X1_CSC28L
Total number of identified usable delay cells: 4
List of identified unusable delay cells:
Total number of identified unusable delay cells: 0
#% End load design ... (date=01/03 09:23:25, total cpu=0:20:09, real=0:03:50, peak res=2187.9M, current mem=1733.0M)

*** Summary of all messages that are not suppressed in this session:
Severity  ID               Count  Summary                                  
WARNING   IMPLF-200            1  Pin '%s' in macro '%s' has no ANTENNAGAT...
WARNING   IMPLF-201          944  Pin '%s' in macro '%s' has no ANTENNADIF...
WARNING   IMPLF-378            6  The spacing for cell edge type '%s' and ...
WARNING   IMPESI-621           1  Timing window restoration data eosdb.dat...
WARNING   IMPTB-413            2  Option "%s" of the set_db command doesn'...
WARNING   IMPTR-9998           2  The mode setting command for route_trial...
WARNING   NRFL-374             6  %s spacing table is not monotonically in...
WARNING   IMPIMEX-10014        1  The current design data being restored: ...
WARNING   TCLCMD-1142          3  Virtual clock '%s' is being created with...
WARNING   TCLCMD-1530          3  Clock '%s' has clock waveform with rise ...
WARNING   TCLCMD-1602          3  The clock '%s' has been asserted with ze...
WARNING   TECHLIB-302        141  No function defined for cell '%s'. The c...
*** Message Summary: 1113 warning(s), 0 error(s)

@file 5:
@@file 6: place_design
*** placeDesign #1 [begin] : totSession cpu/real = 0:20:30.5/0:04:10.4 (4.9), mem = 2464.5M
*** Starting place_design default flow ***
*** Start delete_buffer_trees ***
Multithreaded Timing Analysis is initialized with 8 threads

Info: Detect buffers to remove automatically.
Analyzing netlist ...
Updating netlist

*summary: 834 instances (buffers/inverters) removed
*** Finish delete_buffer_trees (0:00:04.1) ***
**INFO: Enable pre-place timing setting for timing analysis
Set Using Default Delay Limit as 101.
**WARN: (IMPDC-1629):	The default delay limit was set to 101. This is less than the default of 1000 and may result in inaccurate delay calculation for nets with a fanout higher than the setting.  If needed, the default delay limit may be adjusted by running the command 'set delaycal_use_default_delay_limit'.
Set Default Net Delay as 0 ps.
Set Default Net Load as 0 pF. 
Set Default Input Pin Transition as 1 ps.
**INFO: Analyzing IO path groups for slack adjustment
Effort level <high> specified for reg2reg_tmp.984317 path_group
AAE_INFO: opIsDesignInPostRouteState() is 0
AAE DB initialization (MEM=2713.13 CPU=0:00:00.0 REAL=0:00:00.0) 
#################################################################################
# Design Stage: PreRoute
# Design Name: Silago_bot
# Design Mode: 90nm
# Analysis Mode: MMMC Non-OCV 
# Parasitics Mode: No SPEF/RCDB 
# Signoff Settings: SI Off 
#################################################################################
Calculate delays in BcWc mode...
Start delay calculation (fullDC) (8 T). (MEM=2724.14)
Total number of fetched objects 37714
AAE_INFO: Total number of nets for which stage creation was skipped for all views 0
End delay calculation. (MEM=3365.77 CPU=0:00:13.4 REAL=0:00:02.0)
End delay calculation (fullDC). (MEM=3365.77 CPU=0:00:18.4 REAL=0:00:16.0)
**INFO: Disable pre-place timing setting for timing analysis
Set Using Default Delay Limit as 1000.
Set Default Net Delay as 1000 ps.
Set Default Input Pin Transition as 0.1 ps.
Set Default Net Load as 0.5 pF. 
**INFO: Pre-place timing setting for timing analysis already disabled
Deleted 0 physical inst  (cell - / prefix -).
INFO: #ExclusiveGroups=0
INFO: There are no Exclusive Groups.
*** Starting "NanoPlace(TM) placement v#2 (mem=3292.2M)" ...
*** Build Buffered Sizing Timing Model
(cpu=0:00:21.5 mem=3364.2M) ***
*** Build Virtual Sizing Timing Model
(cpu=0:00:23.5 mem=3364.2M) ***
No user-set net weight.
Net fanout histogram:
2		: 24421 (64.9%) nets
3		: 5446 (14.5%) nets
4     -	14	: 6512 (17.3%) nets
15    -	39	: 1051 (2.8%) nets
40    -	79	: 174 (0.5%) nets
80    -	159	: 18 (0.0%) nets
160   -	319	: 11 (0.0%) nets
320   -	639	: 0 (0.0%) nets
640   -	1279	: 0 (0.0%) nets
1280  -	2559	: 0 (0.0%) nets
2560  -	5119	: 2 (0.0%) nets
5120+		: 0 (0.0%) nets
Options: timingDriven clkGateAware ignoreScan pinGuide congEffort=auto gpeffort=medium 
Scan chains were not defined.
#std cell=35588 (0 fixed + 35588 movable) #buf cell=181 #inv cell=4177 #block=0 (0 floating + 0 preplaced)
#ioInst=0 #net=37635 #term=147461 #term/net=3.92, #fixedIo=0, #floatIo=0, #fixedPin=1437, #floatPin=0
stdCell: 35588 single + 0 double + 0 multi
Total standard cell length = 33.7010 (mm), area = 0.0216 (mm^2)
Estimated cell power/ground rail width = 0.090 um

**Info: (IMPSP-2062): Some of the PG shapes may not be colorized properly in this design, users are required to run command colorizePowerMesh before any placement related commands!

**Info: (IMPSP-2062): Some of the PG shapes may not be colorized properly in this design, users are required to run command colorizePowerMesh before any placement related commands!
Average module density = 0.538.
Density for the design = 0.538.
       = stdcell_area 324048 sites (21569 um^2) / alloc_area 601899 sites (40062 um^2).
Pin Density = 0.2450.
            = total # of pins 147461 / total area 601899.
Identified 18 spare or floating instances, with no clusters.
Enabling multi-CPU acceleration with 8 CPU(s) for placement
=== lastAutoLevel = 10 
Clock gating cells determined by native netlist tracing.
Iteration  1: Total net bbox = 2.464e+05 (1.02e+05 1.45e+05)
              Est.  stn bbox = 2.861e+05 (1.33e+05 1.53e+05)
              cpu = 0:00:00.6 real = 0:00:01.0 mem = 3919.8M
Iteration  2: Total net bbox = 2.464e+05 (1.02e+05 1.45e+05)
              Est.  stn bbox = 2.861e+05 (1.33e+05 1.53e+05)
              cpu = 0:00:00.0 real = 0:00:00.0 mem = 3920.8M
Iteration  3: Total net bbox = 2.061e+05 (9.02e+04 1.16e+05)
              Est.  stn bbox = 2.640e+05 (1.27e+05 1.37e+05)
              cpu = 0:00:07.9 real = 0:00:01.0 mem = 4209.5M
Active setup views:
    AVF_RCWORST
Iteration  4: Total net bbox = 3.218e+05 (1.75e+05 1.47e+05)
              Est.  stn bbox = 4.048e+05 (2.27e+05 1.78e+05)
              cpu = 0:00:14.5 real = 0:00:03.0 mem = 4209.3M
Iteration  5: Total net bbox = 3.757e+05 (2.12e+05 1.64e+05)
              Est.  stn bbox = 4.785e+05 (2.77e+05 2.02e+05)
              cpu = 0:00:19.3 real = 0:00:03.0 mem = 4210.1M
Iteration  6: Total net bbox = 3.786e+05 (2.03e+05 1.76e+05)
              Est.  stn bbox = 4.923e+05 (2.71e+05 2.21e+05)
              cpu = 0:00:22.1 real = 0:00:03.0 mem = 4355.3M

Iteration  7: Total net bbox = 3.903e+05 (2.14e+05 1.76e+05)
              Est.  stn bbox = 5.041e+05 (2.82e+05 2.22e+05)
              cpu = 0:00:01.7 real = 0:00:01.0 mem = 4183.4M
Iteration  8: Total net bbox = 3.903e+05 (2.14e+05 1.76e+05)
              Est.  stn bbox = 5.043e+05 (2.82e+05 2.22e+05)
              cpu = 0:00:36.7 real = 0:00:22.0 mem = 4151.4M
Iteration  9: Total net bbox = 4.013e+05 (2.18e+05 1.83e+05)
              Est.  stn bbox = 5.201e+05 (2.89e+05 2.31e+05)
              cpu = 0:00:26.1 real = 0:00:05.0 mem = 4183.4M
Iteration 10: Total net bbox = 4.013e+05 (2.18e+05 1.83e+05)
              Est.  stn bbox = 5.201e+05 (2.89e+05 2.31e+05)
              cpu = 0:00:32.3 real = 0:00:20.0 mem = 4151.4M
Iteration 11: Total net bbox = 4.021e+05 (2.18e+05 1.85e+05)
              Est.  stn bbox = 5.215e+05 (2.89e+05 2.32e+05)
              cpu = 0:00:20.5 real = 0:00:04.0 mem = 4183.4M
Iteration 12: Total net bbox = 4.021e+05 (2.18e+05 1.85e+05)
              Est.  stn bbox = 5.215e+05 (2.89e+05 2.32e+05)
              cpu = 0:00:31.6 real = 0:00:20.0 mem = 4151.4M
Iteration 13: Total net bbox = 4.115e+05 (2.20e+05 1.92e+05)
              Est.  stn bbox = 5.295e+05 (2.90e+05 2.39e+05)
              cpu = 0:00:26.8 real = 0:00:05.0 mem = 4183.4M
Iteration 14: Total net bbox = 4.115e+05 (2.20e+05 1.92e+05)
              Est.  stn bbox = 5.295e+05 (2.90e+05 2.39e+05)
              cpu = 0:00:00.1 real = 0:00:00.0 mem = 4183.4M
Iteration 15: Total net bbox = 4.115e+05 (2.20e+05 1.92e+05)
              Est.  stn bbox = 5.295e+05 (2.90e+05 2.39e+05)
              cpu = 0:00:00.1 real = 0:00:00.0 mem = 4183.4M
*** cost = 4.115e+05 (2.20e+05 1.92e+05) (cpu for global=0:04:07) real=0:01:31***
Placement multithread real runtime: 0:01:31 with 8 threads.
Info: 185 clock gating cells identified, 0 (on average) moved 0/7
Solver runtime cpu: 0:02:08 real: 0:00:20.4
Core Placement runtime cpu: 0:02:17 real: 0:00:25.0
**WARN: (IMPSP-9025):	No scan chain specified/traced.
Type 'man IMPSP-9025' for more detail.

**Info: (IMPSP-2062): Some of the PG shapes may not be colorized properly in this design, users are required to run command colorizePowerMesh before any placement related commands!
*** Starting place_detail (0:25:53 mem=4119.4M) ***
Total net bbox length = 4.115e+05 (2.197e+05 1.918e+05) (ext = 7.376e+04)

**Info: (IMPSP-2062): Some of the PG shapes may not be colorized properly in this design, users are required to run command colorizePowerMesh before any placement related commands!
Move report: Detail placement moves 35584 insts, mean move: 0.33 um, max move: 12.60 um 
	Max move on inst (SILEGO_cell/MTRF_cell/dpu_gen/U_NACU_0/U_Recon_multiplier/U_mul_h/U2): (166.02, 109.43) --> (167.75, 98.56)
	Runtime: CPU: 0:00:09.5 REAL: 0:00:04.0 MEM: 4215.4MB
Summary Report:
Instances move: 35584 (out of 35588 movable)
Instances flipped: 2
Mean displacement: 0.33 um
Max displacement: 12.60 um (Instance: SILEGO_cell/MTRF_cell/dpu_gen/U_NACU_0/U_Recon_multiplier/U_mul_h/U2) (166.024, 109.432) -> (167.752, 98.56)
	Length: 2 sites, height: 1 rows, site name: SC8T_104CPP_CMOS22FDX, cell type: SC8T_TIELOX1_CSC28L
Total net bbox length = 3.999e+05 (2.084e+05 1.916e+05) (ext = 7.365e+04)
Runtime: CPU: 0:00:09.6 REAL: 0:00:04.0 MEM: 4215.4MB
*** Finished place_detail (0:26:02 mem=4215.4M) ***
*** End of Placement (cpu=0:04:58, real=0:02:10, mem=4089.4M) ***

**Info: (IMPSP-2062): Some of the PG shapes may not be colorized properly in this design, users are required to run command colorizePowerMesh before any placement related commands!
default core: bins with density > 0.750 =  2.73 % ( 28 / 1024 )
Density distribution unevenness ratio = 9.286%
*** Free Virtual Timing Model ...(mem=4089.4M)
UM:   flow.cputime  flow.realtime  timing.setup.tns  timing.setup.wns  snapshot
UM:*                                                                   final
      flow.cputime  flow.realtime  timing.setup.tns  timing.setup.wns  snapshot
UM:*                                                                   global_place
**INFO: Enable pre-place timing setting for timing analysis
Set Using Default Delay Limit as 101.
**WARN: (IMPDC-1629):	The default delay limit was set to 101. This is less than the default of 1000 and may result in inaccurate delay calculation for nets with a fanout higher than the setting.  If needed, the default delay limit may be adjusted by running the command 'set delaycal_use_default_delay_limit'.
Set Default Net Delay as 0 ps.
Set Default Net Load as 0 pF. 
**INFO: Analyzing IO path groups for slack adjustment
Effort level <high> specified for reg2reg_tmp.984317 path_group
AAE_INFO: opIsDesignInPostRouteState() is 0
#################################################################################
# Design Stage: PreRoute
# Design Name: Silago_bot
# Design Mode: 90nm
# Analysis Mode: MMMC Non-OCV 
# Parasitics Mode: No SPEF/RCDB 
# Signoff Settings: SI Off 
#################################################################################
Calculate delays in BcWc mode...
Start delay calculation (fullDC) (8 T). (MEM=4077.85)
Total number of fetched objects 37714
AAE_INFO: Total number of nets for which stage creation was skipped for all views 0
End delay calculation. (MEM=4400.77 CPU=0:00:13.2 REAL=0:00:01.0)
End delay calculation (fullDC). (MEM=4400.77 CPU=0:00:15.0 REAL=0:00:03.0)
**INFO: Disable pre-place timing setting for timing analysis
Set Using Default Delay Limit as 1000.
Set Default Net Delay as 1000 ps.
Set Default Net Load as 0.5 pF. 
Info: Disable timing driven in postCTS congRepair.

Starting congRepair ...
[NR-eGR] Track table information for default rule: 
[NR-eGR] M1 has single uniform track structure
[NR-eGR] M2 has single uniform track structure
[NR-eGR] C1 has single uniform track structure
[NR-eGR] C2 has single uniform track structure
[NR-eGR] C3 has single uniform track structure
[NR-eGR] C4 has single uniform track structure
[NR-eGR] BA has single uniform track structure
[NR-eGR] BB has single uniform track structure
[NR-eGR] JA has single uniform track structure
[NR-eGR] JB has single uniform track structure
[NR-eGR] LB has single uniform track structure
[NR-eGR] Read 20 PG shapes
[NR-eGR] Read 0 clock shapes
[NR-eGR] Read 0 other shapes
[NR-eGR] #Routing Blockages  : 30
[NR-eGR] #Instance Blockages : 99095
[NR-eGR] #PG Blockages       : 20
[NR-eGR] #Halo Blockages     : 0
[NR-eGR] #Boundary Blockages : 0
[NR-eGR] #Clock Blockages    : 0
[NR-eGR] #Other Blockages    : 0
[NR-eGR] Num Prerouted Nets = 0  Num Prerouted Wires = 0
[NR-eGR] Read 37635 nets ( ignored 0 )
[NR-eGR] There are 186 clock nets ( 0 with NDR ).
[NR-eGR] ============ Routing rule table ============
[NR-eGR] Rule id: 0  Nets: 37635
[NR-eGR] ========================================
[NR-eGR] 
[NR-eGR] Layer group 1: route 37635 net(s) in layer range [2, 11]
[NR-eGR] Early Global Route overflow of layer group 1: 0.33% H + 0.25% V. EstWL: 4.790656e+05um
[NR-eGR] Congestion Analysis By layer: (blocked Gcells are excluded) 
[NR-eGR]                        OverCon           OverCon           OverCon            
[NR-eGR]                         #Gcell            #Gcell            #Gcell     %Gcell
[NR-eGR]        Layer             (1-4)             (5-8)               (9)    OverCon
[NR-eGR] --------------------------------------------------------------------------------
[NR-eGR]      M1 ( 1)         0( 0.00%)         0( 0.00%)         0( 0.00%)   ( 0.00%) 
[NR-eGR]      M2 ( 2)       917( 0.94%)         0( 0.00%)         0( 0.00%)   ( 0.94%) 
[NR-eGR]      C1 ( 3)       250( 0.26%)         1( 0.00%)         0( 0.00%)   ( 0.26%) 
[NR-eGR]      C2 ( 4)        65( 0.07%)         0( 0.00%)         0( 0.00%)   ( 0.07%) 
[NR-eGR]      C3 ( 5)        70( 0.07%)         6( 0.01%)         1( 0.00%)   ( 0.08%) 
[NR-eGR]      C4 ( 6)        58( 0.06%)        22( 0.02%)         0( 0.00%)   ( 0.08%) 
[NR-eGR]      BA ( 7)        55( 0.06%)         1( 0.00%)         0( 0.00%)   ( 0.06%) 
[NR-eGR]      BB ( 8)        30( 0.03%)        11( 0.01%)         0( 0.00%)   ( 0.04%) 
[NR-eGR]      JA ( 9)         0( 0.00%)         0( 0.00%)         0( 0.00%)   ( 0.00%) 
[NR-eGR]      JB (10)         0( 0.00%)         0( 0.00%)         0( 0.00%)   ( 0.00%) 
[NR-eGR]      LB (11)         0( 0.00%)         0( 0.00%)         0( 0.00%)   ( 0.00%) 
[NR-eGR] --------------------------------------------------------------------------------
[NR-eGR]        Total      1445( 0.19%)        41( 0.01%)         1( 0.00%)   ( 0.20%) 
[NR-eGR] 
[NR-eGR] Overflow after Early Global Route 0.06% H + 0.04% V
Early Global Route congestion estimation runtime: 2.11 seconds, mem = 3911.3M
Local HotSpot Analysis: normalized max congestion hotspot area = 13.38, normalized total congestion hotspot area = 28.07 (area is in unit of 4 std-cell row bins)

=== incrementalPlace Internal Loop 1 ===

**Info: (IMPSP-2062): Some of the PG shapes may not be colorized properly in this design, users are required to run command colorizePowerMesh before any placement related commands!
Iteration  9: Total net bbox = 1.140e+05 (6.93e+04 4.47e+04)
              Est.  stn bbox = 1.627e+05 (1.00e+05 6.23e+04)
              cpu = 0:00:01.2 real = 0:00:01.0 mem = 4300.1M
Iteration 10: Total net bbox = 3.876e+05 (2.04e+05 1.84e+05)
              Est.  stn bbox = 5.042e+05 (2.74e+05 2.30e+05)
              cpu = 0:00:13.2 real = 0:00:02.0 mem = 4356.7M
Iteration 11: Total net bbox = 3.950e+05 (2.07e+05 1.88e+05)
              Est.  stn bbox = 5.119e+05 (2.77e+05 2.35e+05)
              cpu = 0:00:36.1 real = 0:00:06.0 mem = 4498.6M
Iteration 12: Total net bbox = 3.937e+05 (2.06e+05 1.87e+05)
              Est.  stn bbox = 5.103e+05 (2.76e+05 2.34e+05)
              cpu = 0:00:05.6 real = 0:00:01.0 mem = 4503.5M
Move report: Congestion Driven Placement moves 35587 insts, mean move: 0.89 um, max move: 6.80 um 
	Max move on inst (SILEGO_cell/MTRF_cell/reg_top/RegisterFile/U3232): (131.35, 198.40) --> (129.65, 193.30)

Finished Incremental Placement (cpu=0:01:01, real=0:00:11.0, mem=4247.5M)

**Info: (IMPSP-2062): Some of the PG shapes may not be colorized properly in this design, users are required to run command colorizePowerMesh before any placement related commands!
*** Starting place_detail (0:27:36 mem=4247.5M) ***
Total net bbox length = 4.046e+05 (2.164e+05 1.882e+05) (ext = 7.430e+04)

**Info: (IMPSP-2062): Some of the PG shapes may not be colorized properly in this design, users are required to run command colorizePowerMesh before any placement related commands!
Move report: Detail placement moves 35576 insts, mean move: 0.16 um, max move: 8.87 um 
	Max move on inst (seq_address_cb_out_reg[0]): (146.77, 102.40) --> (137.90, 102.40)
	Runtime: CPU: 0:00:10.3 REAL: 0:00:04.0 MEM: 4215.5MB
Summary Report:
Instances move: 35576 (out of 35588 movable)
Instances flipped: 10
Mean displacement: 0.16 um
Max displacement: 8.87 um (Instance: seq_address_cb_out_reg[0]) (146.77, 102.399) -> (137.904, 102.4)
	Length: 25 sites, height: 1 rows, site name: SC8T_104CPP_CMOS22FDX, cell type: SC8T_DFFRQX1_CSC28L
Total net bbox length = 3.932e+05 (2.050e+05 1.882e+05) (ext = 7.413e+04)
Runtime: CPU: 0:00:10.4 REAL: 0:00:04.0 MEM: 4215.5MB
*** Finished place_detail (0:27:46 mem=4215.5M) ***
[NR-eGR] Track table information for default rule: 
[NR-eGR] M1 has single uniform track structure
[NR-eGR] M2 has single uniform track structure
[NR-eGR] C1 has single uniform track structure
[NR-eGR] C2 has single uniform track structure
[NR-eGR] C3 has single uniform track structure
[NR-eGR] C4 has single uniform track structure
[NR-eGR] BA has single uniform track structure
[NR-eGR] BB has single uniform track structure
[NR-eGR] JA has single uniform track structure
[NR-eGR] JB has single uniform track structure
[NR-eGR] LB has single uniform track structure
[NR-eGR] Read 20 PG shapes
[NR-eGR] Read 0 clock shapes
[NR-eGR] Read 0 other shapes
[NR-eGR] #Routing Blockages  : 30
[NR-eGR] #Instance Blockages : 99095
[NR-eGR] #PG Blockages       : 20
[NR-eGR] #Halo Blockages     : 0
[NR-eGR] #Boundary Blockages : 0
[NR-eGR] #Clock Blockages    : 0
[NR-eGR] #Other Blockages    : 0
[NR-eGR] Num Prerouted Nets = 0  Num Prerouted Wires = 0
[NR-eGR] Read 37635 nets ( ignored 0 )
[NR-eGR] There are 186 clock nets ( 0 with NDR ).
[NR-eGR] ============ Routing rule table ============
[NR-eGR] Rule id: 0  Nets: 37635
[NR-eGR] ========================================
[NR-eGR] 
[NR-eGR] Layer group 1: route 37635 net(s) in layer range [2, 11]
[NR-eGR] Early Global Route overflow of layer group 1: 0.24% H + 0.16% V. EstWL: 4.698547e+05um
[NR-eGR] Congestion Analysis By layer: (blocked Gcells are excluded) 
[NR-eGR]                        OverCon           OverCon           OverCon           OverCon            
[NR-eGR]                         #Gcell            #Gcell            #Gcell            #Gcell     %Gcell
[NR-eGR]        Layer             (1-2)             (3-4)             (5-6)             (7-8)    OverCon
[NR-eGR] -------------------------------------------------------------------------------------------------
[NR-eGR]      M1 ( 1)         0( 0.00%)         0( 0.00%)         0( 0.00%)         0( 0.00%)   ( 0.00%) 
[NR-eGR]      M2 ( 2)      1084( 1.11%)        10( 0.01%)         0( 0.00%)         0( 0.00%)   ( 1.12%) 
[NR-eGR]      C1 ( 3)       205( 0.21%)         8( 0.01%)         0( 0.00%)         0( 0.00%)   ( 0.22%) 
[NR-eGR]      C2 ( 4)        54( 0.06%)        15( 0.02%)         3( 0.00%)         0( 0.00%)   ( 0.07%) 
[NR-eGR]      C3 ( 5)        27( 0.03%)        18( 0.02%)         3( 0.00%)         1( 0.00%)   ( 0.05%) 
[NR-eGR]      C4 ( 6)        39( 0.04%)        26( 0.03%)        16( 0.02%)         7( 0.01%)   ( 0.09%) 
[NR-eGR]      BA ( 7)        28( 0.03%)        11( 0.01%)         0( 0.00%)         0( 0.00%)   ( 0.04%) 
[NR-eGR]      BB ( 8)        12( 0.01%)        19( 0.02%)        10( 0.01%)         1( 0.00%)   ( 0.04%) 
[NR-eGR]      JA ( 9)         0( 0.00%)         0( 0.00%)         0( 0.00%)         0( 0.00%)   ( 0.00%) 
[NR-eGR]      JB (10)         0( 0.00%)         0( 0.00%)         0( 0.00%)         0( 0.00%)   ( 0.00%) 
[NR-eGR]      LB (11)         0( 0.00%)         0( 0.00%)         0( 0.00%)         0( 0.00%)   ( 0.00%) 
[NR-eGR] -------------------------------------------------------------------------------------------------
[NR-eGR]        Total      1449( 0.19%)       107( 0.01%)        32( 0.00%)         9( 0.00%)   ( 0.21%) 
[NR-eGR] 
[NR-eGR] Overflow after Early Global Route 0.06% H + 0.04% V
Early Global Route congestion estimation runtime: 2.63 seconds, mem = 4066.9M
Local HotSpot Analysis: normalized max congestion hotspot area = 19.02, normalized total congestion hotspot area = 22.95 (area is in unit of 4 std-cell row bins)
[NR-eGR]             Length (um)    Vias 
[NR-eGR] --------------------------------
[NR-eGR]  M1  (1V)             0  108596 
[NR-eGR]  M2  (2H)         67459  212230 
[NR-eGR]  C1  (3V)        125473   56397 
[NR-eGR]  C2  (4H)         99893   20475 
[NR-eGR]  C3  (5V)         87174    9290 
[NR-eGR]  C4  (6H)         61959    2212 
[NR-eGR]  BA  (7V)         23031    1377 
[NR-eGR]  BB  (8H)         19415      45 
[NR-eGR]  JA  (9V)             9       0 
[NR-eGR]  JB  (10H)            0       0 
[NR-eGR]  LB  (11V)            0       0 
[NR-eGR] --------------------------------
[NR-eGR]      Total       484413  410622 
[NR-eGR] --------------------------------------------------------------------------
[NR-eGR] Total half perimeter of net bounding box: 393240um
[NR-eGR] Total length: 484413um, number of vias: 410622
[NR-eGR] --------------------------------------------------------------------------
[NR-eGR] Total eGR-routed clock nets wire length: 11078um, number of vias: 12176
[NR-eGR] --------------------------------------------------------------------------
Early Global Route wiring runtime: 0.37 seconds, mem = 4060.9M
Tdgp not successfully inited but do clear! skip clearing
End of congRepair (cpu=0:01:24, real=0:00:21.0)
*** Finishing place_design default flow ***
***** Total cpu  0:7:24
***** Total real time  0:3:17
**place_design ... cpu = 0: 7:24, real = 0: 3:17, mem = 4018.9M **
Tdgp not successfully inited but do clear! skip clearing

*** Summary of all messages that are not suppressed in this session:
Severity  ID               Count  Summary                                  
WARNING   IMPDC-1629           2  The default delay limit was set to %d. T...
WARNING   IMPSP-9025           1  No scan chain specified/traced.          
WARNING   NRDB-733             2  %s %s in %s %s does not have a physical ...
WARNING   NRFL-374             6  %s spacing table is not monotonically in...
*** Message Summary: 11 warning(s), 0 error(s)

      flow.cputime  flow.realtime  timing.setup.tns  timing.setup.wns  snapshot
UM:*                                                                   final
UM: Running design category ...
------------------------------------------------------------
	Current design flip-flop statistics

Single-Bit FF Count          :         4808
Multi-Bit FF Count           :            0
Total Bit Count              :         4808
Total FF Count               :         4808
Bits Per Flop                :        1.000
Total Clock Pin Cap(FF)      :     2962.542
Multibit Conversion Ratio(%) :         0.00
------------------------------------------------------------
------------------------------------------------------------
            Multi-bit cell usage statistics

------------------------------------------------------------
============================================================
Sequential Multibit cells usage statistics
------------------------------------------------------------
            Not Merged-bits         Merged-bits     Multibit Conversion %     Bits Per Flop
------------------------------------------------------------
-FlipFlops             4808                    0        0.00                    1.00
------------------------------------------------------------

------------------------------------------------------------
Seq_Mbit libcell              Bitwidth        Count
------------------------------------------------------------
Total 0
============================================================
------------------------------------------------------------
Category            Num of Insts Rejected     Reasons
------------------------------------------------------------
------------------------------------------------------------
      flow.cputime  flow.realtime  timing.setup.tns  timing.setup.wns  snapshot
UM:        1677.03            451                                      place_design
*** placeDesign #1 [finish] : cpu/real = 0:07:26.5/0:03:19.9 (2.2), totSession cpu/real = 0:27:57.0/0:07:30.3 (3.7), mem = 4018.9M
@@file 7: ccopt_design
#% Begin ccopt_design (date=01/03 09:26:45, mem=2374.4M)
*** ccopt_design #1 [begin] : totSession cpu/real = 0:27:57.2/0:07:30.4 (3.7), mem = 4018.9M
Runtime...
**INFO: User's settings:
delaycal_default_net_delay                               1000ps
delaycal_default_net_load                                0.5pf
delaycal_ignore_net_load                                 false
delaycal_input_transition_delay                          0.1ps
delaycal_use_default_delay_limit                         1000
setAnalysisMode -cts                                     postCTS
setAnalysisMode -virtualIPO                              false
setDelayCalMode -engine                                  aae
extract_rc_engine                                        pre_route
opt_preserve_all_sequential                              true
place_detail_dpt_flow                                    true
route_design_extract_third_party_compatible              false
setActiveLogicViewMode -keepHighFanoutCriticalInsts      false
getAnalysisMode -cts                                     postCTS
getAnalysisMode -virtualIPO                              false
getDelayCalMode -engine                                  aae
getIlmMode -keepHighFanoutCriticalInsts                  false
getAnalysisMode -cts                                     postCTS
getAnalysisMode -virtualIPO                              false
(ccopt_design): CTS Engine: auto. Used Spec: CCOPT spec from create_ccopt_clock_tree_spec.
(ccopt_design): create_ccopt_clock_tree_spec
Creating clock tree spec for modes (timing configs): functional_AVF_RCWORST functional functional_AVF_RCTYP
cts_spec_config_create_generator_skew_groups=true: create_clock_tree_spec will generate skew groups with a name prefix of "_clock_gen" to balance clock generator connected flops with the clock generator they drive.
Reset timing graph...
Ignoring AAE DB Resetting ...
Reset timing graph done.
Ignoring AAE DB Resetting ...
Analyzing clock structure...
Analyzing clock structure done.
Reset timing graph...
Ignoring AAE DB Resetting ...
Reset timing graph done.
Extracting original clock gating for clk...
  clock_tree clk contains 4808 sinks and 0 clock gates.
Extracting original clock gating for clk done.
The skew group clk/functional_AVF_RCWORST was created. It contains 4808 sinks and 1 sources.
The skew group clk/functional was created. It contains 4808 sinks and 1 sources.
The skew group clk/functional_AVF_RCTYP was created. It contains 4808 sinks and 1 sources.
Checking clock tree convergence...
Checking clock tree convergence done.
Placement constraints of type 'region' or 'fence' will not be downgraded to 'guide' because the attribute cts_change_fences_to_guides has been set to false.
Set place::cacheFPlanSiteMark to 1
'setDesignMode -flowEffort standard' => 'setOptMode -usefulSkewCCOpt standard' 
Using CCOpt effort standard.
CCOpt::Phase::Initialization...
Check Prerequisites...
Leaving CCOpt scope - CheckPlace...

**Info: (IMPSP-2062): Some of the PG shapes may not be colorized properly in this design, users are required to run command colorizePowerMesh before any placement related commands!
Begin checking placement ... (start mem=4042.2M, init mem=4042.2M)
*info: Placed = 35588         
*info: Unplaced = 0           
Placement Density:53.84%(21569/40062)
Placement Density (including fixed std cells):53.84%(21569/40062)
Finished check_place (total: cpu=0:00:00.8, real=0:00:00.0; vio checks: cpu=0:00:00.6, real=0:00:00.0; mem=4010.2M)
Leaving CCOpt scope - CheckPlace done. (took cpu=0:00:00.9 real=0:00:00.4)
Innovus will update I/O latencies
Found 0 ideal nets, 0 pins with transition annotations, 0 instances with delay annotations, 0 nets with delay annotations, refer to logv for details.

Check Prerequisites done. (took cpu=0:00:00.9 real=0:00:00.4)
      flow.cputime  flow.realtime  timing.setup.tns  timing.setup.wns  snapshot
UM:*                                                                   Check Prerequisites
CCOpt::Phase::Initialization done. (took cpu=0:00:01.1 real=0:00:00.6)
      flow.cputime  flow.realtime  timing.setup.tns  timing.setup.wns  snapshot
UM:*                                                                   CCOpt::Phase::Initialization
Executing ccopt post-processing.
Synthesizing clock trees with CCOpt...
*** CTS #1 [begin] (ccopt_design #1) : totSession cpu/real = 0:28:10.4/0:07:42.8 (3.7), mem = 4010.2M
CCOpt::Phase::PreparingToBalance...
Leaving CCOpt scope - Initializing power interface...
Leaving CCOpt scope - Initializing power interface done. (took cpu=0:00:00.0 real=0:00:00.0)
Found 0 advancing pin insertion delay (0.000% of 4808 clock tree sinks)
Found 0 delaying pin insertion delay (0.000% of 4808 clock tree sinks)
**WARN: (IMPCCOPT-1127):	The skew group default.clk/functional_AVF_RCTYP has been identified as a duplicate of: clk/functional
**WARN: (IMPCCOPT-1127):	The skew group default.clk/functional_AVF_RCWORST has been identified as a duplicate of: clk/functional
The skew group clk/functional_AVF_RCTYP has been identified as a duplicate of: clk/functional, so it will not be cloned.
The skew group clk/functional_AVF_RCWORST has been identified as a duplicate of: clk/functional, so it will not be cloned.
Leaving CCOpt scope - optDesignGlobalRouteStep...
Updating RC grid for preRoute extraction ...
Initializing multi-corner resistance tables ...
[NR-eGR] Started Early Global Route kernel ( Curr Mem: 4024.32 MB )
[NR-eGR] Track table information for default rule: 
[NR-eGR] M1 has single uniform track structure
[NR-eGR] M2 has single uniform track structure
[NR-eGR] C1 has single uniform track structure
[NR-eGR] C2 has single uniform track structure
[NR-eGR] C3 has single uniform track structure
[NR-eGR] C4 has single uniform track structure
[NR-eGR] BA has single uniform track structure
[NR-eGR] BB has single uniform track structure
[NR-eGR] JA has single uniform track structure
[NR-eGR] JB has single uniform track structure
[NR-eGR] LB has single uniform track structure
[NR-eGR] Read 20 PG shapes
[NR-eGR] Read 0 clock shapes
[NR-eGR] Read 0 other shapes
[NR-eGR] #Routing Blockages  : 30
[NR-eGR] #Instance Blockages : 99095
[NR-eGR] #PG Blockages       : 20
[NR-eGR] #Halo Blockages     : 0
[NR-eGR] #Boundary Blockages : 0
[NR-eGR] #Clock Blockages    : 0
[NR-eGR] #Other Blockages    : 0
[NR-eGR] Num Prerouted Nets = 0  Num Prerouted Wires = 0
[NR-eGR] Read 37635 nets ( ignored 0 )
[NR-eGR] There are 186 clock nets ( 0 with NDR ).
[NR-eGR] ============ Routing rule table ============
[NR-eGR] Rule id: 0  Nets: 37635
[NR-eGR] ========================================
[NR-eGR] 
[NR-eGR] Layer group 1: route 37635 net(s) in layer range [2, 11]
[NR-eGR] Early Global Route overflow of layer group 1: 0.24% H + 0.16% V. EstWL: 4.698547e+05um
[NR-eGR] Congestion Analysis By layer: (blocked Gcells are excluded) 
[NR-eGR]                        OverCon           OverCon           OverCon           OverCon            
[NR-eGR]                         #Gcell            #Gcell            #Gcell            #Gcell     %Gcell
[NR-eGR]        Layer             (1-2)             (3-4)             (5-6)             (7-8)    OverCon
[NR-eGR] -------------------------------------------------------------------------------------------------
[NR-eGR]      M1 ( 1)         0( 0.00%)         0( 0.00%)         0( 0.00%)         0( 0.00%)   ( 0.00%) 
[NR-eGR]      M2 ( 2)      1084( 1.11%)        10( 0.01%)         0( 0.00%)         0( 0.00%)   ( 1.12%) 
[NR-eGR]      C1 ( 3)       205( 0.21%)         8( 0.01%)         0( 0.00%)         0( 0.00%)   ( 0.22%) 
[NR-eGR]      C2 ( 4)        54( 0.06%)        15( 0.02%)         3( 0.00%)         0( 0.00%)   ( 0.07%) 
[NR-eGR]      C3 ( 5)        27( 0.03%)        18( 0.02%)         3( 0.00%)         1( 0.00%)   ( 0.05%) 
[NR-eGR]      C4 ( 6)        39( 0.04%)        26( 0.03%)        16( 0.02%)         7( 0.01%)   ( 0.09%) 
[NR-eGR]      BA ( 7)        28( 0.03%)        11( 0.01%)         0( 0.00%)         0( 0.00%)   ( 0.04%) 
[NR-eGR]      BB ( 8)        12( 0.01%)        19( 0.02%)        10( 0.01%)         1( 0.00%)   ( 0.04%) 
[NR-eGR]      JA ( 9)         0( 0.00%)         0( 0.00%)         0( 0.00%)         0( 0.00%)   ( 0.00%) 
[NR-eGR]      JB (10)         0( 0.00%)         0( 0.00%)         0( 0.00%)         0( 0.00%)   ( 0.00%) 
[NR-eGR]      LB (11)         0( 0.00%)         0( 0.00%)         0( 0.00%)         0( 0.00%)   ( 0.00%) 
[NR-eGR] -------------------------------------------------------------------------------------------------
[NR-eGR]        Total      1449( 0.19%)       107( 0.01%)        32( 0.00%)         9( 0.00%)   ( 0.21%) 
[NR-eGR] 
[NR-eGR] Overflow after Early Global Route 0.06% H + 0.04% V
[NR-eGR]             Length (um)    Vias 
[NR-eGR] --------------------------------
[NR-eGR]  M1  (1V)             0  108596 
[NR-eGR]  M2  (2H)         67459  212230 
[NR-eGR]  C1  (3V)        125473   56397 
[NR-eGR]  C2  (4H)         99893   20475 
[NR-eGR]  C3  (5V)         87174    9290 
[NR-eGR]  C4  (6H)         61959    2212 
[NR-eGR]  BA  (7V)         23031    1377 
[NR-eGR]  BB  (8H)         19415      45 
[NR-eGR]  JA  (9V)             9       0 
[NR-eGR]  JB  (10H)            0       0 
[NR-eGR]  LB  (11V)            0       0 
[NR-eGR] --------------------------------
[NR-eGR]      Total       484413  410622 
[NR-eGR] --------------------------------------------------------------------------
[NR-eGR] Total half perimeter of net bounding box: 393240um
[NR-eGR] Total length: 484413um, number of vias: 410622
[NR-eGR] --------------------------------------------------------------------------
[NR-eGR] Total eGR-routed clock nets wire length: 11078um, number of vias: 12176
[NR-eGR] --------------------------------------------------------------------------
[NR-eGR] Finished Early Global Route kernel ( CPU: 6.18 sec, Real: 2.29 sec, Curr Mem: 4064.82 MB )
Leaving CCOpt scope - optDesignGlobalRouteStep done. (took cpu=0:00:06.4 real=0:00:02.5)
Legalization setup...
Using cell based legalization.
Initializing placement interface...
  Use check_library -place or consult logv if problems occur.
  Leaving CCOpt scope - Initializing placement interface...

**Info: (IMPSP-2062): Some of the PG shapes may not be colorized properly in this design, users are required to run command colorizePowerMesh before any placement related commands!
  Leaving CCOpt scope - Initializing placement interface done. (took cpu=0:00:00.3 real=0:00:00.2)
Initializing placement interface done.
Leaving CCOpt scope - Cleaning up placement interface...
Leaving CCOpt scope - Cleaning up placement interface done. (took cpu=0:00:00.1 real=0:00:00.0)
Leaving CCOpt scope - Initializing placement interface...

**Info: (IMPSP-2062): Some of the PG shapes may not be colorized properly in this design, users are required to run command colorizePowerMesh before any placement related commands!
Leaving CCOpt scope - Initializing placement interface done. (took cpu=0:00:00.1 real=0:00:00.1)
Legalization setup done. (took cpu=0:00:00.6 real=0:00:00.5)
      flow.cputime  flow.realtime  timing.setup.tns  timing.setup.wns  snapshot
UM:*                                                                   Legalization setup
Validating CTS configuration...
Checking module port directions...
Checking module port directions done. (took cpu=0:00:00.0 real=0:00:00.0)
Non-default attributes:
  Public non-default attributes:
    cts_clock_tree_source_max_capacitance is set for at least one object
    cts_merge_clock_gates is set for at least one object
    cts_merge_clock_logic is set for at least one object
    cts_route_type is set for at least one object
  No private non-default attributes
Route type trimming info:
  No route type modifications were made.
Updating RC grid for preRoute extraction ...
Initializing multi-corner resistance tables ...
Clock tree balancer configuration for clock_tree clk:
Non-default attributes:
  Public non-default attributes:
    cts_clock_tree_source_max_capacitance: 162 (default: auto)
    cts_merge_clock_gates: true (default: false)
    cts_merge_clock_logic: true (default: false)
    cts_route_type (leaf): default_route_type_leaf (default: default)
    cts_route_type (top): default_route_type_nonleaf (default: default)
    cts_route_type (trunk): default_route_type_nonleaf (default: default)
  No private non-default attributes
For power domain auto-default:
  Buffers:     {SC8T_BUFX24_CSC28L SC8T_BUFX20_CSC28L SC8T_BUFX16_CSC28L SC8T_BUFX12_CSC28L SC8T_BUFX10_CSC28L SC8T_CKBUFX8_CSC28L SC8T_BUFX8_CSC28L SC8T_BUFX6_CSC28L SC8T_CKBUFX4_CSC28L SC8T_BUFX4_CSC28L SC8T_BUFX3_CSC28L SC8T_BUFX1P5_CSC28L SC8T_BUFX0P5_A_CSC28L}
  Inverters:   {SC8T_INVX24_CSC28L SC8T_INVX20_CSC28L SC8T_INVX16_CSC28L SC8T_CKINVX12_CSC28L SC8T_INVX12_CSC28L SC8T_INVX10_CSC28L SC8T_INVX8_CSC28L SC8T_INVX6_CSC28L SC8T_INVX4_CSC28L SC8T_INVX3_CSC28L SC8T_INVX2_CSC28L SC8T_INVX1_CSC28L SC8T_INVX0P5_CSC28L}
  Clock gates: SC8T_CKGPRELATNX24_CSC28L SC8T_CKGPRELATNX16_CSC28L SC8T_CKGPRELATNX12_CSC28L SC8T_CKGPRELATNX8_CSC28L SC8T_CKGPRELATNX4_CSC28L SC8T_CKGPRELATNX2_CSC28L SC8T_CKGPRELATNX1_CSC28L 
  Unblocked area available for placement of any clock cells in power_domain auto-default: 40062.397um^2
Top Routing info:
  Route-type name: default_route_type_nonleaf; Top/bottom preferred layer name: C2/C1; 
  Unshielded; Mask Constraint: 0; Source: cts_route_type.
Trunk Routing info:
  Route-type name: default_route_type_nonleaf; Top/bottom preferred layer name: C2/C1; 
  Unshielded; Preferred extra space: 1; Mask Constraint: 0; Source: cts_route_type.
Leaf Routing info:
  Route-type name: default_route_type_leaf; Top/bottom preferred layer name: C2/C1; 
  Unshielded; Preferred extra space: 1; Mask Constraint: 0; Source: cts_route_type.
For timing_corner WC_dc:setup, late and power domain auto-default:
  Slew time target (leaf):    87.8ps
  Slew time target (trunk):   87.8ps
  Slew time target (top):     89.4ps (Note: no nets are considered top nets in this clock tree)
  Buffer unit delay: 53.8ps
  Buffer max distance: 319.326um
Fastest wire driving cells and distances:
  Buffer    : {lib_cell:SC8T_BUFX24_CSC28L, fastest_considered_half_corner=WC_dc:setup.late, optimalDrivingDistance=274.400um, saturatedSlew=60.0ps, speed=3232.038um per ns, cellArea=8.975um^2 per 1000um}
  Inverter  : {lib_cell:SC8T_INVX24_CSC28L, fastest_considered_half_corner=WC_dc:setup.late, optimalDrivingDistance=145.917um, saturatedSlew=34.6ps, speed=3790.052um per ns, cellArea=11.404um^2 per 1000um}
  Clock gate: {lib_cell:SC8T_CKGPRELATNX24_CSC28L, fastest_considered_half_corner=WC_dc:setup.late, optimalDrivingDistance=308.700um, saturatedSlew=76.5ps, speed=2670.415um per ns, cellArea=17.896um^2 per 1000um}


Logic Sizing Table:

----------------------------------------------------------
Cell    Instance count    Source    Eligible library cells
----------------------------------------------------------
  (empty table)
----------------------------------------------------------


Clock tree balancer configuration for skew_group clk/functional:
  Sources:                     pin clk
  Total number of sinks:       4808
  Delay constrained sinks:     4808
  Constrains:                  default
  Non-leaf sinks:              0
  Ignore pins:                 0
 Timing corner WC_dc:setup.late:
  Skew target:                 53.8ps
Primary reporting skew groups are:
skew_group clk/functional with 4808 clock sinks

Clock DAG stats initial state:
  cell counts      : b=181, i=4, icg=0, dcg=0, l=0, total=185
  sink counts      : regular=4808, enable_latch=0, load_capacitance=0, antenna=0, node_sink=0, total=4808
  misc counts      : r=1, pp=0
  cell areas       : b=36.142um^2, i=0.599um^2, icg=0.000um^2, dcg=0.000um^2, l=0.000um^2, total=36.741um^2
  hp wire lengths  : top=0.000um, trunk=430.840um, leaf=2724.798um, total=3155.638um
Clock DAG library cell distribution initial state {count}:
   Bufs: SC8T_BUFX1_A_CSC28L: 181 
   Invs: SC8T_INVX2_CSC28L: 1 SC8T_INVX1_CSC28L: 3 
      flow.cputime  flow.realtime  timing.setup.tns  timing.setup.wns  snapshot
UM:*                                                                   InitialState
Have 8 CPUs available for CTS. Selected algorithms will run multithreaded.
No ideal or dont_touch nets found in the clock tree
No dont_touch hnets found in the clock tree
No dont_touch hpins found in the clock network.
Checking for illegal sizes of clock logic instances...
Checking for illegal sizes of clock logic instances done. (took cpu=0:00:00.0 real=0:00:00.0)
      flow.cputime  flow.realtime  timing.setup.tns  timing.setup.wns  snapshot
UM:*                                                                   Checking for illegal sizes of clock logic instances
Validating CTS configuration done. (took cpu=0:00:07.0 real=0:00:06.8)
      flow.cputime  flow.realtime  timing.setup.tns  timing.setup.wns  snapshot
UM:*                                                                   Validating CTS configuration
CCOpt configuration status: all checks passed.
Adding exclusion drivers to pins that are cts_sink_type_effective exclude...
    Adding exclusion drivers (these will be instances of the smallest area library cells).
  No exclusion drivers are needed.
Adding exclusion drivers to pins that are cts_sink_type_effective exclude done.
Antenna diode management...
  Found 0 antenna diodes in the clock trees.
  
Antenna diode management done.
Adding driver cells for primary IOs...
  
  ----------------------------------------------------------------------------------------------
  CCOpt reported the following when adding drivers below input ports and above output ports     
  ----------------------------------------------------------------------------------------------
    (empty table)
  ----------------------------------------------------------------------------------------------
  
  
Adding driver cells for primary IOs done.
Adding driver cell for primary IO roots...
Adding driver cell for primary IO roots done.
Maximizing clock DAG abstraction...
  Removing clock DAG drivers
Maximizing clock DAG abstraction done.
CCOpt::Phase::PreparingToBalance done. (took cpu=0:00:14.6 real=0:00:10.3)
      flow.cputime  flow.realtime  timing.setup.tns  timing.setup.wns  snapshot
UM:*                                                                   CCOpt::Phase::PreparingToBalance
Synthesizing clock trees...
  Preparing To Balance...
  Leaving CCOpt scope - Cleaning up placement interface...
  Leaving CCOpt scope - Cleaning up placement interface done. (took cpu=0:00:00.2 real=0:00:00.0)
  Leaving CCOpt scope - Initializing placement interface...

**Info: (IMPSP-2062): Some of the PG shapes may not be colorized properly in this design, users are required to run command colorizePowerMesh before any placement related commands!
  Leaving CCOpt scope - Initializing placement interface done. (took cpu=0:00:00.2 real=0:00:00.2)
  Merging duplicate siblings in DAG...
    Clock DAG stats before merging:
      cell counts      : b=0, i=0, icg=0, dcg=0, l=0, total=0
      sink counts      : regular=4808, enable_latch=0, load_capacitance=0, antenna=0, node_sink=0, total=4808
      misc counts      : r=1, pp=0
      cell areas       : b=0.000um^2, i=0.000um^2, icg=0.000um^2, dcg=0.000um^2, l=0.000um^2, total=0.000um^2
      hp wire lengths  : top=0.000um, trunk=0.000um, leaf=0.000um, total=0.000um
      flow.cputime  flow.realtime  timing.setup.tns  timing.setup.wns  snapshot
UM:*                                                                   before merging
    Resynthesising clock tree into netlist...
      Reset timing graph...
Ignoring AAE DB Resetting ...
      Reset timing graph done.
    Resynthesising clock tree into netlist done.
    Merging duplicate clock dag driver clones in DAG...
    Merging duplicate clock dag driver clones in DAG done.
    
    Disconnecting clock tree from netlist...
    Disconnecting clock tree from netlist done.
  Merging duplicate siblings in DAG done.
  Applying movement limits...
  Applying movement limits done.
  Preparing To Balance done. (took cpu=0:00:00.6 real=0:00:00.5)
      flow.cputime  flow.realtime  timing.setup.tns  timing.setup.wns  snapshot
UM:*                                                                   Preparing To Balance
  CCOpt::Phase::Construction...
  Stage::Clustering...
  Clustering...
    Initialize for clustering...
    Clock DAG stats before clustering:
      cell counts      : b=0, i=0, icg=0, dcg=0, l=0, total=0
      sink counts      : regular=4808, enable_latch=0, load_capacitance=0, antenna=0, node_sink=0, total=4808
      misc counts      : r=1, pp=0
      cell areas       : b=0.000um^2, i=0.000um^2, icg=0.000um^2, dcg=0.000um^2, l=0.000um^2, total=0.000um^2
      hp wire lengths  : top=0.000um, trunk=0.000um, leaf=0.000um, total=0.000um
      flow.cputime  flow.realtime  timing.setup.tns  timing.setup.wns  snapshot
UM:*                                                                   before clustering
    Computing max distances from locked parents...
      Computing distance_from_locked_parent_restrictions for 0 nodes driven by 0 locked parents
    Computing max distances from locked parents done.
    Computing optimal clock node locations...
    : ...20% ...40% ...60% ...80% ...100% 
    Computing optimal clock node locations done. (took cpu=0:00:00.0 real=0:00:00.0)
    Initialize for clustering done. (took cpu=0:00:00.3 real=0:00:00.2)
      flow.cputime  flow.realtime  timing.setup.tns  timing.setup.wns  snapshot
UM:*                                                                   Initialize for clustering
    Bottom-up phase...
    Clustering bottom-up starting from leaves...
      Clustering clock_tree clk...
          Clock tree timing engine global stage delay update for WC_dc:setup.late...
          Clock tree timing engine global stage delay update for WC_dc:setup.late done. (took cpu=0:00:00.3 real=0:00:00.1)
      Clustering clock_tree clk done.
    Clustering bottom-up starting from leaves done.
    Rebuilding the clock tree after clustering...
    Rebuilding the clock tree after clustering done.
    Clock DAG stats after bottom-up phase:
      cell counts      : b=56, i=0, icg=0, dcg=0, l=0, total=56
      sink counts      : regular=4808, enable_latch=0, load_capacitance=0, antenna=0, node_sink=0, total=4808
      misc counts      : r=1, pp=0
      cell areas       : b=135.916um^2, i=0.000um^2, icg=0.000um^2, dcg=0.000um^2, l=0.000um^2, total=135.916um^2
      hp wire lengths  : top=0.000um, trunk=753.368um, leaf=2589.702um, total=3343.070um
    Clock DAG library cell distribution after bottom-up phase {count}:
       Bufs: SC8T_BUFX24_CSC28L: 51 SC8T_BUFX20_CSC28L: 5 
      flow.cputime  flow.realtime  timing.setup.tns  timing.setup.wns  snapshot
UM:*                                                                   after bottom-up phase
    Bottom-up phase done. (took cpu=0:00:04.7 real=0:00:01.9)
      flow.cputime  flow.realtime  timing.setup.tns  timing.setup.wns  snapshot
UM:*                                                                   Bottom-up phase
    Legalizing clock trees...
    Resynthesising clock tree into netlist...
      Reset timing graph...
Ignoring AAE DB Resetting ...
      Reset timing graph done.
    Resynthesising clock tree into netlist done.
    Commiting net attributes....
    Commiting net attributes. done.
    Leaving CCOpt scope - ClockRefiner...
    Performing a single pass refine place with checks partially disabled for clock sinks and datapath.

**Info: (IMPSP-2062): Some of the PG shapes may not be colorized properly in this design, users are required to run command colorizePowerMesh before any placement related commands!
*** Starting place_detail (0:28:32 mem=47409.4M) ***
Total net bbox length = 3.931e+05 (2.048e+05 1.883e+05) (ext = 7.413e+04)

**Info: (IMPSP-2062): Some of the PG shapes may not be colorized properly in this design, users are required to run command colorizePowerMesh before any placement related commands!
Move report: Detail placement moves 390 insts, mean move: 0.55 um, max move: 2.77 um 
	Max move on inst (SILEGO_cell/config_swb/U30): (113.46, 131.84) --> (113.67, 129.28)
	Runtime: CPU: 0:00:04.9 REAL: 0:00:01.0 MEM: 47444.2MB
Summary Report:
Instances move: 390 (out of 35459 movable)
Instances flipped: 10
Mean displacement: 0.55 um
Max displacement: 2.77 um (Instance: SILEGO_cell/config_swb/U30) (113.464, 131.84) -> (113.672, 129.28)
	Length: 8 sites, height: 1 rows, site name: SC8T_104CPP_CMOS22FDX, cell type: SC8T_MUX2X1_A_CSC28L
Total net bbox length = 3.932e+05 (2.049e+05 1.884e+05) (ext = 7.413e+04)
Runtime: CPU: 0:00:05.0 REAL: 0:00:01.0 MEM: 47444.2MB
*** Finished place_detail (0:28:37 mem=47444.2M) ***
    ClockRefiner summary
    All clock instances: Moved 99, flipped 42 and cell swapped 0 (out of a total of 4864).
    The largest move was 2.01 um for SILEGO_cell/MTRF_cell/shadowReg/NOC_BUS_OUT_sig_reg[INSTRUCTION][20].

**Info: (IMPSP-2062): Some of the PG shapes may not be colorized properly in this design, users are required to run command colorizePowerMesh before any placement related commands!
    Leaving CCOpt scope - ClockRefiner done. (took cpu=0:00:05.7 real=0:00:02.1)
    Disconnecting clock tree from netlist...
    Disconnecting clock tree from netlist done.
    Leaving CCOpt scope - Cleaning up placement interface...
    Leaving CCOpt scope - Cleaning up placement interface done. (took cpu=0:00:00.1 real=0:00:00.0)
    Leaving CCOpt scope - Initializing placement interface...

**Info: (IMPSP-2062): Some of the PG shapes may not be colorized properly in this design, users are required to run command colorizePowerMesh before any placement related commands!
    Leaving CCOpt scope - Initializing placement interface done. (took cpu=0:00:00.2 real=0:00:00.2)
    Clock tree timing engine global stage delay update for WC_dc:setup.late...
    Clock tree timing engine global stage delay update for WC_dc:setup.late done. (took cpu=0:00:00.3 real=0:00:00.1)
    
    Clock tree legalization - Histogram:
    ====================================
    
    --------------------------------
    Movement (um)    Number of cells
    --------------------------------
    [1.28,1.28)             6
    --------------------------------
    
    
    Clock tree legalization - Top 10 Movements:
    ===========================================
    
    -----------------------------------------------------------------------------------------------------------------------------------------------------------------
    Movement (um)    Desired              Achieved             Node
                     location             location             
    -----------------------------------------------------------------------------------------------------------------------------------------------------------------
        1.28         (77.896,129.280)     (77.896,130.560)     CTS_ccl_a_buf_00018 (a lib_cell SC8T_BUFX24_CSC28L) at (77.896,130.560), in power domain auto-default
        1.28         (123.240,60.800)     (123.240,62.080)     CTS_ccl_a_buf_00015 (a lib_cell SC8T_BUFX20_CSC28L) at (123.240,62.080), in power domain auto-default
        1.28         (127.712,60.800)     (127.712,59.520)     CTS_ccl_a_buf_00002 (a lib_cell SC8T_BUFX24_CSC28L) at (127.712,59.520), in power domain auto-default
        1.28         (77.896,131.840)     (77.896,133.120)     CTS_ccl_a_buf_00053 (a lib_cell SC8T_BUFX24_CSC28L) at (77.896,133.120), in power domain auto-default
        1.28         (77.896,129.280)     (77.896,128.000)     CTS_ccl_a_buf_00052 (a lib_cell SC8T_BUFX24_CSC28L) at (77.896,128.000), in power domain auto-default
        1.28         (112.632,131.840)    (112.632,130.560)    CTS_ccl_a_buf_00050 (a lib_cell SC8T_BUFX24_CSC28L) at (112.632,130.560), in power domain auto-default
        0            (22.172,65.650)      (22.172,65.650)      CTS_ccl_a_buf_00034 (a lib_cell SC8T_BUFX24_CSC28L) at (20.904,65.280), in power domain auto-default
        0            (79.164,128.370)     (79.164,128.370)     CTS_ccl_a_buf_00052 (a lib_cell SC8T_BUFX24_CSC28L) at (77.896,128.000), in power domain auto-default
        0            (79.164,132.210)     (79.164,132.210)     CTS_ccl_buf_00055 (a lib_cell SC8T_BUFX24_CSC28L) at (77.896,131.840), in power domain auto-default
        0            (72.092,200.050)     (72.092,200.050)     CTS_ccl_buf_00056 (a lib_cell SC8T_BUFX24_CSC28L) at (70.824,199.680), in power domain auto-default
    -----------------------------------------------------------------------------------------------------------------------------------------------------------------
    
    Legalizing clock trees done. (took cpu=0:00:06.7 real=0:00:02.7)
      flow.cputime  flow.realtime  timing.setup.tns  timing.setup.wns  snapshot
UM:*                                                                   Legalizing clock trees
    Clock DAG stats after 'Clustering':
      cell counts      : b=56, i=0, icg=0, dcg=0, l=0, total=56
      sink counts      : regular=4808, enable_latch=0, load_capacitance=0, antenna=0, node_sink=0, total=4808
      misc counts      : r=1, pp=0
      cell areas       : b=135.916um^2, i=0.000um^2, icg=0.000um^2, dcg=0.000um^2, l=0.000um^2, total=135.916um^2
      cell capacitance : b=288.908fF, i=0.000fF, icg=0.000fF, dcg=0.000fF, l=0.000fF, total=288.908fF
      sink capacitance : total=3532.075fF, avg=0.735fF, sd=0.034fF, min=0.679fF, max=0.757fF
      wire capacitance : top=0.000fF, trunk=147.207fF, leaf=1330.793fF, total=1478.000fF
      wire lengths     : top=0.000um, trunk=1110.082um, leaf=9495.930um, total=10606.012um
      hp wire lengths  : top=0.000um, trunk=755.928um, leaf=2594.936um, total=3350.864um
    Clock DAG net violations after 'Clustering': none
    Clock DAG primary half-corner transition distribution after 'Clustering':
      Trunk : target=87.8ps count=8 avg=42.3ps sd=16.2ps min=13.9ps max=71.4ps {7 <= 52.7ps, 0 <= 70.2ps, 1 <= 79.0ps, 0 <= 83.4ps, 0 <= 87.8ps}
      Leaf  : target=87.8ps count=49 avg=48.7ps sd=5.1ps min=35.9ps max=61.8ps {37 <= 52.7ps, 12 <= 70.2ps, 0 <= 79.0ps, 0 <= 83.4ps, 0 <= 87.8ps}
    Clock DAG library cell distribution after 'Clustering' {count}:
       Bufs: SC8T_BUFX24_CSC28L: 51 SC8T_BUFX20_CSC28L: 5 
    Primary reporting skew groups after 'Clustering':
      skew_group clk/functional: insertion delay [min=176.5, max=232.2, avg=208.6, sd=12.1], skew [55.7 vs 53.8*], 99.8% {179.9, 232.2} (wid=56.5 ws=43.7) (gid=178.4 gs=19.5)
    Skew group summary after 'Clustering':
      skew_group clk/functional: insertion delay [min=176.5, max=232.2, avg=208.6, sd=12.1], skew [55.7 vs 53.8*], 99.8% {179.9, 232.2} (wid=56.5 ws=43.7) (gid=178.4 gs=19.5)
    Legalizer API calls during this step: 936 succeeded with high effort: 936 succeeded with medium effort: 0 succeeded with low effort: 0 succeeded with basic effort: 0 succeeded with basic unbounded effort: 0
  Clustering done. (took cpu=0:00:12.5 real=0:00:05.8)
      flow.cputime  flow.realtime  timing.setup.tns  timing.setup.wns  snapshot
UM:*                                                                   Clustering
  Looking for fanout violations...
  Looking for fanout violations done.
  CongRepair After Initial Clustering...
  Reset timing graph...
Ignoring AAE DB Resetting ...
  Reset timing graph done.
  Leaving CCOpt scope - Early Global Route...
  Clock implementation routing...
Net route status summary:
  Clock:        57 (unrouted=57, trialRouted=0, noStatus=0, routed=0, fixed=0, [crossesIlmBoundary=0, tooFewTerms=0, (crossesIlmBoundary AND tooFewTerms=0)])
  Non-clock: 57142 (unrouted=19693, trialRouted=37449, noStatus=0, routed=0, fixed=0, [crossesIlmBoundary=0, tooFewTerms=19693, (crossesIlmBoundary AND tooFewTerms=0)])
    Routing using eGR only...
      Early Global Route - eGR only step...
(ccopt eGR): There are 57 nets to be routed. 0 nets have skip routing designation.
(ccopt eGR): There are 57 nets for routing of which 57 have one or more fixed wires.
(ccopt eGR): Start to route 57 all nets
[NR-eGR] Track table information for default rule: 
[NR-eGR] M1 has single uniform track structure
[NR-eGR] M2 has single uniform track structure
[NR-eGR] C1 has single uniform track structure
[NR-eGR] C2 has single uniform track structure
[NR-eGR] C3 has single uniform track structure
[NR-eGR] C4 has single uniform track structure
[NR-eGR] BA has single uniform track structure
[NR-eGR] BB has single uniform track structure
[NR-eGR] JA has single uniform track structure
[NR-eGR] JB has single uniform track structure
[NR-eGR] LB has single uniform track structure
[NR-eGR] Read 20 PG shapes
[NR-eGR] Read 0 clock shapes
[NR-eGR] Read 0 other shapes
[NR-eGR] #Routing Blockages  : 30
[NR-eGR] #Instance Blockages : 99026
[NR-eGR] #PG Blockages       : 20
[NR-eGR] #Halo Blockages     : 0
[NR-eGR] #Boundary Blockages : 0
[NR-eGR] #Clock Blockages    : 0
[NR-eGR] #Other Blockages    : 0
[NR-eGR] Num Prerouted Nets = 0  Num Prerouted Wires = 0
[NR-eGR] Read 37506 nets ( ignored 37449 )
[NR-eGR] Connected 0 must-join pins/ports
[NR-eGR] There are 57 clock nets ( 57 with NDR ).
[NR-eGR] ============ Routing rule table ============
[NR-eGR] Rule id: 0  Nets: 57
[NR-eGR] ========================================
[NR-eGR] 
[NR-eGR] Layer group 1: route 57 net(s) in layer range [3, 4]
[NR-eGR] Early Global Route overflow of layer group 1: 0.00% H + 0.00% V. EstWL: 1.042240e+04um
[NR-eGR] Create a new net group with 23 nets and layer range [3, 6]
[NR-eGR] Layer group 2: route 23 net(s) in layer range [3, 6]
[NR-eGR] Early Global Route overflow of layer group 2: 0.00% H + 0.00% V. EstWL: 1.465792e+04um
[NR-eGR] Create a new net group with 23 nets and layer range [3, 8]
[NR-eGR] Layer group 3: route 23 net(s) in layer range [3, 8]
[NR-eGR] Early Global Route overflow of layer group 3: 0.00% H + 0.00% V. EstWL: 1.891840e+04um
[NR-eGR] Create a new net group with 23 nets and layer range [3, 10]
[NR-eGR] Layer group 4: route 23 net(s) in layer range [3, 10]
[NR-eGR] Early Global Route overflow of layer group 4: 0.00% H + 0.00% V. EstWL: 2.317888e+04um
[NR-eGR] Create a new net group with 23 nets and layer range [3, 11]
[NR-eGR] Layer group 5: route 23 net(s) in layer range [3, 11]
[NR-eGR] Early Global Route overflow of layer group 5: 0.00% H + 0.00% V. EstWL: 2.743872e+04um
[NR-eGR] Congestion Analysis By layer: (blocked Gcells are excluded) 
[NR-eGR]                        OverCon            
[NR-eGR]                         #Gcell     %Gcell
[NR-eGR]        Layer               (1)    OverCon
[NR-eGR] ----------------------------------------------
[NR-eGR]      M1 ( 1)         0( 0.00%)   ( 0.00%) 
[NR-eGR]      M2 ( 2)        57( 0.06%)   ( 0.06%) 
[NR-eGR]      C1 ( 3)         0( 0.00%)   ( 0.00%) 
[NR-eGR]      C2 ( 4)         0( 0.00%)   ( 0.00%) 
[NR-eGR]      C3 ( 5)         0( 0.00%)   ( 0.00%) 
[NR-eGR]      C4 ( 6)         0( 0.00%)   ( 0.00%) 
[NR-eGR]      BA ( 7)         0( 0.00%)   ( 0.00%) 
[NR-eGR]      BB ( 8)         0( 0.00%)   ( 0.00%) 
[NR-eGR]      JA ( 9)         0( 0.00%)   ( 0.00%) 
[NR-eGR]      JB (10)         0( 0.00%)   ( 0.00%) 
[NR-eGR]      LB (11)         0( 0.00%)   ( 0.00%) 
[NR-eGR] ----------------------------------------------
[NR-eGR]        Total        57( 0.01%)   ( 0.01%) 
[NR-eGR] 
[NR-eGR] Overflow after Early Global Route 0.00% H + 0.00% V
[NR-eGR]             Length (um)    Vias 
[NR-eGR] --------------------------------
[NR-eGR]  M1  (1V)             0  108519 
[NR-eGR]  M2  (2H)         65254  208843 
[NR-eGR]  C1  (3V)        125487   57856 
[NR-eGR]  C2  (4H)        101732   20626 
[NR-eGR]  C3  (5V)         87117    9285 
[NR-eGR]  C4  (6H)         61930    2212 
[NR-eGR]  BA  (7V)         23031    1377 
[NR-eGR]  BB  (8H)         19415      45 
[NR-eGR]  JA  (9V)             9       0 
[NR-eGR]  JB  (10H)            0       0 
[NR-eGR]  LB  (11V)            0       0 
[NR-eGR] --------------------------------
[NR-eGR]      Total       483974  408763 
[NR-eGR] --------------------------------------------------------------------------
[NR-eGR] Total half perimeter of net bounding box: 393223um
[NR-eGR] Total length: 483974um, number of vias: 408763
[NR-eGR] --------------------------------------------------------------------------
[NR-eGR] Total eGR-routed clock nets wire length: 10638um, number of vias: 10317
[NR-eGR] --------------------------------------------------------------------------
[NR-eGR] Report for selected net(s) only.
[NR-eGR]             Length (um)   Vias 
[NR-eGR] -------------------------------
[NR-eGR]  M1  (1V)             0    354 
[NR-eGR]  M2  (2H)           691   5621 
[NR-eGR]  C1  (3V)          5273   4079 
[NR-eGR]  C2  (4H)          4246    263 
[NR-eGR]  C3  (5V)           429      0 
[NR-eGR]  C4  (6H)             0      0 
[NR-eGR]  BA  (7V)             0      0 
[NR-eGR]  BB  (8H)             0      0 
[NR-eGR]  JA  (9V)             0      0 
[NR-eGR]  JB  (10H)            0      0 
[NR-eGR]  LB  (11V)            0      0 
[NR-eGR] -------------------------------
[NR-eGR]      Total        10638  10317 
[NR-eGR] --------------------------------------------------------------------------
[NR-eGR] Total half perimeter of net bounding box: 3395um
[NR-eGR] Total length: 10638um, number of vias: 10317
[NR-eGR] --------------------------------------------------------------------------
[NR-eGR] Total routed clock nets wire length: 10638um, number of vias: 10317
[NR-eGR] --------------------------------------------------------------------------
[NR-eGR] Finished Early Global Route kernel ( CPU: 1.75 sec, Real: 1.21 sec, Curr Mem: 47458.86 MB )
      Early Global Route - eGR only step done. (took cpu=0:00:01.9 real=0:00:01.4)
      flow.cputime  flow.realtime  timing.setup.tns  timing.setup.wns  snapshot
UM:*                                                                   Early Global Route - eGR only step
    Routing using eGR only done.
Net route status summary:
  Clock:        57 (unrouted=0, trialRouted=0, noStatus=0, routed=57, fixed=0, [crossesIlmBoundary=0, tooFewTerms=0, (crossesIlmBoundary AND tooFewTerms=0)])
  Non-clock: 57142 (unrouted=19693, trialRouted=37449, noStatus=0, routed=0, fixed=0, [crossesIlmBoundary=0, tooFewTerms=19693, (crossesIlmBoundary AND tooFewTerms=0)])

CCOPT: Done with clock implementation routing.

  Clock implementation routing done.
  CCOpt: Starting congestion repair using flow wrapper...
    Congestion Repair...
*** IncrReplace #1 [begin] (CTS #1 / ccopt_design #1) : totSession cpu/real = 0:28:41.5/0:08:02.2 (3.6), mem = 47458.9M
Info: Disable timing driven in postCTS congRepair.

Starting congRepair ...
[NR-eGR] Track table information for default rule: 
[NR-eGR] M1 has single uniform track structure
[NR-eGR] M2 has single uniform track structure
[NR-eGR] C1 has single uniform track structure
[NR-eGR] C2 has single uniform track structure
[NR-eGR] C3 has single uniform track structure
[NR-eGR] C4 has single uniform track structure
[NR-eGR] BA has single uniform track structure
[NR-eGR] BB has single uniform track structure
[NR-eGR] JA has single uniform track structure
[NR-eGR] JB has single uniform track structure
[NR-eGR] LB has single uniform track structure
[NR-eGR] Read 20 PG shapes
[NR-eGR] Read 0 clock shapes
[NR-eGR] Read 0 other shapes
[NR-eGR] #Routing Blockages  : 30
[NR-eGR] #Instance Blockages : 99026
[NR-eGR] #PG Blockages       : 20
[NR-eGR] #Halo Blockages     : 0
[NR-eGR] #Boundary Blockages : 0
[NR-eGR] #Clock Blockages    : 0
[NR-eGR] #Other Blockages    : 0
[NR-eGR] Num Prerouted Nets = 57  Num Prerouted Wires = 18385
[NR-eGR] Read 37506 nets ( ignored 57 )
[NR-eGR] ============ Routing rule table ============
[NR-eGR] Rule id: 1  Nets: 37449
[NR-eGR] ========================================
[NR-eGR] 
[NR-eGR] Layer group 1: route 37449 net(s) in layer range [2, 11]
[NR-eGR] Early Global Route overflow of layer group 1: 0.40% H + 0.28% V. EstWL: 4.597920e+05um
[NR-eGR] Congestion Analysis By layer: (blocked Gcells are excluded) 
[NR-eGR]                        OverCon           OverCon           OverCon            
[NR-eGR]                         #Gcell            #Gcell            #Gcell     %Gcell
[NR-eGR]        Layer             (1-4)             (5-8)               (9)    OverCon
[NR-eGR] --------------------------------------------------------------------------------
[NR-eGR]      M1 ( 1)         0( 0.00%)         0( 0.00%)         0( 0.00%)   ( 0.00%) 
[NR-eGR]      M2 ( 2)      1185( 1.21%)         0( 0.00%)         0( 0.00%)   ( 1.21%) 
[NR-eGR]      C1 ( 3)       335( 0.34%)         1( 0.00%)         0( 0.00%)   ( 0.34%) 
[NR-eGR]      C2 ( 4)        67( 0.07%)         4( 0.00%)         0( 0.00%)   ( 0.07%) 
[NR-eGR]      C3 ( 5)        69( 0.07%)         5( 0.01%)         1( 0.00%)   ( 0.08%) 
[NR-eGR]      C4 ( 6)        88( 0.09%)        17( 0.02%)         1( 0.00%)   ( 0.11%) 
[NR-eGR]      BA ( 7)        41( 0.04%)         0( 0.00%)         0( 0.00%)   ( 0.04%) 
[NR-eGR]      BB ( 8)        35( 0.04%)         9( 0.01%)         0( 0.00%)   ( 0.05%) 
[NR-eGR]      JA ( 9)         0( 0.00%)         0( 0.00%)         0( 0.00%)   ( 0.00%) 
[NR-eGR]      JB (10)         0( 0.00%)         0( 0.00%)         0( 0.00%)   ( 0.00%) 
[NR-eGR]      LB (11)         0( 0.00%)         0( 0.00%)         0( 0.00%)   ( 0.00%) 
[NR-eGR] --------------------------------------------------------------------------------
[NR-eGR]        Total      1820( 0.24%)        36( 0.00%)         2( 0.00%)   ( 0.25%) 
[NR-eGR] 
[NR-eGR] Overflow after Early Global Route 0.07% H + 0.04% V
Early Global Route congestion estimation runtime: 2.36 seconds, mem = 47496.5M
Local HotSpot Analysis: normalized max congestion hotspot area = 19.28, normalized total congestion hotspot area = 29.77 (area is in unit of 4 std-cell row bins)

=== incrementalPlace Internal Loop 1 ===

**Info: (IMPSP-2062): Some of the PG shapes may not be colorized properly in this design, users are required to run command colorizePowerMesh before any placement related commands!
Starting area based congRepair.

Finished Incremental Placement (cpu=0:00:00.8, real=0:00:01.0, mem=47482.4M)

**Info: (IMPSP-2062): Some of the PG shapes may not be colorized properly in this design, users are required to run command colorizePowerMesh before any placement related commands!
*** Starting place_detail (0:28:49 mem=47482.4M) ***
Total net bbox length = 3.932e+05 (2.049e+05 1.884e+05) (ext = 7.413e+04)

**Info: (IMPSP-2062): Some of the PG shapes may not be colorized properly in this design, users are required to run command colorizePowerMesh before any placement related commands!
**WARN: (IMPSP-2041):	Found 56 fixed insts that could not be colored.
Type 'man IMPSP-2041' for more detail.
**WARN: (IMPSP-5140):	Global net connect rules have not been created. Added  insts would have no supply connectivity, and would fail DRC.
Type 'man IMPSP-5140' for more detail.
**WARN: (IMPSP-315):	Found 35459 instances insts with no PG Term connections.
Type 'man IMPSP-315' for more detail.
Move report: Detail placement moves 2280 insts, mean move: 0.51 um, max move: 3.95 um 
	Max move on inst (SILEGO_cell/MTRF_cell/dpu_gen/U_NACU_0/U_Recon_multiplier/U_mul_h/U73): (177.11, 145.92) --> (173.16, 145.92)
	Runtime: CPU: 0:00:07.2 REAL: 0:00:04.0 MEM: 47497.8MB
Summary Report:
Instances move: 2280 (out of 35403 movable)
Instances flipped: 1081
Mean displacement: 0.51 um
Max displacement: 3.95 um (Instance: SILEGO_cell/MTRF_cell/dpu_gen/U_NACU_0/U_Recon_multiplier/U_mul_h/U73) (177.112, 145.92) -> (173.16, 145.92)
	Length: 2 sites, height: 1 rows, site name: SC8T_104CPP_CMOS22FDX, cell type: SC8T_INVX0P5_CSC28L
Total net bbox length = 3.932e+05 (2.048e+05 1.884e+05) (ext = 7.413e+04)
Runtime: CPU: 0:00:07.3 REAL: 0:00:04.0 MEM: 47497.8MB
*** Finished place_detail (0:28:56 mem=47497.8M) ***
[NR-eGR] Track table information for default rule: 
[NR-eGR] M1 has single uniform track structure
[NR-eGR] M2 has single uniform track structure
[NR-eGR] C1 has single uniform track structure
[NR-eGR] C2 has single uniform track structure
[NR-eGR] C3 has single uniform track structure
[NR-eGR] C4 has single uniform track structure
[NR-eGR] BA has single uniform track structure
[NR-eGR] BB has single uniform track structure
[NR-eGR] JA has single uniform track structure
[NR-eGR] JB has single uniform track structure
[NR-eGR] LB has single uniform track structure
[NR-eGR] Read 20 PG shapes
[NR-eGR] Read 0 clock shapes
[NR-eGR] Read 0 other shapes
[NR-eGR] #Routing Blockages  : 30
[NR-eGR] #Instance Blockages : 99026
[NR-eGR] #PG Blockages       : 20
[NR-eGR] #Halo Blockages     : 0
[NR-eGR] #Boundary Blockages : 0
[NR-eGR] #Clock Blockages    : 0
[NR-eGR] #Other Blockages    : 0
[NR-eGR] Num Prerouted Nets = 57  Num Prerouted Wires = 18385
[NR-eGR] Read 37506 nets ( ignored 57 )
[NR-eGR] ============ Routing rule table ============
[NR-eGR] Rule id: 1  Nets: 37449
[NR-eGR] ========================================
[NR-eGR] 
[NR-eGR] Layer group 1: route 37449 net(s) in layer range [2, 11]
[NR-eGR] Early Global Route overflow of layer group 1: 0.43% H + 0.27% V. EstWL: 4.597798e+05um
[NR-eGR] Congestion Analysis By layer: (blocked Gcells are excluded) 
[NR-eGR]                        OverCon           OverCon           OverCon           OverCon            
[NR-eGR]                         #Gcell            #Gcell            #Gcell            #Gcell     %Gcell
[NR-eGR]        Layer             (1-4)             (5-8)            (9-12)              (13)    OverCon
[NR-eGR] -------------------------------------------------------------------------------------------------
[NR-eGR]      M1 ( 1)         0( 0.00%)         0( 0.00%)         0( 0.00%)         0( 0.00%)   ( 0.00%) 
[NR-eGR]      M2 ( 2)      1197( 1.23%)         1( 0.00%)         0( 0.00%)         0( 0.00%)   ( 1.23%) 
[NR-eGR]      C1 ( 3)       357( 0.37%)         2( 0.00%)         0( 0.00%)         0( 0.00%)   ( 0.37%) 
[NR-eGR]      C2 ( 4)        82( 0.08%)         5( 0.01%)         0( 0.00%)         0( 0.00%)   ( 0.09%) 
[NR-eGR]      C3 ( 5)        55( 0.06%)        11( 0.01%)         0( 0.00%)         0( 0.00%)   ( 0.07%) 
[NR-eGR]      C4 ( 6)        79( 0.08%)        14( 0.01%)         1( 0.00%)         1( 0.00%)   ( 0.10%) 
[NR-eGR]      BA ( 7)        41( 0.04%)         0( 0.00%)         0( 0.00%)         0( 0.00%)   ( 0.04%) 
[NR-eGR]      BB ( 8)        29( 0.03%)        12( 0.01%)         0( 0.00%)         0( 0.00%)   ( 0.04%) 
[NR-eGR]      JA ( 9)         0( 0.00%)         0( 0.00%)         0( 0.00%)         0( 0.00%)   ( 0.00%) 
[NR-eGR]      JB (10)         0( 0.00%)         0( 0.00%)         0( 0.00%)         0( 0.00%)   ( 0.00%) 
[NR-eGR]      LB (11)         0( 0.00%)         0( 0.00%)         0( 0.00%)         0( 0.00%)   ( 0.00%) 
[NR-eGR] -------------------------------------------------------------------------------------------------
[NR-eGR]        Total      1840( 0.24%)        45( 0.01%)         1( 0.00%)         1( 0.00%)   ( 0.25%) 
[NR-eGR] 
[NR-eGR] Overflow after Early Global Route 0.07% H + 0.04% V
Early Global Route congestion estimation runtime: 2.14 seconds, mem = 47530.7M
Local HotSpot Analysis: normalized max congestion hotspot area = 25.84, normalized total congestion hotspot area = 36.98 (area is in unit of 4 std-cell row bins)
[NR-eGR]             Length (um)    Vias 
[NR-eGR] --------------------------------
[NR-eGR]  M1  (1V)             0  108519 
[NR-eGR]  M2  (2H)         64987  207266 
[NR-eGR]  C1  (3V)        118459   59196 
[NR-eGR]  C2  (4H)         96868   24356 
[NR-eGR]  C3  (5V)         93043   10656 
[NR-eGR]  C4  (6H)         66073    2512 
[NR-eGR]  BA  (7V)         24335    1489 
[NR-eGR]  BB  (8H)         20401      45 
[NR-eGR]  JA  (9V)             9       0 
[NR-eGR]  JB  (10H)            0       0 
[NR-eGR]  LB  (11V)            0       0 
[NR-eGR] --------------------------------
[NR-eGR]      Total       484175  414039 
[NR-eGR] --------------------------------------------------------------------------
[NR-eGR] Total half perimeter of net bounding box: 393194um
[NR-eGR] Total length: 484175um, number of vias: 414039
[NR-eGR] --------------------------------------------------------------------------
[NR-eGR] Total eGR-routed clock nets wire length: 0um, number of vias: 0
[NR-eGR] --------------------------------------------------------------------------
Early Global Route wiring runtime: 0.49 seconds, mem = 47532.2M
Tdgp not successfully inited but do clear! skip clearing
End of congRepair (cpu=0:00:22.2, real=0:00:09.0)
*** IncrReplace #1 [finish] (CTS #1 / ccopt_design #1) : cpu/real = 0:00:22.2/0:00:09.7 (2.3), totSession cpu/real = 0:29:03.7/0:08:11.9 (3.5), mem = 47532.2M
    Congestion Repair done. (took cpu=0:00:22.2 real=0:00:09.7)
      flow.cputime  flow.realtime  timing.setup.tns  timing.setup.wns  snapshot
UM:*                                                                   Congestion Repair
  CCOpt: Starting congestion repair using flow wrapper done.

**Info: (IMPSP-2062): Some of the PG shapes may not be colorized properly in this design, users are required to run command colorizePowerMesh before any placement related commands!
  Leaving CCOpt scope - Early Global Route done. (took cpu=0:00:25.2 real=0:00:12.1)
  Leaving CCOpt scope - extractRC...
  Updating RC parasitics by calling: "extract_rc -noRouteCheck"...
Extraction called for design 'Silago_bot' of instances=35459 and nets=57199 using extraction engine 'pre_route' .
**WARN: (IMPEXT-3530):	The process node is not set. Use the command set_design_mode -process <process node> prior to extraction for maximum accuracy and optimal automatic threshold setting.
Type 'man IMPEXT-3530' for more detail.
pre_route RC Extraction called for design Silago_bot.
RC Extraction called in multi-corner(3) mode.
RCMode: PreRoute
      RC Corner Indexes            0       1       2   
Capacitance Scaling Factor   : 1.00000 1.00000 1.00000 
Resistance Scaling Factor    : 1.00000 1.00000 1.00000 
Clock Cap. Scaling Factor    : 1.00000 1.00000 1.00000 
Clock Res. Scaling Factor    : 1.00000 1.00000 1.00000 
Shrink Factor                : 1.00000
PreRoute extraction is honoring NDR/Shielding/ExtraSpace for clock nets.
Using Quantus QRC technology file ...
Updating RC grid for preRoute extraction ...
Initializing multi-corner resistance tables ...
PreRoute RC Extraction DONE (CPU Time: 0:00:00.9  Real Time: 0:00:01.0  MEM: 47532.168M)
  Updating RC parasitics by calling: "extract_rc -noRouteCheck" done.
  Leaving CCOpt scope - extractRC done. (took cpu=0:00:00.9 real=0:00:00.8)
  Clock tree timing engine global stage delay update for WC_dc:setup.late...
  Clock tree timing engine global stage delay update for WC_dc:setup.late done. (took cpu=0:00:00.3 real=0:00:00.1)
  Clock DAG stats after clustering cong repair call:
    cell counts      : b=56, i=0, icg=0, dcg=0, l=0, total=56
    sink counts      : regular=4808, enable_latch=0, load_capacitance=0, antenna=0, node_sink=0, total=4808
    misc counts      : r=1, pp=0
    cell areas       : b=135.916um^2, i=0.000um^2, icg=0.000um^2, dcg=0.000um^2, l=0.000um^2, total=135.916um^2
    cell capacitance : b=288.908fF, i=0.000fF, icg=0.000fF, dcg=0.000fF, l=0.000fF, total=288.908fF
    sink capacitance : total=3532.075fF, avg=0.735fF, sd=0.034fF, min=0.679fF, max=0.757fF
    wire capacitance : top=0.000fF, trunk=146.071fF, leaf=1320.993fF, total=1467.063fF
    wire lengths     : top=0.000um, trunk=1110.082um, leaf=9501.690um, total=10611.772um
    hp wire lengths  : top=0.000um, trunk=755.928um, leaf=2596.248um, total=3352.176um
  Clock DAG net violations after clustering cong repair call: none
  Clock DAG primary half-corner transition distribution after clustering cong repair call:
    Trunk : target=87.8ps count=8 avg=42.2ps sd=16.1ps min=13.8ps max=71.1ps {7 <= 52.7ps, 0 <= 70.2ps, 1 <= 79.0ps, 0 <= 83.4ps, 0 <= 87.8ps}
    Leaf  : target=87.8ps count=49 avg=48.6ps sd=5.1ps min=35.8ps max=61.7ps {37 <= 52.7ps, 12 <= 70.2ps, 0 <= 79.0ps, 0 <= 83.4ps, 0 <= 87.8ps}
  Clock DAG library cell distribution after clustering cong repair call {count}:
     Bufs: SC8T_BUFX24_CSC28L: 51 SC8T_BUFX20_CSC28L: 5 
  Primary reporting skew groups after clustering cong repair call:
    skew_group clk/functional: insertion delay [min=175.6, max=231.6, avg=208.2, sd=12.2], skew [56.0 vs 53.8*], 99.8% {177.9, 231.6} (wid=56.4 ws=43.6) (gid=177.8 gs=20.0)
  Skew group summary after clustering cong repair call:
    skew_group clk/functional: insertion delay [min=175.6, max=231.6, avg=208.2, sd=12.2], skew [56.0 vs 53.8*], 99.8% {177.9, 231.6} (wid=56.4 ws=43.6) (gid=177.8 gs=20.0)
  CongRepair After Initial Clustering done. (took cpu=0:00:26.8 real=0:00:13.3)
      flow.cputime  flow.realtime  timing.setup.tns  timing.setup.wns  snapshot
UM:*                                                                   CongRepair After Initial Clustering
  Stage::Clustering done. (took cpu=0:00:39.8 real=0:00:19.6)
      flow.cputime  flow.realtime  timing.setup.tns  timing.setup.wns  snapshot
UM:*                                                                   Stage::Clustering
  Stage::DRV Fixing...
  Fixing clock tree slew time and max cap violations...
    Fixing clock tree overload: ...20% ...40% ...60% ...80% ...100% 
    Clock DAG stats after 'Fixing clock tree slew time and max cap violations':
      cell counts      : b=56, i=0, icg=0, dcg=0, l=0, total=56
      sink counts      : regular=4808, enable_latch=0, load_capacitance=0, antenna=0, node_sink=0, total=4808
      misc counts      : r=1, pp=0
      cell areas       : b=135.916um^2, i=0.000um^2, icg=0.000um^2, dcg=0.000um^2, l=0.000um^2, total=135.916um^2
      cell capacitance : b=288.908fF, i=0.000fF, icg=0.000fF, dcg=0.000fF, l=0.000fF, total=288.908fF
      sink capacitance : total=3532.075fF, avg=0.735fF, sd=0.034fF, min=0.679fF, max=0.757fF
      wire capacitance : top=0.000fF, trunk=146.071fF, leaf=1320.993fF, total=1467.063fF
      wire lengths     : top=0.000um, trunk=1110.082um, leaf=9501.690um, total=10611.772um
      hp wire lengths  : top=0.000um, trunk=755.928um, leaf=2596.248um, total=3352.176um
    Clock DAG net violations after 'Fixing clock tree slew time and max cap violations': none
    Clock DAG primary half-corner transition distribution after 'Fixing clock tree slew time and max cap violations':
      Trunk : target=87.8ps count=8 avg=42.2ps sd=16.1ps min=13.8ps max=71.1ps {7 <= 52.7ps, 0 <= 70.2ps, 1 <= 79.0ps, 0 <= 83.4ps, 0 <= 87.8ps}
      Leaf  : target=87.8ps count=49 avg=48.6ps sd=5.1ps min=35.8ps max=61.7ps {37 <= 52.7ps, 12 <= 70.2ps, 0 <= 79.0ps, 0 <= 83.4ps, 0 <= 87.8ps}
    Clock DAG library cell distribution after 'Fixing clock tree slew time and max cap violations' {count}:
       Bufs: SC8T_BUFX24_CSC28L: 51 SC8T_BUFX20_CSC28L: 5 
    Primary reporting skew groups after 'Fixing clock tree slew time and max cap violations':
      skew_group clk/functional: insertion delay [min=175.6, max=231.6], skew [56.0 vs 53.8*]
    Skew group summary after 'Fixing clock tree slew time and max cap violations':
      skew_group clk/functional: insertion delay [min=175.6, max=231.6], skew [56.0 vs 53.8*]
    Legalizer API calls during this step: 0 succeeded with high effort: 0 succeeded with medium effort: 0 succeeded with low effort: 0 succeeded with basic effort: 0 succeeded with basic unbounded effort: 0
  Fixing clock tree slew time and max cap violations done. (took cpu=0:00:00.1 real=0:00:00.1)
      flow.cputime  flow.realtime  timing.setup.tns  timing.setup.wns  snapshot
UM:*                                                                   Fixing clock tree slew time and max cap violations
  Fixing clock tree slew time and max cap violations - detailed pass...
    Fixing clock tree overload: ...20% ...40% ...60% ...80% ...100% 
    Clock DAG stats after 'Fixing clock tree slew time and max cap violations - detailed pass':
      cell counts      : b=56, i=0, icg=0, dcg=0, l=0, total=56
      sink counts      : regular=4808, enable_latch=0, load_capacitance=0, antenna=0, node_sink=0, total=4808
      misc counts      : r=1, pp=0
      cell areas       : b=135.916um^2, i=0.000um^2, icg=0.000um^2, dcg=0.000um^2, l=0.000um^2, total=135.916um^2
      cell capacitance : b=288.908fF, i=0.000fF, icg=0.000fF, dcg=0.000fF, l=0.000fF, total=288.908fF
      sink capacitance : total=3532.075fF, avg=0.735fF, sd=0.034fF, min=0.679fF, max=0.757fF
      wire capacitance : top=0.000fF, trunk=146.071fF, leaf=1320.993fF, total=1467.063fF
      wire lengths     : top=0.000um, trunk=1110.082um, leaf=9501.690um, total=10611.772um
      hp wire lengths  : top=0.000um, trunk=755.928um, leaf=2596.248um, total=3352.176um
    Clock DAG net violations after 'Fixing clock tree slew time and max cap violations - detailed pass': none
    Clock DAG primary half-corner transition distribution after 'Fixing clock tree slew time and max cap violations - detailed pass':
      Trunk : target=87.8ps count=8 avg=42.2ps sd=16.1ps min=13.8ps max=71.1ps {7 <= 52.7ps, 0 <= 70.2ps, 1 <= 79.0ps, 0 <= 83.4ps, 0 <= 87.8ps}
      Leaf  : target=87.8ps count=49 avg=48.6ps sd=5.1ps min=35.8ps max=61.7ps {37 <= 52.7ps, 12 <= 70.2ps, 0 <= 79.0ps, 0 <= 83.4ps, 0 <= 87.8ps}
    Clock DAG library cell distribution after 'Fixing clock tree slew time and max cap violations - detailed pass' {count}:
       Bufs: SC8T_BUFX24_CSC28L: 51 SC8T_BUFX20_CSC28L: 5 
    Primary reporting skew groups after 'Fixing clock tree slew time and max cap violations - detailed pass':
      skew_group clk/functional: insertion delay [min=175.6, max=231.6, avg=208.2, sd=12.2], skew [56.0 vs 53.8*], 99.8% {177.9, 231.6} (wid=56.4 ws=43.6) (gid=177.8 gs=20.0)
    Skew group summary after 'Fixing clock tree slew time and max cap violations - detailed pass':
      skew_group clk/functional: insertion delay [min=175.6, max=231.6, avg=208.2, sd=12.2], skew [56.0 vs 53.8*], 99.8% {177.9, 231.6} (wid=56.4 ws=43.6) (gid=177.8 gs=20.0)
    Legalizer API calls during this step: 0 succeeded with high effort: 0 succeeded with medium effort: 0 succeeded with low effort: 0 succeeded with basic effort: 0 succeeded with basic unbounded effort: 0
  Fixing clock tree slew time and max cap violations - detailed pass done. (took cpu=0:00:00.2 real=0:00:00.2)
      flow.cputime  flow.realtime  timing.setup.tns  timing.setup.wns  snapshot
UM:*                                                                   Fixing clock tree slew time and max cap violations - detailed pass
  Stage::DRV Fixing done. (took cpu=0:00:00.7 real=0:00:00.7)
      flow.cputime  flow.realtime  timing.setup.tns  timing.setup.wns  snapshot
UM:*                                                                   Stage::DRV Fixing
  Stage::Insertion Delay Reduction...
  Removing unnecessary root buffering...
    Clock DAG stats after 'Removing unnecessary root buffering':
      cell counts      : b=55, i=0, icg=0, dcg=0, l=0, total=55
      sink counts      : regular=4808, enable_latch=0, load_capacitance=0, antenna=0, node_sink=0, total=4808
      misc counts      : r=1, pp=0
      cell areas       : b=133.453um^2, i=0.000um^2, icg=0.000um^2, dcg=0.000um^2, l=0.000um^2, total=133.453um^2
      cell capacitance : b=283.672fF, i=0.000fF, icg=0.000fF, dcg=0.000fF, l=0.000fF, total=283.672fF
      sink capacitance : total=3532.075fF, avg=0.735fF, sd=0.034fF, min=0.679fF, max=0.757fF
      wire capacitance : top=0.000fF, trunk=145.020fF, leaf=1320.993fF, total=1466.012fF
      wire lengths     : top=0.000um, trunk=1104.426um, leaf=9501.690um, total=10606.116um
      hp wire lengths  : top=0.000um, trunk=703.040um, leaf=2596.248um, total=3299.288um
    Clock DAG net violations after 'Removing unnecessary root buffering': none
    Clock DAG primary half-corner transition distribution after 'Removing unnecessary root buffering':
      Trunk : target=87.8ps count=7 avg=54.3ps sd=15.6ps min=41.9ps max=81.7ps {5 <= 52.7ps, 0 <= 70.2ps, 1 <= 79.0ps, 1 <= 83.4ps, 0 <= 87.8ps}
      Leaf  : target=87.8ps count=49 avg=48.6ps sd=5.1ps min=35.8ps max=61.7ps {37 <= 52.7ps, 12 <= 70.2ps, 0 <= 79.0ps, 0 <= 83.4ps, 0 <= 87.8ps}
    Clock DAG library cell distribution after 'Removing unnecessary root buffering' {count}:
       Bufs: SC8T_BUFX24_CSC28L: 50 SC8T_BUFX20_CSC28L: 5 
    Primary reporting skew groups after 'Removing unnecessary root buffering':
      skew_group clk/functional: insertion delay [min=173.0, max=229.1], skew [56.1 vs 53.8*]
    Skew group summary after 'Removing unnecessary root buffering':
      skew_group clk/functional: insertion delay [min=173.0, max=229.1], skew [56.1 vs 53.8*]
    Legalizer API calls during this step: 79 succeeded with high effort: 79 succeeded with medium effort: 0 succeeded with low effort: 0 succeeded with basic effort: 0 succeeded with basic unbounded effort: 0
  Removing unnecessary root buffering done. (took cpu=0:00:03.1 real=0:00:03.1)
      flow.cputime  flow.realtime  timing.setup.tns  timing.setup.wns  snapshot
UM:*                                                                   Removing unnecessary root buffering
  Removing unconstrained drivers...
    Clock DAG stats after 'Removing unconstrained drivers':
      cell counts      : b=55, i=0, icg=0, dcg=0, l=0, total=55
      sink counts      : regular=4808, enable_latch=0, load_capacitance=0, antenna=0, node_sink=0, total=4808
      misc counts      : r=1, pp=0
      cell areas       : b=133.453um^2, i=0.000um^2, icg=0.000um^2, dcg=0.000um^2, l=0.000um^2, total=133.453um^2
      cell capacitance : b=283.672fF, i=0.000fF, icg=0.000fF, dcg=0.000fF, l=0.000fF, total=283.672fF
      sink capacitance : total=3532.075fF, avg=0.735fF, sd=0.034fF, min=0.679fF, max=0.757fF
      wire capacitance : top=0.000fF, trunk=145.020fF, leaf=1320.993fF, total=1466.012fF
      wire lengths     : top=0.000um, trunk=1104.426um, leaf=9501.690um, total=10606.116um
      hp wire lengths  : top=0.000um, trunk=703.040um, leaf=2596.248um, total=3299.288um
    Clock DAG net violations after 'Removing unconstrained drivers': none
    Clock DAG primary half-corner transition distribution after 'Removing unconstrained drivers':
      Trunk : target=87.8ps count=7 avg=54.3ps sd=15.6ps min=41.9ps max=81.7ps {5 <= 52.7ps, 0 <= 70.2ps, 1 <= 79.0ps, 1 <= 83.4ps, 0 <= 87.8ps}
      Leaf  : target=87.8ps count=49 avg=48.6ps sd=5.1ps min=35.8ps max=61.7ps {37 <= 52.7ps, 12 <= 70.2ps, 0 <= 79.0ps, 0 <= 83.4ps, 0 <= 87.8ps}
    Clock DAG library cell distribution after 'Removing unconstrained drivers' {count}:
       Bufs: SC8T_BUFX24_CSC28L: 50 SC8T_BUFX20_CSC28L: 5 
    Primary reporting skew groups after 'Removing unconstrained drivers':
      skew_group clk/functional: insertion delay [min=173.0, max=229.1], skew [56.1 vs 53.8*]
    Skew group summary after 'Removing unconstrained drivers':
      skew_group clk/functional: insertion delay [min=173.0, max=229.1], skew [56.1 vs 53.8*]
    Legalizer API calls during this step: 0 succeeded with high effort: 0 succeeded with medium effort: 0 succeeded with low effort: 0 succeeded with basic effort: 0 succeeded with basic unbounded effort: 0
  Removing unconstrained drivers done. (took cpu=0:00:00.1 real=0:00:00.1)
      flow.cputime  flow.realtime  timing.setup.tns  timing.setup.wns  snapshot
UM:*                                                                   Removing unconstrained drivers
  Reducing insertion delay 1...
    Clock DAG stats after 'Reducing insertion delay 1':
      cell counts      : b=55, i=0, icg=0, dcg=0, l=0, total=55
      sink counts      : regular=4808, enable_latch=0, load_capacitance=0, antenna=0, node_sink=0, total=4808
      misc counts      : r=1, pp=0
      cell areas       : b=133.453um^2, i=0.000um^2, icg=0.000um^2, dcg=0.000um^2, l=0.000um^2, total=133.453um^2
      cell capacitance : b=283.672fF, i=0.000fF, icg=0.000fF, dcg=0.000fF, l=0.000fF, total=283.672fF
      sink capacitance : total=3532.075fF, avg=0.735fF, sd=0.034fF, min=0.679fF, max=0.757fF
      wire capacitance : top=0.000fF, trunk=145.020fF, leaf=1320.993fF, total=1466.012fF
      wire lengths     : top=0.000um, trunk=1104.426um, leaf=9501.690um, total=10606.116um
      hp wire lengths  : top=0.000um, trunk=703.040um, leaf=2596.248um, total=3299.288um
    Clock DAG net violations after 'Reducing insertion delay 1': none
    Clock DAG primary half-corner transition distribution after 'Reducing insertion delay 1':
      Trunk : target=87.8ps count=7 avg=54.3ps sd=15.6ps min=41.9ps max=81.7ps {5 <= 52.7ps, 0 <= 70.2ps, 1 <= 79.0ps, 1 <= 83.4ps, 0 <= 87.8ps}
      Leaf  : target=87.8ps count=49 avg=48.6ps sd=5.1ps min=35.8ps max=61.7ps {37 <= 52.7ps, 12 <= 70.2ps, 0 <= 79.0ps, 0 <= 83.4ps, 0 <= 87.8ps}
    Clock DAG library cell distribution after 'Reducing insertion delay 1' {count}:
       Bufs: SC8T_BUFX24_CSC28L: 50 SC8T_BUFX20_CSC28L: 5 
    Primary reporting skew groups after 'Reducing insertion delay 1':
      skew_group clk/functional: insertion delay [min=173.0, max=229.1], skew [56.1 vs 53.8*]
    Skew group summary after 'Reducing insertion delay 1':
      skew_group clk/functional: insertion delay [min=173.0, max=229.1], skew [56.1 vs 53.8*]
    Legalizer API calls during this step: 13 succeeded with high effort: 13 succeeded with medium effort: 0 succeeded with low effort: 0 succeeded with basic effort: 0 succeeded with basic unbounded effort: 0
  Reducing insertion delay 1 done. (took cpu=0:00:00.1 real=0:00:00.1)
      flow.cputime  flow.realtime  timing.setup.tns  timing.setup.wns  snapshot
UM:*                                                                   Reducing insertion delay 1
  Removing longest path buffering...
    Clock DAG stats after 'Removing longest path buffering':
      cell counts      : b=55, i=0, icg=0, dcg=0, l=0, total=55
      sink counts      : regular=4808, enable_latch=0, load_capacitance=0, antenna=0, node_sink=0, total=4808
      misc counts      : r=1, pp=0
      cell areas       : b=133.453um^2, i=0.000um^2, icg=0.000um^2, dcg=0.000um^2, l=0.000um^2, total=133.453um^2
      cell capacitance : b=283.672fF, i=0.000fF, icg=0.000fF, dcg=0.000fF, l=0.000fF, total=283.672fF
      sink capacitance : total=3532.075fF, avg=0.735fF, sd=0.034fF, min=0.679fF, max=0.757fF
      wire capacitance : top=0.000fF, trunk=145.020fF, leaf=1320.993fF, total=1466.012fF
      wire lengths     : top=0.000um, trunk=1104.426um, leaf=9501.690um, total=10606.116um
      hp wire lengths  : top=0.000um, trunk=703.040um, leaf=2596.248um, total=3299.288um
    Clock DAG net violations after 'Removing longest path buffering': none
    Clock DAG primary half-corner transition distribution after 'Removing longest path buffering':
      Trunk : target=87.8ps count=7 avg=54.3ps sd=15.6ps min=41.9ps max=81.7ps {5 <= 52.7ps, 0 <= 70.2ps, 1 <= 79.0ps, 1 <= 83.4ps, 0 <= 87.8ps}
      Leaf  : target=87.8ps count=49 avg=48.6ps sd=5.1ps min=35.8ps max=61.7ps {37 <= 52.7ps, 12 <= 70.2ps, 0 <= 79.0ps, 0 <= 83.4ps, 0 <= 87.8ps}
    Clock DAG library cell distribution after 'Removing longest path buffering' {count}:
       Bufs: SC8T_BUFX24_CSC28L: 50 SC8T_BUFX20_CSC28L: 5 
    Primary reporting skew groups after 'Removing longest path buffering':
      skew_group clk/functional: insertion delay [min=173.0, max=229.1], skew [56.1 vs 53.8*]
    Skew group summary after 'Removing longest path buffering':
      skew_group clk/functional: insertion delay [min=173.0, max=229.1], skew [56.1 vs 53.8*]
    Legalizer API calls during this step: 75 succeeded with high effort: 75 succeeded with medium effort: 0 succeeded with low effort: 0 succeeded with basic effort: 0 succeeded with basic unbounded effort: 0
  Removing longest path buffering done. (took cpu=0:00:03.0 real=0:00:03.0)
      flow.cputime  flow.realtime  timing.setup.tns  timing.setup.wns  snapshot
UM:*                                                                   Removing longest path buffering
  Reducing insertion delay 2...
    Clock DAG stats after 'Reducing insertion delay 2':
      cell counts      : b=55, i=0, icg=0, dcg=0, l=0, total=55
      sink counts      : regular=4808, enable_latch=0, load_capacitance=0, antenna=0, node_sink=0, total=4808
      misc counts      : r=1, pp=0
      cell areas       : b=133.852um^2, i=0.000um^2, icg=0.000um^2, dcg=0.000um^2, l=0.000um^2, total=133.852um^2
      cell capacitance : b=284.531fF, i=0.000fF, icg=0.000fF, dcg=0.000fF, l=0.000fF, total=284.531fF
      sink capacitance : total=3532.075fF, avg=0.735fF, sd=0.034fF, min=0.679fF, max=0.757fF
      wire capacitance : top=0.000fF, trunk=147.776fF, leaf=1324.217fF, total=1471.993fF
      wire lengths     : top=0.000um, trunk=1132.560um, leaf=9531.384um, total=10663.944um
      hp wire lengths  : top=0.000um, trunk=724.680um, leaf=2613.136um, total=3337.816um
    Clock DAG net violations after 'Reducing insertion delay 2': none
    Clock DAG primary half-corner transition distribution after 'Reducing insertion delay 2':
      Trunk : target=87.8ps count=7 avg=53.2ps sd=14.7ps min=41.9ps max=81.7ps {5 <= 52.7ps, 1 <= 70.2ps, 0 <= 79.0ps, 1 <= 83.4ps, 0 <= 87.8ps}
      Leaf  : target=87.8ps count=49 avg=48.5ps sd=5.1ps min=35.8ps max=61.7ps {36 <= 52.7ps, 13 <= 70.2ps, 0 <= 79.0ps, 0 <= 83.4ps, 0 <= 87.8ps}
    Clock DAG library cell distribution after 'Reducing insertion delay 2' {count}:
       Bufs: SC8T_BUFX24_CSC28L: 51 SC8T_BUFX20_CSC28L: 4 
    Primary reporting skew groups after 'Reducing insertion delay 2':
      skew_group clk/functional: insertion delay [min=173.6, max=218.7, avg=203.3, sd=9.3], skew [45.1 vs 53.8], 100% {173.6, 218.7} (wid=59.6 ws=41.4) (gid=172.8 gs=20.1)
    Skew group summary after 'Reducing insertion delay 2':
      skew_group clk/functional: insertion delay [min=173.6, max=218.7, avg=203.3, sd=9.3], skew [45.1 vs 53.8], 100% {173.6, 218.7} (wid=59.6 ws=41.4) (gid=172.8 gs=20.1)
    Legalizer API calls during this step: 221 succeeded with high effort: 221 succeeded with medium effort: 0 succeeded with low effort: 0 succeeded with basic effort: 0 succeeded with basic unbounded effort: 0
  Reducing insertion delay 2 done. (took cpu=0:00:03.7 real=0:00:03.7)
      flow.cputime  flow.realtime  timing.setup.tns  timing.setup.wns  snapshot
UM:*                                                                   Reducing insertion delay 2
  Stage::Insertion Delay Reduction done. (took cpu=0:00:11.2 real=0:00:11.2)
      flow.cputime  flow.realtime  timing.setup.tns  timing.setup.wns  snapshot
UM:*                                                                   Stage::Insertion Delay Reduction
  CCOpt::Phase::Construction done. (took cpu=0:00:52.3 real=0:00:32.1)
      flow.cputime  flow.realtime  timing.setup.tns  timing.setup.wns  snapshot
UM:*                                                                   CCOpt::Phase::Construction
  CCOpt::Phase::Implementation...
  Stage::Reducing Power...
  Improving clock tree routing...
    Iteration 1...
    Iteration 1 done.
    Clock DAG stats after 'Improving clock tree routing':
      cell counts      : b=55, i=0, icg=0, dcg=0, l=0, total=55
      sink counts      : regular=4808, enable_latch=0, load_capacitance=0, antenna=0, node_sink=0, total=4808
      misc counts      : r=1, pp=0
      cell areas       : b=133.852um^2, i=0.000um^2, icg=0.000um^2, dcg=0.000um^2, l=0.000um^2, total=133.852um^2
      cell capacitance : b=284.531fF, i=0.000fF, icg=0.000fF, dcg=0.000fF, l=0.000fF, total=284.531fF
      sink capacitance : total=3532.075fF, avg=0.735fF, sd=0.034fF, min=0.679fF, max=0.757fF
      wire capacitance : top=0.000fF, trunk=147.776fF, leaf=1324.217fF, total=1471.993fF
      wire lengths     : top=0.000um, trunk=1132.560um, leaf=9531.384um, total=10663.944um
      hp wire lengths  : top=0.000um, trunk=724.680um, leaf=2613.136um, total=3337.816um
    Clock DAG net violations after 'Improving clock tree routing': none
    Clock DAG primary half-corner transition distribution after 'Improving clock tree routing':
      Trunk : target=87.8ps count=7 avg=53.2ps sd=14.7ps min=41.9ps max=81.7ps {5 <= 52.7ps, 1 <= 70.2ps, 0 <= 79.0ps, 1 <= 83.4ps, 0 <= 87.8ps}
      Leaf  : target=87.8ps count=49 avg=48.5ps sd=5.1ps min=35.8ps max=61.7ps {36 <= 52.7ps, 13 <= 70.2ps, 0 <= 79.0ps, 0 <= 83.4ps, 0 <= 87.8ps}
    Clock DAG library cell distribution after 'Improving clock tree routing' {count}:
       Bufs: SC8T_BUFX24_CSC28L: 51 SC8T_BUFX20_CSC28L: 4 
    Primary reporting skew groups after 'Improving clock tree routing':
      skew_group clk/functional: insertion delay [min=173.6, max=218.7], skew [45.1 vs 53.8]
    Skew group summary after 'Improving clock tree routing':
      skew_group clk/functional: insertion delay [min=173.6, max=218.7], skew [45.1 vs 53.8]
    Legalizer API calls during this step: 21 succeeded with high effort: 21 succeeded with medium effort: 0 succeeded with low effort: 0 succeeded with basic effort: 0 succeeded with basic unbounded effort: 0
  Improving clock tree routing done. (took cpu=0:00:00.3 real=0:00:00.3)
      flow.cputime  flow.realtime  timing.setup.tns  timing.setup.wns  snapshot
UM:*                                                                   Improving clock tree routing
  Reducing clock tree power 1...
    Resizing gates:     ..Legalizing clock trees...
    Legalizing clock trees done. (took cpu=0:00:00.0 real=0:00:00.0)
      flow.cputime  flow.realtime  timing.setup.tns  timing.setup.wns  snapshot
UM:*                                                                   Legalizing clock trees
    .20% ...40% ...60% ...80% ...100% 
    Clock DAG stats after reducing clock tree power 1 iteration 1:
      cell counts      : b=55, i=0, icg=0, dcg=0, l=0, total=55
      sink counts      : regular=4808, enable_latch=0, load_capacitance=0, antenna=0, node_sink=0, total=4808
      misc counts      : r=1, pp=0
      cell areas       : b=82.934um^2, i=0.000um^2, icg=0.000um^2, dcg=0.000um^2, l=0.000um^2, total=82.934um^2
      cell capacitance : b=174.968fF, i=0.000fF, icg=0.000fF, dcg=0.000fF, l=0.000fF, total=174.968fF
      sink capacitance : total=3532.075fF, avg=0.735fF, sd=0.034fF, min=0.679fF, max=0.757fF
      wire capacitance : top=0.000fF, trunk=144.981fF, leaf=1321.731fF, total=1466.712fF
      wire lengths     : top=0.000um, trunk=1104.396um, leaf=9509.130um, total=10613.526um
      hp wire lengths  : top=0.000um, trunk=724.680um, leaf=2613.136um, total=3337.816um
    Clock DAG net violations after reducing clock tree power 1 iteration 1: none
    Clock DAG primary half-corner transition distribution after reducing clock tree power 1 iteration 1:
      Trunk : target=87.8ps count=7 avg=45.8ps sd=13.9ps min=34.7ps max=71.3ps {5 <= 52.7ps, 1 <= 70.2ps, 1 <= 79.0ps, 0 <= 83.4ps, 0 <= 87.8ps}
      Leaf  : target=87.8ps count=49 avg=70.6ps sd=10.6ps min=47.1ps max=87.3ps {2 <= 52.7ps, 18 <= 70.2ps, 16 <= 79.0ps, 8 <= 83.4ps, 5 <= 87.8ps}
    Clock DAG library cell distribution after reducing clock tree power 1 iteration 1 {count}:
       Bufs: SC8T_BUFX20_CSC28L: 7 SC8T_BUFX16_CSC28L: 20 SC8T_BUFX12_CSC28L: 27 SC8T_BUFX10_CSC28L: 1 
    Primary reporting skew groups after reducing clock tree power 1 iteration 1:
      skew_group clk/functional: insertion delay [min=193.3, max=228.2], skew [34.9 vs 53.8]
    Skew group summary after reducing clock tree power 1 iteration 1:
      skew_group clk/functional: insertion delay [min=193.3, max=228.2], skew [34.9 vs 53.8]
    Resizing gates:     ..Legalizing clock trees...
    Legalizing clock trees done. (took cpu=0:00:00.0 real=0:00:00.0)
      flow.cputime  flow.realtime  timing.setup.tns  timing.setup.wns  snapshot
UM:*                                                                   Legalizing clock trees
    .20% ...40% ...60% ...80% ...100% 
    Clock DAG stats after reducing clock tree power 1 iteration 2:
      cell counts      : b=55, i=0, icg=0, dcg=0, l=0, total=55
      sink counts      : regular=4808, enable_latch=0, load_capacitance=0, antenna=0, node_sink=0, total=4808
      misc counts      : r=1, pp=0
      cell areas       : b=71.752um^2, i=0.000um^2, icg=0.000um^2, dcg=0.000um^2, l=0.000um^2, total=71.752um^2
      cell capacitance : b=151.063fF, i=0.000fF, icg=0.000fF, dcg=0.000fF, l=0.000fF, total=151.063fF
      sink capacitance : total=3532.075fF, avg=0.735fF, sd=0.034fF, min=0.679fF, max=0.757fF
      wire capacitance : top=0.000fF, trunk=145.304fF, leaf=1320.942fF, total=1466.246fF
      wire lengths     : top=0.000um, trunk=1104.846um, leaf=9503.079um, total=10607.925um
      hp wire lengths  : top=0.000um, trunk=724.680um, leaf=2613.136um, total=3337.816um
    Clock DAG net violations after reducing clock tree power 1 iteration 2: none
    Clock DAG primary half-corner transition distribution after reducing clock tree power 1 iteration 2:
      Trunk : target=87.8ps count=7 avg=46.0ps sd=12.7ps min=32.6ps max=71.3ps {6 <= 52.7ps, 0 <= 70.2ps, 1 <= 79.0ps, 0 <= 83.4ps, 0 <= 87.8ps}
      Leaf  : target=87.8ps count=49 avg=78.8ps sd=6.8ps min=55.9ps max=87.4ps {0 <= 52.7ps, 3 <= 70.2ps, 19 <= 79.0ps, 16 <= 83.4ps, 11 <= 87.8ps}
    Clock DAG library cell distribution after reducing clock tree power 1 iteration 2 {count}:
       Bufs: SC8T_BUFX20_CSC28L: 2 SC8T_BUFX16_CSC28L: 6 SC8T_BUFX12_CSC28L: 38 SC8T_BUFX10_CSC28L: 9 
    Primary reporting skew groups after reducing clock tree power 1 iteration 2:
      skew_group clk/functional: insertion delay [min=188.8, max=228.6], skew [39.8 vs 53.8]
    Skew group summary after reducing clock tree power 1 iteration 2:
      skew_group clk/functional: insertion delay [min=188.8, max=228.6], skew [39.8 vs 53.8]
    Resizing gates:     ..Legalizing clock trees...
    Legalizing clock trees done. (took cpu=0:00:00.0 real=0:00:00.0)
      flow.cputime  flow.realtime  timing.setup.tns  timing.setup.wns  snapshot
UM:*                                                                   Legalizing clock trees
    .20% ...40% ...60% ...80% ...100% 
    Clock DAG stats after 'Reducing clock tree power 1':
      cell counts      : b=55, i=0, icg=0, dcg=0, l=0, total=55
      sink counts      : regular=4808, enable_latch=0, load_capacitance=0, antenna=0, node_sink=0, total=4808
      misc counts      : r=1, pp=0
      cell areas       : b=70.154um^2, i=0.000um^2, icg=0.000um^2, dcg=0.000um^2, l=0.000um^2, total=70.154um^2
      cell capacitance : b=147.668fF, i=0.000fF, icg=0.000fF, dcg=0.000fF, l=0.000fF, total=147.668fF
      sink capacitance : total=3532.075fF, avg=0.735fF, sd=0.034fF, min=0.679fF, max=0.757fF
      wire capacitance : top=0.000fF, trunk=145.230fF, leaf=1320.709fF, total=1465.940fF
      wire lengths     : top=0.000um, trunk=1104.696um, leaf=9501.494um, total=10606.190um
      hp wire lengths  : top=0.000um, trunk=724.680um, leaf=2613.136um, total=3337.816um
    Clock DAG net violations after 'Reducing clock tree power 1': none
    Clock DAG primary half-corner transition distribution after 'Reducing clock tree power 1':
      Trunk : target=87.8ps count=7 avg=45.5ps sd=13.0ps min=32.2ps max=71.3ps {6 <= 52.7ps, 0 <= 70.2ps, 1 <= 79.0ps, 0 <= 83.4ps, 0 <= 87.8ps}
      Leaf  : target=87.8ps count=49 avg=80.2ps sd=4.3ps min=70.8ps max=87.4ps {0 <= 52.7ps, 0 <= 70.2ps, 20 <= 79.0ps, 17 <= 83.4ps, 12 <= 87.8ps}
    Clock DAG library cell distribution after 'Reducing clock tree power 1' {count}:
       Bufs: SC8T_BUFX20_CSC28L: 2 SC8T_BUFX16_CSC28L: 3 SC8T_BUFX12_CSC28L: 39 SC8T_BUFX10_CSC28L: 11 
    Primary reporting skew groups after 'Reducing clock tree power 1':
      skew_group clk/functional: insertion delay [min=188.8, max=228.6], skew [39.8 vs 53.8]
    Skew group summary after 'Reducing clock tree power 1':
      skew_group clk/functional: insertion delay [min=188.8, max=228.6], skew [39.8 vs 53.8]
    Legalizer API calls during this step: 487 succeeded with high effort: 487 succeeded with medium effort: 0 succeeded with low effort: 0 succeeded with basic effort: 0 succeeded with basic unbounded effort: 0
  Reducing clock tree power 1 done. (took cpu=0:00:10.8 real=0:00:04.3)
      flow.cputime  flow.realtime  timing.setup.tns  timing.setup.wns  snapshot
UM:*                                                                   Reducing clock tree power 1
  Reducing clock tree power 2...
    Clock DAG stats after 'Reducing clock tree power 2':
      cell counts      : b=55, i=0, icg=0, dcg=0, l=0, total=55
      sink counts      : regular=4808, enable_latch=0, load_capacitance=0, antenna=0, node_sink=0, total=4808
      misc counts      : r=1, pp=0
      cell areas       : b=70.154um^2, i=0.000um^2, icg=0.000um^2, dcg=0.000um^2, l=0.000um^2, total=70.154um^2
      cell capacitance : b=147.668fF, i=0.000fF, icg=0.000fF, dcg=0.000fF, l=0.000fF, total=147.668fF
      sink capacitance : total=3532.075fF, avg=0.735fF, sd=0.034fF, min=0.679fF, max=0.757fF
      wire capacitance : top=0.000fF, trunk=145.230fF, leaf=1320.709fF, total=1465.940fF
      wire lengths     : top=0.000um, trunk=1104.696um, leaf=9501.494um, total=10606.190um
      hp wire lengths  : top=0.000um, trunk=724.680um, leaf=2613.136um, total=3337.816um
    Clock DAG net violations after 'Reducing clock tree power 2': none
    Clock DAG primary half-corner transition distribution after 'Reducing clock tree power 2':
      Trunk : target=87.8ps count=7 avg=45.5ps sd=13.0ps min=32.2ps max=71.3ps {6 <= 52.7ps, 0 <= 70.2ps, 1 <= 79.0ps, 0 <= 83.4ps, 0 <= 87.8ps}
      Leaf  : target=87.8ps count=49 avg=80.2ps sd=4.3ps min=70.8ps max=87.4ps {0 <= 52.7ps, 0 <= 70.2ps, 20 <= 79.0ps, 17 <= 83.4ps, 12 <= 87.8ps}
    Clock DAG library cell distribution after 'Reducing clock tree power 2' {count}:
       Bufs: SC8T_BUFX20_CSC28L: 2 SC8T_BUFX16_CSC28L: 3 SC8T_BUFX12_CSC28L: 39 SC8T_BUFX10_CSC28L: 11 
    Primary reporting skew groups after 'Reducing clock tree power 2':
      skew_group clk/functional: insertion delay [min=188.8, max=228.6, avg=216.9, sd=7.3], skew [39.8 vs 53.8], 100% {188.8, 228.6} (wid=57.6 ws=44.4) (gid=197.8 gs=34.0)
    Skew group summary after 'Reducing clock tree power 2':
      skew_group clk/functional: insertion delay [min=188.8, max=228.6, avg=216.9, sd=7.3], skew [39.8 vs 53.8], 100% {188.8, 228.6} (wid=57.6 ws=44.4) (gid=197.8 gs=34.0)
    Legalizer API calls during this step: 0 succeeded with high effort: 0 succeeded with medium effort: 0 succeeded with low effort: 0 succeeded with basic effort: 0 succeeded with basic unbounded effort: 0
  Reducing clock tree power 2 done. (took cpu=0:00:00.2 real=0:00:00.1)
      flow.cputime  flow.realtime  timing.setup.tns  timing.setup.wns  snapshot
UM:*                                                                   Reducing clock tree power 2
  Stage::Reducing Power done. (took cpu=0:00:12.1 real=0:00:05.5)
      flow.cputime  flow.realtime  timing.setup.tns  timing.setup.wns  snapshot
UM:*                                                                   Stage::Reducing Power
  Stage::Balancing...
  Approximately balancing fragments step...
    Resolve constraints - Approximately balancing fragments...
    Resolving skew group constraints...
      Solving LP: 1 skew groups; 2 fragments, 2 fraglets and 3 vertices; 25 variables and 66 constraints; tolerance 1
    Resolving skew group constraints done.
    Resolve constraints - Approximately balancing fragments done. (took cpu=0:00:00.5 real=0:00:00.5)
      flow.cputime  flow.realtime  timing.setup.tns  timing.setup.wns  snapshot
UM:*                                                                   Resolve constraints - Approximately balancing fragments
    Estimate delay to be added in balancing - Approximately balancing fragments...
    Trial balancer estimated the amount of delay to be added in balancing: 0.0ps
    Estimate delay to be added in balancing - Approximately balancing fragments done. (took cpu=0:00:00.2 real=0:00:00.2)
      flow.cputime  flow.realtime  timing.setup.tns  timing.setup.wns  snapshot
UM:*                                                                   Estimate delay to be added in balancing - Approximately balancing fragments
    Approximately balancing fragments...
      Moving gates to improve sub-tree skew...
        Tried: 57 Succeeded: 0
        Topology Tried: 0 Succeeded: 0
        0 Succeeded with SS ratio
        0 Succeeded with Lollipop: 0 with tier one, 0 with tier two. 
        Total reducing skew: 0 Average reducing skew for 0 nets : 0
        Clock DAG stats after 'Moving gates to improve sub-tree skew':
          cell counts      : b=55, i=0, icg=0, dcg=0, l=0, total=55
          sink counts      : regular=4808, enable_latch=0, load_capacitance=0, antenna=0, node_sink=0, total=4808
          misc counts      : r=1, pp=0
          cell areas       : b=70.154um^2, i=0.000um^2, icg=0.000um^2, dcg=0.000um^2, l=0.000um^2, total=70.154um^2
          cell capacitance : b=147.668fF, i=0.000fF, icg=0.000fF, dcg=0.000fF, l=0.000fF, total=147.668fF
          sink capacitance : total=3532.075fF, avg=0.735fF, sd=0.034fF, min=0.679fF, max=0.757fF
          wire capacitance : top=0.000fF, trunk=145.230fF, leaf=1320.709fF, total=1465.940fF
          wire lengths     : top=0.000um, trunk=1104.696um, leaf=9501.494um, total=10606.190um
          hp wire lengths  : top=0.000um, trunk=724.680um, leaf=2613.136um, total=3337.816um
        Clock DAG net violations after 'Moving gates to improve sub-tree skew': none
        Clock DAG primary half-corner transition distribution after 'Moving gates to improve sub-tree skew':
          Trunk : target=87.8ps count=7 avg=45.5ps sd=13.0ps min=32.2ps max=71.3ps {6 <= 52.7ps, 0 <= 70.2ps, 1 <= 79.0ps, 0 <= 83.4ps, 0 <= 87.8ps}
          Leaf  : target=87.8ps count=49 avg=80.2ps sd=4.3ps min=70.8ps max=87.4ps {0 <= 52.7ps, 0 <= 70.2ps, 20 <= 79.0ps, 17 <= 83.4ps, 12 <= 87.8ps}
        Clock DAG library cell distribution after 'Moving gates to improve sub-tree skew' {count}:
           Bufs: SC8T_BUFX20_CSC28L: 2 SC8T_BUFX16_CSC28L: 3 SC8T_BUFX12_CSC28L: 39 SC8T_BUFX10_CSC28L: 11 
        Legalizer API calls during this step: 0 succeeded with high effort: 0 succeeded with medium effort: 0 succeeded with low effort: 0 succeeded with basic effort: 0 succeeded with basic unbounded effort: 0
      Moving gates to improve sub-tree skew done. (took cpu=0:00:00.1 real=0:00:00.1)
      flow.cputime  flow.realtime  timing.setup.tns  timing.setup.wns  snapshot
UM:*                                                                   Moving gates to improve sub-tree skew
      Approximately balancing fragments bottom up...
        bottom up balancing: ...20% ...40% ...60% ...80% ...100% 
        Clock DAG stats after 'Approximately balancing fragments bottom up':
          cell counts      : b=55, i=0, icg=0, dcg=0, l=0, total=55
          sink counts      : regular=4808, enable_latch=0, load_capacitance=0, antenna=0, node_sink=0, total=4808
          misc counts      : r=1, pp=0
          cell areas       : b=70.154um^2, i=0.000um^2, icg=0.000um^2, dcg=0.000um^2, l=0.000um^2, total=70.154um^2
          cell capacitance : b=147.668fF, i=0.000fF, icg=0.000fF, dcg=0.000fF, l=0.000fF, total=147.668fF
          sink capacitance : total=3532.075fF, avg=0.735fF, sd=0.034fF, min=0.679fF, max=0.757fF
          wire capacitance : top=0.000fF, trunk=145.230fF, leaf=1320.709fF, total=1465.940fF
          wire lengths     : top=0.000um, trunk=1104.696um, leaf=9501.494um, total=10606.190um
          hp wire lengths  : top=0.000um, trunk=724.680um, leaf=2613.136um, total=3337.816um
        Clock DAG net violations after 'Approximately balancing fragments bottom up': none
        Clock DAG primary half-corner transition distribution after 'Approximately balancing fragments bottom up':
          Trunk : target=87.8ps count=7 avg=45.5ps sd=13.0ps min=32.2ps max=71.3ps {6 <= 52.7ps, 0 <= 70.2ps, 1 <= 79.0ps, 0 <= 83.4ps, 0 <= 87.8ps}
          Leaf  : target=87.8ps count=49 avg=80.2ps sd=4.3ps min=70.8ps max=87.4ps {0 <= 52.7ps, 0 <= 70.2ps, 20 <= 79.0ps, 17 <= 83.4ps, 12 <= 87.8ps}
        Clock DAG library cell distribution after 'Approximately balancing fragments bottom up' {count}:
           Bufs: SC8T_BUFX20_CSC28L: 2 SC8T_BUFX16_CSC28L: 3 SC8T_BUFX12_CSC28L: 39 SC8T_BUFX10_CSC28L: 11 
        Legalizer API calls during this step: 15 succeeded with high effort: 15 succeeded with medium effort: 0 succeeded with low effort: 0 succeeded with basic effort: 0 succeeded with basic unbounded effort: 0
      Approximately balancing fragments bottom up done. (took cpu=0:00:01.8 real=0:00:01.8)
      flow.cputime  flow.realtime  timing.setup.tns  timing.setup.wns  snapshot
UM:*                                                                   Approximately balancing fragments bottom up
      Approximately balancing fragments, wire and cell delays...
      Approximately balancing fragments, wire and cell delays, iteration 1...
        Clock DAG stats after Approximately balancing fragments, wire and cell delays, iteration 1:
          cell counts      : b=55, i=0, icg=0, dcg=0, l=0, total=55
          sink counts      : regular=4808, enable_latch=0, load_capacitance=0, antenna=0, node_sink=0, total=4808
          misc counts      : r=1, pp=0
          cell areas       : b=70.154um^2, i=0.000um^2, icg=0.000um^2, dcg=0.000um^2, l=0.000um^2, total=70.154um^2
          cell capacitance : b=147.668fF, i=0.000fF, icg=0.000fF, dcg=0.000fF, l=0.000fF, total=147.668fF
          sink capacitance : total=3532.075fF, avg=0.735fF, sd=0.034fF, min=0.679fF, max=0.757fF
          wire capacitance : top=0.000fF, trunk=145.230fF, leaf=1320.709fF, total=1465.940fF
          wire lengths     : top=0.000um, trunk=1104.696um, leaf=9501.494um, total=10606.190um
          hp wire lengths  : top=0.000um, trunk=724.680um, leaf=2613.136um, total=3337.816um
        Clock DAG net violations after Approximately balancing fragments, wire and cell delays, iteration 1: none
        Clock DAG primary half-corner transition distribution after Approximately balancing fragments, wire and cell delays, iteration 1:
          Trunk : target=87.8ps count=7 avg=45.5ps sd=13.0ps min=32.2ps max=71.3ps {6 <= 52.7ps, 0 <= 70.2ps, 1 <= 79.0ps, 0 <= 83.4ps, 0 <= 87.8ps}
          Leaf  : target=87.8ps count=49 avg=80.2ps sd=4.3ps min=70.8ps max=87.4ps {0 <= 52.7ps, 0 <= 70.2ps, 20 <= 79.0ps, 17 <= 83.4ps, 12 <= 87.8ps}
        Clock DAG library cell distribution after Approximately balancing fragments, wire and cell delays, iteration 1 {count}:
           Bufs: SC8T_BUFX20_CSC28L: 2 SC8T_BUFX16_CSC28L: 3 SC8T_BUFX12_CSC28L: 39 SC8T_BUFX10_CSC28L: 11 
      Approximately balancing fragments, wire and cell delays, iteration 1 done.
      Approximately balancing fragments, wire and cell delays done. (took cpu=0:00:00.1 real=0:00:00.1)
      flow.cputime  flow.realtime  timing.setup.tns  timing.setup.wns  snapshot
UM:*                                                                   Approximately balancing fragments, wire and cell delays
    Approximately balancing fragments done.
    Clock DAG stats after 'Approximately balancing fragments step':
      cell counts      : b=55, i=0, icg=0, dcg=0, l=0, total=55
      sink counts      : regular=4808, enable_latch=0, load_capacitance=0, antenna=0, node_sink=0, total=4808
      misc counts      : r=1, pp=0
      cell areas       : b=70.154um^2, i=0.000um^2, icg=0.000um^2, dcg=0.000um^2, l=0.000um^2, total=70.154um^2
      cell capacitance : b=147.668fF, i=0.000fF, icg=0.000fF, dcg=0.000fF, l=0.000fF, total=147.668fF
      sink capacitance : total=3532.075fF, avg=0.735fF, sd=0.034fF, min=0.679fF, max=0.757fF
      wire capacitance : top=0.000fF, trunk=145.230fF, leaf=1320.709fF, total=1465.940fF
      wire lengths     : top=0.000um, trunk=1104.696um, leaf=9501.494um, total=10606.190um
      hp wire lengths  : top=0.000um, trunk=724.680um, leaf=2613.136um, total=3337.816um
    Clock DAG net violations after 'Approximately balancing fragments step': none
    Clock DAG primary half-corner transition distribution after 'Approximately balancing fragments step':
      Trunk : target=87.8ps count=7 avg=45.5ps sd=13.0ps min=32.2ps max=71.3ps {6 <= 52.7ps, 0 <= 70.2ps, 1 <= 79.0ps, 0 <= 83.4ps, 0 <= 87.8ps}
      Leaf  : target=87.8ps count=49 avg=80.2ps sd=4.3ps min=70.8ps max=87.4ps {0 <= 52.7ps, 0 <= 70.2ps, 20 <= 79.0ps, 17 <= 83.4ps, 12 <= 87.8ps}
    Clock DAG library cell distribution after 'Approximately balancing fragments step' {count}:
       Bufs: SC8T_BUFX20_CSC28L: 2 SC8T_BUFX16_CSC28L: 3 SC8T_BUFX12_CSC28L: 39 SC8T_BUFX10_CSC28L: 11 
    Legalizer API calls during this step: 15 succeeded with high effort: 15 succeeded with medium effort: 0 succeeded with low effort: 0 succeeded with basic effort: 0 succeeded with basic unbounded effort: 0
  Approximately balancing fragments step done. (took cpu=0:00:04.1 real=0:00:04.1)
      flow.cputime  flow.realtime  timing.setup.tns  timing.setup.wns  snapshot
UM:*                                                                   Approximately balancing fragments step
  Clock DAG stats after Approximately balancing fragments:
    cell counts      : b=55, i=0, icg=0, dcg=0, l=0, total=55
    sink counts      : regular=4808, enable_latch=0, load_capacitance=0, antenna=0, node_sink=0, total=4808
    misc counts      : r=1, pp=0
    cell areas       : b=70.154um^2, i=0.000um^2, icg=0.000um^2, dcg=0.000um^2, l=0.000um^2, total=70.154um^2
    cell capacitance : b=147.668fF, i=0.000fF, icg=0.000fF, dcg=0.000fF, l=0.000fF, total=147.668fF
    sink capacitance : total=3532.075fF, avg=0.735fF, sd=0.034fF, min=0.679fF, max=0.757fF
    wire capacitance : top=0.000fF, trunk=145.230fF, leaf=1320.709fF, total=1465.940fF
    wire lengths     : top=0.000um, trunk=1104.696um, leaf=9501.494um, total=10606.190um
    hp wire lengths  : top=0.000um, trunk=724.680um, leaf=2613.136um, total=3337.816um
  Clock DAG net violations after Approximately balancing fragments: none
  Clock DAG primary half-corner transition distribution after Approximately balancing fragments:
    Trunk : target=87.8ps count=7 avg=45.5ps sd=13.0ps min=32.2ps max=71.3ps {6 <= 52.7ps, 0 <= 70.2ps, 1 <= 79.0ps, 0 <= 83.4ps, 0 <= 87.8ps}
    Leaf  : target=87.8ps count=49 avg=80.2ps sd=4.3ps min=70.8ps max=87.4ps {0 <= 52.7ps, 0 <= 70.2ps, 20 <= 79.0ps, 17 <= 83.4ps, 12 <= 87.8ps}
  Clock DAG library cell distribution after Approximately balancing fragments {count}:
     Bufs: SC8T_BUFX20_CSC28L: 2 SC8T_BUFX16_CSC28L: 3 SC8T_BUFX12_CSC28L: 39 SC8T_BUFX10_CSC28L: 11 
  Primary reporting skew groups after Approximately balancing fragments:
    skew_group clk/functional: insertion delay [min=188.8, max=228.6], skew [39.8 vs 53.8]
  Skew group summary after Approximately balancing fragments:
    skew_group clk/functional: insertion delay [min=188.8, max=228.6], skew [39.8 vs 53.8]
  Improving fragments clock skew...
    Clock DAG stats after 'Improving fragments clock skew':
      cell counts      : b=55, i=0, icg=0, dcg=0, l=0, total=55
      sink counts      : regular=4808, enable_latch=0, load_capacitance=0, antenna=0, node_sink=0, total=4808
      misc counts      : r=1, pp=0
      cell areas       : b=70.154um^2, i=0.000um^2, icg=0.000um^2, dcg=0.000um^2, l=0.000um^2, total=70.154um^2
      cell capacitance : b=147.668fF, i=0.000fF, icg=0.000fF, dcg=0.000fF, l=0.000fF, total=147.668fF
      sink capacitance : total=3532.075fF, avg=0.735fF, sd=0.034fF, min=0.679fF, max=0.757fF
      wire capacitance : top=0.000fF, trunk=145.230fF, leaf=1320.709fF, total=1465.940fF
      wire lengths     : top=0.000um, trunk=1104.696um, leaf=9501.494um, total=10606.190um
      hp wire lengths  : top=0.000um, trunk=724.680um, leaf=2613.136um, total=3337.816um
    Clock DAG net violations after 'Improving fragments clock skew': none
    Clock DAG primary half-corner transition distribution after 'Improving fragments clock skew':
      Trunk : target=87.8ps count=7 avg=45.5ps sd=13.0ps min=32.2ps max=71.3ps {6 <= 52.7ps, 0 <= 70.2ps, 1 <= 79.0ps, 0 <= 83.4ps, 0 <= 87.8ps}
      Leaf  : target=87.8ps count=49 avg=80.2ps sd=4.3ps min=70.8ps max=87.4ps {0 <= 52.7ps, 0 <= 70.2ps, 20 <= 79.0ps, 17 <= 83.4ps, 12 <= 87.8ps}
    Clock DAG library cell distribution after 'Improving fragments clock skew' {count}:
       Bufs: SC8T_BUFX20_CSC28L: 2 SC8T_BUFX16_CSC28L: 3 SC8T_BUFX12_CSC28L: 39 SC8T_BUFX10_CSC28L: 11 
    Primary reporting skew groups after 'Improving fragments clock skew':
      skew_group clk/functional: insertion delay [min=188.8, max=228.6], skew [39.8 vs 53.8]
    Skew group summary after 'Improving fragments clock skew':
      skew_group clk/functional: insertion delay [min=188.8, max=228.6], skew [39.8 vs 53.8]
    Legalizer API calls during this step: 0 succeeded with high effort: 0 succeeded with medium effort: 0 succeeded with low effort: 0 succeeded with basic effort: 0 succeeded with basic unbounded effort: 0
  Improving fragments clock skew done. (took cpu=0:00:00.2 real=0:00:00.2)
      flow.cputime  flow.realtime  timing.setup.tns  timing.setup.wns  snapshot
UM:*                                                                   Improving fragments clock skew
  Approximately balancing step...
    Resolve constraints - Approximately balancing...
    Resolving skew group constraints...
      Solving LP: 1 skew groups; 2 fragments, 2 fraglets and 3 vertices; 25 variables and 66 constraints; tolerance 1
    Resolving skew group constraints done.
    Resolve constraints - Approximately balancing done. (took cpu=0:00:00.2 real=0:00:00.2)
      flow.cputime  flow.realtime  timing.setup.tns  timing.setup.wns  snapshot
UM:*                                                                   Resolve constraints - Approximately balancing
    Approximately balancing...
      Approximately balancing, wire and cell delays...
      Approximately balancing, wire and cell delays, iteration 1...
        Clock DAG stats after Approximately balancing, wire and cell delays, iteration 1:
          cell counts      : b=55, i=0, icg=0, dcg=0, l=0, total=55
          sink counts      : regular=4808, enable_latch=0, load_capacitance=0, antenna=0, node_sink=0, total=4808
          misc counts      : r=1, pp=0
          cell areas       : b=70.154um^2, i=0.000um^2, icg=0.000um^2, dcg=0.000um^2, l=0.000um^2, total=70.154um^2
          cell capacitance : b=147.668fF, i=0.000fF, icg=0.000fF, dcg=0.000fF, l=0.000fF, total=147.668fF
          sink capacitance : total=3532.075fF, avg=0.735fF, sd=0.034fF, min=0.679fF, max=0.757fF
          wire capacitance : top=0.000fF, trunk=145.230fF, leaf=1320.709fF, total=1465.940fF
          wire lengths     : top=0.000um, trunk=1104.696um, leaf=9501.494um, total=10606.190um
          hp wire lengths  : top=0.000um, trunk=724.680um, leaf=2613.136um, total=3337.816um
        Clock DAG net violations after Approximately balancing, wire and cell delays, iteration 1: none
        Clock DAG primary half-corner transition distribution after Approximately balancing, wire and cell delays, iteration 1:
          Trunk : target=87.8ps count=7 avg=45.5ps sd=13.0ps min=32.2ps max=71.3ps {6 <= 52.7ps, 0 <= 70.2ps, 1 <= 79.0ps, 0 <= 83.4ps, 0 <= 87.8ps}
          Leaf  : target=87.8ps count=49 avg=80.2ps sd=4.3ps min=70.8ps max=87.4ps {0 <= 52.7ps, 0 <= 70.2ps, 20 <= 79.0ps, 17 <= 83.4ps, 12 <= 87.8ps}
        Clock DAG library cell distribution after Approximately balancing, wire and cell delays, iteration 1 {count}:
           Bufs: SC8T_BUFX20_CSC28L: 2 SC8T_BUFX16_CSC28L: 3 SC8T_BUFX12_CSC28L: 39 SC8T_BUFX10_CSC28L: 11 
      Approximately balancing, wire and cell delays, iteration 1 done.
      Approximately balancing, wire and cell delays done. (took cpu=0:00:00.1 real=0:00:00.1)
      flow.cputime  flow.realtime  timing.setup.tns  timing.setup.wns  snapshot
UM:*                                                                   Approximately balancing, wire and cell delays
    Approximately balancing done.
    Clock DAG stats after 'Approximately balancing step':
      cell counts      : b=55, i=0, icg=0, dcg=0, l=0, total=55
      sink counts      : regular=4808, enable_latch=0, load_capacitance=0, antenna=0, node_sink=0, total=4808
      misc counts      : r=1, pp=0
      cell areas       : b=70.154um^2, i=0.000um^2, icg=0.000um^2, dcg=0.000um^2, l=0.000um^2, total=70.154um^2
      cell capacitance : b=147.668fF, i=0.000fF, icg=0.000fF, dcg=0.000fF, l=0.000fF, total=147.668fF
      sink capacitance : total=3532.075fF, avg=0.735fF, sd=0.034fF, min=0.679fF, max=0.757fF
      wire capacitance : top=0.000fF, trunk=145.230fF, leaf=1320.709fF, total=1465.940fF
      wire lengths     : top=0.000um, trunk=1104.696um, leaf=9501.494um, total=10606.190um
      hp wire lengths  : top=0.000um, trunk=724.680um, leaf=2613.136um, total=3337.816um
    Clock DAG net violations after 'Approximately balancing step': none
    Clock DAG primary half-corner transition distribution after 'Approximately balancing step':
      Trunk : target=87.8ps count=7 avg=45.5ps sd=13.0ps min=32.2ps max=71.3ps {6 <= 52.7ps, 0 <= 70.2ps, 1 <= 79.0ps, 0 <= 83.4ps, 0 <= 87.8ps}
      Leaf  : target=87.8ps count=49 avg=80.2ps sd=4.3ps min=70.8ps max=87.4ps {0 <= 52.7ps, 0 <= 70.2ps, 20 <= 79.0ps, 17 <= 83.4ps, 12 <= 87.8ps}
    Clock DAG library cell distribution after 'Approximately balancing step' {count}:
       Bufs: SC8T_BUFX20_CSC28L: 2 SC8T_BUFX16_CSC28L: 3 SC8T_BUFX12_CSC28L: 39 SC8T_BUFX10_CSC28L: 11 
    Primary reporting skew groups after 'Approximately balancing step':
      skew_group clk/functional: insertion delay [min=188.8, max=228.6], skew [39.8 vs 53.8]
    Skew group summary after 'Approximately balancing step':
      skew_group clk/functional: insertion delay [min=188.8, max=228.6], skew [39.8 vs 53.8]
    Legalizer API calls during this step: 0 succeeded with high effort: 0 succeeded with medium effort: 0 succeeded with low effort: 0 succeeded with basic effort: 0 succeeded with basic unbounded effort: 0
  Approximately balancing step done. (took cpu=0:00:00.9 real=0:00:00.9)
      flow.cputime  flow.realtime  timing.setup.tns  timing.setup.wns  snapshot
UM:*                                                                   Approximately balancing step
  Fixing clock tree overload...
    Fixing clock tree overload: ...20% ...40% ...60% ...80% ...100% 
    Clock DAG stats after 'Fixing clock tree overload':
      cell counts      : b=55, i=0, icg=0, dcg=0, l=0, total=55
      sink counts      : regular=4808, enable_latch=0, load_capacitance=0, antenna=0, node_sink=0, total=4808
      misc counts      : r=1, pp=0
      cell areas       : b=70.154um^2, i=0.000um^2, icg=0.000um^2, dcg=0.000um^2, l=0.000um^2, total=70.154um^2
      cell capacitance : b=147.668fF, i=0.000fF, icg=0.000fF, dcg=0.000fF, l=0.000fF, total=147.668fF
      sink capacitance : total=3532.075fF, avg=0.735fF, sd=0.034fF, min=0.679fF, max=0.757fF
      wire capacitance : top=0.000fF, trunk=145.230fF, leaf=1320.709fF, total=1465.940fF
      wire lengths     : top=0.000um, trunk=1104.696um, leaf=9501.494um, total=10606.190um
      hp wire lengths  : top=0.000um, trunk=724.680um, leaf=2613.136um, total=3337.816um
    Clock DAG net violations after 'Fixing clock tree overload': none
    Clock DAG primary half-corner transition distribution after 'Fixing clock tree overload':
      Trunk : target=87.8ps count=7 avg=45.5ps sd=13.0ps min=32.2ps max=71.3ps {6 <= 52.7ps, 0 <= 70.2ps, 1 <= 79.0ps, 0 <= 83.4ps, 0 <= 87.8ps}
      Leaf  : target=87.8ps count=49 avg=80.2ps sd=4.3ps min=70.8ps max=87.4ps {0 <= 52.7ps, 0 <= 70.2ps, 20 <= 79.0ps, 17 <= 83.4ps, 12 <= 87.8ps}
    Clock DAG library cell distribution after 'Fixing clock tree overload' {count}:
       Bufs: SC8T_BUFX20_CSC28L: 2 SC8T_BUFX16_CSC28L: 3 SC8T_BUFX12_CSC28L: 39 SC8T_BUFX10_CSC28L: 11 
    Primary reporting skew groups after 'Fixing clock tree overload':
      skew_group clk/functional: insertion delay [min=188.8, max=228.6], skew [39.8 vs 53.8]
    Skew group summary after 'Fixing clock tree overload':
      skew_group clk/functional: insertion delay [min=188.8, max=228.6], skew [39.8 vs 53.8]
    Legalizer API calls during this step: 0 succeeded with high effort: 0 succeeded with medium effort: 0 succeeded with low effort: 0 succeeded with basic effort: 0 succeeded with basic unbounded effort: 0
  Fixing clock tree overload done. (took cpu=0:00:00.1 real=0:00:00.1)
      flow.cputime  flow.realtime  timing.setup.tns  timing.setup.wns  snapshot
UM:*                                                                   Fixing clock tree overload
  Approximately balancing paths...
    Added 0 buffers.
    Clock DAG stats after 'Approximately balancing paths':
      cell counts      : b=55, i=0, icg=0, dcg=0, l=0, total=55
      sink counts      : regular=4808, enable_latch=0, load_capacitance=0, antenna=0, node_sink=0, total=4808
      misc counts      : r=1, pp=0
      cell areas       : b=70.154um^2, i=0.000um^2, icg=0.000um^2, dcg=0.000um^2, l=0.000um^2, total=70.154um^2
      cell capacitance : b=147.668fF, i=0.000fF, icg=0.000fF, dcg=0.000fF, l=0.000fF, total=147.668fF
      sink capacitance : total=3532.075fF, avg=0.735fF, sd=0.034fF, min=0.679fF, max=0.757fF
      wire capacitance : top=0.000fF, trunk=145.230fF, leaf=1320.709fF, total=1465.940fF
      wire lengths     : top=0.000um, trunk=1104.696um, leaf=9501.494um, total=10606.190um
      hp wire lengths  : top=0.000um, trunk=724.680um, leaf=2613.136um, total=3337.816um
    Clock DAG net violations after 'Approximately balancing paths': none
    Clock DAG primary half-corner transition distribution after 'Approximately balancing paths':
      Trunk : target=87.8ps count=7 avg=45.5ps sd=13.0ps min=32.2ps max=71.3ps {6 <= 52.7ps, 0 <= 70.2ps, 1 <= 79.0ps, 0 <= 83.4ps, 0 <= 87.8ps}
      Leaf  : target=87.8ps count=49 avg=80.2ps sd=4.3ps min=70.8ps max=87.4ps {0 <= 52.7ps, 0 <= 70.2ps, 20 <= 79.0ps, 17 <= 83.4ps, 12 <= 87.8ps}
    Clock DAG library cell distribution after 'Approximately balancing paths' {count}:
       Bufs: SC8T_BUFX20_CSC28L: 2 SC8T_BUFX16_CSC28L: 3 SC8T_BUFX12_CSC28L: 39 SC8T_BUFX10_CSC28L: 11 
    Primary reporting skew groups after 'Approximately balancing paths':
      skew_group clk/functional: insertion delay [min=188.8, max=228.6, avg=216.9, sd=7.3], skew [39.8 vs 53.8], 100% {188.8, 228.6} (wid=57.6 ws=44.4) (gid=197.8 gs=34.0)
    Skew group summary after 'Approximately balancing paths':
      skew_group clk/functional: insertion delay [min=188.8, max=228.6, avg=216.9, sd=7.3], skew [39.8 vs 53.8], 100% {188.8, 228.6} (wid=57.6 ws=44.4) (gid=197.8 gs=34.0)
    Legalizer API calls during this step: 0 succeeded with high effort: 0 succeeded with medium effort: 0 succeeded with low effort: 0 succeeded with basic effort: 0 succeeded with basic unbounded effort: 0
  Approximately balancing paths done. (took cpu=0:00:00.2 real=0:00:00.1)
      flow.cputime  flow.realtime  timing.setup.tns  timing.setup.wns  snapshot
UM:*                                                                   Approximately balancing paths
  Stage::Balancing done. (took cpu=0:00:06.7 real=0:00:06.7)
      flow.cputime  flow.realtime  timing.setup.tns  timing.setup.wns  snapshot
UM:*                                                                   Stage::Balancing
  Stage::Polishing...
  Clock tree timing engine global stage delay update for WC_dc:setup.late...
  Clock tree timing engine global stage delay update for WC_dc:setup.late done. (took cpu=0:00:00.3 real=0:00:00.1)
  Clock DAG stats before polishing:
    cell counts      : b=55, i=0, icg=0, dcg=0, l=0, total=55
    sink counts      : regular=4808, enable_latch=0, load_capacitance=0, antenna=0, node_sink=0, total=4808
    misc counts      : r=1, pp=0
    cell areas       : b=70.154um^2, i=0.000um^2, icg=0.000um^2, dcg=0.000um^2, l=0.000um^2, total=70.154um^2
    cell capacitance : b=147.668fF, i=0.000fF, icg=0.000fF, dcg=0.000fF, l=0.000fF, total=147.668fF
    sink capacitance : total=3532.075fF, avg=0.735fF, sd=0.034fF, min=0.679fF, max=0.757fF
    wire capacitance : top=0.000fF, trunk=145.230fF, leaf=1320.709fF, total=1465.940fF
    wire lengths     : top=0.000um, trunk=1104.696um, leaf=9501.494um, total=10606.190um
    hp wire lengths  : top=0.000um, trunk=724.680um, leaf=2613.136um, total=3337.816um
  Clock DAG net violations before polishing: none
  Clock DAG primary half-corner transition distribution before polishing:
    Trunk : target=87.8ps count=7 avg=45.5ps sd=13.0ps min=32.1ps max=71.3ps {6 <= 52.7ps, 0 <= 70.2ps, 1 <= 79.0ps, 0 <= 83.4ps, 0 <= 87.8ps}
    Leaf  : target=87.8ps count=49 avg=80.2ps sd=4.3ps min=70.8ps max=87.3ps {0 <= 52.7ps, 0 <= 70.2ps, 19 <= 79.0ps, 18 <= 83.4ps, 12 <= 87.8ps}
  Clock DAG library cell distribution before polishing {count}:
     Bufs: SC8T_BUFX20_CSC28L: 2 SC8T_BUFX16_CSC28L: 3 SC8T_BUFX12_CSC28L: 39 SC8T_BUFX10_CSC28L: 11 
  Primary reporting skew groups before polishing:
    skew_group clk/functional: insertion delay [min=188.6, max=230.2], skew [41.6 vs 53.8]
  Skew group summary before polishing:
    skew_group clk/functional: insertion delay [min=188.6, max=230.2], skew [41.6 vs 53.8]
  Merging balancing drivers for power...
    Tried: 57 Succeeded: 0
    Clock DAG stats after 'Merging balancing drivers for power':
      cell counts      : b=55, i=0, icg=0, dcg=0, l=0, total=55
      sink counts      : regular=4808, enable_latch=0, load_capacitance=0, antenna=0, node_sink=0, total=4808
      misc counts      : r=1, pp=0
      cell areas       : b=70.154um^2, i=0.000um^2, icg=0.000um^2, dcg=0.000um^2, l=0.000um^2, total=70.154um^2
      cell capacitance : b=147.668fF, i=0.000fF, icg=0.000fF, dcg=0.000fF, l=0.000fF, total=147.668fF
      sink capacitance : total=3532.075fF, avg=0.735fF, sd=0.034fF, min=0.679fF, max=0.757fF
      wire capacitance : top=0.000fF, trunk=145.230fF, leaf=1320.709fF, total=1465.940fF
      wire lengths     : top=0.000um, trunk=1104.696um, leaf=9501.494um, total=10606.190um
      hp wire lengths  : top=0.000um, trunk=724.680um, leaf=2613.136um, total=3337.816um
    Clock DAG net violations after 'Merging balancing drivers for power': none
    Clock DAG primary half-corner transition distribution after 'Merging balancing drivers for power':
      Trunk : target=87.8ps count=7 avg=45.5ps sd=13.0ps min=32.1ps max=71.3ps {6 <= 52.7ps, 0 <= 70.2ps, 1 <= 79.0ps, 0 <= 83.4ps, 0 <= 87.8ps}
      Leaf  : target=87.8ps count=49 avg=80.2ps sd=4.3ps min=70.8ps max=87.3ps {0 <= 52.7ps, 0 <= 70.2ps, 19 <= 79.0ps, 18 <= 83.4ps, 12 <= 87.8ps}
    Clock DAG library cell distribution after 'Merging balancing drivers for power' {count}:
       Bufs: SC8T_BUFX20_CSC28L: 2 SC8T_BUFX16_CSC28L: 3 SC8T_BUFX12_CSC28L: 39 SC8T_BUFX10_CSC28L: 11 
    Primary reporting skew groups after 'Merging balancing drivers for power':
      skew_group clk/functional: insertion delay [min=188.6, max=230.2], skew [41.6 vs 53.8]
    Skew group summary after 'Merging balancing drivers for power':
      skew_group clk/functional: insertion delay [min=188.6, max=230.2], skew [41.6 vs 53.8]
    Legalizer API calls during this step: 0 succeeded with high effort: 0 succeeded with medium effort: 0 succeeded with low effort: 0 succeeded with basic effort: 0 succeeded with basic unbounded effort: 0
  Merging balancing drivers for power done. (took cpu=0:00:00.1 real=0:00:00.1)
      flow.cputime  flow.realtime  timing.setup.tns  timing.setup.wns  snapshot
UM:*                                                                   Merging balancing drivers for power
  Improving clock skew...
    Clock DAG stats after 'Improving clock skew':
      cell counts      : b=55, i=0, icg=0, dcg=0, l=0, total=55
      sink counts      : regular=4808, enable_latch=0, load_capacitance=0, antenna=0, node_sink=0, total=4808
      misc counts      : r=1, pp=0
      cell areas       : b=70.154um^2, i=0.000um^2, icg=0.000um^2, dcg=0.000um^2, l=0.000um^2, total=70.154um^2
      cell capacitance : b=147.668fF, i=0.000fF, icg=0.000fF, dcg=0.000fF, l=0.000fF, total=147.668fF
      sink capacitance : total=3532.075fF, avg=0.735fF, sd=0.034fF, min=0.679fF, max=0.757fF
      wire capacitance : top=0.000fF, trunk=145.230fF, leaf=1320.709fF, total=1465.940fF
      wire lengths     : top=0.000um, trunk=1104.696um, leaf=9501.494um, total=10606.190um
      hp wire lengths  : top=0.000um, trunk=724.680um, leaf=2613.136um, total=3337.816um
    Clock DAG net violations after 'Improving clock skew': none
    Clock DAG primary half-corner transition distribution after 'Improving clock skew':
      Trunk : target=87.8ps count=7 avg=45.5ps sd=13.0ps min=32.1ps max=71.3ps {6 <= 52.7ps, 0 <= 70.2ps, 1 <= 79.0ps, 0 <= 83.4ps, 0 <= 87.8ps}
      Leaf  : target=87.8ps count=49 avg=80.2ps sd=4.3ps min=70.8ps max=87.3ps {0 <= 52.7ps, 0 <= 70.2ps, 19 <= 79.0ps, 18 <= 83.4ps, 12 <= 87.8ps}
    Clock DAG library cell distribution after 'Improving clock skew' {count}:
       Bufs: SC8T_BUFX20_CSC28L: 2 SC8T_BUFX16_CSC28L: 3 SC8T_BUFX12_CSC28L: 39 SC8T_BUFX10_CSC28L: 11 
    Primary reporting skew groups after 'Improving clock skew':
      skew_group clk/functional: insertion delay [min=188.6, max=230.2, avg=218.0, sd=7.5], skew [41.6 vs 53.8], 100% {188.6, 230.2} (wid=57.5 ws=44.4) (gid=199.7 gs=34.5)
    Skew group summary after 'Improving clock skew':
      skew_group clk/functional: insertion delay [min=188.6, max=230.2, avg=218.0, sd=7.5], skew [41.6 vs 53.8], 100% {188.6, 230.2} (wid=57.5 ws=44.4) (gid=199.7 gs=34.5)
    Legalizer API calls during this step: 0 succeeded with high effort: 0 succeeded with medium effort: 0 succeeded with low effort: 0 succeeded with basic effort: 0 succeeded with basic unbounded effort: 0
  Improving clock skew done. (took cpu=0:00:00.2 real=0:00:00.2)
      flow.cputime  flow.realtime  timing.setup.tns  timing.setup.wns  snapshot
UM:*                                                                   Improving clock skew
  Moving gates to reduce wire capacitance...
    Modified slew target multipliers. Leaf=(1 to 0.9) Trunk=(1 to 0.95) Top=(1 to 0.95)
    Iteration 1...
      Artificially removing short and long paths...
        Legalizer API calls during this step: 0 succeeded with high effort: 0 succeeded with medium effort: 0 succeeded with low effort: 0 succeeded with basic effort: 0 succeeded with basic unbounded effort: 0
      Artificially removing short and long paths done. (took cpu=0:00:00.1 real=0:00:00.1)
      Moving gates to reduce wire capacitance - iteration 1: WireCapReduction...
        Legalizing clock trees...
        Legalizing clock trees done. (took cpu=0:00:00.0 real=0:00:00.0)
      flow.cputime  flow.realtime  timing.setup.tns  timing.setup.wns  snapshot
UM:*                                                                   Legalizing clock trees
        Legalizer API calls during this step: 387 succeeded with high effort: 387 succeeded with medium effort: 0 succeeded with low effort: 0 succeeded with basic effort: 0 succeeded with basic unbounded effort: 0
      Moving gates to reduce wire capacitance - iteration 1: WireCapReduction done. (took cpu=0:00:01.8 real=0:00:01.6)
      Moving gates to reduce wire capacitance - iteration 1: MoveGates...
        Moving gates:         ...20% ...40% ...60% ..Legalizing clock trees...
        Legalizing clock trees done. (took cpu=0:00:00.0 real=0:00:00.0)
      flow.cputime  flow.realtime  timing.setup.tns  timing.setup.wns  snapshot
UM:*                                                                   Legalizing clock trees
        .80% ...100% 
        Legalizer API calls during this step: 770 succeeded with high effort: 770 succeeded with medium effort: 0 succeeded with low effort: 0 succeeded with basic effort: 0 succeeded with basic unbounded effort: 0
      Moving gates to reduce wire capacitance - iteration 1: MoveGates done. (took cpu=0:00:07.2 real=0:00:02.3)
    Iteration 1 done.
    Iteration 2...
      Artificially removing short and long paths...
        Legalizer API calls during this step: 0 succeeded with high effort: 0 succeeded with medium effort: 0 succeeded with low effort: 0 succeeded with basic effort: 0 succeeded with basic unbounded effort: 0
      Artificially removing short and long paths done. (took cpu=0:00:00.1 real=0:00:00.1)
      Moving gates to reduce wire capacitance - iteration 2: WireCapReduction...
        Legalizing clock trees...
        Legalizing clock trees done. (took cpu=0:00:00.0 real=0:00:00.0)
      flow.cputime  flow.realtime  timing.setup.tns  timing.setup.wns  snapshot
UM:*                                                                   Legalizing clock trees
        Legalizer API calls during this step: 308 succeeded with high effort: 308 succeeded with medium effort: 0 succeeded with low effort: 0 succeeded with basic effort: 0 succeeded with basic unbounded effort: 0
      Moving gates to reduce wire capacitance - iteration 2: WireCapReduction done. (took cpu=0:00:01.3 real=0:00:01.2)
      Moving gates to reduce wire capacitance - iteration 2: MoveGates...
        Moving gates:         ..Legalizing clock trees...
        Legalizing clock trees done. (took cpu=0:00:00.0 real=0:00:00.0)
      flow.cputime  flow.realtime  timing.setup.tns  timing.setup.wns  snapshot
UM:*                                                                   Legalizing clock trees
        .20% ...40% ...60% ...80% ...100% 
        Legalizer API calls during this step: 770 succeeded with high effort: 770 succeeded with medium effort: 0 succeeded with low effort: 0 succeeded with basic effort: 0 succeeded with basic unbounded effort: 0
      Moving gates to reduce wire capacitance - iteration 2: MoveGates done. (took cpu=0:00:05.0 real=0:00:01.5)
    Iteration 2 done.
    Reverted slew target multipliers. Leaf=(0.9 to 1) Trunk=(0.95 to 1) Top=(0.95 to 1)
    Clock DAG stats after 'Moving gates to reduce wire capacitance':
      cell counts      : b=55, i=0, icg=0, dcg=0, l=0, total=55
      sink counts      : regular=4808, enable_latch=0, load_capacitance=0, antenna=0, node_sink=0, total=4808
      misc counts      : r=1, pp=0
      cell areas       : b=70.154um^2, i=0.000um^2, icg=0.000um^2, dcg=0.000um^2, l=0.000um^2, total=70.154um^2
      cell capacitance : b=147.668fF, i=0.000fF, icg=0.000fF, dcg=0.000fF, l=0.000fF, total=147.668fF
      sink capacitance : total=3532.075fF, avg=0.735fF, sd=0.034fF, min=0.679fF, max=0.757fF
      wire capacitance : top=0.000fF, trunk=134.019fF, leaf=1306.654fF, total=1440.673fF
      wire lengths     : top=0.000um, trunk=1027.582um, leaf=9394.073um, total=10421.655um
      hp wire lengths  : top=0.000um, trunk=685.008um, leaf=2611.890um, total=3296.898um
    Clock DAG net violations after 'Moving gates to reduce wire capacitance': none
    Clock DAG primary half-corner transition distribution after 'Moving gates to reduce wire capacitance':
      Trunk : target=87.8ps count=7 avg=43.7ps sd=13.6ps min=30.7ps max=72.7ps {6 <= 52.7ps, 0 <= 70.2ps, 1 <= 79.0ps, 0 <= 83.4ps, 0 <= 87.8ps}
      Leaf  : target=87.8ps count=49 avg=78.8ps sd=4.1ps min=70.6ps max=86.7ps {0 <= 52.7ps, 0 <= 70.2ps, 26 <= 79.0ps, 13 <= 83.4ps, 10 <= 87.8ps}
    Clock DAG library cell distribution after 'Moving gates to reduce wire capacitance' {count}:
       Bufs: SC8T_BUFX20_CSC28L: 2 SC8T_BUFX16_CSC28L: 3 SC8T_BUFX12_CSC28L: 39 SC8T_BUFX10_CSC28L: 11 
    Primary reporting skew groups after 'Moving gates to reduce wire capacitance':
      skew_group clk/functional: insertion delay [min=187.4, max=227.3, avg=214.3, sd=7.1], skew [39.9 vs 53.8], 100% {187.4, 227.3} (wid=54.5 ws=41.5) (gid=197.1 gs=31.2)
    Skew group summary after 'Moving gates to reduce wire capacitance':
      skew_group clk/functional: insertion delay [min=187.4, max=227.3, avg=214.3, sd=7.1], skew [39.9 vs 53.8], 100% {187.4, 227.3} (wid=54.5 ws=41.5) (gid=197.1 gs=31.2)
    Legalizer API calls during this step: 2235 succeeded with high effort: 2235 succeeded with medium effort: 0 succeeded with low effort: 0 succeeded with basic effort: 0 succeeded with basic unbounded effort: 0
  Moving gates to reduce wire capacitance done. (took cpu=0:00:15.7 real=0:00:07.0)
      flow.cputime  flow.realtime  timing.setup.tns  timing.setup.wns  snapshot
UM:*                                                                   Moving gates to reduce wire capacitance
  Reducing clock tree power 3...
    Artificially removing short and long paths...
      Legalizer API calls during this step: 0 succeeded with high effort: 0 succeeded with medium effort: 0 succeeded with low effort: 0 succeeded with basic effort: 0 succeeded with basic unbounded effort: 0
    Artificially removing short and long paths done. (took cpu=0:00:00.1 real=0:00:00.1)
    Initial gate capacitance is (rise=2538.285fF fall=3679.743fF).
    Resizing gates:     ..Legalizing clock trees...
    Legalizing clock trees done. (took cpu=0:00:00.0 real=0:00:00.0)
      flow.cputime  flow.realtime  timing.setup.tns  timing.setup.wns  snapshot
UM:*                                                                   Legalizing clock trees
    .20% ...40% ...60% ...80% ...100% 
    Stopping in iteration 1: unable to make further power recovery in this step.
    Iteration 1: gate capacitance is (rise=2532.518fF fall=3673.903fF).
    Clock DAG stats after 'Reducing clock tree power 3':
      cell counts      : b=55, i=0, icg=0, dcg=0, l=0, total=55
      sink counts      : regular=4808, enable_latch=0, load_capacitance=0, antenna=0, node_sink=0, total=4808
      misc counts      : r=1, pp=0
      cell areas       : b=67.359um^2, i=0.000um^2, icg=0.000um^2, dcg=0.000um^2, l=0.000um^2, total=67.359um^2
      cell capacitance : b=141.827fF, i=0.000fF, icg=0.000fF, dcg=0.000fF, l=0.000fF, total=141.827fF
      sink capacitance : total=3532.075fF, avg=0.735fF, sd=0.034fF, min=0.679fF, max=0.757fF
      wire capacitance : top=0.000fF, trunk=134.298fF, leaf=1306.898fF, total=1441.196fF
      wire lengths     : top=0.000um, trunk=1029.752um, leaf=9396.111um, total=10425.863um
      hp wire lengths  : top=0.000um, trunk=685.008um, leaf=2611.890um, total=3296.898um
    Clock DAG net violations after 'Reducing clock tree power 3': none
    Clock DAG primary half-corner transition distribution after 'Reducing clock tree power 3':
      Trunk : target=87.8ps count=7 avg=45.9ps sd=13.3ps min=34.8ps max=72.7ps {6 <= 52.7ps, 0 <= 70.2ps, 1 <= 79.0ps, 0 <= 83.4ps, 0 <= 87.8ps}
      Leaf  : target=87.8ps count=49 avg=81.0ps sd=4.0ps min=74.9ps max=87.8ps {0 <= 52.7ps, 0 <= 70.2ps, 18 <= 79.0ps, 14 <= 83.4ps, 17 <= 87.8ps}
    Clock DAG library cell distribution after 'Reducing clock tree power 3' {count}:
       Bufs: SC8T_BUFX16_CSC28L: 4 SC8T_BUFX12_CSC28L: 32 SC8T_BUFX10_CSC28L: 19 
    Primary reporting skew groups after 'Reducing clock tree power 3':
      skew_group clk/functional: insertion delay [min=192.9, max=229.5, avg=217.8, sd=6.5], skew [36.6 vs 53.8], 100% {192.9, 229.5} (wid=53.4 ws=40.9) (gid=195.7 gs=26.4)
    Skew group summary after 'Reducing clock tree power 3':
      skew_group clk/functional: insertion delay [min=192.9, max=229.5, avg=217.8, sd=6.5], skew [36.6 vs 53.8], 100% {192.9, 229.5} (wid=53.4 ws=40.9) (gid=195.7 gs=26.4)
    Legalizer API calls during this step: 134 succeeded with high effort: 134 succeeded with medium effort: 0 succeeded with low effort: 0 succeeded with basic effort: 0 succeeded with basic unbounded effort: 0
  Reducing clock tree power 3 done. (took cpu=0:00:02.9 real=0:00:01.5)
      flow.cputime  flow.realtime  timing.setup.tns  timing.setup.wns  snapshot
UM:*                                                                   Reducing clock tree power 3
  Improving insertion delay...
    Clock DAG stats after 'Improving insertion delay':
      cell counts      : b=55, i=0, icg=0, dcg=0, l=0, total=55
      sink counts      : regular=4808, enable_latch=0, load_capacitance=0, antenna=0, node_sink=0, total=4808
      misc counts      : r=1, pp=0
      cell areas       : b=67.359um^2, i=0.000um^2, icg=0.000um^2, dcg=0.000um^2, l=0.000um^2, total=67.359um^2
      cell capacitance : b=141.827fF, i=0.000fF, icg=0.000fF, dcg=0.000fF, l=0.000fF, total=141.827fF
      sink capacitance : total=3532.075fF, avg=0.735fF, sd=0.034fF, min=0.679fF, max=0.757fF
      wire capacitance : top=0.000fF, trunk=134.297fF, leaf=1306.898fF, total=1441.195fF
      wire lengths     : top=0.000um, trunk=1029.912um, leaf=9396.111um, total=10426.023um
      hp wire lengths  : top=0.000um, trunk=706.768um, leaf=2611.890um, total=3318.658um
    Clock DAG net violations after 'Improving insertion delay': none
    Clock DAG primary half-corner transition distribution after 'Improving insertion delay':
      Trunk : target=87.8ps count=7 avg=44.0ps sd=7.1ps min=34.9ps max=52.0ps {7 <= 52.7ps, 0 <= 70.2ps, 0 <= 79.0ps, 0 <= 83.4ps, 0 <= 87.8ps}
      Leaf  : target=87.8ps count=49 avg=81.0ps sd=4.0ps min=74.9ps max=87.8ps {0 <= 52.7ps, 0 <= 70.2ps, 18 <= 79.0ps, 14 <= 83.4ps, 17 <= 87.8ps}
    Clock DAG library cell distribution after 'Improving insertion delay' {count}:
       Bufs: SC8T_BUFX16_CSC28L: 4 SC8T_BUFX12_CSC28L: 32 SC8T_BUFX10_CSC28L: 19 
    Primary reporting skew groups after 'Improving insertion delay':
      skew_group clk/functional: insertion delay [min=189.6, max=227.2, avg=214.8, sd=6.6], skew [37.6 vs 53.8], 100% {189.6, 227.2} (wid=57.4 ws=41.4) (gid=189.1 gs=26.9)
    Skew group summary after 'Improving insertion delay':
      skew_group clk/functional: insertion delay [min=189.6, max=227.2, avg=214.8, sd=6.6], skew [37.6 vs 53.8], 100% {189.6, 227.2} (wid=57.4 ws=41.4) (gid=189.1 gs=26.9)
    Legalizer API calls during this step: 10 succeeded with high effort: 10 succeeded with medium effort: 0 succeeded with low effort: 0 succeeded with basic effort: 0 succeeded with basic unbounded effort: 0
  Improving insertion delay done. (took cpu=0:00:00.4 real=0:00:00.4)
      flow.cputime  flow.realtime  timing.setup.tns  timing.setup.wns  snapshot
UM:*                                                                   Improving insertion delay
  Wire Opt OverFix...
    Wire Reduction extra effort...
      Modified slew target multipliers. Leaf=(1 to 0.95) Trunk=(1 to 1) Top=(1 to 1)
      Artificially removing short and long paths...
        Legalizer API calls during this step: 0 succeeded with high effort: 0 succeeded with medium effort: 0 succeeded with low effort: 0 succeeded with basic effort: 0 succeeded with basic unbounded effort: 0
      Artificially removing short and long paths done. (took cpu=0:00:00.1 real=0:00:00.1)
      Global shorten wires A0...
        Legalizer API calls during this step: 22 succeeded with high effort: 22 succeeded with medium effort: 0 succeeded with low effort: 0 succeeded with basic effort: 0 succeeded with basic unbounded effort: 0
      Global shorten wires A0 done. (took cpu=0:00:00.0 real=0:00:00.0)
      Move For Wirelength - core...
        Move for wirelength. considered=56, filtered=56, permitted=55, cannotCompute=1, computed=54, moveTooSmall=38, resolved=0, predictFail=4, currentlyIllegal=0, legalizationFail=0, legalizedMoveTooSmall=11, ignoredLeafDriver=0, worse=215, accepted=3
        Max accepted move=9.824um, total accepted move=21.816um, average move=7.272um
        Move for wirelength. considered=56, filtered=56, permitted=55, cannotCompute=1, computed=54, moveTooSmall=41, resolved=0, predictFail=5, currentlyIllegal=0, legalizationFail=0, legalizedMoveTooSmall=9, ignoredLeafDriver=0, worse=219, accepted=2
        Max accepted move=5.928um, total accepted move=7.712um, average move=3.856um
        Move for wirelength. considered=56, filtered=56, permitted=55, cannotCompute=1, computed=54, moveTooSmall=39, resolved=0, predictFail=5, currentlyIllegal=0, legalizationFail=0, legalizedMoveTooSmall=10, ignoredLeafDriver=0, worse=218, accepted=2
        Max accepted move=12.080um, total accepted move=18.560um, average move=9.280um
        Legalizer API calls during this step: 703 succeeded with high effort: 703 succeeded with medium effort: 0 succeeded with low effort: 0 succeeded with basic effort: 0 succeeded with basic unbounded effort: 0
      Move For Wirelength - core done. (took cpu=0:00:03.1 real=0:00:03.1)
      Global shorten wires A1...
        Legalizer API calls during this step: 22 succeeded with high effort: 22 succeeded with medium effort: 0 succeeded with low effort: 0 succeeded with basic effort: 0 succeeded with basic unbounded effort: 0
      Global shorten wires A1 done. (took cpu=0:00:00.0 real=0:00:00.0)
      Move For Wirelength - core...
        Move for wirelength. considered=56, filtered=56, permitted=55, cannotCompute=45, computed=10, moveTooSmall=99, resolved=0, predictFail=0, currentlyIllegal=0, legalizationFail=0, legalizedMoveTooSmall=3, ignoredLeafDriver=0, worse=11, accepted=0
        Max accepted move=0.000um, total accepted move=0.000um
        Legalizer API calls during this step: 14 succeeded with high effort: 14 succeeded with medium effort: 0 succeeded with low effort: 0 succeeded with basic effort: 0 succeeded with basic unbounded effort: 0
      Move For Wirelength - core done. (took cpu=0:00:00.1 real=0:00:00.1)
      Global shorten wires B...
        Legalizer API calls during this step: 241 succeeded with high effort: 241 succeeded with medium effort: 0 succeeded with low effort: 0 succeeded with basic effort: 0 succeeded with basic unbounded effort: 0
      Global shorten wires B done. (took cpu=0:00:00.5 real=0:00:00.5)
      Move For Wirelength - branch...
        Move for wirelength. considered=56, filtered=56, permitted=55, cannotCompute=0, computed=55, moveTooSmall=0, resolved=0, predictFail=0, currentlyIllegal=0, legalizationFail=0, legalizedMoveTooSmall=0, ignoredLeafDriver=0, worse=61, accepted=6
        Max accepted move=0.416um, total accepted move=1.456um, average move=0.242um
        Move for wirelength. considered=56, filtered=56, permitted=55, cannotCompute=49, computed=6, moveTooSmall=0, resolved=0, predictFail=101, currentlyIllegal=0, legalizationFail=0, legalizedMoveTooSmall=0, ignoredLeafDriver=0, worse=6, accepted=0
        Max accepted move=0.000um, total accepted move=0.000um
        Legalizer API calls during this step: 73 succeeded with high effort: 73 succeeded with medium effort: 0 succeeded with low effort: 0 succeeded with basic effort: 0 succeeded with basic unbounded effort: 0
      Move For Wirelength - branch done. (took cpu=0:00:00.4 real=0:00:00.4)
      Reverted slew target multipliers. Leaf=(0.95 to 1) Trunk=(1 to 1) Top=(1 to 1)
      Clock DAG stats after 'Wire Reduction extra effort':
        cell counts      : b=55, i=0, icg=0, dcg=0, l=0, total=55
        sink counts      : regular=4808, enable_latch=0, load_capacitance=0, antenna=0, node_sink=0, total=4808
        misc counts      : r=1, pp=0
        cell areas       : b=67.359um^2, i=0.000um^2, icg=0.000um^2, dcg=0.000um^2, l=0.000um^2, total=67.359um^2
        cell capacitance : b=141.827fF, i=0.000fF, icg=0.000fF, dcg=0.000fF, l=0.000fF, total=141.827fF
        sink capacitance : total=3532.075fF, avg=0.735fF, sd=0.034fF, min=0.679fF, max=0.757fF
        wire capacitance : top=0.000fF, trunk=133.006fF, leaf=1307.309fF, total=1440.314fF
        wire lengths     : top=0.000um, trunk=1019.466um, leaf=9399.239um, total=10418.705um
        hp wire lengths  : top=0.000um, trunk=696.504um, leaf=2619.138um, total=3315.642um
      Clock DAG net violations after 'Wire Reduction extra effort': none
      Clock DAG primary half-corner transition distribution after 'Wire Reduction extra effort':
        Trunk : target=87.8ps count=7 avg=43.8ps sd=7.0ps min=34.9ps max=52.0ps {7 <= 52.7ps, 0 <= 70.2ps, 0 <= 79.0ps, 0 <= 83.4ps, 0 <= 87.8ps}
        Leaf  : target=87.8ps count=49 avg=81.0ps sd=3.9ps min=74.9ps max=87.8ps {0 <= 52.7ps, 0 <= 70.2ps, 18 <= 79.0ps, 14 <= 83.4ps, 17 <= 87.8ps}
      Clock DAG library cell distribution after 'Wire Reduction extra effort' {count}:
         Bufs: SC8T_BUFX16_CSC28L: 4 SC8T_BUFX12_CSC28L: 32 SC8T_BUFX10_CSC28L: 19 
      Primary reporting skew groups after 'Wire Reduction extra effort':
        skew_group clk/functional: insertion delay [min=189.5, max=226.2, avg=214.3, sd=6.5], skew [36.7 vs 53.8], 100% {189.5, 226.2} (wid=57.4 ws=41.8) (gid=189.8 gs=27.6)
      Skew group summary after 'Wire Reduction extra effort':
        skew_group clk/functional: insertion delay [min=189.5, max=226.2, avg=214.3, sd=6.5], skew [36.7 vs 53.8], 100% {189.5, 226.2} (wid=57.4 ws=41.8) (gid=189.8 gs=27.6)
      Legalizer API calls during this step: 1075 succeeded with high effort: 1075 succeeded with medium effort: 0 succeeded with low effort: 0 succeeded with basic effort: 0 succeeded with basic unbounded effort: 0
    Wire Reduction extra effort done. (took cpu=0:00:04.4 real=0:00:04.4)
      flow.cputime  flow.realtime  timing.setup.tns  timing.setup.wns  snapshot
UM:*                                                                   Wire Reduction extra effort
    Optimizing orientation...
    FlipOpt...
    Disconnecting clock tree from netlist...
    Disconnecting clock tree from netlist done.
    Performing Single Threaded FlipOpt
    Optimizing orientation on clock cells...
      Orientation Wirelength Optimization: Attempted = 57 , Succeeded = 3 , Constraints Broken = 49 , CannotMove = 2 , Illegal = 3 , Other = 0
    Optimizing orientation on clock cells done.
    Resynthesising clock tree into netlist...
      Reset timing graph...
Ignoring AAE DB Resetting ...
      Reset timing graph done.
    Resynthesising clock tree into netlist done.
    FlipOpt done. (took cpu=0:00:00.3 real=0:00:00.3)
      flow.cputime  flow.realtime  timing.setup.tns  timing.setup.wns  snapshot
UM:*                                                                   FlipOpt
    Optimizing orientation done. (took cpu=0:00:00.6 real=0:00:00.6)
      flow.cputime  flow.realtime  timing.setup.tns  timing.setup.wns  snapshot
UM:*                                                                   Optimizing orientation
    Clock DAG stats after 'Wire Opt OverFix':
      cell counts      : b=55, i=0, icg=0, dcg=0, l=0, total=55
      sink counts      : regular=4808, enable_latch=0, load_capacitance=0, antenna=0, node_sink=0, total=4808
      misc counts      : r=1, pp=0
      cell areas       : b=67.359um^2, i=0.000um^2, icg=0.000um^2, dcg=0.000um^2, l=0.000um^2, total=67.359um^2
      cell capacitance : b=141.827fF, i=0.000fF, icg=0.000fF, dcg=0.000fF, l=0.000fF, total=141.827fF
      sink capacitance : total=3532.075fF, avg=0.735fF, sd=0.034fF, min=0.679fF, max=0.757fF
      wire capacitance : top=0.000fF, trunk=133.045fF, leaf=1307.204fF, total=1440.249fF
      wire lengths     : top=0.000um, trunk=1018.968um, leaf=9398.235um, total=10417.203um
      hp wire lengths  : top=0.000um, trunk=696.504um, leaf=2619.138um, total=3315.642um
    Clock DAG net violations after 'Wire Opt OverFix': none
    Clock DAG primary half-corner transition distribution after 'Wire Opt OverFix':
      Trunk : target=87.8ps count=7 avg=43.9ps sd=7.0ps min=34.9ps max=52.0ps {7 <= 52.7ps, 0 <= 70.2ps, 0 <= 79.0ps, 0 <= 83.4ps, 0 <= 87.8ps}
      Leaf  : target=87.8ps count=49 avg=81.0ps sd=3.9ps min=74.9ps max=87.8ps {0 <= 52.7ps, 0 <= 70.2ps, 19 <= 79.0ps, 13 <= 83.4ps, 17 <= 87.8ps}
    Clock DAG library cell distribution after 'Wire Opt OverFix' {count}:
       Bufs: SC8T_BUFX16_CSC28L: 4 SC8T_BUFX12_CSC28L: 32 SC8T_BUFX10_CSC28L: 19 
    Primary reporting skew groups after 'Wire Opt OverFix':
      skew_group clk/functional: insertion delay [min=189.5, max=226.9, avg=214.3, sd=6.6], skew [37.4 vs 53.8], 100% {189.5, 226.9} (wid=57.3 ws=41.0) (gid=189.4 gs=27.2)
    Skew group summary after 'Wire Opt OverFix':
      skew_group clk/functional: insertion delay [min=189.5, max=226.9, avg=214.3, sd=6.6], skew [37.4 vs 53.8], 100% {189.5, 226.9} (wid=57.3 ws=41.0) (gid=189.4 gs=27.2)
    Legalizer API calls during this step: 1075 succeeded with high effort: 1075 succeeded with medium effort: 0 succeeded with low effort: 0 succeeded with basic effort: 0 succeeded with basic unbounded effort: 0
  Wire Opt OverFix done. (took cpu=0:00:05.9 real=0:00:05.7)
      flow.cputime  flow.realtime  timing.setup.tns  timing.setup.wns  snapshot
UM:*                                                                   Wire Opt OverFix
  Total capacitance is (rise=3972.767fF fall=5114.152fF), of which (rise=1440.249fF fall=1440.249fF) is wire, and (rise=2532.518fF fall=3673.903fF) is gate.
  Stage::Polishing done. (took cpu=0:00:27.1 real=0:00:16.4)
      flow.cputime  flow.realtime  timing.setup.tns  timing.setup.wns  snapshot
UM:*                                                                   Stage::Polishing
  Stage::Updating netlist...
  Reset timing graph...
Ignoring AAE DB Resetting ...
  Reset timing graph done.
  Setting non-default rules before calling refine place.
  Leaving CCOpt scope - Cleaning up placement interface...
  Leaving CCOpt scope - Cleaning up placement interface done. (took cpu=0:00:00.2 real=0:00:00.1)
  Leaving CCOpt scope - ClockRefiner...
  Soft fixed 55 clock instances.
  Performing Clock Only Refine Place.

**Info: (IMPSP-2062): Some of the PG shapes may not be colorized properly in this design, users are required to run command colorizePowerMesh before any placement related commands!
*** Starting place_detail (0:30:06 mem=47518.5M) ***
Total net bbox length = 3.931e+05 (2.048e+05 1.884e+05) (ext = 7.416e+04)

**Info: (IMPSP-2062): Some of the PG shapes may not be colorized properly in this design, users are required to run command colorizePowerMesh before any placement related commands!
**WARN: (IMPSP-2041):	Found 55 fixed insts that could not be colored.
Type 'man IMPSP-2041' for more detail.
Move report: Detail placement moves 0 insts, mean move: 0.00 um, max move: 0.00 um 
	Runtime: CPU: 0:00:00.0 REAL: 0:00:00.0 MEM: 47518.5MB
Summary Report:
Instances move: 0 (out of 35458 movable)
Instances flipped: 0
Mean displacement: 0.00 um
Max displacement: 0.00 um 
Total net bbox length = 3.931e+05 (2.048e+05 1.884e+05) (ext = 7.416e+04)
Runtime: CPU: 0:00:00.1 REAL: 0:00:01.0 MEM: 47518.5MB
*** Finished place_detail (0:30:06 mem=47518.5M) ***
  ClockRefiner summary
  All clock instances: Moved 0, flipped 0 and cell swapped 0 (out of a total of 4863).
  Restoring place_status_cts on 55 clock instances.
  Leaving CCOpt scope - ClockRefiner done. (took cpu=0:00:00.5 real=0:00:00.3)
  Stage::Updating netlist done. (took cpu=0:00:00.7 real=0:00:00.5)
      flow.cputime  flow.realtime  timing.setup.tns  timing.setup.wns  snapshot
UM:*                                                                   Stage::Updating netlist
  CCOpt::Phase::Implementation done. (took cpu=0:00:47.4 real=0:00:29.9)
      flow.cputime  flow.realtime  timing.setup.tns  timing.setup.wns  snapshot
UM:*                                                                   CCOpt::Phase::Implementation
  CCOpt::Phase::eGRPC...
  eGR Post Conditioning loop iteration 0...
    Clock implementation routing...
      Leaving CCOpt scope - Routing Tools...
Net route status summary:
  Clock:        56 (unrouted=56, trialRouted=0, noStatus=0, routed=0, fixed=0, [crossesIlmBoundary=0, tooFewTerms=0, (crossesIlmBoundary AND tooFewTerms=0)])
  Non-clock: 57142 (unrouted=19693, trialRouted=37449, noStatus=0, routed=0, fixed=0, [crossesIlmBoundary=0, tooFewTerms=19693, (crossesIlmBoundary AND tooFewTerms=0)])
      Routing using eGR only...
        Early Global Route - eGR only step...
(ccopt eGR): There are 56 nets to be routed. 0 nets have skip routing designation.
(ccopt eGR): There are 56 nets for routing of which 56 have one or more fixed wires.
(ccopt eGR): Start to route 56 all nets
[NR-eGR] Track table information for default rule: 
[NR-eGR] M1 has single uniform track structure
[NR-eGR] M2 has single uniform track structure
[NR-eGR] C1 has single uniform track structure
[NR-eGR] C2 has single uniform track structure
[NR-eGR] C3 has single uniform track structure
[NR-eGR] C4 has single uniform track structure
[NR-eGR] BA has single uniform track structure
[NR-eGR] BB has single uniform track structure
[NR-eGR] JA has single uniform track structure
[NR-eGR] JB has single uniform track structure
[NR-eGR] LB has single uniform track structure
[NR-eGR] Read 20 PG shapes
[NR-eGR] Read 0 clock shapes
[NR-eGR] Read 0 other shapes
[NR-eGR] #Routing Blockages  : 30
[NR-eGR] #Instance Blockages : 98937
[NR-eGR] #PG Blockages       : 20
[NR-eGR] #Halo Blockages     : 0
[NR-eGR] #Boundary Blockages : 0
[NR-eGR] #Clock Blockages    : 0
[NR-eGR] #Other Blockages    : 0
[NR-eGR] Num Prerouted Nets = 0  Num Prerouted Wires = 0
[NR-eGR] Read 37505 nets ( ignored 37449 )
[NR-eGR] Connected 0 must-join pins/ports
[NR-eGR] There are 56 clock nets ( 56 with NDR ).
[NR-eGR] ============ Routing rule table ============
[NR-eGR] Rule id: 0  Nets: 56
[NR-eGR] ========================================
[NR-eGR] 
[NR-eGR] Layer group 1: route 56 net(s) in layer range [3, 4]
[NR-eGR] Early Global Route overflow of layer group 1: 0.00% H + 0.00% V. EstWL: 1.022464e+04um
[NR-eGR] Create a new net group with 15 nets and layer range [3, 6]
[NR-eGR] Layer group 2: route 15 net(s) in layer range [3, 6]
[NR-eGR] Early Global Route overflow of layer group 2: 0.00% H + 0.00% V. EstWL: 1.300160e+04um
[NR-eGR] Create a new net group with 15 nets and layer range [3, 8]
[NR-eGR] Layer group 3: route 15 net(s) in layer range [3, 8]
[NR-eGR] Early Global Route overflow of layer group 3: 0.00% H + 0.00% V. EstWL: 1.580224e+04um
[NR-eGR] Create a new net group with 14 nets and layer range [3, 10]
[NR-eGR] Layer group 4: route 14 net(s) in layer range [3, 10]
[NR-eGR] Early Global Route overflow of layer group 4: 0.00% H + 0.00% V. EstWL: 1.843136e+04um
[NR-eGR] Create a new net group with 14 nets and layer range [3, 11]
[NR-eGR] Layer group 5: route 14 net(s) in layer range [3, 11]
[NR-eGR] Early Global Route overflow of layer group 5: 0.00% H + 0.00% V. EstWL: 2.106112e+04um
[NR-eGR] Congestion Analysis By layer: (blocked Gcells are excluded) 
[NR-eGR]                        OverCon            
[NR-eGR]                         #Gcell     %Gcell
[NR-eGR]        Layer               (1)    OverCon
[NR-eGR] ----------------------------------------------
[NR-eGR]      M1 ( 1)         0( 0.00%)   ( 0.00%) 
[NR-eGR]      M2 ( 2)        62( 0.06%)   ( 0.06%) 
[NR-eGR]      C1 ( 3)         0( 0.00%)   ( 0.00%) 
[NR-eGR]      C2 ( 4)         0( 0.00%)   ( 0.00%) 
[NR-eGR]      C3 ( 5)         0( 0.00%)   ( 0.00%) 
[NR-eGR]      C4 ( 6)         0( 0.00%)   ( 0.00%) 
[NR-eGR]      BA ( 7)         0( 0.00%)   ( 0.00%) 
[NR-eGR]      BB ( 8)         0( 0.00%)   ( 0.00%) 
[NR-eGR]      JA ( 9)         0( 0.00%)   ( 0.00%) 
[NR-eGR]      JB (10)         0( 0.00%)   ( 0.00%) 
[NR-eGR]      LB (11)         0( 0.00%)   ( 0.00%) 
[NR-eGR] ----------------------------------------------
[NR-eGR]        Total        62( 0.01%)   ( 0.01%) 
[NR-eGR] 
[NR-eGR] Overflow after Early Global Route 0.00% H + 0.00% V
[NR-eGR]             Length (um)    Vias 
[NR-eGR] --------------------------------
[NR-eGR]  M1  (1V)             0  108498 
[NR-eGR]  M2  (2H)         65008  207266 
[NR-eGR]  C1  (3V)        118487   59161 
[NR-eGR]  C2  (4H)         96789   24292 
[NR-eGR]  C3  (5V)         92881   10656 
[NR-eGR]  C4  (6H)         66073    2512 
[NR-eGR]  BA  (7V)         24335    1489 
[NR-eGR]  BB  (8H)         20401      45 
[NR-eGR]  JA  (9V)             9       0 
[NR-eGR]  JB  (10H)            0       0 
[NR-eGR]  LB  (11V)            0       0 
[NR-eGR] --------------------------------
[NR-eGR]      Total       483983  413919 
[NR-eGR] --------------------------------------------------------------------------
[NR-eGR] Total half perimeter of net bounding box: 393138um
[NR-eGR] Total length: 483983um, number of vias: 413919
[NR-eGR] --------------------------------------------------------------------------
[NR-eGR] Total eGR-routed clock nets wire length: 10446um, number of vias: 10197
[NR-eGR] --------------------------------------------------------------------------
[NR-eGR] Report for selected net(s) only.
[NR-eGR]             Length (um)   Vias 
[NR-eGR] -------------------------------
[NR-eGR]  M1  (1V)             0    333 
[NR-eGR]  M2  (2H)           712   5621 
[NR-eGR]  C1  (3V)          5301   4044 
[NR-eGR]  C2  (4H)          4166    199 
[NR-eGR]  C3  (5V)           267      0 
[NR-eGR]  C4  (6H)             0      0 
[NR-eGR]  BA  (7V)             0      0 
[NR-eGR]  BB  (8H)             0      0 
[NR-eGR]  JA  (9V)             0      0 
[NR-eGR]  JB  (10H)            0      0 
[NR-eGR]  LB  (11V)            0      0 
[NR-eGR] -------------------------------
[NR-eGR]      Total        10446  10197 
[NR-eGR] --------------------------------------------------------------------------
[NR-eGR] Total half perimeter of net bounding box: 3338um
[NR-eGR] Total length: 10446um, number of vias: 10197
[NR-eGR] --------------------------------------------------------------------------
[NR-eGR] Total routed clock nets wire length: 10446um, number of vias: 10197
[NR-eGR] --------------------------------------------------------------------------
[NR-eGR] Finished Early Global Route kernel ( CPU: 1.42 sec, Real: 1.04 sec, Curr Mem: 47539.78 MB )
        Early Global Route - eGR only step done. (took cpu=0:00:01.6 real=0:00:01.2)
      flow.cputime  flow.realtime  timing.setup.tns  timing.setup.wns  snapshot
UM:*                                                                   Early Global Route - eGR only step
      Routing using eGR only done.
Net route status summary:
  Clock:        56 (unrouted=0, trialRouted=0, noStatus=0, routed=56, fixed=0, [crossesIlmBoundary=0, tooFewTerms=0, (crossesIlmBoundary AND tooFewTerms=0)])
  Non-clock: 57142 (unrouted=19693, trialRouted=37449, noStatus=0, routed=0, fixed=0, [crossesIlmBoundary=0, tooFewTerms=19693, (crossesIlmBoundary AND tooFewTerms=0)])

CCOPT: Done with clock implementation routing.

      Leaving CCOpt scope - Routing Tools done. (took cpu=0:00:02.0 real=0:00:01.6)
    Clock implementation routing done.
    Leaving CCOpt scope - extractRC...
    Updating RC parasitics by calling: "extract_rc -noRouteCheck"...
Extraction called for design 'Silago_bot' of instances=35458 and nets=57198 using extraction engine 'pre_route' .
**WARN: (IMPEXT-3530):	The process node is not set. Use the command set_design_mode -process <process node> prior to extraction for maximum accuracy and optimal automatic threshold setting.
Type 'man IMPEXT-3530' for more detail.
pre_route RC Extraction called for design Silago_bot.
RC Extraction called in multi-corner(3) mode.
RCMode: PreRoute
      RC Corner Indexes            0       1       2   
Capacitance Scaling Factor   : 1.00000 1.00000 1.00000 
Resistance Scaling Factor    : 1.00000 1.00000 1.00000 
Clock Cap. Scaling Factor    : 1.00000 1.00000 1.00000 
Clock Res. Scaling Factor    : 1.00000 1.00000 1.00000 
Shrink Factor                : 1.00000
PreRoute extraction is honoring NDR/Shielding/ExtraSpace for clock nets.
Using Quantus QRC technology file ...
Updating RC grid for preRoute extraction ...
Initializing multi-corner resistance tables ...
PreRoute RC Extraction DONE (CPU Time: 0:00:01.0  Real Time: 0:00:01.0  MEM: 47539.777M)
    Updating RC parasitics by calling: "extract_rc -noRouteCheck" done.
    Leaving CCOpt scope - extractRC done. (took cpu=0:00:01.0 real=0:00:00.9)
    Leaving CCOpt scope - Initializing placement interface...

**Info: (IMPSP-2062): Some of the PG shapes may not be colorized properly in this design, users are required to run command colorizePowerMesh before any placement related commands!
    Leaving CCOpt scope - Initializing placement interface done. (took cpu=0:00:00.2 real=0:00:00.2)
    Calling post conditioning for eGRPC...
      eGRPC...
        eGRPC active optimizations:
         - Move Down
         - Downsizing before DRV sizing
         - DRV fixing with sizing
         - Move to fanout
         - Cloning
        
        Currently running CTS, using active skew data
        Reset bufferability constraints...
        Resetting previous bufferability status on all nets so that eGRPC will attempt to fix all clock tree violations.
        Clock tree timing engine global stage delay update for WC_dc:setup.late...
        Clock tree timing engine global stage delay update for WC_dc:setup.late done. (took cpu=0:00:00.3 real=0:00:00.0)
        Reset bufferability constraints done. (took cpu=0:00:00.3 real=0:00:00.0)
        Clock DAG stats eGRPC initial state:
          cell counts      : b=55, i=0, icg=0, dcg=0, l=0, total=55
          sink counts      : regular=4808, enable_latch=0, load_capacitance=0, antenna=0, node_sink=0, total=4808
          misc counts      : r=1, pp=0
          cell areas       : b=67.359um^2, i=0.000um^2, icg=0.000um^2, dcg=0.000um^2, l=0.000um^2, total=67.359um^2
          cell capacitance : b=141.827fF, i=0.000fF, icg=0.000fF, dcg=0.000fF, l=0.000fF, total=141.827fF
          sink capacitance : total=3532.075fF, avg=0.735fF, sd=0.034fF, min=0.679fF, max=0.757fF
          wire capacitance : top=0.000fF, trunk=134.543fF, leaf=1304.496fF, total=1439.039fF
          wire lengths     : top=0.000um, trunk=1027.204um, leaf=9418.516um, total=10445.720um
          hp wire lengths  : top=0.000um, trunk=696.504um, leaf=2619.138um, total=3315.642um
        Clock DAG net violations eGRPC initial state:
          Remaining Transition : {count=2, worst=[1.5ps, 0.7ps]} avg=1.1ps sd=0.6ps sum=2.2ps
        Clock DAG primary half-corner transition distribution eGRPC initial state:
          Trunk : target=87.8ps count=7 avg=44.2ps sd=7.3ps min=35.0ps max=51.8ps {7 <= 52.7ps, 0 <= 70.2ps, 0 <= 79.0ps, 0 <= 83.4ps, 0 <= 87.8ps}
          Leaf  : target=87.8ps count=49 avg=79.1ps sd=4.4ps min=72.8ps max=89.3ps {0 <= 52.7ps, 0 <= 70.2ps, 27 <= 79.0ps, 10 <= 83.4ps, 10 <= 87.8ps} {2 <= 92.2ps, 0 <= 96.6ps, 0 <= 105.4ps, 0 <= 131.7ps, 0 > 131.7ps}
        Clock DAG library cell distribution eGRPC initial state {count}:
           Bufs: SC8T_BUFX16_CSC28L: 4 SC8T_BUFX12_CSC28L: 32 SC8T_BUFX10_CSC28L: 19 
        Primary reporting skew groups eGRPC initial state:
          skew_group clk/functional: insertion delay [min=191.3, max=226.9, avg=215.2, sd=6.3], skew [35.6 vs 53.8], 100% {191.3, 226.9} (wid=50.2 ws=32.6) (gid=190.7 gs=23.7)
        Skew group summary eGRPC initial state:
          skew_group clk/functional: insertion delay [min=191.3, max=226.9, avg=215.2, sd=6.3], skew [35.6 vs 53.8], 100% {191.3, 226.9} (wid=50.2 ws=32.6) (gid=190.7 gs=23.7)
        eGRPC Moving buffers...
          Violation analysis...
          Violation analysis done. (took cpu=0:00:00.0 real=0:00:00.0)
      flow.cputime  flow.realtime  timing.setup.tns  timing.setup.wns  snapshot
UM:*                                                                   Violation analysis
          Clock DAG stats after 'eGRPC Moving buffers':
            cell counts      : b=55, i=0, icg=0, dcg=0, l=0, total=55
            sink counts      : regular=4808, enable_latch=0, load_capacitance=0, antenna=0, node_sink=0, total=4808
            misc counts      : r=1, pp=0
            cell areas       : b=67.359um^2, i=0.000um^2, icg=0.000um^2, dcg=0.000um^2, l=0.000um^2, total=67.359um^2
            cell capacitance : b=141.827fF, i=0.000fF, icg=0.000fF, dcg=0.000fF, l=0.000fF, total=141.827fF
            sink capacitance : total=3532.075fF, avg=0.735fF, sd=0.034fF, min=0.679fF, max=0.757fF
            wire capacitance : top=0.000fF, trunk=134.543fF, leaf=1304.496fF, total=1439.039fF
            wire lengths     : top=0.000um, trunk=1027.204um, leaf=9418.516um, total=10445.720um
            hp wire lengths  : top=0.000um, trunk=696.504um, leaf=2619.138um, total=3315.642um
          Clock DAG net violations after 'eGRPC Moving buffers':
            Remaining Transition : {count=2, worst=[1.5ps, 0.7ps]} avg=1.1ps sd=0.6ps sum=2.2ps
          Clock DAG primary half-corner transition distribution after 'eGRPC Moving buffers':
            Trunk : target=87.8ps count=7 avg=44.2ps sd=7.3ps min=35.0ps max=51.8ps {7 <= 52.7ps, 0 <= 70.2ps, 0 <= 79.0ps, 0 <= 83.4ps, 0 <= 87.8ps}
            Leaf  : target=87.8ps count=49 avg=79.1ps sd=4.4ps min=72.8ps max=89.3ps {0 <= 52.7ps, 0 <= 70.2ps, 27 <= 79.0ps, 10 <= 83.4ps, 10 <= 87.8ps} {2 <= 92.2ps, 0 <= 96.6ps, 0 <= 105.4ps, 0 <= 131.7ps, 0 > 131.7ps}
          Clock DAG library cell distribution after 'eGRPC Moving buffers' {count}:
             Bufs: SC8T_BUFX16_CSC28L: 4 SC8T_BUFX12_CSC28L: 32 SC8T_BUFX10_CSC28L: 19 
          Primary reporting skew groups after 'eGRPC Moving buffers':
            skew_group clk/functional: insertion delay [min=191.3, max=226.9], skew [35.6 vs 53.8]
          Skew group summary after 'eGRPC Moving buffers':
            skew_group clk/functional: insertion delay [min=191.3, max=226.9], skew [35.6 vs 53.8]
          Legalizer API calls during this step: 0 succeeded with high effort: 0 succeeded with medium effort: 0 succeeded with low effort: 0 succeeded with basic effort: 0 succeeded with basic unbounded effort: 0
        eGRPC Moving buffers done. (took cpu=0:00:00.4 real=0:00:00.3)
      flow.cputime  flow.realtime  timing.setup.tns  timing.setup.wns  snapshot
UM:*                                                                   eGRPC Moving buffers
        eGRPC Initial Pass of Downsizing Clock Tree cells...
          Artificially removing long paths...
            Legalizer API calls during this step: 0 succeeded with high effort: 0 succeeded with medium effort: 0 succeeded with low effort: 0 succeeded with basic effort: 0 succeeded with basic unbounded effort: 0
          Artificially removing long paths done. (took cpu=0:00:00.0 real=0:00:00.0)
          Modifying slew-target multiplier from 1 to 0.9
          Downsizing prefiltering...
          Downsizing prefiltering done.
          Downsizing: ...20% ...40% ..Library trimming buffers in power domain auto-default and half-corner WC_dc:setup.late removed 0 of 11 cells
          Original list had 11 cells:
          SC8T_BUFX24_CSC28L SC8T_BUFX20_CSC28L SC8T_BUFX16_CSC28L SC8T_BUFX12_CSC28L SC8T_BUFX10_CSC28L SC8T_BUFX8_CSC28L SC8T_BUFX6_CSC28L SC8T_BUFX4_CSC28L SC8T_BUFX3_CSC28L SC8T_BUFX1P5_CSC28L SC8T_BUFX0P5_A_CSC28L 
          Library trimming was not able to trim any cells:
          SC8T_BUFX24_CSC28L SC8T_BUFX20_CSC28L SC8T_BUFX16_CSC28L SC8T_BUFX12_CSC28L SC8T_BUFX10_CSC28L SC8T_BUFX8_CSC28L SC8T_BUFX6_CSC28L SC8T_BUFX4_CSC28L SC8T_BUFX3_CSC28L SC8T_BUFX1P5_CSC28L SC8T_BUFX0P5_A_CSC28L 
          .60% ...80% ...100% 
          DoDownSizing Summary : numSized = 0, numUnchanged = 2, numSkippedDueToOther = 0, numSkippedDueToCloseToSlewTarget = 49, numSkippedDueToCloseToSkewTarget = 5
          CCOpt-eGRPC Downsizing: considered: 2, tested: 0, violation detected: 0, violation ignored (due to small violation): 0, cannot run: 0, attempted: 2, unsuccessful: 0, sized: 0
          Reverting slew-target multiplier from 0.9 to 1
          Clock DAG stats after 'eGRPC Initial Pass of Downsizing Clock Tree cells':
            cell counts      : b=55, i=0, icg=0, dcg=0, l=0, total=55
            sink counts      : regular=4808, enable_latch=0, load_capacitance=0, antenna=0, node_sink=0, total=4808
            misc counts      : r=1, pp=0
            cell areas       : b=67.359um^2, i=0.000um^2, icg=0.000um^2, dcg=0.000um^2, l=0.000um^2, total=67.359um^2
            cell capacitance : b=141.827fF, i=0.000fF, icg=0.000fF, dcg=0.000fF, l=0.000fF, total=141.827fF
            sink capacitance : total=3532.075fF, avg=0.735fF, sd=0.034fF, min=0.679fF, max=0.757fF
            wire capacitance : top=0.000fF, trunk=134.543fF, leaf=1304.496fF, total=1439.039fF
            wire lengths     : top=0.000um, trunk=1027.204um, leaf=9418.516um, total=10445.720um
            hp wire lengths  : top=0.000um, trunk=696.504um, leaf=2619.138um, total=3315.642um
          Clock DAG net violations after 'eGRPC Initial Pass of Downsizing Clock Tree cells':
            Remaining Transition : {count=2, worst=[1.5ps, 0.7ps]} avg=1.1ps sd=0.6ps sum=2.2ps
          Clock DAG primary half-corner transition distribution after 'eGRPC Initial Pass of Downsizing Clock Tree cells':
            Trunk : target=87.8ps count=7 avg=44.2ps sd=7.3ps min=35.0ps max=51.8ps {7 <= 52.7ps, 0 <= 70.2ps, 0 <= 79.0ps, 0 <= 83.4ps, 0 <= 87.8ps}
            Leaf  : target=87.8ps count=49 avg=79.1ps sd=4.4ps min=72.8ps max=89.3ps {0 <= 52.7ps, 0 <= 70.2ps, 27 <= 79.0ps, 10 <= 83.4ps, 10 <= 87.8ps} {2 <= 92.2ps, 0 <= 96.6ps, 0 <= 105.4ps, 0 <= 131.7ps, 0 > 131.7ps}
          Clock DAG library cell distribution after 'eGRPC Initial Pass of Downsizing Clock Tree cells' {count}:
             Bufs: SC8T_BUFX16_CSC28L: 4 SC8T_BUFX12_CSC28L: 32 SC8T_BUFX10_CSC28L: 19 
          Primary reporting skew groups after 'eGRPC Initial Pass of Downsizing Clock Tree cells':
            skew_group clk/functional: insertion delay [min=191.3, max=226.9], skew [35.6 vs 53.8]
          Skew group summary after 'eGRPC Initial Pass of Downsizing Clock Tree cells':
            skew_group clk/functional: insertion delay [min=191.3, max=226.9], skew [35.6 vs 53.8]
          Legalizer API calls during this step: 4 succeeded with high effort: 4 succeeded with medium effort: 0 succeeded with low effort: 0 succeeded with basic effort: 0 succeeded with basic unbounded effort: 0
        eGRPC Initial Pass of Downsizing Clock Tree cells done. (took cpu=0:00:00.5 real=0:00:00.5)
      flow.cputime  flow.realtime  timing.setup.tns  timing.setup.wns  snapshot
UM:*                                                                   eGRPC Initial Pass of Downsizing Clock Tree cells
        eGRPC Fixing DRVs...
          Fixing clock tree DRVs: ...20% ...40% ...60% ...80% ...100% 
          CCOpt-eGRPC: considered: 56, tested: 56, violation detected: 2, violation ignored (due to small violation): 2, cannot run: 0, attempted: 0, unsuccessful: 0, sized: 0
          
          Statistics: Fix DRVs (cell sizing):
          ===================================
          
          Cell changes by Net Type:
          
          -------------------------------------------------------------------------------------------------
          Net Type    Attempted    Upsized     Downsized    Swapped Same Size    Total Changed    Not Sized
          -------------------------------------------------------------------------------------------------
          top                0            0           0            0                    0                0
          trunk              0            0           0            0                    0                0
          leaf               0            0           0            0                    0                0
          -------------------------------------------------------------------------------------------------
          Total              0            0           0            0                    0                0
          -------------------------------------------------------------------------------------------------
          
          Upsized: 0, Downsized: 0, Sized but same area: 0, Unchanged: 0, Area change: 0.000um^2 (0.000%)
          Max. move: 0.000um, Min. move: 0.000um, Avg. move: N/A
          
          Clock DAG stats after 'eGRPC Fixing DRVs':
            cell counts      : b=55, i=0, icg=0, dcg=0, l=0, total=55
            sink counts      : regular=4808, enable_latch=0, load_capacitance=0, antenna=0, node_sink=0, total=4808
            misc counts      : r=1, pp=0
            cell areas       : b=67.359um^2, i=0.000um^2, icg=0.000um^2, dcg=0.000um^2, l=0.000um^2, total=67.359um^2
            cell capacitance : b=141.827fF, i=0.000fF, icg=0.000fF, dcg=0.000fF, l=0.000fF, total=141.827fF
            sink capacitance : total=3532.075fF, avg=0.735fF, sd=0.034fF, min=0.679fF, max=0.757fF
            wire capacitance : top=0.000fF, trunk=134.543fF, leaf=1304.496fF, total=1439.039fF
            wire lengths     : top=0.000um, trunk=1027.204um, leaf=9418.516um, total=10445.720um
            hp wire lengths  : top=0.000um, trunk=696.504um, leaf=2619.138um, total=3315.642um
          Clock DAG net violations after 'eGRPC Fixing DRVs':
            Remaining Transition : {count=2, worst=[1.5ps, 0.7ps]} avg=1.1ps sd=0.6ps sum=2.2ps
          Clock DAG primary half-corner transition distribution after 'eGRPC Fixing DRVs':
            Trunk : target=87.8ps count=7 avg=44.2ps sd=7.3ps min=35.0ps max=51.8ps {7 <= 52.7ps, 0 <= 70.2ps, 0 <= 79.0ps, 0 <= 83.4ps, 0 <= 87.8ps}
            Leaf  : target=87.8ps count=49 avg=79.1ps sd=4.4ps min=72.8ps max=89.3ps {0 <= 52.7ps, 0 <= 70.2ps, 27 <= 79.0ps, 10 <= 83.4ps, 10 <= 87.8ps} {2 <= 92.2ps, 0 <= 96.6ps, 0 <= 105.4ps, 0 <= 131.7ps, 0 > 131.7ps}
          Clock DAG library cell distribution after 'eGRPC Fixing DRVs' {count}:
             Bufs: SC8T_BUFX16_CSC28L: 4 SC8T_BUFX12_CSC28L: 32 SC8T_BUFX10_CSC28L: 19 
          Primary reporting skew groups after 'eGRPC Fixing DRVs':
            skew_group clk/functional: insertion delay [min=191.3, max=226.9], skew [35.6 vs 53.8]
          Skew group summary after 'eGRPC Fixing DRVs':
            skew_group clk/functional: insertion delay [min=191.3, max=226.9], skew [35.6 vs 53.8]
          Legalizer API calls during this step: 0 succeeded with high effort: 0 succeeded with medium effort: 0 succeeded with low effort: 0 succeeded with basic effort: 0 succeeded with basic unbounded effort: 0
        eGRPC Fixing DRVs done. (took cpu=0:00:00.1 real=0:00:00.1)
      flow.cputime  flow.realtime  timing.setup.tns  timing.setup.wns  snapshot
UM:*                                                                   eGRPC Fixing DRVs
        Reconnecting optimized routes...
        Reset timing graph...
Ignoring AAE DB Resetting ...
        Reset timing graph done.
        Reconnecting optimized routes done. (took cpu=0:00:00.1 real=0:00:00.1)
        Violation analysis...
        Violation analysis done. (took cpu=0:00:00.0 real=0:00:00.0)
      flow.cputime  flow.realtime  timing.setup.tns  timing.setup.wns  snapshot
UM:*                                                                   Violation analysis
        Moving clock insts towards fanout...
        Move to sink centre: considered=2, unsuccessful=0, alreadyClose=0, noImprovementFound=1, degradedSlew=0, degradedSkew=0, insufficientImprovement=0, accepted=1
        Moving clock insts towards fanout done. (took cpu=0:00:00.4 real=0:00:00.4)
      flow.cputime  flow.realtime  timing.setup.tns  timing.setup.wns  snapshot
UM:*                                                                   Moving clock insts towards fanout
        Reset timing graph...
Ignoring AAE DB Resetting ...
        Reset timing graph done.
        Clock DAG stats before routing clock trees:
          cell counts      : b=55, i=0, icg=0, dcg=0, l=0, total=55
          sink counts      : regular=4808, enable_latch=0, load_capacitance=0, antenna=0, node_sink=0, total=4808
          misc counts      : r=1, pp=0
          cell areas       : b=67.359um^2, i=0.000um^2, icg=0.000um^2, dcg=0.000um^2, l=0.000um^2, total=67.359um^2
          cell capacitance : b=141.827fF, i=0.000fF, icg=0.000fF, dcg=0.000fF, l=0.000fF, total=141.827fF
          sink capacitance : total=3532.075fF, avg=0.735fF, sd=0.034fF, min=0.679fF, max=0.757fF
          wire capacitance : top=0.000fF, trunk=134.543fF, leaf=1304.496fF, total=1439.039fF
          wire lengths     : top=0.000um, trunk=1027.204um, leaf=9418.516um, total=10445.720um
          hp wire lengths  : top=0.000um, trunk=697.784um, leaf=2619.138um, total=3316.922um
        Clock DAG net violations before routing clock trees:
          Remaining Transition : {count=2, worst=[1.5ps, 0.7ps]} avg=1.1ps sd=0.6ps sum=2.2ps
        Clock DAG primary half-corner transition distribution before routing clock trees:
          Trunk : target=87.8ps count=7 avg=44.2ps sd=7.3ps min=35.0ps max=51.8ps {7 <= 52.7ps, 0 <= 70.2ps, 0 <= 79.0ps, 0 <= 83.4ps, 0 <= 87.8ps}
          Leaf  : target=87.8ps count=49 avg=79.1ps sd=4.4ps min=72.8ps max=89.3ps {0 <= 52.7ps, 0 <= 70.2ps, 27 <= 79.0ps, 10 <= 83.4ps, 10 <= 87.8ps} {2 <= 92.2ps, 0 <= 96.6ps, 0 <= 105.4ps, 0 <= 131.7ps, 0 > 131.7ps}
        Clock DAG library cell distribution before routing clock trees {count}:
           Bufs: SC8T_BUFX16_CSC28L: 4 SC8T_BUFX12_CSC28L: 32 SC8T_BUFX10_CSC28L: 19 
        Primary reporting skew groups before routing clock trees:
          skew_group clk/functional: insertion delay [min=191.3, max=226.9, avg=215.2, sd=6.3], skew [35.6 vs 53.8], 100% {191.3, 226.9} (wid=50.2 ws=32.6) (gid=190.7 gs=23.7)
        Skew group summary before routing clock trees:
          skew_group clk/functional: insertion delay [min=191.3, max=226.9, avg=215.2, sd=6.3], skew [35.6 vs 53.8], 100% {191.3, 226.9} (wid=50.2 ws=32.6) (gid=190.7 gs=23.7)
      eGRPC done.
    Calling post conditioning for eGRPC done.
  eGR Post Conditioning loop iteration 0 done.
  Refine place not called during Post Conditioning. Calling it now the eGR->PC Loop is complete.
  Leaving CCOpt scope - Cleaning up placement interface...
  Leaving CCOpt scope - Cleaning up placement interface done. (took cpu=0:00:00.2 real=0:00:00.1)
  Leaving CCOpt scope - ClockRefiner...
  Soft fixed 55 clock instances.
  Performing Single Pass Refine Place.

**Info: (IMPSP-2062): Some of the PG shapes may not be colorized properly in this design, users are required to run command colorizePowerMesh before any placement related commands!
*** Starting place_detail (0:30:13 mem=4191.0M) ***
Total net bbox length = 3.931e+05 (2.048e+05 1.884e+05) (ext = 7.416e+04)

**Info: (IMPSP-2062): Some of the PG shapes may not be colorized properly in this design, users are required to run command colorizePowerMesh before any placement related commands!
Move report: Detail placement moves 170 insts, mean move: 0.48 um, max move: 1.92 um 
	Max move on inst (SILEGO_cell/config_swb/U36): (117.42, 130.56) --> (117.42, 132.48)
	Runtime: CPU: 0:00:05.3 REAL: 0:00:02.0 MEM: 4159.0MB
Summary Report:
Instances move: 170 (out of 35458 movable)
Instances flipped: 0
Mean displacement: 0.48 um
Max displacement: 1.92 um (Instance: SILEGO_cell/config_swb/U36) (117.416, 130.56) -> (117.416, 132.48)
	Length: 8 sites, height: 1 rows, site name: SC8T_104CPP_CMOS22FDX, cell type: SC8T_MUX2X1_A_CSC28L
Total net bbox length = 3.932e+05 (2.048e+05 1.884e+05) (ext = 7.416e+04)
Runtime: CPU: 0:00:05.3 REAL: 0:00:02.0 MEM: 4159.0MB
*** Finished place_detail (0:30:18 mem=4159.0M) ***
  ClockRefiner summary
  All clock instances: Moved 19, flipped 1 and cell swapped 0 (out of a total of 4863).
  The largest move was 0.744 um for SILEGO_cell/MTRF_cell/seq_gen/instr_reg_reg[33][6].
  Restoring place_status_cts on 55 clock instances.
  Leaving CCOpt scope - ClockRefiner done. (took cpu=0:00:05.8 real=0:00:02.0)
  CCOpt::Phase::eGRPC done. (took cpu=0:00:12.4 real=0:00:07.8)
      flow.cputime  flow.realtime  timing.setup.tns  timing.setup.wns  snapshot
UM:*                                                                   CCOpt::Phase::eGRPC
  CCOpt::Phase::Routing...
  Clock implementation routing...
    Leaving CCOpt scope - Routing Tools...
Net route status summary:
  Clock:        56 (unrouted=0, trialRouted=0, noStatus=0, routed=56, fixed=0, [crossesIlmBoundary=0, tooFewTerms=0, (crossesIlmBoundary AND tooFewTerms=0)])
  Non-clock: 57142 (unrouted=19693, trialRouted=37449, noStatus=0, routed=0, fixed=0, [crossesIlmBoundary=0, tooFewTerms=19693, (crossesIlmBoundary AND tooFewTerms=0)])
    Routing using eGR in eGR->NR Step...
      Early Global Route - eGR->Nr High Frequency step...
(ccopt eGR): There are 56 nets to be routed. 0 nets have skip routing designation.
(ccopt eGR): There are 56 nets for routing of which 56 have one or more fixed wires.
(ccopt eGR): Start to route 56 all nets
[NR-eGR] Track table information for default rule: 
[NR-eGR] M1 has single uniform track structure
[NR-eGR] M2 has single uniform track structure
[NR-eGR] C1 has single uniform track structure
[NR-eGR] C2 has single uniform track structure
[NR-eGR] C3 has single uniform track structure
[NR-eGR] C4 has single uniform track structure
[NR-eGR] BA has single uniform track structure
[NR-eGR] BB has single uniform track structure
[NR-eGR] JA has single uniform track structure
[NR-eGR] JB has single uniform track structure
[NR-eGR] LB has single uniform track structure
[NR-eGR] Read 20 PG shapes
[NR-eGR] Read 0 clock shapes
[NR-eGR] Read 0 other shapes
[NR-eGR] #Routing Blockages  : 30
[NR-eGR] #Instance Blockages : 98937
[NR-eGR] #PG Blockages       : 20
[NR-eGR] #Halo Blockages     : 0
[NR-eGR] #Boundary Blockages : 0
[NR-eGR] #Clock Blockages    : 0
[NR-eGR] #Other Blockages    : 0
[NR-eGR] Num Prerouted Nets = 0  Num Prerouted Wires = 0
[NR-eGR] Read 37505 nets ( ignored 37449 )
[NR-eGR] Connected 0 must-join pins/ports
[NR-eGR] There are 56 clock nets ( 56 with NDR ).
[NR-eGR] ============ Routing rule table ============
[NR-eGR] Rule id: 0  Nets: 56
[NR-eGR] ========================================
[NR-eGR] 
[NR-eGR] Layer group 1: route 56 net(s) in layer range [3, 4]
[NR-eGR] Early Global Route overflow of layer group 1: 0.00% H + 0.00% V. EstWL: 1.022912e+04um
[NR-eGR] Create a new net group with 15 nets and layer range [3, 6]
[NR-eGR] Layer group 2: route 15 net(s) in layer range [3, 6]
[NR-eGR] Early Global Route overflow of layer group 2: 0.00% H + 0.00% V. EstWL: 1.300096e+04um
[NR-eGR] Create a new net group with 15 nets and layer range [3, 8]
[NR-eGR] Layer group 3: route 15 net(s) in layer range [3, 8]
[NR-eGR] Early Global Route overflow of layer group 3: 0.00% H + 0.00% V. EstWL: 1.579712e+04um
[NR-eGR] Create a new net group with 14 nets and layer range [3, 10]
[NR-eGR] Layer group 4: route 14 net(s) in layer range [3, 10]
[NR-eGR] Early Global Route overflow of layer group 4: 0.00% H + 0.00% V. EstWL: 1.842176e+04um
[NR-eGR] Create a new net group with 14 nets and layer range [3, 11]
[NR-eGR] Layer group 5: route 14 net(s) in layer range [3, 11]
[NR-eGR] Early Global Route overflow of layer group 5: 0.00% H + 0.00% V. EstWL: 2.104768e+04um
[NR-eGR] Congestion Analysis By layer: (blocked Gcells are excluded) 
[NR-eGR]                        OverCon            
[NR-eGR]                         #Gcell     %Gcell
[NR-eGR]        Layer               (1)    OverCon
[NR-eGR] ----------------------------------------------
[NR-eGR]      M1 ( 1)         0( 0.00%)   ( 0.00%) 
[NR-eGR]      M2 ( 2)        58( 0.06%)   ( 0.06%) 
[NR-eGR]      C1 ( 3)         0( 0.00%)   ( 0.00%) 
[NR-eGR]      C2 ( 4)         0( 0.00%)   ( 0.00%) 
[NR-eGR]      C3 ( 5)         0( 0.00%)   ( 0.00%) 
[NR-eGR]      C4 ( 6)         0( 0.00%)   ( 0.00%) 
[NR-eGR]      BA ( 7)         0( 0.00%)   ( 0.00%) 
[NR-eGR]      BB ( 8)         0( 0.00%)   ( 0.00%) 
[NR-eGR]      JA ( 9)         0( 0.00%)   ( 0.00%) 
[NR-eGR]      JB (10)         0( 0.00%)   ( 0.00%) 
[NR-eGR]      LB (11)         0( 0.00%)   ( 0.00%) 
[NR-eGR] ----------------------------------------------
[NR-eGR]        Total        58( 0.01%)   ( 0.01%) 
[NR-eGR] 
[NR-eGR] Overflow after Early Global Route 0.00% H + 0.00% V
[NR-eGR]             Length (um)    Vias 
[NR-eGR] --------------------------------
[NR-eGR]  M1  (1V)             0  108498 
[NR-eGR]  M2  (2H)         65009  207260 
[NR-eGR]  C1  (3V)        118481   59167 
[NR-eGR]  C2  (4H)         96802   24294 
[NR-eGR]  C3  (5V)         92878   10656 
[NR-eGR]  C4  (6H)         66073    2512 
[NR-eGR]  BA  (7V)         24335    1489 
[NR-eGR]  BB  (8H)         20401      45 
[NR-eGR]  JA  (9V)             9       0 
[NR-eGR]  JB  (10H)            0       0 
[NR-eGR]  LB  (11V)            0       0 
[NR-eGR] --------------------------------
[NR-eGR]      Total       483989  413921 
[NR-eGR] --------------------------------------------------------------------------
[NR-eGR] Total half perimeter of net bounding box: 393185um
[NR-eGR] Total length: 483989um, number of vias: 413921
[NR-eGR] --------------------------------------------------------------------------
[NR-eGR] Total eGR-routed clock nets wire length: 10452um, number of vias: 10199
[NR-eGR] --------------------------------------------------------------------------
[NR-eGR] Report for selected net(s) only.
[NR-eGR]             Length (um)   Vias 
[NR-eGR] -------------------------------
[NR-eGR]  M1  (1V)             0    333 
[NR-eGR]  M2  (2H)           712   5615 
[NR-eGR]  C1  (3V)          5295   4050 
[NR-eGR]  C2  (4H)          4180    201 
[NR-eGR]  C3  (5V)           264      0 
[NR-eGR]  C4  (6H)             0      0 
[NR-eGR]  BA  (7V)             0      0 
[NR-eGR]  BB  (8H)             0      0 
[NR-eGR]  JA  (9V)             0      0 
[NR-eGR]  JB  (10H)            0      0 
[NR-eGR]  LB  (11V)            0      0 
[NR-eGR] -------------------------------
[NR-eGR]      Total        10452  10199 
[NR-eGR] --------------------------------------------------------------------------
[NR-eGR] Total half perimeter of net bounding box: 3340um
[NR-eGR] Total length: 10452um, number of vias: 10199
[NR-eGR] --------------------------------------------------------------------------
[NR-eGR] Total routed clock nets wire length: 10452um, number of vias: 10199
[NR-eGR] --------------------------------------------------------------------------
[NR-eGR] Finished Early Global Route kernel ( CPU: 1.60 sec, Real: 1.17 sec, Curr Mem: 4172.33 MB )
      Early Global Route - eGR->Nr High Frequency step done. (took cpu=0:00:01.7 real=0:00:01.3)
      flow.cputime  flow.realtime  timing.setup.tns  timing.setup.wns  snapshot
UM:*                                                                   Early Global Route - eGR->Nr High Frequency step
    Routing using eGR in eGR->NR Step done.
    Routing using NR in eGR->NR Step...

CCOPT: Preparing to route 56 clock nets with NanoRoute.
  All net are default rule.
  Preferred NanoRoute mode settings: Current
**WARN: (IMPTCM-77):	Option "-grouteExpUseNanoRoute2" for command setNanoRouteMode is obsolete and will be removed in a future release. The obsolete option still works in this release but to avoid this warning and to ensure compatibility with future releases, remove the obsolete option from your script.
**WARN: (IMPDBTCL-321):	The attribute 'route_design_global_exp_use_nano_route2' still works but will be obsolete in a future major release. You should remove it from your script before the next major release to avoid errors.
**WARN: (IMPTCM-77):	Option "-routeExpDeterministicMultiThread" for command setNanoRouteMode is obsolete and will be removed in a future release. The obsolete option still works in this release but to avoid this warning and to ensure compatibility with future releases, remove the obsolete option from your script.
**WARN: (IMPDBTCL-321):	The attribute 'route_design_exp_deterministic_multi_thread' still works but will be obsolete in a future major release. You should remove it from your script before the next major release to avoid errors.
      Clock detailed routing...
        NanoRoute...

route_global_detail

#Start route_global_detail on Sat Jan  3 09:28:21 2026
#
#num needed restored net=0
#need_extraction net=0 (total=57198)
#WARNING (NRDB-2005) SPECIAL_NET VSS has special wires but no definitions for instance pins or top level pins. This will cause routability problems later.
#WARNING (NRDB-2005) SPECIAL_NET VSS has special wires but no definitions for instance pins or top level pins. This will cause routability problems later.
#NanoRoute Version 21.19-s058_1 NR231113-0413/21_19-UB
#
#Wire/Via statistics before line assignment ...
#Total number of nets with non-default rule or having extra spacing = 56
#Total wire length = 10452 um.
#Total half perimeter of net bounding box = 3363 um.
#Total wire length on LAYER M1 = 0 um.
#Total wire length on LAYER M2 = 712 um.
#Total wire length on LAYER C1 = 5295 um.
#Total wire length on LAYER C2 = 4180 um.
#Total wire length on LAYER C3 = 264 um.
#Total wire length on LAYER C4 = 0 um.
#Total wire length on LAYER BA = 0 um.
#Total wire length on LAYER BB = 0 um.
#Total wire length on LAYER JA = 0 um.
#Total wire length on LAYER JB = 0 um.
#Total wire length on LAYER LB = 0 um.
#Total number of vias = 10199
#Up-Via Summary (total 10199):
#           
#-----------------------
# M1                333
# M2               5615
# C1               4050
# C2                201
#-----------------------
#                 10199 
#
#Start routing data preparation on Sat Jan  3 09:28:22 2026
#
#Minimum voltage of a net in the design = 0.000.
#Maximum voltage of a net in the design = 0.800.
#Voltage range [0.000 - 0.800] has 57165 nets.
#Voltage range [0.000 - 0.000] has 32 nets.
#Voltage range [0.720 - 0.800] has 1 net.
#Build and mark too close pins for the same net.
#Initial pin access analysis.
#Detail pin access analysis.
# M1           V   Track-Pitch = 0.10400    Line-2-Via Pitch = 0.08000
# M2           H   Track-Pitch = 0.08000    Line-2-Via Pitch = 0.08000
# C1           V   Track-Pitch = 0.09000    Line-2-Via Pitch = 0.09000
# C2           H   Track-Pitch = 0.09000    Line-2-Via Pitch = 0.09000
# C3           V   Track-Pitch = 0.09000    Line-2-Via Pitch = 0.09000
# C4           H   Track-Pitch = 0.09000    Line-2-Via Pitch = 0.09000
# BA           V   Track-Pitch = 0.18000    Line-2-Via Pitch = 0.18000
# BB           H   Track-Pitch = 0.18000    Line-2-Via Pitch = 0.18000
# JA           V   Track-Pitch = 0.90000    Line-2-Via Pitch = 0.90000
# JB           H   Track-Pitch = 0.90000    Line-2-Via Pitch = 0.90000
# LB           V   Track-Pitch = 3.60000    Line-2-Via Pitch = 4.50000
#WARNING (NRAG-44) Track pitch is too small compared with line-2-via pitch.
#Bottom routing layer index=1(M1), bottom routing layer for shielding=3(C1), bottom shield layer=3(C1)
#shield_bottom_stripe_layer=3(C1), shield_top_stripe_layer=11(LB)
#pin_access_rlayer=2(M2)
#shield_top_dpt_rlayer=2 top_rlayer=11 top_trim_metal_rlayer=-1 rlayer_lowest=3 bottom_rlayer=1
#enable_trim_layer_shield=F enable_dpt_layer_shield=F has_line_end_grid=F
#cpu time = 00:00:00, elapsed time = 00:00:00, memory = 2577.83 (MB), peak = 2819.87 (MB)
#Regenerating Ggrids automatically.
#Auto generating G-grids with size=15 tracks, using layer C1's pitch = 0.09000.
#Using automatically generated G-grids.
#Done routing data preparation.
#cpu time = 00:00:52, elapsed time = 00:00:11, memory = 2631.73 (MB), peak = 2819.87 (MB)
#Minimum voltage of a net in the design = 0.000.
#Maximum voltage of a net in the design = 0.800.
#Voltage range [0.000 - 0.800] has 57165 nets.
#Voltage range [0.000 - 0.000] has 32 nets.
#Voltage range [0.720 - 0.800] has 1 net.
#Start instance access analysis using 8 threads...
#Set layer M1 to be advanced pin access layer.
#Set instance access analysis scope -1.77100, -2.28000, 201.86700, 202.88000
#0 instance pins are hard to access
#Instance access analysis statistics:
#Cpu time = 00:00:01
#Elapsed time = 00:00:01
#Increased memory = 12.49 (MB)
#Total memory = 2644.22 (MB)
#Peak memory = 2850.19 (MB)
Updating RC grid for preRoute extraction ...
Initializing multi-corner resistance tables ...
#
#Distribution of nets:
#Largest net has 4809 pins
#  
# #pin range           #net       %
#------------------------------------
#          2           24412 ( 42.7%)
#          3            5393 (  9.4%)
#          4            2024 (  3.5%)
#          5            2806 (  4.9%)
#          6             340 (  0.6%)
#          7             282 (  0.5%)
#          8             235 (  0.4%)
#          9             200 (  0.3%)
#  10  -  19            1169 (  2.0%)
#  20  -  29             322 (  0.6%)
#  30  -  39              71 (  0.1%)
#  40  -  49              14 (  0.0%)
#  50  -  59              57 (  0.1%)
#  60  -  69             100 (  0.2%)
#  70  -  79               2 (  0.0%)
#  90  -  99              18 (  0.0%)
#  100 - 199              49 (  0.1%)
#  200 - 299              10 (  0.0%)
#     >=2000               1 (  0.0%)
#
#Total: 57198 nets, 37505 non-trivial nets
#                              #net       %
#-------------------------------------------
#  Fully global routed           56 ( 0.1%)
#  Clock                         56
#  Extra space                   56
#  Prefer layer range         37505
#
#Nets in 2 layer ranges:
#  Bottom Pref.Layer    Top Pref.Layer       #net       %
#---------------------------------------------------------
#              -----             8 BB*      37449 ( 99.9%)
#               3 C1             4 C2          56 (  0.1%)
#
#56 nets selected.
#
#Iteration 1.1: cpu:00:00:01, real:00:00:00, mem:2.6 GB, peak:2.8 GB --4.58 [8]--
#Iteration 1.2: cpu:00:00:00, real:00:00:00, mem:2.6 GB, peak:2.8 GB --1.66 [8]--
#Iteration 1.3: cpu:00:00:00, real:00:00:00, mem:2.6 GB, peak:2.8 GB --1.72 [8]--
#Iteration 1.4: cpu:00:00:00, real:00:00:00, mem:2.6 GB, peak:2.8 GB --1.67 [8]--
#Iteration 2.1: cpu:00:00:01, real:00:00:00, mem:2.6 GB, peak:2.8 GB --4.38 [8]--
#Iteration 2.2: cpu:00:00:00, real:00:00:00, mem:2.6 GB, peak:2.8 GB --1.73 [8]--
#Iteration 3.1: cpu:00:00:00, real:00:00:00, mem:2.6 GB, peak:2.8 GB --4.13 [8]--
#
#Line Assignment statistics:
#Cpu time = 00:00:02
#Elapsed time = 00:00:01
#Increased memory = 9.45 (MB)
#Total memory = 2674.54 (MB)
#Peak memory = 2850.19 (MB)
#End Line Assignment: cpu:00:00:02, real:00:00:01, mem:2.6 GB, peak:2.8 GB --3.30 [8]--
#
#Wire/Via statistics after line assignment ...
#Total number of nets with non-default rule or having extra spacing = 56
#Total wire length = 10679 um.
#Total half perimeter of net bounding box = 3363 um.
#Total wire length on LAYER M1 = 0 um.
#Total wire length on LAYER M2 = 1061 um.
#Total wire length on LAYER C1 = 5272 um.
#Total wire length on LAYER C2 = 4095 um.
#Total wire length on LAYER C3 = 251 um.
#Total wire length on LAYER C4 = 0 um.
#Total wire length on LAYER BA = 0 um.
#Total wire length on LAYER BB = 0 um.
#Total wire length on LAYER JA = 0 um.
#Total wire length on LAYER JB = 0 um.
#Total wire length on LAYER LB = 0 um.
#Total number of vias = 9177
#Up-Via Summary (total 9177):
#           
#-----------------------
# M1                333
# M2               5309
# C1               3354
# C2                181
#-----------------------
#                  9177 
#
#Routing data preparation, pin analysis, line assignment statistics:
#Cpu time = 00:00:56
#Elapsed time = 00:00:13
#Increased memory = 114.33 (MB)
#Total memory = 2658.08 (MB)
#Peak memory = 2850.19 (MB)
#Skip comparing routing design signature in db-snapshot flow
#Using multithreading with 8 threads.
#Minimum voltage of a net in the design = 0.000.
#Maximum voltage of a net in the design = 0.800.
#Voltage range [0.000 - 0.800] has 57165 nets.
#Voltage range [0.000 - 0.000] has 32 nets.
#Voltage range [0.720 - 0.800] has 1 net.
#Minimum voltage of a net in the design = 0.000.
#Maximum voltage of a net in the design = 0.800.
#Voltage range [0.000 - 0.800] has 57165 nets.
#Voltage range [0.000 - 0.000] has 32 nets.
#Voltage range [0.720 - 0.800] has 1 net.
#Minimum voltage of a net in the design = 0.000.
#Maximum voltage of a net in the design = 0.800.
#Voltage range [0.000 - 0.800] has 57165 nets.
#Voltage range [0.000 - 0.000] has 32 nets.
#Voltage range [0.720 - 0.800] has 1 net.
#Minimum voltage of a net in the design = 0.000.
#Maximum voltage of a net in the design = 0.800.
#Voltage range [0.000 - 0.800] has 57165 nets.
#Voltage range [0.000 - 0.000] has 32 nets.
#Voltage range [0.720 - 0.800] has 1 net.
#
#Start Detail Routing..
#start initial detail routing ...
#   number of violations = 0
#cpu time = 00:01:08, elapsed time = 00:00:09, memory = 2685.52 (MB), peak = 2981.45 (MB)
#Complete Detail Routing.
#Total number of nets with non-default rule or having extra spacing = 56
#Total wire length = 10467 um.
#Total half perimeter of net bounding box = 3363 um.
#Total wire length on LAYER M1 = 0 um.
#Total wire length on LAYER M2 = 183 um.
#Total wire length on LAYER C1 = 5492 um.
#Total wire length on LAYER C2 = 4537 um.
#Total wire length on LAYER C3 = 255 um.
#Total wire length on LAYER C4 = 0 um.
#Total wire length on LAYER BA = 0 um.
#Total wire length on LAYER BB = 0 um.
#Total wire length on LAYER JA = 0 um.
#Total wire length on LAYER JB = 0 um.
#Total wire length on LAYER LB = 0 um.
#Total number of vias = 10143
#Up-Via Summary (total 10143):
#           
#-----------------------
# M1                333
# M2               4913
# C1               4715
# C2                182
#-----------------------
#                 10143 
#
#Total number of DRC violations = 0
#Cpu time = 00:01:09
#Elapsed time = 00:00:09
#Increased memory = 26.47 (MB)
#Total memory = 2685.52 (MB)
#Peak memory = 2981.45 (MB)
#Skip updating routing design signature in db-snapshot flow
#route_detail Statistics:
#Cpu time = 00:01:09
#Elapsed time = 00:00:09
#Increased memory = 27.44 (MB)
#Total memory = 2685.52 (MB)
#Peak memory = 2981.45 (MB)
#
#route_global_detail statistics:
#Cpu time = 00:02:07
#Elapsed time = 00:00:24
#Increased memory = 125.10 (MB)
#Total memory = 2680.81 (MB)
#Peak memory = 2981.45 (MB)
#Number of warnings = 3
#Total number of warnings = 17
#Number of fails = 0
#Total number of fails = 0
#Complete route_global_detail on Sat Jan  3 09:28:45 2026
#
        NanoRoute done. (took cpu=0:02:07 real=0:00:24.0)
      flow.cputime  flow.realtime  timing.setup.tns  timing.setup.wns  snapshot
UM:*                                                                   NanoRoute
      Clock detailed routing done.
Skipping check of guided vs. routed net lengths.
Set FIXED routing status on 56 net(s)
Set FIXED placed status on 55 instance(s)
      Route Remaining Unrouted Nets...
Running route_early_global to complete any remaining unrouted nets.
[NR-eGR] Started Early Global Route kernel ( Curr Mem: 4307.65 MB )
[NR-eGR] Track table information for default rule: 
[NR-eGR] M1 has single uniform track structure
[NR-eGR] M2 has single uniform track structure
[NR-eGR] C1 has single uniform track structure
[NR-eGR] C2 has single uniform track structure
[NR-eGR] C3 has single uniform track structure
[NR-eGR] C4 has single uniform track structure
[NR-eGR] BA has single uniform track structure
[NR-eGR] BB has single uniform track structure
[NR-eGR] JA has single uniform track structure
[NR-eGR] JB has single uniform track structure
[NR-eGR] LB has single uniform track structure
[NR-eGR] Read 20 PG shapes
[NR-eGR] Read 0 clock shapes
[NR-eGR] Read 0 other shapes
[NR-eGR] #Routing Blockages  : 30
[NR-eGR] #Instance Blockages : 98937
[NR-eGR] #PG Blockages       : 20
[NR-eGR] #Halo Blockages     : 0
[NR-eGR] #Boundary Blockages : 0
[NR-eGR] #Clock Blockages    : 0
[NR-eGR] #Other Blockages    : 0
[NR-eGR] Num Prerouted Nets = 56  Num Prerouted Wires = 16866
[NR-eGR] Read 37505 nets ( ignored 56 )
[NR-eGR] ============ Routing rule table ============
[NR-eGR] Rule id: 1  Nets: 37449
[NR-eGR] ========================================
[NR-eGR] 
[NR-eGR] Layer group 1: route 37449 net(s) in layer range [2, 11]
[NR-eGR] Early Global Route overflow of layer group 1: 0.44% H + 0.28% V. EstWL: 4.598650e+05um
[NR-eGR] Congestion Analysis By layer: (blocked Gcells are excluded) 
[NR-eGR]                        OverCon           OverCon           OverCon            
[NR-eGR]                         #Gcell            #Gcell            #Gcell     %Gcell
[NR-eGR]        Layer             (1-4)             (5-8)               (9)    OverCon
[NR-eGR] --------------------------------------------------------------------------------
[NR-eGR]      M1 ( 1)         0( 0.00%)         0( 0.00%)         0( 0.00%)   ( 0.00%) 
[NR-eGR]      M2 ( 2)      1082( 1.11%)         1( 0.00%)         0( 0.00%)   ( 1.11%) 
[NR-eGR]      C1 ( 3)       327( 0.33%)         2( 0.00%)         0( 0.00%)   ( 0.34%) 
[NR-eGR]      C2 ( 4)        83( 0.08%)         6( 0.01%)         0( 0.00%)   ( 0.09%) 
[NR-eGR]      C3 ( 5)        61( 0.06%)         7( 0.01%)         0( 0.00%)   ( 0.07%) 
[NR-eGR]      C4 ( 6)        81( 0.08%)        23( 0.02%)         1( 0.00%)   ( 0.11%) 
[NR-eGR]      BA ( 7)        40( 0.04%)         3( 0.00%)         0( 0.00%)   ( 0.04%) 
[NR-eGR]      BB ( 8)        22( 0.02%)        14( 0.01%)         0( 0.00%)   ( 0.04%) 
[NR-eGR]      JA ( 9)         0( 0.00%)         0( 0.00%)         0( 0.00%)   ( 0.00%) 
[NR-eGR]      JB (10)         0( 0.00%)         0( 0.00%)         0( 0.00%)   ( 0.00%) 
[NR-eGR]      LB (11)         0( 0.00%)         0( 0.00%)         0( 0.00%)   ( 0.00%) 
[NR-eGR] --------------------------------------------------------------------------------
[NR-eGR]        Total      1696( 0.23%)        56( 0.01%)         1( 0.00%)   ( 0.23%) 
[NR-eGR] 
[NR-eGR] Overflow after Early Global Route 0.07% H + 0.04% V
[NR-eGR]             Length (um)    Vias 
[NR-eGR] --------------------------------
[NR-eGR]  M1  (1V)             0  108498 
[NR-eGR]  M2  (2H)         63965  206640 
[NR-eGR]  C1  (3V)        117880   59820 
[NR-eGR]  C2  (4H)         96468   24892 
[NR-eGR]  C3  (5V)         93476   11009 
[NR-eGR]  C4  (6H)         67015    2578 
[NR-eGR]  BA  (7V)         24587    1584 
[NR-eGR]  BB  (8H)         20728      51 
[NR-eGR]  JA  (9V)            10       0 
[NR-eGR]  JB  (10H)            0       0 
[NR-eGR]  LB  (11V)            0       0 
[NR-eGR] --------------------------------
[NR-eGR]      Total       484130  415072 
[NR-eGR] --------------------------------------------------------------------------
[NR-eGR] Total half perimeter of net bounding box: 393185um
[NR-eGR] Total length: 484130um, number of vias: 415072
[NR-eGR] --------------------------------------------------------------------------
[NR-eGR] Total eGR-routed clock nets wire length: 0um, number of vias: 0
[NR-eGR] --------------------------------------------------------------------------
[NR-eGR] Finished Early Global Route kernel ( CPU: 8.61 sec, Real: 2.99 sec, Curr Mem: 4348.11 MB )
      Route Remaining Unrouted Nets done. (took cpu=0:00:08.7 real=0:00:03.1)
      flow.cputime  flow.realtime  timing.setup.tns  timing.setup.wns  snapshot
UM:*                                                                   Route Remaining Unrouted Nets
    Routing using NR in eGR->NR Step done.
Net route status summary:
  Clock:        56 (unrouted=0, trialRouted=0, noStatus=0, routed=0, fixed=56, [crossesIlmBoundary=0, tooFewTerms=0, (crossesIlmBoundary AND tooFewTerms=0)])
  Non-clock: 57142 (unrouted=19693, trialRouted=37449, noStatus=0, routed=0, fixed=0, [crossesIlmBoundary=0, tooFewTerms=19693, (crossesIlmBoundary AND tooFewTerms=0)])

CCOPT: Done with clock implementation routing.

    Leaving CCOpt scope - Routing Tools done. (took cpu=0:02:19 real=0:00:29.6)
  Clock implementation routing done.
  Leaving CCOpt scope - extractRC...
  Updating RC parasitics by calling: "extract_rc -noRouteCheck"...
Extraction called for design 'Silago_bot' of instances=35458 and nets=57198 using extraction engine 'pre_route' .
**WARN: (IMPEXT-3530):	The process node is not set. Use the command set_design_mode -process <process node> prior to extraction for maximum accuracy and optimal automatic threshold setting.
Type 'man IMPEXT-3530' for more detail.
pre_route RC Extraction called for design Silago_bot.
RC Extraction called in multi-corner(3) mode.
RCMode: PreRoute
      RC Corner Indexes            0       1       2   
Capacitance Scaling Factor   : 1.00000 1.00000 1.00000 
Resistance Scaling Factor    : 1.00000 1.00000 1.00000 
Clock Cap. Scaling Factor    : 1.00000 1.00000 1.00000 
Clock Res. Scaling Factor    : 1.00000 1.00000 1.00000 
Shrink Factor                : 1.00000
PreRoute extraction is honoring NDR/Shielding/ExtraSpace for clock nets.
Using Quantus QRC technology file ...
Updating RC grid for preRoute extraction ...
Initializing multi-corner resistance tables ...
PreRoute RC Extraction DONE (CPU Time: 0:00:01.1  Real Time: 0:00:01.0  MEM: 4305.105M)
  Updating RC parasitics by calling: "extract_rc -noRouteCheck" done.
  Leaving CCOpt scope - extractRC done. (took cpu=0:00:01.1 real=0:00:01.0)
  Clock tree timing engine global stage delay update for WC_dc:setup.late...
  Clock tree timing engine global stage delay update for WC_dc:setup.late done. (took cpu=0:00:00.4 real=0:00:00.1)
  Clock DAG stats after routing clock trees:
    cell counts      : b=55, i=0, icg=0, dcg=0, l=0, total=55
    sink counts      : regular=4808, enable_latch=0, load_capacitance=0, antenna=0, node_sink=0, total=4808
    misc counts      : r=1, pp=0
    cell areas       : b=67.359um^2, i=0.000um^2, icg=0.000um^2, dcg=0.000um^2, l=0.000um^2, total=67.359um^2
    cell capacitance : b=141.827fF, i=0.000fF, icg=0.000fF, dcg=0.000fF, l=0.000fF, total=141.827fF
    sink capacitance : total=3532.075fF, avg=0.735fF, sd=0.034fF, min=0.679fF, max=0.757fF
    wire capacitance : top=0.000fF, trunk=133.979fF, leaf=1314.682fF, total=1448.661fF
    wire lengths     : top=0.000um, trunk=1024.510um, leaf=9442.630um, total=10467.140um
    hp wire lengths  : top=0.000um, trunk=697.784um, leaf=2620.216um, total=3318.000um
  Clock DAG net violations after routing clock trees: none
  Clock DAG primary half-corner transition distribution after routing clock trees:
    Trunk : target=87.8ps count=7 avg=44.1ps sd=7.6ps min=34.6ps max=51.5ps {7 <= 52.7ps, 0 <= 70.2ps, 0 <= 79.0ps, 0 <= 83.4ps, 0 <= 87.8ps}
    Leaf  : target=87.8ps count=49 avg=79.0ps sd=4.5ps min=71.8ps max=87.4ps {0 <= 52.7ps, 0 <= 70.2ps, 26 <= 79.0ps, 13 <= 83.4ps, 10 <= 87.8ps}
  Clock DAG library cell distribution after routing clock trees {count}:
     Bufs: SC8T_BUFX16_CSC28L: 4 SC8T_BUFX12_CSC28L: 32 SC8T_BUFX10_CSC28L: 19 
  Primary reporting skew groups after routing clock trees:
    skew_group clk/functional: insertion delay [min=193.1, max=225.8, avg=215.2, sd=5.9], skew [32.7 vs 53.8], 100% {193.1, 225.8} (wid=50.3 ws=32.0) (gid=190.1 gs=22.5)
  Skew group summary after routing clock trees:
    skew_group clk/functional: insertion delay [min=193.1, max=225.8, avg=215.2, sd=5.9], skew [32.7 vs 53.8], 100% {193.1, 225.8} (wid=50.3 ws=32.0) (gid=190.1 gs=22.5)
  CCOpt::Phase::Routing done. (took cpu=0:02:21 real=0:00:30.9)
      flow.cputime  flow.realtime  timing.setup.tns  timing.setup.wns  snapshot
UM:*                                                                   CCOpt::Phase::Routing
  CCOpt::Phase::PostConditioning...
  Leaving CCOpt scope - Initializing placement interface...

**Info: (IMPSP-2062): Some of the PG shapes may not be colorized properly in this design, users are required to run command colorizePowerMesh before any placement related commands!
  Leaving CCOpt scope - Initializing placement interface done. (took cpu=0:00:00.3 real=0:00:00.2)
  PostConditioning...
    PostConditioning active optimizations:
     - DRV fixing with initial upsizing, sizing and buffering
     - Skew fixing with sizing
    
    Currently running CTS, using active skew data
    Reset bufferability constraints...
    Resetting previous bufferability status on all nets so that PostConditioning will attempt to fix all clock tree violations.
    Reset bufferability constraints done. (took cpu=0:00:00.0 real=0:00:00.0)
    PostConditioning Upsizing To Fix DRVs...
      Fixing clock tree DRVs with upsizing: ...20% ...40% ...60% ...80% ...100% 
      CCOpt-PostConditioning: considered: 56, tested: 56, violation detected: 0, violation ignored (due to small violation): 0, cannot run: 0, attempted: 0, unsuccessful: 0, sized: 0
      
      Statistics: Fix DRVs (initial upsizing):
      ========================================
      
      Cell changes by Net Type:
      
      -------------------------------------------------------------------------------------------------
      Net Type    Attempted    Upsized     Downsized    Swapped Same Size    Total Changed    Not Sized
      -------------------------------------------------------------------------------------------------
      top                0            0           0            0                    0                0
      trunk              0            0           0            0                    0                0
      leaf               0            0           0            0                    0                0
      -------------------------------------------------------------------------------------------------
      Total              0            0           0            0                    0                0
      -------------------------------------------------------------------------------------------------
      
      Upsized: 0, Downsized: 0, Sized but same area: 0, Unchanged: 0, Area change: 0.000um^2 (0.000%)
      Max. move: 0.000um, Min. move: 0.000um, Avg. move: N/A
      
      Clock DAG stats after 'PostConditioning Upsizing To Fix DRVs':
        cell counts      : b=55, i=0, icg=0, dcg=0, l=0, total=55
        sink counts      : regular=4808, enable_latch=0, load_capacitance=0, antenna=0, node_sink=0, total=4808
        misc counts      : r=1, pp=0
        cell areas       : b=67.359um^2, i=0.000um^2, icg=0.000um^2, dcg=0.000um^2, l=0.000um^2, total=67.359um^2
        cell capacitance : b=141.827fF, i=0.000fF, icg=0.000fF, dcg=0.000fF, l=0.000fF, total=141.827fF
        sink capacitance : total=3532.075fF, avg=0.735fF, sd=0.034fF, min=0.679fF, max=0.757fF
        wire capacitance : top=0.000fF, trunk=133.979fF, leaf=1314.682fF, total=1448.661fF
        wire lengths     : top=0.000um, trunk=1024.510um, leaf=9442.630um, total=10467.140um
        hp wire lengths  : top=0.000um, trunk=697.784um, leaf=2620.216um, total=3318.000um
      Clock DAG net violations after 'PostConditioning Upsizing To Fix DRVs': none
      Clock DAG primary half-corner transition distribution after 'PostConditioning Upsizing To Fix DRVs':
        Trunk : target=87.8ps count=7 avg=44.1ps sd=7.6ps min=34.6ps max=51.5ps {7 <= 52.7ps, 0 <= 70.2ps, 0 <= 79.0ps, 0 <= 83.4ps, 0 <= 87.8ps}
        Leaf  : target=87.8ps count=49 avg=79.0ps sd=4.5ps min=71.8ps max=87.4ps {0 <= 52.7ps, 0 <= 70.2ps, 26 <= 79.0ps, 13 <= 83.4ps, 10 <= 87.8ps}
      Clock DAG library cell distribution after 'PostConditioning Upsizing To Fix DRVs' {count}:
         Bufs: SC8T_BUFX16_CSC28L: 4 SC8T_BUFX12_CSC28L: 32 SC8T_BUFX10_CSC28L: 19 
      Primary reporting skew groups after 'PostConditioning Upsizing To Fix DRVs':
        skew_group clk/functional: insertion delay [min=193.1, max=225.8], skew [32.7 vs 53.8]
      Skew group summary after 'PostConditioning Upsizing To Fix DRVs':
        skew_group clk/functional: insertion delay [min=193.1, max=225.8], skew [32.7 vs 53.8]
      Legalizer API calls during this step: 0 succeeded with high effort: 0 succeeded with medium effort: 0 succeeded with low effort: 0 succeeded with basic effort: 0 succeeded with basic unbounded effort: 0
    PostConditioning Upsizing To Fix DRVs done. (took cpu=0:00:00.1 real=0:00:00.1)
      flow.cputime  flow.realtime  timing.setup.tns  timing.setup.wns  snapshot
UM:*                                                                   PostConditioning Upsizing To Fix DRVs
    Recomputing CTS skew targets...
    Resolving skew group constraints...
      Solving LP: 1 skew groups; 2 fragments, 2 fraglets and 3 vertices; 25 variables and 66 constraints; tolerance 1
    Resolving skew group constraints done.
    Recomputing CTS skew targets done. (took cpu=0:00:00.5 real=0:00:00.5)
    PostConditioning Fixing DRVs...
      Fixing clock tree DRVs: ...20% ...40% ...60% ...80% ...100% 
      CCOpt-PostConditioning: considered: 56, tested: 56, violation detected: 0, violation ignored (due to small violation): 0, cannot run: 0, attempted: 0, unsuccessful: 0, sized: 0
      
      Statistics: Fix DRVs (cell sizing):
      ===================================
      
      Cell changes by Net Type:
      
      -------------------------------------------------------------------------------------------------
      Net Type    Attempted    Upsized     Downsized    Swapped Same Size    Total Changed    Not Sized
      -------------------------------------------------------------------------------------------------
      top                0            0           0            0                    0                0
      trunk              0            0           0            0                    0                0
      leaf               0            0           0            0                    0                0
      -------------------------------------------------------------------------------------------------
      Total              0            0           0            0                    0                0
      -------------------------------------------------------------------------------------------------
      
      Upsized: 0, Downsized: 0, Sized but same area: 0, Unchanged: 0, Area change: 0.000um^2 (0.000%)
      Max. move: 0.000um, Min. move: 0.000um, Avg. move: N/A
      
      Clock DAG stats after 'PostConditioning Fixing DRVs':
        cell counts      : b=55, i=0, icg=0, dcg=0, l=0, total=55
        sink counts      : regular=4808, enable_latch=0, load_capacitance=0, antenna=0, node_sink=0, total=4808
        misc counts      : r=1, pp=0
        cell areas       : b=67.359um^2, i=0.000um^2, icg=0.000um^2, dcg=0.000um^2, l=0.000um^2, total=67.359um^2
        cell capacitance : b=141.827fF, i=0.000fF, icg=0.000fF, dcg=0.000fF, l=0.000fF, total=141.827fF
        sink capacitance : total=3532.075fF, avg=0.735fF, sd=0.034fF, min=0.679fF, max=0.757fF
        wire capacitance : top=0.000fF, trunk=133.979fF, leaf=1314.682fF, total=1448.661fF
        wire lengths     : top=0.000um, trunk=1024.510um, leaf=9442.630um, total=10467.140um
        hp wire lengths  : top=0.000um, trunk=697.784um, leaf=2620.216um, total=3318.000um
      Clock DAG net violations after 'PostConditioning Fixing DRVs': none
      Clock DAG primary half-corner transition distribution after 'PostConditioning Fixing DRVs':
        Trunk : target=87.8ps count=7 avg=44.1ps sd=7.6ps min=34.6ps max=51.5ps {7 <= 52.7ps, 0 <= 70.2ps, 0 <= 79.0ps, 0 <= 83.4ps, 0 <= 87.8ps}
        Leaf  : target=87.8ps count=49 avg=79.0ps sd=4.5ps min=71.8ps max=87.4ps {0 <= 52.7ps, 0 <= 70.2ps, 26 <= 79.0ps, 13 <= 83.4ps, 10 <= 87.8ps}
      Clock DAG library cell distribution after 'PostConditioning Fixing DRVs' {count}:
         Bufs: SC8T_BUFX16_CSC28L: 4 SC8T_BUFX12_CSC28L: 32 SC8T_BUFX10_CSC28L: 19 
      Primary reporting skew groups after 'PostConditioning Fixing DRVs':
        skew_group clk/functional: insertion delay [min=193.1, max=225.8], skew [32.7 vs 53.8]
      Skew group summary after 'PostConditioning Fixing DRVs':
        skew_group clk/functional: insertion delay [min=193.1, max=225.8], skew [32.7 vs 53.8]
      Legalizer API calls during this step: 0 succeeded with high effort: 0 succeeded with medium effort: 0 succeeded with low effort: 0 succeeded with basic effort: 0 succeeded with basic unbounded effort: 0
    PostConditioning Fixing DRVs done. (took cpu=0:00:00.1 real=0:00:00.1)
      flow.cputime  flow.realtime  timing.setup.tns  timing.setup.wns  snapshot
UM:*                                                                   PostConditioning Fixing DRVs
    Buffering to fix DRVs...
    Fixing DRVs with route buffering pass 1. Quick buffering: enabled
    Rebuffering to fix clock tree DRVs: ...20% ...40% ...60% ...80% ...100% 
    Inserted 0 buffers and inverters.
    success count. Default: 0, QS: 0, QD: 0, FS: 0, MQS: 0
    CCOpt-PostConditioning: nets considered: 56, nets tested: 56, nets violation detected: 0, nets violation ignored (due to small violation): 0, nets cannot run: 0, nets attempted: 0, nets unsuccessful: 0, buffered: 0
    Clock DAG stats PostConditioning after re-buffering DRV fixing:
      cell counts      : b=55, i=0, icg=0, dcg=0, l=0, total=55
      sink counts      : regular=4808, enable_latch=0, load_capacitance=0, antenna=0, node_sink=0, total=4808
      misc counts      : r=1, pp=0
      cell areas       : b=67.359um^2, i=0.000um^2, icg=0.000um^2, dcg=0.000um^2, l=0.000um^2, total=67.359um^2
      cell capacitance : b=141.827fF, i=0.000fF, icg=0.000fF, dcg=0.000fF, l=0.000fF, total=141.827fF
      sink capacitance : total=3532.075fF, avg=0.735fF, sd=0.034fF, min=0.679fF, max=0.757fF
      wire capacitance : top=0.000fF, trunk=133.979fF, leaf=1314.682fF, total=1448.661fF
      wire lengths     : top=0.000um, trunk=1024.510um, leaf=9442.630um, total=10467.140um
      hp wire lengths  : top=0.000um, trunk=697.784um, leaf=2620.216um, total=3318.000um
    Clock DAG net violations PostConditioning after re-buffering DRV fixing: none
    Clock DAG primary half-corner transition distribution PostConditioning after re-buffering DRV fixing:
      Trunk : target=87.8ps count=7 avg=44.1ps sd=7.6ps min=34.6ps max=51.5ps {7 <= 52.7ps, 0 <= 70.2ps, 0 <= 79.0ps, 0 <= 83.4ps, 0 <= 87.8ps}
      Leaf  : target=87.8ps count=49 avg=79.0ps sd=4.5ps min=71.8ps max=87.4ps {0 <= 52.7ps, 0 <= 70.2ps, 26 <= 79.0ps, 13 <= 83.4ps, 10 <= 87.8ps}
    Clock DAG library cell distribution PostConditioning after re-buffering DRV fixing {count}:
       Bufs: SC8T_BUFX16_CSC28L: 4 SC8T_BUFX12_CSC28L: 32 SC8T_BUFX10_CSC28L: 19 
    Primary reporting skew groups PostConditioning after re-buffering DRV fixing:
      skew_group clk/functional: insertion delay [min=193.1, max=225.8, avg=215.2, sd=5.9], skew [32.7 vs 53.8], 100% {193.1, 225.8} (wid=50.3 ws=32.0) (gid=190.1 gs=22.5)
    Skew group summary PostConditioning after re-buffering DRV fixing:
      skew_group clk/functional: insertion delay [min=193.1, max=225.8, avg=215.2, sd=5.9], skew [32.7 vs 53.8], 100% {193.1, 225.8} (wid=50.3 ws=32.0) (gid=190.1 gs=22.5)
    Buffering to fix DRVs done. (took cpu=0:00:00.2 real=0:00:00.2)
      flow.cputime  flow.realtime  timing.setup.tns  timing.setup.wns  snapshot
UM:*                                                                   Buffering to fix DRVs
    PostConditioning Fixing Skew by cell sizing...
      Resized 0 clock insts to decrease delay.
      Resized 0 clock insts to increase delay.
      
      Statistics: Fix Skew (cell sizing):
      ===================================
      
      Cell changes by Net Type:
      
      -------------------------------------------------------------------------------------------------
      Net Type    Attempted    Upsized     Downsized    Swapped Same Size    Total Changed    Not Sized
      -------------------------------------------------------------------------------------------------
      top                0            0           0            0                    0                0
      trunk              0            0           0            0                    0                0
      leaf               0            0           0            0                    0                0
      -------------------------------------------------------------------------------------------------
      Total              0            0           0            0                    0                0
      -------------------------------------------------------------------------------------------------
      
      Upsized: 0, Downsized: 0, Sized but same area: 0, Unchanged: 0, Area change: 0.000um^2 (0.000%)
      Max. move: 0.000um, Min. move: 0.000um, Avg. move: N/A
      
      Clock DAG stats after 'PostConditioning Fixing Skew by cell sizing':
        cell counts      : b=55, i=0, icg=0, dcg=0, l=0, total=55
        sink counts      : regular=4808, enable_latch=0, load_capacitance=0, antenna=0, node_sink=0, total=4808
        misc counts      : r=1, pp=0
        cell areas       : b=67.359um^2, i=0.000um^2, icg=0.000um^2, dcg=0.000um^2, l=0.000um^2, total=67.359um^2
        cell capacitance : b=141.827fF, i=0.000fF, icg=0.000fF, dcg=0.000fF, l=0.000fF, total=141.827fF
        sink capacitance : total=3532.075fF, avg=0.735fF, sd=0.034fF, min=0.679fF, max=0.757fF
        wire capacitance : top=0.000fF, trunk=133.979fF, leaf=1314.682fF, total=1448.661fF
        wire lengths     : top=0.000um, trunk=1024.510um, leaf=9442.630um, total=10467.140um
        hp wire lengths  : top=0.000um, trunk=697.784um, leaf=2620.216um, total=3318.000um
      Clock DAG net violations after 'PostConditioning Fixing Skew by cell sizing': none
      Clock DAG primary half-corner transition distribution after 'PostConditioning Fixing Skew by cell sizing':
        Trunk : target=87.8ps count=7 avg=44.1ps sd=7.6ps min=34.6ps max=51.5ps {7 <= 52.7ps, 0 <= 70.2ps, 0 <= 79.0ps, 0 <= 83.4ps, 0 <= 87.8ps}
        Leaf  : target=87.8ps count=49 avg=79.0ps sd=4.5ps min=71.8ps max=87.4ps {0 <= 52.7ps, 0 <= 70.2ps, 26 <= 79.0ps, 13 <= 83.4ps, 10 <= 87.8ps}
      Clock DAG library cell distribution after 'PostConditioning Fixing Skew by cell sizing' {count}:
         Bufs: SC8T_BUFX16_CSC28L: 4 SC8T_BUFX12_CSC28L: 32 SC8T_BUFX10_CSC28L: 19 
      Primary reporting skew groups after 'PostConditioning Fixing Skew by cell sizing':
        skew_group clk/functional: insertion delay [min=193.1, max=225.8, avg=215.2, sd=5.9], skew [32.7 vs 53.8], 100% {193.1, 225.8} (wid=50.3 ws=32.0) (gid=190.1 gs=22.5)
      Skew group summary after 'PostConditioning Fixing Skew by cell sizing':
        skew_group clk/functional: insertion delay [min=193.1, max=225.8, avg=215.2, sd=5.9], skew [32.7 vs 53.8], 100% {193.1, 225.8} (wid=50.3 ws=32.0) (gid=190.1 gs=22.5)
      Legalizer API calls during this step: 0 succeeded with high effort: 0 succeeded with medium effort: 0 succeeded with low effort: 0 succeeded with basic effort: 0 succeeded with basic unbounded effort: 0
    PostConditioning Fixing Skew by cell sizing done. (took cpu=0:00:00.2 real=0:00:00.2)
      flow.cputime  flow.realtime  timing.setup.tns  timing.setup.wns  snapshot
UM:*                                                                   PostConditioning Fixing Skew by cell sizing
    Reconnecting optimized routes...
    Reset timing graph...
Ignoring AAE DB Resetting ...
    Reset timing graph done.
    Reconnecting optimized routes done. (took cpu=0:00:00.1 real=0:00:00.1)
Skipping place_detail: no changes were made during DRV and/or skew fixing steps so it is unnecessary.
  PostConditioning done.
Net route status summary:
  Clock:        56 (unrouted=0, trialRouted=0, noStatus=0, routed=0, fixed=56, [crossesIlmBoundary=0, tooFewTerms=0, (crossesIlmBoundary AND tooFewTerms=0)])
  Non-clock: 57142 (unrouted=19693, trialRouted=37449, noStatus=0, routed=0, fixed=0, [crossesIlmBoundary=0, tooFewTerms=19693, (crossesIlmBoundary AND tooFewTerms=0)])
  Update timing and DAG stats after post-conditioning...
  Update timing and DAG stats after post-conditioning done. (took cpu=0:00:00.0 real=0:00:00.0)
  Clock tree timing engine global stage delay update for WC_dc:setup.late...
  Clock tree timing engine global stage delay update for WC_dc:setup.late done. (took cpu=0:00:00.3 real=0:00:00.1)
  Clock DAG stats after post-conditioning:
    cell counts      : b=55, i=0, icg=0, dcg=0, l=0, total=55
    sink counts      : regular=4808, enable_latch=0, load_capacitance=0, antenna=0, node_sink=0, total=4808
    misc counts      : r=1, pp=0
    cell areas       : b=67.359um^2, i=0.000um^2, icg=0.000um^2, dcg=0.000um^2, l=0.000um^2, total=67.359um^2
    cell capacitance : b=141.827fF, i=0.000fF, icg=0.000fF, dcg=0.000fF, l=0.000fF, total=141.827fF
    sink capacitance : total=3532.075fF, avg=0.735fF, sd=0.034fF, min=0.679fF, max=0.757fF
    wire capacitance : top=0.000fF, trunk=133.979fF, leaf=1314.682fF, total=1448.661fF
    wire lengths     : top=0.000um, trunk=1024.510um, leaf=9442.630um, total=10467.140um
    hp wire lengths  : top=0.000um, trunk=697.784um, leaf=2620.216um, total=3318.000um
  Clock DAG net violations after post-conditioning: none
  Clock DAG primary half-corner transition distribution after post-conditioning:
    Trunk : target=87.8ps count=7 avg=44.1ps sd=7.6ps min=34.6ps max=51.5ps {7 <= 52.7ps, 0 <= 70.2ps, 0 <= 79.0ps, 0 <= 83.4ps, 0 <= 87.8ps}
    Leaf  : target=87.8ps count=49 avg=79.0ps sd=4.5ps min=71.8ps max=87.4ps {0 <= 52.7ps, 0 <= 70.2ps, 26 <= 79.0ps, 13 <= 83.4ps, 10 <= 87.8ps}
  Clock DAG library cell distribution after post-conditioning {count}:
     Bufs: SC8T_BUFX16_CSC28L: 4 SC8T_BUFX12_CSC28L: 32 SC8T_BUFX10_CSC28L: 19 
  Primary reporting skew groups after post-conditioning:
    skew_group clk/functional: insertion delay [min=193.1, max=225.8, avg=215.2, sd=5.9], skew [32.7 vs 53.8], 100% {193.1, 225.8} (wid=50.3 ws=32.0) (gid=190.1 gs=22.5)
  Skew group summary after post-conditioning:
    skew_group clk/functional: insertion delay [min=193.1, max=225.8, avg=215.2, sd=5.9], skew [32.7 vs 53.8], 100% {193.1, 225.8} (wid=50.3 ws=32.0) (gid=190.1 gs=22.5)
  CCOpt::Phase::PostConditioning done. (took cpu=0:00:03.0 real=0:00:02.7)
      flow.cputime  flow.realtime  timing.setup.tns  timing.setup.wns  snapshot
UM:*                                                                   CCOpt::Phase::PostConditioning
  Post-balance tidy up or trial balance steps...
  
  Clock DAG stats at end of CTS:
  ==============================
  
  --------------------------------------------------------
  Cell type                 Count    Area      Capacitance
  --------------------------------------------------------
  Buffers                    55      67.359      141.827
  Inverters                   0       0.000        0.000
  Integrated Clock Gates      0       0.000        0.000
  Discrete Clock Gates        0       0.000        0.000
  Clock Logic                 0       0.000        0.000
  All                        55      67.359      141.827
  --------------------------------------------------------
  
  
  Clock DAG sink counts at end of CTS:
  ====================================
  
  -------------------------
  Sink type           Count
  -------------------------
  Regular             4808
  Enable Latch           0
  Load Capacitance       0
  Antenna Diode          0
  Node Sink              0
  Total               4808
  -------------------------
  
  
  Clock DAG wire lengths at end of CTS:
  =====================================
  
  --------------------
  Type     Wire Length
  --------------------
  Top           0.000
  Trunk      1024.510
  Leaf       9442.630
  Total     10467.140
  --------------------
  
  
  Clock DAG hp wire lengths at end of CTS:
  ========================================
  
  -----------------------
  Type     hp Wire Length
  -----------------------
  Top            0.000
  Trunk        697.784
  Leaf        2620.216
  Total       3318.000
  -----------------------
  
  
  Clock DAG capacitances at end of CTS:
  =====================================
  
  -----------------------------------------
  Type     Gate        Wire        Total
  -----------------------------------------
  Top         0.000       0.000       0.000
  Trunk     141.827     133.979     275.806
  Leaf     3532.075    1314.682    4846.757
  Total    3673.903    1448.661    5122.563
  -----------------------------------------
  
  
  Clock DAG sink capacitances at end of CTS:
  ==========================================
  
  --------------------------------------------------
  Total       Average    Std. Dev.    Min      Max
  --------------------------------------------------
  3532.075     0.735       0.034      0.679    0.757
  --------------------------------------------------
  
  
  Clock DAG net violations at end of CTS:
  =======================================
  
  None
  
  
  Clock DAG primary half-corner transition distribution at end of CTS:
  ====================================================================
  
  ----------------------------------------------------------------------------------------------------------------------------------------------------------
  Net Type    Target    Count    Average    Std. Dev.    Min     Max     Distribution                                                            Over Target
  ----------------------------------------------------------------------------------------------------------------------------------------------------------
  Trunk        87.8       7       44.1         7.6       34.6    51.5    {7 <= 52.7ps, 0 <= 70.2ps, 0 <= 79.0ps, 0 <= 83.4ps, 0 <= 87.8ps}            -
  Leaf         87.8      49       79.0         4.5       71.8    87.4    {0 <= 52.7ps, 0 <= 70.2ps, 26 <= 79.0ps, 13 <= 83.4ps, 10 <= 87.8ps}         -
  ----------------------------------------------------------------------------------------------------------------------------------------------------------
  
  
  Clock DAG library cell distribution at end of CTS:
  ==================================================
  
  ---------------------------------------------------
  Name                  Type      Inst     Inst Area 
                                  Count    (um^2)
  ---------------------------------------------------
  SC8T_BUFX16_CSC28L    buffer      4         6.656
  SC8T_BUFX12_CSC28L    buffer     32        40.468
  SC8T_BUFX10_CSC28L    buffer     19        20.234
  ---------------------------------------------------
  
  
  Primary reporting skew groups summary at end of CTS:
  ====================================================
  
  ---------------------------------------------------------------------------------------------------------------------------------------------------------------
  Half-corner         Skew Group        Min ID    Max ID    Skew    Skew target    Wire skew    Worst sink skew    Average ID    Std.Dev    Skew window occupancy
  ---------------------------------------------------------------------------------------------------------------------------------------------------------------
  WC_dc:setup.late    clk/functional    193.1     225.8     32.7       53.8          32.0            17.6            215.2         5.9      100% {193.1, 225.8}
  ---------------------------------------------------------------------------------------------------------------------------------------------------------------
  
  
  Skew group summary at end of CTS:
  =================================
  
  ---------------------------------------------------------------------------------------------------------------------------------------------------------------
  Half-corner         Skew Group        Min ID    Max ID    Skew    Skew target    Wire skew    Worst sink skew    Average ID    Std.Dev    Skew window occupancy
  ---------------------------------------------------------------------------------------------------------------------------------------------------------------
  WC_dc:setup.late    clk/functional    193.1     225.8     32.7       53.8          32.0            17.6            215.2         5.9      100% {193.1, 225.8}
  ---------------------------------------------------------------------------------------------------------------------------------------------------------------
  
  
  Found a total of 0 clock tree pins with a slew violation.
  
  Post-balance tidy up or trial balance steps done. (took cpu=0:00:00.2 real=0:00:00.2)
      flow.cputime  flow.realtime  timing.setup.tns  timing.setup.wns  snapshot
UM:*                                                                   Post-balance tidy up or trial balance steps
Synthesizing clock trees done.
Tidy Up And Update Timing...
External - Set all clocks to propagated mode...
Innovus updating I/O latencies
AAE_INFO: opIsDesignInPostRouteState() is 0
#################################################################################
# Design Stage: PreRoute
# Design Name: Silago_bot
# Design Mode: 90nm
# Analysis Mode: MMMC Non-OCV 
# Parasitics Mode: No SPEF/RCDB 
# Signoff Settings: SI Off 
#################################################################################
Start delay calculation (fullDC) (8 T). (MEM=48101.3)
Total number of fetched objects 37584
AAE_INFO: Total number of nets for which stage creation was skipped for all views 0
Total number of fetched objects 37584
AAE_INFO: Total number of nets for which stage creation was skipped for all views 0
Total number of fetched objects 37584
AAE_INFO: Total number of nets for which stage creation was skipped for all views 0
End delay calculation. (MEM=48480.7 CPU=0:00:03.9 REAL=0:00:01.0)
End delay calculation (fullDC). (MEM=48480.7 CPU=0:00:10.8 REAL=0:00:03.0)
	Clock: clk, View: AVF_RCTYP, Ideal Latency: 0, Propagated Latency: 183.749
	 Executing: set_clock_latency -source -early -min -rise -183.749 [get_pins clk]
	Clock: clk, View: AVF_RCTYP, Ideal Latency: 0, Propagated Latency: 183.749
	 Executing: set_clock_latency -source -late -min -rise -183.749 [get_pins clk]
	Clock: clk, View: AVF_RCTYP, Ideal Latency: 0, Propagated Latency: 178.967
	 Executing: set_clock_latency -source -early -min -fall -178.967 [get_pins clk]
	Clock: clk, View: AVF_RCTYP, Ideal Latency: 0, Propagated Latency: 178.967
	 Executing: set_clock_latency -source -late -min -fall -178.967 [get_pins clk]
	Clock: clk, View: AVF_RCBEST, Ideal Latency: 0, Propagated Latency: 171.003
	 Executing: set_clock_latency -source -early -min -rise -171.003 [get_pins clk]
	Clock: clk, View: AVF_RCBEST, Ideal Latency: 0, Propagated Latency: 171.003
	 Executing: set_clock_latency -source -late -min -rise -171.003 [get_pins clk]
	Clock: clk, View: AVF_RCBEST, Ideal Latency: 0, Propagated Latency: 156.257
	 Executing: set_clock_latency -source -early -min -fall -156.257 [get_pins clk]
	Clock: clk, View: AVF_RCBEST, Ideal Latency: 0, Propagated Latency: 156.257
	 Executing: set_clock_latency -source -late -min -fall -156.257 [get_pins clk]
	Clock: clk, View: AVF_RCWORST, Ideal Latency: 0, Propagated Latency: 266.36
	 Executing: set_clock_latency -source -early -max -rise -266.36 [get_pins clk]
	Clock: clk, View: AVF_RCWORST, Ideal Latency: 0, Propagated Latency: 266.36
	 Executing: set_clock_latency -source -late -max -rise -266.36 [get_pins clk]
	Clock: clk, View: AVF_RCWORST, Ideal Latency: 0, Propagated Latency: 250.942
	 Executing: set_clock_latency -source -early -max -fall -250.942 [get_pins clk]
	Clock: clk, View: AVF_RCWORST, Ideal Latency: 0, Propagated Latency: 250.942
	 Executing: set_clock_latency -source -late -max -fall -250.942 [get_pins clk]
Setting all clocks to propagated mode.
External - Set all clocks to propagated mode done. (took cpu=0:00:21.0 real=0:00:06.1)
Clock DAG stats after update timingGraph:
  cell counts      : b=55, i=0, icg=0, dcg=0, l=0, total=55
  sink counts      : regular=4808, enable_latch=0, load_capacitance=0, antenna=0, node_sink=0, total=4808
  misc counts      : r=1, pp=0
  cell areas       : b=67.359um^2, i=0.000um^2, icg=0.000um^2, dcg=0.000um^2, l=0.000um^2, total=67.359um^2
  cell capacitance : b=141.827fF, i=0.000fF, icg=0.000fF, dcg=0.000fF, l=0.000fF, total=141.827fF
  sink capacitance : total=3532.075fF, avg=0.735fF, sd=0.034fF, min=0.679fF, max=0.757fF
  wire capacitance : top=0.000fF, trunk=133.979fF, leaf=1314.682fF, total=1448.661fF
  wire lengths     : top=0.000um, trunk=1024.510um, leaf=9442.630um, total=10467.140um
  hp wire lengths  : top=0.000um, trunk=697.784um, leaf=2620.216um, total=3318.000um
Clock DAG net violations after update timingGraph: none
Clock DAG primary half-corner transition distribution after update timingGraph:
  Trunk : target=87.8ps count=7 avg=44.1ps sd=7.6ps min=34.6ps max=51.5ps {7 <= 52.7ps, 0 <= 70.2ps, 0 <= 79.0ps, 0 <= 83.4ps, 0 <= 87.8ps}
  Leaf  : target=87.8ps count=49 avg=79.0ps sd=4.5ps min=71.8ps max=87.4ps {0 <= 52.7ps, 0 <= 70.2ps, 26 <= 79.0ps, 13 <= 83.4ps, 10 <= 87.8ps}
Clock DAG library cell distribution after update timingGraph {count}:
   Bufs: SC8T_BUFX16_CSC28L: 4 SC8T_BUFX12_CSC28L: 32 SC8T_BUFX10_CSC28L: 19 
Primary reporting skew groups after update timingGraph:
  skew_group clk/functional: insertion delay [min=193.1, max=225.8, avg=215.2, sd=5.9], skew [32.7 vs 53.8], 100% {193.1, 225.8} (wid=50.3 ws=32.0) (gid=190.1 gs=22.5)
Skew group summary after update timingGraph:
  skew_group clk/functional: insertion delay [min=193.1, max=225.8, avg=215.2, sd=5.9], skew [32.7 vs 53.8], 100% {193.1, 225.8} (wid=50.3 ws=32.0) (gid=190.1 gs=22.5)
Logging CTS constraint violations...
  No violations found.
Logging CTS constraint violations done.
Tidy Up And Update Timing done. (took cpu=0:00:21.6 real=0:00:06.7)
      flow.cputime  flow.realtime  timing.setup.tns  timing.setup.wns  snapshot
UM:*                                                                   Tidy Up And Update Timing
Copying last skew targets (including wire skew targets) from clk/functional to clk/functional_AVF_RCTYP (the duplicate skew group).
Copying last insertion target (including wire insertion delay target) from clk/functional to clk/functional_AVF_RCTYP (the duplicate skew group).
Copying last skew targets (including wire skew targets) from clk/functional to clk/functional_AVF_RCWORST (the duplicate skew group).
Copying last insertion target (including wire insertion delay target) from clk/functional to clk/functional_AVF_RCWORST (the duplicate skew group).
Runtime done. (took cpu=0:05:08 real=0:02:15)
Runtime Summary
===============
Clock Runtime:  (53%) Core CTS          65.12 (Init 8.53, Construction 17.08, Implementation 29.52, eGRPC 3.70, PostConditioning 2.66, Other 3.63)
Clock Runtime:  (28%) CTS services      34.75 (RefinePlace 4.45, EarlyGlobalClock 3.54, NanoRoute 24.05, ExtractRC 2.71, TimingAnalysis 0.00)
Clock Runtime:  (17%) Other CTS         21.73 (Init 2.88, CongRepair/EGR-DP 12.78, TimingUpdate 6.06, Other 0.00)
Clock Runtime: (100%) Total            121.60

Leaving CCOpt scope - Cleaning up placement interface...
Leaving CCOpt scope - Cleaning up placement interface done. (took cpu=0:00:00.2 real=0:00:00.1)
*** CTS #1 [finish] (ccopt_design #1) : cpu/real = 0:04:55.0/0:02:03.1 (2.4), totSession cpu/real = 0:33:05.4/0:09:46.0 (3.4), mem = 47705.6M
Synthesizing clock trees with CCOpt done.
      flow.cputime  flow.realtime  timing.setup.tns  timing.setup.wns  snapshot
UM:*                                                                   cts
**WARN: (IMPSP-9025):	No scan chain specified/traced.
Type 'man IMPSP-9025' for more detail.
**opt_design ... cpu = 0:00:00, real = 0:00:00, mem = 2683.8M, totSessionCpu=0:33:06 **
GigaOpt running with 8 threads.
*** InitOpt #1 [begin] (ccopt_design #1) : totSession cpu/real = 0:33:05.6/0:09:46.2 (3.4), mem = 10512.6M
**INFO: set_db design_flow_effort standard -> setting 'set_db opt_all_end_points true' for the duration of this command.
Need call spDPlaceInit before registerPrioInstLoc.

**Info: (IMPSP-2062): Some of the PG shapes may not be colorized properly in this design, users are required to run command colorizePowerMesh before any placement related commands!
Setting timing_disable_library_data_to_data_checks to 'true'.
Setting timing_disable_user_data_to_data_checks to 'true'.
**opt_design ... cpu = 0:00:10, real = 0:00:05, mem = 2632.0M, totSessionCpu=0:33:16 **
*** opt_design -post_cts ***
DRC Margin: user margin 0.0; extra margin 0.2
Hold Target Slack: user slack 0
Setup Target Slack: user slack 0; extra slack 0.0
set_db opt_useful_skew_eco_route false
No user sequential activity specified, applying default sequential activity of "0.2" for Dynamic Power reporting.
'set_default_switching_activity' finished successfully.

Multi-VT timing optimization disabled based on library information.
Start to check current routing status for nets...
All nets are already routed correctly.
End to check current routing status for nets (mem=4200.7M)
AAE DB initialization (MEM=4256.33 CPU=0:00:00.0 REAL=0:00:00.0) 

Footprint cell information for calculating maxBufDist
*info: There are 21 candidate Buffer cells
*info: There are 20 candidate Inverter cells

Compute RC Scale Done ...

Starting delay calculation for Setup views
AAE_INFO: opIsDesignInPostRouteState() is 0
#################################################################################
# Design Stage: PreRoute
# Design Name: Silago_bot
# Design Mode: 90nm
# Analysis Mode: MMMC Non-OCV 
# Parasitics Mode: No SPEF/RCDB 
# Signoff Settings: SI Off 
#################################################################################
Calculate delays in BcWc mode...
Start delay calculation (fullDC) (8 T). (MEM=4404.17)
Total number of fetched objects 37584
AAE_INFO: Total number of nets for which stage creation was skipped for all views 0
End delay calculation. (MEM=4913.56 CPU=0:00:18.2 REAL=0:00:03.0)
End delay calculation (fullDC). (MEM=4913.56 CPU=0:00:22.5 REAL=0:00:05.0)
*** Done Building Timing Graph (cpu=0:00:30.1 real=0:00:07.0 totSessionCpu=0:33:52 mem=4849.6M)

------------------------------------------------------------------
             Initial Summary
------------------------------------------------------------------

Setup views included:
 AVF_RCWORST 

+--------------------+---------+---------+---------+
|     Setup mode     |   all   | reg2reg | default |
+--------------------+---------+---------+---------+
|           WNS (ns):| -9.992  | -9.992  | -7.495  |
|           TNS (ns):|-750.095 |-292.947 |-662.982 |
|    Violating Paths:|   238   |   36    |   236   |
|          All Paths:|  5106   |  4770   |  3393   |
+--------------------+---------+---------+---------+

+----------------+-------------------------------+------------------+
|                |              Real             |       Total      |
|    DRVs        +------------------+------------+------------------|
|                |  Nr nets(terms)  | Worst Vio  |  Nr nets(terms)  |
+----------------+------------------+------------+------------------+
|   max_cap      |   1006 (1006)    |   -5.828   |   1006 (1006)    |
|   max_tran     |   2770 (29342)   |   -7.353   |   2770 (29478)   |
|   max_fanout   |      0 (0)       |     0      |      0 (0)       |
|   max_length   |      0 (0)       |     0      |      0 (0)       |
+----------------+------------------+------------+------------------+


Density: 53.914%
------------------------------------------------------------------
**opt_design ... cpu = 0:00:49, real = 0:00:19, mem = 2609.1M, totSessionCpu=0:33:54 **
*** InitOpt #1 [finish] (ccopt_design #1) : cpu/real = 0:00:48.5/0:00:19.3 (2.5), totSession cpu/real = 0:33:54.2/0:10:05.6 (3.4), mem = 4581.6M
** INFO : this run is activating low effort ccoptDesign flow

**Info: (IMPSP-2062): Some of the PG shapes may not be colorized properly in this design, users are required to run command colorizePowerMesh before any placement related commands!
OPTC: m1 20.0 20.0
#optDebug: fT-E <X 2 0 0 1>
-congRepairInPostCTS false                 # bool, default=false, private
GigaOpt Checkpoint: Internal congRefineRouteType -postCTS -congThreshold 0.001 -rescheduleForCongestion -numThreads 8 -resetVeryShortNets -resetShortNets -useSpineBased -rescheduleForAdherence -minSlack 21.2
Begin: GigaOpt Route Type Constraints Refinement
*** CongRefineRouteType #1 [begin] (ccopt_design #1) : totSession cpu/real = 0:34:00.2/0:10:07.3 (3.4), mem = 4549.6M
Updated routing constraints on 0 nets.
Bottom Preferred Layer:
+-----------+------------+----------+
|   Layer   |    CLK     |   Rule   |
+-----------+------------+----------+
| C1 (z=3)  |         56 | default  |
+-----------+------------+----------+
Via Pillar Rule:
    None
*** CongRefineRouteType #1 [finish] (ccopt_design #1) : cpu/real = 0:00:00.4/0:00:00.3 (1.3), totSession cpu/real = 0:34:00.5/0:10:07.6 (3.4), mem = 4581.6M
End: GigaOpt Route Type Constraints Refinement
*** SimplifyNetlist #1 [begin] (ccopt_design #1) : totSession cpu/real = 0:34:00.6/0:10:07.6 (3.4), mem = 4581.6M
Info: 56 nets with fixed/cover wires excluded.
Info: 56 clock nets excluded from IPO operation.

**Info: (IMPSP-2062): Some of the PG shapes may not be colorized properly in this design, users are required to run command colorizePowerMesh before any placement related commands!
Usable buffer cells for single buffer setup transform:
SC8T_BUFX0P5_A_CSC28L SC8T_BUFX2_CSC28L SC8T_BUFX1P5_CSC28L SC8T_CKBUFX2_CSC28L SC8T_BUFX3_CSC28L SC8T_BUFX4_MR_CSC28L SC8T_BUFX4_CSC28L SC8T_CKBUFX4_CSC28L SC8T_BUFX6_CSC28L SC8T_CKBUFX6_CSC28L SC8T_BUFX8_CSC28L SC8T_CKBUFX8_CSC28L SC8T_CKBUFX10_CSC28L SC8T_BUFX12_CSC28L SC8T_CKBUFX12_CSC28L SC8T_BUFX16_CSC28L SC8T_CKBUFX16_CSC28L SC8T_BUFX20_CSC28L SC8T_CKBUFX20_CSC28L SC8T_BUFX24_CSC28L SC8T_CKBUFX24_CSC28L 
Number of usable buffer cells above: 21

Netlist preparation processing... 
Removed 137 instances
*info: Marking 0 isolation instances dont touch
*info: Marking 0 level shifter instances dont touch
*** SimplifyNetlist #1 [finish] (ccopt_design #1) : cpu/real = 0:00:06.3/0:00:05.5 (1.1), totSession cpu/real = 0:34:06.9/0:10:13.1 (3.3), mem = 4593.5M
*** Starting optimizing excluded clock nets MEM= 4593.5M) ***
*info: No excluded clock nets to be optimized.
*** Finished optimizing excluded clock nets (CPU Time= 0:00:00.0  MEM= 4593.5M) ***
*** Starting optimizing excluded clock nets MEM= 4593.5M) ***
*info: No excluded clock nets to be optimized.
*** Finished optimizing excluded clock nets (CPU Time= 0:00:00.0  MEM= 4593.5M) ***
Info: Done creating the CCOpt slew target map.
Begin: GigaOpt high fanout net optimization
GigaOpt HFN: use maxLocalDensity 1.2
GigaOpt Checkpoint: Internal optDRV -useLevelizedBufferTreeOnly -auxMaxFanoutCountLimit 500 -largeScaleFixing -maxIter 1 -maxLocalDensity 1.2 -numThreads 8 -postCTS -preRouteDontEndWithRefinePlaceIncrSteinerRouteDC
*** DrvOpt #1 [begin] (ccopt_design #1) : totSession cpu/real = 0:34:07.0/0:10:13.2 (3.3), mem = 4593.5M
Info: 56 nets with fixed/cover wires excluded.
Info: 56 clock nets excluded from IPO operation.

**Info: (IMPSP-2062): Some of the PG shapes may not be colorized properly in this design, users are required to run command colorizePowerMesh before any placement related commands!
+---------+---------+--------+--------+------------+--------+
| Density | Commits |  WNS   |  TNS   |    Real    |  Mem   |
+---------+---------+--------+--------+------------+--------+
|   53.75%|        -|  -9.874|-745.871|   0:00:00.0| 4979.1M|
|   53.84%|       81|  -9.874|-745.878|   0:00:02.0| 5227.5M|
+---------+---------+--------+--------+------------+--------+

*** Finish post-CTS High Fanout Net Fixing (cpu=0:00:05.1 real=0:00:02.0 mem=5227.5M) ***
Bottom Preferred Layer:
+-----------+------------+----------+
|   Layer   |    CLK     |   Rule   |
+-----------+------------+----------+
| C1 (z=3)  |         56 | default  |
+-----------+------------+----------+
Via Pillar Rule:
    None
*** DrvOpt #1 [finish] (ccopt_design #1) : cpu/real = 0:00:10.4/0:00:04.9 (2.1), totSession cpu/real = 0:34:17.4/0:10:18.1 (3.3), mem = 4673.7M
GigaOpt HFN: restore maxLocalDensity to 0.98
End: GigaOpt high fanout net optimization
Begin: GigaOpt DRV Optimization
GigaOpt Checkpoint: Internal optDRV -max_tran -max_cap -maxLocalDensity 0.98 -numThreads 8 -smallScaleFixing -maxIter 3 -setupTNSCostFactor 3.0 -postCTS
*** DrvOpt #2 [begin] (ccopt_design #1) : totSession cpu/real = 0:34:18.4/0:10:19.0 (3.3), mem = 4673.7M
Info: 56 nets with fixed/cover wires excluded.
Info: 56 clock nets excluded from IPO operation.

**Info: (IMPSP-2062): Some of the PG shapes may not be colorized properly in this design, users are required to run command colorizePowerMesh before any placement related commands!
+-------------------------------------------------------------------------------------------------------------------------------------------------------+
|        max-tran       |        max-cap        |  max-fanout |  max-length |       setup       |        |        |        |       |          |         |
+-------------------------------------------------------------------------------------------------------------------------------------------------------+
| nets | terms|  wViol  | nets | terms|  wViol  | nets | terms| nets | terms|   WNS   |   TNS   |  #Buf  |  #Inv  | #Resize|Density|   Real   |   Mem   |
+-------------------------------------------------------------------------------------------------------------------------------------------------------+
|  3190| 33985|    -7.46|  1222|  1222|    -0.23|     0|     0|     0|     0|    -9.87|  -745.88|       0|       0|       0| 53.84%|          |         |
|    41|  1184|    -0.39|     4|     4|    -0.01|     0|     0|     0|     0|    -6.69|  -347.88|    1772|     617|     377| 56.02%| 0:00:20.0|  6095.5M|
|     0|     0|     0.00|     0|     0|     0.00|     0|     0|     0|     0|    -6.69|  -347.87|       3|       0|      32| 56.03%| 0:00:01.0|  6095.5M|
|     0|     0|     0.00|     0|     0|     0.00|     0|     0|     0|     0|    -6.69|  -347.87|       0|       0|       0| 56.03%| 0:00:00.0|  6095.5M|
+-------------------------------------------------------------------------------------------------------------------------------------------------------+
Bottom Preferred Layer:
+-----------+------------+----------+
|   Layer   |    CLK     |   Rule   |
+-----------+------------+----------+
| C1 (z=3)  |         56 | default  |
+-----------+------------+----------+
Via Pillar Rule:
    None

*** Finish DRV Fixing (cpu=0:02:03 real=0:00:22.0 mem=6095.5M) ***


*** Starting place_detail (0:36:28 mem=5535.5M) ***
Total net bbox length = 4.084e+05 (2.130e+05 1.954e+05) (ext = 4.845e+04)

**Info: (IMPSP-2062): Some of the PG shapes may not be colorized properly in this design, users are required to run command colorizePowerMesh before any placement related commands!
**WARN: (IMPSP-5140):	Global net connect rules have not been created. Added  insts would have no supply connectivity, and would fail DRC.
Type 'man IMPSP-5140' for more detail.
**WARN: (IMPSP-315):	Found 37794 instances insts with no PG Term connections.
Type 'man IMPSP-315' for more detail.
Move report: Detail placement moves 5474 insts, mean move: 0.67 um, max move: 10.76 um 
	Max move on inst (SILEGO_cell/swb/FE_OFC1389_h_bus_reg_in_out1_4_right_14): (197.39, 97.92) --> (188.55, 96.00)
	Runtime: CPU: 0:00:06.8 REAL: 0:00:03.0 MEM: 5544.7MB
Summary Report:
Instances move: 5474 (out of 37739 movable)
Instances flipped: 132
Mean displacement: 0.67 um
Max displacement: 10.76 um (Instance: SILEGO_cell/swb/FE_OFC1389_h_bus_reg_in_out1_4_right_14) (197.392, 97.92) -> (188.552, 96)
	Length: 25 sites, height: 1 rows, site name: SC8T_104CPP_CMOS22FDX, cell type: SC8T_BUFX16_CSC28L
Total net bbox length = 4.109e+05 (2.148e+05 1.961e+05) (ext = 4.998e+04)
Runtime: CPU: 0:00:06.9 REAL: 0:00:03.0 MEM: 5544.7MB
*** Finished place_detail (0:36:35 mem=5544.7M) ***
*** maximum move = 10.76 um ***
*** Finished re-routing un-routed nets (5538.7M) ***

**Info: (IMPSP-2062): Some of the PG shapes may not be colorized properly in this design, users are required to run command colorizePowerMesh before any placement related commands!

*** Finish Physical Update (cpu=0:00:09.2 real=0:00:05.0 mem=5538.7M) ***
*** DrvOpt #2 [finish] (ccopt_design #1) : cpu/real = 0:02:19.0/0:00:32.0 (4.3), totSession cpu/real = 0:36:37.4/0:10:51.0 (3.4), mem = 4971.9M
End: GigaOpt DRV Optimization
GigaOpt DRV: restore maxLocalDensity to 0.98
**opt_design ... cpu = 0:03:32, real = 0:01:05, mem = 3143.2M, totSessionCpu=0:36:37 **
Begin: GigaOpt Global Optimization
*info: use new DP (enabled)
GigaOpt Checkpoint: Internal globalOpt -maxLocalDensity 1.2 -numThreads 8 -postCTS -preRouteDontEndWithRefinePlaceIncrSteinerRouteDC -enableHighLayerOpt -maxIter 50 -maxIterForLEPG 50
Info: 56 nets with fixed/cover wires excluded.
Info: 56 clock nets excluded from IPO operation.
*** GlobalOpt #1 [begin] (ccopt_design #1) : totSession cpu/real = 0:36:37.6/0:10:51.2 (3.4), mem = 4971.9M

**Info: (IMPSP-2062): Some of the PG shapes may not be colorized properly in this design, users are required to run command colorizePowerMesh before any placement related commands!
*info: 56 clock nets excluded
*info: 1098 no-driver nets excluded.
*info: 56 nets with fixed/cover wires excluded.
** GigaOpt Global Opt WNS Slack -6.757  TNS Slack -350.278 
+--------+--------+---------+------------+--------+-----------+---------+----------------------------------------------------+
|  WNS   |  TNS   | Density |    Real    |  Mem   |Worst View |Pathgroup|                     End Point                      |
+--------+--------+---------+------------+--------+-----------+---------+----------------------------------------------------+
|  -6.757|-350.278|   56.03%|   0:00:00.0| 5357.4M|AVF_RCWORST|  reg2reg| SILEGO_cell/MTRF_cell/dpu_gen/U_NACU_0/U_divider/d |
|        |        |         |            |        |           |         | ivision/U_DIV/dpu_gen_U_NACU_0_U_divider_division_ |
|        |        |         |            |        |           |         | link211662_r_REG171_S1/D                           |
|  -5.441|-200.828|   55.62%|   0:00:05.0| 5540.6M|AVF_RCWORST|  default| SILEGO_cell/MTRF_cell/dpu_gen/U_NACU_0/U_divider/d |
|        |        |         |            |        |           |         | ivision/U_DIV/dpu_gen_U_NACU_0_U_divider_division_ |
|        |        |         |            |        |           |         | link211662_r_REG171_S1/D                           |
|  -4.644|-157.898|   55.70%|   0:00:03.0| 5540.6M|AVF_RCWORST|  default| SILEGO_cell/MTRF_cell/dpu_gen/U_NACU_0/U_divider/d |
|        |        |         |            |        |           |         | ivision/U_DIV/dpu_gen_U_NACU_0_U_divider_division_ |
|        |        |         |            |        |           |         | link211662_r_REG171_S1/D                           |
|  -4.644|-157.898|   55.70%|   0:00:00.0| 5543.3M|AVF_RCWORST|  default| SILEGO_cell/MTRF_cell/dpu_gen/U_NACU_0/U_divider/d |
|        |        |         |            |        |           |         | ivision/U_DIV/dpu_gen_U_NACU_0_U_divider_division_ |
|        |        |         |            |        |           |         | link211662_r_REG171_S1/D                           |
|  -2.686| -62.188|   56.09%|   0:00:07.0| 5578.0M|AVF_RCWORST|  default| SILEGO_cell/MTRF_cell/dpu_gen/U_NACU_0/U_divider/d |
|        |        |         |            |        |           |         | ivision/U_DIV/dpu_gen_U_NACU_0_U_divider_division_ |
|        |        |         |            |        |           |         | link211662_r_REG171_S1/D                           |
|  -2.463| -53.323|   56.13%|   0:00:05.0| 5589.1M|AVF_RCWORST|  default| SILEGO_cell/MTRF_cell/dpu_gen/U_NACU_0/U_divider/d |
|        |        |         |            |        |           |         | ivision/U_DIV/dpu_gen_U_NACU_0_U_divider_division_ |
|        |        |         |            |        |           |         | link211662_r_REG171_S1/D                           |
|  -2.386| -50.197|   56.16%|   0:00:01.0| 5590.6M|AVF_RCWORST|  default| SILEGO_cell/MTRF_cell/dpu_gen/U_NACU_0/U_divider/d |
|        |        |         |            |        |           |         | ivision/U_DIV/dpu_gen_U_NACU_0_U_divider_division_ |
|        |        |         |            |        |           |         | link211662_r_REG171_S1/D                           |
|  -2.386| -50.197|   56.16%|   0:00:00.0| 5590.6M|AVF_RCWORST|  default| SILEGO_cell/MTRF_cell/dpu_gen/U_NACU_0/U_divider/d |
|        |        |         |            |        |           |         | ivision/U_DIV/dpu_gen_U_NACU_0_U_divider_division_ |
|        |        |         |            |        |           |         | link211662_r_REG171_S1/D                           |
|  -1.673| -26.942|   56.33%|   0:00:03.0| 5609.7M|AVF_RCWORST|  default| SILEGO_cell/MTRF_cell/dpu_gen/U_NACU_0/U_divider/d |
|        |        |         |            |        |           |         | ivision/U_DIV/dpu_gen_U_NACU_0_U_divider_division_ |
|        |        |         |            |        |           |         | link211662_r_REG171_S1/D                           |
|  -1.633| -25.765|   56.34%|   0:00:02.0| 5609.7M|AVF_RCWORST|  default| SILEGO_cell/MTRF_cell/dpu_gen/U_NACU_0/U_divider/d |
|        |        |         |            |        |           |         | ivision/U_DIV/dpu_gen_U_NACU_0_U_divider_division_ |
|        |        |         |            |        |           |         | link211662_r_REG171_S1/D                           |
|  -1.633| -25.765|   56.34%|   0:00:00.0| 5609.7M|AVF_RCWORST|  default| SILEGO_cell/MTRF_cell/dpu_gen/U_NACU_0/U_divider/d |
|        |        |         |            |        |           |         | ivision/U_DIV/dpu_gen_U_NACU_0_U_divider_division_ |
|        |        |         |            |        |           |         | link211662_r_REG171_S1/D                           |
|  -1.633| -25.765|   56.34%|   0:00:00.0| 5609.7M|AVF_RCWORST|  default| SILEGO_cell/MTRF_cell/dpu_gen/U_NACU_0/U_divider/d |
|        |        |         |            |        |           |         | ivision/U_DIV/dpu_gen_U_NACU_0_U_divider_division_ |
|        |        |         |            |        |           |         | link211662_r_REG171_S1/D                           |
|  -1.319| -16.971|   56.42%|   0:00:01.0| 5609.7M|AVF_RCWORST|  default| SILEGO_cell/MTRF_cell/dpu_gen/U_NACU_0/U_divider/d |
|        |        |         |            |        |           |         | ivision/U_DIV/dpu_gen_U_NACU_0_U_divider_division_ |
|        |        |         |            |        |           |         | link211662_r_REG171_S1/D                           |
|  -1.237| -14.607|   56.43%|   0:00:02.0| 5609.7M|AVF_RCWORST|  default| SILEGO_cell/MTRF_cell/dpu_gen/U_NACU_0/U_divider/d |
|        |        |         |            |        |           |         | ivision/U_DIV/dpu_gen_U_NACU_0_U_divider_division_ |
|        |        |         |            |        |           |         | link211662_r_REG171_S1/D                           |
|  -1.176| -12.858|   56.43%|   0:00:00.0| 5609.7M|AVF_RCWORST|  default| SILEGO_cell/MTRF_cell/dpu_gen/U_NACU_0/U_divider/d |
|        |        |         |            |        |           |         | ivision/U_DIV/dpu_gen_U_NACU_0_U_divider_division_ |
|        |        |         |            |        |           |         | link211662_r_REG171_S1/D                           |
|  -1.176| -12.858|   56.43%|   0:00:00.0| 5609.7M|AVF_RCWORST|  default| SILEGO_cell/MTRF_cell/dpu_gen/U_NACU_0/U_divider/d |
|        |        |         |            |        |           |         | ivision/U_DIV/dpu_gen_U_NACU_0_U_divider_division_ |
|        |        |         |            |        |           |         | link211662_r_REG171_S1/D                           |
|  -0.993|  -8.105|   56.48%|   0:00:01.0| 5609.7M|AVF_RCWORST|  default| SILEGO_cell/MTRF_cell/dpu_gen/U_NACU_0/U_divider/d |
|        |        |         |            |        |           |         | ivision/U_DIV/dpu_gen_U_NACU_0_U_divider_division_ |
|        |        |         |            |        |           |         | link211662_r_REG171_S1/D                           |
|  -0.984|  -7.976|   56.49%|   0:00:02.0| 5609.7M|AVF_RCWORST|  default| SILEGO_cell/MTRF_cell/dpu_gen/U_NACU_0/U_divider/d |
|        |        |         |            |        |           |         | ivision/U_DIV/dpu_gen_U_NACU_0_U_divider_division_ |
|        |        |         |            |        |           |         | link211662_r_REG171_S1/D                           |
|  -0.984|  -7.976|   56.49%|   0:00:00.0| 5609.7M|AVF_RCWORST|  default| SILEGO_cell/MTRF_cell/dpu_gen/U_NACU_0/U_divider/d |
|        |        |         |            |        |           |         | ivision/U_DIV/dpu_gen_U_NACU_0_U_divider_division_ |
|        |        |         |            |        |           |         | link211662_r_REG171_S1/D                           |
|  -0.984|  -7.976|   56.49%|   0:00:00.0| 5609.7M|AVF_RCWORST|  default| SILEGO_cell/MTRF_cell/dpu_gen/U_NACU_0/U_divider/d |
|        |        |         |            |        |           |         | ivision/U_DIV/dpu_gen_U_NACU_0_U_divider_division_ |
|        |        |         |            |        |           |         | link211662_r_REG171_S1/D                           |
|  -0.916|  -7.098|   56.52%|   0:00:01.0| 5619.2M|AVF_RCWORST|  default| SILEGO_cell/MTRF_cell/dpu_gen/U_NACU_0/U_divider/d |
|        |        |         |            |        |           |         | ivision/U_DIV/dpu_gen_U_NACU_0_U_divider_division_ |
|        |        |         |            |        |           |         | link211662_r_REG171_S1/D                           |
|  -0.912|  -7.043|   56.52%|   0:00:01.0| 5619.2M|AVF_RCWORST|  default| SILEGO_cell/MTRF_cell/dpu_gen/U_NACU_0/U_divider/d |
|        |        |         |            |        |           |         | ivision/U_DIV/dpu_gen_U_NACU_0_U_divider_division_ |
|        |        |         |            |        |           |         | link211662_r_REG171_S1/D                           |
|  -0.905|  -6.947|   56.52%|   0:00:00.0| 5619.2M|AVF_RCWORST|  default| SILEGO_cell/MTRF_cell/dpu_gen/U_NACU_0/U_divider/d |
|        |        |         |            |        |           |         | ivision/U_DIV/dpu_gen_U_NACU_0_U_divider_division_ |
|        |        |         |            |        |           |         | link211662_r_REG171_S1/D                           |
|  -0.905|  -6.947|   56.52%|   0:00:00.0| 5619.2M|AVF_RCWORST|  default| SILEGO_cell/MTRF_cell/dpu_gen/U_NACU_0/U_divider/d |
|        |        |         |            |        |           |         | ivision/U_DIV/dpu_gen_U_NACU_0_U_divider_division_ |
|        |        |         |            |        |           |         | link211662_r_REG171_S1/D                           |
|  -0.879|  -6.630|   56.54%|   0:00:01.0| 5619.2M|AVF_RCWORST|  default| SILEGO_cell/MTRF_cell/dpu_gen/U_NACU_0/U_divider/d |
|        |        |         |            |        |           |         | ivision/U_DIV/dpu_gen_U_NACU_0_U_divider_division_ |
|        |        |         |            |        |           |         | link211662_r_REG171_S1/D                           |
|  -0.879|  -6.630|   56.54%|   0:00:01.0| 5619.2M|AVF_RCWORST|  default| SILEGO_cell/MTRF_cell/dpu_gen/U_NACU_0/U_divider/d |
|        |        |         |            |        |           |         | ivision/U_DIV/dpu_gen_U_NACU_0_U_divider_division_ |
|        |        |         |            |        |           |         | link211662_r_REG171_S1/D                           |
+--------+--------+---------+------------+--------+-----------+---------+----------------------------------------------------+

*** Finish post-CTS Global Setup Fixing (cpu=0:02:55 real=0:00:36.0 mem=5619.2M) ***

*** Finish post-CTS Setup Fixing (cpu=0:02:55 real=0:00:36.0 mem=5619.2M) ***
Bottom Preferred Layer:
+-----------+------------+----------+
|   Layer   |    CLK     |   Rule   |
+-----------+------------+----------+
| C1 (z=3)  |         56 | default  |
+-----------+------------+----------+
Via Pillar Rule:
    None
** GigaOpt Global Opt End WNS Slack -0.879  TNS Slack -6.630 
*** GlobalOpt #1 [finish] (ccopt_design #1) : cpu/real = 0:03:03.1/0:00:43.9 (4.2), totSession cpu/real = 0:39:40.7/0:11:35.1 (3.4), mem = 5045.4M
End: GigaOpt Global Optimization
*** Timing NOT met, worst failing slack is -0.879
*** Check timing (0:00:00.1)
GigaOpt Checkpoint: Internal reclaim -numThreads 8 -postCTS -doRemoveUselessTerm -tgtSlackMult 3 -routeType -noRouteTypeResizePolish -noViewPrune -weedwhack -nonLegal -nativePathGroupFlow
Info: 56 nets with fixed/cover wires excluded.
Info: 56 clock nets excluded from IPO operation.


**Info: (IMPSP-2062): Some of the PG shapes may not be colorized properly in this design, users are required to run command colorizePowerMesh before any placement related commands!
Begin: Area Reclaim Optimization
*** AreaOpt #1 [begin] (ccopt_design #1) : totSession cpu/real = 0:39:41.7/0:11:35.9 (3.4), mem = 5430.9M
Usable buffer cells for single buffer setup transform:
SC8T_BUFX0P5_A_CSC28L SC8T_BUFX2_CSC28L SC8T_BUFX1P5_CSC28L SC8T_CKBUFX2_CSC28L SC8T_BUFX3_CSC28L SC8T_BUFX4_MR_CSC28L SC8T_BUFX4_CSC28L SC8T_CKBUFX4_CSC28L SC8T_BUFX6_CSC28L SC8T_CKBUFX6_CSC28L SC8T_BUFX8_CSC28L SC8T_CKBUFX8_CSC28L SC8T_CKBUFX10_CSC28L SC8T_BUFX12_CSC28L SC8T_CKBUFX12_CSC28L SC8T_BUFX16_CSC28L SC8T_CKBUFX16_CSC28L SC8T_BUFX20_CSC28L SC8T_CKBUFX20_CSC28L SC8T_BUFX24_CSC28L SC8T_CKBUFX24_CSC28L 
Number of usable buffer cells above: 21
Reclaim Optimization WNS Slack -0.879  TNS Slack -6.630 Density 56.54
+---------+---------+--------+--------+------------+--------+
| Density | Commits |  WNS   |  TNS   |    Real    |  Mem   |
+---------+---------+--------+--------+------------+--------+
|   56.54%|        -|  -0.879|  -6.630|   0:00:00.0| 5433.0M|
|   56.54%|        3|  -0.878|  -6.611|   0:00:01.0| 5593.5M|
|   56.54%|        2|  -0.878|  -6.611|   0:00:01.0| 5593.5M|
|   56.54%|        1|  -0.878|  -6.611|   0:00:00.0| 5593.5M|
|   56.54%|        1|  -0.878|  -6.611|   0:00:00.0| 5593.5M|
|   56.54%|        0|  -0.878|  -6.611|   0:00:01.0| 5593.5M|
|   56.25%|      285|  -0.878|  -6.611|   0:00:03.0| 5594.7M|
|   56.08%|      255|  -0.878|  -6.611|   0:00:03.0| 5598.7M|
|   56.07%|       22|  -0.878|  -6.611|   0:00:00.0| 5598.7M|
|   56.07%|        0|  -0.878|  -6.611|   0:00:01.0| 5598.7M|
|   56.07%|        0|  -0.878|  -6.611|   0:00:00.0| 5598.7M|
+---------+---------+--------+--------+------------+--------+
Reclaim Optimization End WNS Slack -0.878  TNS Slack -6.611 Density 56.07
Bottom Preferred Layer:
+-----------+------------+----------+
|   Layer   |    CLK     |   Rule   |
+-----------+------------+----------+
| C1 (z=3)  |         56 | default  |
+-----------+------------+----------+
Via Pillar Rule:
    None

Number of times islegalLocAvaiable called = 0 skipped = 0, called in commitmove = 0, skipped in commitmove = 0
End: Core Area Reclaim Optimization (cpu = 0:00:39.0) (real = 0:00:15.0) **
*** AreaOpt #1 [finish] (ccopt_design #1) : cpu/real = 0:00:39.1/0:00:14.5 (2.7), totSession cpu/real = 0:40:20.7/0:11:50.4 (3.4), mem = 5598.7M
Executing incremental physical updates
Executing incremental physical updates
End: Area Reclaim Optimization (cpu=0:00:39, real=0:00:15, mem=5058.82M, totSessionCpu=0:40:21).
Begin: GigaOpt DRV Optimization
GigaOpt Checkpoint: Internal optDRV -max_tran -max_cap -maxLocalDensity 0.98 -numThreads 8 -smallScaleFixing -maxIter 3 -setupTNSCostFactor 3.0 -postCTS
*** DrvOpt #3 [begin] (ccopt_design #1) : totSession cpu/real = 0:40:21.9/0:11:51.3 (3.4), mem = 5058.8M
Info: 56 nets with fixed/cover wires excluded.
Info: 56 clock nets excluded from IPO operation.

**Info: (IMPSP-2062): Some of the PG shapes may not be colorized properly in this design, users are required to run command colorizePowerMesh before any placement related commands!
+-------------------------------------------------------------------------------------------------------------------------------------------------------+
|        max-tran       |        max-cap        |  max-fanout |  max-length |       setup       |        |        |        |       |          |         |
+-------------------------------------------------------------------------------------------------------------------------------------------------------+
| nets | terms|  wViol  | nets | terms|  wViol  | nets | terms| nets | terms|   WNS   |   TNS   |  #Buf  |  #Inv  | #Resize|Density|   Real   |   Mem   |
+-------------------------------------------------------------------------------------------------------------------------------------------------------+
|     6|    59|    -0.10|     5|     5|    -0.00|     0|     0|     0|     0|    -0.88|    -6.61|       0|       0|       0| 56.07%|          |         |
|     0|     0|     0.00|     0|     0|     0.00|     0|     0|     0|     0|    -0.88|    -6.62|      10|       0|       1| 56.08%| 0:00:00.0|  5604.9M|
|     0|     0|     0.00|     0|     0|     0.00|     0|     0|     0|     0|    -0.88|    -6.62|       0|       0|       0| 56.08%| 0:00:00.0|  5604.9M|
+-------------------------------------------------------------------------------------------------------------------------------------------------------+
Bottom Preferred Layer:
+-----------+------------+----------+
|   Layer   |    CLK     |   Rule   |
+-----------+------------+----------+
| C1 (z=3)  |         56 | default  |
+-----------+------------+----------+
Via Pillar Rule:
    None

*** Finish DRV Fixing (cpu=0:00:03.4 real=0:00:01.0 mem=5604.9M) ***


*** Starting place_detail (0:40:31 mem=5604.9M) ***
Total net bbox length = 4.105e+05 (2.148e+05 1.957e+05) (ext = 4.957e+04)

**Info: (IMPSP-2062): Some of the PG shapes may not be colorized properly in this design, users are required to run command colorizePowerMesh before any placement related commands!
**WARN: (IMPSP-5140):	Global net connect rules have not been created. Added  insts would have no supply connectivity, and would fail DRC.
Type 'man IMPSP-5140' for more detail.
**WARN: (IMPSP-315):	Found 37427 instances insts with no PG Term connections.
Type 'man IMPSP-315' for more detail.
Move report: Detail placement moves 3946 insts, mean move: 0.43 um, max move: 6.17 um 
	Max move on inst (SILEGO_cell/swb/FE_OFC3353_h_bus_dpu_in_out1_4_right_0): (198.02, 96.00) --> (193.13, 94.72)
	Runtime: CPU: 0:00:06.6 REAL: 0:00:03.0 MEM: 5611.1MB
Summary Report:
Instances move: 3946 (out of 37372 movable)
Instances flipped: 178
Mean displacement: 0.43 um
Max displacement: 6.17 um (Instance: SILEGO_cell/swb/FE_OFC3353_h_bus_dpu_in_out1_4_right_0) (198.016, 96) -> (193.128, 94.72)
	Length: 19 sites, height: 1 rows, site name: SC8T_104CPP_CMOS22FDX, cell type: SC8T_BUFX12_CSC28L
Total net bbox length = 4.115e+05 (2.155e+05 1.960e+05) (ext = 5.012e+04)
Runtime: CPU: 0:00:06.7 REAL: 0:00:03.0 MEM: 5611.1MB
*** Finished place_detail (0:40:37 mem=5611.1M) ***
*** maximum move = 6.17 um ***
*** Finished re-routing un-routed nets (5606.1M) ***

**Info: (IMPSP-2062): Some of the PG shapes may not be colorized properly in this design, users are required to run command colorizePowerMesh before any placement related commands!

*** Finish Physical Update (cpu=0:00:08.5 real=0:00:05.0 mem=5606.1M) ***
*** DrvOpt #3 [finish] (ccopt_design #1) : cpu/real = 0:00:17.6/0:00:10.4 (1.7), totSession cpu/real = 0:40:39.5/0:12:01.7 (3.4), mem = 5069.2M
End: GigaOpt DRV Optimization
GigaOpt DRV: restore maxLocalDensity to 0.98


------------------------------------------------------------------
     Summary (cpu=0.29min real=0.17min mem=5069.2M)
------------------------------------------------------------------

Setup views included:
 AVF_RCWORST 

+--------------------+---------+---------+---------+
|     Setup mode     |   all   | reg2reg | default |
+--------------------+---------+---------+---------+
|           WNS (ns):| -0.878  |  0.337  | -0.878  |
|           TNS (ns):| -6.617  |  0.000  | -6.617  |
|    Violating Paths:|   22    |    0    |   22    |
|          All Paths:|  5106   |  4770   |  3393   |
+--------------------+---------+---------+---------+

+----------------+-------------------------------+------------------+
|                |              Real             |       Total      |
|    DRVs        +------------------+------------+------------------|
|                |  Nr nets(terms)  | Worst Vio  |  Nr nets(terms)  |
+----------------+------------------+------------+------------------+
|   max_cap      |      0 (0)       |   0.000    |      0 (0)       |
|   max_tran     |      0 (0)       |   0.000    |      0 (0)       |
|   max_fanout   |      0 (0)       |     0      |      0 (0)       |
|   max_length   |      0 (0)       |     0      |      0 (0)       |
+----------------+------------------+------------+------------------+


Density: 56.077%
Routing Overflow: 0.07% H and 0.04% V
------------------------------------------------------------------
**opt_design ... cpu = 0:07:36, real = 0:02:16, mem = 3273.3M, totSessionCpu=0:40:42 **

Active setup views:
 AVF_RCWORST
  Dominating endpoints: 0
  Dominating TNS: -0.000

Begin: GigaOpt Optimization in WNS mode
GigaOpt Checkpoint: Internal optTiming -maxLocalDensity 1.0 -maxLocalDensityForHardenOpt 0.92 -numThreads 8 -postCTS -wtns -integratedAreaOpt -pgMode all -ipoTgtSlackCoef 1.5 -effTgtSlackCoef 1 -nativePathGroupFlow -NDROptEffortAuto -usefulSkew -nonLegalPlaceEcoBumpRecoveryInWNSOpt
Info: 56 nets with fixed/cover wires excluded.
Info: 56 clock nets excluded from IPO operation.
*** WnsOpt #1 [begin] (ccopt_design #1) : totSession cpu/real = 0:40:42.9/0:12:03.7 (3.4), mem = 5242.0M

**Info: (IMPSP-2062): Some of the PG shapes may not be colorized properly in this design, users are required to run command colorizePowerMesh before any placement related commands!
*info: 56 clock nets excluded
*info: 1000 no-driver nets excluded.
*info: 56 nets with fixed/cover wires excluded.
** GigaOpt Optimizer WNS Slack -0.878 TNS Slack -6.617 Density 56.08
OptDebug: Start of Optimizer WNS Pass 0:
+----------+------+------+
|Path Group|   WNS|   TNS|
+----------+------+------+
|default   |-0.878|-6.617|
|reg2reg   | 0.337| 0.000|
|HEPG      | 0.337| 0.000|
|All Paths |-0.878|-6.617|
+----------+------+------+

CCOptDebug: Start of Optimizer WNS Pass 0: reg2reg* WNS 336.9ps TNS 0.0ps; HEPG WNS 336.9ps TNS 0.0ps; all paths WNS -878.1ps TNS -6617.2ps; Real time 0:04:38
Active Path Group: default 
+--------+---------+--------+---------+---------+------------+--------+-----------+---------+----------------------------------------------------+
|  WNS   | All WNS |  TNS   | All TNS | Density |    Real    |  Mem   |Worst View |Pathgroup|                     End Point                      |
+--------+---------+--------+---------+---------+------------+--------+-----------+---------+----------------------------------------------------+
|  -0.878|   -0.878|  -6.617|   -6.617|   56.08%|   0:00:00.0| 5455.8M|AVF_RCWORST|  default| SILEGO_cell/MTRF_cell/dpu_gen/U_NACU_0/U_divider/d |
|        |         |        |         |         |            |        |           |         | ivision/U_DIV/dpu_gen_U_NACU_0_U_divider_division_ |
|        |         |        |         |         |            |        |           |         | link211662_r_REG171_S1/D                           |
|  -0.777|   -0.777|  -5.438|   -5.438|   56.08%|   0:00:02.0| 5615.5M|AVF_RCWORST|  default| SILEGO_cell/MTRF_cell/dpu_gen/U_NACU_0/U_divider/d |
|        |         |        |         |         |            |        |           |         | ivision/U_DIV/dpu_gen_U_NACU_0_U_divider_division_ |
|        |         |        |         |         |            |        |           |         | link211662_r_REG171_S1/D                           |
|  -0.749|   -0.749|  -5.127|   -5.127|   56.08%|   0:00:00.0| 5617.0M|AVF_RCWORST|  default| SILEGO_cell/MTRF_cell/dpu_gen/U_NACU_0/U_divider/d |
|        |         |        |         |         |            |        |           |         | ivision/U_DIV/dpu_gen_U_NACU_0_U_divider_division_ |
|        |         |        |         |         |            |        |           |         | link211662_r_REG171_S1/D                           |
|  -0.730|   -0.730|  -4.926|   -4.926|   56.08%|   0:00:01.0| 5617.0M|AVF_RCWORST|  default| SILEGO_cell/MTRF_cell/dpu_gen/U_NACU_0/U_divider/d |
|        |         |        |         |         |            |        |           |         | ivision/U_DIV/dpu_gen_U_NACU_0_U_divider_division_ |
|        |         |        |         |         |            |        |           |         | link211662_r_REG171_S1/D                           |
|  -0.717|   -0.717|  -4.799|   -4.799|   56.08%|   0:00:00.0| 5617.0M|AVF_RCWORST|  default| SILEGO_cell/MTRF_cell/dpu_gen/U_NACU_0/U_divider/d |
|        |         |        |         |         |            |        |           |         | ivision/U_DIV/dpu_gen_U_NACU_0_U_divider_division_ |
|        |         |        |         |         |            |        |           |         | link211662_r_REG171_S1/D                           |
|  -0.679|   -0.679|  -4.419|   -4.419|   56.08%|   0:00:00.0| 5617.0M|AVF_RCWORST|  default| SILEGO_cell/MTRF_cell/dpu_gen/U_NACU_0/U_divider/d |
|        |         |        |         |         |            |        |           |         | ivision/U_DIV/dpu_gen_U_NACU_0_U_divider_division_ |
|        |         |        |         |         |            |        |           |         | link211662_r_REG171_S1/D                           |
|  -0.632|   -0.632|  -3.966|   -3.966|   56.08%|   0:00:01.0| 5617.0M|AVF_RCWORST|  default| SILEGO_cell/MTRF_cell/dpu_gen/U_NACU_0/U_divider/d |
|        |         |        |         |         |            |        |           |         | ivision/U_DIV/dpu_gen_U_NACU_0_U_divider_division_ |
|        |         |        |         |         |            |        |           |         | link211662_r_REG171_S1/D                           |
|  -0.596|   -0.596|  -3.646|   -3.646|   56.08%|   0:00:00.0| 5619.6M|AVF_RCWORST|  default| SILEGO_cell/MTRF_cell/dpu_gen/U_NACU_0/U_divider/d |
|        |         |        |         |         |            |        |           |         | ivision/U_DIV/dpu_gen_U_NACU_0_U_divider_division_ |
|        |         |        |         |         |            |        |           |         | link211662_r_REG171_S1/D                           |
|  -0.556|   -0.556|  -3.299|   -3.299|   56.08%|   0:00:00.0| 5619.6M|AVF_RCWORST|  default| SILEGO_cell/MTRF_cell/dpu_gen/U_NACU_0/U_divider/d |
|        |         |        |         |         |            |        |           |         | ivision/U_DIV/dpu_gen_U_NACU_0_U_divider_division_ |
|        |         |        |         |         |            |        |           |         | link211662_r_REG171_S1/D                           |
|  -0.527|   -0.527|  -3.063|   -3.063|   56.08%|   0:00:01.0| 5619.6M|AVF_RCWORST|  default| SILEGO_cell/MTRF_cell/dpu_gen/U_NACU_0/U_divider/d |
|        |         |        |         |         |            |        |           |         | ivision/U_DIV/dpu_gen_U_NACU_0_U_divider_division_ |
|        |         |        |         |         |            |        |           |         | link211662_r_REG171_S1/D                           |
|  -0.492|   -0.492|  -2.785|   -2.785|   56.09%|   0:00:00.0| 5619.6M|AVF_RCWORST|  default| SILEGO_cell/MTRF_cell/dpu_gen/U_NACU_0/U_divider/d |
|        |         |        |         |         |            |        |           |         | ivision/U_DIV/dpu_gen_U_NACU_0_U_divider_division_ |
|        |         |        |         |         |            |        |           |         | link211662_r_REG171_S1/D                           |
|  -0.473|   -0.473|  -2.647|   -2.647|   56.09%|   0:00:01.0| 5629.2M|AVF_RCWORST|  default| SILEGO_cell/MTRF_cell/dpu_gen/U_NACU_0/U_divider/d |
|        |         |        |         |         |            |        |           |         | ivision/U_DIV/dpu_gen_U_NACU_0_U_divider_division_ |
|        |         |        |         |         |            |        |           |         | link211662_r_REG171_S1/D                           |
|  -0.465|   -0.465|  -2.590|   -2.590|   56.09%|   0:00:00.0| 5629.2M|AVF_RCWORST|  default| SILEGO_cell/MTRF_cell/dpu_gen/U_NACU_0/U_divider/d |
|        |         |        |         |         |            |        |           |         | ivision/U_DIV/dpu_gen_U_NACU_0_U_divider_division_ |
|        |         |        |         |         |            |        |           |         | link211662_r_REG171_S1/D                           |
|  -0.454|   -0.454|  -2.513|   -2.513|   56.10%|   0:00:00.0| 5629.2M|AVF_RCWORST|  default| SILEGO_cell/MTRF_cell/dpu_gen/U_NACU_0/U_divider/d |
|        |         |        |         |         |            |        |           |         | ivision/U_DIV/dpu_gen_U_NACU_0_U_divider_division_ |
|        |         |        |         |         |            |        |           |         | link211662_r_REG171_S1/D                           |
|  -0.444|   -0.444|  -2.440|   -2.440|   56.10%|   0:00:00.0| 5638.7M|AVF_RCWORST|  default| SILEGO_cell/MTRF_cell/dpu_gen/U_NACU_0/U_divider/d |
|        |         |        |         |         |            |        |           |         | ivision/U_DIV/dpu_gen_U_NACU_0_U_divider_division_ |
|        |         |        |         |         |            |        |           |         | link211662_r_REG171_S1/D                           |
|  -0.430|   -0.430|  -2.342|   -2.342|   56.10%|   0:00:01.0| 5638.7M|AVF_RCWORST|  default| SILEGO_cell/MTRF_cell/dpu_gen/U_NACU_0/U_divider/d |
|        |         |        |         |         |            |        |           |         | ivision/U_DIV/dpu_gen_U_NACU_0_U_divider_division_ |
|        |         |        |         |         |            |        |           |         | link211662_r_REG171_S1/D                           |
|  -0.398|   -0.398|  -2.125|   -2.125|   56.10%|   0:00:00.0| 5638.7M|AVF_RCWORST|  default| SILEGO_cell/MTRF_cell/dpu_gen/U_NACU_0/U_divider/d |
|        |         |        |         |         |            |        |           |         | ivision/U_DIV/dpu_gen_U_NACU_0_U_divider_division_ |
|        |         |        |         |         |            |        |           |         | link211662_r_REG171_S1/D                           |
|  -0.389|   -0.389|  -2.068|   -2.068|   56.10%|   0:00:00.0| 5638.7M|AVF_RCWORST|  default| SILEGO_cell/MTRF_cell/dpu_gen/U_NACU_0/U_divider/d |
|        |         |        |         |         |            |        |           |         | ivision/U_DIV/dpu_gen_U_NACU_0_U_divider_division_ |
|        |         |        |         |         |            |        |           |         | link211662_r_REG171_S1/D                           |
|  -0.366|   -0.366|  -1.931|   -1.931|   56.11%|   0:00:01.0| 5638.7M|AVF_RCWORST|  default| SILEGO_cell/MTRF_cell/dpu_gen/U_NACU_0/U_divider/d |
|        |         |        |         |         |            |        |           |         | ivision/U_DIV/dpu_gen_U_NACU_0_U_divider_division_ |
|        |         |        |         |         |            |        |           |         | link211662_r_REG171_S1/D                           |
|  -0.329|   -0.329|  -1.709|   -1.709|   56.12%|   0:00:00.0| 5638.7M|AVF_RCWORST|  default| SILEGO_cell/MTRF_cell/dpu_gen/U_NACU_0/U_divider/d |
|        |         |        |         |         |            |        |           |         | ivision/U_DIV/dpu_gen_U_NACU_0_U_divider_division_ |
|        |         |        |         |         |            |        |           |         | link211662_r_REG171_S1/D                           |
|  -0.303|   -0.303|  -1.567|   -1.567|   56.13%|   0:00:01.0| 5638.7M|AVF_RCWORST|  default| SILEGO_cell/MTRF_cell/dpu_gen/U_NACU_0/U_divider/d |
|        |         |        |         |         |            |        |           |         | ivision/U_DIV/dpu_gen_U_NACU_0_U_divider_division_ |
|        |         |        |         |         |            |        |           |         | link211662_r_REG171_S1/D                           |
|  -0.283|   -0.283|  -1.468|   -1.468|   56.13%|   0:00:00.0| 5638.7M|AVF_RCWORST|  default| SILEGO_cell/MTRF_cell/dpu_gen/U_NACU_0/U_divider/d |
|        |         |        |         |         |            |        |           |         | ivision/U_DIV/dpu_gen_U_NACU_0_U_divider_division_ |
|        |         |        |         |         |            |        |           |         | link211662_r_REG171_S1/D                           |
|  -0.279|   -0.279|  -1.448|   -1.448|   56.13%|   0:00:00.0| 5639.8M|AVF_RCWORST|  default| SILEGO_cell/MTRF_cell/dpu_gen/U_NACU_0/U_divider/d |
|        |         |        |         |         |            |        |           |         | ivision/U_DIV/dpu_gen_U_NACU_0_U_divider_division_ |
|        |         |        |         |         |            |        |           |         | link211662_r_REG171_S1/D                           |
|  -0.241|   -0.241|  -1.261|   -1.261|   56.14%|   0:00:01.0| 5639.8M|AVF_RCWORST|  default| SILEGO_cell/MTRF_cell/dpu_gen/U_NACU_0/U_divider/d |
|        |         |        |         |         |            |        |           |         | ivision/U_DIV/dpu_gen_U_NACU_0_U_divider_division_ |
|        |         |        |         |         |            |        |           |         | link211662_r_REG171_S1/D                           |
|  -0.226|   -0.226|  -1.202|   -1.202|   56.15%|   0:00:00.0| 5639.8M|AVF_RCWORST|  default| SILEGO_cell/MTRF_cell/dpu_gen/U_NACU_0/U_divider/d |
|        |         |        |         |         |            |        |           |         | ivision/U_DIV/dpu_gen_U_NACU_0_U_divider_division_ |
|        |         |        |         |         |            |        |           |         | link211662_r_REG171_S1/D                           |
|  -0.205|   -0.205|  -1.123|   -1.123|   56.16%|   0:00:00.0| 5639.8M|AVF_RCWORST|  default| SILEGO_cell/MTRF_cell/dpu_gen/U_NACU_0/U_divider/d |
|        |         |        |         |         |            |        |           |         | ivision/U_DIV/dpu_gen_U_NACU_0_U_divider_division_ |
|        |         |        |         |         |            |        |           |         | link211662_r_REG171_S1/D                           |
|  -0.191|   -0.191|  -1.072|   -1.072|   56.16%|   0:00:01.0| 5639.8M|AVF_RCWORST|  default| SILEGO_cell/MTRF_cell/dpu_gen/U_NACU_0/U_divider/d |
|        |         |        |         |         |            |        |           |         | ivision/U_DIV/dpu_gen_U_NACU_0_U_divider_division_ |
|        |         |        |         |         |            |        |           |         | link211662_r_REG171_S1/D                           |
|  -0.175|   -0.175|  -1.000|   -1.000|   56.17%|   0:00:00.0| 5639.8M|AVF_RCWORST|  default| SILEGO_cell/MTRF_cell/dpu_gen/U_NACU_0/U_divider/d |
|        |         |        |         |         |            |        |           |         | ivision/U_DIV/dpu_gen_U_NACU_0_U_divider_division_ |
|        |         |        |         |         |            |        |           |         | link211662_r_REG171_S1/D                           |
|  -0.161|   -0.161|  -0.952|   -0.952|   56.18%|   0:00:00.0| 5639.8M|AVF_RCWORST|  default| SILEGO_cell/MTRF_cell/dpu_gen/U_NACU_0/U_divider/d |
|        |         |        |         |         |            |        |           |         | ivision/U_DIV/dpu_gen_U_NACU_0_U_divider_division_ |
|        |         |        |         |         |            |        |           |         | link211662_r_REG171_S1/D                           |
|  -0.134|   -0.134|  -0.867|   -0.867|   56.18%|   0:00:01.0| 5639.8M|AVF_RCWORST|  default| SILEGO_cell/MTRF_cell/dpu_gen/U_NACU_0/U_divider/d |
|        |         |        |         |         |            |        |           |         | ivision/U_DIV/dpu_gen_U_NACU_0_U_divider_division_ |
|        |         |        |         |         |            |        |           |         | link211662_r_REG171_S1/D                           |
|  -0.122|   -0.122|  -0.830|   -0.830|   56.19%|   0:00:00.0| 5639.8M|AVF_RCWORST|  default| SILEGO_cell/MTRF_cell/dpu_gen/U_NACU_0/U_divider/d |
|        |         |        |         |         |            |        |           |         | ivision/U_DIV/dpu_gen_U_NACU_0_U_divider_division_ |
|        |         |        |         |         |            |        |           |         | link211662_r_REG171_S1/D                           |
|  -0.104|   -0.104|  -0.777|   -0.777|   56.19%|   0:00:00.0| 5639.8M|AVF_RCWORST|  default| SILEGO_cell/MTRF_cell/dpu_gen/U_NACU_0/U_divider/d |
|        |         |        |         |         |            |        |           |         | ivision/U_DIV/dpu_gen_U_NACU_0_U_divider_division_ |
|        |         |        |         |         |            |        |           |         | link211662_r_REG171_S1/D                           |
|  -0.090|   -0.090|  -0.720|   -0.720|   56.20%|   0:00:01.0| 5639.8M|AVF_RCWORST|  default| sel_r_ext_out_3[1]                                 |
|  -0.084|   -0.084|  -0.704|   -0.704|   56.20%|   0:00:00.0| 5658.9M|AVF_RCWORST|  default| SILEGO_cell/MTRF_cell/dpu_gen/U_NACU_0/U_divider/d |
|        |         |        |         |         |            |        |           |         | ivision/U_DIV/dpu_gen_U_NACU_0_U_divider_division_ |
|        |         |        |         |         |            |        |           |         | link211662_r_REG171_S1/D                           |
|  -0.074|   -0.074|  -0.654|   -0.654|   56.21%|   0:00:00.0| 5658.9M|AVF_RCWORST|  default| sel_r_ext_out_3[1]                                 |
|  -0.067|   -0.067|  -0.636|   -0.636|   56.20%|   0:00:00.0| 5658.9M|AVF_RCWORST|  default| sel_r_ext_out_2[3]                                 |
|  -0.067|   -0.067|  -0.595|   -0.595|   56.21%|   0:00:00.0| 5658.9M|AVF_RCWORST|  default| sel_r_ext_out_2[3]                                 |
|  -0.067|   -0.067|  -0.595|   -0.595|   56.21%|   0:00:00.0| 5658.9M|AVF_RCWORST|  default| sel_r_ext_out_2[3]                                 |
+--------+---------+--------+---------+---------+------------+--------+-----------+---------+----------------------------------------------------+

*** Finish Core Optimize Step (cpu=0:00:46.8 real=0:00:13.0 mem=5658.9M) ***

*** Finished Optimize Step Cumulative (cpu=0:00:46.9 real=0:00:13.0 mem=5658.9M) ***
OptDebug: End of Optimizer WNS Pass 0:
+----------+------+------+
|Path Group|   WNS|   TNS|
+----------+------+------+
|default   |-0.067|-0.595|
|reg2reg   | 1.180| 0.000|
|HEPG      | 1.180| 0.000|
|All Paths |-0.067|-0.595|
+----------+------+------+

CCOptDebug: End of Optimizer WNS Pass 0: reg2reg* WNS 1180.4ps TNS 0.0ps; HEPG WNS 1180.4ps TNS 0.0ps; all paths WNS -66.5ps TNS -595.7ps; Real time 0:04:53
** GigaOpt Optimizer WNS Slack -0.067 TNS Slack -0.595 Density 56.21

*** Starting place_detail (0:41:37 mem=5658.9M) ***
Total net bbox length = 4.120e+05 (2.157e+05 1.963e+05) (ext = 5.012e+04)

**Info: (IMPSP-2062): Some of the PG shapes may not be colorized properly in this design, users are required to run command colorizePowerMesh before any placement related commands!
**WARN: (IMPSP-5140):	Global net connect rules have not been created. Added  insts would have no supply connectivity, and would fail DRC.
Type 'man IMPSP-5140' for more detail.
**WARN: (IMPSP-315):	Found 37516 instances insts with no PG Term connections.
Type 'man IMPSP-315' for more detail.

Starting Small incrNP...
Density distribution unevenness ratio = 8.615%
Skipped incrNP (cpu=0:00:00.0, real=0:00:00.0, mem=5658.9M)
End of Small incrNP (cpu=0:00:00.0, real=0:00:00.0)
Move report: Detail placement moves 405 insts, mean move: 0.44 um, max move: 2.32 um 
	Max move on inst (SILEGO_cell/MTRF_cell/dpu_gen/U_NACU_0/U_Recon_multiplier/U_mul_l/add_298/FE_RC_70_0): (194.27, 118.40) --> (193.23, 119.68)
	Runtime: CPU: 0:00:01.6 REAL: 0:00:00.0 MEM: 5636.7MB
Summary Report:
Instances move: 405 (out of 37461 movable)
Instances flipped: 0
Mean displacement: 0.44 um
Max displacement: 2.32 um (Instance: SILEGO_cell/MTRF_cell/dpu_gen/U_NACU_0/U_Recon_multiplier/U_mul_l/add_298/FE_RC_70_0) (194.272, 118.4) -> (193.232, 119.68)
	Length: 8 sites, height: 1 rows, site name: SC8T_104CPP_CMOS22FDX, cell type: SC8T_OAI21X2_MR_CSC28L
Total net bbox length = 4.121e+05 (2.158e+05 1.963e+05) (ext = 5.012e+04)
Runtime: CPU: 0:00:01.8 REAL: 0:00:00.0 MEM: 5636.7MB
*** Finished place_detail (0:41:39 mem=5636.7M) ***
*** maximum move = 2.32 um ***
*** Finished re-routing un-routed nets (5661.7M) ***


*** Finish Physical Update (cpu=0:00:03.2 real=0:00:01.0 mem=5661.7M) ***
** GigaOpt Optimizer WNS Slack -0.067 TNS Slack -0.595 Density 56.21
OptDebug: Start of Optimizer WNS Pass 1:
+----------+------+------+
|Path Group|   WNS|   TNS|
+----------+------+------+
|default   |-0.067|-0.595|
|reg2reg   | 1.180| 0.000|
|HEPG      | 1.180| 0.000|
|All Paths |-0.067|-0.595|
+----------+------+------+

CCOptDebug: Start of Optimizer WNS Pass 1: reg2reg* WNS 1180.4ps TNS 0.0ps; HEPG WNS 1180.4ps TNS 0.0ps; all paths WNS -66.5ps TNS -595.7ps; Real time 0:04:55
Active Path Group: default 
+--------+---------+--------+---------+---------+------------+--------+-----------+---------+----------------------------------------------------+
|  WNS   | All WNS |  TNS   | All TNS | Density |    Real    |  Mem   |Worst View |Pathgroup|                     End Point                      |
+--------+---------+--------+---------+---------+------------+--------+-----------+---------+----------------------------------------------------+
|  -0.067|   -0.067|  -0.595|   -0.595|   56.21%|   0:00:00.0| 5661.7M|AVF_RCWORST|  default| sel_r_ext_out_2[3]                                 |
|  -0.067|   -0.067|  -0.595|   -0.595|   56.21%|   0:00:00.0| 5663.2M|AVF_RCWORST|  default| sel_r_ext_out_2[3]                                 |
+--------+---------+--------+---------+---------+------------+--------+-----------+---------+----------------------------------------------------+

*** Finish Core Optimize Step (cpu=0:00:00.2 real=0:00:00.0 mem=5663.2M) ***

*** Finished Optimize Step Cumulative (cpu=0:00:00.3 real=0:00:00.0 mem=5663.2M) ***
OptDebug: End of Optimizer WNS Pass 1:
+----------+------+------+
|Path Group|   WNS|   TNS|
+----------+------+------+
|default   |-0.067|-0.595|
|reg2reg   | 1.180| 0.000|
|HEPG      | 1.180| 0.000|
|All Paths |-0.067|-0.595|
+----------+------+------+

CCOptDebug: End of Optimizer WNS Pass 1: reg2reg* WNS 1180.4ps TNS 0.0ps; HEPG WNS 1180.4ps TNS 0.0ps; all paths WNS -66.5ps TNS -595.7ps; Real time 0:04:56
** GigaOpt Optimizer WNS Slack -0.067 TNS Slack -0.595 Density 56.21

*** Starting place_detail (0:41:43 mem=5661.2M) ***
Total net bbox length = 4.121e+05 (2.158e+05 1.963e+05) (ext = 5.012e+04)

**Info: (IMPSP-2062): Some of the PG shapes may not be colorized properly in this design, users are required to run command colorizePowerMesh before any placement related commands!
**WARN: (IMPSP-5140):	Global net connect rules have not been created. Added  insts would have no supply connectivity, and would fail DRC.
Type 'man IMPSP-5140' for more detail.
**WARN: (IMPSP-315):	Found 37516 instances insts with no PG Term connections.
Type 'man IMPSP-315' for more detail.

Starting Small incrNP...
Density distribution unevenness ratio = 8.617%
Skipped incrNP (cpu=0:00:00.0, real=0:00:00.0, mem=5661.2M)
End of Small incrNP (cpu=0:00:00.0, real=0:00:00.0)
Move report: Detail placement moves 1696 insts, mean move: 0.19 um, max move: 4.26 um 
	Max move on inst (SILEGO_cell/MTRF_cell/dpu_gen/U_NACU_0/U_divider/division/U_DIV/u_mx_PartRem_1_17_2): (163.80, 77.44) --> (168.06, 77.44)
	Runtime: CPU: 0:00:04.9 REAL: 0:00:03.0 MEM: 5674.3MB
Summary Report:
Instances move: 1696 (out of 37461 movable)
Instances flipped: 128
Mean displacement: 0.19 um
Max displacement: 4.26 um (Instance: SILEGO_cell/MTRF_cell/dpu_gen/U_NACU_0/U_divider/division/U_DIV/u_mx_PartRem_1_17_2) (163.8, 77.44) -> (168.064, 77.44)
	Length: 8 sites, height: 1 rows, site name: SC8T_104CPP_CMOS22FDX, cell type: SC8T_MUX2X1_A_CSC28L
Total net bbox length = 4.123e+05 (2.160e+05 1.964e+05) (ext = 5.012e+04)
Runtime: CPU: 0:00:05.0 REAL: 0:00:03.0 MEM: 5674.3MB
*** Finished place_detail (0:41:48 mem=5674.3M) ***
*** maximum move = 4.26 um ***
*** Finished re-routing un-routed nets (5663.3M) ***


*** Finish Physical Update (cpu=0:00:06.5 real=0:00:04.0 mem=5663.3M) ***
** GigaOpt Optimizer WNS Slack -0.067 TNS Slack -0.597 Density 56.21
OptDebug: End of Setup Fixing:
+----------+------+------+
|Path Group|   WNS|   TNS|
+----------+------+------+
|default   |-0.067|-0.597|
|reg2reg   | 1.180| 0.000|
|HEPG      | 1.180| 0.000|
|All Paths |-0.067|-0.597|
+----------+------+------+

Bottom Preferred Layer:
+-----------+------------+----------+
|   Layer   |    CLK     |   Rule   |
+-----------+------------+----------+
| C1 (z=3)  |         56 | default  |
+-----------+------------+----------+
Via Pillar Rule:
    None

*** Finish post-CTS Setup Fixing (cpu=0:01:02 real=0:00:22.0 mem=5663.3M) ***

*** WnsOpt #1 [finish] (ccopt_design #1) : cpu/real = 0:01:07.3/0:00:27.2 (2.5), totSession cpu/real = 0:41:50.2/0:12:30.8 (3.3), mem = 5105.4M
End: GigaOpt Optimization in WNS mode
Begin: GigaOpt Optimization in TNS mode
GigaOpt Checkpoint: Internal optTiming -allEndPoints -maxLocalDensity 0.95 -maxLocalDensityForHardenOpt 0.92 -numThreads 8 -postCTS -pgMode all -nativePathGroupFlow -wtns -nonLegalPlaceEcoBumpRecoveryInTNSOpt -NDROptEffortAuto -ipoTgtSlackCoef 1.5 -effTgtSlackCoef 1
Info: 56 nets with fixed/cover wires excluded.
Info: 56 clock nets excluded from IPO operation.
*** TnsOpt #1 [begin] (ccopt_design #1) : totSession cpu/real = 0:41:50.4/0:12:31.1 (3.3), mem = 5105.4M

**Info: (IMPSP-2062): Some of the PG shapes may not be colorized properly in this design, users are required to run command colorizePowerMesh before any placement related commands!
*info: 56 clock nets excluded
*info: 1000 no-driver nets excluded.
*info: 56 nets with fixed/cover wires excluded.
** GigaOpt Optimizer WNS Slack -0.067 TNS Slack -0.597 Density 56.21
OptDebug: Start of Optimizer TNS Pass:
+----------+------+------+
|Path Group|   WNS|   TNS|
+----------+------+------+
|default   |-0.067|-0.597|
|reg2reg   | 1.180| 0.000|
|HEPG      | 1.180| 0.000|
|All Paths |-0.067|-0.597|
+----------+------+------+

CCOptDebug: Start of Optimizer TNS Pass: reg2reg* WNS 1179.7ps TNS 0.0ps; HEPG WNS 1179.7ps TNS 0.0ps; all paths WNS -66.5ps TNS -596.9ps; Real time 0:05:06
Active Path Group: default 
+--------+---------+--------+---------+---------+------------+--------+-----------+---------+----------------------------------------------------+
|  WNS   | All WNS |  TNS   | All TNS | Density |    Real    |  Mem   |Worst View |Pathgroup|                     End Point                      |
+--------+---------+--------+---------+---------+------------+--------+-----------+---------+----------------------------------------------------+
|  -0.067|   -0.067|  -0.597|   -0.597|   56.21%|   0:00:00.0| 5493.0M|AVF_RCWORST|  default| sel_r_ext_out_2[3]                                 |
|  -0.067|   -0.067|  -0.569|   -0.569|   56.21%|   0:00:01.0| 5662.2M|AVF_RCWORST|  default| sel_r_ext_out_3[4]                                 |
|  -0.067|   -0.067|  -0.557|   -0.557|   56.21%|   0:00:01.0| 5662.2M|AVF_RCWORST|  default| SILEGO_cell/MTRF_cell/dpu_gen/U_NACU_0/U_divider/d |
|        |         |        |         |         |            |        |           |         | ivision/U_DIV/dpu_gen_U_NACU_0_U_divider_division_ |
|        |         |        |         |         |            |        |           |         | link211662_r_REG171_S1/D                           |
|  -0.067|   -0.067|  -0.549|   -0.549|   56.21%|   0:00:00.0| 5662.2M|AVF_RCWORST|  default| SILEGO_cell/MTRF_cell/dpu_gen/U_NACU_0/U_divider/d |
|        |         |        |         |         |            |        |           |         | ivision/U_DIV/dpu_gen_U_NACU_0_U_divider_division_ |
|        |         |        |         |         |            |        |           |         | link211662_r_REG171_S1/D                           |
|  -0.067|   -0.067|  -0.548|   -0.548|   56.21%|   0:00:01.0| 5662.2M|AVF_RCWORST|  default| sel_r_ext_out_2[3]                                 |
+--------+---------+--------+---------+---------+------------+--------+-----------+---------+----------------------------------------------------+

*** Finish Core Optimize Step (cpu=0:00:06.7 real=0:00:03.0 mem=5662.2M) ***

*** Finished Optimize Step Cumulative (cpu=0:00:06.8 real=0:00:03.0 mem=5662.2M) ***
OptDebug: End of Optimizer TNS Pass:
+----------+------+------+
|Path Group|   WNS|   TNS|
+----------+------+------+
|default   |-0.067|-0.548|
|reg2reg   | 1.243| 0.000|
|HEPG      | 1.243| 0.000|
|All Paths |-0.067|-0.548|
+----------+------+------+

CCOptDebug: End of Optimizer TNS Pass: reg2reg* WNS 1243.4ps TNS 0.0ps; HEPG WNS 1243.4ps TNS 0.0ps; all paths WNS -66.5ps TNS -548.9ps; Real time 0:05:10

*** Starting place_detail (0:42:05 mem=5662.2M) ***
Total net bbox length = 4.123e+05 (2.160e+05 1.964e+05) (ext = 5.012e+04)

**Info: (IMPSP-2062): Some of the PG shapes may not be colorized properly in this design, users are required to run command colorizePowerMesh before any placement related commands!
**WARN: (IMPSP-5140):	Global net connect rules have not been created. Added  insts would have no supply connectivity, and would fail DRC.
Type 'man IMPSP-5140' for more detail.
**WARN: (IMPSP-315):	Found 37522 instances insts with no PG Term connections.
Type 'man IMPSP-315' for more detail.

Starting Small incrNP...
Density distribution unevenness ratio = 8.616%
Skipped incrNP (cpu=0:00:00.0, real=0:00:00.0, mem=5662.2M)
End of Small incrNP (cpu=0:00:00.0, real=0:00:00.0)
Move report: Detail placement moves 1459 insts, mean move: 0.15 um, max move: 2.77 um 
	Max move on inst (SILEGO_cell/MTRF_cell/dpu_gen/U_NACU_0/U_Recon_multiplier/U_mul_l/mult_225/U32): (193.54, 102.40) --> (193.75, 104.96)
	Runtime: CPU: 0:00:04.7 REAL: 0:00:02.0 MEM: 5670.4MB
Summary Report:
Instances move: 1459 (out of 37467 movable)
Instances flipped: 26
Mean displacement: 0.15 um
Max displacement: 2.77 um (Instance: SILEGO_cell/MTRF_cell/dpu_gen/U_NACU_0/U_Recon_multiplier/U_mul_l/mult_225/U32) (193.544, 102.4) -> (193.752, 104.96)
	Length: 3 sites, height: 1 rows, site name: SC8T_104CPP_CMOS22FDX, cell type: SC8T_NR2X1_CSC28L
Total net bbox length = 4.125e+05 (2.161e+05 1.964e+05) (ext = 5.012e+04)
Runtime: CPU: 0:00:04.8 REAL: 0:00:02.0 MEM: 5670.4MB
*** Finished place_detail (0:42:10 mem=5670.4M) ***
*** maximum move = 2.77 um ***
*** Finished re-routing un-routed nets (5662.4M) ***


*** Finish Physical Update (cpu=0:00:06.3 real=0:00:03.0 mem=5662.4M) ***
** GigaOpt Optimizer WNS Slack -0.067 TNS Slack -0.548 Density 56.21
OptDebug: End of Setup Fixing:
+----------+------+------+
|Path Group|   WNS|   TNS|
+----------+------+------+
|default   |-0.067|-0.548|
|reg2reg   | 1.243| 0.000|
|HEPG      | 1.243| 0.000|
|All Paths |-0.067|-0.548|
+----------+------+------+

Bottom Preferred Layer:
+-----------+------------+----------+
|   Layer   |    CLK     |   Rule   |
+-----------+------------+----------+
| C1 (z=3)  |         56 | default  |
+-----------+------------+----------+
Via Pillar Rule:
    None

*** Finish post-CTS Setup Fixing (cpu=0:00:15.9 real=0:00:08.0 mem=5662.4M) ***

*** TnsOpt #1 [finish] (ccopt_design #1) : cpu/real = 0:00:21.6/0:00:13.0 (1.7), totSession cpu/real = 0:42:12.1/0:12:44.1 (3.3), mem = 5123.5M
End: GigaOpt Optimization in TNS mode
GigaOpt Checkpoint: Internal reclaim -numThreads 8 -customPhyUpdate -noGCompAndPhase -force -svrReclaim -rtrShortNets -allowDegradingShortNetRemoval -postCTS -tgtSlackMult 2 -wtns -noRouteTypeResizePolish -noViewPrune -nativePathGroupFlow
Info: 56 nets with fixed/cover wires excluded.
Info: 56 clock nets excluded from IPO operation.

**Info: (IMPSP-2062): Some of the PG shapes may not be colorized properly in this design, users are required to run command colorizePowerMesh before any placement related commands!
Begin: Area Reclaim Optimization
*** AreaOpt #2 [begin] (ccopt_design #1) : totSession cpu/real = 0:42:13.2/0:12:45.1 (3.3), mem = 5509.1M
Usable buffer cells for single buffer setup transform:
SC8T_BUFX0P5_A_CSC28L SC8T_BUFX2_CSC28L SC8T_BUFX1P5_CSC28L SC8T_CKBUFX2_CSC28L SC8T_BUFX3_CSC28L SC8T_BUFX4_MR_CSC28L SC8T_BUFX4_CSC28L SC8T_CKBUFX4_CSC28L SC8T_BUFX6_CSC28L SC8T_CKBUFX6_CSC28L SC8T_BUFX8_CSC28L SC8T_CKBUFX8_CSC28L SC8T_CKBUFX10_CSC28L SC8T_BUFX12_CSC28L SC8T_CKBUFX12_CSC28L SC8T_BUFX16_CSC28L SC8T_CKBUFX16_CSC28L SC8T_BUFX20_CSC28L SC8T_CKBUFX20_CSC28L SC8T_BUFX24_CSC28L SC8T_CKBUFX24_CSC28L 
Number of usable buffer cells above: 21
Reclaim Optimization WNS Slack -0.067  TNS Slack -0.548 Density 56.21
+---------+---------+--------+--------+------------+--------+
| Density | Commits |  WNS   |  TNS   |    Real    |  Mem   |
+---------+---------+--------+--------+------------+--------+
|   56.21%|        -|  -0.067|  -0.548|   0:00:00.0| 5509.1M|
|   56.21%|        0|  -0.067|  -0.549|   0:00:00.0| 5513.6M|
|   56.21%|        0|  -0.067|  -0.549|   0:00:00.0| 5513.6M|
|   56.13%|      148|  -0.067|  -0.549|   0:00:02.0| 5678.8M|
|   56.13%|        3|  -0.067|  -0.549|   0:00:01.0| 5678.8M|
|   56.13%|        0|  -0.067|  -0.549|   0:00:00.0| 5678.8M|
|   56.13%|        0|  -0.067|  -0.549|   0:00:00.0| 5678.8M|
+---------+---------+--------+--------+------------+--------+
Reclaim Optimization End WNS Slack -0.067  TNS Slack -0.548 Density 56.13
Bottom Preferred Layer:
+-----------+------------+----------+
|   Layer   |    CLK     |   Rule   |
+-----------+------------+----------+
| C1 (z=3)  |         56 | default  |
+-----------+------------+----------+
Via Pillar Rule:
    None

Number of times islegalLocAvaiable called = 9 skipped = 0, called in commitmove = 3, skipped in commitmove = 0
End: Core Area Reclaim Optimization (cpu = 0:00:14.7) (real = 0:00:05.0) **

*** Starting place_detail (0:42:28 mem=5678.8M) ***
Total net bbox length = 4.103e+05 (2.148e+05 1.955e+05) (ext = 4.891e+04)

**Info: (IMPSP-2062): Some of the PG shapes may not be colorized properly in this design, users are required to run command colorizePowerMesh before any placement related commands!
**WARN: (IMPSP-5140):	Global net connect rules have not been created. Added  insts would have no supply connectivity, and would fail DRC.
Type 'man IMPSP-5140' for more detail.
**WARN: (IMPSP-315):	Found 37358 instances insts with no PG Term connections.
Type 'man IMPSP-315' for more detail.
Move report: Detail placement moves 0 insts, mean move: 0.00 um, max move: 0.00 um 
	Runtime: CPU: 0:00:03.5 REAL: 0:00:01.0 MEM: 5646.8MB
Summary Report:
Instances move: 0 (out of 37303 movable)
Instances flipped: 0
Mean displacement: 0.00 um
Max displacement: 0.00 um 
Total net bbox length = 4.103e+05 (2.148e+05 1.955e+05) (ext = 4.891e+04)
Runtime: CPU: 0:00:03.6 REAL: 0:00:02.0 MEM: 5646.8MB
*** Finished place_detail (0:42:32 mem=5646.8M) ***
*** maximum move = 0.00 um ***
*** Finished re-routing un-routed nets (5678.8M) ***


*** Finish Physical Update (cpu=0:00:04.9 real=0:00:02.0 mem=5678.8M) ***
*** AreaOpt #2 [finish] (ccopt_design #1) : cpu/real = 0:00:19.7/0:00:07.6 (2.6), totSession cpu/real = 0:42:32.8/0:12:52.7 (3.3), mem = 5678.8M
End: Area Reclaim Optimization (cpu=0:00:20, real=0:00:07, mem=5140.93M, totSessionCpu=0:42:33).
postCtsLateCongRepair #1 0
postCtsLateCongRepair #1 0
postCtsLateCongRepair #1 0
postCtsLateCongRepair #1 0
Starting local wire reclaim

**Info: (IMPSP-2062): Some of the PG shapes may not be colorized properly in this design, users are required to run command colorizePowerMesh before any placement related commands!
*** Starting place_detail (0:42:33 mem=5140.9M) ***

**Info: (IMPSP-2062): Some of the PG shapes may not be colorized properly in this design, users are required to run command colorizePowerMesh before any placement related commands!
**WARN: (IMPSP-5140):	Global net connect rules have not been created. Added  insts would have no supply connectivity, and would fail DRC.
Type 'man IMPSP-5140' for more detail.
**WARN: (IMPSP-315):	Found 37358 instances insts with no PG Term connections.
Type 'man IMPSP-315' for more detail.
*** Finished SKP initialization (cpu=0:00:08.7, real=0:00:04.0)***
Timing cost in AAE based: 962407.1598911765031517
Move report: Detail placement moves 13574 insts, mean move: 1.41 um, max move: 12.89 um 
	Max move on inst (SILEGO_cell/MTRF_cell/reg_top/RegisterFile/U2774): (97.55, 160.64) --> (98.28, 148.48)
	Runtime: CPU: 0:00:38.4 REAL: 0:00:18.0 MEM: 5347.4MB
Summary Report:
Instances move: 13574 (out of 37303 movable)
Instances flipped: 113
Mean displacement: 1.41 um
Max displacement: 12.89 um (Instance: SILEGO_cell/MTRF_cell/reg_top/RegisterFile/U2774) (97.552, 160.64) -> (98.28, 148.48)
	Length: 2 sites, height: 1 rows, site name: SC8T_104CPP_CMOS22FDX, cell type: SC8T_INVX0P5_CSC28L
Runtime: CPU: 0:00:38.5 REAL: 0:00:18.0 MEM: 5347.4MB
*** Finished place_detail (0:43:12 mem=5347.4M) ***
AAE_INFO: opIsDesignInPostRouteState() is 0
#################################################################################
# Design Stage: PreRoute
# Design Name: Silago_bot
# Design Mode: 90nm
# Analysis Mode: MMMC Non-OCV 
# Parasitics Mode: No SPEF/RCDB 
# Signoff Settings: SI Off 
#################################################################################
Calculate delays in BcWc mode...
Start delay calculation (fullDC) (8 T). (MEM=5138.87)
Total number of fetched objects 39478
AAE_INFO: Total number of nets for which stage creation was skipped for all views 0
End delay calculation. (MEM=5404.56 CPU=0:00:16.5 REAL=0:00:02.0)
End delay calculation (fullDC). (MEM=5404.56 CPU=0:00:19.0 REAL=0:00:03.0)
eGR doReRoute: optGuide
[NR-eGR] Track table information for default rule: 
[NR-eGR] M1 has single uniform track structure
[NR-eGR] M2 has single uniform track structure
[NR-eGR] C1 has single uniform track structure
[NR-eGR] C2 has single uniform track structure
[NR-eGR] C3 has single uniform track structure
[NR-eGR] C4 has single uniform track structure
[NR-eGR] BA has single uniform track structure
[NR-eGR] BB has single uniform track structure
[NR-eGR] JA has single uniform track structure
[NR-eGR] JB has single uniform track structure
[NR-eGR] LB has single uniform track structure
[NR-eGR] Read 20 PG shapes
[NR-eGR] Read 0 clock shapes
[NR-eGR] Read 0 other shapes
[NR-eGR] #Routing Blockages  : 30
[NR-eGR] #Instance Blockages : 100579
[NR-eGR] #PG Blockages       : 20
[NR-eGR] #Halo Blockages     : 0
[NR-eGR] #Boundary Blockages : 0
[NR-eGR] #Clock Blockages    : 0
[NR-eGR] #Other Blockages    : 0
[NR-eGR] Num Prerouted Nets = 56  Num Prerouted Wires = 16866
[NR-eGR] Read 39428 nets ( ignored 56 )
[NR-eGR] ============ Routing rule table ============
[NR-eGR] Rule id: 0  Nets: 39372
[NR-eGR] ========================================
[NR-eGR] 
[NR-eGR] Layer group 1: route 39372 net(s) in layer range [2, 11]
[NR-eGR] Early Global Route overflow of layer group 1: 0.50% H + 0.16% V. EstWL: 4.621062e+05um
[NR-eGR] Congestion Analysis By layer: (blocked Gcells are excluded) 
[NR-eGR]                        OverCon           OverCon           OverCon           OverCon            
[NR-eGR]                         #Gcell            #Gcell            #Gcell            #Gcell     %Gcell
[NR-eGR]        Layer             (1-4)             (5-8)            (9-12)              (13)    OverCon
[NR-eGR] -------------------------------------------------------------------------------------------------
[NR-eGR]      M1 ( 1)         0( 0.00%)         0( 0.00%)         0( 0.00%)         0( 0.00%)   ( 0.00%) 
[NR-eGR]      M2 ( 2)      1459( 1.49%)         2( 0.00%)         0( 0.00%)         0( 0.00%)   ( 1.50%) 
[NR-eGR]      C1 ( 3)       377( 0.39%)         2( 0.00%)         0( 0.00%)         0( 0.00%)   ( 0.39%) 
[NR-eGR]      C2 ( 4)       102( 0.10%)         3( 0.00%)         0( 0.00%)         0( 0.00%)   ( 0.11%) 
[NR-eGR]      C3 ( 5)        76( 0.08%)         2( 0.00%)         0( 0.00%)         0( 0.00%)   ( 0.08%) 
[NR-eGR]      C4 ( 6)       101( 0.10%)        15( 0.02%)         0( 0.00%)         1( 0.00%)   ( 0.12%) 
[NR-eGR]      BA ( 7)        37( 0.04%)         0( 0.00%)         0( 0.00%)         0( 0.00%)   ( 0.04%) 
[NR-eGR]      BB ( 8)        27( 0.03%)        13( 0.01%)         0( 0.00%)         0( 0.00%)   ( 0.04%) 
[NR-eGR]      JA ( 9)         0( 0.00%)         0( 0.00%)         0( 0.00%)         0( 0.00%)   ( 0.00%) 
[NR-eGR]      JB (10)         0( 0.00%)         0( 0.00%)         0( 0.00%)         0( 0.00%)   ( 0.00%) 
[NR-eGR]      LB (11)         0( 0.00%)         0( 0.00%)         0( 0.00%)         0( 0.00%)   ( 0.00%) 
[NR-eGR] -------------------------------------------------------------------------------------------------
[NR-eGR]        Total      2179( 0.29%)        37( 0.00%)         0( 0.00%)         1( 0.00%)   ( 0.29%) 
[NR-eGR] 
[NR-eGR] Overflow after Early Global Route 0.07% H + 0.05% V
[NR-eGR]             Length (um)    Vias 
[NR-eGR] --------------------------------
[NR-eGR]  M1  (1V)             0  109927 
[NR-eGR]  M2  (2H)         63859  209578 
[NR-eGR]  C1  (3V)        115944   61382 
[NR-eGR]  C2  (4H)         96643   26269 
[NR-eGR]  C3  (5V)         93546   11383 
[NR-eGR]  C4  (6H)         68420    2812 
[NR-eGR]  BA  (7V)         27146    1636 
[NR-eGR]  BB  (8H)         21211      49 
[NR-eGR]  JA  (9V)            13       0 
[NR-eGR]  JB  (10H)            0       0 
[NR-eGR]  LB  (11V)            0       0 
[NR-eGR] --------------------------------
[NR-eGR]      Total       486782  423036 
[NR-eGR] --------------------------------------------------------------------------
[NR-eGR] Total half perimeter of net bounding box: 406349um
[NR-eGR] Total length: 486782um, number of vias: 423036
[NR-eGR] --------------------------------------------------------------------------
[NR-eGR] Total eGR-routed clock nets wire length: 0um, number of vias: 0
[NR-eGR] --------------------------------------------------------------------------
[NR-eGR] Finished Early Global Route kernel ( CPU: 7.80 sec, Real: 3.34 sec, Curr Mem: 5070.10 MB )
Extraction called for design 'Silago_bot' of instances=37358 and nets=40468 using extraction engine 'pre_route' .
**WARN: (IMPEXT-3530):	The process node is not set. Use the command set_design_mode -process <process node> prior to extraction for maximum accuracy and optimal automatic threshold setting.
Type 'man IMPEXT-3530' for more detail.
pre_route RC Extraction called for design Silago_bot.
RC Extraction called in multi-corner(3) mode.
RCMode: PreRoute
      RC Corner Indexes            0       1       2   
Capacitance Scaling Factor   : 1.00000 1.00000 1.00000 
Resistance Scaling Factor    : 1.00000 1.00000 1.00000 
Clock Cap. Scaling Factor    : 1.00000 1.00000 1.00000 
Clock Res. Scaling Factor    : 1.00000 1.00000 1.00000 
Shrink Factor                : 1.00000
PreRoute extraction is honoring NDR/Shielding/ExtraSpace for clock nets.
Using Quantus QRC technology file ...
Updating RC grid for preRoute extraction ...
Initializing multi-corner resistance tables ...
PreRoute RC Extraction DONE (CPU Time: 0:00:01.1  Real Time: 0:00:01.0  MEM: 5030.098M)
Compute RC Scale Done ...
[hotspot] +------------+---------------+---------------+
[hotspot] |            |   max hotspot | total hotspot |
[hotspot] +------------+---------------+---------------+
[hotspot] | normalized |         17.84 |         29.64 |
[hotspot] +------------+---------------+---------------+
Local HotSpot Analysis: normalized max congestion hotspot area = 17.84, normalized total congestion hotspot area = 29.64 (area is in unit of 4 std-cell row bins)
[hotspot] top 3 congestion hotspot bounding boxes and scores of normalized hotspot
[hotspot] +-----+-------------------------------------+---------------+
[hotspot] | top |            hotspot bbox             | hotspot score |
[hotspot] +-----+-------------------------------------+---------------+
[hotspot] |  1  |    92.16   194.56   102.40   200.32 |        7.54   |
[hotspot] +-----+-------------------------------------+---------------+
[hotspot] |  2  |   117.76   194.56   128.00   200.32 |        7.54   |
[hotspot] +-----+-------------------------------------+---------------+
[hotspot] |  3  |     0.00    92.16    10.24   102.40 |        0.79   |
[hotspot] +-----+-------------------------------------+---------------+
GigaOpt Checkpoint: Internal congRefineRouteType -postCTS -numThreads 8 -resetVeryShortNets -rescheduleForAdherence  
Begin: GigaOpt Route Type Constraints Refinement
*** CongRefineRouteType #2 [begin] (ccopt_design #1) : totSession cpu/real = 0:43:52.0/0:13:23.9 (3.3), mem = 5049.2M
Updated routing constraints on 0 nets.
Bottom Preferred Layer:
+-----------+------------+----------+
|   Layer   |    CLK     |   Rule   |
+-----------+------------+----------+
| C1 (z=3)  |         56 | default  |
+-----------+------------+----------+
Via Pillar Rule:
    None
*** CongRefineRouteType #2 [finish] (ccopt_design #1) : cpu/real = 0:00:00.4/0:00:00.3 (1.2), totSession cpu/real = 0:43:52.4/0:13:24.2 (3.3), mem = 5049.2M
End: GigaOpt Route Type Constraints Refinement
skip EGR on cluster skew clock nets.
OPTC: user 20.0
AAE_INFO: opIsDesignInPostRouteState() is 0
#################################################################################
# Design Stage: PreRoute
# Design Name: Silago_bot
# Design Mode: 90nm
# Analysis Mode: MMMC Non-OCV 
# Parasitics Mode: No SPEF/RCDB 
# Signoff Settings: SI Off 
#################################################################################
Calculate delays in BcWc mode...
Start delay calculation (fullDC) (8 T). (MEM=5101.18)
Total number of fetched objects 39478
AAE_INFO: Total number of nets for which stage creation was skipped for all views 0
End delay calculation. (MEM=5411.03 CPU=0:00:17.2 REAL=0:00:02.0)
End delay calculation (fullDC). (MEM=5411.03 CPU=0:00:19.7 REAL=0:00:03.0)
Begin: GigaOpt postEco DRV Optimization
GigaOpt Checkpoint: Internal optDRV -inPostEcoStage -smallScaleFixing -maxIter 3 -max_tran -max_cap -maxLocalDensity 0.98 -numThreads 8 -preRouteDontEndWithRefinePlaceIncrSteinerRouteDC -postCTS
*** DrvOpt #4 [begin] (ccopt_design #1) : totSession cpu/real = 0:44:19.4/0:13:29.0 (3.3), mem = 5411.0M
Info: 56 nets with fixed/cover wires excluded.
Info: 56 clock nets excluded from IPO operation.

**Info: (IMPSP-2062): Some of the PG shapes may not be colorized properly in this design, users are required to run command colorizePowerMesh before any placement related commands!
+-------------------------------------------------------------------------------------------------------------------------------------------------------+
|        max-tran       |        max-cap        |  max-fanout |  max-length |       setup       |        |        |        |       |          |         |
+-------------------------------------------------------------------------------------------------------------------------------------------------------+
| nets | terms|  wViol  | nets | terms|  wViol  | nets | terms| nets | terms|   WNS   |   TNS   |  #Buf  |  #Inv  | #Resize|Density|   Real   |   Mem   |
+-------------------------------------------------------------------------------------------------------------------------------------------------------+
|    18|   308|    -0.10|    52|    52|    -0.00|     0|     0|     0|     0|    -0.07|    -0.60|       0|       0|       0| 56.13%|          |         |
|     0|     0|     0.00|     0|     0|     0.00|     0|     0|     0|     0|    -0.08|    -0.65|      54|      10|      11| 56.17%| 0:00:01.0|  5714.1M|
|     0|     0|     0.00|     0|     0|     0.00|     0|     0|     0|     0|    -0.08|    -0.65|       0|       0|       0| 56.17%| 0:00:00.0|  5714.1M|
+-------------------------------------------------------------------------------------------------------------------------------------------------------+
Bottom Preferred Layer:
+-----------+------------+----------+
|   Layer   |    CLK     |   Rule   |
+-----------+------------+----------+
| C1 (z=3)  |         56 | default  |
+-----------+------------+----------+
Via Pillar Rule:
    None

*** Finish DRV Fixing (cpu=0:00:06.7 real=0:00:03.0 mem=5714.1M) ***

*** DrvOpt #4 [finish] (ccopt_design #1) : cpu/real = 0:00:10.1/0:00:04.4 (2.3), totSession cpu/real = 0:44:29.5/0:13:33.4 (3.3), mem = 5168.3M
End: GigaOpt postEco DRV Optimization
GigaOpt: WNS changes after postEco optimization: -0.007 -> -0.008 (bump = 0.001)
GigaOpt: Skipping nonLegal postEco optimization
Design TNS changes after trial route: -0.544 -> -0.655
Begin: GigaOpt TNS non-legal recovery
GigaOpt Checkpoint: Internal optTiming -setupRecovery -newSetupRecovery -allEndPoints -maxLocalDensity 0.92 -numThreads 8 -nativePathGroupFlow  -NDROptEffortAuto  -ipoTgtSlackCoef 0 -effTgtSlackCoef 0 -tnsBumpRecoveryInTNS -integratedAreaOpt
Info: 56 nets with fixed/cover wires excluded.
Info: 56 clock nets excluded from IPO operation.
*** TnsOpt #2 [begin] (ccopt_design #1) : totSession cpu/real = 0:44:31.4/0:13:35.3 (3.3), mem = 5168.3M

**Info: (IMPSP-2062): Some of the PG shapes may not be colorized properly in this design, users are required to run command colorizePowerMesh before any placement related commands!
*info: 56 clock nets excluded
*info: 1001 no-driver nets excluded.
*info: 56 nets with fixed/cover wires excluded.
** GigaOpt Optimizer WNS Slack -0.076 TNS Slack -0.655 Density 56.17
OptDebug: Start of Optimizer TNS Pass:
+----------+------+------+
|Path Group|   WNS|   TNS|
+----------+------+------+
|default   |-0.076|-0.655|
|reg2reg   | 1.168| 0.000|
|HEPG      | 1.168| 0.000|
|All Paths |-0.076|-0.655|
+----------+------+------+

CCOptDebug: Start of Optimizer TNS Pass: reg2reg* WNS 1168.0ps TNS 0.0ps; HEPG WNS 1168.0ps TNS 0.0ps; all paths WNS -76.0ps TNS -655.0ps; Real time 0:06:07
Active Path Group: default 
+--------+---------+--------+---------+---------+------------+--------+-----------+---------+----------------------------------------------------+
|  WNS   | All WNS |  TNS   | All TNS | Density |    Real    |  Mem   |Worst View |Pathgroup|                     End Point                      |
+--------+---------+--------+---------+---------+------------+--------+-----------+---------+----------------------------------------------------+
|  -0.076|   -0.076|  -0.655|   -0.655|   56.17%|   0:00:01.0| 5555.8M|AVF_RCWORST|  default| SILEGO_cell/MTRF_cell/dpu_gen/U_NACU_0/U_divider/d |
|        |         |        |         |         |            |        |           |         | ivision/U_DIV/dpu_gen_U_NACU_0_U_divider_division_ |
|        |         |        |         |         |            |        |           |         | link211662_r_REG171_S1/D                           |
|  -0.065|   -0.065|  -0.545|   -0.545|   56.18%|   0:00:01.0| 5730.7M|         NA|       NA| NA                                                 |
|  -0.066|   -0.066|  -0.545|   -0.545|   56.18%|   0:00:00.0| 5730.7M|AVF_RCWORST|  default| sel_r_ext_out_2[3]                                 |
+--------+---------+--------+---------+---------+------------+--------+-----------+---------+----------------------------------------------------+

*** Finish Core Optimize Step (cpu=0:00:06.0 real=0:00:02.0 mem=5730.7M) ***

*** Finished Optimize Step Cumulative (cpu=0:00:06.1 real=0:00:02.0 mem=5730.7M) ***
OptDebug: End of Optimizer TNS Pass:
+----------+------+------+
|Path Group|   WNS|   TNS|
+----------+------+------+
|default   |-0.066|-0.545|
|reg2reg   | 1.272| 0.000|
|HEPG      | 1.272| 0.000|
|All Paths |-0.066|-0.545|
+----------+------+------+

CCOptDebug: End of Optimizer TNS Pass: reg2reg* WNS 1271.6ps TNS 0.0ps; HEPG WNS 1271.6ps TNS 0.0ps; all paths WNS -65.5ps TNS -545.1ps; Real time 0:06:10

*** Starting place_detail (0:44:42 mem=5730.7M) ***
Total net bbox length = 4.065e+05 (2.121e+05 1.943e+05) (ext = 4.859e+04)

**Info: (IMPSP-2062): Some of the PG shapes may not be colorized properly in this design, users are required to run command colorizePowerMesh before any placement related commands!
**WARN: (IMPSP-5140):	Global net connect rules have not been created. Added  insts would have no supply connectivity, and would fail DRC.
Type 'man IMPSP-5140' for more detail.
**WARN: (IMPSP-315):	Found 37446 instances insts with no PG Term connections.
Type 'man IMPSP-315' for more detail.

Starting Small incrNP...
Density distribution unevenness ratio = 8.607%

Density distribution unevenness ratio = 8.592%
Move report: incrNP moves 566 insts, mean move: 1.40 um, max move: 5.56 um 
	Max move on inst (SILEGO_cell/MTRF_cell/FE_OFC1975_dimarch_data_in_187): (87.26, 197.12) --> (90.90, 195.20)
Finished incrNP (cpu=0:00:03.5, real=0:00:01.0, mem=5764.0M)
End of Small incrNP (cpu=0:00:03.5, real=0:00:01.0)
Move report: Detail placement moves 5002 insts, mean move: 0.55 um, max move: 5.46 um 
	Max move on inst (SILEGO_cell/MTRF_cell/dpu_gen/U_NACU_0/U_divider/division/U_DIV/FE_OFC3661_BInv_0): (157.25, 81.28) --> (153.71, 83.20)
	Runtime: CPU: 0:00:09.0 REAL: 0:00:04.0 MEM: 5759.6MB
Summary Report:
Instances move: 5402 (out of 37391 movable)
Instances flipped: 3106
Mean displacement: 0.65 um
Max displacement: 6.41 um (Instance: FE_OFC2130_ext_v_input_bus_out_5_4) (100.88, 195.84) -> (97.032, 193.28)
	Length: 3 sites, height: 1 rows, site name: SC8T_104CPP_CMOS22FDX, cell type: SC8T_BUFX0P5_A_CSC28L
Total net bbox length = 4.056e+05 (2.111e+05 1.944e+05) (ext = 4.882e+04)
Runtime: CPU: 0:00:12.6 REAL: 0:00:05.0 MEM: 5759.6MB
*** Finished place_detail (0:44:55 mem=5759.6M) ***
*** maximum move = 6.41 um ***
*** Finished re-routing un-routed nets (5749.6M) ***

**Info: (IMPSP-2062): Some of the PG shapes may not be colorized properly in this design, users are required to run command colorizePowerMesh before any placement related commands!

*** Finish Physical Update (cpu=0:00:14.3 real=0:00:07.0 mem=5749.6M) ***
** GigaOpt Optimizer WNS Slack -0.066 TNS Slack -0.545 Density 56.18
OptDebug: End of Setup Fixing:
+----------+------+------+
|Path Group|   WNS|   TNS|
+----------+------+------+
|default   |-0.066|-0.545|
|reg2reg   | 1.271| 0.000|
|HEPG      | 1.271| 0.000|
|All Paths |-0.066|-0.545|
+----------+------+------+

Bottom Preferred Layer:
+-----------+------------+----------+
|   Layer   |    CLK     |   Rule   |
+-----------+------------+----------+
| C1 (z=3)  |         56 | default  |
+-----------+------------+----------+
Via Pillar Rule:
    None

*** Finish post-CTS Setup Fixing (cpu=0:00:23.8 real=0:00:11.0 mem=5749.6M) ***

*** TnsOpt #2 [finish] (ccopt_design #1) : cpu/real = 0:00:26.3/0:00:13.0 (2.0), totSession cpu/real = 0:44:57.7/0:13:48.3 (3.3), mem = 5210.7M
End: GigaOpt TNS non-legal recovery
Begin: GigaOpt Optimization in post-eco TNS mode
GigaOpt Checkpoint: Internal optTiming -postEco -postEcoLefSafe -maxLocalDensity 1.0 -numThreads 8  -allEndPoints -nativePathGroupFlow
Info: 56 nets with fixed/cover wires excluded.
Info: 56 clock nets excluded from IPO operation.
*** TnsOpt #3 [begin] (ccopt_design #1) : totSession cpu/real = 0:44:58.0/0:13:48.6 (3.3), mem = 5210.7M

**Info: (IMPSP-2062): Some of the PG shapes may not be colorized properly in this design, users are required to run command colorizePowerMesh before any placement related commands!
*info: 56 clock nets excluded
*info: 1001 no-driver nets excluded.
*info: 56 nets with fixed/cover wires excluded.
** GigaOpt Optimizer WNS Slack -0.066 TNS Slack -0.545 Density 56.18
OptDebug: Start of Optimizer TNS Pass:
+----------+------+------+
|Path Group|   WNS|   TNS|
+----------+------+------+
|default   |-0.066|-0.545|
|reg2reg   | 1.271| 0.000|
|HEPG      | 1.271| 0.000|
|All Paths |-0.066|-0.545|
+----------+------+------+

CCOptDebug: Start of Optimizer TNS Pass: reg2reg* WNS 1271.4ps TNS 0.0ps; HEPG WNS 1271.4ps TNS 0.0ps; all paths WNS -65.5ps TNS -545.1ps; Real time 0:06:21
Active Path Group: default 
+--------+---------+--------+---------+---------+------------+--------+-----------+---------+----------------------------------------------------+
|  WNS   | All WNS |  TNS   | All TNS | Density |    Real    |  Mem   |Worst View |Pathgroup|                     End Point                      |
+--------+---------+--------+---------+---------+------------+--------+-----------+---------+----------------------------------------------------+
|  -0.066|   -0.066|  -0.545|   -0.545|   56.18%|   0:00:00.0| 5598.3M|AVF_RCWORST|  default| sel_r_ext_out_2[3]                                 |
|  -0.066|   -0.066|  -0.545|   -0.545|   56.18%|   0:00:00.0| 5598.3M|AVF_RCWORST|  default| sel_r_ext_out_2[3]                                 |
+--------+---------+--------+---------+---------+------------+--------+-----------+---------+----------------------------------------------------+

*** Finish Core Optimize Step (cpu=0:00:00.2 real=0:00:00.0 mem=5598.3M) ***

*** Finished Optimize Step Cumulative (cpu=0:00:00.2 real=0:00:00.0 mem=5598.3M) ***
OptDebug: End of Optimizer TNS Pass:
+----------+------+------+
|Path Group|   WNS|   TNS|
+----------+------+------+
|default   |-0.066|-0.545|
|reg2reg   | 1.271| 0.000|
|HEPG      | 1.271| 0.000|
|All Paths |-0.066|-0.545|
+----------+------+------+

CCOptDebug: End of Optimizer TNS Pass: reg2reg* WNS 1271.4ps TNS 0.0ps; HEPG WNS 1271.4ps TNS 0.0ps; all paths WNS -65.5ps TNS -545.1ps; Real time 0:06:22
OptDebug: End of Setup Fixing:
+----------+------+------+
|Path Group|   WNS|   TNS|
+----------+------+------+
|default   |-0.066|-0.545|
|reg2reg   | 1.271| 0.000|
|HEPG      | 1.271| 0.000|
|All Paths |-0.066|-0.545|
+----------+------+------+

Bottom Preferred Layer:
+-----------+------------+----------+
|   Layer   |    CLK     |   Rule   |
+-----------+------------+----------+
| C1 (z=3)  |         56 | default  |
+-----------+------------+----------+
Via Pillar Rule:
    None

*** Finish post-CTS Setup Fixing (cpu=0:00:02.6 real=0:00:02.0 mem=5598.3M) ***

*** TnsOpt #3 [finish] (ccopt_design #1) : cpu/real = 0:00:05.1/0:00:04.1 (1.2), totSession cpu/real = 0:45:03.0/0:13:52.7 (3.2), mem = 5211.4M
End: GigaOpt Optimization in post-eco TNS mode
#optDebug: fT-D <X 1 0 0 0>
Register exp ratio and priority group on 0 nets on 39530 nets : 

Active setup views:
 AVF_RCWORST
  Dominating endpoints: 0
  Dominating TNS: -0.000

Extraction called for design 'Silago_bot' of instances=37446 and nets=40554 using extraction engine 'pre_route' .
**WARN: (IMPEXT-3530):	The process node is not set. Use the command set_design_mode -process <process node> prior to extraction for maximum accuracy and optimal automatic threshold setting.
Type 'man IMPEXT-3530' for more detail.
pre_route RC Extraction called for design Silago_bot.
RC Extraction called in multi-corner(3) mode.
RCMode: PreRoute
      RC Corner Indexes            0       1       2   
Capacitance Scaling Factor   : 1.00000 1.00000 1.00000 
Resistance Scaling Factor    : 1.00000 1.00000 1.00000 
Clock Cap. Scaling Factor    : 1.00000 1.00000 1.00000 
Clock Res. Scaling Factor    : 1.00000 1.00000 1.00000 
Shrink Factor                : 1.00000
PreRoute extraction is honoring NDR/Shielding/ExtraSpace for clock nets.
Using Quantus QRC technology file ...
Skipped RC grid update for preRoute extraction.
Initializing multi-corner resistance tables ...
PreRoute RC Extraction DONE (CPU Time: 0:00:01.0  Real Time: 0:00:00.0  MEM: 5123.629M)
Starting delay calculation for Setup views
AAE_INFO: opIsDesignInPostRouteState() is 0
#################################################################################
# Design Stage: PreRoute
# Design Name: Silago_bot
# Design Mode: 90nm
# Analysis Mode: MMMC Non-OCV 
# Parasitics Mode: No SPEF/RCDB 
# Signoff Settings: SI Off 
#################################################################################
Calculate delays in BcWc mode...
Start delay calculation (fullDC) (8 T). (MEM=5165.37)
Total number of fetched objects 39564
AAE_INFO: Total number of nets for which stage creation was skipped for all views 0
End delay calculation. (MEM=5474.21 CPU=0:00:17.4 REAL=0:00:03.0)
End delay calculation (fullDC). (MEM=5474.21 CPU=0:00:20.0 REAL=0:00:04.0)
*** Done Building Timing Graph (cpu=0:00:27.8 real=0:00:05.0 totSessionCpu=0:45:33 mem=5474.2M)
OPTC: user 20.0
[NR-eGR] Track table information for default rule: 
[NR-eGR] M1 has single uniform track structure
[NR-eGR] M2 has single uniform track structure
[NR-eGR] C1 has single uniform track structure
[NR-eGR] C2 has single uniform track structure
[NR-eGR] C3 has single uniform track structure
[NR-eGR] C4 has single uniform track structure
[NR-eGR] BA has single uniform track structure
[NR-eGR] BB has single uniform track structure
[NR-eGR] JA has single uniform track structure
[NR-eGR] JB has single uniform track structure
[NR-eGR] LB has single uniform track structure
[NR-eGR] Read 20 PG shapes
[NR-eGR] Read 0 clock shapes
[NR-eGR] Read 0 other shapes
[NR-eGR] #Routing Blockages  : 30
[NR-eGR] #Instance Blockages : 100639
[NR-eGR] #PG Blockages       : 20
[NR-eGR] #Halo Blockages     : 0
[NR-eGR] #Boundary Blockages : 0
[NR-eGR] #Clock Blockages    : 0
[NR-eGR] #Other Blockages    : 0
[NR-eGR] Num Prerouted Nets = 56  Num Prerouted Wires = 16866
[NR-eGR] Read 39514 nets ( ignored 56 )
[NR-eGR] ============ Routing rule table ============
[NR-eGR] Rule id: 0  Nets: 39458
[NR-eGR] ========================================
[NR-eGR] 
[NR-eGR] Layer group 1: route 39458 net(s) in layer range [2, 11]
[NR-eGR] Early Global Route overflow of layer group 1: 0.51% H + 0.17% V. EstWL: 4.613715e+05um
[NR-eGR] Congestion Analysis By layer: (blocked Gcells are excluded) 
[NR-eGR]                        OverCon           OverCon           OverCon            
[NR-eGR]                         #Gcell            #Gcell            #Gcell     %Gcell
[NR-eGR]        Layer             (1-4)             (5-8)               (9)    OverCon
[NR-eGR] --------------------------------------------------------------------------------
[NR-eGR]      M1 ( 1)         0( 0.00%)         0( 0.00%)         0( 0.00%)   ( 0.00%) 
[NR-eGR]      M2 ( 2)      1476( 1.51%)         0( 0.00%)         0( 0.00%)   ( 1.51%) 
[NR-eGR]      C1 ( 3)       388( 0.40%)         0( 0.00%)         0( 0.00%)   ( 0.40%) 
[NR-eGR]      C2 ( 4)       107( 0.11%)         1( 0.00%)         0( 0.00%)   ( 0.11%) 
[NR-eGR]      C3 ( 5)        61( 0.06%)         3( 0.00%)         0( 0.00%)   ( 0.07%) 
[NR-eGR]      C4 ( 6)        91( 0.09%)        19( 0.02%)         1( 0.00%)   ( 0.11%) 
[NR-eGR]      BA ( 7)        53( 0.05%)         0( 0.00%)         0( 0.00%)   ( 0.05%) 
[NR-eGR]      BB ( 8)        33( 0.03%)        15( 0.02%)         0( 0.00%)   ( 0.05%) 
[NR-eGR]      JA ( 9)         0( 0.00%)         0( 0.00%)         0( 0.00%)   ( 0.00%) 
[NR-eGR]      JB (10)         0( 0.00%)         0( 0.00%)         0( 0.00%)   ( 0.00%) 
[NR-eGR]      LB (11)         0( 0.00%)         0( 0.00%)         0( 0.00%)   ( 0.00%) 
[NR-eGR] --------------------------------------------------------------------------------
[NR-eGR]        Total      2209( 0.29%)        38( 0.01%)         1( 0.00%)   ( 0.30%) 
[NR-eGR] 
[NR-eGR] Overflow after Early Global Route 0.08% H + 0.05% V
[NR-eGR] Finished Early Global Route kernel ( CPU: 4.79 sec, Real: 2.02 sec, Curr Mem: 5506.21 MB )
[hotspot] +------------+---------------+---------------+
[hotspot] |            |   max hotspot | total hotspot |
[hotspot] +------------+---------------+---------------+
[hotspot] | normalized |         20.72 |         33.84 |
[hotspot] +------------+---------------+---------------+
Local HotSpot Analysis: normalized max congestion hotspot area = 20.72, normalized total congestion hotspot area = 33.84 (area is in unit of 4 std-cell row bins)
[hotspot] top 3 congestion hotspot bounding boxes and scores of normalized hotspot
[hotspot] +-----+-------------------------------------+---------------+
[hotspot] | top |            hotspot bbox             | hotspot score |
[hotspot] +-----+-------------------------------------+---------------+
[hotspot] |  1  |    92.16   194.56   107.52   200.32 |       11.31   |
[hotspot] +-----+-------------------------------------+---------------+
[hotspot] |  2  |   112.64   194.56   122.88   200.32 |        7.54   |
[hotspot] +-----+-------------------------------------+---------------+
[hotspot] |  3  |     0.00    92.16    10.24   102.40 |        1.05   |
[hotspot] +-----+-------------------------------------+---------------+
[hotspot] Hotspot report including placement blocked areas
[hotspot] +------------+---------------+---------------+
[hotspot] |            |   max hotspot | total hotspot |
[hotspot] +------------+---------------+---------------+
[hotspot] | normalized |         41.18 |         64.13 |
[hotspot] +------------+---------------+---------------+
Local HotSpot Analysis (blockage included): normalized max congestion hotspot area = 41.18, normalized total congestion hotspot area = 64.13 (area is in unit of 4 std-cell row bins)
[hotspot] top 5 congestion hotspot bounding boxes and scores of normalized hotspot
[hotspot] +-----+-------------------------------------+---------------+
[hotspot] | top |            hotspot bbox             | hotspot score |
[hotspot] +-----+-------------------------------------+---------------+
[hotspot] |  1  |    87.04   194.56   128.00   200.32 |       33.70   |
[hotspot] +-----+-------------------------------------+---------------+
[hotspot] |  2  |   194.56    92.16   200.32   107.52 |       12.62   |
[hotspot] +-----+-------------------------------------+---------------+
[hotspot] |  3  |    71.68   194.56    81.92   200.32 |        3.67   |
[hotspot] +-----+-------------------------------------+---------------+
[hotspot] |  4  |   194.56    81.92   200.32    92.16 |        1.57   |
[hotspot] +-----+-------------------------------------+---------------+
[hotspot] |  5  |     0.00    92.16    10.24   102.40 |        1.05   |
[hotspot] +-----+-------------------------------------+---------------+
Reported timing to dir ./timingReports
**opt_design ... cpu = 0:12:32, real = 0:04:15, mem = 3331.3M, totSessionCpu=0:45:38 **


------------------------------------------------------------------
     opt_design Final Summary
------------------------------------------------------------------

Setup views included:
 AVF_RCWORST 

+--------------------+---------+---------+---------+
|     Setup mode     |   all   | reg2reg | default |
+--------------------+---------+---------+---------+
|           WNS (ns):| -0.066  |  1.273  | -0.066  |
|           TNS (ns):| -0.545  |  0.000  | -0.545  |
|    Violating Paths:|   10    |    0    |   10    |
|          All Paths:|  5106   |  4770   |  3393   |
+--------------------+---------+---------+---------+

+----------------+-------------------------------+------------------+
|                |              Real             |       Total      |
|    DRVs        +------------------+------------+------------------|
|                |  Nr nets(terms)  | Worst Vio  |  Nr nets(terms)  |
+----------------+------------------+------------+------------------+
|   max_cap      |      0 (0)       |   0.000    |      0 (0)       |
|   max_tran     |      0 (0)       |   0.000    |      0 (0)       |
|   max_fanout   |      0 (0)       |     0      |      0 (0)       |
|   max_length   |      0 (0)       |     0      |      0 (0)       |
+----------------+------------------+------------+------------------+


Density: 56.177%
Routing Overflow: 0.08% H and 0.05% V
------------------------------------------------------------------

**opt_design ... cpu = 0:12:40, real = 0:04:19, mem = 3331.9M, totSessionCpu=0:45:46 **
*** Finished opt_design ***
      flow.cputime  flow.realtime  timing.setup.tns  timing.setup.wns  snapshot
UM:*                                      -0.545 ns         -0.066 ns  final
UM: Running design category ...
------------------------------------------------------------
	Current design flip-flop statistics

Single-Bit FF Count          :         4808
Multi-Bit FF Count           :            0
Total Bit Count              :         4808
Total FF Count               :         4808
Bits Per Flop                :        1.000
Total Clock Pin Cap(FF)      :     2962.895
Multibit Conversion Ratio(%) :         0.00
------------------------------------------------------------
------------------------------------------------------------
            Multi-bit cell usage statistics

------------------------------------------------------------
============================================================
Sequential Multibit cells usage statistics
------------------------------------------------------------
            Not Merged-bits         Merged-bits     Multibit Conversion %     Bits Per Flop
------------------------------------------------------------
-FlipFlops             4808                    0        0.00                    1.00
------------------------------------------------------------

------------------------------------------------------------
Seq_Mbit libcell              Bitwidth        Count
------------------------------------------------------------
Total 0
============================================================
------------------------------------------------------------
Category            Num of Insts Rejected     Reasons
------------------------------------------------------------
------------------------------------------------------------
      flow.cputime  flow.realtime  timing.setup.tns  timing.setup.wns  snapshot
UM:         762.73            262         -0.545 ns         -0.066 ns  opt_design_postcts
Info: Destroy the CCOpt slew target map.
Set place::cacheFPlanSiteMark to 0
(ccopt_design): dumping clock statistics to metric
Clock tree timing engine global stage delay update for WC_dc:setup.early...
Clock tree timing engine global stage delay update for WC_dc:setup.early done. (took cpu=0:00:00.4 real=0:00:00.1)
Clock tree timing engine global stage delay update for WC_dc:setup.late...
Clock tree timing engine global stage delay update for WC_dc:setup.late done. (took cpu=0:00:00.1 real=0:00:00.0)
Clock tree timing engine global stage delay update for BC_dc:hold.early...
Clock tree timing engine global stage delay update for BC_dc:hold.early done. (took cpu=0:00:00.1 real=0:00:00.0)
Clock tree timing engine global stage delay update for BC_dc:hold.late...
Clock tree timing engine global stage delay update for BC_dc:hold.late done. (took cpu=0:00:00.1 real=0:00:00.0)
Clock tree timing engine global stage delay update for TC_dc:hold.early...
Clock tree timing engine global stage delay update for TC_dc:hold.early done. (took cpu=0:00:00.1 real=0:00:00.0)
Clock tree timing engine global stage delay update for TC_dc:hold.late...
Clock tree timing engine global stage delay update for TC_dc:hold.late done. (took cpu=0:00:00.1 real=0:00:00.0)
UM: Running design category ...
------------------------------------------------------------
	Current design flip-flop statistics

Single-Bit FF Count          :         4808
Multi-Bit FF Count           :            0
Total Bit Count              :         4808
Total FF Count               :         4808
Bits Per Flop                :        1.000
Total Clock Pin Cap(FF)      :     2962.895
Multibit Conversion Ratio(%) :         0.00
------------------------------------------------------------
------------------------------------------------------------
            Multi-bit cell usage statistics

------------------------------------------------------------
============================================================
Sequential Multibit cells usage statistics
------------------------------------------------------------
            Not Merged-bits         Merged-bits     Multibit Conversion %     Bits Per Flop
------------------------------------------------------------
-FlipFlops             4808                    0        0.00                    1.00
------------------------------------------------------------

------------------------------------------------------------
Seq_Mbit libcell              Bitwidth        Count
------------------------------------------------------------
Total 0
============================================================
------------------------------------------------------------
Category            Num of Insts Rejected     Reasons
------------------------------------------------------------
------------------------------------------------------------
      flow.cputime  flow.realtime  timing.setup.tns  timing.setup.wns  snapshot
UM:        1061.91            389         -0.545 ns         -0.066 ns  ccopt_design

*** Summary of all messages that are not suppressed in this session:
Severity  ID               Count  Summary                                  
WARNING   IMPDBTCL-321         8  The attribute '%s' still works but will ...
WARNING   IMPEXT-3530          5  The process node is not set. Use the com...
WARNING   IMPSP-5140           9  Global net connect rules have not been c...
WARNING   IMPSP-315            9  Found %d instances insts with no PG Term...
WARNING   IMPSP-9025           1  No scan chain specified/traced.          
WARNING   IMPSP-2041           2  Found %d fixed insts that could not be c...
WARNING   IMPCCOPT-1127        2  The skew group %s has been identified as...
WARNING   IMPTCM-77            2  Option "%s" for command %s is obsolete a...
*** Message Summary: 38 warning(s), 0 error(s)

*** ccopt_design #1 [finish] : cpu/real = 0:17:55.4/0:06:41.3 (2.7), totSession cpu/real = 0:45:52.5/0:14:11.7 (3.2), mem = 5490.0M
#% End ccopt_design (date=01/03 09:33:26, total cpu=0:17:56, real=0:06:41, peak res=3804.0M, current mem=3237.1M)
@@file 8: route_design
#% Begin route_design (date=01/03 09:33:26, mem=3237.1M)
#route_design: cpu time = 00:00:00, elapsed time = 00:00:00, memory = 3237.11 (MB), peak = 3803.97 (MB)
AAE_INFO: Pre Route call back at the beginning of routeDesign
#**INFO: setDesignMode -flowEffort standard
#**INFO: setDesignMode -powerEffort none
**INFO: User settings:
delaycal_default_net_delay                                   1000ps
delaycal_default_net_load                                    0.5pf
delaycal_enable_high_fanout                                  true
delaycal_ignore_net_load                                     false
delaycal_input_transition_delay                              0.1ps
delaycal_socv_accuracy_mode                                  low
delaycal_use_default_delay_limit                             1000
setAnalysisMode -cts                                         postCTS
setAnalysisMode -virtualIPO                                  false
setDelayCalMode -engine                                      aae
extract_rc_engine                                            pre_route
route_design_extract_third_party_compatible                  false
route_design_global_exp_timing_driven_std_delay              10.6
setActiveLogicViewMode -keepHighFanoutCriticalInsts          false
getAnalysisMode -cts                                         postCTS
getAnalysisMode -virtualIPO                                  false
getDelayCalMode -engine                                      aae
getIlmMode -keepHighFanoutCriticalInsts                      false
get_power_analysis_mode -report_power_quiet                  false
getAnalysisMode -cts                                         postCTS
getAnalysisMode -virtualIPO                                  false
#**INFO: multi-cut via swapping will be performed after routing.
#**INFO: All auto set options tuned by route_design will be restored to their original settings on command completion.

**Info: (IMPSP-2062): Some of the PG shapes may not be colorized properly in this design, users are required to run command colorizePowerMesh before any placement related commands!
Begin checking placement ... (start mem=5131.0M, init mem=5131.0M)
*info: Placed = 37446          (Fixed = 55)
*info: Unplaced = 0           
Placement Density:56.18%(22506/40062)
Placement Density (including fixed std cells):56.18%(22506/40062)
Finished check_place (total: cpu=0:00:00.9, real=0:00:00.0; vio checks: cpu=0:00:00.7, real=0:00:00.0; mem=5099.0M)

changeUseClockNetStatus Option :  -noFixedNetWires 
*** Changed status on (56) nets in Clock.
*** End changeUseClockNetStatus (cpu=0:00:00.0, real=0:00:00.0, mem=5099.0M) ***
#Start route 56 clock and analog nets...

route_global_detail

#Start route_global_detail on Sat Jan  3 09:33:34 2026
#
Skipped RC grid update for preRoute extraction.
Initializing multi-corner resistance tables ...
#WARNING (NRIG-1303) The congestion map does not match the GCELL grid. Clearing the map.
#num needed restored net=40498
#need_extraction net=0 (total=40554)
#WARNING (NRDB-2005) SPECIAL_NET VDD has special wires but no definitions for instance pins or top level pins. This will cause routability problems later.
#WARNING (NRDB-2005) SPECIAL_NET VDD has special wires but no definitions for instance pins or top level pins. This will cause routability problems later.
#NanoRoute Version 21.19-s058_1 NR231113-0413/21_19-UB
#Skip comparing routing design signature in db-snapshot flow
#Total number of trivial nets (e.g. < 2 pins) = 1040 (skipped).
#Total number of nets with skipped attribute = 39458 (skipped).
#Total number of routable nets = 56.
#Total number of nets in the design = 40554.
#43 routable nets do not have any wires.
#13 routable nets have routed wires.
#39458 skipped nets have only detail routed wires.
#43 nets will be global routed.
#43 global routed or unrouted (routable) nets have been constrained (e.g. have preferred extra spacing, require shielding etc.)
#13 detail routed (routable) nets have been constrained (e.g. have preferred extra spacing, require shielding etc.)
#Using multithreading with 8 threads.
#Start routing data preparation on Sat Jan  3 09:33:36 2026
#
#Minimum voltage of a net in the design = 0.000.
#Maximum voltage of a net in the design = 0.800.
#Voltage range [0.000 - 0.800] has 40521 nets.
#Voltage range [0.000 - 0.000] has 32 nets.
#Voltage range [0.720 - 0.800] has 1 net.
#Build and mark too close pins for the same net.
#Rebuild pin access data for design.
#Initial pin access analysis.
#Detail pin access analysis.
# M1           V   Track-Pitch = 0.10400    Line-2-Via Pitch = 0.08000
# M2           H   Track-Pitch = 0.08000    Line-2-Via Pitch = 0.08000
# C1           V   Track-Pitch = 0.09000    Line-2-Via Pitch = 0.09000
# C2           H   Track-Pitch = 0.09000    Line-2-Via Pitch = 0.09000
# C3           V   Track-Pitch = 0.09000    Line-2-Via Pitch = 0.09000
# C4           H   Track-Pitch = 0.09000    Line-2-Via Pitch = 0.09000
# BA           V   Track-Pitch = 0.18000    Line-2-Via Pitch = 0.18000
# BB           H   Track-Pitch = 0.18000    Line-2-Via Pitch = 0.18000
# JA           V   Track-Pitch = 0.90000    Line-2-Via Pitch = 0.90000
# JB           H   Track-Pitch = 0.90000    Line-2-Via Pitch = 0.90000
# LB           V   Track-Pitch = 3.60000    Line-2-Via Pitch = 4.50000
#WARNING (NRAG-44) Track pitch is too small compared with line-2-via pitch.
#Bottom routing layer index=1(M1), bottom routing layer for shielding=3(C1), bottom shield layer=3(C1)
#shield_bottom_stripe_layer=3(C1), shield_top_stripe_layer=11(LB)
#pin_access_rlayer=2(M2)
#shield_top_dpt_rlayer=2 top_rlayer=11 top_trim_metal_rlayer=-1 rlayer_lowest=3 bottom_rlayer=1
#enable_trim_layer_shield=F enable_dpt_layer_shield=F has_line_end_grid=F
#cpu time = 00:00:00, elapsed time = 00:00:00, memory = 3296.19 (MB), peak = 3803.97 (MB)
#Regenerating Ggrids automatically.
#Auto generating G-grids with size=15 tracks, using layer C1's pitch = 0.09000.
#Using automatically generated G-grids.
#Done routing data preparation.
#cpu time = 00:02:30, elapsed time = 00:00:23, memory = 3332.77 (MB), peak = 3803.97 (MB)
#Minimum voltage of a net in the design = 0.000.
#Maximum voltage of a net in the design = 0.800.
#Voltage range [0.000 - 0.800] has 40521 nets.
#Voltage range [0.000 - 0.000] has 32 nets.
#Voltage range [0.720 - 0.800] has 1 net.
#Start instance access analysis using 8 threads...
#Set layer M1 to be advanced pin access layer.
#0 instance pins are hard to access
#Instance access analysis statistics:
#Cpu time = 00:00:03
#Elapsed time = 00:00:02
#Increased memory = 16.80 (MB)
#Total memory = 3349.58 (MB)
#Peak memory = 3803.97 (MB)
#
#Finished routing data preparation on Sat Jan  3 09:34:01 2026
#
#Cpu time = 00:02:33
#Elapsed time = 00:00:25
#Increased memory = 103.58 (MB)
#Total memory = 3349.58 (MB)
#Peak memory = 3803.97 (MB)
#
#
#Start global routing on Sat Jan  3 09:34:01 2026
#
#
#Start global routing initialization on Sat Jan  3 09:34:01 2026
#
#Number of eco nets is 43
#
#Start global routing data preparation on Sat Jan  3 09:34:01 2026
#
#Start routing resource analysis on Sat Jan  3 09:34:01 2026
#
#Routing resource analysis is done on Sat Jan  3 09:34:01 2026
#
#  Resource Analysis:
#
#               Routing  #Avail      #Track     #Total     %Gcell
#  Layer      Direction   Track     Blocked      Gcell    Blocked
#  --------------------------------------------------------------
#  M1             V           0        1923       21904   100.00%
#  M2             H        1715         789       21904     0.00%
#  C1             V        2210          12       21904     0.00%
#  C2             H        2217           9       21904     0.00%
#  C3             V        2219           3       21904     0.00%
#  C4             H        2224           2       21904     0.00%
#  BA             V        1109           2       21904     0.00%
#  BB             H        1112           1       21904     0.00%
#  JA             V         221           1       21904     0.05%
#  JB             H           0         222       21904   100.00%
#  LB             V           0          56       21904   100.00%
#  --------------------------------------------------------------
#  Total                  13029      30.28%      240944    27.28%
#
#  56 nets (0.14%) with 1 preferred extra spacing.
#
#
#
#Global routing data preparation is done on Sat Jan  3 09:34:01 2026
#
#cpu time = 00:00:01, elapsed time = 00:00:00, memory = 3354.91 (MB), peak = 3803.97 (MB)
#
#
#Global routing initialization is done on Sat Jan  3 09:34:01 2026
#
#cpu time = 00:00:01, elapsed time = 00:00:00, memory = 3357.23 (MB), peak = 3803.97 (MB)
#
#start global routing iteration 1...
#cpu time = 00:00:01, elapsed time = 00:00:00, memory = 3372.18 (MB), peak = 3803.97 (MB)
#
#start global routing iteration 2...
#cpu time = 00:00:00, elapsed time = 00:00:00, memory = 3370.46 (MB), peak = 3803.97 (MB)
#
#start global routing iteration 3...
#cpu time = 00:00:00, elapsed time = 00:00:00, memory = 3370.46 (MB), peak = 3803.97 (MB)
#
#
#Total number of trivial nets (e.g. < 2 pins) = 1040 (skipped).
#Total number of nets with skipped attribute = 39458 (skipped).
#Total number of routable nets = 56.
#Total number of nets in the design = 40554.
#
#56 routable nets have routed wires.
#39458 skipped nets have only detail routed wires.
#43 global routed or unrouted (routable) nets have been constrained (e.g. have preferred extra spacing, require shielding etc.)
#13 detail routed (routable) nets have been constrained (e.g. have preferred extra spacing, require shielding etc.)
#
#Routed net constraints summary:
#------------------------------------------------
#        Rules   Pref Extra Space   Unconstrained  
#------------------------------------------------
#      Default                 43               0  
#------------------------------------------------
#        Total                 43               0  
#------------------------------------------------
#
#Routing constraints summary of the whole design:
#------------------------------------------------
#        Rules   Pref Extra Space   Unconstrained  
#------------------------------------------------
#      Default                 56           39458  
#------------------------------------------------
#        Total                 56           39458  
#------------------------------------------------
#
#
#  Congestion Analysis: (blocked Gcells are excluded)
#
#                 OverCon          
#                  #Gcell    %Gcell
#     Layer           (1)   OverCon
#  --------------------------------
#  M2            0(0.00%)   (0.00%)
#  C1            0(0.00%)   (0.00%)
#  C2            0(0.00%)   (0.00%)
#  C3            0(0.00%)   (0.00%)
#  C4            0(0.00%)   (0.00%)
#  BA            0(0.00%)   (0.00%)
#  BB            0(0.00%)   (0.00%)
#  JA            0(0.00%)   (0.00%)
#  --------------------------------
#     Total      0(0.00%)   (0.00%)
#
#  The worst congested Gcell overcon (routing demand over resource in number of tracks) = 1
#  Overflow after GR: 0.00% H + 0.00% V
#
#Complete Global Routing.
#Total number of nets with non-default rule or having extra spacing = 56
#Total wire length = 10503 um.
#Total half perimeter of net bounding box = 3367 um.
#Total wire length on LAYER M1 = 0 um.
#Total wire length on LAYER M2 = 176 um.
#Total wire length on LAYER C1 = 5534 um.
#Total wire length on LAYER C2 = 4542 um.
#Total wire length on LAYER C3 = 252 um.
#Total wire length on LAYER C4 = 0 um.
#Total wire length on LAYER BA = 0 um.
#Total wire length on LAYER BB = 0 um.
#Total wire length on LAYER JA = 0 um.
#Total wire length on LAYER JB = 0 um.
#Total wire length on LAYER LB = 0 um.
#Total number of vias = 10090
#Up-Via Summary (total 10090):
#           
#-----------------------
# M1                322
# M2               4898
# C1               4692
# C2                178
#-----------------------
#                 10090 
#
#Total number of involved priority nets 43
#Maximum src to sink distance for priority net 71.0
#Average of max src_to_sink distance for priority net 47.3
#Average of ave src_to_sink distance for priority net 25.6
#Max overcon = 0 track.
#Total overcon = 0.00%.
#Worst layer Gcell overcon rate = 0.00%.
#
#Global routing statistics:
#Cpu time = 00:00:02
#Elapsed time = 00:00:01
#Increased memory = 15.57 (MB)
#Total memory = 3365.15 (MB)
#Peak memory = 3803.97 (MB)
#
#Finished global routing on Sat Jan  3 09:34:02 2026
#
#
#Minimum voltage of a net in the design = 0.000.
#Maximum voltage of a net in the design = 0.800.
#Voltage range [0.000 - 0.800] has 40521 nets.
#Voltage range [0.000 - 0.000] has 32 nets.
#Voltage range [0.720 - 0.800] has 1 net.
#Minimum voltage of a net in the design = 0.000.
#Maximum voltage of a net in the design = 0.800.
#Voltage range [0.000 - 0.800] has 40521 nets.
#Voltage range [0.000 - 0.000] has 32 nets.
#Voltage range [0.720 - 0.800] has 1 net.
#cpu time = 00:00:00, elapsed time = 00:00:00, memory = 3361.66 (MB), peak = 3803.97 (MB)
#Minimum voltage of a net in the design = 0.000.
#Maximum voltage of a net in the design = 0.800.
#Voltage range [0.000 - 0.800] has 40521 nets.
#Voltage range [0.000 - 0.000] has 32 nets.
#Voltage range [0.720 - 0.800] has 1 net.
#Start Track Assignment.
#Done with 23 horizontal wires in 5 hboxes and 51 vertical wires in 5 hboxes.
#Done with 0 horizontal wires in 5 hboxes and 0 vertical wires in 5 hboxes.
#Complete Track Assignment.
#Total number of nets with non-default rule or having extra spacing = 56
#Total wire length = 10503 um.
#Total half perimeter of net bounding box = 3367 um.
#Total wire length on LAYER M1 = 0 um.
#Total wire length on LAYER M2 = 176 um.
#Total wire length on LAYER C1 = 5534 um.
#Total wire length on LAYER C2 = 4542 um.
#Total wire length on LAYER C3 = 252 um.
#Total wire length on LAYER C4 = 0 um.
#Total wire length on LAYER BA = 0 um.
#Total wire length on LAYER BB = 0 um.
#Total wire length on LAYER JA = 0 um.
#Total wire length on LAYER JB = 0 um.
#Total wire length on LAYER LB = 0 um.
#Total number of vias = 10090
#Up-Via Summary (total 10090):
#           
#-----------------------
# M1                322
# M2               4898
# C1               4692
# C2                178
#-----------------------
#                 10090 
#
#cpu time = 00:00:01, elapsed time = 00:00:01, memory = 3362.02 (MB), peak = 3803.97 (MB)
#
#Routing data preparation, pin analysis, global routing and track assignment statistics:
#Cpu time = 00:02:36
#Elapsed time = 00:00:27
#Increased memory = 116.15 (MB)
#Total memory = 3362.02 (MB)
#Peak memory = 3803.97 (MB)
#Using multithreading with 8 threads.
#Minimum voltage of a net in the design = 0.000.
#Maximum voltage of a net in the design = 0.800.
#Voltage range [0.000 - 0.800] has 40521 nets.
#Voltage range [0.000 - 0.000] has 32 nets.
#Voltage range [0.720 - 0.800] has 1 net.
#Minimum voltage of a net in the design = 0.000.
#Maximum voltage of a net in the design = 0.800.
#Voltage range [0.000 - 0.800] has 40521 nets.
#Voltage range [0.000 - 0.000] has 32 nets.
#Voltage range [0.720 - 0.800] has 1 net.
#Minimum voltage of a net in the design = 0.000.
#Maximum voltage of a net in the design = 0.800.
#Voltage range [0.000 - 0.800] has 40521 nets.
#Voltage range [0.000 - 0.000] has 32 nets.
#Voltage range [0.720 - 0.800] has 1 net.
#Minimum voltage of a net in the design = 0.000.
#Maximum voltage of a net in the design = 0.800.
#Voltage range [0.000 - 0.800] has 40521 nets.
#Voltage range [0.000 - 0.000] has 32 nets.
#Voltage range [0.720 - 0.800] has 1 net.
#
#Start Detail Routing..
#start initial detail routing ...
# ECO: 60.96% of the total area was rechecked for DRC, and 23.52% required routing.
#   number of violations = 15
#
#    By Layer and Type :
#	          Short    Color EOLColor   Totals
#	M1            0        0        0        0
#	M2            2        6        7       15
#	Totals        2        6        7       15
#20278 out of 37446 instances (54.2%) need to be verified(marked ipoed), dirty area = 27.9%.
#   number of violations = 15
#
#    By Layer and Type :
#	          Short    Color EOLColor   Totals
#	M1            0        0        0        0
#	M2            2        6        7       15
#	Totals        2        6        7       15
#cpu time = 00:01:21, elapsed time = 00:00:11, memory = 3385.50 (MB), peak = 3803.97 (MB)
#start 1st optimization iteration ...
#   number of violations = 0
#cpu time = 00:00:01, elapsed time = 00:00:00, memory = 3384.66 (MB), peak = 3803.97 (MB)
#Complete Detail Routing.
#Total number of nets with non-default rule or having extra spacing = 56
#Total wire length = 10555 um.
#Total half perimeter of net bounding box = 3367 um.
#Total wire length on LAYER M1 = 0 um.
#Total wire length on LAYER M2 = 191 um.
#Total wire length on LAYER C1 = 5534 um.
#Total wire length on LAYER C2 = 4579 um.
#Total wire length on LAYER C3 = 252 um.
#Total wire length on LAYER C4 = 0 um.
#Total wire length on LAYER BA = 0 um.
#Total wire length on LAYER BB = 0 um.
#Total wire length on LAYER JA = 0 um.
#Total wire length on LAYER JB = 0 um.
#Total wire length on LAYER LB = 0 um.
#Total number of vias = 10253
#Up-Via Summary (total 10253):
#           
#-----------------------
# M1                323
# M2               4916
# C1               4834
# C2                180
#-----------------------
#                 10253 
#
#Total number of DRC violations = 0
#Cpu time = 00:01:23
#Elapsed time = 00:00:11
#Increased memory = 22.22 (MB)
#Total memory = 3384.25 (MB)
#Peak memory = 3803.97 (MB)
#route_detail Statistics:
#Cpu time = 00:01:23
#Elapsed time = 00:00:11
#Increased memory = 22.22 (MB)
#Total memory = 3384.25 (MB)
#Peak memory = 3803.97 (MB)
#Skip updating routing design signature in db-snapshot flow
#
#route_global_detail statistics:
#Cpu time = 00:04:03
#Elapsed time = 00:00:41
#Increased memory = -22.20 (MB)
#Total memory = 3216.50 (MB)
#Peak memory = 3803.97 (MB)
#Number of warnings = 4
#Total number of warnings = 21
#Number of fails = 0
#Total number of fails = 0
#Complete route_global_detail on Sat Jan  3 09:34:15 2026
#
#**INFO: auto set of droutePostRouteSwapVia to multiCut

route_global_detail

#Start route_global_detail on Sat Jan  3 09:34:15 2026
#
#Generating timing data, please wait...
#39530 total nets, 56 already routed, 56 will ignore in trialRoute
**WARN: (IMPEXT-3530):	The process node is not set. Use the command set_design_mode -process <process node> prior to extraction for maximum accuracy and optimal automatic threshold setting.
#View pruning: cpu time = 00:00:00, elapsed time = 00:00:00, memory = 3046.30 (MB), peak = 3803.97 (MB)
#Reporting timing...
###############################################################
#  Generated by:      Cadence Innovus 21.19-s058_1
#  OS:                Linux x86_64(Host ID il2225ht25_jcdavid)
#  Generated on:      Sat Jan  3 09:34:29 2026
#  Design:            Silago_bot
#  Command:           route_design
###############################################################
#Normalized TNS: -0.566 -> -0.028, r2r 0.000 -> 0.000, unit 1.000, clk period 20.000 (ns)
#Stage 1: cpu time = 00:00:40, elapsed time = 00:00:10, memory = 2857.18 (MB), peak = 3803.97 (MB)
#Library Standard Delay: 10.60ps
#Slack threshold: 21.20ps
#*** Analyzed 0 timing critical paths, and collected 0.
#Stage 2: cpu time = 00:00:03, elapsed time = 00:00:01, memory = 2858.11 (MB), peak = 3803.97 (MB)
#Stage 3: cpu time = 00:00:04, elapsed time = 00:00:04, memory = 3117.27 (MB), peak = 3803.97 (MB)
#Default setup view is reset to AVF_RCWORST.
#Stage 4: cpu time = 00:00:00, elapsed time = 00:00:00, memory = 3117.27 (MB), peak = 3803.97 (MB)
#Current view: AVF_RCWORST 
#Current enabled view: AVF_RCWORST 
#Generating timing data took: cpu time = 00:00:52, elapsed time = 00:00:17, memory = 3118.38 (MB), peak = 3803.97 (MB)
#Done generating timing data.
#WARNING (NRIG-1303) The congestion map does not match the GCELL grid. Clearing the map.
#num needed restored net=0
#need_extraction net=0 (total=40554)
#WARNING (NRDB-2005) SPECIAL_NET VDD has special wires but no definitions for instance pins or top level pins. This will cause routability problems later.
#WARNING (NRDB-2005) SPECIAL_NET VDD has special wires but no definitions for instance pins or top level pins. This will cause routability problems later.
#NanoRoute Version 21.19-s058_1 NR231113-0413/21_19-UB
#Start routing data preparation on Sat Jan  3 09:34:37 2026
#
#Minimum voltage of a net in the design = 0.000.
#Maximum voltage of a net in the design = 0.800.
#Voltage range [0.000 - 0.800] has 40521 nets.
#Voltage range [0.000 - 0.000] has 32 nets.
#Voltage range [0.720 - 0.800] has 1 net.
#Build and mark too close pins for the same net.
#Initial pin access analysis.
#Detail pin access analysis.
# M1           V   Track-Pitch = 0.10400    Line-2-Via Pitch = 0.08000
# M2           H   Track-Pitch = 0.08000    Line-2-Via Pitch = 0.08000
# C1           V   Track-Pitch = 0.09000    Line-2-Via Pitch = 0.09000
# C2           H   Track-Pitch = 0.09000    Line-2-Via Pitch = 0.09000
# C3           V   Track-Pitch = 0.09000    Line-2-Via Pitch = 0.09000
# C4           H   Track-Pitch = 0.09000    Line-2-Via Pitch = 0.09000
# BA           V   Track-Pitch = 0.18000    Line-2-Via Pitch = 0.18000
# BB           H   Track-Pitch = 0.18000    Line-2-Via Pitch = 0.18000
# JA           V   Track-Pitch = 0.90000    Line-2-Via Pitch = 0.90000
# JB           H   Track-Pitch = 0.90000    Line-2-Via Pitch = 0.90000
# LB           V   Track-Pitch = 3.60000    Line-2-Via Pitch = 4.50000
#WARNING (NRAG-44) Track pitch is too small compared with line-2-via pitch.
#Bottom routing layer index=1(M1), bottom routing layer for shielding=3(C1), bottom shield layer=3(C1)
#shield_bottom_stripe_layer=3(C1), shield_top_stripe_layer=11(LB)
#pin_access_rlayer=2(M2)
#shield_top_dpt_rlayer=2 top_rlayer=11 top_trim_metal_rlayer=-1 rlayer_lowest=3 bottom_rlayer=1
#enable_trim_layer_shield=F enable_dpt_layer_shield=F has_line_end_grid=F
#cpu time = 00:00:00, elapsed time = 00:00:00, memory = 3128.83 (MB), peak = 3803.97 (MB)
#Regenerating Ggrids automatically.
#Auto generating G-grids with size=15 tracks, using layer C1's pitch = 0.09000.
#Using automatically generated G-grids.
#Done routing data preparation.
#cpu time = 00:00:04, elapsed time = 00:00:03, memory = 3133.70 (MB), peak = 3803.97 (MB)
#Start instance access analysis using 8 threads...
#Set layer M1 to be advanced pin access layer.
#0 instance pins are hard to access
#Instance access analysis statistics:
#Cpu time = 00:00:03
#Elapsed time = 00:00:01
#Increased memory = 9.46 (MB)
#Total memory = 3143.16 (MB)
#Peak memory = 3803.97 (MB)
#
#Summary of active signal nets routing constraints set by OPT:
#	preferred routing layers      : 0
#	preferred routing layer effort: 0
#	preferred extra space         : 0
#	preferred multi-cut via       : 0
#	avoid detour                  : 0
#	expansion ratio               : 0
#	net priority                  : 0
#	s2s control                   : 0
#	avoid chaining                : 0
#	inst-based stacking via       : 0
#
#Summary of active signal nets routing constraints set by USER:
#	preferred routing layers      : 0
#	preferred routing layer effort     : 0
#	preferred extra space              : 0
#	preferred multi-cut via            : 0
#	avoid detour                       : 0
#	net weight                         : 0
#	avoid chaining                     : 0
#	cell-based stacking via (required) : 0
#	cell-based stacking via (optional) : 0
#
#Start timing driven prevention iteration...
#
#----------------------------------------------------
# Summary of active signal nets routing constraints
#+--------------------------+-----------+
#+--------------------------+-----------+
#
#----------------------------------------------------
#Done timing-driven prevention
#cpu time = 00:00:00, elapsed time = 00:00:00, memory = 3145.62 (MB), peak = 3803.97 (MB)
#Total number of trivial nets (e.g. < 2 pins) = 1040 (skipped).
#Total number of routable nets = 39514.
#Total number of nets in the design = 40554.
#39458 routable nets do not have any wires.
#56 routable nets have routed wires.
#39458 nets will be global routed.
#56 detail routed (routable) nets have been constrained (e.g. have preferred extra spacing, require shielding etc.)
#Using multithreading with 8 threads.
#Minimum voltage of a net in the design = 0.000.
#Maximum voltage of a net in the design = 0.800.
#Voltage range [0.000 - 0.800] has 40521 nets.
#Voltage range [0.000 - 0.000] has 32 nets.
#Voltage range [0.720 - 0.800] has 1 net.
#Minimum voltage of a net in the design = 0.000.
#Maximum voltage of a net in the design = 0.800.
#Voltage range [0.000 - 0.800] has 40521 nets.
#Voltage range [0.000 - 0.000] has 32 nets.
#Voltage range [0.720 - 0.800] has 1 net.
#
#Finished routing data preparation on Sat Jan  3 09:34:42 2026
#
#Cpu time = 00:00:00
#Elapsed time = 00:00:00
#Increased memory = 0.26 (MB)
#Total memory = 3146.36 (MB)
#Peak memory = 3803.97 (MB)
#
#
#Start global routing on Sat Jan  3 09:34:42 2026
#
#
#Start global routing initialization on Sat Jan  3 09:34:42 2026
#
#Number of eco nets is 0
#
#Start global routing data preparation on Sat Jan  3 09:34:42 2026
#
#Start routing resource analysis on Sat Jan  3 09:34:42 2026
#
#Routing resource analysis is done on Sat Jan  3 09:34:42 2026
#
#  Resource Analysis:
#
#               Routing  #Avail      #Track     #Total     %Gcell
#  Layer      Direction   Track     Blocked      Gcell    Blocked
#  --------------------------------------------------------------
#  M1             V           0        1923       21904   100.00%
#  M2             H        1714         790       21904     0.00%
#  C1             V        2163          59       21904     0.00%
#  C2             H        2190          36       21904     0.00%
#  C3             V        2218           4       21904     0.00%
#  C4             H        2224           2       21904     0.00%
#  BA             V        1109           2       21904     0.00%
#  BB             H        1112           1       21904     0.00%
#  JA             V         221           1       21904     0.05%
#  JB             H           0         222       21904   100.00%
#  LB             V           0          56       21904   100.00%
#  --------------------------------------------------------------
#  Total                  12953      30.59%      240944    27.28%
#
#  56 nets (0.14%) with 1 preferred extra spacing.
#
#
#
#Global routing data preparation is done on Sat Jan  3 09:34:42 2026
#
#cpu time = 00:00:01, elapsed time = 00:00:00, memory = 3153.80 (MB), peak = 3803.97 (MB)
#
#
#Global routing initialization is done on Sat Jan  3 09:34:42 2026
#
#cpu time = 00:00:01, elapsed time = 00:00:00, memory = 3153.80 (MB), peak = 3803.97 (MB)
#
#Skip 1/3 round for no nets in the round...
#Skip 2/3 round for no nets in the round...
#Route nets in 3/3 round...
#start global routing iteration 1...
#cpu time = 00:00:51, elapsed time = 00:00:51, memory = 3224.97 (MB), peak = 3803.97 (MB)
#
#start global routing iteration 2...
#cpu time = 00:00:11, elapsed time = 00:00:11, memory = 3243.75 (MB), peak = 3803.97 (MB)
#
#
#Total number of trivial nets (e.g. < 2 pins) = 1040 (skipped).
#Total number of routable nets = 39514.
#Total number of nets in the design = 40554.
#
#39514 routable nets have routed wires.
#56 detail routed (routable) nets have been constrained (e.g. have preferred extra spacing, require shielding etc.)
#
#Routed nets constraints summary:
#-----------------------------
#        Rules   Unconstrained  
#-----------------------------
#      Default           39458  
#-----------------------------
#        Total           39458  
#-----------------------------
#
#Routing constraints summary of the whole design:
#------------------------------------------------
#        Rules   Pref Extra Space   Unconstrained  
#------------------------------------------------
#      Default                 56           39458  
#------------------------------------------------
#        Total                 56           39458  
#------------------------------------------------
#
#
#  Congestion Analysis: (blocked Gcells are excluded)
#
#                 OverCon       OverCon       OverCon       OverCon          
#                  #Gcell        #Gcell        #Gcell        #Gcell    %Gcell
#     Layer           (1)           (2)           (3)           (4)   OverCon
#  --------------------------------------------------------------------------
#  M2           61(0.28%)     14(0.06%)      5(0.02%)      2(0.01%)   (0.37%)
#  C1           10(0.05%)      7(0.03%)      0(0.00%)      0(0.00%)   (0.08%)
#  C2            0(0.00%)      0(0.00%)      0(0.00%)      0(0.00%)   (0.00%)
#  C3            0(0.00%)      0(0.00%)      0(0.00%)      0(0.00%)   (0.00%)
#  C4            0(0.00%)      0(0.00%)      0(0.00%)      0(0.00%)   (0.00%)
#  BA            0(0.00%)      0(0.00%)      0(0.00%)      0(0.00%)   (0.00%)
#  BB            0(0.00%)      0(0.00%)      0(0.00%)      0(0.00%)   (0.00%)
#  JA            0(0.00%)      0(0.00%)      0(0.00%)      0(0.00%)   (0.00%)
#  --------------------------------------------------------------------------
#     Total     71(0.04%)     21(0.01%)      5(0.00%)      2(0.00%)   (0.06%)
#
#  The worst congested Gcell overcon (routing demand over resource in number of tracks) = 4
#  Overflow after GR: 0.05% H + 0.01% V
#
#Hotspot report including placement blocked areas
[hotspot] +------------+---------------+---------------+-------------------------------------+
[hotspot] |   layer    |  max hotspot  | total hotspot |            hotspot bbox             |
[hotspot] +------------+---------------+---------------+-------------------------------------+
[hotspot] |   M1(V)    |          0.00 |          0.00 |   (none)                            |
[hotspot] |   M2(H)    |          0.44 |          0.44 |    35.79    33.24    40.91    38.36 |
[hotspot] |   C1(V)    |         13.56 |         16.67 |    99.79   197.08   117.71   200.36 |
[hotspot] |   C2(H)    |          0.00 |          0.00 |   (none)                            |
[hotspot] |   C3(V)    |          0.00 |          0.00 |   (none)                            |
[hotspot] |   C4(H)    |          0.00 |          0.00 |   (none)                            |
[hotspot] |   BA(V)    |          0.00 |          0.00 |   (none)                            |
[hotspot] |   BB(H)    |          0.00 |          0.00 |   (none)                            |
[hotspot] |   JA(V)    |          0.00 |          0.00 |   (none)                            |
[hotspot] |   JB(H)    |          0.00 |          0.00 |   (none)                            |
[hotspot] |   LB(V)    |          0.00 |          0.00 |   (none)                            |
[hotspot] +------------+---------------+---------------+-------------------------------------+
[hotspot] |   worst    | (C1)    13.56 | (C1)    16.67 |                                     |
[hotspot] +------------+---------------+---------------+-------------------------------------+
[hotspot] | all layers |          0.00 |          0.00 |                                     |
[hotspot] +------------+---------------+---------------+-------------------------------------+
Local HotSpot Analysis (blockage included) (3d): normalized congestion max/total hotspot area = 0.00/0.00 (area is in unit of 4 std-cell row bins)
#Complete Global Routing.
#Total number of nets with non-default rule or having extra spacing = 56
#Total wire length = 470192 um.
#Total half perimeter of net bounding box = 426076 um.
#Total wire length on LAYER M1 = 0 um.
#Total wire length on LAYER M2 = 77796 um.
#Total wire length on LAYER C1 = 124691 um.
#Total wire length on LAYER C2 = 103477 um.
#Total wire length on LAYER C3 = 87370 um.
#Total wire length on LAYER C4 = 54506 um.
#Total wire length on LAYER BA = 13158 um.
#Total wire length on LAYER BB = 8199 um.
#Total wire length on LAYER JA = 996 um.
#Total wire length on LAYER JB = 0 um.
#Total wire length on LAYER LB = 0 um.
#Total number of vias = 257649
#Up-Via Summary (total 257649):
#           
#-----------------------
# M1             106415
# M2             100199
# C1              32926
# C2              12303
# C3               3972
# C4               1255
# BA                478
# BB                101
#-----------------------
#                257649 
#
#Total number of involved regular nets 7813
#Maximum src to sink distance  270.3
#Average of max src_to_sink distance  31.2
#Average of ave src_to_sink distance  20.8
#Max overcon = 4 tracks.
#Total overcon = 0.06%.
#Worst layer Gcell overcon rate = 0.08%.
#
#Global routing statistics:
#Cpu time = 00:01:05
#Elapsed time = 00:01:04
#Increased memory = 94.14 (MB)
#Total memory = 3240.50 (MB)
#Peak memory = 3803.97 (MB)
#
#Finished global routing on Sat Jan  3 09:35:46 2026
#
#
#Minimum voltage of a net in the design = 0.000.
#Maximum voltage of a net in the design = 0.800.
#Voltage range [0.000 - 0.800] has 40521 nets.
#Voltage range [0.000 - 0.000] has 32 nets.
#Voltage range [0.720 - 0.800] has 1 net.
#Minimum voltage of a net in the design = 0.000.
#Maximum voltage of a net in the design = 0.800.
#Voltage range [0.000 - 0.800] has 40521 nets.
#Voltage range [0.000 - 0.000] has 32 nets.
#Voltage range [0.720 - 0.800] has 1 net.
#cpu time = 00:00:00, elapsed time = 00:00:00, memory = 3218.02 (MB), peak = 3803.97 (MB)
#Minimum voltage of a net in the design = 0.000.
#Maximum voltage of a net in the design = 0.800.
#Voltage range [0.000 - 0.800] has 40521 nets.
#Voltage range [0.000 - 0.000] has 32 nets.
#Voltage range [0.720 - 0.800] has 1 net.
#Start Track Assignment.
#Done with 67506 horizontal wires in 5 hboxes and 65486 vertical wires in 5 hboxes.
#Done with 15281 horizontal wires in 5 hboxes and 11092 vertical wires in 5 hboxes.
#Done with 5 horizontal wires in 5 hboxes and 5 vertical wires in 5 hboxes.
#
#Track assignment summary:
# layer   (wire length)   (overlap)     (long ovlp)	(with obs/pg/clk)  
#------------------------------------------------------------------------
# M1             0.00 	  0.00%  	  0.00% 	  0.00%
# M2         77028.50 	  0.17%  	  0.00% 	  0.08%
# C1        118022.18 	  0.08%  	  0.00% 	  0.01%
# C2         98787.50 	  0.02%  	  0.00% 	  0.00%
# C3         87118.61 	  0.02%  	  0.00% 	  0.00%
# C4         54508.06 	  0.00%  	  0.00% 	  0.00%
# BA         13182.90 	  0.00%  	  0.00% 	  0.00%
# BB          8218.30 	  0.00%  	  0.00% 	  0.00%
# JA          1032.95 	  0.00%  	  0.00% 	  0.00%
# JB             0.00 	  0.00%  	  0.00% 	  0.00%
# LB             0.00 	  0.00%  	  0.00% 	  0.00%
#------------------------------------------------------------------------
# All      457899.00  	  0.06% 	  0.00% 	  0.00%
#Complete Track Assignment.
#Total number of nets with non-default rule or having extra spacing = 56
#Total wire length = 465055 um.
#Total half perimeter of net bounding box = 426076 um.
#Total wire length on LAYER M1 = 0 um.
#Total wire length on LAYER M2 = 76049 um.
#Total wire length on LAYER C1 = 122015 um.
#Total wire length on LAYER C2 = 103081 um.
#Total wire length on LAYER C3 = 87160 um.
#Total wire length on LAYER C4 = 54437 um.
#Total wire length on LAYER BA = 13116 um.
#Total wire length on LAYER BB = 8193 um.
#Total wire length on LAYER JA = 1003 um.
#Total wire length on LAYER JB = 0 um.
#Total wire length on LAYER LB = 0 um.
#Total number of vias = 257649
#Up-Via Summary (total 257649):
#           
#-----------------------
# M1             106415
# M2             100199
# C1              32926
# C2              12303
# C3               3972
# C4               1255
# BA                478
# BB                101
#-----------------------
#                257649 
#
#cpu time = 00:00:24, elapsed time = 00:00:12, memory = 3216.80 (MB), peak = 3803.97 (MB)
#
#number of short segments in preferred routing layers
#	
#	
#
#Start post global route fixing for timing critical nets ...
#
#* Updating design timing data...
#Extracting RC...
Un-suppress "**WARN ..." messages.
#
#Start tQuantus RC extraction...
#Finish check_net_pin_list step Enter extract_rc_after_routing
#Extract in track assign mode
#Minimum voltage of a net in the design = 0.000.
#Maximum voltage of a net in the design = 0.800.
#Voltage range [0.000 - 0.800] has 40521 nets.
#Voltage range [0.000 - 0.000] has 32 nets.
#Voltage range [0.720 - 0.800] has 1 net.
#Start building rc corner(s)...
#Number of RC Corner = 3
#Corner rc_typ /opt/pdk/gf22/V1.0_4.1/PEX/QRC/10M_2Mx_4Cx_2Bx_2Jx_LBthick/nominal/qrcTechFile 25.000000 (real) 
#Corner rc_best /opt/pdk/gf22/V1.0_4.1/PEX/QRC/10M_2Mx_4Cx_2Bx_2Jx_LBthick/FuncRCminDP/qrcTechFile 25.000000 (real) 
#Corner rc_worst /opt/pdk/gf22/V1.0_4.1/PEX/QRC/10M_2Mx_4Cx_2Bx_2Jx_LBthick/FuncRCmaxDP/qrcTechFile 25.000000 (real) 
#(i=11, n=11 2000)
#M1 -> M1 (1)
#M2 -> M2 (2)
#C1 -> C1 (3)
#C2 -> C2 (4)
#C3 -> C3 (5)
#C4 -> C4 (6)
#BA -> BA (7)
#BB -> BB (8)
#JA -> JA (9)
#JB -> JB (10)
#LB -> LB (11)
#SADV_On
# Corner(s) : 
#rc_typ [25.00] 
#rc_best [25.00] 
#rc_worst [25.00]
# Corner id: 0
# Layout Scale: 1.000000
# Has Metal Fill model: yes
# Temperature was set
# Temperature : 25.000000
# Ref. Temp   : 25.000000
# Corner id: 1
# Layout Scale: 1.000000
# Has Metal Fill model: yes
# Temperature was set
# Temperature : 25.000000
# Ref. Temp   : 25.000000
# Corner id: 2
# Layout Scale: 1.000000
# Has Metal Fill model: yes
# Temperature was set
# Temperature : 25.000000
# Ref. Temp   : 25.000000
#total pattern=286 [33, 2376]
#Generating the tQuantus model file automatically.
#num_tile=21570 avg_aspect_ratio=1.775073 
#Vertical num_row 51 per_row= 420 halo= 20000 
#hor_num_col = 147 final aspect_ratio= 0.540851
#Build RC corners: cpu time = 00:00:56, elapsed time = 00:00:57, memory = 3340.84 (MB), peak = 3803.97 (MB)
#Finish check_net_pin_list step Enter extract
#Start init net ripin tree building
#Finish init net ripin tree building
#Cpu time = 00:00:00
#Elapsed time = 00:00:00
#Increased memory = 0.00 (MB)
#Total memory = 3353.49 (MB)
#Peak memory = 3803.97 (MB)
#Using multithreading with 8 threads.
#begin processing metal fill model file
#end processing metal fill model file
#Minimum voltage of a net in the design = 0.000.
#Maximum voltage of a net in the design = 0.800.
#Voltage range [0.000 - 0.800] has 40521 nets.
#Voltage range [0.000 - 0.000] has 32 nets.
#Voltage range [0.720 - 0.800] has 1 net.
#Minimum voltage of a net in the design = 0.000.
#Maximum voltage of a net in the design = 0.800.
#Voltage range [0.000 - 0.800] has 40521 nets.
#Voltage range [0.000 - 0.000] has 32 nets.
#Voltage range [0.720 - 0.800] has 1 net.
#Minimum voltage of a net in the design = 0.000.
#Maximum voltage of a net in the design = 0.800.
#Voltage range [0.000 - 0.800] has 40521 nets.
#Voltage range [0.000 - 0.000] has 32 nets.
#Voltage range [0.720 - 0.800] has 1 net.
#
#Start Post Track Assignment Wire Spread.
#Done with 19590 horizontal wires in 5 hboxes and 20647 vertical wires in 5 hboxes.
#Complete Post Track Assignment Wire Spread.
#
#Length limit = 200 pitches
#opt mode = 2
#Minimum voltage of a net in the design = 0.000.
#Maximum voltage of a net in the design = 0.800.
#Voltage range [0.000 - 0.800] has 40521 nets.
#Voltage range [0.000 - 0.000] has 32 nets.
#Voltage range [0.720 - 0.800] has 1 net.
#Minimum voltage of a net in the design = 0.000.
#Maximum voltage of a net in the design = 0.800.
#Voltage range [0.000 - 0.800] has 40521 nets.
#Voltage range [0.000 - 0.000] has 32 nets.
#Voltage range [0.720 - 0.800] has 1 net.
#Finish check_net_pin_list step Fix net pin list
#Start generate extraction boxes.
#
#Extract using 30 x 30 Hboxes
#6x6 initial hboxes
#Use area based hbox pruning.
#0/0 hboxes pruned.
#Complete generating extraction boxes.
#Extract 25 hboxes with 8 threads on machine with  Xeon 3.39GHz 30720KB Cache 48CPU...
#Process 0 special clock nets for rc extraction
#Total 39514 nets were built. 5432 nodes added to break long wires. 0 net(s) have incomplete routes.
#Run Statistics for Extraction:
#   Cpu time = 00:00:17, elapsed time = 00:00:04 .
#   Increased memory =   300.17 (MB), total memory =  3645.80 (MB), peak memory =  3803.97 (MB)
#
#Scale RC for track assignment: res 1.000000; cap 1.000000; clk res 1.000000; clk cap 1.000000, xcap 1.000000
#Simplify RC tree: cpu time = 00:00:00, elapsed time = 00:00:00, memory = 3385.12 (MB), peak = 3803.97 (MB)
#RC Statistics: 0 Res, 130115 Ground Cap, 0 XCap (Edge to Edge)
#Register nets and terms for rcdb /tmp/innovus_temp_984317_il2225ht25_jcdavid_jcdavid_aPFngC/nr984317_82zqpT.rcdb.d
#Finish registering nets and terms for rcdb.
#Start writing RC data.
#Finish writing RC data
#Finish writing rcdb with 281121 nodes, 241607 edges, and 0 xcaps
#5432 inserted nodes are removed
#Restored 0 tie nets, 0 tie snets, 0 partial nets
#Minimum voltage of a net in the design = 0.000.
#Maximum voltage of a net in the design = 0.800.
#Voltage range [0.000 - 0.800] has 40521 nets.
#Voltage range [0.000 - 0.000] has 32 nets.
#Voltage range [0.720 - 0.800] has 1 net.
#Minimum voltage of a net in the design = 0.000.
#Maximum voltage of a net in the design = 0.800.
#Voltage range [0.000 - 0.800] has 40521 nets.
#Voltage range [0.000 - 0.000] has 32 nets.
#Voltage range [0.720 - 0.800] has 1 net.
#Minimum voltage of a net in the design = 0.000.
#Maximum voltage of a net in the design = 0.800.
#Voltage range [0.000 - 0.800] has 40521 nets.
#Voltage range [0.000 - 0.000] has 32 nets.
#Voltage range [0.720 - 0.800] has 1 net.
#Remove Post Track Assignment Wire Spread
Restoring parasitic data from file '/tmp/innovus_temp_984317_il2225ht25_jcdavid_jcdavid_aPFngC/nr984317_82zqpT.rcdb.d' ...
Reading RCDB with compressed RC data.
Reading RCDB with compressed RC data.
Begin read_parasitics... (cpu: 0:00:00.0 real: 0:00:00.0 mem: 5618.363M)
Following multi-corner parasitics specified:
	/tmp/innovus_temp_984317_il2225ht25_jcdavid_jcdavid_aPFngC/nr984317_82zqpT.rcdb.d (rcdb)
Reading RCDB with compressed RC data.
		Cell Silago_bot has rcdb /tmp/innovus_temp_984317_il2225ht25_jcdavid_jcdavid_aPFngC/nr984317_82zqpT.rcdb.d specified
Cell Silago_bot, hinst 
Reading RCDB with compressed RC data.
Done read_parasitics... (cpu: 0:00:01.0 real: 0:00:01.0 mem: 5618.363M)
#
#Restore RCDB.
#Minimum voltage of a net in the design = 0.000.
#Maximum voltage of a net in the design = 0.800.
#Voltage range [0.000 - 0.800] has 40521 nets.
#Voltage range [0.000 - 0.000] has 32 nets.
#Voltage range [0.720 - 0.800] has 1 net.
#Minimum voltage of a net in the design = 0.000.
#Maximum voltage of a net in the design = 0.800.
#Voltage range [0.000 - 0.800] has 40521 nets.
#Voltage range [0.000 - 0.000] has 32 nets.
#Voltage range [0.720 - 0.800] has 1 net.
#Minimum voltage of a net in the design = 0.000.
#Maximum voltage of a net in the design = 0.800.
#Voltage range [0.000 - 0.800] has 40521 nets.
#Voltage range [0.000 - 0.000] has 32 nets.
#Voltage range [0.720 - 0.800] has 1 net.
#Remove Post Track Assignment Wire Spread
#
#Complete tQuantus RC extraction.
#Cpu time = 00:01:29
#Elapsed time = 00:01:12
#Increased memory = 146.44 (MB)
#Total memory = 3364.07 (MB)
#Peak memory = 3803.97 (MB)
#
Un-suppress "**WARN ..." messages.
#RC Extraction Completed...
AAE_INFO: switching -siAware from false to true ...
AAE_INFO: The setting is changed from false to true in setDelayCalMode -SIAware
#Reporting timing...
###############################################################
#  Generated by:      Cadence Innovus 21.19-s058_1
#  OS:                Linux x86_64(Host ID il2225ht25_jcdavid)
#  Generated on:      Sat Jan  3 09:37:21 2026
#  Design:            Silago_bot
#  Command:           route_design
###############################################################
#Normalized TNS: -5.036 -> -0.252, r2r 0.000 -> 0.000, unit 1.000, clk period 20.000 (ns)
#Stage 1: cpu time = 00:00:47, elapsed time = 00:00:10, memory = 3389.21 (MB), peak = 3803.97 (MB)
#Library Standard Delay: 10.60ps
#Slack threshold: 0.00ps
#*** Analyzed 0 timing critical paths, and collected 0.
#Stage 2: cpu time = 00:00:02, elapsed time = 00:00:01, memory = 3389.50 (MB), peak = 3803.97 (MB)
#Stage 3: cpu time = 00:00:00, elapsed time = 00:00:00, memory = 3390.77 (MB), peak = 3803.97 (MB)
Worst slack reported in the design = 15331.522461 (late)

*** writeDesignTiming (0:00:05.5) ***
#Stage 4: cpu time = 00:00:06, elapsed time = 00:00:06, memory = 3391.16 (MB), peak = 3803.97 (MB)
Un-suppress "**WARN ..." messages.
#Number of victim nets: 0
#Number of aggressor nets: 0
#Number of weak nets: 0
#Number of critical nets: 0
#	level 1 [   0.0, -1000.0]: 0 nets
#	level 2 [   0.0, -1000.0]: 0 nets
#	level 3 [   0.0, -1000.0]: 0 nets
#Total number of nets: 39514
#Total number of significant detoured timing critical nets is 0
#Total number of selected detoured timing critical nets is 0
#
#----------------------------------------------------
# Summary of active signal nets routing constraints
#+--------------------------+-----------+
#+--------------------------+-----------+
#
#----------------------------------------------------
Current (total cpu=0:55:15, real=0:18:19, peak res=3804.0M, current mem=3197.6M)
Silago_bot
Ending "Constraint file reading stats" (total cpu=0:00:00.7, real=0:00:01.0, peak res=3211.8M, current mem=3211.8M)
Current (total cpu=0:55:16, real=0:18:20, peak res=3804.0M, current mem=3211.8M)
Current (total cpu=0:55:16, real=0:18:20, peak res=3804.0M, current mem=3211.8M)
Silago_bot
Ending "Constraint file reading stats" (total cpu=0:00:00.6, real=0:00:01.0, peak res=3212.0M, current mem=3212.0M)
Current (total cpu=0:55:17, real=0:18:21, peak res=3804.0M, current mem=3212.0M)
Current (total cpu=0:55:17, real=0:18:21, peak res=3804.0M, current mem=3212.1M)
Silago_bot
Ending "Constraint file reading stats" (total cpu=0:00:00.6, real=0:00:01.0, peak res=3212.3M, current mem=3212.3M)
Current (total cpu=0:55:18, real=0:18:22, peak res=3804.0M, current mem=3212.3M)
#Minimum voltage of a net in the design = 0.000.
#Maximum voltage of a net in the design = 0.800.
#Voltage range [0.000 - 0.800] has 40521 nets.
#Voltage range [0.000 - 0.000] has 32 nets.
#Voltage range [0.720 - 0.800] has 1 net.
#Minimum voltage of a net in the design = 0.000.
#Maximum voltage of a net in the design = 0.800.
#Voltage range [0.000 - 0.800] has 40521 nets.
#Voltage range [0.000 - 0.000] has 32 nets.
#Voltage range [0.720 - 0.800] has 1 net.
#cpu time = 00:00:00, elapsed time = 00:00:00, memory = 3212.46 (MB), peak = 3803.97 (MB)
#* Importing design timing data...
#Number of victim nets: 0
#Number of aggressor nets: 0
#Number of weak nets: 0
#Number of critical nets: 0
#	level 1 [   0.0, -1000.0]: 0 nets
#	level 2 [   0.0, -1000.0]: 0 nets
#	level 3 [   0.0, -1000.0]: 0 nets
#Total number of nets: 39514
#Minimum voltage of a net in the design = 0.000.
#Maximum voltage of a net in the design = 0.800.
#Voltage range [0.000 - 0.800] has 40521 nets.
#Voltage range [0.000 - 0.000] has 32 nets.
#Voltage range [0.720 - 0.800] has 1 net.
#
#timing driven effort level: 3
#Start Track Assignment With Timing Driven.
#Done with 1919 horizontal wires in 5 hboxes and 2232 vertical wires in 5 hboxes.
#Done with 371 horizontal wires in 5 hboxes and 784 vertical wires in 5 hboxes.
#Done with 5 horizontal wires in 5 hboxes and 5 vertical wires in 5 hboxes.
#
#Track assignment summary:
# layer   (wire length)   (overlap)     (long ovlp)	(with obs/pg/clk)  
#------------------------------------------------------------------------
# M1             0.00 	  0.00%  	  0.00% 	  0.00%
# M2         76935.24 	  0.14%  	  0.00% 	  0.07%
# C1        117949.26 	  0.08%  	  0.00% 	  0.01%
# C2         98780.33 	  0.02%  	  0.00% 	  0.00%
# C3         87112.84 	  0.01%  	  0.00% 	  0.00%
# C4         54509.01 	  0.00%  	  0.00% 	  0.00%
# BA         13183.17 	  0.00%  	  0.00% 	  0.00%
# BB          8217.76 	  0.00%  	  0.00% 	  0.00%
# JA          1032.50 	  0.00%  	  0.00% 	  0.00%
# JB             0.00 	  0.00%  	  0.00% 	  0.00%
# LB             0.00 	  0.00%  	  0.00% 	  0.00%
#------------------------------------------------------------------------
# All      457720.12  	  0.05% 	  0.00% 	  0.00%
#Complete Track Assignment With Timing Driven.
#Total number of nets with non-default rule or having extra spacing = 56
#Total wire length = 464834 um.
#Total half perimeter of net bounding box = 426076 um.
#Total wire length on LAYER M1 = 0 um.
#Total wire length on LAYER M2 = 75931 um.
#Total wire length on LAYER C1 = 121935 um.
#Total wire length on LAYER C2 = 103065 um.
#Total wire length on LAYER C3 = 87152 um.
#Total wire length on LAYER C4 = 54439 um.
#Total wire length on LAYER BA = 13116 um.
#Total wire length on LAYER BB = 8193 um.
#Total wire length on LAYER JA = 1002 um.
#Total wire length on LAYER JB = 0 um.
#Total wire length on LAYER LB = 0 um.
#Total number of vias = 257649
#Up-Via Summary (total 257649):
#           
#-----------------------
# M1             106415
# M2             100199
# C1              32926
# C2              12303
# C3               3972
# C4               1255
# BA                478
# BB                101
#-----------------------
#                257649 
#
#cpu time = 00:00:11, elapsed time = 00:00:06, memory = 3213.12 (MB), peak = 3803.97 (MB)
#
#Routing data preparation, pin analysis, global routing and track assignment statistics:
#Cpu time = 00:04:25
#Elapsed time = 00:03:06
#Increased memory = 90.21 (MB)
#Total memory = 3213.12 (MB)
#Peak memory = 3803.97 (MB)
#Using multithreading with 8 threads.
#Minimum voltage of a net in the design = 0.000.
#Maximum voltage of a net in the design = 0.800.
#Voltage range [0.000 - 0.800] has 40521 nets.
#Voltage range [0.000 - 0.000] has 32 nets.
#Voltage range [0.720 - 0.800] has 1 net.
#Minimum voltage of a net in the design = 0.000.
#Maximum voltage of a net in the design = 0.800.
#Voltage range [0.000 - 0.800] has 40521 nets.
#Voltage range [0.000 - 0.000] has 32 nets.
#Voltage range [0.720 - 0.800] has 1 net.
#Minimum voltage of a net in the design = 0.000.
#Maximum voltage of a net in the design = 0.800.
#Voltage range [0.000 - 0.800] has 40521 nets.
#Voltage range [0.000 - 0.000] has 32 nets.
#Voltage range [0.720 - 0.800] has 1 net.
#Minimum voltage of a net in the design = 0.000.
#Maximum voltage of a net in the design = 0.800.
#Voltage range [0.000 - 0.800] has 40521 nets.
#Voltage range [0.000 - 0.000] has 32 nets.
#Voltage range [0.720 - 0.800] has 1 net.
#Start reading timing information from file .timing_file_984317.tif.gz ...
#Read in timing information for 1443 ports, 37446 instances from timing file .timing_file_984317.tif.gz.
#
#Start Detail Routing..
#start initial detail routing ...
#   number of violations = 106
#
#    By Layer and Type :
#	         EOLSpc    Short    Color EOLColor   C2MCon      Enc   Others   Totals
#	M1            0        1        0        0        9        2        6       18
#	M2            2       11       12        9        2       13       17       66
#	C1           10        5        0        0        0        0        5       20
#	C2            0        0        0        0        0        0        0        0
#	C3            0        1        0        0        0        0        0        1
#	C4            0        0        0        0        0        0        0        0
#	BA            0        0        0        0        0        0        0        0
#	BB            0        0        0        0        0        0        1        1
#	Totals       12       18       12        9       11       15       29      106
#cpu time = 00:12:47, elapsed time = 00:01:37, memory = 3384.15 (MB), peak = 4197.38 (MB)
#start 1st optimization iteration ...
#   number of violations = 10
#
#    By Layer and Type :
#	          Short    Color EOLColor      Mar      Enc   Totals
#	M1            0        0        0        0        1        1
#	M2            5        1        1        1        1        9
#	Totals        5        1        1        1        2       10
#    number of process antenna violations = 56
#cpu time = 00:00:12, elapsed time = 00:00:02, memory = 3375.30 (MB), peak = 4197.38 (MB)
#start 2nd optimization iteration ...
#   number of violations = 12
#
#    By Layer and Type :
#	          Notch    Short   MinStp    Color      Enc   Totals
#	M1            0        0        0        0        0        0
#	M2            2        4        2        3        1       12
#	Totals        2        4        2        3        1       12
#    number of process antenna violations = 56
#cpu time = 00:00:04, elapsed time = 00:00:01, memory = 3375.21 (MB), peak = 4197.38 (MB)
#start 3rd optimization iteration ...
#   number of violations = 8
#
#    By Layer and Type :
#	          Short   MinStp    Color      Mar      Enc   Totals
#	M1            0        0        0        0        1        1
#	M2            2        1        1        1        2        7
#	Totals        2        1        1        1        3        8
#    number of process antenna violations = 56
#cpu time = 00:00:04, elapsed time = 00:00:01, memory = 3372.97 (MB), peak = 4197.38 (MB)
#start 4th optimization iteration ...
#   number of violations = 10
#
#    By Layer and Type :
#	         EOLSpc    Notch    Short   ColChg   MinStp    Color      Enc   Totals
#	M1            0        0        0        0        0        0        0        0
#	M2            0        2        2        1        2        1        1        9
#	C1            1        0        0        0        0        0        0        1
#	Totals        1        2        2        1        2        1        1       10
#    number of process antenna violations = 56
#cpu time = 00:00:06, elapsed time = 00:00:02, memory = 3374.07 (MB), peak = 4197.38 (MB)
#start 5th optimization iteration ...
#   number of violations = 12
#
#    By Layer and Type :
#	          Notch    Short   ColChg   MinStp    Color      Mar      Enc   Totals
#	M1            0        0        0        0        0        0        1        1
#	M2            2        2        1        2        1        1        2       11
#	Totals        2        2        1        2        1        1        3       12
#    number of process antenna violations = 56
#cpu time = 00:00:02, elapsed time = 00:00:02, memory = 3374.09 (MB), peak = 4197.38 (MB)
#start 6th optimization iteration ...
#   number of violations = 14
#
#    By Layer and Type :
#	         MetSpc    Notch    Short    Color      Mar      Enc   Others   Totals
#	M1            0        0        0        0        0        1        0        1
#	M2            0        1        2        3        1        2        1       10
#	C1            2        0        0        0        0        0        1        3
#	Totals        2        1        2        3        1        3        2       14
#cpu time = 00:00:02, elapsed time = 00:00:01, memory = 3374.24 (MB), peak = 4197.38 (MB)
#start 7th optimization iteration ...
#   number of violations = 11
#
#    By Layer and Type :
#	         MetSpc   EOLSpc    Notch    Short   MinStp    Color      Enc   Totals
#	M1            0        0        0        0        0        0        0        0
#	M2            0        0        1        2        1        3        1        8
#	C1            2        1        0        0        0        0        0        3
#	Totals        2        1        1        2        1        3        1       11
#cpu time = 00:00:01, elapsed time = 00:00:01, memory = 3373.74 (MB), peak = 4197.38 (MB)
#start 8th optimization iteration ...
#   number of violations = 13
#
#    By Layer and Type :
#	          Notch    Short   MinStp    Color     Loop      Enc   Others   Totals
#	M1            0        0        0        0        0        1        0        1
#	M2            2        2        2        1        0        2        2       11
#	C1            0        0        0        0        1        0        0        1
#	Totals        2        2        2        1        1        3        2       13
#cpu time = 00:00:01, elapsed time = 00:00:01, memory = 3374.01 (MB), peak = 4197.38 (MB)
#start 9th optimization iteration ...
#   number of violations = 11
#
#    By Layer and Type :
#	          Notch    Short   ColChg   MinStp    Color      Mar      Enc   Totals
#	M1            0        0        0        0        0        0        1        1
#	M2            1        2        1        1        2        1        2       10
#	Totals        1        2        1        1        2        1        3       11
#cpu time = 00:00:01, elapsed time = 00:00:01, memory = 3373.72 (MB), peak = 4197.38 (MB)
#start 10th optimization iteration ...
#   number of violations = 13
#
#    By Layer and Type :
#	          Notch    Short   ColChg   MinStp    Color      Mar      Enc   Totals
#	M1            0        0        0        0        0        0        1        1
#	M2            2        3        1        2        1        1        2       12
#	Totals        2        3        1        2        1        1        3       13
#cpu time = 00:00:01, elapsed time = 00:00:01, memory = 3373.54 (MB), peak = 4197.38 (MB)
#start 11th optimization iteration ...
#   number of violations = 11
#
#    By Layer and Type :
#	          Notch    Short   MinStp    Color      Mar      Enc   Totals
#	M1            0        0        0        0        0        1        1
#	M2            1        2        1        3        1        2       10
#	Totals        1        2        1        3        1        3       11
#cpu time = 00:00:02, elapsed time = 00:00:02, memory = 3373.52 (MB), peak = 4197.38 (MB)
#start 12th optimization iteration ...
#   number of violations = 8
#
#    By Layer and Type :
#	          Notch    Short   MinStp    Color      Enc   Totals
#	M1            0        0        0        0        0        0
#	M2            1        2        1        3        1        8
#	Totals        1        2        1        3        1        8
#cpu time = 00:00:02, elapsed time = 00:00:02, memory = 3373.23 (MB), peak = 4197.38 (MB)
#start 13th optimization iteration ...
#   number of violations = 8
#
#    By Layer and Type :
#	          Notch    Short   ColChg   MinStp    Color      Enc   Totals
#	M1            0        0        0        0        0        0        0
#	M2            2        2        1        1        1        1        8
#	Totals        2        2        1        1        1        1        8
#cpu time = 00:00:01, elapsed time = 00:00:01, memory = 3372.87 (MB), peak = 4197.38 (MB)
#start 14th optimization iteration ...
#   number of violations = 12
#
#    By Layer and Type :
#	          Notch    Short   ColChg   MinStp    Color      Mar      Enc   Totals
#	M1            0        0        0        0        0        0        1        1
#	M2            2        2        1        2        1        1        2       11
#	Totals        2        2        1        2        1        1        3       12
#cpu time = 00:00:01, elapsed time = 00:00:01, memory = 3372.93 (MB), peak = 4197.38 (MB)
#start 15th optimization iteration ...
#   number of violations = 8
#
#    By Layer and Type :
#	          Short   MinStp    Color      Mar      Enc   Totals
#	M1            0        0        0        0        1        1
#	M2            2        1        1        1        2        7
#	Totals        2        1        1        1        3        8
#cpu time = 00:00:01, elapsed time = 00:00:01, memory = 3373.00 (MB), peak = 4197.38 (MB)
#start 16th optimization iteration ...
#   number of violations = 12
#
#    By Layer and Type :
#	          Notch    Short   MinStp    Color      Mar      Enc   Totals
#	M1            0        0        0        0        0        1        1
#	M2            2        3        2        1        1        2       11
#	Totals        2        3        2        1        1        3       12
#cpu time = 00:00:01, elapsed time = 00:00:01, memory = 3372.73 (MB), peak = 4197.38 (MB)
#Complete Detail Routing.
#Total number of nets with non-default rule or having extra spacing = 56
#Total wire length = 495389 um.
#Total half perimeter of net bounding box = 426076 um.
#Total wire length on LAYER M1 = 2021 um.
#Total wire length on LAYER M2 = 80642 um.
#Total wire length on LAYER C1 = 118402 um.
#Total wire length on LAYER C2 = 112936 um.
#Total wire length on LAYER C3 = 101005 um.
#Total wire length on LAYER C4 = 57353 um.
#Total wire length on LAYER BA = 13674 um.
#Total wire length on LAYER BB = 8403 um.
#Total wire length on LAYER JA = 955 um.
#Total wire length on LAYER JB = 0 um.
#Total wire length on LAYER LB = 0 um.
#Total number of vias = 345298
#Total number of multi-cut vias = 62 (  0.0%)
#Total number of single cut vias = 345236 (100.0%)
#Up-Via Summary (total 345298):
#                   single-cut          multi-cut      Total
#-----------------------------------------------------------
# M1            109533 (100.0%)         0 (  0.0%)     109533
# M2            146577 (100.0%)         0 (  0.0%)     146577
# C1             58797 (100.0%)         0 (  0.0%)      58797
# C2             22840 (100.0%)         0 (  0.0%)      22840
# C3              5618 (100.0%)         0 (  0.0%)       5618
# C4              1262 (100.0%)         0 (  0.0%)       1262
# BA               515 ( 89.3%)        62 ( 10.7%)        577
# BB                94 (100.0%)         0 (  0.0%)         94
#-----------------------------------------------------------
#               345236 (100.0%)        62 (  0.0%)     345298 
#
#Total number of DRC violations = 12
#Total number of violations on LAYER M1 = 1
#Total number of violations on LAYER M2 = 11
#Total number of violations on LAYER C1 = 0
#Total number of violations on LAYER C2 = 0
#Total number of violations on LAYER C3 = 0
#Total number of violations on LAYER C4 = 0
#Total number of violations on LAYER BA = 0
#Total number of violations on LAYER BB = 0
#Total number of violations on LAYER JA = 0
#Total number of violations on LAYER JB = 0
#Total number of violations on LAYER LB = 0
#Cpu time = 00:13:38
#Elapsed time = 00:02:00
#Increased memory = 159.21 (MB)
#Total memory = 3372.33 (MB)
#Peak memory = 4197.38 (MB)
#
#start routing for process antenna violation fix ...
#Minimum voltage of a net in the design = 0.000.
#Maximum voltage of a net in the design = 0.800.
#Voltage range [0.000 - 0.800] has 40521 nets.
#Voltage range [0.000 - 0.000] has 32 nets.
#Voltage range [0.720 - 0.800] has 1 net.
#Minimum voltage of a net in the design = 0.000.
#Maximum voltage of a net in the design = 0.800.
#Voltage range [0.000 - 0.800] has 40521 nets.
#Voltage range [0.000 - 0.000] has 32 nets.
#Voltage range [0.720 - 0.800] has 1 net.
#
#    By Layer and Type :
#	          Notch    Short   MinStp    Color      Mar      Enc   Totals
#	M1            0        0        0        0        0        1        1
#	M2            2        3        2        1        1        2       11
#	Totals        2        3        2        1        1        3       12
#cpu time = 00:00:07, elapsed time = 00:00:02, memory = 3371.66 (MB), peak = 4197.38 (MB)
#
#Total number of nets with non-default rule or having extra spacing = 56
#Total wire length = 495392 um.
#Total half perimeter of net bounding box = 426076 um.
#Total wire length on LAYER M1 = 2021 um.
#Total wire length on LAYER M2 = 80642 um.
#Total wire length on LAYER C1 = 118402 um.
#Total wire length on LAYER C2 = 112936 um.
#Total wire length on LAYER C3 = 101005 um.
#Total wire length on LAYER C4 = 57353 um.
#Total wire length on LAYER BA = 13674 um.
#Total wire length on LAYER BB = 8403 um.
#Total wire length on LAYER JA = 957 um.
#Total wire length on LAYER JB = 0 um.
#Total wire length on LAYER LB = 0 um.
#Total number of vias = 345302
#Total number of multi-cut vias = 62 (  0.0%)
#Total number of single cut vias = 345240 (100.0%)
#Up-Via Summary (total 345302):
#                   single-cut          multi-cut      Total
#-----------------------------------------------------------
# M1            109533 (100.0%)         0 (  0.0%)     109533
# M2            146577 (100.0%)         0 (  0.0%)     146577
# C1             58797 (100.0%)         0 (  0.0%)      58797
# C2             22840 (100.0%)         0 (  0.0%)      22840
# C3              5618 (100.0%)         0 (  0.0%)       5618
# C4              1262 (100.0%)         0 (  0.0%)       1262
# BA               515 ( 89.3%)        62 ( 10.7%)        577
# BB                98 (100.0%)         0 (  0.0%)         98
#-----------------------------------------------------------
#               345240 (100.0%)        62 (  0.0%)     345302 
#
#Total number of DRC violations = 12
#Total number of process antenna violations = 28
#Total number of net violated process antenna rule = 25
#Total number of violations on LAYER M1 = 1
#Total number of violations on LAYER M2 = 11
#Total number of violations on LAYER C1 = 0
#Total number of violations on LAYER C2 = 0
#Total number of violations on LAYER C3 = 0
#Total number of violations on LAYER C4 = 0
#Total number of violations on LAYER BA = 0
#Total number of violations on LAYER BB = 0
#Total number of violations on LAYER JA = 0
#Total number of violations on LAYER JB = 0
#Total number of violations on LAYER LB = 0
#
#
#start delete and reroute for process antenna violation fix ...
#cpu time = 00:00:38, elapsed time = 00:00:14, memory = 3374.07 (MB), peak = 4197.38 (MB)
#Total number of nets with non-default rule or having extra spacing = 56
#Total wire length = 495443 um.
#Total half perimeter of net bounding box = 426076 um.
#Total wire length on LAYER M1 = 2021 um.
#Total wire length on LAYER M2 = 80645 um.
#Total wire length on LAYER C1 = 118401 um.
#Total wire length on LAYER C2 = 112954 um.
#Total wire length on LAYER C3 = 101002 um.
#Total wire length on LAYER C4 = 57554 um.
#Total wire length on LAYER BA = 13833 um.
#Total wire length on LAYER BB = 8214 um.
#Total wire length on LAYER JA = 820 um.
#Total wire length on LAYER JB = 0 um.
#Total wire length on LAYER LB = 0 um.
#Total number of vias = 345329
#Total number of multi-cut vias = 53 (  0.0%)
#Total number of single cut vias = 345276 (100.0%)
#Up-Via Summary (total 345329):
#                   single-cut          multi-cut      Total
#-----------------------------------------------------------
# M1            109533 (100.0%)         0 (  0.0%)     109533
# M2            146578 (100.0%)         0 (  0.0%)     146578
# C1             58798 (100.0%)         0 (  0.0%)      58798
# C2             22846 (100.0%)         0 (  0.0%)      22846
# C3              5623 (100.0%)         0 (  0.0%)       5623
# C4              1286 (100.0%)         0 (  0.0%)       1286
# BA               528 ( 90.9%)        53 (  9.1%)        581
# BB                84 (100.0%)         0 (  0.0%)         84
#-----------------------------------------------------------
#               345276 (100.0%)        53 (  0.0%)     345329 
#
#Total number of DRC violations = 12
#Total number of process antenna violations = 19
#Total number of net violated process antenna rule = 19
#Total number of violations on LAYER M1 = 1
#Total number of violations on LAYER M2 = 11
#Total number of violations on LAYER C1 = 0
#Total number of violations on LAYER C2 = 0
#Total number of violations on LAYER C3 = 0
#Total number of violations on LAYER C4 = 0
#Total number of violations on LAYER BA = 0
#Total number of violations on LAYER BB = 0
#Total number of violations on LAYER JA = 0
#Total number of violations on LAYER JB = 0
#Total number of violations on LAYER LB = 0
#
#
#Total number of nets with non-default rule or having extra spacing = 56
#Total wire length = 495443 um.
#Total half perimeter of net bounding box = 426076 um.
#Total wire length on LAYER M1 = 2021 um.
#Total wire length on LAYER M2 = 80645 um.
#Total wire length on LAYER C1 = 118401 um.
#Total wire length on LAYER C2 = 112954 um.
#Total wire length on LAYER C3 = 101002 um.
#Total wire length on LAYER C4 = 57554 um.
#Total wire length on LAYER BA = 13833 um.
#Total wire length on LAYER BB = 8214 um.
#Total wire length on LAYER JA = 820 um.
#Total wire length on LAYER JB = 0 um.
#Total wire length on LAYER LB = 0 um.
#Total number of vias = 345329
#Total number of multi-cut vias = 53 (  0.0%)
#Total number of single cut vias = 345276 (100.0%)
#Up-Via Summary (total 345329):
#                   single-cut          multi-cut      Total
#-----------------------------------------------------------
# M1            109533 (100.0%)         0 (  0.0%)     109533
# M2            146578 (100.0%)         0 (  0.0%)     146578
# C1             58798 (100.0%)         0 (  0.0%)      58798
# C2             22846 (100.0%)         0 (  0.0%)      22846
# C3              5623 (100.0%)         0 (  0.0%)       5623
# C4              1286 (100.0%)         0 (  0.0%)       1286
# BA               528 ( 90.9%)        53 (  9.1%)        581
# BB                84 (100.0%)         0 (  0.0%)         84
#-----------------------------------------------------------
#               345276 (100.0%)        53 (  0.0%)     345329 
#
#Total number of DRC violations = 12
#Total number of process antenna violations = 19
#Total number of net violated process antenna rule = 19
#Total number of violations on LAYER M1 = 1
#Total number of violations on LAYER M2 = 11
#Total number of violations on LAYER C1 = 0
#Total number of violations on LAYER C2 = 0
#Total number of violations on LAYER C3 = 0
#Total number of violations on LAYER C4 = 0
#Total number of violations on LAYER BA = 0
#Total number of violations on LAYER BB = 0
#Total number of violations on LAYER JA = 0
#Total number of violations on LAYER JB = 0
#Total number of violations on LAYER LB = 0
#
#Minimum voltage of a net in the design = 0.000.
#Maximum voltage of a net in the design = 0.800.
#Voltage range [0.000 - 0.800] has 40521 nets.
#Voltage range [0.000 - 0.000] has 32 nets.
#Voltage range [0.720 - 0.800] has 1 net.
#Minimum voltage of a net in the design = 0.000.
#Maximum voltage of a net in the design = 0.800.
#Voltage range [0.000 - 0.800] has 40521 nets.
#Voltage range [0.000 - 0.000] has 32 nets.
#Voltage range [0.720 - 0.800] has 1 net.
#
#Start Post Route via swapping...
#99.31% of area are rerouted by ECO routing.
#   number of violations = 12
#
#    By Layer and Type :
#	          Notch    Short   MinStp    Color      Mar      Enc   Totals
#	M1            0        0        0        0        0        1        1
#	M2            2        3        2        1        1        2       11
#	Totals        2        3        2        1        1        3       12
#cpu time = 00:02:54, elapsed time = 00:00:24, memory = 3418.01 (MB), peak = 4197.38 (MB)
#CELL_VIEW Silago_bot,init has 12 DRC violations
#Total number of DRC violations = 12
#Total number of process antenna violations = 19
#Total number of net violated process antenna rule = 19
#Total number of violations on LAYER M1 = 1
#Total number of violations on LAYER M2 = 11
#Total number of violations on LAYER C1 = 0
#Total number of violations on LAYER C2 = 0
#Total number of violations on LAYER C3 = 0
#Total number of violations on LAYER C4 = 0
#Total number of violations on LAYER BA = 0
#Total number of violations on LAYER BB = 0
#Total number of violations on LAYER JA = 0
#Total number of violations on LAYER JB = 0
#Total number of violations on LAYER LB = 0
#Post Route via swapping is done.
#Total number of nets with non-default rule or having extra spacing = 56
#Total wire length = 495443 um.
#Total half perimeter of net bounding box = 426076 um.
#Total wire length on LAYER M1 = 2021 um.
#Total wire length on LAYER M2 = 80645 um.
#Total wire length on LAYER C1 = 118401 um.
#Total wire length on LAYER C2 = 112954 um.
#Total wire length on LAYER C3 = 101002 um.
#Total wire length on LAYER C4 = 57554 um.
#Total wire length on LAYER BA = 13833 um.
#Total wire length on LAYER BB = 8214 um.
#Total wire length on LAYER JA = 820 um.
#Total wire length on LAYER JB = 0 um.
#Total wire length on LAYER LB = 0 um.
#Total number of vias = 345329
#Total number of multi-cut vias = 227134 ( 65.8%)
#Total number of single cut vias = 118195 ( 34.2%)
#Up-Via Summary (total 345329):
#                   single-cut          multi-cut      Total
#-----------------------------------------------------------
# M1             60005 ( 54.8%)     49528 ( 45.2%)     109533
# M2             40299 ( 27.5%)    106279 ( 72.5%)     146578
# C1             12963 ( 22.0%)     45835 ( 78.0%)      58798
# C2              3987 ( 17.5%)     18859 ( 82.5%)      22846
# C3               521 (  9.3%)      5102 ( 90.7%)       5623
# C4               326 ( 25.3%)       960 ( 74.7%)       1286
# BA                54 (  9.3%)       527 ( 90.7%)        581
# BB                40 ( 47.6%)        44 ( 52.4%)         84
#-----------------------------------------------------------
#               118195 ( 34.2%)    227134 ( 65.8%)     345329 
#
#Minimum voltage of a net in the design = 0.000.
#Maximum voltage of a net in the design = 0.800.
#Voltage range [0.000 - 0.800] has 40521 nets.
#Voltage range [0.000 - 0.000] has 32 nets.
#Voltage range [0.720 - 0.800] has 1 net.
#Minimum voltage of a net in the design = 0.000.
#Maximum voltage of a net in the design = 0.800.
#Voltage range [0.000 - 0.800] has 40521 nets.
#Voltage range [0.000 - 0.000] has 32 nets.
#Voltage range [0.720 - 0.800] has 1 net.
#
#Start Post Route wire spreading..
#Minimum voltage of a net in the design = 0.000.
#Maximum voltage of a net in the design = 0.800.
#Voltage range [0.000 - 0.800] has 40521 nets.
#Voltage range [0.000 - 0.000] has 32 nets.
#Voltage range [0.720 - 0.800] has 1 net.
#Minimum voltage of a net in the design = 0.000.
#Maximum voltage of a net in the design = 0.800.
#Voltage range [0.000 - 0.800] has 40521 nets.
#Voltage range [0.000 - 0.000] has 32 nets.
#Voltage range [0.720 - 0.800] has 1 net.
#
#Start DRC checking..
#   number of violations = 12
#
#    By Layer and Type :
#	          Notch    Short   MinStp    Color      Mar      Enc   Totals
#	M1            0        0        0        0        0        1        1
#	M2            2        3        2        1        1        2       11
#	Totals        2        3        2        1        1        3       12
#cpu time = 00:01:31, elapsed time = 00:00:12, memory = 3417.12 (MB), peak = 4197.38 (MB)
#CELL_VIEW Silago_bot,init has 12 DRC violations
#Total number of DRC violations = 12
#Total number of process antenna violations = 19
#Total number of net violated process antenna rule = 19
#Total number of violations on LAYER M1 = 1
#Total number of violations on LAYER M2 = 11
#Total number of violations on LAYER C1 = 0
#Total number of violations on LAYER C2 = 0
#Total number of violations on LAYER C3 = 0
#Total number of violations on LAYER C4 = 0
#Total number of violations on LAYER BA = 0
#Total number of violations on LAYER BB = 0
#Total number of violations on LAYER JA = 0
#Total number of violations on LAYER JB = 0
#Total number of violations on LAYER LB = 0
#Minimum voltage of a net in the design = 0.000.
#Maximum voltage of a net in the design = 0.800.
#Voltage range [0.000 - 0.800] has 40521 nets.
#Voltage range [0.000 - 0.000] has 32 nets.
#Voltage range [0.720 - 0.800] has 1 net.
#Minimum voltage of a net in the design = 0.000.
#Maximum voltage of a net in the design = 0.800.
#Voltage range [0.000 - 0.800] has 40521 nets.
#Voltage range [0.000 - 0.000] has 32 nets.
#Voltage range [0.720 - 0.800] has 1 net.
#
#Start data preparation for wire spreading...
#
#Data preparation is done on Sat Jan  3 09:40:37 2026
#
#Minimum voltage of a net in the design = 0.000.
#Maximum voltage of a net in the design = 0.800.
#Voltage range [0.000 - 0.800] has 40521 nets.
#Voltage range [0.000 - 0.000] has 32 nets.
#Voltage range [0.720 - 0.800] has 1 net.
#
#Start Post Route Wire Spread.
#Done with 13087 horizontal wires in 9 hboxes and 11974 vertical wires in 9 hboxes.
#Complete Post Route Wire Spread.
#
#Total number of nets with non-default rule or having extra spacing = 56
#Total wire length = 500060 um.
#Total half perimeter of net bounding box = 426076 um.
#Total wire length on LAYER M1 = 2021 um.
#Total wire length on LAYER M2 = 80967 um.
#Total wire length on LAYER C1 = 119245 um.
#Total wire length on LAYER C2 = 114536 um.
#Total wire length on LAYER C3 = 102346 um.
#Total wire length on LAYER C4 = 57914 um.
#Total wire length on LAYER BA = 13931 um.
#Total wire length on LAYER BB = 8259 um.
#Total wire length on LAYER JA = 840 um.
#Total wire length on LAYER JB = 0 um.
#Total wire length on LAYER LB = 0 um.
#Total number of vias = 345329
#Total number of multi-cut vias = 227134 ( 65.8%)
#Total number of single cut vias = 118195 ( 34.2%)
#Up-Via Summary (total 345329):
#                   single-cut          multi-cut      Total
#-----------------------------------------------------------
# M1             60005 ( 54.8%)     49528 ( 45.2%)     109533
# M2             40299 ( 27.5%)    106279 ( 72.5%)     146578
# C1             12963 ( 22.0%)     45835 ( 78.0%)      58798
# C2              3987 ( 17.5%)     18859 ( 82.5%)      22846
# C3               521 (  9.3%)      5102 ( 90.7%)       5623
# C4               326 ( 25.3%)       960 ( 74.7%)       1286
# BA                54 (  9.3%)       527 ( 90.7%)        581
# BB                40 ( 47.6%)        44 ( 52.4%)         84
#-----------------------------------------------------------
#               118195 ( 34.2%)    227134 ( 65.8%)     345329 
#
#Minimum voltage of a net in the design = 0.000.
#Maximum voltage of a net in the design = 0.800.
#Voltage range [0.000 - 0.800] has 40521 nets.
#Voltage range [0.000 - 0.000] has 32 nets.
#Voltage range [0.720 - 0.800] has 1 net.
#Minimum voltage of a net in the design = 0.000.
#Maximum voltage of a net in the design = 0.800.
#Voltage range [0.000 - 0.800] has 40521 nets.
#Voltage range [0.000 - 0.000] has 32 nets.
#Voltage range [0.720 - 0.800] has 1 net.
#
#Start DRC checking..
#   number of violations = 22
#
#    By Layer and Type :
#	          Notch    Short   MinStp    Color      Mar      Enc   JCSCol   Totals
#	M1            0        0        0        0        0        1        0        1
#	M2            2        3        2        1        1        2       10       21
#	Totals        2        3        2        1        1        3       10       22
#cpu time = 00:01:34, elapsed time = 00:00:12, memory = 3414.04 (MB), peak = 4197.38 (MB)
#CELL_VIEW Silago_bot,init has 22 DRC violations
#Total number of DRC violations = 22
#Total number of process antenna violations = 19
#Total number of net violated process antenna rule = 19
#Total number of violations on LAYER M1 = 1
#Total number of violations on LAYER M2 = 21
#Total number of violations on LAYER C1 = 0
#Total number of violations on LAYER C2 = 0
#Total number of violations on LAYER C3 = 0
#Total number of violations on LAYER C4 = 0
#Total number of violations on LAYER BA = 0
#Total number of violations on LAYER BB = 0
#Total number of violations on LAYER JA = 0
#Total number of violations on LAYER JB = 0
#Total number of violations on LAYER LB = 0
#   number of violations = 22
#
#    By Layer and Type :
#	          Notch    Short   MinStp    Color      Mar      Enc   JCSCol   Totals
#	M1            0        0        0        0        0        1        0        1
#	M2            2        3        2        1        1        2       10       21
#	Totals        2        3        2        1        1        3       10       22
#cpu time = 00:01:53, elapsed time = 00:00:18, memory = 3411.77 (MB), peak = 4197.38 (MB)
#CELL_VIEW Silago_bot,init has 22 DRC violations
#Total number of DRC violations = 22
#Total number of process antenna violations = 19
#Total number of net violated process antenna rule = 19
#Total number of violations on LAYER M1 = 1
#Total number of violations on LAYER M2 = 21
#Total number of violations on LAYER C1 = 0
#Total number of violations on LAYER C2 = 0
#Total number of violations on LAYER C3 = 0
#Total number of violations on LAYER C4 = 0
#Total number of violations on LAYER BA = 0
#Total number of violations on LAYER BB = 0
#Total number of violations on LAYER JA = 0
#Total number of violations on LAYER JB = 0
#Total number of violations on LAYER LB = 0
#Post Route wire spread is done.
#Total number of nets with non-default rule or having extra spacing = 56
#Total wire length = 500060 um.
#Total half perimeter of net bounding box = 426076 um.
#Total wire length on LAYER M1 = 2021 um.
#Total wire length on LAYER M2 = 80967 um.
#Total wire length on LAYER C1 = 119245 um.
#Total wire length on LAYER C2 = 114536 um.
#Total wire length on LAYER C3 = 102346 um.
#Total wire length on LAYER C4 = 57914 um.
#Total wire length on LAYER BA = 13931 um.
#Total wire length on LAYER BB = 8259 um.
#Total wire length on LAYER JA = 840 um.
#Total wire length on LAYER JB = 0 um.
#Total wire length on LAYER LB = 0 um.
#Total number of vias = 345329
#Total number of multi-cut vias = 227134 ( 65.8%)
#Total number of single cut vias = 118195 ( 34.2%)
#Up-Via Summary (total 345329):
#                   single-cut          multi-cut      Total
#-----------------------------------------------------------
# M1             60005 ( 54.8%)     49528 ( 45.2%)     109533
# M2             40299 ( 27.5%)    106279 ( 72.5%)     146578
# C1             12963 ( 22.0%)     45835 ( 78.0%)      58798
# C2              3987 ( 17.5%)     18859 ( 82.5%)      22846
# C3               521 (  9.3%)      5102 ( 90.7%)       5623
# C4               326 ( 25.3%)       960 ( 74.7%)       1286
# BA                54 (  9.3%)       527 ( 90.7%)        581
# BB                40 ( 47.6%)        44 ( 52.4%)         84
#-----------------------------------------------------------
#               118195 ( 34.2%)    227134 ( 65.8%)     345329 
#
#route_detail Statistics:
#Cpu time = 00:20:53
#Elapsed time = 00:03:12
#Increased memory = 193.55 (MB)
#Total memory = 3406.67 (MB)
#Peak memory = 4197.38 (MB)
#
#route_global_detail statistics:
#Cpu time = 00:26:21
#Elapsed time = 00:06:40
#Increased memory = 119.59 (MB)
#Total memory = 3330.73 (MB)
#Peak memory = 4197.38 (MB)
#Number of warnings = 5
#Total number of warnings = 27
#Number of fails = 0
#Total number of fails = 0
#Complete route_global_detail on Sat Jan  3 09:40:56 2026
#
#Default setup view is reset to AVF_RCWORST.
#Default setup view is reset to AVF_RCWORST.
AAE_INFO: Post Route call back at the end of routeDesign
#route_design: cpu time = 00:30:33, elapsed time = 00:07:30, memory = 3204.87 (MB), peak = 4197.38 (MB)
#% End route_design (date=01/03 09:40:57, total cpu=0:30:34, real=0:07:30, peak res=4197.4M, current mem=3204.9M)
@file 9:
@@file 10: write_db ./pnr/
cond_typ cond_worst cond_best
#% Begin save design ... (date=01/03 09:40:57, mem=3207.9M)
% Begin Save ccopt configuration ... (date=01/03 09:40:58, mem=3207.9M)
% End Save ccopt configuration ... (date=01/03 09:40:58, total cpu=0:00:00.4, real=0:00:00.0, peak res=3208.9M, current mem=3208.9M)
% Begin Save netlist data ... (date=01/03 09:40:58, mem=3209.0M)
Writing Binary DB to ./pnr.tmp/vbin/Silago_bot.v.bin in multi-threaded mode...
% End Save netlist data ... (date=01/03 09:40:58, total cpu=0:00:00.3, real=0:00:00.0, peak res=3209.0M, current mem=3209.0M)
Saving symbol-table file in separate thread ...
Saving congestion map file in separate thread ...
Saving congestion map file ./pnr.tmp/Silago_bot.route.congmap.gz ...
% Begin Save AAE data ... (date=01/03 09:40:58, mem=3210.3M)
Saving AAE Data ...
AAE DB initialization (MEM=5347.04 CPU=0:00:00.2 REAL=0:00:00.0) 
% End Save AAE data ... (date=01/03 09:40:59, total cpu=0:00:00.3, real=0:00:00.0, peak res=3226.5M, current mem=3226.5M)
Saving preference file ./pnr.tmp/gui.pref.tcl ...
Saving mode setting ...
Saving root attributes to be loaded post write_db ...
Saving global file ...
Saving root attributes to be loaded previous write_db ...
Saving Drc markers ...
... 41 markers are saved ...
... 22 geometry drc markers are saved ...
... 19 antenna drc markers are saved ...
Convert 0 swires and 0 svias from compressed groups
22 swires and 0 svias were compressed
2 swires and 0 svias were decompressed from small or sparse groups
Saving special route data file in separate thread ...
Saving PG file in separate thread ...
Saving placement file in separate thread ...
Saving route file in separate thread ...
Saving property file in separate thread ...
Convert 0 swires and 0 svias from compressed groups
** Saving stdCellPlacement_binary (version# 2) ...
Saving property file ./pnr.tmp/Silago_bot.prop
Saving PG file ./pnr.tmp/Silago_bot.pg.gz, version#2, (Created by Innovus v21.19-s058_1 on Sat Jan  3 09:41:03 2026)
Save Adaptive View Pruning View Names to Binary file
*** Completed saveProperty (cpu=0:00:00.3 real=0:00:01.0 mem=5401.6M) ***
*** Completed savePGFile (cpu=0:00:00.4 real=0:00:01.0 mem=5401.6M) ***
TAT_INFO: ::saveSpecialRoute REAL = 1 : CPU = 0 : MEM = 0.
TAT_INFO: ::savePGFile REAL = 1 : CPU = 0 : MEM = 0.
TAT_INFO: ::savePlace REAL = 0 : CPU = 0 : MEM = 0.
*** Completed saveRoute (cpu=0:00:01.1 real=0:00:01.0 mem=5401.6M) ***
TAT_INFO: ::saveRoute REAL = 1 : CPU = 0 : MEM = 0.
TAT_INFO: ::db::saveAnnotationAndProp REAL = 1 : CPU = 0 : MEM = 0.
#Saving pin access data to file ./pnr.tmp/Silago_bot.apa ...
#
Saving preRoute extracted patterns in file './pnr.tmp/Silago_bot.techData.gz' ...
Saving preRoute extraction data in directory './pnr.tmp/extraction/' ...
TAT_INFO: ::db::saveSymbolTable REAL = 1 : CPU = 0 : MEM = 0.
TAT_INFO: ::saveCongMap REAL = 1 : CPU = 0 : MEM = 0.
% Begin Save power constraints data ... (date=01/03 09:41:05, mem=3247.1M)
% End Save power constraints data ... (date=01/03 09:41:05, total cpu=0:00:00.1, real=0:00:00.0, peak res=3247.1M, current mem=3247.1M)
rc_typ rc_best rc_worst
rc_typ rc_best rc_worst
rc_typ rc_best rc_worst
rc_typ rc_best rc_worst
rc_typ rc_best rc_worst
rc_typ rc_best rc_worst
rc_typ rc_best rc_worst
Generated self-contained design pnr.tmp
#% End save design ... (date=01/03 09:41:06, total cpu=0:00:08.0, real=0:00:08.0, peak res=3249.0M, current mem=3249.0M)
*** Message Summary: 0 warning(s), 0 error(s)

@file 11:
@@file 12: write_ilm
**WARN: (IMPILM-365):	SI data will not be generated in this run since extraction needs to be done in postRoute mode.
	 To enable SI data creation, invoke SI aware optimization and then rerun write_ilm.
*Info: Derive Interface Logic in Multi-constraint Mode
*Info: set_db ilm_keep_async false conflicts with set_db timing_analysis_async_checks async setting. set_db ilm_keep_async false will be used in the ILM flow.
*Info: Using CTE mode ...
AAE_INFO: opIsDesignInPostRouteState() is 1
AAE_INFO: deleting AAE DB due to opIsDesignInPostRouteState() is changed ...
AAE DB initialization (MEM=5346.62 CPU=0:00:00.2 REAL=0:00:00.0) 
#################################################################################
# Design Stage: PostRoute
# Design Name: Silago_bot
# Design Mode: 90nm
# Analysis Mode: MMMC Non-OCV 
# Parasitics Mode: No SPEF/RCDB 
# Signoff Settings: SI Off 
#################################################################################
Extraction called for design 'Silago_bot' of instances=37446 and nets=40554 using extraction engine 'pre_route' .
**WARN: (IMPEXT-3530):	The process node is not set. Use the command set_design_mode -process <process node> prior to extraction for maximum accuracy and optimal automatic threshold setting.
Type 'man IMPEXT-3530' for more detail.
pre_route RC Extraction called for design Silago_bot.
RC Extraction called in multi-corner(3) mode.
RCMode: PreRoute
      RC Corner Indexes            0       1       2   
Capacitance Scaling Factor   : 1.00000 1.00000 1.00000 
Resistance Scaling Factor    : 1.00000 1.00000 1.00000 
Clock Cap. Scaling Factor    : 1.00000 1.00000 1.00000 
Clock Res. Scaling Factor    : 1.00000 1.00000 1.00000 
Shrink Factor                : 1.00000
PreRoute extraction is honoring NDR/Shielding/ExtraSpace for clock nets.
Using Quantus QRC technology file ...
Updating RC grid for preRoute extraction ...
Initializing multi-corner resistance tables ...
PreRoute RC Extraction DONE (CPU Time: 0:00:01.8  Real Time: 0:00:02.0  MEM: 5344.621M)
Start delay calculation (fullDC) (8 T). (MEM=5458.39)
Total number of fetched objects 39564
AAE_INFO: Total number of nets for which stage creation was skipped for all views 0
Total number of fetched objects 39564
AAE_INFO: Total number of nets for which stage creation was skipped for all views 0
Total number of fetched objects 39564
AAE_INFO: Total number of nets for which stage creation was skipped for all views 0
End delay calculation. (MEM=6069.49 CPU=0:00:56.3 REAL=0:00:08.0)
End delay calculation (fullDC). (MEM=6069.49 CPU=0:01:07 REAL=0:00:12.0)
Multi-CPU acceleration using 8 CPU(s).
**WARN: (PRL-848):	"set_multi_cpu_usage" can't be used in added command/script of queueCommandThreaded, the settings will be ignored.
**WARN: (PRL-848):	"set_multi_cpu_usage" can't be used in added command/script of queueCommandThreaded, the settings will be ignored.
**WARN: (PRL-848):	"set_multi_cpu_usage" can't be used in added command/script of queueCommandThreaded, the settings will be ignored.
Ending "collect_all_best_worst_latency_reg" (total cpu=0:00:00.8, real=0:00:01.0, peak res=3590.8M, current mem=2738.0M)
Ending "collect_all_best_worst_latency_reg" (total cpu=0:00:00.8, real=0:00:01.0, peak res=3590.8M, current mem=2732.6M)
Ending "collect_all_best_worst_latency_reg" (total cpu=0:00:00.9, real=0:00:01.0, peak res=3590.8M, current mem=2732.6M)
Multi-CPU acceleration using 8 CPU(s).
**WARN: (PRL-848):	"set_multi_cpu_usage" can't be used in added command/script of queueCommandThreaded, the settings will be ignored.
**WARN: (PRL-848):	"set_multi_cpu_usage" can't be used in added command/script of queueCommandThreaded, the settings will be ignored.
**WARN: (PRL-848):	"set_multi_cpu_usage" can't be used in added command/script of queueCommandThreaded, the settings will be ignored.
Ending "generate_inter_clock_paths_OLD" (total cpu=0:00:00.7, real=0:00:00.0, peak res=3590.8M, current mem=2728.7M)
Ending "generate_inter_clock_paths_OLD" (total cpu=0:00:00.7, real=0:00:01.0, peak res=3590.8M, current mem=2728.7M)
Ending "generate_inter_clock_paths_OLD" (total cpu=0:00:00.6, real=0:00:01.0, peak res=3590.8M, current mem=2728.7M)
Ending "collect_all_inter_clock_paths" (total cpu=0:00:00.6, real=0:00:01.0, peak res=3590.8M, current mem=3176.3M)
*** Constant Propagation Marking in Setup Analysis Mode Begin (mem=5717.5M) ***
*** Found 1868 constant pins (0:00:00.1) ***
*** Constant Propagation Marking End (cpu=0:00:00.1 mem=5717.5M) ***
*** Clear Unused Logic Marking (cpu=0:00:00.0, mem=5717.5M) ***
*** Non CTE Mark Clock Nets Begin (mem=5717.5M) ***
*** Non CTE Mark Clock Nets End (cpu=0:00:00.1 mem=5717.5M) ***
Deriving Virtual Partition of (Silago_bot) using constraint mode functional_AVF_RCWORST ...
*** Clear Unused Logic Marking (cpu=0:00:00.0, mem=5717.5M) ***
*** Non CTE Mark Clock Nets Begin (mem=5717.5M) ***
*** Non CTE Mark Clock Nets End (cpu=0:00:00.1 mem=5717.5M) ***
Deriving Virtual Partition of (Silago_bot) using constraint mode functional ...
*** Clear Unused Logic Marking (cpu=0:00:00.0, mem=5717.5M) ***
*** Non CTE Mark Clock Nets Begin (mem=5717.5M) ***
*** Non CTE Mark Clock Nets End (cpu=0:00:00.1 mem=5717.5M) ***
Deriving Virtual Partition of (Silago_bot) using constraint mode functional_AVF_RCTYP ...
*Info: Derive Interface Logic for SI in Multi-constraint Mode
*Info: Save Interface Logic -- Timing Model (Hold Analysis Views)
Creating directory ilm/mmmc/ilm_data.
Creating directory ilm/mmmc/ilm_data/Silago_bot/.
*Info: Output core boundary SDC for view AVF_RCBEST ....
Writing constant & min slew constraints to file ilm/mmmc/ilm_data/Silago_bot/Silago_bot_postRoute_AVF_RCBEST.core.sdc.gz
*Info: Total 194 terms are set as logic 1.
*Info: Total 37 terms are set as logic 0.
*Info: Total 13477 terms are unused input.
*Info: Total 12793 terms has min slew annotated.
*Info: Output core boundary SDC for view AVF_RCTYP ....
Writing constant & min slew constraints to file ilm/mmmc/ilm_data/Silago_bot/Silago_bot_postRoute_AVF_RCTYP.core.sdc.gz
*Info: Total 194 terms are set as logic 1.
*Info: Total 37 terms are set as logic 0.
*Info: Total 13477 terms are unused input.
*Info: Total 12793 terms has min slew annotated.
*** Commit Timing View Marking (cpu=0:00:00.0, mem=5717.5M) ***
*** Clear Unused Logic Marking (cpu=0:00:00.0, mem=5717.5M) ***
*Info: Save Interface Logic -- Timing Model (Setup Analysis Views)
*Info: Output core boundary SDC for view AVF_RCWORST ....
Writing constant & max slew constraints to file ilm/mmmc/ilm_data/Silago_bot/Silago_bot_postRoute_AVF_RCWORST.core.sdc.gz
*Info: Total 194 terms are set as logic 1.
*Info: Total 37 terms are set as logic 0.
*Info: Total 13477 terms are unused input.
*Info: Total 12793 terms has max slew annotated.
*** Marking 17487/37446 (46%) insts as TAIgnored.
*** Marking 18669/39530 (47%) nets as TAIgnored.
*** Commit Timing View Marking (cpu=0:00:00.0, mem=5717.5M) ***
*Info: Output ILM verilog netlist ....
write_netlist Option: -hier ilm/mmmc/ilm_data/Silago_bot/Silago_bot_postRoute.v.gz
Processing hierarchical netlist marking ...
*** Hierarhical netlist marking finished (cpu=0:00:00.0, mem=5717.5M) ***
Dumping netlist ...
Processing hierarchical netlist marking ...
Hierarchical netlist marking finished (cpu=0:00:00.0, mem=5717.5M)
*: Write Placement file (cpu=0:00:00.0, mem=5717.5M)
*Info: Output ILM design DEF ....
Writing DEF file 'ilm/mmmc/ilm_data/Silago_bot/Silago_bot_postRoute.def.gz', current time is Sat Jan  3 09:41:30 2026 ...
unitPerMicron=1000, dbgMicronPerDBU=0.001000, unitPerDBU=1.000000
DEF file 'ilm/mmmc/ilm_data/Silago_bot/Silago_bot_postRoute.def.gz' is written, current time is Sat Jan  3 09:41:30 2026 ...
*Info: Output ILM parasitic SPEF ....
*** Clear Unused Logic Marking (cpu=0:00:00.0, mem=5717.5M) ***
-----------------------------------------------------------------------------------
	write_ilm Summary
-----------------------------------------------------------------------------------
Model      	Reduced Instances         Reduced Registers
-----------------------------------------------------------------------------------
ilm_data	17487/37446 (46%) 	1580/4808 (32%)
si_data 	0/0 (N/A%) 	0/0 (N/A%)
-----------------------------------------------------------------------------------
Info: ILM generated data will be saved into the ilm directory.
Ending "write_ilm" (total cpu=0:01:30, real=0:00:32.0, peak res=3590.8M, current mem=3326.4M)
#@ End verbose source: ../../../scr/pnr_partition.tcl

*** Memory Usage v#1 (Current mem = 5614.691M, initial mem = 494.961M) ***
*** Message Summary: 1174 warning(s), 0 error(s)

--- Ending "Innovus" (totcpu=1:18:06, real=0:22:25, mem=5614.7M) ---
