** NOTE: Created directory path '../../../../ex/log/pnr' for file '../../../../ex/log/pnr/pnr_Silago_bot_right_corner_2026-01-03_09-19-13.log'.

Cadence Innovus(TM) Implementation System.
Copyright 2021 Cadence Design Systems, Inc. All rights reserved worldwide.

Version:	v21.19-s058_1, built Thu Apr 4 09:59:17 PDT 2024
Options:	-stylus -no_gui -batch -files ../../../scr/pnr_partition.tcl -log ../../../../ex/log/pnr/pnr_Silago_bot_right_corner_2026-01-03_09-19-13.log                             ../../../../exe/log/pnr/pnr_part_Silago_bot_right_corner_2026-01-03_09-19-13.cmd                             ../../../../exe/log/pnr/pnr_part_Silago_bot_right_corner_2026-01-03_09-19-13.logv -overwrite 
Date:		Sat Jan  3 09:19:14 2026
Host:		il2225ht25_jcdavid (x86_64 w/Linux 5.15.0-164-generic) (12cores*48cpus*Intel(R) Xeon(R) CPU E7-8857 v2 @ 3.00GHz 30720KB)
OS:		Rocky Linux 8.10 (Green Obsidian)

License:
		[09:19:14.443844] Configured Lic search path (21.01-s002): 27020@lic04.ug.kth.se:27020@lic05.ug.kth.se:3000@lic08.ug.kth.se:29000@lic06.ug.kth.se

		invs	Innovus Implementation System	21.1	checkout succeeded
		8 CPU jobs allowed with the current license(s). Use set_multi_cpu_usage to set your required CPU count.


**WARN: (IMPOPT-801):	Genus executable not found in PATH. Install Genus, add the path to the genus executable in the PATH variable and rerun Innovus.
Create and set the environment variable TMPDIR to /tmp/innovus_temp_984328_il2225ht25_jcdavid_jcdavid_3cWzs8.

Change the soft stacksize limit to 0.2%RAM (6192 mbytes). Set global soft_stack_size_limit to change the value.

**INFO:  MMMC transition support version v31-84 

#@ Processing -files option
@innovus 1> source ../../../scr/pnr_partition.tcl
#@ Begin verbose source (pre): source ../../../scr/pnr_partition.tcl
@file 1: source ../../../scr/global_variables.tcl
#@ Begin verbose source ../../../scr/global_variables.tcl (pre)
@file 1: set NUM_CPUS 8
@file 2: #set the top name of the design
@file 3: set TOP_NAME drra_wrapper
@file 4:
@file 5: # Directories
@file 6: set OUTPUT_DIR "../phy/db"
@file 7: set RPT_DIR    "../phy/rpt"
@file 8: set SCR_DIR    "../phy/scr"
@file 9: #we need a part directory where partitions are created
@file 10: set PART_DIR   "../phy/db/part"
@file 11: set SRC_DIR    "../syn/db"
@file 12:
@file 13: set STDC_CCS_DIR  "/opt/pdk/gfip/22FDX-EXT/GF22FDX_SC8T_104CPP_BASE_CSC28L_FDK_RELV06R60/model/timing/ccs"
@file 14: set TECH_LEF_DIR  "/opt/pdk/gf22/V1.0_4.1/PlaceRoute/Innovus/Techfiles/10M_2Mx_4Cx_2Bx_2Jx_LB"
@file 15: set STDC_LEF_DIR  "/opt/pdk/gfip/22FDX-EXT/GF22FDX_SC8T_104CPP_BASE_CSC28L_FDK_RELV06R60/lef"
@file 16:
@file 17: set LEF_FILE "${TECH_LEF_DIR}/22FDSOI_10M_2Mx_4Cx_2Bx_2Jx_LB_104cpp_tech.lef \
        ${STDC_LEF_DIR}/GF22FDX_SC8T_104CPP_BASE_CSC28L.lef"
@file 19:
@file 20: set STDC_QRC_DIR  "/opt/pdk/gf22/V1.0_4.1/PEX/QRC/10M_2Mx_4Cx_2Bx_2Jx_LBthick"
@file 21:
@file 22: set OP_COD_LIB_BC "GF22FDX_SC8T_104CPP_BASE_CSC28L_FFG_0P72V_0P00V_0P00V_0P00V_M40C"
@file 23: set OP_COD_LIB_TC "GF22FDX_SC8T_104CPP_BASE_CSC28L_TT_0P80V_0P00V_0P00V_0P00V_25C"
@file 24: set OP_COD_LIB_WC "GF22FDX_SC8T_104CPP_BASE_CSC28L_SSG_0P72V_0P00V_0P00V_0P00V_125C"
@file 25: set OP_COD_LIB_SRAM_BC "IN22FDX_S1DV_NFVG_W00064B256M04C128_116cpp_TT_0P800V_0P800V_0P000V_0P000V_025C"
@file 26: set OP_COD_LIB_SRAM_TC "IN22FDX_S1DV_NFVG_W00064B256M04C128_116cpp_TT_0P800V_0P800V_0P000V_0P000V_025C"
@file 27: set OP_COD_LIB_SRAM_WC "IN22FDX_S1DV_NFVG_W00064B256M04C128_116cpp_SSG_0P720V_0P720V_0P000V_0P000V_125C"
@file 28: set OP_COD_LIB_IO_BC "dwc_io_gf22fdx_1p8v_gpio_i_ull_ffg0p945v1p320vm40c_funccmin"
@file 29: set OP_COD_LIB_IO_TC "dwc_io_gf22fdx_1p8v_gpio_i_ull_tt0p800v1p500v25c"
@file 30: set OP_COD_LIB_IO_WC "dwc_io_gf22fdx_1p8v_gpio_i_ull_ssg0p720v1p620v125c_funccmax"
@file 31: set LIB_FILES_BC "${STDC_CCS_DIR}/${OP_COD_LIB_BC}_ccs.lib.gz"
@file 32: set LIB_FILES_TC "${STDC_CCS_DIR}/${OP_COD_LIB_TC}_ccs.lib.gz"
@file 33: set LIB_FILES_WC "${STDC_CCS_DIR}/${OP_COD_LIB_WC}_ccs.lib.gz"
@file 34: set OP_COD_BC "FFG_0P72V_0P00V_0P00V_0P00V_M40C"
@file 35: set OP_COD_TC "TT_0P80V_0P00V_0P00V_0P00V_25C"
@file 36: set OP_COD_WC "SSG_0P72V_0P00V_0P00V_0P00V_125C"
@file 37: set OP_COD_SRAM_BC "TT_0P800V_0P800V_0P000V_0P000V_025C"
@file 38: set OP_COD_SRAM_TC "TT_0P800V_0P800V_0P000V_0P000V_025C"
@file 39: set OP_COD_SRAM_WC "SSG_0P720V_0P720V_0P000V_0P000V_125C"
@file 40: set OP_COD_IO_BC "ffg0p945v1p320vm40c"
@file 41: set OP_COD_IO_TC "TT_0P8_1P5_25"
@file 42: set OP_COD_IO_WC "SSG_0P59_1P08_125"
@file 43: set QRC_FILE_BC "${STDC_QRC_DIR}/FuncRCminDP/qrcTechFile"
@file 44: set QRC_FILE_TC "${STDC_QRC_DIR}/nominal/qrcTechFile"
@file 45: set QRC_FILE_WC "${STDC_QRC_DIR}/FuncRCmaxDP/qrcTechFile"
@file 46:
@file 47: set MMMC_FILE          "${SCR_DIR}/mmmc.tcl"
@file 48: set NETLIST_FILE       "${SRC_DIR}/${TOP_NAME}.v"
@file 49: set SDC_FILES          "${SRC_DIR}/${TOP_NAME}.sdc"
#@ End verbose source ../../../scr/global_variables.tcl
@file 2: source ../../../scr/design_variables.tcl
#@ Begin verbose source ../../../scr/design_variables.tcl (pre)
@@file 1: set_multi_cpu_usage -local_cpu ${NUM_CPUS} -cpu_per_remote_host 1 -remote_host 0 -keep_license true
Setting releaseMultiCpuLicenseMode to false.
@@file 2: set_distributed_hosts -local
The timeout for a remote job to respond is 3600 seconds.
Submit command for task runs will be: local
@file 3:
@file 4: set all_partition_hinst_list {
	Silago_top_l_corner_inst_0_0 \
	Silago_top_inst_1_0 \
	Silago_top_inst_2_0 \
	Silago_top_inst_3_0 \
	Silago_top_inst_4_0 \
	Silago_top_inst_5_0 \
	Silago_top_inst_6_0 \
	Silago_top_r_corner_inst_7_0 \
	Silago_bot_l_corner_inst_0_1 \
	Silago_bot_inst_1_1 \
	Silago_bot_inst_2_1 \
	Silago_bot_inst_3_1 \
	Silago_bot_inst_4_1 \
	Silago_bot_inst_5_1 \
	Silago_bot_inst_6_1 \
	Silago_bot_r_corner_inst_7_1 }
@file 21:
@file 22: set master_partition_hinst_list {
	Silago_top_l_corner_inst_0_0 \
	Silago_top_inst_1_0 \
	Silago_top_r_corner_inst_7_0 \
	Silago_bot_l_corner_inst_0_1 \
	Silago_bot_inst_1_1 \
	Silago_bot_r_corner_inst_7_1 }
@file 29:
@file 30: set clone_partition_bot_hinst_list {
	Silago_bot_inst_2_1 \
	Silago_bot_inst_3_1 \
	Silago_bot_inst_4_1 \
	Silago_bot_inst_5_1 \
	Silago_bot_inst_6_1 }
@file 36:
@file 37: set clone_partition_top_hinst_list {
	Silago_top_inst_2_0 \
	Silago_top_inst_3_0 \
	Silago_top_inst_4_0 \
	Silago_top_inst_5_0 \
	Silago_top_inst_6_0 }
@file 43:
@file 44: set all_partition_module_list {
	Silago_top_left_corner \
	Silago_top \
	Silago_top_right_corner \
	Silago_bot_left_corner \
	Silago_bot \
	Silago_bot_right_corner }
@file 51:
@file 52: set master_partition_module_list {
	Silago_top_left_corner \
	Silago_top \
	Silago_top_right_corner \
	Silago_bot_left_corner \
	Silago_bot \
	Silago_bot_right_corner }
#@ End verbose source ../../../scr/design_variables.tcl
@file 3:
@@file 4: read_db .
#% Begin load design ... (date=01/03 09:19:35, mem=849.1M)
Starting library reading in 'Multi-threaded flow' (with '8' threads)

Threads Configured:8
Reading LIBSET_WC timing library /opt/pdk/gfip/22FDX-EXT/GF22FDX_SC8T_104CPP_BASE_CSC28L_FDK_RELV06R60/model/timing/ccs/GF22FDX_SC8T_104CPP_BASE_CSC28L_SSG_0P72V_0P00V_0P00V_0P00V_125C_ccs.lib.gz.
**WARN: (TECHLIB-302):	No function defined for cell 'SC8T_TAPZBX8_CSC28L'. The cell will only be used for analysis. (File /opt/pdk/gfip/22FDX-EXT/GF22FDX_SC8T_104CPP_BASE_CSC28L_FDK_RELV06R60/model/timing/ccs/GF22FDX_SC8T_104CPP_BASE_CSC28L_SSG_0P72V_0P00V_0P00V_0P00V_125C_ccs.lib.gz)
**WARN: (TECHLIB-302):	No function defined for cell 'SC8T_TAPX8_CSC28L'. The cell will only be used for analysis. (File /opt/pdk/gfip/22FDX-EXT/GF22FDX_SC8T_104CPP_BASE_CSC28L_FDK_RELV06R60/model/timing/ccs/GF22FDX_SC8T_104CPP_BASE_CSC28L_SSG_0P72V_0P00V_0P00V_0P00V_125C_ccs.lib.gz)
**WARN: (TECHLIB-302):	No function defined for cell 'SC8T_NOM1COLCAPPX1_CSC28L'. The cell will only be used for analysis. (File /opt/pdk/gfip/22FDX-EXT/GF22FDX_SC8T_104CPP_BASE_CSC28L_FDK_RELV06R60/model/timing/ccs/GF22FDX_SC8T_104CPP_BASE_CSC28L_SSG_0P72V_0P00V_0P00V_0P00V_125C_ccs.lib.gz)
**WARN: (TECHLIB-302):	No function defined for cell 'SC8T_NOM1COLCAPNX1_CSC28L'. The cell will only be used for analysis. (File /opt/pdk/gfip/22FDX-EXT/GF22FDX_SC8T_104CPP_BASE_CSC28L_FDK_RELV06R60/model/timing/ccs/GF22FDX_SC8T_104CPP_BASE_CSC28L_SSG_0P72V_0P00V_0P00V_0P00V_125C_ccs.lib.gz)
**WARN: (TECHLIB-302):	No function defined for cell 'SC8T_FILLX8_CSC28L'. The cell will only be used for analysis. (File /opt/pdk/gfip/22FDX-EXT/GF22FDX_SC8T_104CPP_BASE_CSC28L_FDK_RELV06R60/model/timing/ccs/GF22FDX_SC8T_104CPP_BASE_CSC28L_SSG_0P72V_0P00V_0P00V_0P00V_125C_ccs.lib.gz)
**WARN: (TECHLIB-302):	No function defined for cell 'SC8T_FILLX64_CSC28L'. The cell will only be used for analysis. (File /opt/pdk/gfip/22FDX-EXT/GF22FDX_SC8T_104CPP_BASE_CSC28L_FDK_RELV06R60/model/timing/ccs/GF22FDX_SC8T_104CPP_BASE_CSC28L_SSG_0P72V_0P00V_0P00V_0P00V_125C_ccs.lib.gz)
**WARN: (TECHLIB-302):	No function defined for cell 'SC8T_FILLX5_CSC28L'. The cell will only be used for analysis. (File /opt/pdk/gfip/22FDX-EXT/GF22FDX_SC8T_104CPP_BASE_CSC28L_FDK_RELV06R60/model/timing/ccs/GF22FDX_SC8T_104CPP_BASE_CSC28L_SSG_0P72V_0P00V_0P00V_0P00V_125C_ccs.lib.gz)
**WARN: (TECHLIB-302):	No function defined for cell 'SC8T_FILLX4_CSC28L'. The cell will only be used for analysis. (File /opt/pdk/gfip/22FDX-EXT/GF22FDX_SC8T_104CPP_BASE_CSC28L_FDK_RELV06R60/model/timing/ccs/GF22FDX_SC8T_104CPP_BASE_CSC28L_SSG_0P72V_0P00V_0P00V_0P00V_125C_ccs.lib.gz)
**WARN: (TECHLIB-302):	No function defined for cell 'SC8T_FILLX3_CSC28L'. The cell will only be used for analysis. (File /opt/pdk/gfip/22FDX-EXT/GF22FDX_SC8T_104CPP_BASE_CSC28L_FDK_RELV06R60/model/timing/ccs/GF22FDX_SC8T_104CPP_BASE_CSC28L_SSG_0P72V_0P00V_0P00V_0P00V_125C_ccs.lib.gz)
**WARN: (TECHLIB-302):	No function defined for cell 'SC8T_FILLX32_CSC28L'. The cell will only be used for analysis. (File /opt/pdk/gfip/22FDX-EXT/GF22FDX_SC8T_104CPP_BASE_CSC28L_FDK_RELV06R60/model/timing/ccs/GF22FDX_SC8T_104CPP_BASE_CSC28L_SSG_0P72V_0P00V_0P00V_0P00V_125C_ccs.lib.gz)
**WARN: (TECHLIB-302):	No function defined for cell 'SC8T_FILLX2_CSC28L'. The cell will only be used for analysis. (File /opt/pdk/gfip/22FDX-EXT/GF22FDX_SC8T_104CPP_BASE_CSC28L_FDK_RELV06R60/model/timing/ccs/GF22FDX_SC8T_104CPP_BASE_CSC28L_SSG_0P72V_0P00V_0P00V_0P00V_125C_ccs.lib.gz)
**WARN: (TECHLIB-302):	No function defined for cell 'SC8T_FILLX1_CSC28L'. The cell will only be used for analysis. (File /opt/pdk/gfip/22FDX-EXT/GF22FDX_SC8T_104CPP_BASE_CSC28L_FDK_RELV06R60/model/timing/ccs/GF22FDX_SC8T_104CPP_BASE_CSC28L_SSG_0P72V_0P00V_0P00V_0P00V_125C_ccs.lib.gz)
**WARN: (TECHLIB-302):	No function defined for cell 'SC8T_FILLX16_CSC28L'. The cell will only be used for analysis. (File /opt/pdk/gfip/22FDX-EXT/GF22FDX_SC8T_104CPP_BASE_CSC28L_FDK_RELV06R60/model/timing/ccs/GF22FDX_SC8T_104CPP_BASE_CSC28L_SSG_0P72V_0P00V_0P00V_0P00V_125C_ccs.lib.gz)
**WARN: (TECHLIB-302):	No function defined for cell 'SC8T_FILLX128_CSC28L'. The cell will only be used for analysis. (File /opt/pdk/gfip/22FDX-EXT/GF22FDX_SC8T_104CPP_BASE_CSC28L_FDK_RELV06R60/model/timing/ccs/GF22FDX_SC8T_104CPP_BASE_CSC28L_SSG_0P72V_0P00V_0P00V_0P00V_125C_ccs.lib.gz)
**WARN: (TECHLIB-302):	No function defined for cell 'SC8T_CONCAVEPRX9_CSC28L'. The cell will only be used for analysis. (File /opt/pdk/gfip/22FDX-EXT/GF22FDX_SC8T_104CPP_BASE_CSC28L_FDK_RELV06R60/model/timing/ccs/GF22FDX_SC8T_104CPP_BASE_CSC28L_SSG_0P72V_0P00V_0P00V_0P00V_125C_ccs.lib.gz)
**WARN: (TECHLIB-302):	No function defined for cell 'SC8T_CONCAVEPRX11_CSC28L'. The cell will only be used for analysis. (File /opt/pdk/gfip/22FDX-EXT/GF22FDX_SC8T_104CPP_BASE_CSC28L_FDK_RELV06R60/model/timing/ccs/GF22FDX_SC8T_104CPP_BASE_CSC28L_SSG_0P72V_0P00V_0P00V_0P00V_125C_ccs.lib.gz)
**WARN: (TECHLIB-302):	No function defined for cell 'SC8T_CONCAVEPLX9_CSC28L'. The cell will only be used for analysis. (File /opt/pdk/gfip/22FDX-EXT/GF22FDX_SC8T_104CPP_BASE_CSC28L_FDK_RELV06R60/model/timing/ccs/GF22FDX_SC8T_104CPP_BASE_CSC28L_SSG_0P72V_0P00V_0P00V_0P00V_125C_ccs.lib.gz)
**WARN: (TECHLIB-302):	No function defined for cell 'SC8T_CONCAVEPLX11_CSC28L'. The cell will only be used for analysis. (File /opt/pdk/gfip/22FDX-EXT/GF22FDX_SC8T_104CPP_BASE_CSC28L_FDK_RELV06R60/model/timing/ccs/GF22FDX_SC8T_104CPP_BASE_CSC28L_SSG_0P72V_0P00V_0P00V_0P00V_125C_ccs.lib.gz)
**WARN: (TECHLIB-302):	No function defined for cell 'SC8T_CONCAVENRX9_CSC28L'. The cell will only be used for analysis. (File /opt/pdk/gfip/22FDX-EXT/GF22FDX_SC8T_104CPP_BASE_CSC28L_FDK_RELV06R60/model/timing/ccs/GF22FDX_SC8T_104CPP_BASE_CSC28L_SSG_0P72V_0P00V_0P00V_0P00V_125C_ccs.lib.gz)
**WARN: (TECHLIB-302):	No function defined for cell 'SC8T_CONCAVENRX11_CSC28L'. The cell will only be used for analysis. (File /opt/pdk/gfip/22FDX-EXT/GF22FDX_SC8T_104CPP_BASE_CSC28L_FDK_RELV06R60/model/timing/ccs/GF22FDX_SC8T_104CPP_BASE_CSC28L_SSG_0P72V_0P00V_0P00V_0P00V_125C_ccs.lib.gz)
Message <TECHLIB-302> has exceeded the message display limit of '20'. Use 'set_message -no_limit -id list_of_msgIDs' to reset the message limit.
Read 959 cells in library GF22FDX_SC8T_104CPP_BASE_CSC28L_SSG_0P72V_0P00V_0P00V_0P00V_125C.
Library reading multithread flow ended.
Starting library reading in 'Multi-threaded flow' (with '8' threads)

Threads Configured:8
Reading LIBSET_BC timing library /opt/pdk/gfip/22FDX-EXT/GF22FDX_SC8T_104CPP_BASE_CSC28L_FDK_RELV06R60/model/timing/ccs/GF22FDX_SC8T_104CPP_BASE_CSC28L_FFG_0P72V_0P00V_0P00V_0P00V_M40C_ccs.lib.gz.
Read 959 cells in library GF22FDX_SC8T_104CPP_BASE_CSC28L_FFG_0P72V_0P00V_0P00V_0P00V_M40C.
Library reading multithread flow ended.
cond_typ cond_worst cond_best
rc_typ rc_best rc_worst

Loading LEF file /home/jcdavid/IL2225-Project/SiLagoNN/phy/db/part/Silago_bot_right_corner/libs/lef/22FDSOI_10M_2Mx_4Cx_2Bx_2Jx_LB_104cpp_tech.lef ...

Loading LEF file /home/jcdavid/IL2225-Project/SiLagoNN/phy/db/part/Silago_bot_right_corner/libs/lef/GF22FDX_SC8T_104CPP_BASE_CSC28L.lef ...
**WARN: (IMPLF-378):	The spacing for cell edge type 'SC8T_104CPP_BASE_CSC_SOURCE' and 'SC8T_104CPP_BASE_CSC_SOURCE' is already defined. It will be overwritten by the new definition in LEF file '/home/jcdavid/IL2225-Project/SiLagoNN/phy/db/part/Silago_bot_right_corner/libs/lef/GF22FDX_SC8T_104CPP_BASE_CSC28L.lef'.
If it's defined multiple times for the same pair of types, only the last one
will be kept. Check all definitions in all LEF files to remove any duplicated
definitions to avoid this warning message.
**WARN: (IMPLF-378):	The spacing for cell edge type 'SC8T_104CPP_BASE_CSC_DRAIN' and 'SC8T_104CPP_BASE_CSC_SOURCE' is already defined. It will be overwritten by the new definition in LEF file '/home/jcdavid/IL2225-Project/SiLagoNN/phy/db/part/Silago_bot_right_corner/libs/lef/GF22FDX_SC8T_104CPP_BASE_CSC28L.lef'.
If it's defined multiple times for the same pair of types, only the last one
will be kept. Check all definitions in all LEF files to remove any duplicated
definitions to avoid this warning message.
**WARN: (IMPLF-378):	The spacing for cell edge type 'SC8T_104CPP_BASE_CSC_DRAIN' and 'SC8T_104CPP_BASE_CSC_DRAIN' is already defined. It will be overwritten by the new definition in LEF file '/home/jcdavid/IL2225-Project/SiLagoNN/phy/db/part/Silago_bot_right_corner/libs/lef/GF22FDX_SC8T_104CPP_BASE_CSC28L.lef'.
If it's defined multiple times for the same pair of types, only the last one
will be kept. Check all definitions in all LEF files to remove any duplicated
definitions to avoid this warning message.
**WARN: (IMPLF-378):	The spacing for cell edge type 'SC8T_104CPP_BASE_CSC_SOURCE2CPP' and 'SC8T_104CPP_BASE_CSC_SOURCE2CPP' is already defined. It will be overwritten by the new definition in LEF file '/home/jcdavid/IL2225-Project/SiLagoNN/phy/db/part/Silago_bot_right_corner/libs/lef/GF22FDX_SC8T_104CPP_BASE_CSC28L.lef'.
If it's defined multiple times for the same pair of types, only the last one
will be kept. Check all definitions in all LEF files to remove any duplicated
definitions to avoid this warning message.
**WARN: (IMPLF-378):	The spacing for cell edge type 'SC8T_104CPP_BASE_CSC_SOURCE' and 'SC8T_104CPP_BASE_CSC_SOURCE2CPP' is already defined. It will be overwritten by the new definition in LEF file '/home/jcdavid/IL2225-Project/SiLagoNN/phy/db/part/Silago_bot_right_corner/libs/lef/GF22FDX_SC8T_104CPP_BASE_CSC28L.lef'.
If it's defined multiple times for the same pair of types, only the last one
will be kept. Check all definitions in all LEF files to remove any duplicated
definitions to avoid this warning message.
**WARN: (IMPLF-378):	The spacing for cell edge type 'SC8T_104CPP_BASE_CSC_SOURCE2CPP' and 'SC8T_104CPP_BASE_CSC_DRAIN' is already defined. It will be overwritten by the new definition in LEF file '/home/jcdavid/IL2225-Project/SiLagoNN/phy/db/part/Silago_bot_right_corner/libs/lef/GF22FDX_SC8T_104CPP_BASE_CSC28L.lef'.
If it's defined multiple times for the same pair of types, only the last one
will be kept. Check all definitions in all LEF files to remove any duplicated
definitions to avoid this warning message.
Set DBUPerIGU to M1 pitch 104.
[09:21:19.311392] Periodic Lic check successful
[09:21:19.311411] Feature usage summary:
[09:21:19.311416] Innovus_Impl_System
[09:21:19.311417] Innovus_20nm_Opt

This command "read_db ." required an extra checkout of license invs_20nm.
Additional license(s) checked out: 1 'Innovus_20nm_Opt' license(s)
**WARN: (IMPLF-201):	Pin 'Z' in macro 'SC8T_XOR3X8_CSC28L' has no ANTENNADIFFAREA value defined. The library data is incomplete and some process antenna rules will not be checked correctly.
Type 'man IMPLF-201' for more detail.
**WARN: (IMPLF-201):	Pin 'Z' in macro 'SC8T_XOR3X4_CSC28L' has no ANTENNADIFFAREA value defined. The library data is incomplete and some process antenna rules will not be checked correctly.
Type 'man IMPLF-201' for more detail.
**WARN: (IMPLF-201):	Pin 'Z' in macro 'SC8T_XOR3X2_CSC28L' has no ANTENNADIFFAREA value defined. The library data is incomplete and some process antenna rules will not be checked correctly.
Type 'man IMPLF-201' for more detail.
**WARN: (IMPLF-201):	Pin 'Z' in macro 'SC8T_XOR3X1_MR_CSC28L' has no ANTENNADIFFAREA value defined. The library data is incomplete and some process antenna rules will not be checked correctly.
Type 'man IMPLF-201' for more detail.
**WARN: (IMPLF-201):	Pin 'Z' in macro 'SC8T_XOR3X1_CSC28L' has no ANTENNADIFFAREA value defined. The library data is incomplete and some process antenna rules will not be checked correctly.
Type 'man IMPLF-201' for more detail.
**WARN: (IMPLF-201):	Pin 'Z' in macro 'SC8T_XOR2X8_CSC28L' has no ANTENNADIFFAREA value defined. The library data is incomplete and some process antenna rules will not be checked correctly.
Type 'man IMPLF-201' for more detail.
**WARN: (IMPLF-201):	Pin 'Z' in macro 'SC8T_XOR2X4_CSC28L' has no ANTENNADIFFAREA value defined. The library data is incomplete and some process antenna rules will not be checked correctly.
Type 'man IMPLF-201' for more detail.
**WARN: (IMPLF-201):	Pin 'Z' in macro 'SC8T_XOR2X2_CSC28L' has no ANTENNADIFFAREA value defined. The library data is incomplete and some process antenna rules will not be checked correctly.
Type 'man IMPLF-201' for more detail.
**WARN: (IMPLF-201):	Pin 'Z' in macro 'SC8T_XOR2X1_MR_CSC28L' has no ANTENNADIFFAREA value defined. The library data is incomplete and some process antenna rules will not be checked correctly.
Type 'man IMPLF-201' for more detail.
**WARN: (IMPLF-201):	Pin 'Z' in macro 'SC8T_XOR2X1_CSC28L' has no ANTENNADIFFAREA value defined. The library data is incomplete and some process antenna rules will not be checked correctly.
Type 'man IMPLF-201' for more detail.
**WARN: (IMPLF-201):	Pin 'Z' in macro 'SC8T_XOR2X0P5_CSC28L' has no ANTENNADIFFAREA value defined. The library data is incomplete and some process antenna rules will not be checked correctly.
Type 'man IMPLF-201' for more detail.
**WARN: (IMPLF-201):	Pin 'Z' in macro 'SC8T_XNR3X8_CSC28L' has no ANTENNADIFFAREA value defined. The library data is incomplete and some process antenna rules will not be checked correctly.
Type 'man IMPLF-201' for more detail.
**WARN: (IMPLF-201):	Pin 'Z' in macro 'SC8T_XNR3X4_CSC28L' has no ANTENNADIFFAREA value defined. The library data is incomplete and some process antenna rules will not be checked correctly.
Type 'man IMPLF-201' for more detail.
**WARN: (IMPLF-201):	Pin 'Z' in macro 'SC8T_XNR3X2_CSC28L' has no ANTENNADIFFAREA value defined. The library data is incomplete and some process antenna rules will not be checked correctly.
Type 'man IMPLF-201' for more detail.
**WARN: (IMPLF-201):	Pin 'Z' in macro 'SC8T_XNR3X1_MR_CSC28L' has no ANTENNADIFFAREA value defined. The library data is incomplete and some process antenna rules will not be checked correctly.
Type 'man IMPLF-201' for more detail.
**WARN: (IMPLF-201):	Pin 'Z' in macro 'SC8T_XNR3X1_CSC28L' has no ANTENNADIFFAREA value defined. The library data is incomplete and some process antenna rules will not be checked correctly.
Type 'man IMPLF-201' for more detail.
**WARN: (IMPLF-201):	Pin 'Z' in macro 'SC8T_XNR2X8_CSC28L' has no ANTENNADIFFAREA value defined. The library data is incomplete and some process antenna rules will not be checked correctly.
Type 'man IMPLF-201' for more detail.
**WARN: (IMPLF-201):	Pin 'Z' in macro 'SC8T_XNR2X4_CSC28L' has no ANTENNADIFFAREA value defined. The library data is incomplete and some process antenna rules will not be checked correctly.
Type 'man IMPLF-201' for more detail.
**WARN: (IMPLF-201):	Pin 'Z' in macro 'SC8T_XNR2X2_CSC28L' has no ANTENNADIFFAREA value defined. The library data is incomplete and some process antenna rules will not be checked correctly.
Type 'man IMPLF-201' for more detail.
**WARN: (IMPLF-201):	Pin 'Z' in macro 'SC8T_XNR2X1_MR_CSC28L' has no ANTENNADIFFAREA value defined. The library data is incomplete and some process antenna rules will not be checked correctly.
Type 'man IMPLF-201' for more detail.
**WARN: (EMS-27):	Message (IMPLF-201) has exceeded the current message display limit of 20.
To increase the message display limit, refer to the product command reference manual.
**WARN: (IMPLF-200):	Pin 'A' in macro 'SC8T_ANTENNAX11_CSC28L' has no ANTENNAGATEAREA value defined. The library data is incomplete and some process antenna rules will not be checked correctly.
Type 'man IMPLF-200' for more detail.

##  Check design process and node:  
##  Both design process and tech node are not set.

Loading view definition file from /home/jcdavid/IL2225-Project/SiLagoNN/phy/db/part/Silago_bot_right_corner/viewDefinition.tcl
% Begin Load netlist data ... (date=01/03 09:21:19, mem=940.8M)
*** Begin netlist parsing (mem=1763.4M) ***
Created 959 new cells from 2 timing libraries.
Reading netlist ...
Backslashed names will retain backslash and a trailing blank character.
Reading verilogBinary netlist '/home/jcdavid/IL2225-Project/SiLagoNN/phy/db/part/Silago_bot_right_corner/vbin/Silago_bot_right_corner.v.bin'
Reading binary database version 2 in multi-threaded mode

*** Memory Usage v#1 (Current mem = 1796.469M, initial mem = 502.961M) ***
*** End netlist parsing (cpu=0:00:00.4, real=0:00:00.0, mem=1796.5M) ***
% End Load netlist data ... (date=01/03 09:21:19, total cpu=0:00:00.5, real=0:00:00.0, peak res=1062.6M, current mem=1062.6M)
Set top cell to Silago_bot_right_corner.
Hooked 1918 DB cells to tlib cells.
Starting recursive module instantiation check.
No recursion found.
Building hierarchical netlist for Cell Silago_bot_right_corner ...
*** Netlist is unique.
** info: there are 2147 modules.
** info: there are 36352 stdCell insts.

*** Memory Usage v#1 (Current mem = 1799.383M, initial mem = 502.961M) ***

Honor LEF defined pitches for advanced node
Start create_tracks
**WARN: (IMPTR-9998):	The mode setting command for route_trial is obsolete and should not be used anymore.  It still works in this release but will be removed in a future release.  You should change to use set_db route_early_global_<attr_name> to set modes for route_early_global which is the replacement tool for route_trial.
add_rings command will ignore shorts while creating rings.
add_rings command will disallow rings to go over rows.
add_rings command will consider rows while creating rings.
The ring targets are set to core/block ring wires.
**WARN: (IMPTB-413):	Option "budget_virtual_opt_engine" of the set_db command doesn't regenerate Timing Graph, if it already exists.
add_stripes will allow jog to connect padcore ring and block ring.

Stripes will not extend to closest target.
When breaking rings, the power planner will consider the existence of blocks.
add_stripes will break automatically at non-default domains when generating global stripes over the core area or default domain.
The entire stripe set will break at the domain if one of the nets is not in the domain.
Stripes will not be created over regions without power planning wires.
Offset for stripe breaking is set to 0.
Stripes will stop at the boundary of the specified area.
The power planner will set stripe antenna targets to none (no trimming allowed).

Loading LEF file /home/jcdavid/IL2225-Project/SiLagoNN/phy/db/part/Silago_bot_right_corner/Silago_bot_right_corner.lef.info.gz ...
*Info: initialize multi-corner CTS.
Starting library reading in 'Multi-threaded flow' (with '8' threads)

Threads Configured:8
Reading LIBSET_TC timing library /opt/pdk/gfip/22FDX-EXT/GF22FDX_SC8T_104CPP_BASE_CSC28L_FDK_RELV06R60/model/timing/ccs/GF22FDX_SC8T_104CPP_BASE_CSC28L_TT_0P80V_0P00V_0P00V_0P00V_25C_ccs.lib.gz.
Read 959 cells in library GF22FDX_SC8T_104CPP_BASE_CSC28L_TT_0P80V_0P00V_0P00V_0P00V_25C.
Library reading multithread flow ended.
Total number of combinational cells: 808
Total number of sequential cells: 101
Total number of tristate cells: 4
Total number of level shifter cells: 0
Total number of power gating cells: 0
Total number of isolation cells: 0
Total number of power switch cells: 0
Total number of pulse generator cells: 0
Total number of always on buffers: 0
Total number of retention cells: 0
Total number of physical cells: 46
List of usable buffers: SC8T_BUFX0P5_A_CSC28L SC8T_BUFX0P5_CSC28L SC8T_BUFX10_CSC28L SC8T_BUFX12_CSC28L SC8T_BUFX16_CSC28L SC8T_BUFX1P5_CSC28L SC8T_BUFX1_A_CSC28L SC8T_BUFX1_MR_CSC28L SC8T_BUFX1_CSC28L SC8T_BUFX20_CSC28L SC8T_BUFX24_CSC28L SC8T_BUFX2_CSC28L SC8T_BUFX3_CSC28L SC8T_BUFX4_MR_CSC28L SC8T_BUFX4_CSC28L SC8T_BUFX6_CSC28L SC8T_BUFX8_CSC28L SC8T_CKBUFX10_CSC28L SC8T_CKBUFX12_CSC28L SC8T_CKBUFX16_CSC28L SC8T_CKBUFX1_MR_CSC28L SC8T_CKBUFX1_CSC28L SC8T_CKBUFX20_CSC28L SC8T_CKBUFX24_CSC28L SC8T_CKBUFX2_CSC28L SC8T_CKBUFX4_CSC28L SC8T_CKBUFX6_CSC28L SC8T_CKBUFX8_CSC28L
Total number of usable buffers: 28
List of unusable buffers:
Total number of unusable buffers: 0
List of usable inverters: SC8T_INVX0P5_CSC28L SC8T_INVX10_CSC28L SC8T_INVX12_CSC28L SC8T_INVX16_CSC28L SC8T_INVX1P5_CSC28L SC8T_INVX1_3CPP_CSC28L SC8T_INVX1_MR_CSC28L SC8T_INVX1_CSC28L SC8T_INVX20_CSC28L SC8T_INVX24_CSC28L SC8T_INVX2_CSC28L SC8T_INVX3_CSC28L SC8T_INVX4_CSC28L SC8T_INVX6_CSC28L SC8T_INVX8_CSC28L SC8T_CKINVX10_CSC28L SC8T_CKINVX12_CSC28L SC8T_CKINVX16_CSC28L SC8T_CKINVX1_MR_CSC28L SC8T_CKINVX1_CSC28L SC8T_CKINVX20_CSC28L SC8T_CKINVX24_CSC28L SC8T_CKINVX2_CSC28L SC8T_CKINVX4_CSC28L SC8T_CKINVX6_CSC28L SC8T_CKINVX8_CSC28L
Total number of usable inverters: 26
List of unusable inverters:
Total number of unusable inverters: 0
List of identified usable delay cells: SC8T_DLY100X1_CSC28L SC8T_DLY40X1_CSC28L SC8T_DLY60X1_CSC28L SC8T_DLY80X1_CSC28L
Total number of identified usable delay cells: 4
List of identified unusable delay cells:
Total number of identified unusable delay cells: 0
Reading floorplan file - /home/jcdavid/IL2225-Project/SiLagoNN/phy/db/part/Silago_bot_right_corner/Silago_bot_right_corner.fp.gz (mem = 2141.1M).
% Begin Load floorplan data ... (date=01/03 09:22:14, mem=1316.5M)
*info: reset 39395 existing net BottomPreferredLayer and AvoidDetour
Deleting old partition specification.
Set FPlanBox to (0 0 200096 200320)

Honor LEF defined pitches for advanced node
Start create_tracks
 ... processed partition successfully.
Reading binary special route file /home/jcdavid/IL2225-Project/SiLagoNN/phy/db/part/Silago_bot_right_corner/Silago_bot_right_corner.fp.spr.gz (Created by Innovus v21.19-s058_1 on Sat Jan  3 09:18:07 2026, version: 1)
Convert 0 swires and 0 svias from compressed groups
4 swires and 0 svias were compressed
13 swires and 0 svias were decompressed from small or sparse groups
Ending "Read special route file" (total cpu=0:00:00.0, real=0:00:00.0, peak res=1318.1M, current mem=1318.1M)
Extracting standard cell pins and blockage ...... 
Pin and blockage extraction finished
Delete all existing relative floorplan constraints.
% End Load floorplan data ... (date=01/03 09:22:14, total cpu=0:00:00.2, real=0:00:00.0, peak res=1319.3M, current mem=1319.3M)
% Begin Load SymbolTable ... (date=01/03 09:22:14, mem=1319.3M)
% End Load SymbolTable ... (date=01/03 09:22:15, total cpu=0:00:00.3, real=0:00:01.0, peak res=1322.3M, current mem=1322.3M)
Loading place ...
% Begin Load placement data ... (date=01/03 09:22:15, mem=1322.3M)
Reading placement file - /home/jcdavid/IL2225-Project/SiLagoNN/phy/db/part/Silago_bot_right_corner/Silago_bot_right_corner.place.gz.
** Reading stdCellPlacement_binary (Created by Innovus v21.19-s058_1 on Sat Jan  3 09:18:07 2026, version# 1) ...
Read Views for adaptive view pruning ...
Read 0 views from Binary DB for adaptive view pruning
*** Completed restorePlace (cpu=0:00:00.0 real=0:00:00.0 mem=2142.1M) ***
Total net length = 1.688e+02 (3.723e+01 1.316e+02) (ext = 9.435e+01)
% End Load placement data ... (date=01/03 09:22:15, total cpu=0:00:00.1, real=0:00:00.0, peak res=1322.6M, current mem=1322.6M)
Reading PG file /home/jcdavid/IL2225-Project/SiLagoNN/phy/db/part/Silago_bot_right_corner/Silago_bot_right_corner.pg.gz, version#2, (Created by Innovus v21.19-s058_1 on       Sat Jan  3 09:18:07 2026)
*** Completed restorePGFile (cpu=0:00:00.0 real=0:00:00.0 mem=2139.1M) ***
% Begin Load routing data ... (date=01/03 09:22:15, mem=1322.4M)
Reading routing file - /home/jcdavid/IL2225-Project/SiLagoNN/phy/db/part/Silago_bot_right_corner/Silago_bot_right_corner.route.gz.
Reading Innovus routing data (Created by Innovus v21.19-s058_1 on Sat Jan  3 09:18:07 2026 Format: 20.1) ...
*** Total 38340 nets are successfully restored.
*** Completed restoreRoute (cpu=0:00:00.1 real=0:00:00.0 mem=2139.1M) ***
% End Load routing data ... (date=01/03 09:22:15, total cpu=0:00:00.2, real=0:00:00.0, peak res=1323.1M, current mem=1323.1M)
Reading property file /home/jcdavid/IL2225-Project/SiLagoNN/phy/db/part/Silago_bot_right_corner/Silago_bot_right_corner.prop
*** Completed restoreProperty (cpu=0:00:00.0 real=0:00:00.0 mem=2142.1M) ***
% Begin Loading timing constraints ... (date=01/03 09:22:15, mem=1323.5M)
Reading timing constraints file '/home/jcdavid/IL2225-Project/SiLagoNN/phy/db/part/Silago_bot_right_corner/Silago_bot_right_corner_AVF_RCWORST.constr.pt' ...
Current (total cpu=0:19:20, real=0:03:02, peak res=2161.7M, current mem=1615.0M)
**WARN: (TCLCMD-1602):	The clock '_INN_superClk' has been asserted with zero period (File /home/jcdavid/IL2225-Project/SiLagoNN/phy/db/part/Silago_bot_right_corner/Silago_bot_right_corner_AVF_RCWORST.constr.pt, Line 5).

**WARN: (TCLCMD-1530):	Clock '_INN_superClk' has clock waveform with rise & fall edges defined at the same time. (File /home/jcdavid/IL2225-Project/SiLagoNN/phy/db/part/Silago_bot_right_corner/Silago_bot_right_corner_AVF_RCWORST.constr.pt, Line 5).

**WARN: (TCLCMD-1142):	Virtual clock '_INN_superClk' is being created with no source objects. (File /home/jcdavid/IL2225-Project/SiLagoNN/phy/db/part/Silago_bot_right_corner/Silago_bot_right_corner_AVF_RCWORST.constr.pt, Line 5).

INFO (CTE): Reading of timing constraints file /home/jcdavid/IL2225-Project/SiLagoNN/phy/db/part/Silago_bot_right_corner/Silago_bot_right_corner_AVF_RCWORST.constr.pt completed, with 3 WARNING
Ending "Constraint file reading stats" (total cpu=0:00:00.6, real=0:00:00.0, peak res=1656.8M, current mem=1656.8M)
Current (total cpu=0:19:20, real=0:03:03, peak res=2161.7M, current mem=1656.8M)
Reading timing constraints file '/home/jcdavid/IL2225-Project/SiLagoNN/phy/db/part/Silago_bot_right_corner/Silago_bot_right_corner_AVF_RCTYP.constr.pt' ...
Current (total cpu=0:19:20, real=0:03:03, peak res=2161.7M, current mem=1656.9M)
**WARN: (TCLCMD-1602):	The clock '_INN_superClk' has been asserted with zero period (File /home/jcdavid/IL2225-Project/SiLagoNN/phy/db/part/Silago_bot_right_corner/Silago_bot_right_corner_AVF_RCTYP.constr.pt, Line 5).

**WARN: (TCLCMD-1530):	Clock '_INN_superClk' has clock waveform with rise & fall edges defined at the same time. (File /home/jcdavid/IL2225-Project/SiLagoNN/phy/db/part/Silago_bot_right_corner/Silago_bot_right_corner_AVF_RCTYP.constr.pt, Line 5).

**WARN: (TCLCMD-1142):	Virtual clock '_INN_superClk' is being created with no source objects. (File /home/jcdavid/IL2225-Project/SiLagoNN/phy/db/part/Silago_bot_right_corner/Silago_bot_right_corner_AVF_RCTYP.constr.pt, Line 5).

INFO (CTE): Reading of timing constraints file /home/jcdavid/IL2225-Project/SiLagoNN/phy/db/part/Silago_bot_right_corner/Silago_bot_right_corner_AVF_RCTYP.constr.pt completed, with 3 WARNING
Ending "Constraint file reading stats" (total cpu=0:00:00.5, real=0:00:00.0, peak res=1657.1M, current mem=1657.1M)
Current (total cpu=0:19:21, real=0:03:03, peak res=2161.7M, current mem=1657.1M)
Reading timing constraints file '/home/jcdavid/IL2225-Project/SiLagoNN/phy/db/part/Silago_bot_right_corner/Silago_bot_right_corner_AVF_RCBEST.constr.pt' ...
Current (total cpu=0:19:21, real=0:03:03, peak res=2161.7M, current mem=1657.1M)
**WARN: (TCLCMD-1602):	The clock '_INN_superClk' has been asserted with zero period (File /home/jcdavid/IL2225-Project/SiLagoNN/phy/db/part/Silago_bot_right_corner/Silago_bot_right_corner_AVF_RCBEST.constr.pt, Line 5).

**WARN: (TCLCMD-1530):	Clock '_INN_superClk' has clock waveform with rise & fall edges defined at the same time. (File /home/jcdavid/IL2225-Project/SiLagoNN/phy/db/part/Silago_bot_right_corner/Silago_bot_right_corner_AVF_RCBEST.constr.pt, Line 5).

**WARN: (TCLCMD-1142):	Virtual clock '_INN_superClk' is being created with no source objects. (File /home/jcdavid/IL2225-Project/SiLagoNN/phy/db/part/Silago_bot_right_corner/Silago_bot_right_corner_AVF_RCBEST.constr.pt, Line 5).

INFO (CTE): Reading of timing constraints file /home/jcdavid/IL2225-Project/SiLagoNN/phy/db/part/Silago_bot_right_corner/Silago_bot_right_corner_AVF_RCBEST.constr.pt completed, with 3 WARNING
Ending "Constraint file reading stats" (total cpu=0:00:00.5, real=0:00:01.0, peak res=1657.5M, current mem=1657.5M)
Current (total cpu=0:19:22, real=0:03:04, peak res=2161.7M, current mem=1657.5M)
% End Loading timing constraints ... (date=01/03 09:22:18, total cpu=0:00:02.5, real=0:00:02.0, peak res=1657.6M, current mem=1657.6M)
**WARN: (IMPIMEX-10014):	The current design data being restored: '/home/jcdavid/IL2225-Project/SiLagoNN/phy/db/part/Silago_bot_right_corner' has been saved with an older structure. When restoring a subset of views for this database, derate information for inactive delay corners may be inaccesible in the current session. A newer database structure allows more flexibility for change the active view list in-session. To update the current database, you need to restore the design with all views active - and then the next save will update it to the new model.
add_rings command will ignore shorts while creating rings.
add_rings command will disallow rings to go over rows.
add_rings command will consider rows while creating rings.
The ring targets are set to core/block ring wires.
add_stripes will allow jog to connect padcore ring and block ring.

Stripes will not extend to closest target.
When breaking rings, the power planner will consider the existence of blocks.
add_stripes will break automatically at non-default domains when generating global stripes over the core area or default domain.
The entire stripe set will break at the domain if one of the nets is not in the domain.
Stripes will not be created over regions without power planning wires.
Offset for stripe breaking is set to 0.
Stripes will stop at the boundary of the specified area.
The power planner will set stripe antenna targets to none (no trimming allowed).
**WARN: (IMPTB-413):	Option "budget_virtual_opt_engine" of the set_db command doesn't regenerate Timing Graph, if it already exists.
**WARN: (IMPTR-9998):	The mode setting command for route_trial is obsolete and should not be used anymore.  It still works in this release but will be removed in a future release.  You should change to use set_db route_early_global_<attr_name> to set modes for route_early_global which is the replacement tool for route_trial.
Extraction setup Started 
Initializing multi-corner RC extraction with 3 active RC Corners ...
Captable file(s) not specified in multi-corner setup. PreRoute extraction will use technology file. For post_route extraction, default value for effort level would be 'medium' and effort level 'low' would not be allowed.
Generating auto layer map file.
Importing multi-corner technology file(s) for preRoute extraction...
/home/jcdavid/IL2225-Project/SiLagoNN/phy/db/part/Silago_bot_right_corner/libs/mmmc/rc_worst/qrcTechFile
/home/jcdavid/IL2225-Project/SiLagoNN/phy/db/part/Silago_bot_right_corner/libs/mmmc/rc_best/qrcTechFile
/home/jcdavid/IL2225-Project/SiLagoNN/phy/db/part/Silago_bot_right_corner/libs/mmmc/rc_typ/qrcTechFile
Generating auto layer map file.
Generating auto layer map file.
Generating auto layer map file.
Completed (cpu: 0:00:17.0 real: 0:00:09.0)
Set Shrink Factor to 1.00000
Summary of Active RC-Corners : 
 
 Analysis View: AVF_RCWORST
    RC-Corner Name        : rc_worst
    RC-Corner Index       : 0
    RC-Corner Temperature : 25 Celsius
    RC-Corner Cap Table   : ''
    RC-Corner PreRoute Res Factor         : 1
    RC-Corner PreRoute Cap Factor         : 1
    RC-Corner PostRoute Res Factor        : 1 {1 1 1}
    RC-Corner PostRoute Cap Factor        : 1 {1 1 1}
    RC-Corner PostRoute XCap Factor       : 1 {1 1 1}
    RC-Corner PreRoute Clock Res Factor   : 1	[Derived from postRoute_res (effortLevel low)]
    RC-Corner PreRoute Clock Cap Factor   : 1	[Derived from postRoute_cap (effortLevel low)]
    RC-Corner PostRoute Clock Cap Factor  : 1 {1 1 1} 	[Derived from postRoute_cap (effortLevel low)]
    RC-Corner PostRoute Clock Res Factor  : 1 {1 1 1} 	[Derived from postRoute_res (effortLevel low)]
    RC-Corner PostRoute Clock coupling capacitance Factor : 1 {1 1 1} 
    RC-Corner Technology file: '/home/jcdavid/IL2225-Project/SiLagoNN/phy/db/part/Silago_bot_right_corner/libs/mmmc/rc_worst/qrcTechFile'
 
 Analysis View: AVF_RCBEST
    RC-Corner Name        : rc_best
    RC-Corner Index       : 1
    RC-Corner Temperature : 25 Celsius
    RC-Corner Cap Table   : ''
    RC-Corner PreRoute Res Factor         : 1
    RC-Corner PreRoute Cap Factor         : 1
    RC-Corner PostRoute Res Factor        : 1 {1 1 1}
    RC-Corner PostRoute Cap Factor        : 1 {1 1 1}
    RC-Corner PostRoute XCap Factor       : 1 {1 1 1}
    RC-Corner PreRoute Clock Res Factor   : 1	[Derived from postRoute_res (effortLevel low)]
    RC-Corner PreRoute Clock Cap Factor   : 1	[Derived from postRoute_cap (effortLevel low)]
    RC-Corner PostRoute Clock Cap Factor  : 1 {1 1 1} 	[Derived from postRoute_cap (effortLevel low)]
    RC-Corner PostRoute Clock Res Factor  : 1 {1 1 1} 	[Derived from postRoute_res (effortLevel low)]
    RC-Corner PostRoute Clock coupling capacitance Factor : 1 {1 1 1} 
    RC-Corner Technology file: '/home/jcdavid/IL2225-Project/SiLagoNN/phy/db/part/Silago_bot_right_corner/libs/mmmc/rc_best/qrcTechFile'
 
 Analysis View: AVF_RCTYP
    RC-Corner Name        : rc_typ
    RC-Corner Index       : 2
    RC-Corner Temperature : 25 Celsius
    RC-Corner Cap Table   : ''
    RC-Corner PreRoute Res Factor         : 1
    RC-Corner PreRoute Cap Factor         : 1
    RC-Corner PostRoute Res Factor        : 1 {1 1 1}
    RC-Corner PostRoute Cap Factor        : 1 {1 1 1}
    RC-Corner PostRoute XCap Factor       : 1 {1 1 1}
    RC-Corner PreRoute Clock Res Factor   : 1	[Derived from postRoute_res (effortLevel low)]
    RC-Corner PreRoute Clock Cap Factor   : 1	[Derived from postRoute_cap (effortLevel low)]
    RC-Corner PostRoute Clock Cap Factor  : 1 {1 1 1} 	[Derived from postRoute_cap (effortLevel low)]
    RC-Corner PostRoute Clock Res Factor  : 1 {1 1 1} 	[Derived from postRoute_res (effortLevel low)]
    RC-Corner PostRoute Clock coupling capacitance Factor : 1 {1 1 1} 
    RC-Corner Technology file: '/home/jcdavid/IL2225-Project/SiLagoNN/phy/db/part/Silago_bot_right_corner/libs/mmmc/rc_typ/qrcTechFile'
Updating RC grid for preRoute extraction ...
Initializing multi-corner resistance tables ...
Default value for post_route extraction mode's extract_rc_effort_level (extract_rc_effort_level option of set_db) changed to 'medium'.
Start generating vias ..
Extracting standard cell pins and blockage ...... 
Pin and blockage extraction finished
Via generation completed successfully.
Generating auto layer map file.
Initializing preRoute extraction patterns for new vias... Generating auto layer map file.
Generating auto layer map file.
Generating auto layer map file.
Completed (cpu: 0:00:05.6 real: 0:00:06.0)
% Begin Load power constraints ... (date=01/03 09:22:34, mem=1742.9M)
% End Load power constraints ... (date=01/03 09:22:34, total cpu=0:00:00.1, real=0:00:00.0, peak res=1742.9M, current mem=1742.9M)
% Begin load AAE data ... (date=01/03 09:22:34, mem=1742.9M)
**WARN: (IMPESI-621):	Timing window restoration data eosdb.dat not found. PBA-SI results may not match in save/restore flow.
% End load AAE data ... (date=01/03 09:22:34, total cpu=0:00:00.1, real=0:00:00.0, peak res=1743.0M, current mem=1743.0M)
Total number of combinational cells: 808
Total number of sequential cells: 101
Total number of tristate cells: 4
Total number of level shifter cells: 0
Total number of power gating cells: 0
Total number of isolation cells: 0
Total number of power switch cells: 0
Total number of pulse generator cells: 0
Total number of always on buffers: 0
Total number of retention cells: 0
Total number of physical cells: 46
List of usable buffers: SC8T_BUFX0P5_A_CSC28L SC8T_BUFX0P5_CSC28L SC8T_BUFX10_CSC28L SC8T_BUFX12_CSC28L SC8T_BUFX16_CSC28L SC8T_BUFX1P5_CSC28L SC8T_BUFX1_A_CSC28L SC8T_BUFX1_MR_CSC28L SC8T_BUFX1_CSC28L SC8T_BUFX20_CSC28L SC8T_BUFX24_CSC28L SC8T_BUFX2_CSC28L SC8T_BUFX3_CSC28L SC8T_BUFX4_MR_CSC28L SC8T_BUFX4_CSC28L SC8T_BUFX6_CSC28L SC8T_BUFX8_CSC28L SC8T_CKBUFX10_CSC28L SC8T_CKBUFX12_CSC28L SC8T_CKBUFX16_CSC28L SC8T_CKBUFX1_MR_CSC28L SC8T_CKBUFX1_CSC28L SC8T_CKBUFX20_CSC28L SC8T_CKBUFX24_CSC28L SC8T_CKBUFX2_CSC28L SC8T_CKBUFX4_CSC28L SC8T_CKBUFX6_CSC28L SC8T_CKBUFX8_CSC28L
Total number of usable buffers: 28
List of unusable buffers:
Total number of unusable buffers: 0
List of usable inverters: SC8T_INVX0P5_CSC28L SC8T_INVX10_CSC28L SC8T_INVX12_CSC28L SC8T_INVX16_CSC28L SC8T_INVX1P5_CSC28L SC8T_INVX1_3CPP_CSC28L SC8T_INVX1_MR_CSC28L SC8T_INVX1_CSC28L SC8T_INVX20_CSC28L SC8T_INVX24_CSC28L SC8T_INVX2_CSC28L SC8T_INVX3_CSC28L SC8T_INVX4_CSC28L SC8T_INVX6_CSC28L SC8T_INVX8_CSC28L SC8T_CKINVX10_CSC28L SC8T_CKINVX12_CSC28L SC8T_CKINVX16_CSC28L SC8T_CKINVX1_MR_CSC28L SC8T_CKINVX1_CSC28L SC8T_CKINVX20_CSC28L SC8T_CKINVX24_CSC28L SC8T_CKINVX2_CSC28L SC8T_CKINVX4_CSC28L SC8T_CKINVX6_CSC28L SC8T_CKINVX8_CSC28L
Total number of usable inverters: 26
List of unusable inverters:
Total number of unusable inverters: 0
List of identified usable delay cells: SC8T_DLY100X1_CSC28L SC8T_DLY40X1_CSC28L SC8T_DLY60X1_CSC28L SC8T_DLY80X1_CSC28L
Total number of identified usable delay cells: 4
List of identified unusable delay cells:
Total number of identified unusable delay cells: 0
#% End load design ... (date=01/03 09:22:34, total cpu=0:19:24, real=0:03:00, peak res=2161.7M, current mem=1741.3M)

*** Summary of all messages that are not suppressed in this session:
Severity  ID               Count  Summary                                  
WARNING   IMPLF-200            1  Pin '%s' in macro '%s' has no ANTENNAGAT...
WARNING   IMPLF-201          944  Pin '%s' in macro '%s' has no ANTENNADIF...
WARNING   IMPLF-378            6  The spacing for cell edge type '%s' and ...
WARNING   IMPESI-621           1  Timing window restoration data eosdb.dat...
WARNING   IMPTB-413            2  Option "%s" of the set_db command doesn'...
WARNING   IMPTR-9998           2  The mode setting command for route_trial...
WARNING   NRFL-374             6  %s spacing table is not monotonically in...
WARNING   IMPIMEX-10014        1  The current design data being restored: ...
WARNING   TCLCMD-1142          3  Virtual clock '%s' is being created with...
WARNING   TCLCMD-1530          3  Clock '%s' has clock waveform with rise ...
WARNING   TCLCMD-1602          3  The clock '%s' has been asserted with ze...
WARNING   TECHLIB-302        141  No function defined for cell '%s'. The c...
*** Message Summary: 1113 warning(s), 0 error(s)

@file 5:
@@file 6: place_design
*** placeDesign #1 [begin] : totSession cpu/real = 0:19:45.9/0:03:20.1 (5.9), mem = 2505.5M
*** Starting place_design default flow ***
*** Start delete_buffer_trees ***
Multithreaded Timing Analysis is initialized with 8 threads

Info: Detect buffers to remove automatically.
Analyzing netlist ...
Updating netlist

*summary: 834 instances (buffers/inverters) removed
*** Finish delete_buffer_trees (0:00:04.2) ***
**INFO: Enable pre-place timing setting for timing analysis
Set Using Default Delay Limit as 101.
**WARN: (IMPDC-1629):	The default delay limit was set to 101. This is less than the default of 1000 and may result in inaccurate delay calculation for nets with a fanout higher than the setting.  If needed, the default delay limit may be adjusted by running the command 'set delaycal_use_default_delay_limit'.
Set Default Net Delay as 0 ps.
Set Default Net Load as 0 pF. 
Set Default Input Pin Transition as 1 ps.
**INFO: Analyzing IO path groups for slack adjustment
Effort level <high> specified for reg2reg_tmp.984328 path_group
AAE_INFO: opIsDesignInPostRouteState() is 0
AAE DB initialization (MEM=2752.42 CPU=0:00:00.0 REAL=0:00:00.0) 
#################################################################################
# Design Stage: PreRoute
# Design Name: Silago_bot_right_corner
# Design Mode: 90nm
# Analysis Mode: MMMC Non-OCV 
# Parasitics Mode: No SPEF/RCDB 
# Signoff Settings: SI Off 
#################################################################################
Calculate delays in BcWc mode...
Start delay calculation (fullDC) (8 T). (MEM=2764.43)
Total number of fetched objects 37548
AAE_INFO: Total number of nets for which stage creation was skipped for all views 0
End delay calculation. (MEM=3386.52 CPU=0:00:13.7 REAL=0:00:03.0)
End delay calculation (fullDC). (MEM=3386.52 CPU=0:00:19.1 REAL=0:00:12.0)
**INFO: Disable pre-place timing setting for timing analysis
Set Using Default Delay Limit as 1000.
Set Default Net Delay as 1000 ps.
Set Default Input Pin Transition as 0.1 ps.
Set Default Net Load as 0.5 pF. 
**INFO: Pre-place timing setting for timing analysis already disabled
Deleted 0 physical inst  (cell - / prefix -).
INFO: #ExclusiveGroups=0
INFO: There are no Exclusive Groups.
*** Starting "NanoPlace(TM) placement v#2 (mem=3313.0M)" ...
*** Build Buffered Sizing Timing Model
(cpu=0:00:21.0 mem=3385.0M) ***
*** Build Virtual Sizing Timing Model
(cpu=0:00:22.9 mem=3385.0M) ***
No user-set net weight.
Net fanout histogram:
2		: 24394 (65.1%) nets
3		: 5436 (14.5%) nets
4     -	14	: 6382 (17.0%) nets
15    -	39	: 1051 (2.8%) nets
40    -	79	: 174 (0.5%) nets
80    -	159	: 18 (0.0%) nets
160   -	319	: 11 (0.0%) nets
320   -	639	: 0 (0.0%) nets
640   -	1279	: 0 (0.0%) nets
1280  -	2559	: 1 (0.0%) nets
2560  -	5119	: 2 (0.0%) nets
5120+		: 0 (0.0%) nets
Options: timingDriven clkGateAware ignoreScan pinGuide congEffort=auto gpeffort=medium 
Scan chains were not defined.
#std cell=35550 (0 fixed + 35550 movable) #buf cell=181 #inv cell=4177 #block=0 (0 floating + 0 preplaced)
#ioInst=0 #net=37469 #term=147137 #term/net=3.93, #fixedIo=0, #floatIo=0, #fixedPin=1265, #floatPin=0
stdCell: 35550 single + 0 double + 0 multi
Total standard cell length = 33.6022 (mm), area = 0.0215 (mm^2)
Estimated cell power/ground rail width = 0.090 um

**Info: (IMPSP-2062): Some of the PG shapes may not be colorized properly in this design, users are required to run command colorizePowerMesh before any placement related commands!

**Info: (IMPSP-2062): Some of the PG shapes may not be colorized properly in this design, users are required to run command colorizePowerMesh before any placement related commands!
Average module density = 0.537.
Density for the design = 0.537.
       = stdcell_area 323098 sites (21505 um^2) / alloc_area 602212 sites (40083 um^2).
Pin Density = 0.2443.
            = total # of pins 147137 / total area 602212.
Identified 18 spare or floating instances, with no clusters.
Enabling multi-CPU acceleration with 8 CPU(s) for placement
=== lastAutoLevel = 10 
Clock gating cells determined by native netlist tracing.
Iteration  1: Total net bbox = 2.245e+05 (7.50e+04 1.49e+05)
              Est.  stn bbox = 2.455e+05 (8.77e+04 1.58e+05)
              cpu = 0:00:00.8 real = 0:00:00.0 mem = 3947.3M
Iteration  2: Total net bbox = 2.245e+05 (7.50e+04 1.49e+05)
              Est.  stn bbox = 2.455e+05 (8.77e+04 1.58e+05)
              cpu = 0:00:00.0 real = 0:00:00.0 mem = 3948.3M
Iteration  3: Total net bbox = 1.663e+05 (5.88e+04 1.08e+05)
              Est.  stn bbox = 2.039e+05 (7.71e+04 1.27e+05)
              cpu = 0:00:09.6 real = 0:00:02.0 mem = 4237.0M
Active setup views:
    AVF_RCWORST
Iteration  4: Total net bbox = 2.681e+05 (1.23e+05 1.45e+05)
              Est.  stn bbox = 3.243e+05 (1.53e+05 1.71e+05)
              cpu = 0:00:14.0 real = 0:00:02.0 mem = 4236.8M
Iteration  5: Total net bbox = 3.270e+05 (1.57e+05 1.70e+05)
              Est.  stn bbox = 3.989e+05 (1.95e+05 2.04e+05)
              cpu = 0:00:20.1 real = 0:00:03.0 mem = 4237.6M
Iteration  6: Total net bbox = 3.334e+05 (1.65e+05 1.69e+05)
              Est.  stn bbox = 4.193e+05 (2.11e+05 2.08e+05)
              cpu = 0:00:26.6 real = 0:00:04.0 mem = 4382.7M

Iteration  7: Total net bbox = 3.458e+05 (1.77e+05 1.69e+05)
              Est.  stn bbox = 4.319e+05 (2.23e+05 2.09e+05)
              cpu = 0:00:01.8 real = 0:00:01.0 mem = 4158.7M
Iteration  8: Total net bbox = 3.462e+05 (1.77e+05 1.69e+05)
              Est.  stn bbox = 4.325e+05 (2.24e+05 2.09e+05)
              cpu = 0:00:37.3 real = 0:00:22.0 mem = 4126.7M
Iteration  9: Total net bbox = 3.571e+05 (1.83e+05 1.74e+05)
              Est.  stn bbox = 4.495e+05 (2.33e+05 2.17e+05)
              cpu = 0:00:26.1 real = 0:00:05.0 mem = 4158.7M
Iteration 10: Total net bbox = 3.571e+05 (1.83e+05 1.74e+05)
              Est.  stn bbox = 4.495e+05 (2.33e+05 2.17e+05)
              cpu = 0:00:31.9 real = 0:00:20.0 mem = 4126.7M
Iteration 11: Total net bbox = 3.628e+05 (1.87e+05 1.76e+05)
              Est.  stn bbox = 4.576e+05 (2.38e+05 2.19e+05)
              cpu = 0:00:23.8 real = 0:00:05.0 mem = 4158.7M
Iteration 12: Total net bbox = 3.628e+05 (1.87e+05 1.76e+05)
              Est.  stn bbox = 4.576e+05 (2.38e+05 2.19e+05)
              cpu = 0:00:33.5 real = 0:00:21.0 mem = 4126.7M
Iteration 13: Total net bbox = 3.727e+05 (1.89e+05 1.83e+05)
              Est.  stn bbox = 4.661e+05 (2.39e+05 2.27e+05)
              cpu = 0:00:26.5 real = 0:00:04.0 mem = 4191.5M
Iteration 14: Total net bbox = 3.727e+05 (1.89e+05 1.83e+05)
              Est.  stn bbox = 4.661e+05 (2.39e+05 2.27e+05)
              cpu = 0:00:00.1 real = 0:00:01.0 mem = 4191.5M
Iteration 15: Total net bbox = 3.727e+05 (1.89e+05 1.83e+05)
              Est.  stn bbox = 4.661e+05 (2.39e+05 2.27e+05)
              cpu = 0:00:00.1 real = 0:00:00.0 mem = 4191.5M
*** cost = 3.727e+05 (1.89e+05 1.83e+05) (cpu for global=0:04:19) real=0:01:32***
Placement multithread real runtime: 0:01:32 with 8 threads.
Info: 185 clock gating cells identified, 0 (on average) moved 0/7
Solver runtime cpu: 0:02:17 real: 0:00:21.3
Core Placement runtime cpu: 0:02:27 real: 0:00:24.0
**WARN: (IMPSP-9025):	No scan chain specified/traced.
Type 'man IMPSP-9025' for more detail.

**Info: (IMPSP-2062): Some of the PG shapes may not be colorized properly in this design, users are required to run command colorizePowerMesh before any placement related commands!
*** Starting place_detail (0:25:20 mem=4127.5M) ***
Total net bbox length = 3.727e+05 (1.894e+05 1.833e+05) (ext = 5.680e+04)

**Info: (IMPSP-2062): Some of the PG shapes may not be colorized properly in this design, users are required to run command colorizePowerMesh before any placement related commands!
Move report: Detail placement moves 35540 insts, mean move: 0.32 um, max move: 30.64 um 
	Max move on inst (SILEGO_cell/MTRF_cell/reg_top/RegisterFile/U3412): (132.21, 148.44) --> (101.61, 148.48)
	Runtime: CPU: 0:00:10.7 REAL: 0:00:05.0 MEM: 4223.5MB
Summary Report:
Instances move: 35540 (out of 35550 movable)
Instances flipped: 9
Mean displacement: 0.32 um
Max displacement: 30.64 um (Instance: SILEGO_cell/MTRF_cell/reg_top/RegisterFile/U3412) (132.213, 148.442) -> (101.608, 148.48)
	Length: 2 sites, height: 1 rows, site name: SC8T_104CPP_CMOS22FDX, cell type: SC8T_INVX0P5_CSC28L
Total net bbox length = 3.611e+05 (1.778e+05 1.833e+05) (ext = 5.670e+04)
Runtime: CPU: 0:00:10.8 REAL: 0:00:05.0 MEM: 4223.5MB
*** Finished place_detail (0:25:30 mem=4223.5M) ***
*** End of Placement (cpu=0:05:10, real=0:02:11, mem=4118.5M) ***

**Info: (IMPSP-2062): Some of the PG shapes may not be colorized properly in this design, users are required to run command colorizePowerMesh before any placement related commands!
default core: bins with density > 0.750 =  0.98 % ( 10 / 1024 )
Density distribution unevenness ratio = 8.308%
*** Free Virtual Timing Model ...(mem=4118.5M)
UM:   flow.cputime  flow.realtime  timing.setup.tns  timing.setup.wns  snapshot
UM:*                                                                   final
      flow.cputime  flow.realtime  timing.setup.tns  timing.setup.wns  snapshot
UM:*                                                                   global_place
**INFO: Enable pre-place timing setting for timing analysis
Set Using Default Delay Limit as 101.
**WARN: (IMPDC-1629):	The default delay limit was set to 101. This is less than the default of 1000 and may result in inaccurate delay calculation for nets with a fanout higher than the setting.  If needed, the default delay limit may be adjusted by running the command 'set delaycal_use_default_delay_limit'.
Set Default Net Delay as 0 ps.
Set Default Net Load as 0 pF. 
**INFO: Analyzing IO path groups for slack adjustment
Effort level <high> specified for reg2reg_tmp.984328 path_group
AAE_INFO: opIsDesignInPostRouteState() is 0
#################################################################################
# Design Stage: PreRoute
# Design Name: Silago_bot_right_corner
# Design Mode: 90nm
# Analysis Mode: MMMC Non-OCV 
# Parasitics Mode: No SPEF/RCDB 
# Signoff Settings: SI Off 
#################################################################################
Calculate delays in BcWc mode...
Start delay calculation (fullDC) (8 T). (MEM=4106.99)
Total number of fetched objects 37548
AAE_INFO: Total number of nets for which stage creation was skipped for all views 0
End delay calculation. (MEM=4410.83 CPU=0:00:12.7 REAL=0:00:02.0)
End delay calculation (fullDC). (MEM=4410.83 CPU=0:00:14.3 REAL=0:00:02.0)
**INFO: Disable pre-place timing setting for timing analysis
Set Using Default Delay Limit as 1000.
Set Default Net Delay as 1000 ps.
Set Default Net Load as 0.5 pF. 
Info: Disable timing driven in postCTS congRepair.

Starting congRepair ...
[NR-eGR] Track table information for default rule: 
[NR-eGR] M1 has single uniform track structure
[NR-eGR] M2 has single uniform track structure
[NR-eGR] C1 has single uniform track structure
[NR-eGR] C2 has single uniform track structure
[NR-eGR] C3 has single uniform track structure
[NR-eGR] C4 has single uniform track structure
[NR-eGR] BA has single uniform track structure
[NR-eGR] BB has single uniform track structure
[NR-eGR] JA has single uniform track structure
[NR-eGR] JB has single uniform track structure
[NR-eGR] LB has single uniform track structure
[NR-eGR] Read 21 PG shapes
[NR-eGR] Read 0 clock shapes
[NR-eGR] Read 0 other shapes
[NR-eGR] #Routing Blockages  : 31
[NR-eGR] #Instance Blockages : 98829
[NR-eGR] #PG Blockages       : 21
[NR-eGR] #Halo Blockages     : 0
[NR-eGR] #Boundary Blockages : 0
[NR-eGR] #Clock Blockages    : 0
[NR-eGR] #Other Blockages    : 0
[NR-eGR] Num Prerouted Nets = 0  Num Prerouted Wires = 0
[NR-eGR] Read 37469 nets ( ignored 0 )
[NR-eGR] There are 186 clock nets ( 0 with NDR ).
[NR-eGR] ============ Routing rule table ============
[NR-eGR] Rule id: 0  Nets: 37469
[NR-eGR] ========================================
[NR-eGR] 
[NR-eGR] Layer group 1: route 37469 net(s) in layer range [2, 11]
[NR-eGR] Early Global Route overflow of layer group 1: 0.25% H + 0.15% V. EstWL: 4.444621e+05um
[NR-eGR] Congestion Analysis By layer: (blocked Gcells are excluded) 
[NR-eGR]                        OverCon           OverCon           OverCon            
[NR-eGR]                         #Gcell            #Gcell            #Gcell     %Gcell
[NR-eGR]        Layer             (1-4)             (5-8)            (9-10)    OverCon
[NR-eGR] --------------------------------------------------------------------------------
[NR-eGR]      M1 ( 1)         0( 0.00%)         0( 0.00%)         0( 0.00%)   ( 0.00%) 
[NR-eGR]      M2 ( 2)       811( 0.83%)         0( 0.00%)         0( 0.00%)   ( 0.83%) 
[NR-eGR]      C1 ( 3)       160( 0.16%)         1( 0.00%)         0( 0.00%)   ( 0.16%) 
[NR-eGR]      C2 ( 4)        67( 0.07%)         4( 0.00%)         0( 0.00%)   ( 0.07%) 
[NR-eGR]      C3 ( 5)        35( 0.04%)         2( 0.00%)         0( 0.00%)   ( 0.04%) 
[NR-eGR]      C4 ( 6)        73( 0.07%)        12( 0.01%)         3( 0.00%)   ( 0.09%) 
[NR-eGR]      BA ( 7)         9( 0.01%)         0( 0.00%)         0( 0.00%)   ( 0.01%) 
[NR-eGR]      BB ( 8)        17( 0.02%)        14( 0.01%)         0( 0.00%)   ( 0.03%) 
[NR-eGR]      JA ( 9)         0( 0.00%)         0( 0.00%)         0( 0.00%)   ( 0.00%) 
[NR-eGR]      JB (10)         0( 0.00%)         0( 0.00%)         0( 0.00%)   ( 0.00%) 
[NR-eGR]      LB (11)         0( 0.00%)         0( 0.00%)         0( 0.00%)   ( 0.00%) 
[NR-eGR] --------------------------------------------------------------------------------
[NR-eGR]        Total      1172( 0.16%)        33( 0.00%)         3( 0.00%)   ( 0.16%) 
[NR-eGR] 
[NR-eGR] Overflow after Early Global Route 0.07% H + 0.02% V
Early Global Route congestion estimation runtime: 1.99 seconds, mem = 3935.3M
Local HotSpot Analysis: normalized max congestion hotspot area = 9.70, normalized total congestion hotspot area = 14.30 (area is in unit of 4 std-cell row bins)
Skipped repairing congestion.
[NR-eGR]             Length (um)    Vias 
[NR-eGR] --------------------------------
[NR-eGR]  M1  (1V)             0  108520 
[NR-eGR]  M2  (2H)         71671  217154 
[NR-eGR]  C1  (3V)        126923   53502 
[NR-eGR]  C2  (4H)         97316   17947 
[NR-eGR]  C3  (5V)         83161    7275 
[NR-eGR]  C4  (6H)         51010    1720 
[NR-eGR]  BA  (7V)         18936     896 
[NR-eGR]  BB  (8H)          9623      28 
[NR-eGR]  JA  (9V)             3       0 
[NR-eGR]  JB  (10H)            0       0 
[NR-eGR]  LB  (11V)            0       0 
[NR-eGR] --------------------------------
[NR-eGR]      Total       458642  407042 
[NR-eGR] --------------------------------------------------------------------------
[NR-eGR] Total half perimeter of net bounding box: 361132um
[NR-eGR] Total length: 458642um, number of vias: 407042
[NR-eGR] --------------------------------------------------------------------------
[NR-eGR] Total eGR-routed clock nets wire length: 11172um, number of vias: 12140
[NR-eGR] --------------------------------------------------------------------------
Early Global Route wiring runtime: 0.42 seconds, mem = 3939.6M
Tdgp not successfully inited but do clear! skip clearing
End of congRepair (cpu=0:00:08.5, real=0:00:02.0)
*** Finishing place_design default flow ***
***** Total cpu  0:6:19
***** Total real time  0:2:54
**place_design ... cpu = 0: 6:19, real = 0: 2:54, mem = 3896.6M **
Tdgp not successfully inited but do clear! skip clearing

*** Summary of all messages that are not suppressed in this session:
Severity  ID               Count  Summary                                  
WARNING   IMPDC-1629           2  The default delay limit was set to %d. T...
WARNING   IMPSP-9025           1  No scan chain specified/traced.          
WARNING   NRDB-733             2  %s %s in %s %s does not have a physical ...
WARNING   NRFL-374             6  %s spacing table is not monotonically in...
*** Message Summary: 11 warning(s), 0 error(s)

      flow.cputime  flow.realtime  timing.setup.tns  timing.setup.wns  snapshot
UM:*                                                                   final
UM: Running design category ...
------------------------------------------------------------
	Current design flip-flop statistics

Single-Bit FF Count          :         4770
Multi-Bit FF Count           :            0
Total Bit Count              :         4770
Total FF Count               :         4770
Bits Per Flop                :        1.000
Total Clock Pin Cap(FF)      :     2938.394
Multibit Conversion Ratio(%) :         0.00
------------------------------------------------------------
------------------------------------------------------------
            Multi-bit cell usage statistics

------------------------------------------------------------
============================================================
Sequential Multibit cells usage statistics
------------------------------------------------------------
            Not Merged-bits         Merged-bits     Multibit Conversion %     Bits Per Flop
------------------------------------------------------------
-FlipFlops             4770                    0        0.00                    1.00
------------------------------------------------------------

------------------------------------------------------------
Seq_Mbit libcell              Bitwidth        Count
------------------------------------------------------------
Total 0
============================================================
------------------------------------------------------------
Category            Num of Insts Rejected     Reasons
------------------------------------------------------------
------------------------------------------------------------
      flow.cputime  flow.realtime  timing.setup.tns  timing.setup.wns  snapshot
UM:        1568.01            378                                      place_design
*** placeDesign #1 [finish] : cpu/real = 0:06:22.1/0:02:57.3 (2.2), totSession cpu/real = 0:26:08.0/0:06:17.4 (4.2), mem = 3896.6M
@@file 7: ccopt_design
#% Begin ccopt_design (date=01/03 09:25:32, mem=2362.1M)
*** ccopt_design #1 [begin] : totSession cpu/real = 0:26:08.1/0:06:17.5 (4.2), mem = 3896.6M
Runtime...
**INFO: User's settings:
delaycal_default_net_delay                               1000ps
delaycal_default_net_load                                0.5pf
delaycal_ignore_net_load                                 false
delaycal_input_transition_delay                          0.1ps
delaycal_use_default_delay_limit                         1000
setAnalysisMode -cts                                     postCTS
setAnalysisMode -virtualIPO                              false
setDelayCalMode -engine                                  aae
extract_rc_engine                                        pre_route
opt_preserve_all_sequential                              true
place_detail_dpt_flow                                    true
route_design_extract_third_party_compatible              false
setActiveLogicViewMode -keepHighFanoutCriticalInsts      false
getAnalysisMode -cts                                     postCTS
getAnalysisMode -virtualIPO                              false
getDelayCalMode -engine                                  aae
getIlmMode -keepHighFanoutCriticalInsts                  false
getAnalysisMode -cts                                     postCTS
getAnalysisMode -virtualIPO                              false
(ccopt_design): CTS Engine: auto. Used Spec: CCOPT spec from create_ccopt_clock_tree_spec.
(ccopt_design): create_ccopt_clock_tree_spec
Creating clock tree spec for modes (timing configs): functional_AVF_RCWORST functional functional_AVF_RCTYP
cts_spec_config_create_generator_skew_groups=true: create_clock_tree_spec will generate skew groups with a name prefix of "_clock_gen" to balance clock generator connected flops with the clock generator they drive.
Reset timing graph...
Ignoring AAE DB Resetting ...
Reset timing graph done.
Ignoring AAE DB Resetting ...
Analyzing clock structure...
Analyzing clock structure done.
Reset timing graph...
Ignoring AAE DB Resetting ...
Reset timing graph done.
Extracting original clock gating for clk...
  clock_tree clk contains 4770 sinks and 0 clock gates.
Extracting original clock gating for clk done.
The skew group clk/functional_AVF_RCWORST was created. It contains 4770 sinks and 1 sources.
The skew group clk/functional was created. It contains 4770 sinks and 1 sources.
The skew group clk/functional_AVF_RCTYP was created. It contains 4770 sinks and 1 sources.
Checking clock tree convergence...
Checking clock tree convergence done.
Placement constraints of type 'region' or 'fence' will not be downgraded to 'guide' because the attribute cts_change_fences_to_guides has been set to false.
Set place::cacheFPlanSiteMark to 1
'setDesignMode -flowEffort standard' => 'setOptMode -usefulSkewCCOpt standard' 
Using CCOpt effort standard.
CCOpt::Phase::Initialization...
Check Prerequisites...
Leaving CCOpt scope - CheckPlace...

**Info: (IMPSP-2062): Some of the PG shapes may not be colorized properly in this design, users are required to run command colorizePowerMesh before any placement related commands!
Begin checking placement ... (start mem=3924.7M, init mem=3924.7M)
*info: Placed = 35550         
*info: Unplaced = 0           
Placement Density:53.65%(21505/40083)
Placement Density (including fixed std cells):53.65%(21505/40083)
Finished check_place (total: cpu=0:00:00.9, real=0:00:00.0; vio checks: cpu=0:00:00.7, real=0:00:00.0; mem=3892.7M)
Leaving CCOpt scope - CheckPlace done. (took cpu=0:00:00.9 real=0:00:00.4)
Innovus will update I/O latencies
Found 0 ideal nets, 0 pins with transition annotations, 0 instances with delay annotations, 0 nets with delay annotations, refer to logv for details.

Check Prerequisites done. (took cpu=0:00:00.9 real=0:00:00.4)
      flow.cputime  flow.realtime  timing.setup.tns  timing.setup.wns  snapshot
UM:*                                                                   Check Prerequisites
CCOpt::Phase::Initialization done. (took cpu=0:00:01.1 real=0:00:00.6)
      flow.cputime  flow.realtime  timing.setup.tns  timing.setup.wns  snapshot
UM:*                                                                   CCOpt::Phase::Initialization
Executing ccopt post-processing.
Synthesizing clock trees with CCOpt...
*** CTS #1 [begin] (ccopt_design #1) : totSession cpu/real = 0:26:21.4/0:06:30.1 (4.1), mem = 3892.7M
CCOpt::Phase::PreparingToBalance...
Leaving CCOpt scope - Initializing power interface...
Leaving CCOpt scope - Initializing power interface done. (took cpu=0:00:00.0 real=0:00:00.0)
Found 0 advancing pin insertion delay (0.000% of 4770 clock tree sinks)
Found 0 delaying pin insertion delay (0.000% of 4770 clock tree sinks)
**WARN: (IMPCCOPT-1127):	The skew group default.clk/functional_AVF_RCTYP has been identified as a duplicate of: clk/functional
**WARN: (IMPCCOPT-1127):	The skew group default.clk/functional_AVF_RCWORST has been identified as a duplicate of: clk/functional
The skew group clk/functional_AVF_RCTYP has been identified as a duplicate of: clk/functional, so it will not be cloned.
The skew group clk/functional_AVF_RCWORST has been identified as a duplicate of: clk/functional, so it will not be cloned.
Leaving CCOpt scope - optDesignGlobalRouteStep...
Updating RC grid for preRoute extraction ...
Initializing multi-corner resistance tables ...
[NR-eGR] Started Early Global Route kernel ( Curr Mem: 3908.79 MB )
[NR-eGR] Track table information for default rule: 
[NR-eGR] M1 has single uniform track structure
[NR-eGR] M2 has single uniform track structure
[NR-eGR] C1 has single uniform track structure
[NR-eGR] C2 has single uniform track structure
[NR-eGR] C3 has single uniform track structure
[NR-eGR] C4 has single uniform track structure
[NR-eGR] BA has single uniform track structure
[NR-eGR] BB has single uniform track structure
[NR-eGR] JA has single uniform track structure
[NR-eGR] JB has single uniform track structure
[NR-eGR] LB has single uniform track structure
[NR-eGR] Read 21 PG shapes
[NR-eGR] Read 0 clock shapes
[NR-eGR] Read 0 other shapes
[NR-eGR] #Routing Blockages  : 31
[NR-eGR] #Instance Blockages : 98829
[NR-eGR] #PG Blockages       : 21
[NR-eGR] #Halo Blockages     : 0
[NR-eGR] #Boundary Blockages : 0
[NR-eGR] #Clock Blockages    : 0
[NR-eGR] #Other Blockages    : 0
[NR-eGR] Num Prerouted Nets = 0  Num Prerouted Wires = 0
[NR-eGR] Read 37469 nets ( ignored 0 )
[NR-eGR] There are 186 clock nets ( 0 with NDR ).
[NR-eGR] ============ Routing rule table ============
[NR-eGR] Rule id: 0  Nets: 37469
[NR-eGR] ========================================
[NR-eGR] 
[NR-eGR] Layer group 1: route 37469 net(s) in layer range [2, 11]
[NR-eGR] Early Global Route overflow of layer group 1: 0.25% H + 0.15% V. EstWL: 4.444621e+05um
[NR-eGR] Congestion Analysis By layer: (blocked Gcells are excluded) 
[NR-eGR]                        OverCon           OverCon           OverCon            
[NR-eGR]                         #Gcell            #Gcell            #Gcell     %Gcell
[NR-eGR]        Layer             (1-4)             (5-8)            (9-10)    OverCon
[NR-eGR] --------------------------------------------------------------------------------
[NR-eGR]      M1 ( 1)         0( 0.00%)         0( 0.00%)         0( 0.00%)   ( 0.00%) 
[NR-eGR]      M2 ( 2)       811( 0.83%)         0( 0.00%)         0( 0.00%)   ( 0.83%) 
[NR-eGR]      C1 ( 3)       160( 0.16%)         1( 0.00%)         0( 0.00%)   ( 0.16%) 
[NR-eGR]      C2 ( 4)        67( 0.07%)         4( 0.00%)         0( 0.00%)   ( 0.07%) 
[NR-eGR]      C3 ( 5)        35( 0.04%)         2( 0.00%)         0( 0.00%)   ( 0.04%) 
[NR-eGR]      C4 ( 6)        73( 0.07%)        12( 0.01%)         3( 0.00%)   ( 0.09%) 
[NR-eGR]      BA ( 7)         9( 0.01%)         0( 0.00%)         0( 0.00%)   ( 0.01%) 
[NR-eGR]      BB ( 8)        17( 0.02%)        14( 0.01%)         0( 0.00%)   ( 0.03%) 
[NR-eGR]      JA ( 9)         0( 0.00%)         0( 0.00%)         0( 0.00%)   ( 0.00%) 
[NR-eGR]      JB (10)         0( 0.00%)         0( 0.00%)         0( 0.00%)   ( 0.00%) 
[NR-eGR]      LB (11)         0( 0.00%)         0( 0.00%)         0( 0.00%)   ( 0.00%) 
[NR-eGR] --------------------------------------------------------------------------------
[NR-eGR]        Total      1172( 0.16%)        33( 0.00%)         3( 0.00%)   ( 0.16%) 
[NR-eGR] 
[NR-eGR] Overflow after Early Global Route 0.07% H + 0.02% V
[NR-eGR]             Length (um)    Vias 
[NR-eGR] --------------------------------
[NR-eGR]  M1  (1V)             0  108520 
[NR-eGR]  M2  (2H)         71671  217154 
[NR-eGR]  C1  (3V)        126923   53502 
[NR-eGR]  C2  (4H)         97316   17947 
[NR-eGR]  C3  (5V)         83161    7275 
[NR-eGR]  C4  (6H)         51010    1720 
[NR-eGR]  BA  (7V)         18936     896 
[NR-eGR]  BB  (8H)          9623      28 
[NR-eGR]  JA  (9V)             3       0 
[NR-eGR]  JB  (10H)            0       0 
[NR-eGR]  LB  (11V)            0       0 
[NR-eGR] --------------------------------
[NR-eGR]      Total       458642  407042 
[NR-eGR] --------------------------------------------------------------------------
[NR-eGR] Total half perimeter of net bounding box: 361132um
[NR-eGR] Total length: 458642um, number of vias: 407042
[NR-eGR] --------------------------------------------------------------------------
[NR-eGR] Total eGR-routed clock nets wire length: 11172um, number of vias: 12140
[NR-eGR] --------------------------------------------------------------------------
[NR-eGR] Finished Early Global Route kernel ( CPU: 7.30 sec, Real: 2.05 sec, Curr Mem: 3951.32 MB )
Leaving CCOpt scope - optDesignGlobalRouteStep done. (took cpu=0:00:07.5 real=0:00:02.3)
Legalization setup...
Using cell based legalization.
Initializing placement interface...
  Use check_library -place or consult logv if problems occur.
  Leaving CCOpt scope - Initializing placement interface...

**Info: (IMPSP-2062): Some of the PG shapes may not be colorized properly in this design, users are required to run command colorizePowerMesh before any placement related commands!
  Leaving CCOpt scope - Initializing placement interface done. (took cpu=0:00:00.3 real=0:00:00.2)
Initializing placement interface done.
Leaving CCOpt scope - Cleaning up placement interface...
Leaving CCOpt scope - Cleaning up placement interface done. (took cpu=0:00:00.1 real=0:00:00.0)
Leaving CCOpt scope - Initializing placement interface...

**Info: (IMPSP-2062): Some of the PG shapes may not be colorized properly in this design, users are required to run command colorizePowerMesh before any placement related commands!
Leaving CCOpt scope - Initializing placement interface done. (took cpu=0:00:00.1 real=0:00:00.1)
Legalization setup done. (took cpu=0:00:00.6 real=0:00:00.4)
      flow.cputime  flow.realtime  timing.setup.tns  timing.setup.wns  snapshot
UM:*                                                                   Legalization setup
Validating CTS configuration...
Checking module port directions...
Checking module port directions done. (took cpu=0:00:00.0 real=0:00:00.0)
Non-default attributes:
  Public non-default attributes:
    cts_clock_tree_source_max_capacitance is set for at least one object
    cts_merge_clock_gates is set for at least one object
    cts_merge_clock_logic is set for at least one object
    cts_route_type is set for at least one object
  No private non-default attributes
Route type trimming info:
  No route type modifications were made.
Updating RC grid for preRoute extraction ...
Initializing multi-corner resistance tables ...
Clock tree balancer configuration for clock_tree clk:
Non-default attributes:
  Public non-default attributes:
    cts_clock_tree_source_max_capacitance: 162 (default: auto)
    cts_merge_clock_gates: true (default: false)
    cts_merge_clock_logic: true (default: false)
    cts_route_type (leaf): default_route_type_leaf (default: default)
    cts_route_type (top): default_route_type_nonleaf (default: default)
    cts_route_type (trunk): default_route_type_nonleaf (default: default)
  No private non-default attributes
For power domain auto-default:
  Buffers:     {SC8T_BUFX24_CSC28L SC8T_BUFX20_CSC28L SC8T_BUFX16_CSC28L SC8T_BUFX12_CSC28L SC8T_BUFX10_CSC28L SC8T_CKBUFX8_CSC28L SC8T_BUFX8_CSC28L SC8T_BUFX6_CSC28L SC8T_CKBUFX4_CSC28L SC8T_BUFX4_CSC28L SC8T_BUFX3_CSC28L SC8T_BUFX1P5_CSC28L SC8T_BUFX0P5_A_CSC28L}
  Inverters:   {SC8T_INVX24_CSC28L SC8T_INVX20_CSC28L SC8T_INVX16_CSC28L SC8T_CKINVX12_CSC28L SC8T_INVX12_CSC28L SC8T_INVX10_CSC28L SC8T_INVX8_CSC28L SC8T_INVX6_CSC28L SC8T_INVX4_CSC28L SC8T_INVX3_CSC28L SC8T_INVX2_CSC28L SC8T_INVX1_CSC28L SC8T_INVX0P5_CSC28L}
  Clock gates: SC8T_CKGPRELATNX24_CSC28L SC8T_CKGPRELATNX16_CSC28L SC8T_CKGPRELATNX12_CSC28L SC8T_CKGPRELATNX8_CSC28L SC8T_CKGPRELATNX4_CSC28L SC8T_CKGPRELATNX2_CSC28L SC8T_CKGPRELATNX1_CSC28L 
  Unblocked area available for placement of any clock cells in power_domain auto-default: 40083.231um^2
Top Routing info:
  Route-type name: default_route_type_nonleaf; Top/bottom preferred layer name: C2/C1; 
  Unshielded; Mask Constraint: 0; Source: cts_route_type.
Trunk Routing info:
  Route-type name: default_route_type_nonleaf; Top/bottom preferred layer name: C2/C1; 
  Unshielded; Preferred extra space: 1; Mask Constraint: 0; Source: cts_route_type.
Leaf Routing info:
  Route-type name: default_route_type_leaf; Top/bottom preferred layer name: C2/C1; 
  Unshielded; Preferred extra space: 1; Mask Constraint: 0; Source: cts_route_type.
For timing_corner WC_dc:setup, late and power domain auto-default:
  Slew time target (leaf):    87.8ps
  Slew time target (trunk):   87.8ps
  Slew time target (top):     89.4ps (Note: no nets are considered top nets in this clock tree)
  Buffer unit delay: 53.8ps
  Buffer max distance: 319.326um
Fastest wire driving cells and distances:
  Buffer    : {lib_cell:SC8T_BUFX24_CSC28L, fastest_considered_half_corner=WC_dc:setup.late, optimalDrivingDistance=274.400um, saturatedSlew=60.0ps, speed=3232.038um per ns, cellArea=8.975um^2 per 1000um}
  Inverter  : {lib_cell:SC8T_INVX24_CSC28L, fastest_considered_half_corner=WC_dc:setup.late, optimalDrivingDistance=145.917um, saturatedSlew=34.6ps, speed=3790.052um per ns, cellArea=11.404um^2 per 1000um}
  Clock gate: {lib_cell:SC8T_CKGPRELATNX24_CSC28L, fastest_considered_half_corner=WC_dc:setup.late, optimalDrivingDistance=308.700um, saturatedSlew=76.5ps, speed=2670.415um per ns, cellArea=17.896um^2 per 1000um}


Logic Sizing Table:

----------------------------------------------------------
Cell    Instance count    Source    Eligible library cells
----------------------------------------------------------
  (empty table)
----------------------------------------------------------


Clock tree balancer configuration for skew_group clk/functional:
  Sources:                     pin clk
  Total number of sinks:       4770
  Delay constrained sinks:     4770
  Constrains:                  default
  Non-leaf sinks:              0
  Ignore pins:                 0
 Timing corner WC_dc:setup.late:
  Skew target:                 53.8ps
Primary reporting skew groups are:
skew_group clk/functional with 4770 clock sinks

Clock DAG stats initial state:
  cell counts      : b=181, i=4, icg=0, dcg=0, l=0, total=185
  sink counts      : regular=4770, enable_latch=0, load_capacitance=0, antenna=0, node_sink=0, total=4770
  misc counts      : r=1, pp=0
  cell areas       : b=36.142um^2, i=0.599um^2, icg=0.000um^2, dcg=0.000um^2, l=0.000um^2, total=36.741um^2
  hp wire lengths  : top=0.000um, trunk=433.816um, leaf=2848.004um, total=3281.820um
Clock DAG library cell distribution initial state {count}:
   Bufs: SC8T_BUFX1_A_CSC28L: 181 
   Invs: SC8T_INVX2_CSC28L: 1 SC8T_INVX1_CSC28L: 3 
      flow.cputime  flow.realtime  timing.setup.tns  timing.setup.wns  snapshot
UM:*                                                                   InitialState
Have 8 CPUs available for CTS. Selected algorithms will run multithreaded.
No ideal or dont_touch nets found in the clock tree
No dont_touch hnets found in the clock tree
No dont_touch hpins found in the clock network.
Checking for illegal sizes of clock logic instances...
Checking for illegal sizes of clock logic instances done. (took cpu=0:00:00.0 real=0:00:00.0)
      flow.cputime  flow.realtime  timing.setup.tns  timing.setup.wns  snapshot
UM:*                                                                   Checking for illegal sizes of clock logic instances
Validating CTS configuration done. (took cpu=0:00:06.9 real=0:00:06.8)
      flow.cputime  flow.realtime  timing.setup.tns  timing.setup.wns  snapshot
UM:*                                                                   Validating CTS configuration
CCOpt configuration status: all checks passed.
Adding exclusion drivers to pins that are cts_sink_type_effective exclude...
    Adding exclusion drivers (these will be instances of the smallest area library cells).
  No exclusion drivers are needed.
Adding exclusion drivers to pins that are cts_sink_type_effective exclude done.
Antenna diode management...
  Found 0 antenna diodes in the clock trees.
  
Antenna diode management done.
Adding driver cells for primary IOs...
  
  ----------------------------------------------------------------------------------------------
  CCOpt reported the following when adding drivers below input ports and above output ports     
  ----------------------------------------------------------------------------------------------
    (empty table)
  ----------------------------------------------------------------------------------------------
  
  
Adding driver cells for primary IOs done.
Adding driver cell for primary IO roots...
Adding driver cell for primary IO roots done.
Maximizing clock DAG abstraction...
  Removing clock DAG drivers
Maximizing clock DAG abstraction done.
CCOpt::Phase::PreparingToBalance done. (took cpu=0:00:15.5 real=0:00:09.9)
      flow.cputime  flow.realtime  timing.setup.tns  timing.setup.wns  snapshot
UM:*                                                                   CCOpt::Phase::PreparingToBalance
Synthesizing clock trees...
  Preparing To Balance...
  Leaving CCOpt scope - Cleaning up placement interface...
  Leaving CCOpt scope - Cleaning up placement interface done. (took cpu=0:00:00.1 real=0:00:00.0)
  Leaving CCOpt scope - Initializing placement interface...

**Info: (IMPSP-2062): Some of the PG shapes may not be colorized properly in this design, users are required to run command colorizePowerMesh before any placement related commands!
  Leaving CCOpt scope - Initializing placement interface done. (took cpu=0:00:00.2 real=0:00:00.1)
  Merging duplicate siblings in DAG...
    Clock DAG stats before merging:
      cell counts      : b=0, i=0, icg=0, dcg=0, l=0, total=0
      sink counts      : regular=4770, enable_latch=0, load_capacitance=0, antenna=0, node_sink=0, total=4770
      misc counts      : r=1, pp=0
      cell areas       : b=0.000um^2, i=0.000um^2, icg=0.000um^2, dcg=0.000um^2, l=0.000um^2, total=0.000um^2
      hp wire lengths  : top=0.000um, trunk=0.000um, leaf=0.000um, total=0.000um
      flow.cputime  flow.realtime  timing.setup.tns  timing.setup.wns  snapshot
UM:*                                                                   before merging
    Resynthesising clock tree into netlist...
      Reset timing graph...
Ignoring AAE DB Resetting ...
      Reset timing graph done.
    Resynthesising clock tree into netlist done.
    Merging duplicate clock dag driver clones in DAG...
    Merging duplicate clock dag driver clones in DAG done.
    
    Disconnecting clock tree from netlist...
    Disconnecting clock tree from netlist done.
  Merging duplicate siblings in DAG done.
  Applying movement limits...
  Applying movement limits done.
  Preparing To Balance done. (took cpu=0:00:00.6 real=0:00:00.5)
      flow.cputime  flow.realtime  timing.setup.tns  timing.setup.wns  snapshot
UM:*                                                                   Preparing To Balance
  CCOpt::Phase::Construction...
  Stage::Clustering...
  Clustering...
    Initialize for clustering...
    Clock DAG stats before clustering:
      cell counts      : b=0, i=0, icg=0, dcg=0, l=0, total=0
      sink counts      : regular=4770, enable_latch=0, load_capacitance=0, antenna=0, node_sink=0, total=4770
      misc counts      : r=1, pp=0
      cell areas       : b=0.000um^2, i=0.000um^2, icg=0.000um^2, dcg=0.000um^2, l=0.000um^2, total=0.000um^2
      hp wire lengths  : top=0.000um, trunk=0.000um, leaf=0.000um, total=0.000um
      flow.cputime  flow.realtime  timing.setup.tns  timing.setup.wns  snapshot
UM:*                                                                   before clustering
    Computing max distances from locked parents...
      Computing distance_from_locked_parent_restrictions for 0 nodes driven by 0 locked parents
    Computing max distances from locked parents done.
    Computing optimal clock node locations...
    : ...20% ...40% ...60% ...80% ...100% 
    Computing optimal clock node locations done. (took cpu=0:00:00.0 real=0:00:00.0)
    Initialize for clustering done. (took cpu=0:00:00.3 real=0:00:00.2)
      flow.cputime  flow.realtime  timing.setup.tns  timing.setup.wns  snapshot
UM:*                                                                   Initialize for clustering
    Bottom-up phase...
    Clustering bottom-up starting from leaves...
      Clustering clock_tree clk...
          Clock tree timing engine global stage delay update for WC_dc:setup.late...
          Clock tree timing engine global stage delay update for WC_dc:setup.late done. (took cpu=0:00:00.3 real=0:00:00.1)
      Clustering clock_tree clk done.
    Clustering bottom-up starting from leaves done.
    Rebuilding the clock tree after clustering...
    Rebuilding the clock tree after clustering done.
    Clock DAG stats after bottom-up phase:
      cell counts      : b=54, i=0, icg=0, dcg=0, l=0, total=54
      sink counts      : regular=4770, enable_latch=0, load_capacitance=0, antenna=0, node_sink=0, total=4770
      misc counts      : r=1, pp=0
      cell areas       : b=131.389um^2, i=0.000um^2, icg=0.000um^2, dcg=0.000um^2, l=0.000um^2, total=131.389um^2
      hp wire lengths  : top=0.000um, trunk=782.000um, leaf=2528.494um, total=3310.494um
    Clock DAG library cell distribution after bottom-up phase {count}:
       Bufs: SC8T_BUFX24_CSC28L: 50 SC8T_BUFX20_CSC28L: 4 
      flow.cputime  flow.realtime  timing.setup.tns  timing.setup.wns  snapshot
UM:*                                                                   after bottom-up phase
    Bottom-up phase done. (took cpu=0:00:04.8 real=0:00:01.9)
      flow.cputime  flow.realtime  timing.setup.tns  timing.setup.wns  snapshot
UM:*                                                                   Bottom-up phase
    Legalizing clock trees...
    Resynthesising clock tree into netlist...
      Reset timing graph...
Ignoring AAE DB Resetting ...
      Reset timing graph done.
    Resynthesising clock tree into netlist done.
    Commiting net attributes....
    Commiting net attributes. done.
    Leaving CCOpt scope - ClockRefiner...
    Performing a single pass refine place with checks partially disabled for clock sinks and datapath.

**Info: (IMPSP-2062): Some of the PG shapes may not be colorized properly in this design, users are required to run command colorizePowerMesh before any placement related commands!
*** Starting place_detail (0:26:44 mem=47294.0M) ***
Total net bbox length = 3.608e+05 (1.781e+05 1.827e+05) (ext = 5.671e+04)

**Info: (IMPSP-2062): Some of the PG shapes may not be colorized properly in this design, users are required to run command colorizePowerMesh before any placement related commands!
Move report: Detail placement moves 366 insts, mean move: 0.56 um, max move: 2.66 um 
	Max move on inst (SILEGO_cell/MTRF_cell/reg_top/RegisterFile/register_array_7/U6): (90.06, 151.68) --> (89.96, 149.12)
	Runtime: CPU: 0:00:04.7 REAL: 0:00:01.0 MEM: 47331.8MB
Summary Report:
Instances move: 366 (out of 35419 movable)
Instances flipped: 10
Mean displacement: 0.56 um
Max displacement: 2.66 um (Instance: SILEGO_cell/MTRF_cell/reg_top/RegisterFile/register_array_7/U6) (90.064, 151.68) -> (89.96, 149.12)
	Length: 8 sites, height: 1 rows, site name: SC8T_104CPP_CMOS22FDX, cell type: SC8T_MUX2X1_A_CSC28L
Total net bbox length = 3.609e+05 (1.782e+05 1.828e+05) (ext = 5.670e+04)
Runtime: CPU: 0:00:04.8 REAL: 0:00:01.0 MEM: 47331.8MB
*** Finished place_detail (0:26:49 mem=47331.8M) ***
    ClockRefiner summary
    All clock instances: Moved 108, flipped 55 and cell swapped 0 (out of a total of 4824).
    The largest move was 1.49 um for SILEGO_cell/MTRF_cell/reg_top/RegisterFile/register_array_4/reg_out_reg[10].

**Info: (IMPSP-2062): Some of the PG shapes may not be colorized properly in this design, users are required to run command colorizePowerMesh before any placement related commands!
    Leaving CCOpt scope - ClockRefiner done. (took cpu=0:00:05.6 real=0:00:02.1)
    Disconnecting clock tree from netlist...
    Disconnecting clock tree from netlist done.
    Leaving CCOpt scope - Cleaning up placement interface...
    Leaving CCOpt scope - Cleaning up placement interface done. (took cpu=0:00:00.1 real=0:00:00.0)
    Leaving CCOpt scope - Initializing placement interface...

**Info: (IMPSP-2062): Some of the PG shapes may not be colorized properly in this design, users are required to run command colorizePowerMesh before any placement related commands!
    Leaving CCOpt scope - Initializing placement interface done. (took cpu=0:00:00.2 real=0:00:00.2)
    Clock tree timing engine global stage delay update for WC_dc:setup.late...
    Clock tree timing engine global stage delay update for WC_dc:setup.late done. (took cpu=0:00:00.3 real=0:00:00.1)
    
    Clock tree legalization - Histogram:
    ====================================
    
    --------------------------------
    Movement (um)    Number of cells
    --------------------------------
    [0.64,0.96)             3
    [0.96,1.28)             1
    --------------------------------
    
    
    Clock tree legalization - Top 10 Movements:
    ===========================================
    
    -----------------------------------------------------------------------------------------------------------------------------------------------------------------
    Movement (um)    Desired              Achieved             Node
                     location             location             
    -----------------------------------------------------------------------------------------------------------------------------------------------------------------
        1.28         (76.232,97.920)      (76.232,96.640)      CTS_ccl_a_buf_00050 (a lib_cell SC8T_BUFX24_CSC28L) at (76.232,96.640), in power domain auto-default
        0.64         (79.664,45.440)      (79.664,46.080)      CTS_ccl_a_buf_00045 (a lib_cell SC8T_BUFX24_CSC28L) at (79.664,46.080), in power domain auto-default
        0.64         (76.232,96.000)      (76.232,95.360)      CTS_ccl_a_buf_00025 (a lib_cell SC8T_BUFX20_CSC28L) at (76.232,95.360), in power domain auto-default
        0.64         (141.752,167.040)    (141.752,167.680)    CTS_ccl_a_buf_00018 (a lib_cell SC8T_BUFX24_CSC28L) at (141.752,167.680), in power domain auto-default
        0            (135.012,20.850)     (135.012,20.850)     CTS_ccl_a_buf_00027 (a lib_cell SC8T_BUFX24_CSC28L) at (133.744,20.480), in power domain auto-default
        0            (140.588,98.190)     (140.588,98.190)     CTS_ccl_a_buf_00049 (a lib_cell SC8T_BUFX24_CSC28L) at (138.008,97.920), in power domain auto-default
        0            (168.084,41.330)     (168.084,41.330)     CTS_ccl_a_buf_00029 (a lib_cell SC8T_BUFX20_CSC28L) at (167.024,40.960), in power domain auto-default
        0            (78.812,84.110)      (78.812,84.110)      CTS_ccl_a_buf_00052 (a lib_cell SC8T_BUFX24_CSC28L) at (76.232,83.840), in power domain auto-default
        0            (78.812,98.190)      (78.812,98.190)      CTS_ccl_buf_00053 (a lib_cell SC8T_BUFX24_CSC28L) at (76.232,97.920), in power domain auto-default
        0            (1.268,200.050)      (1.268,200.050)      CTS_ccl_a_buf_00054 (a lib_cell SC8T_BUFX24_CSC28L) at (0.000,199.680), in power domain auto-default
    -----------------------------------------------------------------------------------------------------------------------------------------------------------------
    
    Legalizing clock trees done. (took cpu=0:00:06.6 real=0:00:02.8)
      flow.cputime  flow.realtime  timing.setup.tns  timing.setup.wns  snapshot
UM:*                                                                   Legalizing clock trees
    Clock DAG stats after 'Clustering':
      cell counts      : b=54, i=0, icg=0, dcg=0, l=0, total=54
      sink counts      : regular=4770, enable_latch=0, load_capacitance=0, antenna=0, node_sink=0, total=4770
      misc counts      : r=1, pp=0
      cell areas       : b=131.389um^2, i=0.000um^2, icg=0.000um^2, dcg=0.000um^2, l=0.000um^2, total=131.389um^2
      cell capacitance : b=279.295fF, i=0.000fF, icg=0.000fF, dcg=0.000fF, l=0.000fF, total=279.295fF
      sink capacitance : total=3503.304fF, avg=0.734fF, sd=0.034fF, min=0.679fF, max=0.757fF
      wire capacitance : top=0.000fF, trunk=155.576fF, leaf=1311.262fF, total=1466.838fF
      wire lengths     : top=0.000um, trunk=1215.844um, leaf=9415.548um, total=10631.392um
      hp wire lengths  : top=0.000um, trunk=782.640um, leaf=2531.990um, total=3314.630um
    Clock DAG net violations after 'Clustering': none
    Clock DAG primary half-corner transition distribution after 'Clustering':
      Trunk : target=87.8ps count=7 avg=51.9ps sd=24.2ps min=18.5ps max=77.1ps {3 <= 52.7ps, 2 <= 70.2ps, 2 <= 79.0ps, 0 <= 83.4ps, 0 <= 87.8ps}
      Leaf  : target=87.8ps count=48 avg=47.5ps sd=4.7ps min=40.8ps max=63.2ps {41 <= 52.7ps, 7 <= 70.2ps, 0 <= 79.0ps, 0 <= 83.4ps, 0 <= 87.8ps}
    Clock DAG library cell distribution after 'Clustering' {count}:
       Bufs: SC8T_BUFX24_CSC28L: 50 SC8T_BUFX20_CSC28L: 4 
    Primary reporting skew groups after 'Clustering':
      skew_group clk/functional: insertion delay [min=195.9, max=250.5, avg=226.7, sd=12.4], skew [54.6 vs 53.8*], 99.7% {195.9, 249.7} (wid=67.0 ws=43.7) (gid=187.7 gs=17.9)
    Skew group summary after 'Clustering':
      skew_group clk/functional: insertion delay [min=195.9, max=250.5, avg=226.7, sd=12.4], skew [54.6 vs 53.8*], 99.7% {195.9, 249.7} (wid=67.0 ws=43.7) (gid=187.7 gs=17.9)
    Legalizer API calls during this step: 853 succeeded with high effort: 853 succeeded with medium effort: 0 succeeded with low effort: 0 succeeded with basic effort: 0 succeeded with basic unbounded effort: 0
  Clustering done. (took cpu=0:00:12.6 real=0:00:05.8)
      flow.cputime  flow.realtime  timing.setup.tns  timing.setup.wns  snapshot
UM:*                                                                   Clustering
  Looking for fanout violations...
  Looking for fanout violations done.
  CongRepair After Initial Clustering...
  Reset timing graph...
Ignoring AAE DB Resetting ...
  Reset timing graph done.
  Leaving CCOpt scope - Early Global Route...
  Clock implementation routing...
Net route status summary:
  Clock:        55 (unrouted=55, trialRouted=0, noStatus=0, routed=0, fixed=0, [crossesIlmBoundary=0, tooFewTerms=0, (crossesIlmBoundary AND tooFewTerms=0)])
  Non-clock: 57016 (unrouted=19733, trialRouted=37283, noStatus=0, routed=0, fixed=0, [crossesIlmBoundary=0, tooFewTerms=19733, (crossesIlmBoundary AND tooFewTerms=0)])
    Routing using eGR only...
      Early Global Route - eGR only step...
(ccopt eGR): There are 55 nets to be routed. 0 nets have skip routing designation.
(ccopt eGR): There are 55 nets for routing of which 55 have one or more fixed wires.
(ccopt eGR): Start to route 55 all nets
[NR-eGR] Track table information for default rule: 
[NR-eGR] M1 has single uniform track structure
[NR-eGR] M2 has single uniform track structure
[NR-eGR] C1 has single uniform track structure
[NR-eGR] C2 has single uniform track structure
[NR-eGR] C3 has single uniform track structure
[NR-eGR] C4 has single uniform track structure
[NR-eGR] BA has single uniform track structure
[NR-eGR] BB has single uniform track structure
[NR-eGR] JA has single uniform track structure
[NR-eGR] JB has single uniform track structure
[NR-eGR] LB has single uniform track structure
[NR-eGR] Read 21 PG shapes
[NR-eGR] Read 0 clock shapes
[NR-eGR] Read 0 other shapes
[NR-eGR] #Routing Blockages  : 31
[NR-eGR] #Instance Blockages : 98756
[NR-eGR] #PG Blockages       : 21
[NR-eGR] #Halo Blockages     : 0
[NR-eGR] #Boundary Blockages : 0
[NR-eGR] #Clock Blockages    : 0
[NR-eGR] #Other Blockages    : 0
[NR-eGR] Num Prerouted Nets = 0  Num Prerouted Wires = 0
[NR-eGR] Read 37338 nets ( ignored 37283 )
[NR-eGR] Connected 0 must-join pins/ports
[NR-eGR] There are 55 clock nets ( 55 with NDR ).
[NR-eGR] ============ Routing rule table ============
[NR-eGR] Rule id: 0  Nets: 55
[NR-eGR] ========================================
[NR-eGR] 
[NR-eGR] Layer group 1: route 55 net(s) in layer range [3, 4]
[NR-eGR] Early Global Route overflow of layer group 1: 0.00% H + 0.00% V. EstWL: 1.039616e+04um
[NR-eGR] Create a new net group with 19 nets and layer range [3, 6]
[NR-eGR] Layer group 2: route 19 net(s) in layer range [3, 6]
[NR-eGR] Early Global Route overflow of layer group 2: 0.00% H + 0.00% V. EstWL: 1.388544e+04um
[NR-eGR] Create a new net group with 19 nets and layer range [3, 8]
[NR-eGR] Layer group 3: route 19 net(s) in layer range [3, 8]
[NR-eGR] Early Global Route overflow of layer group 3: 0.00% H + 0.00% V. EstWL: 1.740224e+04um
[NR-eGR] Create a new net group with 19 nets and layer range [3, 10]
[NR-eGR] Layer group 4: route 19 net(s) in layer range [3, 10]
[NR-eGR] Early Global Route overflow of layer group 4: 0.00% H + 0.00% V. EstWL: 2.092032e+04um
[NR-eGR] Create a new net group with 19 nets and layer range [3, 11]
[NR-eGR] Layer group 5: route 19 net(s) in layer range [3, 11]
[NR-eGR] Early Global Route overflow of layer group 5: 0.00% H + 0.00% V. EstWL: 2.443840e+04um
[NR-eGR] Congestion Analysis By layer: (blocked Gcells are excluded) 
[NR-eGR]                        OverCon            
[NR-eGR]                         #Gcell     %Gcell
[NR-eGR]        Layer               (1)    OverCon
[NR-eGR] ----------------------------------------------
[NR-eGR]      M1 ( 1)         0( 0.00%)   ( 0.00%) 
[NR-eGR]      M2 ( 2)        79( 0.08%)   ( 0.08%) 
[NR-eGR]      C1 ( 3)         0( 0.00%)   ( 0.00%) 
[NR-eGR]      C2 ( 4)         0( 0.00%)   ( 0.00%) 
[NR-eGR]      C3 ( 5)         0( 0.00%)   ( 0.00%) 
[NR-eGR]      C4 ( 6)         0( 0.00%)   ( 0.00%) 
[NR-eGR]      BA ( 7)         0( 0.00%)   ( 0.00%) 
[NR-eGR]      BB ( 8)         0( 0.00%)   ( 0.00%) 
[NR-eGR]      JA ( 9)         0( 0.00%)   ( 0.00%) 
[NR-eGR]      JB (10)         0( 0.00%)   ( 0.00%) 
[NR-eGR]      LB (11)         0( 0.00%)   ( 0.00%) 
[NR-eGR] ----------------------------------------------
[NR-eGR]        Total        79( 0.01%)   ( 0.01%) 
[NR-eGR] 
[NR-eGR] Overflow after Early Global Route 0.00% H + 0.00% V
[NR-eGR]             Length (um)    Vias 
[NR-eGR] --------------------------------
[NR-eGR]  M1  (1V)             0  108439 
[NR-eGR]  M2  (2H)         69593  213994 
[NR-eGR]  C1  (3V)        126691   54796 
[NR-eGR]  C2  (4H)         99381   18005 
[NR-eGR]  C3  (5V)         82882    7269 
[NR-eGR]  C4  (6H)         50973    1720 
[NR-eGR]  BA  (7V)         18936     896 
[NR-eGR]  BB  (8H)          9623      28 
[NR-eGR]  JA  (9V)             3       0 
[NR-eGR]  JB  (10H)            0       0 
[NR-eGR]  LB  (11V)            0       0 
[NR-eGR] --------------------------------
[NR-eGR]      Total       458083  405147 
[NR-eGR] --------------------------------------------------------------------------
[NR-eGR] Total half perimeter of net bounding box: 360928um
[NR-eGR] Total length: 458083um, number of vias: 405147
[NR-eGR] --------------------------------------------------------------------------
[NR-eGR] Total eGR-routed clock nets wire length: 10613um, number of vias: 10245
[NR-eGR] --------------------------------------------------------------------------
[NR-eGR] Report for selected net(s) only.
[NR-eGR]             Length (um)   Vias 
[NR-eGR] -------------------------------
[NR-eGR]  M1  (1V)             0    350 
[NR-eGR]  M2  (2H)           641   5541 
[NR-eGR]  C1  (3V)          5213   4181 
[NR-eGR]  C2  (4H)          4503    173 
[NR-eGR]  C3  (5V)           255      0 
[NR-eGR]  C4  (6H)             0      0 
[NR-eGR]  BA  (7V)             0      0 
[NR-eGR]  BB  (8H)             0      0 
[NR-eGR]  JA  (9V)             0      0 
[NR-eGR]  JB  (10H)            0      0 
[NR-eGR]  LB  (11V)            0      0 
[NR-eGR] -------------------------------
[NR-eGR]      Total        10613  10245 
[NR-eGR] --------------------------------------------------------------------------
[NR-eGR] Total half perimeter of net bounding box: 3337um
[NR-eGR] Total length: 10613um, number of vias: 10245
[NR-eGR] --------------------------------------------------------------------------
[NR-eGR] Total routed clock nets wire length: 10613um, number of vias: 10245
[NR-eGR] --------------------------------------------------------------------------
[NR-eGR] Finished Early Global Route kernel ( CPU: 1.55 sec, Real: 1.06 sec, Curr Mem: 47348.85 MB )
      Early Global Route - eGR only step done. (took cpu=0:00:01.7 real=0:00:01.2)
      flow.cputime  flow.realtime  timing.setup.tns  timing.setup.wns  snapshot
UM:*                                                                   Early Global Route - eGR only step
    Routing using eGR only done.
Net route status summary:
  Clock:        55 (unrouted=0, trialRouted=0, noStatus=0, routed=55, fixed=0, [crossesIlmBoundary=0, tooFewTerms=0, (crossesIlmBoundary AND tooFewTerms=0)])
  Non-clock: 57016 (unrouted=19733, trialRouted=37283, noStatus=0, routed=0, fixed=0, [crossesIlmBoundary=0, tooFewTerms=19733, (crossesIlmBoundary AND tooFewTerms=0)])

CCOPT: Done with clock implementation routing.

  Clock implementation routing done.
  CCOpt: Starting congestion repair using flow wrapper...
    Congestion Repair...
*** IncrReplace #1 [begin] (CTS #1 / ccopt_design #1) : totSession cpu/real = 0:26:53.2/0:06:48.9 (3.9), mem = 47348.8M
Info: Disable timing driven in postCTS congRepair.

Starting congRepair ...
[NR-eGR] Track table information for default rule: 
[NR-eGR] M1 has single uniform track structure
[NR-eGR] M2 has single uniform track structure
[NR-eGR] C1 has single uniform track structure
[NR-eGR] C2 has single uniform track structure
[NR-eGR] C3 has single uniform track structure
[NR-eGR] C4 has single uniform track structure
[NR-eGR] BA has single uniform track structure
[NR-eGR] BB has single uniform track structure
[NR-eGR] JA has single uniform track structure
[NR-eGR] JB has single uniform track structure
[NR-eGR] LB has single uniform track structure
[NR-eGR] Read 21 PG shapes
[NR-eGR] Read 0 clock shapes
[NR-eGR] Read 0 other shapes
[NR-eGR] #Routing Blockages  : 31
[NR-eGR] #Instance Blockages : 98756
[NR-eGR] #PG Blockages       : 21
[NR-eGR] #Halo Blockages     : 0
[NR-eGR] #Boundary Blockages : 0
[NR-eGR] #Clock Blockages    : 0
[NR-eGR] #Other Blockages    : 0
[NR-eGR] Num Prerouted Nets = 55  Num Prerouted Wires = 17688
[NR-eGR] Read 37338 nets ( ignored 55 )
[NR-eGR] ============ Routing rule table ============
[NR-eGR] Rule id: 1  Nets: 37283
[NR-eGR] ========================================
[NR-eGR] 
[NR-eGR] Layer group 1: route 37283 net(s) in layer range [2, 11]
[NR-eGR] Early Global Route overflow of layer group 1: 0.48% H + 0.23% V. EstWL: 4.343098e+05um
[NR-eGR] Congestion Analysis By layer: (blocked Gcells are excluded) 
[NR-eGR]                        OverCon           OverCon           OverCon            
[NR-eGR]                         #Gcell            #Gcell            #Gcell     %Gcell
[NR-eGR]        Layer             (1-4)             (5-8)            (9-12)    OverCon
[NR-eGR] --------------------------------------------------------------------------------
[NR-eGR]      M1 ( 1)         0( 0.00%)         0( 0.00%)         0( 0.00%)   ( 0.00%) 
[NR-eGR]      M2 ( 2)       900( 0.92%)         0( 0.00%)         0( 0.00%)   ( 0.92%) 
[NR-eGR]      C1 ( 3)       231( 0.24%)         0( 0.00%)         0( 0.00%)   ( 0.24%) 
[NR-eGR]      C2 ( 4)        79( 0.08%)         2( 0.00%)         0( 0.00%)   ( 0.08%) 
[NR-eGR]      C3 ( 5)        30( 0.03%)         1( 0.00%)         0( 0.00%)   ( 0.03%) 
[NR-eGR]      C4 ( 6)        82( 0.08%)        12( 0.01%)         3( 0.00%)   ( 0.10%) 
[NR-eGR]      BA ( 7)        18( 0.02%)         0( 0.00%)         0( 0.00%)   ( 0.02%) 
[NR-eGR]      BB ( 8)        14( 0.01%)        16( 0.02%)         0( 0.00%)   ( 0.03%) 
[NR-eGR]      JA ( 9)         0( 0.00%)         0( 0.00%)         0( 0.00%)   ( 0.00%) 
[NR-eGR]      JB (10)         0( 0.00%)         0( 0.00%)         0( 0.00%)   ( 0.00%) 
[NR-eGR]      LB (11)         0( 0.00%)         0( 0.00%)         0( 0.00%)   ( 0.00%) 
[NR-eGR] --------------------------------------------------------------------------------
[NR-eGR]        Total      1354( 0.18%)        31( 0.00%)         3( 0.00%)   ( 0.18%) 
[NR-eGR] 
[NR-eGR] Overflow after Early Global Route 0.07% H + 0.02% V
Early Global Route congestion estimation runtime: 1.93 seconds, mem = 47383.5M
Local HotSpot Analysis: normalized max congestion hotspot area = 9.70, normalized total congestion hotspot area = 14.95 (area is in unit of 4 std-cell row bins)
Skipped repairing congestion.
[NR-eGR]             Length (um)    Vias 
[NR-eGR] --------------------------------
[NR-eGR]  M1  (1V)             0  108439 
[NR-eGR]  M2  (2H)         69011  212408 
[NR-eGR]  C1  (3V)        118092   56295 
[NR-eGR]  C2  (4H)         93057   22038 
[NR-eGR]  C3  (5V)         88429    8801 
[NR-eGR]  C4  (6H)         56514    1988 
[NR-eGR]  BA  (7V)         22149    1087 
[NR-eGR]  BB  (8H)         11044      30 
[NR-eGR]  JA  (9V)             2       0 
[NR-eGR]  JB  (10H)            0       0 
[NR-eGR]  LB  (11V)            0       0 
[NR-eGR] --------------------------------
[NR-eGR]      Total       458298  411086 
[NR-eGR] --------------------------------------------------------------------------
[NR-eGR] Total half perimeter of net bounding box: 360928um
[NR-eGR] Total length: 458298um, number of vias: 411086
[NR-eGR] --------------------------------------------------------------------------
[NR-eGR] Total eGR-routed clock nets wire length: 0um, number of vias: 0
[NR-eGR] --------------------------------------------------------------------------
Early Global Route wiring runtime: 0.49 seconds, mem = 47398.0M
Tdgp not successfully inited but do clear! skip clearing
End of congRepair (cpu=0:00:08.6, real=0:00:03.0)
*** IncrReplace #1 [finish] (CTS #1 / ccopt_design #1) : cpu/real = 0:00:08.6/0:00:02.5 (3.4), totSession cpu/real = 0:27:01.8/0:06:51.4 (3.9), mem = 47398.0M
    Congestion Repair done. (took cpu=0:00:08.6 real=0:00:02.5)
      flow.cputime  flow.realtime  timing.setup.tns  timing.setup.wns  snapshot
UM:*                                                                   Congestion Repair
  CCOpt: Starting congestion repair using flow wrapper done.

**Info: (IMPSP-2062): Some of the PG shapes may not be colorized properly in this design, users are required to run command colorizePowerMesh before any placement related commands!
  Leaving CCOpt scope - Early Global Route done. (took cpu=0:00:11.4 real=0:00:04.7)
  Leaving CCOpt scope - extractRC...
  Updating RC parasitics by calling: "extract_rc -noRouteCheck"...
Extraction called for design 'Silago_bot_right_corner' of instances=35419 and nets=57071 using extraction engine 'pre_route' .
**WARN: (IMPEXT-3530):	The process node is not set. Use the command set_design_mode -process <process node> prior to extraction for maximum accuracy and optimal automatic threshold setting.
Type 'man IMPEXT-3530' for more detail.
pre_route RC Extraction called for design Silago_bot_right_corner.
RC Extraction called in multi-corner(3) mode.
RCMode: PreRoute
      RC Corner Indexes            0       1       2   
Capacitance Scaling Factor   : 1.00000 1.00000 1.00000 
Resistance Scaling Factor    : 1.00000 1.00000 1.00000 
Clock Cap. Scaling Factor    : 1.00000 1.00000 1.00000 
Clock Res. Scaling Factor    : 1.00000 1.00000 1.00000 
Shrink Factor                : 1.00000
PreRoute extraction is honoring NDR/Shielding/ExtraSpace for clock nets.
Using Quantus QRC technology file ...
Updating RC grid for preRoute extraction ...
Initializing multi-corner resistance tables ...
PreRoute RC Extraction DONE (CPU Time: 0:00:00.9  Real Time: 0:00:01.0  MEM: 47397.957M)
  Updating RC parasitics by calling: "extract_rc -noRouteCheck" done.
  Leaving CCOpt scope - extractRC done. (took cpu=0:00:00.9 real=0:00:00.8)
  Clock tree timing engine global stage delay update for WC_dc:setup.late...
  Clock tree timing engine global stage delay update for WC_dc:setup.late done. (took cpu=0:00:00.3 real=0:00:00.1)
  Clock DAG stats after clustering cong repair call:
    cell counts      : b=54, i=0, icg=0, dcg=0, l=0, total=54
    sink counts      : regular=4770, enable_latch=0, load_capacitance=0, antenna=0, node_sink=0, total=4770
    misc counts      : r=1, pp=0
    cell areas       : b=131.389um^2, i=0.000um^2, icg=0.000um^2, dcg=0.000um^2, l=0.000um^2, total=131.389um^2
    cell capacitance : b=279.295fF, i=0.000fF, icg=0.000fF, dcg=0.000fF, l=0.000fF, total=279.295fF
    sink capacitance : total=3503.304fF, avg=0.734fF, sd=0.034fF, min=0.679fF, max=0.757fF
    wire capacitance : top=0.000fF, trunk=153.958fF, leaf=1297.423fF, total=1451.381fF
    wire lengths     : top=0.000um, trunk=1215.844um, leaf=9415.548um, total=10631.392um
    hp wire lengths  : top=0.000um, trunk=782.640um, leaf=2531.990um, total=3314.630um
  Clock DAG net violations after clustering cong repair call: none
  Clock DAG primary half-corner transition distribution after clustering cong repair call:
    Trunk : target=87.8ps count=7 avg=51.9ps sd=24.3ps min=18.5ps max=78.4ps {3 <= 52.7ps, 2 <= 70.2ps, 2 <= 79.0ps, 0 <= 83.4ps, 0 <= 87.8ps}
    Leaf  : target=87.8ps count=48 avg=47.3ps sd=4.7ps min=40.6ps max=63.2ps {41 <= 52.7ps, 7 <= 70.2ps, 0 <= 79.0ps, 0 <= 83.4ps, 0 <= 87.8ps}
  Clock DAG library cell distribution after clustering cong repair call {count}:
     Bufs: SC8T_BUFX24_CSC28L: 50 SC8T_BUFX20_CSC28L: 4 
  Primary reporting skew groups after clustering cong repair call:
    skew_group clk/functional: insertion delay [min=196.4, max=251.5, avg=227.3, sd=12.4], skew [55.1 vs 53.8*], 99.7% {197.7, 251.5} (wid=66.7 ws=43.6) (gid=188.2 gs=17.2)
  Skew group summary after clustering cong repair call:
    skew_group clk/functional: insertion delay [min=196.4, max=251.5, avg=227.3, sd=12.4], skew [55.1 vs 53.8*], 99.7% {197.7, 251.5} (wid=66.7 ws=43.6) (gid=188.2 gs=17.2)
  CongRepair After Initial Clustering done. (took cpu=0:00:12.9 real=0:00:05.9)
      flow.cputime  flow.realtime  timing.setup.tns  timing.setup.wns  snapshot
UM:*                                                                   CongRepair After Initial Clustering
  Stage::Clustering done. (took cpu=0:00:26.0 real=0:00:12.2)
      flow.cputime  flow.realtime  timing.setup.tns  timing.setup.wns  snapshot
UM:*                                                                   Stage::Clustering
  Stage::DRV Fixing...
  Fixing clock tree slew time and max cap violations...
    Fixing clock tree overload: ...20% ...40% ...60% ...80% ...100% 
    Clock DAG stats after 'Fixing clock tree slew time and max cap violations':
      cell counts      : b=54, i=0, icg=0, dcg=0, l=0, total=54
      sink counts      : regular=4770, enable_latch=0, load_capacitance=0, antenna=0, node_sink=0, total=4770
      misc counts      : r=1, pp=0
      cell areas       : b=131.389um^2, i=0.000um^2, icg=0.000um^2, dcg=0.000um^2, l=0.000um^2, total=131.389um^2
      cell capacitance : b=279.295fF, i=0.000fF, icg=0.000fF, dcg=0.000fF, l=0.000fF, total=279.295fF
      sink capacitance : total=3503.304fF, avg=0.734fF, sd=0.034fF, min=0.679fF, max=0.757fF
      wire capacitance : top=0.000fF, trunk=153.958fF, leaf=1297.423fF, total=1451.381fF
      wire lengths     : top=0.000um, trunk=1215.844um, leaf=9415.548um, total=10631.392um
      hp wire lengths  : top=0.000um, trunk=782.640um, leaf=2531.990um, total=3314.630um
    Clock DAG net violations after 'Fixing clock tree slew time and max cap violations': none
    Clock DAG primary half-corner transition distribution after 'Fixing clock tree slew time and max cap violations':
      Trunk : target=87.8ps count=7 avg=51.9ps sd=24.3ps min=18.5ps max=78.4ps {3 <= 52.7ps, 2 <= 70.2ps, 2 <= 79.0ps, 0 <= 83.4ps, 0 <= 87.8ps}
      Leaf  : target=87.8ps count=48 avg=47.3ps sd=4.7ps min=40.6ps max=63.2ps {41 <= 52.7ps, 7 <= 70.2ps, 0 <= 79.0ps, 0 <= 83.4ps, 0 <= 87.8ps}
    Clock DAG library cell distribution after 'Fixing clock tree slew time and max cap violations' {count}:
       Bufs: SC8T_BUFX24_CSC28L: 50 SC8T_BUFX20_CSC28L: 4 
    Primary reporting skew groups after 'Fixing clock tree slew time and max cap violations':
      skew_group clk/functional: insertion delay [min=196.4, max=251.5], skew [55.1 vs 53.8*]
    Skew group summary after 'Fixing clock tree slew time and max cap violations':
      skew_group clk/functional: insertion delay [min=196.4, max=251.5], skew [55.1 vs 53.8*]
    Legalizer API calls during this step: 0 succeeded with high effort: 0 succeeded with medium effort: 0 succeeded with low effort: 0 succeeded with basic effort: 0 succeeded with basic unbounded effort: 0
  Fixing clock tree slew time and max cap violations done. (took cpu=0:00:00.1 real=0:00:00.1)
      flow.cputime  flow.realtime  timing.setup.tns  timing.setup.wns  snapshot
UM:*                                                                   Fixing clock tree slew time and max cap violations
  Fixing clock tree slew time and max cap violations - detailed pass...
    Fixing clock tree overload: ...20% ...40% ...60% ...80% ...100% 
    Clock DAG stats after 'Fixing clock tree slew time and max cap violations - detailed pass':
      cell counts      : b=54, i=0, icg=0, dcg=0, l=0, total=54
      sink counts      : regular=4770, enable_latch=0, load_capacitance=0, antenna=0, node_sink=0, total=4770
      misc counts      : r=1, pp=0
      cell areas       : b=131.389um^2, i=0.000um^2, icg=0.000um^2, dcg=0.000um^2, l=0.000um^2, total=131.389um^2
      cell capacitance : b=279.295fF, i=0.000fF, icg=0.000fF, dcg=0.000fF, l=0.000fF, total=279.295fF
      sink capacitance : total=3503.304fF, avg=0.734fF, sd=0.034fF, min=0.679fF, max=0.757fF
      wire capacitance : top=0.000fF, trunk=153.958fF, leaf=1297.423fF, total=1451.381fF
      wire lengths     : top=0.000um, trunk=1215.844um, leaf=9415.548um, total=10631.392um
      hp wire lengths  : top=0.000um, trunk=782.640um, leaf=2531.990um, total=3314.630um
    Clock DAG net violations after 'Fixing clock tree slew time and max cap violations - detailed pass': none
    Clock DAG primary half-corner transition distribution after 'Fixing clock tree slew time and max cap violations - detailed pass':
      Trunk : target=87.8ps count=7 avg=51.9ps sd=24.3ps min=18.5ps max=78.4ps {3 <= 52.7ps, 2 <= 70.2ps, 2 <= 79.0ps, 0 <= 83.4ps, 0 <= 87.8ps}
      Leaf  : target=87.8ps count=48 avg=47.3ps sd=4.7ps min=40.6ps max=63.2ps {41 <= 52.7ps, 7 <= 70.2ps, 0 <= 79.0ps, 0 <= 83.4ps, 0 <= 87.8ps}
    Clock DAG library cell distribution after 'Fixing clock tree slew time and max cap violations - detailed pass' {count}:
       Bufs: SC8T_BUFX24_CSC28L: 50 SC8T_BUFX20_CSC28L: 4 
    Primary reporting skew groups after 'Fixing clock tree slew time and max cap violations - detailed pass':
      skew_group clk/functional: insertion delay [min=196.4, max=251.5, avg=227.3, sd=12.4], skew [55.1 vs 53.8*], 99.7% {197.7, 251.5} (wid=66.7 ws=43.6) (gid=188.2 gs=17.2)
    Skew group summary after 'Fixing clock tree slew time and max cap violations - detailed pass':
      skew_group clk/functional: insertion delay [min=196.4, max=251.5, avg=227.3, sd=12.4], skew [55.1 vs 53.8*], 99.7% {197.7, 251.5} (wid=66.7 ws=43.6) (gid=188.2 gs=17.2)
    Legalizer API calls during this step: 0 succeeded with high effort: 0 succeeded with medium effort: 0 succeeded with low effort: 0 succeeded with basic effort: 0 succeeded with basic unbounded effort: 0
  Fixing clock tree slew time and max cap violations - detailed pass done. (took cpu=0:00:00.1 real=0:00:00.1)
      flow.cputime  flow.realtime  timing.setup.tns  timing.setup.wns  snapshot
UM:*                                                                   Fixing clock tree slew time and max cap violations - detailed pass
  Stage::DRV Fixing done. (took cpu=0:00:00.7 real=0:00:00.7)
      flow.cputime  flow.realtime  timing.setup.tns  timing.setup.wns  snapshot
UM:*                                                                   Stage::DRV Fixing
  Stage::Insertion Delay Reduction...
  Removing unnecessary root buffering...
    Clock DAG stats after 'Removing unnecessary root buffering':
      cell counts      : b=54, i=0, icg=0, dcg=0, l=0, total=54
      sink counts      : regular=4770, enable_latch=0, load_capacitance=0, antenna=0, node_sink=0, total=4770
      misc counts      : r=1, pp=0
      cell areas       : b=131.389um^2, i=0.000um^2, icg=0.000um^2, dcg=0.000um^2, l=0.000um^2, total=131.389um^2
      cell capacitance : b=279.295fF, i=0.000fF, icg=0.000fF, dcg=0.000fF, l=0.000fF, total=279.295fF
      sink capacitance : total=3503.304fF, avg=0.734fF, sd=0.034fF, min=0.679fF, max=0.757fF
      wire capacitance : top=0.000fF, trunk=153.958fF, leaf=1297.423fF, total=1451.381fF
      wire lengths     : top=0.000um, trunk=1215.844um, leaf=9415.548um, total=10631.392um
      hp wire lengths  : top=0.000um, trunk=782.640um, leaf=2531.990um, total=3314.630um
    Clock DAG net violations after 'Removing unnecessary root buffering': none
    Clock DAG primary half-corner transition distribution after 'Removing unnecessary root buffering':
      Trunk : target=87.8ps count=7 avg=51.9ps sd=24.3ps min=18.5ps max=78.4ps {3 <= 52.7ps, 2 <= 70.2ps, 2 <= 79.0ps, 0 <= 83.4ps, 0 <= 87.8ps}
      Leaf  : target=87.8ps count=48 avg=47.3ps sd=4.7ps min=40.6ps max=63.2ps {41 <= 52.7ps, 7 <= 70.2ps, 0 <= 79.0ps, 0 <= 83.4ps, 0 <= 87.8ps}
    Clock DAG library cell distribution after 'Removing unnecessary root buffering' {count}:
       Bufs: SC8T_BUFX24_CSC28L: 50 SC8T_BUFX20_CSC28L: 4 
    Primary reporting skew groups after 'Removing unnecessary root buffering':
      skew_group clk/functional: insertion delay [min=196.4, max=251.5], skew [55.1 vs 53.8*]
    Skew group summary after 'Removing unnecessary root buffering':
      skew_group clk/functional: insertion delay [min=196.4, max=251.5], skew [55.1 vs 53.8*]
    Legalizer API calls during this step: 6 succeeded with high effort: 6 succeeded with medium effort: 0 succeeded with low effort: 0 succeeded with basic effort: 0 succeeded with basic unbounded effort: 0
  Removing unnecessary root buffering done. (took cpu=0:00:00.2 real=0:00:00.2)
      flow.cputime  flow.realtime  timing.setup.tns  timing.setup.wns  snapshot
UM:*                                                                   Removing unnecessary root buffering
  Removing unconstrained drivers...
    Clock DAG stats after 'Removing unconstrained drivers':
      cell counts      : b=54, i=0, icg=0, dcg=0, l=0, total=54
      sink counts      : regular=4770, enable_latch=0, load_capacitance=0, antenna=0, node_sink=0, total=4770
      misc counts      : r=1, pp=0
      cell areas       : b=131.389um^2, i=0.000um^2, icg=0.000um^2, dcg=0.000um^2, l=0.000um^2, total=131.389um^2
      cell capacitance : b=279.295fF, i=0.000fF, icg=0.000fF, dcg=0.000fF, l=0.000fF, total=279.295fF
      sink capacitance : total=3503.304fF, avg=0.734fF, sd=0.034fF, min=0.679fF, max=0.757fF
      wire capacitance : top=0.000fF, trunk=153.958fF, leaf=1297.423fF, total=1451.381fF
      wire lengths     : top=0.000um, trunk=1215.844um, leaf=9415.548um, total=10631.392um
      hp wire lengths  : top=0.000um, trunk=782.640um, leaf=2531.990um, total=3314.630um
    Clock DAG net violations after 'Removing unconstrained drivers': none
    Clock DAG primary half-corner transition distribution after 'Removing unconstrained drivers':
      Trunk : target=87.8ps count=7 avg=51.9ps sd=24.3ps min=18.5ps max=78.4ps {3 <= 52.7ps, 2 <= 70.2ps, 2 <= 79.0ps, 0 <= 83.4ps, 0 <= 87.8ps}
      Leaf  : target=87.8ps count=48 avg=47.3ps sd=4.7ps min=40.6ps max=63.2ps {41 <= 52.7ps, 7 <= 70.2ps, 0 <= 79.0ps, 0 <= 83.4ps, 0 <= 87.8ps}
    Clock DAG library cell distribution after 'Removing unconstrained drivers' {count}:
       Bufs: SC8T_BUFX24_CSC28L: 50 SC8T_BUFX20_CSC28L: 4 
    Primary reporting skew groups after 'Removing unconstrained drivers':
      skew_group clk/functional: insertion delay [min=196.4, max=251.5], skew [55.1 vs 53.8*]
    Skew group summary after 'Removing unconstrained drivers':
      skew_group clk/functional: insertion delay [min=196.4, max=251.5], skew [55.1 vs 53.8*]
    Legalizer API calls during this step: 0 succeeded with high effort: 0 succeeded with medium effort: 0 succeeded with low effort: 0 succeeded with basic effort: 0 succeeded with basic unbounded effort: 0
  Removing unconstrained drivers done. (took cpu=0:00:00.1 real=0:00:00.1)
      flow.cputime  flow.realtime  timing.setup.tns  timing.setup.wns  snapshot
UM:*                                                                   Removing unconstrained drivers
  Reducing insertion delay 1...
    Clock DAG stats after 'Reducing insertion delay 1':
      cell counts      : b=54, i=0, icg=0, dcg=0, l=0, total=54
      sink counts      : regular=4770, enable_latch=0, load_capacitance=0, antenna=0, node_sink=0, total=4770
      misc counts      : r=1, pp=0
      cell areas       : b=131.389um^2, i=0.000um^2, icg=0.000um^2, dcg=0.000um^2, l=0.000um^2, total=131.389um^2
      cell capacitance : b=279.295fF, i=0.000fF, icg=0.000fF, dcg=0.000fF, l=0.000fF, total=279.295fF
      sink capacitance : total=3503.304fF, avg=0.734fF, sd=0.034fF, min=0.679fF, max=0.757fF
      wire capacitance : top=0.000fF, trunk=153.958fF, leaf=1297.423fF, total=1451.381fF
      wire lengths     : top=0.000um, trunk=1215.844um, leaf=9415.548um, total=10631.392um
      hp wire lengths  : top=0.000um, trunk=782.640um, leaf=2531.990um, total=3314.630um
    Clock DAG net violations after 'Reducing insertion delay 1': none
    Clock DAG primary half-corner transition distribution after 'Reducing insertion delay 1':
      Trunk : target=87.8ps count=7 avg=51.9ps sd=24.3ps min=18.5ps max=78.4ps {3 <= 52.7ps, 2 <= 70.2ps, 2 <= 79.0ps, 0 <= 83.4ps, 0 <= 87.8ps}
      Leaf  : target=87.8ps count=48 avg=47.3ps sd=4.7ps min=40.6ps max=63.2ps {41 <= 52.7ps, 7 <= 70.2ps, 0 <= 79.0ps, 0 <= 83.4ps, 0 <= 87.8ps}
    Clock DAG library cell distribution after 'Reducing insertion delay 1' {count}:
       Bufs: SC8T_BUFX24_CSC28L: 50 SC8T_BUFX20_CSC28L: 4 
    Primary reporting skew groups after 'Reducing insertion delay 1':
      skew_group clk/functional: insertion delay [min=196.4, max=251.5], skew [55.1 vs 53.8*]
    Skew group summary after 'Reducing insertion delay 1':
      skew_group clk/functional: insertion delay [min=196.4, max=251.5], skew [55.1 vs 53.8*]
    Legalizer API calls during this step: 13 succeeded with high effort: 13 succeeded with medium effort: 0 succeeded with low effort: 0 succeeded with basic effort: 0 succeeded with basic unbounded effort: 0
  Reducing insertion delay 1 done. (took cpu=0:00:00.1 real=0:00:00.1)
      flow.cputime  flow.realtime  timing.setup.tns  timing.setup.wns  snapshot
UM:*                                                                   Reducing insertion delay 1
  Removing longest path buffering...
    Clock DAG stats after 'Removing longest path buffering':
      cell counts      : b=54, i=0, icg=0, dcg=0, l=0, total=54
      sink counts      : regular=4770, enable_latch=0, load_capacitance=0, antenna=0, node_sink=0, total=4770
      misc counts      : r=1, pp=0
      cell areas       : b=131.389um^2, i=0.000um^2, icg=0.000um^2, dcg=0.000um^2, l=0.000um^2, total=131.389um^2
      cell capacitance : b=279.295fF, i=0.000fF, icg=0.000fF, dcg=0.000fF, l=0.000fF, total=279.295fF
      sink capacitance : total=3503.304fF, avg=0.734fF, sd=0.034fF, min=0.679fF, max=0.757fF
      wire capacitance : top=0.000fF, trunk=153.958fF, leaf=1297.423fF, total=1451.381fF
      wire lengths     : top=0.000um, trunk=1215.844um, leaf=9415.548um, total=10631.392um
      hp wire lengths  : top=0.000um, trunk=782.640um, leaf=2531.990um, total=3314.630um
    Clock DAG net violations after 'Removing longest path buffering': none
    Clock DAG primary half-corner transition distribution after 'Removing longest path buffering':
      Trunk : target=87.8ps count=7 avg=51.9ps sd=24.3ps min=18.5ps max=78.4ps {3 <= 52.7ps, 2 <= 70.2ps, 2 <= 79.0ps, 0 <= 83.4ps, 0 <= 87.8ps}
      Leaf  : target=87.8ps count=48 avg=47.3ps sd=4.7ps min=40.6ps max=63.2ps {41 <= 52.7ps, 7 <= 70.2ps, 0 <= 79.0ps, 0 <= 83.4ps, 0 <= 87.8ps}
    Clock DAG library cell distribution after 'Removing longest path buffering' {count}:
       Bufs: SC8T_BUFX24_CSC28L: 50 SC8T_BUFX20_CSC28L: 4 
    Primary reporting skew groups after 'Removing longest path buffering':
      skew_group clk/functional: insertion delay [min=196.4, max=251.5], skew [55.1 vs 53.8*]
    Skew group summary after 'Removing longest path buffering':
      skew_group clk/functional: insertion delay [min=196.4, max=251.5], skew [55.1 vs 53.8*]
    Legalizer API calls during this step: 30 succeeded with high effort: 30 succeeded with medium effort: 0 succeeded with low effort: 0 succeeded with basic effort: 0 succeeded with basic unbounded effort: 0
  Removing longest path buffering done. (took cpu=0:00:01.1 real=0:00:01.1)
      flow.cputime  flow.realtime  timing.setup.tns  timing.setup.wns  snapshot
UM:*                                                                   Removing longest path buffering
  Reducing insertion delay 2...
    Clock DAG stats after 'Reducing insertion delay 2':
      cell counts      : b=54, i=0, icg=0, dcg=0, l=0, total=54
      sink counts      : regular=4770, enable_latch=0, load_capacitance=0, antenna=0, node_sink=0, total=4770
      misc counts      : r=1, pp=0
      cell areas       : b=131.789um^2, i=0.000um^2, icg=0.000um^2, dcg=0.000um^2, l=0.000um^2, total=131.789um^2
      cell capacitance : b=280.154fF, i=0.000fF, icg=0.000fF, dcg=0.000fF, l=0.000fF, total=280.154fF
      sink capacitance : total=3503.304fF, avg=0.734fF, sd=0.034fF, min=0.679fF, max=0.757fF
      wire capacitance : top=0.000fF, trunk=150.992fF, leaf=1301.962fF, total=1452.954fF
      wire lengths     : top=0.000um, trunk=1192.683um, leaf=9454.246um, total=10646.929um
      hp wire lengths  : top=0.000um, trunk=780.720um, leaf=2573.874um, total=3354.594um
    Clock DAG net violations after 'Reducing insertion delay 2': none
    Clock DAG primary half-corner transition distribution after 'Reducing insertion delay 2':
      Trunk : target=87.8ps count=7 avg=49.5ps sd=21.6ps min=18.4ps max=71.0ps {3 <= 52.7ps, 3 <= 70.2ps, 1 <= 79.0ps, 0 <= 83.4ps, 0 <= 87.8ps}
      Leaf  : target=87.8ps count=48 avg=47.4ps sd=5.0ps min=40.6ps max=63.2ps {40 <= 52.7ps, 8 <= 70.2ps, 0 <= 79.0ps, 0 <= 83.4ps, 0 <= 87.8ps}
    Clock DAG library cell distribution after 'Reducing insertion delay 2' {count}:
       Bufs: SC8T_BUFX24_CSC28L: 51 SC8T_BUFX20_CSC28L: 3 
    Primary reporting skew groups after 'Reducing insertion delay 2':
      skew_group clk/functional: insertion delay [min=193.0, max=238.2, avg=222.6, sd=9.6], skew [45.2 vs 53.8], 100% {193.0, 238.2} (wid=66.3 ws=43.6) (gid=183.1 gs=15.1)
    Skew group summary after 'Reducing insertion delay 2':
      skew_group clk/functional: insertion delay [min=193.0, max=238.2, avg=222.6, sd=9.6], skew [45.2 vs 53.8], 100% {193.0, 238.2} (wid=66.3 ws=43.6) (gid=183.1 gs=15.1)
    Legalizer API calls during this step: 420 succeeded with high effort: 420 succeeded with medium effort: 0 succeeded with low effort: 0 succeeded with basic effort: 0 succeeded with basic unbounded effort: 0
  Reducing insertion delay 2 done. (took cpu=0:00:08.2 real=0:00:08.1)
      flow.cputime  flow.realtime  timing.setup.tns  timing.setup.wns  snapshot
UM:*                                                                   Reducing insertion delay 2
  Stage::Insertion Delay Reduction done. (took cpu=0:00:10.8 real=0:00:10.6)
      flow.cputime  flow.realtime  timing.setup.tns  timing.setup.wns  snapshot
UM:*                                                                   Stage::Insertion Delay Reduction
  CCOpt::Phase::Construction done. (took cpu=0:00:38.1 real=0:00:24.2)
      flow.cputime  flow.realtime  timing.setup.tns  timing.setup.wns  snapshot
UM:*                                                                   CCOpt::Phase::Construction
  CCOpt::Phase::Implementation...
  Stage::Reducing Power...
  Improving clock tree routing...
    Iteration 1...
    Iteration 1 done.
    Clock DAG stats after 'Improving clock tree routing':
      cell counts      : b=54, i=0, icg=0, dcg=0, l=0, total=54
      sink counts      : regular=4770, enable_latch=0, load_capacitance=0, antenna=0, node_sink=0, total=4770
      misc counts      : r=1, pp=0
      cell areas       : b=131.789um^2, i=0.000um^2, icg=0.000um^2, dcg=0.000um^2, l=0.000um^2, total=131.789um^2
      cell capacitance : b=280.154fF, i=0.000fF, icg=0.000fF, dcg=0.000fF, l=0.000fF, total=280.154fF
      sink capacitance : total=3503.304fF, avg=0.734fF, sd=0.034fF, min=0.679fF, max=0.757fF
      wire capacitance : top=0.000fF, trunk=150.992fF, leaf=1301.962fF, total=1452.954fF
      wire lengths     : top=0.000um, trunk=1192.683um, leaf=9454.246um, total=10646.929um
      hp wire lengths  : top=0.000um, trunk=780.720um, leaf=2573.874um, total=3354.594um
    Clock DAG net violations after 'Improving clock tree routing': none
    Clock DAG primary half-corner transition distribution after 'Improving clock tree routing':
      Trunk : target=87.8ps count=7 avg=49.5ps sd=21.6ps min=18.4ps max=71.0ps {3 <= 52.7ps, 3 <= 70.2ps, 1 <= 79.0ps, 0 <= 83.4ps, 0 <= 87.8ps}
      Leaf  : target=87.8ps count=48 avg=47.4ps sd=5.0ps min=40.6ps max=63.2ps {40 <= 52.7ps, 8 <= 70.2ps, 0 <= 79.0ps, 0 <= 83.4ps, 0 <= 87.8ps}
    Clock DAG library cell distribution after 'Improving clock tree routing' {count}:
       Bufs: SC8T_BUFX24_CSC28L: 51 SC8T_BUFX20_CSC28L: 3 
    Primary reporting skew groups after 'Improving clock tree routing':
      skew_group clk/functional: insertion delay [min=193.0, max=238.2], skew [45.2 vs 53.8]
    Skew group summary after 'Improving clock tree routing':
      skew_group clk/functional: insertion delay [min=193.0, max=238.2], skew [45.2 vs 53.8]
    Legalizer API calls during this step: 19 succeeded with high effort: 19 succeeded with medium effort: 0 succeeded with low effort: 0 succeeded with basic effort: 0 succeeded with basic unbounded effort: 0
  Improving clock tree routing done. (took cpu=0:00:00.2 real=0:00:00.2)
      flow.cputime  flow.realtime  timing.setup.tns  timing.setup.wns  snapshot
UM:*                                                                   Improving clock tree routing
  Reducing clock tree power 1...
    Resizing gates:     ...20% ...40% ...60% ...80% ..Legalizing clock trees...
    Legalizing clock trees done. (took cpu=0:00:00.0 real=0:00:00.0)
      flow.cputime  flow.realtime  timing.setup.tns  timing.setup.wns  snapshot
UM:*                                                                   Legalizing clock trees
    .100% 
    Clock DAG stats after reducing clock tree power 1 iteration 1:
      cell counts      : b=54, i=0, icg=0, dcg=0, l=0, total=54
      sink counts      : regular=4770, enable_latch=0, load_capacitance=0, antenna=0, node_sink=0, total=4770
      misc counts      : r=1, pp=0
      cell areas       : b=88.858um^2, i=0.000um^2, icg=0.000um^2, dcg=0.000um^2, l=0.000um^2, total=88.858um^2
      cell capacitance : b=187.871fF, i=0.000fF, icg=0.000fF, dcg=0.000fF, l=0.000fF, total=187.871fF
      sink capacitance : total=3503.304fF, avg=0.734fF, sd=0.034fF, min=0.679fF, max=0.757fF
      wire capacitance : top=0.000fF, trunk=152.174fF, leaf=1299.914fF, total=1452.088fF
      wire lengths     : top=0.000um, trunk=1198.965um, leaf=9442.024um, total=10640.989um
      hp wire lengths  : top=0.000um, trunk=780.720um, leaf=2573.874um, total=3354.594um
    Clock DAG net violations after reducing clock tree power 1 iteration 1: none
    Clock DAG primary half-corner transition distribution after reducing clock tree power 1 iteration 1:
      Trunk : target=87.8ps count=7 avg=39.5ps sd=15.7ps min=17.0ps max=63.2ps {6 <= 52.7ps, 1 <= 70.2ps, 0 <= 79.0ps, 0 <= 83.4ps, 0 <= 87.8ps}
      Leaf  : target=87.8ps count=48 avg=66.2ps sd=13.2ps min=40.5ps max=87.2ps {8 <= 52.7ps, 18 <= 70.2ps, 12 <= 79.0ps, 8 <= 83.4ps, 2 <= 87.8ps}
    Clock DAG library cell distribution after reducing clock tree power 1 iteration 1 {count}:
       Bufs: SC8T_BUFX24_CSC28L: 8 SC8T_BUFX20_CSC28L: 5 SC8T_BUFX16_CSC28L: 20 SC8T_BUFX12_CSC28L: 16 SC8T_BUFX10_CSC28L: 5 
    Primary reporting skew groups after reducing clock tree power 1 iteration 1:
      skew_group clk/functional: insertion delay [min=195.8, max=245.1], skew [49.3 vs 53.8]
    Skew group summary after reducing clock tree power 1 iteration 1:
      skew_group clk/functional: insertion delay [min=195.8, max=245.1], skew [49.3 vs 53.8]
    Resizing gates:     ..Legalizing clock trees...
    Legalizing clock trees done. (took cpu=0:00:00.0 real=0:00:00.0)
      flow.cputime  flow.realtime  timing.setup.tns  timing.setup.wns  snapshot
UM:*                                                                   Legalizing clock trees
    .20% ...40% ...60% ...80% ...100% 
    Clock DAG stats after reducing clock tree power 1 iteration 2:
      cell counts      : b=54, i=0, icg=0, dcg=0, l=0, total=54
      sink counts      : regular=4770, enable_latch=0, load_capacitance=0, antenna=0, node_sink=0, total=4770
      misc counts      : r=1, pp=0
      cell areas       : b=71.685um^2, i=0.000um^2, icg=0.000um^2, dcg=0.000um^2, l=0.000um^2, total=71.685um^2
      cell capacitance : b=151.075fF, i=0.000fF, icg=0.000fF, dcg=0.000fF, l=0.000fF, total=151.075fF
      sink capacitance : total=3503.304fF, avg=0.734fF, sd=0.034fF, min=0.679fF, max=0.757fF
      wire capacitance : top=0.000fF, trunk=152.178fF, leaf=1299.289fF, total=1451.468fF
      wire lengths     : top=0.000um, trunk=1198.263um, leaf=9438.903um, total=10637.166um
      hp wire lengths  : top=0.000um, trunk=780.720um, leaf=2573.874um, total=3354.594um
    Clock DAG net violations after reducing clock tree power 1 iteration 2: none
    Clock DAG primary half-corner transition distribution after reducing clock tree power 1 iteration 2:
      Trunk : target=87.8ps count=7 avg=36.7ps sd=11.3ps min=17.0ps max=49.7ps {7 <= 52.7ps, 0 <= 70.2ps, 0 <= 79.0ps, 0 <= 83.4ps, 0 <= 87.8ps}
      Leaf  : target=87.8ps count=48 avg=77.9ps sd=7.4ps min=56.2ps max=87.2ps {0 <= 52.7ps, 6 <= 70.2ps, 17 <= 79.0ps, 13 <= 83.4ps, 12 <= 87.8ps}
    Clock DAG library cell distribution after reducing clock tree power 1 iteration 2 {count}:
       Bufs: SC8T_BUFX24_CSC28L: 1 SC8T_BUFX20_CSC28L: 3 SC8T_BUFX16_CSC28L: 6 SC8T_BUFX12_CSC28L: 31 SC8T_BUFX10_CSC28L: 13 
    Primary reporting skew groups after reducing clock tree power 1 iteration 2:
      skew_group clk/functional: insertion delay [min=209.1, max=248.4], skew [39.3 vs 53.8]
    Skew group summary after reducing clock tree power 1 iteration 2:
      skew_group clk/functional: insertion delay [min=209.1, max=248.4], skew [39.3 vs 53.8]
    Resizing gates:     ...20% ...40% ...60% ...80% .Legalizing clock trees...
    Legalizing clock trees done. (took cpu=0:00:00.0 real=0:00:00.0)
      flow.cputime  flow.realtime  timing.setup.tns  timing.setup.wns  snapshot
UM:*                                                                   Legalizing clock trees
    ..100% 
    Clock DAG stats after 'Reducing clock tree power 1':
      cell counts      : b=54, i=0, icg=0, dcg=0, l=0, total=54
      sink counts      : regular=4770, enable_latch=0, load_capacitance=0, antenna=0, node_sink=0, total=4770
      misc counts      : r=1, pp=0
      cell areas       : b=68.890um^2, i=0.000um^2, icg=0.000um^2, dcg=0.000um^2, l=0.000um^2, total=68.890um^2
      cell capacitance : b=145.144fF, i=0.000fF, icg=0.000fF, dcg=0.000fF, l=0.000fF, total=145.144fF
      sink capacitance : total=3503.304fF, avg=0.734fF, sd=0.034fF, min=0.679fF, max=0.757fF
      wire capacitance : top=0.000fF, trunk=152.053fF, leaf=1299.771fF, total=1451.824fF
      wire lengths     : top=0.000um, trunk=1197.535um, leaf=9441.899um, total=10639.434um
      hp wire lengths  : top=0.000um, trunk=780.720um, leaf=2573.874um, total=3354.594um
    Clock DAG net violations after 'Reducing clock tree power 1': none
    Clock DAG primary half-corner transition distribution after 'Reducing clock tree power 1':
      Trunk : target=87.8ps count=7 avg=36.6ps sd=11.3ps min=17.0ps max=47.4ps {7 <= 52.7ps, 0 <= 70.2ps, 0 <= 79.0ps, 0 <= 83.4ps, 0 <= 87.8ps}
      Leaf  : target=87.8ps count=48 avg=80.3ps sd=4.5ps min=68.6ps max=87.5ps {0 <= 52.7ps, 1 <= 70.2ps, 17 <= 79.0ps, 15 <= 83.4ps, 15 <= 87.8ps}
    Clock DAG library cell distribution after 'Reducing clock tree power 1' {count}:
       Bufs: SC8T_BUFX24_CSC28L: 1 SC8T_BUFX20_CSC28L: 2 SC8T_BUFX16_CSC28L: 3 SC8T_BUFX12_CSC28L: 31 SC8T_BUFX10_CSC28L: 17 
    Primary reporting skew groups after 'Reducing clock tree power 1':
      skew_group clk/functional: insertion delay [min=211.1, max=249.5], skew [38.4 vs 53.8]
    Skew group summary after 'Reducing clock tree power 1':
      skew_group clk/functional: insertion delay [min=211.1, max=249.5], skew [38.4 vs 53.8]
    Legalizer API calls during this step: 494 succeeded with high effort: 494 succeeded with medium effort: 0 succeeded with low effort: 0 succeeded with basic effort: 0 succeeded with basic unbounded effort: 0
  Reducing clock tree power 1 done. (took cpu=0:00:10.5 real=0:00:04.6)
      flow.cputime  flow.realtime  timing.setup.tns  timing.setup.wns  snapshot
UM:*                                                                   Reducing clock tree power 1
  Reducing clock tree power 2...
    Clock DAG stats after 'Reducing clock tree power 2':
      cell counts      : b=54, i=0, icg=0, dcg=0, l=0, total=54
      sink counts      : regular=4770, enable_latch=0, load_capacitance=0, antenna=0, node_sink=0, total=4770
      misc counts      : r=1, pp=0
      cell areas       : b=68.890um^2, i=0.000um^2, icg=0.000um^2, dcg=0.000um^2, l=0.000um^2, total=68.890um^2
      cell capacitance : b=145.144fF, i=0.000fF, icg=0.000fF, dcg=0.000fF, l=0.000fF, total=145.144fF
      sink capacitance : total=3503.304fF, avg=0.734fF, sd=0.034fF, min=0.679fF, max=0.757fF
      wire capacitance : top=0.000fF, trunk=152.053fF, leaf=1299.771fF, total=1451.824fF
      wire lengths     : top=0.000um, trunk=1197.535um, leaf=9441.899um, total=10639.434um
      hp wire lengths  : top=0.000um, trunk=780.720um, leaf=2573.874um, total=3354.594um
    Clock DAG net violations after 'Reducing clock tree power 2': none
    Clock DAG primary half-corner transition distribution after 'Reducing clock tree power 2':
      Trunk : target=87.8ps count=7 avg=36.6ps sd=11.3ps min=17.0ps max=47.4ps {7 <= 52.7ps, 0 <= 70.2ps, 0 <= 79.0ps, 0 <= 83.4ps, 0 <= 87.8ps}
      Leaf  : target=87.8ps count=48 avg=80.3ps sd=4.5ps min=68.6ps max=87.5ps {0 <= 52.7ps, 1 <= 70.2ps, 17 <= 79.0ps, 15 <= 83.4ps, 15 <= 87.8ps}
    Clock DAG library cell distribution after 'Reducing clock tree power 2' {count}:
       Bufs: SC8T_BUFX24_CSC28L: 1 SC8T_BUFX20_CSC28L: 2 SC8T_BUFX16_CSC28L: 3 SC8T_BUFX12_CSC28L: 31 SC8T_BUFX10_CSC28L: 17 
    Primary reporting skew groups after 'Reducing clock tree power 2':
      skew_group clk/functional: insertion delay [min=211.1, max=249.5, avg=237.7, sd=5.8], skew [38.4 vs 53.8], 100% {211.1, 249.5} (wid=61.6 ws=41.6) (gid=209.3 gs=27.4)
    Skew group summary after 'Reducing clock tree power 2':
      skew_group clk/functional: insertion delay [min=211.1, max=249.5, avg=237.7, sd=5.8], skew [38.4 vs 53.8], 100% {211.1, 249.5} (wid=61.6 ws=41.6) (gid=209.3 gs=27.4)
    Legalizer API calls during this step: 0 succeeded with high effort: 0 succeeded with medium effort: 0 succeeded with low effort: 0 succeeded with basic effort: 0 succeeded with basic unbounded effort: 0
  Reducing clock tree power 2 done. (took cpu=0:00:00.1 real=0:00:00.1)
      flow.cputime  flow.realtime  timing.setup.tns  timing.setup.wns  snapshot
UM:*                                                                   Reducing clock tree power 2
  Stage::Reducing Power done. (took cpu=0:00:11.5 real=0:00:05.6)
      flow.cputime  flow.realtime  timing.setup.tns  timing.setup.wns  snapshot
UM:*                                                                   Stage::Reducing Power
  Stage::Balancing...
  Approximately balancing fragments step...
    Resolve constraints - Approximately balancing fragments...
    Resolving skew group constraints...
      Solving LP: 1 skew groups; 2 fragments, 2 fraglets and 3 vertices; 25 variables and 66 constraints; tolerance 1
    Resolving skew group constraints done.
    Resolve constraints - Approximately balancing fragments done. (took cpu=0:00:00.5 real=0:00:00.5)
      flow.cputime  flow.realtime  timing.setup.tns  timing.setup.wns  snapshot
UM:*                                                                   Resolve constraints - Approximately balancing fragments
    Estimate delay to be added in balancing - Approximately balancing fragments...
    Trial balancer estimated the amount of delay to be added in balancing: 0.0ps
    Estimate delay to be added in balancing - Approximately balancing fragments done. (took cpu=0:00:00.2 real=0:00:00.2)
      flow.cputime  flow.realtime  timing.setup.tns  timing.setup.wns  snapshot
UM:*                                                                   Estimate delay to be added in balancing - Approximately balancing fragments
    Approximately balancing fragments...
      Moving gates to improve sub-tree skew...
        Tried: 56 Succeeded: 0
        Topology Tried: 0 Succeeded: 0
        0 Succeeded with SS ratio
        0 Succeeded with Lollipop: 0 with tier one, 0 with tier two. 
        Total reducing skew: 0 Average reducing skew for 0 nets : 0
        Clock DAG stats after 'Moving gates to improve sub-tree skew':
          cell counts      : b=54, i=0, icg=0, dcg=0, l=0, total=54
          sink counts      : regular=4770, enable_latch=0, load_capacitance=0, antenna=0, node_sink=0, total=4770
          misc counts      : r=1, pp=0
          cell areas       : b=68.890um^2, i=0.000um^2, icg=0.000um^2, dcg=0.000um^2, l=0.000um^2, total=68.890um^2
          cell capacitance : b=145.144fF, i=0.000fF, icg=0.000fF, dcg=0.000fF, l=0.000fF, total=145.144fF
          sink capacitance : total=3503.304fF, avg=0.734fF, sd=0.034fF, min=0.679fF, max=0.757fF
          wire capacitance : top=0.000fF, trunk=152.053fF, leaf=1299.771fF, total=1451.824fF
          wire lengths     : top=0.000um, trunk=1197.535um, leaf=9441.899um, total=10639.434um
          hp wire lengths  : top=0.000um, trunk=780.720um, leaf=2573.874um, total=3354.594um
        Clock DAG net violations after 'Moving gates to improve sub-tree skew': none
        Clock DAG primary half-corner transition distribution after 'Moving gates to improve sub-tree skew':
          Trunk : target=87.8ps count=7 avg=36.6ps sd=11.3ps min=17.0ps max=47.4ps {7 <= 52.7ps, 0 <= 70.2ps, 0 <= 79.0ps, 0 <= 83.4ps, 0 <= 87.8ps}
          Leaf  : target=87.8ps count=48 avg=80.3ps sd=4.5ps min=68.6ps max=87.5ps {0 <= 52.7ps, 1 <= 70.2ps, 17 <= 79.0ps, 15 <= 83.4ps, 15 <= 87.8ps}
        Clock DAG library cell distribution after 'Moving gates to improve sub-tree skew' {count}:
           Bufs: SC8T_BUFX24_CSC28L: 1 SC8T_BUFX20_CSC28L: 2 SC8T_BUFX16_CSC28L: 3 SC8T_BUFX12_CSC28L: 31 SC8T_BUFX10_CSC28L: 17 
        Legalizer API calls during this step: 0 succeeded with high effort: 0 succeeded with medium effort: 0 succeeded with low effort: 0 succeeded with basic effort: 0 succeeded with basic unbounded effort: 0
      Moving gates to improve sub-tree skew done. (took cpu=0:00:00.1 real=0:00:00.1)
      flow.cputime  flow.realtime  timing.setup.tns  timing.setup.wns  snapshot
UM:*                                                                   Moving gates to improve sub-tree skew
      Approximately balancing fragments bottom up...
        bottom up balancing: ...20% ...40% ...60% ...80% ...100% 
        Clock DAG stats after 'Approximately balancing fragments bottom up':
          cell counts      : b=54, i=0, icg=0, dcg=0, l=0, total=54
          sink counts      : regular=4770, enable_latch=0, load_capacitance=0, antenna=0, node_sink=0, total=4770
          misc counts      : r=1, pp=0
          cell areas       : b=68.690um^2, i=0.000um^2, icg=0.000um^2, dcg=0.000um^2, l=0.000um^2, total=68.690um^2
          cell capacitance : b=144.737fF, i=0.000fF, icg=0.000fF, dcg=0.000fF, l=0.000fF, total=144.737fF
          sink capacitance : total=3503.304fF, avg=0.734fF, sd=0.034fF, min=0.679fF, max=0.757fF
          wire capacitance : top=0.000fF, trunk=152.115fF, leaf=1299.771fF, total=1451.886fF
          wire lengths     : top=0.000um, trunk=1198.103um, leaf=9441.899um, total=10640.002um
          hp wire lengths  : top=0.000um, trunk=780.720um, leaf=2573.874um, total=3354.594um
        Clock DAG net violations after 'Approximately balancing fragments bottom up': none
        Clock DAG primary half-corner transition distribution after 'Approximately balancing fragments bottom up':
          Trunk : target=87.8ps count=7 avg=36.6ps sd=11.3ps min=17.0ps max=47.4ps {7 <= 52.7ps, 0 <= 70.2ps, 0 <= 79.0ps, 0 <= 83.4ps, 0 <= 87.8ps}
          Leaf  : target=87.8ps count=48 avg=80.5ps sd=4.5ps min=68.6ps max=87.5ps {0 <= 52.7ps, 1 <= 70.2ps, 16 <= 79.0ps, 15 <= 83.4ps, 16 <= 87.8ps}
        Clock DAG library cell distribution after 'Approximately balancing fragments bottom up' {count}:
           Bufs: SC8T_BUFX24_CSC28L: 1 SC8T_BUFX20_CSC28L: 2 SC8T_BUFX16_CSC28L: 3 SC8T_BUFX12_CSC28L: 30 SC8T_BUFX10_CSC28L: 18 
        Legalizer API calls during this step: 16 succeeded with high effort: 16 succeeded with medium effort: 0 succeeded with low effort: 0 succeeded with basic effort: 0 succeeded with basic unbounded effort: 0
      Approximately balancing fragments bottom up done. (took cpu=0:00:02.1 real=0:00:02.1)
      flow.cputime  flow.realtime  timing.setup.tns  timing.setup.wns  snapshot
UM:*                                                                   Approximately balancing fragments bottom up
      Approximately balancing fragments, wire and cell delays...
      Approximately balancing fragments, wire and cell delays, iteration 1...
        Clock DAG stats after Approximately balancing fragments, wire and cell delays, iteration 1:
          cell counts      : b=54, i=0, icg=0, dcg=0, l=0, total=54
          sink counts      : regular=4770, enable_latch=0, load_capacitance=0, antenna=0, node_sink=0, total=4770
          misc counts      : r=1, pp=0
          cell areas       : b=68.690um^2, i=0.000um^2, icg=0.000um^2, dcg=0.000um^2, l=0.000um^2, total=68.690um^2
          cell capacitance : b=144.737fF, i=0.000fF, icg=0.000fF, dcg=0.000fF, l=0.000fF, total=144.737fF
          sink capacitance : total=3503.304fF, avg=0.734fF, sd=0.034fF, min=0.679fF, max=0.757fF
          wire capacitance : top=0.000fF, trunk=152.115fF, leaf=1299.771fF, total=1451.886fF
          wire lengths     : top=0.000um, trunk=1198.103um, leaf=9441.899um, total=10640.002um
          hp wire lengths  : top=0.000um, trunk=780.720um, leaf=2573.874um, total=3354.594um
        Clock DAG net violations after Approximately balancing fragments, wire and cell delays, iteration 1: none
        Clock DAG primary half-corner transition distribution after Approximately balancing fragments, wire and cell delays, iteration 1:
          Trunk : target=87.8ps count=7 avg=36.6ps sd=11.3ps min=17.0ps max=47.4ps {7 <= 52.7ps, 0 <= 70.2ps, 0 <= 79.0ps, 0 <= 83.4ps, 0 <= 87.8ps}
          Leaf  : target=87.8ps count=48 avg=80.5ps sd=4.5ps min=68.6ps max=87.5ps {0 <= 52.7ps, 1 <= 70.2ps, 16 <= 79.0ps, 15 <= 83.4ps, 16 <= 87.8ps}
        Clock DAG library cell distribution after Approximately balancing fragments, wire and cell delays, iteration 1 {count}:
           Bufs: SC8T_BUFX24_CSC28L: 1 SC8T_BUFX20_CSC28L: 2 SC8T_BUFX16_CSC28L: 3 SC8T_BUFX12_CSC28L: 30 SC8T_BUFX10_CSC28L: 18 
      Approximately balancing fragments, wire and cell delays, iteration 1 done.
      Approximately balancing fragments, wire and cell delays done. (took cpu=0:00:00.1 real=0:00:00.1)
      flow.cputime  flow.realtime  timing.setup.tns  timing.setup.wns  snapshot
UM:*                                                                   Approximately balancing fragments, wire and cell delays
    Approximately balancing fragments done.
    Clock DAG stats after 'Approximately balancing fragments step':
      cell counts      : b=54, i=0, icg=0, dcg=0, l=0, total=54
      sink counts      : regular=4770, enable_latch=0, load_capacitance=0, antenna=0, node_sink=0, total=4770
      misc counts      : r=1, pp=0
      cell areas       : b=68.690um^2, i=0.000um^2, icg=0.000um^2, dcg=0.000um^2, l=0.000um^2, total=68.690um^2
      cell capacitance : b=144.737fF, i=0.000fF, icg=0.000fF, dcg=0.000fF, l=0.000fF, total=144.737fF
      sink capacitance : total=3503.304fF, avg=0.734fF, sd=0.034fF, min=0.679fF, max=0.757fF
      wire capacitance : top=0.000fF, trunk=152.115fF, leaf=1299.771fF, total=1451.886fF
      wire lengths     : top=0.000um, trunk=1198.103um, leaf=9441.899um, total=10640.002um
      hp wire lengths  : top=0.000um, trunk=780.720um, leaf=2573.874um, total=3354.594um
    Clock DAG net violations after 'Approximately balancing fragments step': none
    Clock DAG primary half-corner transition distribution after 'Approximately balancing fragments step':
      Trunk : target=87.8ps count=7 avg=36.6ps sd=11.3ps min=17.0ps max=47.4ps {7 <= 52.7ps, 0 <= 70.2ps, 0 <= 79.0ps, 0 <= 83.4ps, 0 <= 87.8ps}
      Leaf  : target=87.8ps count=48 avg=80.5ps sd=4.5ps min=68.6ps max=87.5ps {0 <= 52.7ps, 1 <= 70.2ps, 16 <= 79.0ps, 15 <= 83.4ps, 16 <= 87.8ps}
    Clock DAG library cell distribution after 'Approximately balancing fragments step' {count}:
       Bufs: SC8T_BUFX24_CSC28L: 1 SC8T_BUFX20_CSC28L: 2 SC8T_BUFX16_CSC28L: 3 SC8T_BUFX12_CSC28L: 30 SC8T_BUFX10_CSC28L: 18 
    Legalizer API calls during this step: 16 succeeded with high effort: 16 succeeded with medium effort: 0 succeeded with low effort: 0 succeeded with basic effort: 0 succeeded with basic unbounded effort: 0
  Approximately balancing fragments step done. (took cpu=0:00:04.4 real=0:00:04.4)
      flow.cputime  flow.realtime  timing.setup.tns  timing.setup.wns  snapshot
UM:*                                                                   Approximately balancing fragments step
  Clock DAG stats after Approximately balancing fragments:
    cell counts      : b=54, i=0, icg=0, dcg=0, l=0, total=54
    sink counts      : regular=4770, enable_latch=0, load_capacitance=0, antenna=0, node_sink=0, total=4770
    misc counts      : r=1, pp=0
    cell areas       : b=68.690um^2, i=0.000um^2, icg=0.000um^2, dcg=0.000um^2, l=0.000um^2, total=68.690um^2
    cell capacitance : b=144.737fF, i=0.000fF, icg=0.000fF, dcg=0.000fF, l=0.000fF, total=144.737fF
    sink capacitance : total=3503.304fF, avg=0.734fF, sd=0.034fF, min=0.679fF, max=0.757fF
    wire capacitance : top=0.000fF, trunk=152.115fF, leaf=1299.771fF, total=1451.886fF
    wire lengths     : top=0.000um, trunk=1198.103um, leaf=9441.899um, total=10640.002um
    hp wire lengths  : top=0.000um, trunk=780.720um, leaf=2573.874um, total=3354.594um
  Clock DAG net violations after Approximately balancing fragments: none
  Clock DAG primary half-corner transition distribution after Approximately balancing fragments:
    Trunk : target=87.8ps count=7 avg=36.6ps sd=11.3ps min=17.0ps max=47.4ps {7 <= 52.7ps, 0 <= 70.2ps, 0 <= 79.0ps, 0 <= 83.4ps, 0 <= 87.8ps}
    Leaf  : target=87.8ps count=48 avg=80.5ps sd=4.5ps min=68.6ps max=87.5ps {0 <= 52.7ps, 1 <= 70.2ps, 16 <= 79.0ps, 15 <= 83.4ps, 16 <= 87.8ps}
  Clock DAG library cell distribution after Approximately balancing fragments {count}:
     Bufs: SC8T_BUFX24_CSC28L: 1 SC8T_BUFX20_CSC28L: 2 SC8T_BUFX16_CSC28L: 3 SC8T_BUFX12_CSC28L: 30 SC8T_BUFX10_CSC28L: 18 
  Primary reporting skew groups after Approximately balancing fragments:
    skew_group clk/functional: insertion delay [min=211.1, max=249.5], skew [38.4 vs 53.8]
  Skew group summary after Approximately balancing fragments:
    skew_group clk/functional: insertion delay [min=211.1, max=249.5], skew [38.4 vs 53.8]
  Improving fragments clock skew...
    Clock DAG stats after 'Improving fragments clock skew':
      cell counts      : b=54, i=0, icg=0, dcg=0, l=0, total=54
      sink counts      : regular=4770, enable_latch=0, load_capacitance=0, antenna=0, node_sink=0, total=4770
      misc counts      : r=1, pp=0
      cell areas       : b=68.690um^2, i=0.000um^2, icg=0.000um^2, dcg=0.000um^2, l=0.000um^2, total=68.690um^2
      cell capacitance : b=144.737fF, i=0.000fF, icg=0.000fF, dcg=0.000fF, l=0.000fF, total=144.737fF
      sink capacitance : total=3503.304fF, avg=0.734fF, sd=0.034fF, min=0.679fF, max=0.757fF
      wire capacitance : top=0.000fF, trunk=152.115fF, leaf=1299.771fF, total=1451.886fF
      wire lengths     : top=0.000um, trunk=1198.103um, leaf=9441.899um, total=10640.002um
      hp wire lengths  : top=0.000um, trunk=780.720um, leaf=2573.874um, total=3354.594um
    Clock DAG net violations after 'Improving fragments clock skew': none
    Clock DAG primary half-corner transition distribution after 'Improving fragments clock skew':
      Trunk : target=87.8ps count=7 avg=36.6ps sd=11.3ps min=17.0ps max=47.4ps {7 <= 52.7ps, 0 <= 70.2ps, 0 <= 79.0ps, 0 <= 83.4ps, 0 <= 87.8ps}
      Leaf  : target=87.8ps count=48 avg=80.5ps sd=4.5ps min=68.6ps max=87.5ps {0 <= 52.7ps, 1 <= 70.2ps, 16 <= 79.0ps, 15 <= 83.4ps, 16 <= 87.8ps}
    Clock DAG library cell distribution after 'Improving fragments clock skew' {count}:
       Bufs: SC8T_BUFX24_CSC28L: 1 SC8T_BUFX20_CSC28L: 2 SC8T_BUFX16_CSC28L: 3 SC8T_BUFX12_CSC28L: 30 SC8T_BUFX10_CSC28L: 18 
    Primary reporting skew groups after 'Improving fragments clock skew':
      skew_group clk/functional: insertion delay [min=211.1, max=249.5], skew [38.4 vs 53.8]
    Skew group summary after 'Improving fragments clock skew':
      skew_group clk/functional: insertion delay [min=211.1, max=249.5], skew [38.4 vs 53.8]
    Legalizer API calls during this step: 0 succeeded with high effort: 0 succeeded with medium effort: 0 succeeded with low effort: 0 succeeded with basic effort: 0 succeeded with basic unbounded effort: 0
  Improving fragments clock skew done. (took cpu=0:00:00.2 real=0:00:00.2)
      flow.cputime  flow.realtime  timing.setup.tns  timing.setup.wns  snapshot
UM:*                                                                   Improving fragments clock skew
  Approximately balancing step...
    Resolve constraints - Approximately balancing...
    Resolving skew group constraints...
      Solving LP: 1 skew groups; 2 fragments, 2 fraglets and 3 vertices; 25 variables and 66 constraints; tolerance 1
    Resolving skew group constraints done.
    Resolve constraints - Approximately balancing done. (took cpu=0:00:00.3 real=0:00:00.3)
      flow.cputime  flow.realtime  timing.setup.tns  timing.setup.wns  snapshot
UM:*                                                                   Resolve constraints - Approximately balancing
    Approximately balancing...
      Approximately balancing, wire and cell delays...
      Approximately balancing, wire and cell delays, iteration 1...
        Clock DAG stats after Approximately balancing, wire and cell delays, iteration 1:
          cell counts      : b=54, i=0, icg=0, dcg=0, l=0, total=54
          sink counts      : regular=4770, enable_latch=0, load_capacitance=0, antenna=0, node_sink=0, total=4770
          misc counts      : r=1, pp=0
          cell areas       : b=68.690um^2, i=0.000um^2, icg=0.000um^2, dcg=0.000um^2, l=0.000um^2, total=68.690um^2
          cell capacitance : b=144.737fF, i=0.000fF, icg=0.000fF, dcg=0.000fF, l=0.000fF, total=144.737fF
          sink capacitance : total=3503.304fF, avg=0.734fF, sd=0.034fF, min=0.679fF, max=0.757fF
          wire capacitance : top=0.000fF, trunk=152.115fF, leaf=1299.771fF, total=1451.886fF
          wire lengths     : top=0.000um, trunk=1198.103um, leaf=9441.899um, total=10640.002um
          hp wire lengths  : top=0.000um, trunk=780.720um, leaf=2573.874um, total=3354.594um
        Clock DAG net violations after Approximately balancing, wire and cell delays, iteration 1: none
        Clock DAG primary half-corner transition distribution after Approximately balancing, wire and cell delays, iteration 1:
          Trunk : target=87.8ps count=7 avg=36.6ps sd=11.3ps min=17.0ps max=47.4ps {7 <= 52.7ps, 0 <= 70.2ps, 0 <= 79.0ps, 0 <= 83.4ps, 0 <= 87.8ps}
          Leaf  : target=87.8ps count=48 avg=80.5ps sd=4.5ps min=68.6ps max=87.5ps {0 <= 52.7ps, 1 <= 70.2ps, 16 <= 79.0ps, 15 <= 83.4ps, 16 <= 87.8ps}
        Clock DAG library cell distribution after Approximately balancing, wire and cell delays, iteration 1 {count}:
           Bufs: SC8T_BUFX24_CSC28L: 1 SC8T_BUFX20_CSC28L: 2 SC8T_BUFX16_CSC28L: 3 SC8T_BUFX12_CSC28L: 30 SC8T_BUFX10_CSC28L: 18 
      Approximately balancing, wire and cell delays, iteration 1 done.
      Approximately balancing, wire and cell delays done. (took cpu=0:00:00.1 real=0:00:00.1)
      flow.cputime  flow.realtime  timing.setup.tns  timing.setup.wns  snapshot
UM:*                                                                   Approximately balancing, wire and cell delays
    Approximately balancing done.
    Clock DAG stats after 'Approximately balancing step':
      cell counts      : b=54, i=0, icg=0, dcg=0, l=0, total=54
      sink counts      : regular=4770, enable_latch=0, load_capacitance=0, antenna=0, node_sink=0, total=4770
      misc counts      : r=1, pp=0
      cell areas       : b=68.690um^2, i=0.000um^2, icg=0.000um^2, dcg=0.000um^2, l=0.000um^2, total=68.690um^2
      cell capacitance : b=144.737fF, i=0.000fF, icg=0.000fF, dcg=0.000fF, l=0.000fF, total=144.737fF
      sink capacitance : total=3503.304fF, avg=0.734fF, sd=0.034fF, min=0.679fF, max=0.757fF
      wire capacitance : top=0.000fF, trunk=152.115fF, leaf=1299.771fF, total=1451.886fF
      wire lengths     : top=0.000um, trunk=1198.103um, leaf=9441.899um, total=10640.002um
      hp wire lengths  : top=0.000um, trunk=780.720um, leaf=2573.874um, total=3354.594um
    Clock DAG net violations after 'Approximately balancing step': none
    Clock DAG primary half-corner transition distribution after 'Approximately balancing step':
      Trunk : target=87.8ps count=7 avg=36.6ps sd=11.3ps min=17.0ps max=47.4ps {7 <= 52.7ps, 0 <= 70.2ps, 0 <= 79.0ps, 0 <= 83.4ps, 0 <= 87.8ps}
      Leaf  : target=87.8ps count=48 avg=80.5ps sd=4.5ps min=68.6ps max=87.5ps {0 <= 52.7ps, 1 <= 70.2ps, 16 <= 79.0ps, 15 <= 83.4ps, 16 <= 87.8ps}
    Clock DAG library cell distribution after 'Approximately balancing step' {count}:
       Bufs: SC8T_BUFX24_CSC28L: 1 SC8T_BUFX20_CSC28L: 2 SC8T_BUFX16_CSC28L: 3 SC8T_BUFX12_CSC28L: 30 SC8T_BUFX10_CSC28L: 18 
    Primary reporting skew groups after 'Approximately balancing step':
      skew_group clk/functional: insertion delay [min=211.1, max=249.5], skew [38.4 vs 53.8]
    Skew group summary after 'Approximately balancing step':
      skew_group clk/functional: insertion delay [min=211.1, max=249.5], skew [38.4 vs 53.8]
    Legalizer API calls during this step: 0 succeeded with high effort: 0 succeeded with medium effort: 0 succeeded with low effort: 0 succeeded with basic effort: 0 succeeded with basic unbounded effort: 0
  Approximately balancing step done. (took cpu=0:00:01.1 real=0:00:01.1)
      flow.cputime  flow.realtime  timing.setup.tns  timing.setup.wns  snapshot
UM:*                                                                   Approximately balancing step
  Fixing clock tree overload...
    Fixing clock tree overload: ...20% ...40% ...60% ...80% ...100% 
    Clock DAG stats after 'Fixing clock tree overload':
      cell counts      : b=54, i=0, icg=0, dcg=0, l=0, total=54
      sink counts      : regular=4770, enable_latch=0, load_capacitance=0, antenna=0, node_sink=0, total=4770
      misc counts      : r=1, pp=0
      cell areas       : b=68.690um^2, i=0.000um^2, icg=0.000um^2, dcg=0.000um^2, l=0.000um^2, total=68.690um^2
      cell capacitance : b=144.737fF, i=0.000fF, icg=0.000fF, dcg=0.000fF, l=0.000fF, total=144.737fF
      sink capacitance : total=3503.304fF, avg=0.734fF, sd=0.034fF, min=0.679fF, max=0.757fF
      wire capacitance : top=0.000fF, trunk=152.115fF, leaf=1299.771fF, total=1451.886fF
      wire lengths     : top=0.000um, trunk=1198.103um, leaf=9441.899um, total=10640.002um
      hp wire lengths  : top=0.000um, trunk=780.720um, leaf=2573.874um, total=3354.594um
    Clock DAG net violations after 'Fixing clock tree overload': none
    Clock DAG primary half-corner transition distribution after 'Fixing clock tree overload':
      Trunk : target=87.8ps count=7 avg=36.6ps sd=11.3ps min=17.0ps max=47.4ps {7 <= 52.7ps, 0 <= 70.2ps, 0 <= 79.0ps, 0 <= 83.4ps, 0 <= 87.8ps}
      Leaf  : target=87.8ps count=48 avg=80.5ps sd=4.5ps min=68.6ps max=87.5ps {0 <= 52.7ps, 1 <= 70.2ps, 16 <= 79.0ps, 15 <= 83.4ps, 16 <= 87.8ps}
    Clock DAG library cell distribution after 'Fixing clock tree overload' {count}:
       Bufs: SC8T_BUFX24_CSC28L: 1 SC8T_BUFX20_CSC28L: 2 SC8T_BUFX16_CSC28L: 3 SC8T_BUFX12_CSC28L: 30 SC8T_BUFX10_CSC28L: 18 
    Primary reporting skew groups after 'Fixing clock tree overload':
      skew_group clk/functional: insertion delay [min=211.1, max=249.5], skew [38.4 vs 53.8]
    Skew group summary after 'Fixing clock tree overload':
      skew_group clk/functional: insertion delay [min=211.1, max=249.5], skew [38.4 vs 53.8]
    Legalizer API calls during this step: 0 succeeded with high effort: 0 succeeded with medium effort: 0 succeeded with low effort: 0 succeeded with basic effort: 0 succeeded with basic unbounded effort: 0
  Fixing clock tree overload done. (took cpu=0:00:00.1 real=0:00:00.1)
      flow.cputime  flow.realtime  timing.setup.tns  timing.setup.wns  snapshot
UM:*                                                                   Fixing clock tree overload
  Approximately balancing paths...
    Added 0 buffers.
    Clock DAG stats after 'Approximately balancing paths':
      cell counts      : b=54, i=0, icg=0, dcg=0, l=0, total=54
      sink counts      : regular=4770, enable_latch=0, load_capacitance=0, antenna=0, node_sink=0, total=4770
      misc counts      : r=1, pp=0
      cell areas       : b=68.690um^2, i=0.000um^2, icg=0.000um^2, dcg=0.000um^2, l=0.000um^2, total=68.690um^2
      cell capacitance : b=144.737fF, i=0.000fF, icg=0.000fF, dcg=0.000fF, l=0.000fF, total=144.737fF
      sink capacitance : total=3503.304fF, avg=0.734fF, sd=0.034fF, min=0.679fF, max=0.757fF
      wire capacitance : top=0.000fF, trunk=152.115fF, leaf=1299.771fF, total=1451.886fF
      wire lengths     : top=0.000um, trunk=1198.103um, leaf=9441.899um, total=10640.002um
      hp wire lengths  : top=0.000um, trunk=780.720um, leaf=2573.874um, total=3354.594um
    Clock DAG net violations after 'Approximately balancing paths': none
    Clock DAG primary half-corner transition distribution after 'Approximately balancing paths':
      Trunk : target=87.8ps count=7 avg=36.6ps sd=11.3ps min=17.0ps max=47.4ps {7 <= 52.7ps, 0 <= 70.2ps, 0 <= 79.0ps, 0 <= 83.4ps, 0 <= 87.8ps}
      Leaf  : target=87.8ps count=48 avg=80.5ps sd=4.5ps min=68.6ps max=87.5ps {0 <= 52.7ps, 1 <= 70.2ps, 16 <= 79.0ps, 15 <= 83.4ps, 16 <= 87.8ps}
    Clock DAG library cell distribution after 'Approximately balancing paths' {count}:
       Bufs: SC8T_BUFX24_CSC28L: 1 SC8T_BUFX20_CSC28L: 2 SC8T_BUFX16_CSC28L: 3 SC8T_BUFX12_CSC28L: 30 SC8T_BUFX10_CSC28L: 18 
    Primary reporting skew groups after 'Approximately balancing paths':
      skew_group clk/functional: insertion delay [min=211.1, max=249.5, avg=237.8, sd=5.9], skew [38.4 vs 53.8], 100% {211.1, 249.5} (wid=61.6 ws=41.6) (gid=209.3 gs=27.4)
    Skew group summary after 'Approximately balancing paths':
      skew_group clk/functional: insertion delay [min=211.1, max=249.5, avg=237.8, sd=5.9], skew [38.4 vs 53.8], 100% {211.1, 249.5} (wid=61.6 ws=41.6) (gid=209.3 gs=27.4)
    Legalizer API calls during this step: 0 succeeded with high effort: 0 succeeded with medium effort: 0 succeeded with low effort: 0 succeeded with basic effort: 0 succeeded with basic unbounded effort: 0
  Approximately balancing paths done. (took cpu=0:00:00.2 real=0:00:00.2)
      flow.cputime  flow.realtime  timing.setup.tns  timing.setup.wns  snapshot
UM:*                                                                   Approximately balancing paths
  Stage::Balancing done. (took cpu=0:00:07.5 real=0:00:07.5)
      flow.cputime  flow.realtime  timing.setup.tns  timing.setup.wns  snapshot
UM:*                                                                   Stage::Balancing
  Stage::Polishing...
  Clock tree timing engine global stage delay update for WC_dc:setup.late...
  Clock tree timing engine global stage delay update for WC_dc:setup.late done. (took cpu=0:00:00.3 real=0:00:00.1)
  Clock DAG stats before polishing:
    cell counts      : b=54, i=0, icg=0, dcg=0, l=0, total=54
    sink counts      : regular=4770, enable_latch=0, load_capacitance=0, antenna=0, node_sink=0, total=4770
    misc counts      : r=1, pp=0
    cell areas       : b=68.690um^2, i=0.000um^2, icg=0.000um^2, dcg=0.000um^2, l=0.000um^2, total=68.690um^2
    cell capacitance : b=144.737fF, i=0.000fF, icg=0.000fF, dcg=0.000fF, l=0.000fF, total=144.737fF
    sink capacitance : total=3503.304fF, avg=0.734fF, sd=0.034fF, min=0.679fF, max=0.757fF
    wire capacitance : top=0.000fF, trunk=152.115fF, leaf=1299.771fF, total=1451.886fF
    wire lengths     : top=0.000um, trunk=1198.103um, leaf=9441.899um, total=10640.002um
    hp wire lengths  : top=0.000um, trunk=780.720um, leaf=2573.874um, total=3354.594um
  Clock DAG net violations before polishing: none
  Clock DAG primary half-corner transition distribution before polishing:
    Trunk : target=87.8ps count=7 avg=36.6ps sd=11.3ps min=17.0ps max=47.4ps {7 <= 52.7ps, 0 <= 70.2ps, 0 <= 79.0ps, 0 <= 83.4ps, 0 <= 87.8ps}
    Leaf  : target=87.8ps count=48 avg=80.5ps sd=4.5ps min=68.6ps max=87.4ps {0 <= 52.7ps, 1 <= 70.2ps, 16 <= 79.0ps, 15 <= 83.4ps, 16 <= 87.8ps}
  Clock DAG library cell distribution before polishing {count}:
     Bufs: SC8T_BUFX24_CSC28L: 1 SC8T_BUFX20_CSC28L: 2 SC8T_BUFX16_CSC28L: 3 SC8T_BUFX12_CSC28L: 30 SC8T_BUFX10_CSC28L: 18 
  Primary reporting skew groups before polishing:
    skew_group clk/functional: insertion delay [min=213.6, max=253.5], skew [39.9 vs 53.8]
  Skew group summary before polishing:
    skew_group clk/functional: insertion delay [min=213.6, max=253.5], skew [39.9 vs 53.8]
  Merging balancing drivers for power...
    Tried: 56 Succeeded: 0
    Clock DAG stats after 'Merging balancing drivers for power':
      cell counts      : b=54, i=0, icg=0, dcg=0, l=0, total=54
      sink counts      : regular=4770, enable_latch=0, load_capacitance=0, antenna=0, node_sink=0, total=4770
      misc counts      : r=1, pp=0
      cell areas       : b=68.690um^2, i=0.000um^2, icg=0.000um^2, dcg=0.000um^2, l=0.000um^2, total=68.690um^2
      cell capacitance : b=144.737fF, i=0.000fF, icg=0.000fF, dcg=0.000fF, l=0.000fF, total=144.737fF
      sink capacitance : total=3503.304fF, avg=0.734fF, sd=0.034fF, min=0.679fF, max=0.757fF
      wire capacitance : top=0.000fF, trunk=152.115fF, leaf=1299.771fF, total=1451.886fF
      wire lengths     : top=0.000um, trunk=1198.103um, leaf=9441.899um, total=10640.002um
      hp wire lengths  : top=0.000um, trunk=780.720um, leaf=2573.874um, total=3354.594um
    Clock DAG net violations after 'Merging balancing drivers for power': none
    Clock DAG primary half-corner transition distribution after 'Merging balancing drivers for power':
      Trunk : target=87.8ps count=7 avg=36.6ps sd=11.3ps min=17.0ps max=47.4ps {7 <= 52.7ps, 0 <= 70.2ps, 0 <= 79.0ps, 0 <= 83.4ps, 0 <= 87.8ps}
      Leaf  : target=87.8ps count=48 avg=80.5ps sd=4.5ps min=68.6ps max=87.4ps {0 <= 52.7ps, 1 <= 70.2ps, 16 <= 79.0ps, 15 <= 83.4ps, 16 <= 87.8ps}
    Clock DAG library cell distribution after 'Merging balancing drivers for power' {count}:
       Bufs: SC8T_BUFX24_CSC28L: 1 SC8T_BUFX20_CSC28L: 2 SC8T_BUFX16_CSC28L: 3 SC8T_BUFX12_CSC28L: 30 SC8T_BUFX10_CSC28L: 18 
    Primary reporting skew groups after 'Merging balancing drivers for power':
      skew_group clk/functional: insertion delay [min=213.6, max=253.5], skew [39.9 vs 53.8]
    Skew group summary after 'Merging balancing drivers for power':
      skew_group clk/functional: insertion delay [min=213.6, max=253.5], skew [39.9 vs 53.8]
    Legalizer API calls during this step: 0 succeeded with high effort: 0 succeeded with medium effort: 0 succeeded with low effort: 0 succeeded with basic effort: 0 succeeded with basic unbounded effort: 0
  Merging balancing drivers for power done. (took cpu=0:00:00.1 real=0:00:00.1)
      flow.cputime  flow.realtime  timing.setup.tns  timing.setup.wns  snapshot
UM:*                                                                   Merging balancing drivers for power
  Improving clock skew...
    Clock DAG stats after 'Improving clock skew':
      cell counts      : b=54, i=0, icg=0, dcg=0, l=0, total=54
      sink counts      : regular=4770, enable_latch=0, load_capacitance=0, antenna=0, node_sink=0, total=4770
      misc counts      : r=1, pp=0
      cell areas       : b=68.690um^2, i=0.000um^2, icg=0.000um^2, dcg=0.000um^2, l=0.000um^2, total=68.690um^2
      cell capacitance : b=144.737fF, i=0.000fF, icg=0.000fF, dcg=0.000fF, l=0.000fF, total=144.737fF
      sink capacitance : total=3503.304fF, avg=0.734fF, sd=0.034fF, min=0.679fF, max=0.757fF
      wire capacitance : top=0.000fF, trunk=152.115fF, leaf=1299.771fF, total=1451.886fF
      wire lengths     : top=0.000um, trunk=1198.103um, leaf=9441.899um, total=10640.002um
      hp wire lengths  : top=0.000um, trunk=780.720um, leaf=2573.874um, total=3354.594um
    Clock DAG net violations after 'Improving clock skew': none
    Clock DAG primary half-corner transition distribution after 'Improving clock skew':
      Trunk : target=87.8ps count=7 avg=36.6ps sd=11.3ps min=17.0ps max=47.4ps {7 <= 52.7ps, 0 <= 70.2ps, 0 <= 79.0ps, 0 <= 83.4ps, 0 <= 87.8ps}
      Leaf  : target=87.8ps count=48 avg=80.5ps sd=4.5ps min=68.6ps max=87.4ps {0 <= 52.7ps, 1 <= 70.2ps, 16 <= 79.0ps, 15 <= 83.4ps, 16 <= 87.8ps}
    Clock DAG library cell distribution after 'Improving clock skew' {count}:
       Bufs: SC8T_BUFX24_CSC28L: 1 SC8T_BUFX20_CSC28L: 2 SC8T_BUFX16_CSC28L: 3 SC8T_BUFX12_CSC28L: 30 SC8T_BUFX10_CSC28L: 18 
    Primary reporting skew groups after 'Improving clock skew':
      skew_group clk/functional: insertion delay [min=213.6, max=253.5, avg=241.0, sd=5.9], skew [39.9 vs 53.8], 100% {213.6, 253.5} (wid=61.7 ws=41.6) (gid=212.6 gs=29.0)
    Skew group summary after 'Improving clock skew':
      skew_group clk/functional: insertion delay [min=213.6, max=253.5, avg=241.0, sd=5.9], skew [39.9 vs 53.8], 100% {213.6, 253.5} (wid=61.7 ws=41.6) (gid=212.6 gs=29.0)
    Legalizer API calls during this step: 0 succeeded with high effort: 0 succeeded with medium effort: 0 succeeded with low effort: 0 succeeded with basic effort: 0 succeeded with basic unbounded effort: 0
  Improving clock skew done. (took cpu=0:00:00.2 real=0:00:00.2)
      flow.cputime  flow.realtime  timing.setup.tns  timing.setup.wns  snapshot
UM:*                                                                   Improving clock skew
  Moving gates to reduce wire capacitance...
    Modified slew target multipliers. Leaf=(1 to 0.9) Trunk=(1 to 0.95) Top=(1 to 0.95)
    Iteration 1...
      Artificially removing short and long paths...
        Legalizer API calls during this step: 0 succeeded with high effort: 0 succeeded with medium effort: 0 succeeded with low effort: 0 succeeded with basic effort: 0 succeeded with basic unbounded effort: 0
      Artificially removing short and long paths done. (took cpu=0:00:00.1 real=0:00:00.1)
      Moving gates to reduce wire capacitance - iteration 1: WireCapReduction...
        Legalizing clock trees...
        Legalizing clock trees done. (took cpu=0:00:00.0 real=0:00:00.0)
      flow.cputime  flow.realtime  timing.setup.tns  timing.setup.wns  snapshot
UM:*                                                                   Legalizing clock trees
        Legalizer API calls during this step: 386 succeeded with high effort: 386 succeeded with medium effort: 0 succeeded with low effort: 0 succeeded with basic effort: 0 succeeded with basic unbounded effort: 0
      Moving gates to reduce wire capacitance - iteration 1: WireCapReduction done. (took cpu=0:00:01.8 real=0:00:01.5)
      Moving gates to reduce wire capacitance - iteration 1: MoveGates...
        Moving gates:         ..Legalizing clock trees...
        Legalizing clock trees done. (took cpu=0:00:00.0 real=0:00:00.0)
      flow.cputime  flow.realtime  timing.setup.tns  timing.setup.wns  snapshot
UM:*                                                                   Legalizing clock trees
        .20% ...40% ...60% ...80% ...100% 
        Legalizer API calls during this step: 756 succeeded with high effort: 756 succeeded with medium effort: 0 succeeded with low effort: 0 succeeded with basic effort: 0 succeeded with basic unbounded effort: 0
      Moving gates to reduce wire capacitance - iteration 1: MoveGates done. (took cpu=0:00:10.3 real=0:00:03.3)
    Iteration 1 done.
    Iteration 2...
      Artificially removing short and long paths...
        Legalizer API calls during this step: 0 succeeded with high effort: 0 succeeded with medium effort: 0 succeeded with low effort: 0 succeeded with basic effort: 0 succeeded with basic unbounded effort: 0
      Artificially removing short and long paths done. (took cpu=0:00:00.1 real=0:00:00.1)
      Moving gates to reduce wire capacitance - iteration 2: WireCapReduction...
        Legalizing clock trees...
        Legalizing clock trees done. (took cpu=0:00:00.0 real=0:00:00.0)
      flow.cputime  flow.realtime  timing.setup.tns  timing.setup.wns  snapshot
UM:*                                                                   Legalizing clock trees
        Legalizer API calls during this step: 289 succeeded with high effort: 289 succeeded with medium effort: 0 succeeded with low effort: 0 succeeded with basic effort: 0 succeeded with basic unbounded effort: 0
      Moving gates to reduce wire capacitance - iteration 2: WireCapReduction done. (took cpu=0:00:01.3 real=0:00:01.3)
      Moving gates to reduce wire capacitance - iteration 2: MoveGates...
        Moving gates:         ..Legalizing clock trees...
        Legalizing clock trees done. (took cpu=0:00:00.0 real=0:00:00.0)
      flow.cputime  flow.realtime  timing.setup.tns  timing.setup.wns  snapshot
UM:*                                                                   Legalizing clock trees
        .20% ...40% ...60% ...80% ...100% 
        Legalizer API calls during this step: 756 succeeded with high effort: 756 succeeded with medium effort: 0 succeeded with low effort: 0 succeeded with basic effort: 0 succeeded with basic unbounded effort: 0
      Moving gates to reduce wire capacitance - iteration 2: MoveGates done. (took cpu=0:00:05.7 real=0:00:01.8)
    Iteration 2 done.
    Reverted slew target multipliers. Leaf=(0.9 to 1) Trunk=(0.95 to 1) Top=(0.95 to 1)
    Clock DAG stats after 'Moving gates to reduce wire capacitance':
      cell counts      : b=54, i=0, icg=0, dcg=0, l=0, total=54
      sink counts      : regular=4770, enable_latch=0, load_capacitance=0, antenna=0, node_sink=0, total=4770
      misc counts      : r=1, pp=0
      cell areas       : b=68.690um^2, i=0.000um^2, icg=0.000um^2, dcg=0.000um^2, l=0.000um^2, total=68.690um^2
      cell capacitance : b=144.737fF, i=0.000fF, icg=0.000fF, dcg=0.000fF, l=0.000fF, total=144.737fF
      sink capacitance : total=3503.304fF, avg=0.734fF, sd=0.034fF, min=0.679fF, max=0.757fF
      wire capacitance : top=0.000fF, trunk=142.457fF, leaf=1286.331fF, total=1428.788fF
      wire lengths     : top=0.000um, trunk=1132.598um, leaf=9339.489um, total=10472.087um
      hp wire lengths  : top=0.000um, trunk=760.128um, leaf=2565.418um, total=3325.546um
    Clock DAG net violations after 'Moving gates to reduce wire capacitance': none
    Clock DAG primary half-corner transition distribution after 'Moving gates to reduce wire capacitance':
      Trunk : target=87.8ps count=7 avg=36.7ps sd=10.3ps min=20.0ps max=47.2ps {7 <= 52.7ps, 0 <= 70.2ps, 0 <= 79.0ps, 0 <= 83.4ps, 0 <= 87.8ps}
      Leaf  : target=87.8ps count=48 avg=79.8ps sd=4.9ps min=68.6ps max=87.1ps {0 <= 52.7ps, 1 <= 70.2ps, 20 <= 79.0ps, 13 <= 83.4ps, 14 <= 87.8ps}
    Clock DAG library cell distribution after 'Moving gates to reduce wire capacitance' {count}:
       Bufs: SC8T_BUFX24_CSC28L: 1 SC8T_BUFX20_CSC28L: 2 SC8T_BUFX16_CSC28L: 3 SC8T_BUFX12_CSC28L: 30 SC8T_BUFX10_CSC28L: 18 
    Primary reporting skew groups after 'Moving gates to reduce wire capacitance':
      skew_group clk/functional: insertion delay [min=212.7, max=250.7, avg=239.1, sd=5.6], skew [38.0 vs 53.8], 100% {212.7, 250.7} (wid=59.5 ws=37.5) (gid=210.7 gs=28.6)
    Skew group summary after 'Moving gates to reduce wire capacitance':
      skew_group clk/functional: insertion delay [min=212.7, max=250.7, avg=239.1, sd=5.6], skew [38.0 vs 53.8], 100% {212.7, 250.7} (wid=59.5 ws=37.5) (gid=210.7 gs=28.6)
    Legalizer API calls during this step: 2187 succeeded with high effort: 2187 succeeded with medium effort: 0 succeeded with low effort: 0 succeeded with basic effort: 0 succeeded with basic unbounded effort: 0
  Moving gates to reduce wire capacitance done. (took cpu=0:00:19.5 real=0:00:08.3)
      flow.cputime  flow.realtime  timing.setup.tns  timing.setup.wns  snapshot
UM:*                                                                   Moving gates to reduce wire capacitance
  Reducing clock tree power 3...
    Artificially removing short and long paths...
      Legalizer API calls during this step: 0 succeeded with high effort: 0 succeeded with medium effort: 0 succeeded with low effort: 0 succeeded with basic effort: 0 succeeded with basic unbounded effort: 0
    Artificially removing short and long paths done. (took cpu=0:00:00.1 real=0:00:00.1)
    Initial gate capacitance is (rise=2515.853fF fall=3648.041fF).
    Resizing gates:     ..Legalizing clock trees...
    Legalizing clock trees done. (took cpu=0:00:00.0 real=0:00:00.0)
      flow.cputime  flow.realtime  timing.setup.tns  timing.setup.wns  snapshot
UM:*                                                                   Legalizing clock trees
    .20% ...40% ...60% ...80% ...100% 
    Stopping in iteration 1: unable to make further power recovery in this step.
    Iteration 1: gate capacitance is (rise=2513.392fF fall=3645.551fF).
    Clock DAG stats after 'Reducing clock tree power 3':
      cell counts      : b=54, i=0, icg=0, dcg=0, l=0, total=54
      sink counts      : regular=4770, enable_latch=0, load_capacitance=0, antenna=0, node_sink=0, total=4770
      misc counts      : r=1, pp=0
      cell areas       : b=67.492um^2, i=0.000um^2, icg=0.000um^2, dcg=0.000um^2, l=0.000um^2, total=67.492um^2
      cell capacitance : b=142.246fF, i=0.000fF, icg=0.000fF, dcg=0.000fF, l=0.000fF, total=142.246fF
      sink capacitance : total=3503.304fF, avg=0.734fF, sd=0.034fF, min=0.679fF, max=0.757fF
      wire capacitance : top=0.000fF, trunk=142.565fF, leaf=1286.433fF, total=1428.998fF
      wire lengths     : top=0.000um, trunk=1133.422um, leaf=9340.363um, total=10473.785um
      hp wire lengths  : top=0.000um, trunk=760.128um, leaf=2565.418um, total=3325.546um
    Clock DAG net violations after 'Reducing clock tree power 3': none
    Clock DAG primary half-corner transition distribution after 'Reducing clock tree power 3':
      Trunk : target=87.8ps count=7 avg=36.5ps sd=10.1ps min=20.0ps max=46.9ps {7 <= 52.7ps, 0 <= 70.2ps, 0 <= 79.0ps, 0 <= 83.4ps, 0 <= 87.8ps}
      Leaf  : target=87.8ps count=48 avg=81.3ps sd=4.3ps min=72.2ps max=87.1ps {0 <= 52.7ps, 0 <= 70.2ps, 16 <= 79.0ps, 13 <= 83.4ps, 19 <= 87.8ps}
    Clock DAG library cell distribution after 'Reducing clock tree power 3' {count}:
       Bufs: SC8T_BUFX24_CSC28L: 1 SC8T_BUFX20_CSC28L: 2 SC8T_BUFX16_CSC28L: 2 SC8T_BUFX12_CSC28L: 27 SC8T_BUFX10_CSC28L: 22 
    Primary reporting skew groups after 'Reducing clock tree power 3':
      skew_group clk/functional: insertion delay [min=212.6, max=249.8, avg=239.6, sd=5.4], skew [37.2 vs 53.8], 100% {212.6, 249.8} (wid=59.7 ws=38.0) (gid=211.2 gs=29.4)
    Skew group summary after 'Reducing clock tree power 3':
      skew_group clk/functional: insertion delay [min=212.6, max=249.8, avg=239.6, sd=5.4], skew [37.2 vs 53.8], 100% {212.6, 249.8} (wid=59.7 ws=38.0) (gid=211.2 gs=29.4)
    Legalizer API calls during this step: 127 succeeded with high effort: 127 succeeded with medium effort: 0 succeeded with low effort: 0 succeeded with basic effort: 0 succeeded with basic unbounded effort: 0
  Reducing clock tree power 3 done. (took cpu=0:00:02.9 real=0:00:01.5)
      flow.cputime  flow.realtime  timing.setup.tns  timing.setup.wns  snapshot
UM:*                                                                   Reducing clock tree power 3
  Improving insertion delay...
    Clock DAG stats after 'Improving insertion delay':
      cell counts      : b=54, i=0, icg=0, dcg=0, l=0, total=54
      sink counts      : regular=4770, enable_latch=0, load_capacitance=0, antenna=0, node_sink=0, total=4770
      misc counts      : r=1, pp=0
      cell areas       : b=67.492um^2, i=0.000um^2, icg=0.000um^2, dcg=0.000um^2, l=0.000um^2, total=67.492um^2
      cell capacitance : b=142.246fF, i=0.000fF, icg=0.000fF, dcg=0.000fF, l=0.000fF, total=142.246fF
      sink capacitance : total=3503.304fF, avg=0.734fF, sd=0.034fF, min=0.679fF, max=0.757fF
      wire capacitance : top=0.000fF, trunk=142.565fF, leaf=1286.433fF, total=1428.998fF
      wire lengths     : top=0.000um, trunk=1133.422um, leaf=9340.363um, total=10473.785um
      hp wire lengths  : top=0.000um, trunk=760.128um, leaf=2565.418um, total=3325.546um
    Clock DAG net violations after 'Improving insertion delay': none
    Clock DAG primary half-corner transition distribution after 'Improving insertion delay':
      Trunk : target=87.8ps count=7 avg=36.5ps sd=10.1ps min=20.0ps max=46.9ps {7 <= 52.7ps, 0 <= 70.2ps, 0 <= 79.0ps, 0 <= 83.4ps, 0 <= 87.8ps}
      Leaf  : target=87.8ps count=48 avg=81.3ps sd=4.3ps min=72.2ps max=87.1ps {0 <= 52.7ps, 0 <= 70.2ps, 16 <= 79.0ps, 13 <= 83.4ps, 19 <= 87.8ps}
    Clock DAG library cell distribution after 'Improving insertion delay' {count}:
       Bufs: SC8T_BUFX24_CSC28L: 1 SC8T_BUFX20_CSC28L: 2 SC8T_BUFX16_CSC28L: 2 SC8T_BUFX12_CSC28L: 27 SC8T_BUFX10_CSC28L: 22 
    Primary reporting skew groups after 'Improving insertion delay':
      skew_group clk/functional: insertion delay [min=212.6, max=249.8, avg=239.6, sd=5.4], skew [37.2 vs 53.8], 100% {212.6, 249.8} (wid=59.7 ws=38.0) (gid=211.2 gs=29.4)
    Skew group summary after 'Improving insertion delay':
      skew_group clk/functional: insertion delay [min=212.6, max=249.8, avg=239.6, sd=5.4], skew [37.2 vs 53.8], 100% {212.6, 249.8} (wid=59.7 ws=38.0) (gid=211.2 gs=29.4)
    Legalizer API calls during this step: 0 succeeded with high effort: 0 succeeded with medium effort: 0 succeeded with low effort: 0 succeeded with basic effort: 0 succeeded with basic unbounded effort: 0
  Improving insertion delay done. (took cpu=0:00:00.1 real=0:00:00.1)
      flow.cputime  flow.realtime  timing.setup.tns  timing.setup.wns  snapshot
UM:*                                                                   Improving insertion delay
  Wire Opt OverFix...
    Wire Reduction extra effort...
      Modified slew target multipliers. Leaf=(1 to 0.95) Trunk=(1 to 1) Top=(1 to 1)
      Artificially removing short and long paths...
        Legalizer API calls during this step: 0 succeeded with high effort: 0 succeeded with medium effort: 0 succeeded with low effort: 0 succeeded with basic effort: 0 succeeded with basic unbounded effort: 0
      Artificially removing short and long paths done. (took cpu=0:00:00.1 real=0:00:00.1)
      Global shorten wires A0...
        Legalizer API calls during this step: 23 succeeded with high effort: 23 succeeded with medium effort: 0 succeeded with low effort: 0 succeeded with basic effort: 0 succeeded with basic unbounded effort: 0
      Global shorten wires A0 done. (took cpu=0:00:00.2 real=0:00:00.2)
      Move For Wirelength - core...
        Move for wirelength. considered=55, filtered=55, permitted=54, cannotCompute=4, computed=50, moveTooSmall=33, resolved=0, predictFail=3, currentlyIllegal=0, legalizationFail=0, legalizedMoveTooSmall=7, ignoredLeafDriver=0, worse=183, accepted=10
        Max accepted move=11.664um, total accepted move=40.448um, average move=4.044um
        Move for wirelength. considered=55, filtered=55, permitted=54, cannotCompute=5, computed=49, moveTooSmall=44, resolved=0, predictFail=1, currentlyIllegal=0, legalizationFail=0, legalizedMoveTooSmall=8, ignoredLeafDriver=0, worse=191, accepted=5
        Max accepted move=7.608um, total accepted move=15.488um, average move=3.097um
        Move for wirelength. considered=55, filtered=55, permitted=54, cannotCompute=5, computed=49, moveTooSmall=39, resolved=0, predictFail=3, currentlyIllegal=0, legalizationFail=0, legalizedMoveTooSmall=8, ignoredLeafDriver=0, worse=193, accepted=1
        Max accepted move=3.376um, total accepted move=3.376um, average move=3.376um
        Legalizer API calls during this step: 613 succeeded with high effort: 613 succeeded with medium effort: 0 succeeded with low effort: 0 succeeded with basic effort: 0 succeeded with basic unbounded effort: 0
      Move For Wirelength - core done. (took cpu=0:00:03.6 real=0:00:03.5)
      Global shorten wires A1...
        Legalizer API calls during this step: 23 succeeded with high effort: 23 succeeded with medium effort: 0 succeeded with low effort: 0 succeeded with basic effort: 0 succeeded with basic unbounded effort: 0
      Global shorten wires A1 done. (took cpu=0:00:00.1 real=0:00:00.1)
      Move For Wirelength - core...
        Move for wirelength. considered=55, filtered=55, permitted=54, cannotCompute=50, computed=4, moveTooSmall=82, resolved=0, predictFail=0, currentlyIllegal=0, legalizationFail=0, legalizedMoveTooSmall=0, ignoredLeafDriver=0, worse=4, accepted=0
        Max accepted move=0.000um, total accepted move=0.000um
        Legalizer API calls during this step: 4 succeeded with high effort: 4 succeeded with medium effort: 0 succeeded with low effort: 0 succeeded with basic effort: 0 succeeded with basic unbounded effort: 0
      Move For Wirelength - core done. (took cpu=0:00:00.1 real=0:00:00.1)
      Global shorten wires B...
        Legalizer API calls during this step: 204 succeeded with high effort: 204 succeeded with medium effort: 0 succeeded with low effort: 0 succeeded with basic effort: 0 succeeded with basic unbounded effort: 0
      Global shorten wires B done. (took cpu=0:00:00.7 real=0:00:00.7)
      Move For Wirelength - branch...
        Move for wirelength. considered=55, filtered=55, permitted=54, cannotCompute=0, computed=54, moveTooSmall=0, resolved=0, predictFail=0, currentlyIllegal=0, legalizationFail=0, legalizedMoveTooSmall=0, ignoredLeafDriver=0, worse=56, accepted=2
        Max accepted move=0.208um, total accepted move=0.312um, average move=0.156um
        Move for wirelength. considered=55, filtered=55, permitted=54, cannotCompute=52, computed=2, moveTooSmall=0, resolved=0, predictFail=82, currentlyIllegal=0, legalizationFail=0, legalizedMoveTooSmall=0, ignoredLeafDriver=0, worse=1, accepted=1
        Max accepted move=0.208um, total accepted move=0.208um, average move=0.208um
        Move for wirelength. considered=55, filtered=55, permitted=54, cannotCompute=53, computed=1, moveTooSmall=0, resolved=0, predictFail=85, currentlyIllegal=0, legalizationFail=0, legalizedMoveTooSmall=0, ignoredLeafDriver=0, worse=1, accepted=0
        Max accepted move=0.000um, total accepted move=0.000um
        Legalizer API calls during this step: 61 succeeded with high effort: 61 succeeded with medium effort: 0 succeeded with low effort: 0 succeeded with basic effort: 0 succeeded with basic unbounded effort: 0
      Move For Wirelength - branch done. (took cpu=0:00:00.3 real=0:00:00.3)
      Reverted slew target multipliers. Leaf=(0.95 to 1) Trunk=(1 to 1) Top=(1 to 1)
      Clock DAG stats after 'Wire Reduction extra effort':
        cell counts      : b=54, i=0, icg=0, dcg=0, l=0, total=54
        sink counts      : regular=4770, enable_latch=0, load_capacitance=0, antenna=0, node_sink=0, total=4770
        misc counts      : r=1, pp=0
        cell areas       : b=67.492um^2, i=0.000um^2, icg=0.000um^2, dcg=0.000um^2, l=0.000um^2, total=67.492um^2
        cell capacitance : b=142.246fF, i=0.000fF, icg=0.000fF, dcg=0.000fF, l=0.000fF, total=142.246fF
        sink capacitance : total=3503.304fF, avg=0.734fF, sd=0.034fF, min=0.679fF, max=0.757fF
        wire capacitance : top=0.000fF, trunk=138.135fF, leaf=1285.500fF, total=1423.636fF
        wire lengths     : top=0.000um, trunk=1097.631um, leaf=9335.076um, total=10432.707um
        hp wire lengths  : top=0.000um, trunk=761.048um, leaf=2572.908um, total=3333.956um
      Clock DAG net violations after 'Wire Reduction extra effort': none
      Clock DAG primary half-corner transition distribution after 'Wire Reduction extra effort':
        Trunk : target=87.8ps count=7 avg=36.1ps sd=9.7ps min=20.0ps max=45.9ps {7 <= 52.7ps, 0 <= 70.2ps, 0 <= 79.0ps, 0 <= 83.4ps, 0 <= 87.8ps}
        Leaf  : target=87.8ps count=48 avg=81.0ps sd=4.5ps min=69.7ps max=87.1ps {0 <= 52.7ps, 1 <= 70.2ps, 17 <= 79.0ps, 11 <= 83.4ps, 19 <= 87.8ps}
      Clock DAG library cell distribution after 'Wire Reduction extra effort' {count}:
         Bufs: SC8T_BUFX24_CSC28L: 1 SC8T_BUFX20_CSC28L: 2 SC8T_BUFX16_CSC28L: 2 SC8T_BUFX12_CSC28L: 27 SC8T_BUFX10_CSC28L: 22 
      Primary reporting skew groups after 'Wire Reduction extra effort':
        skew_group clk/functional: insertion delay [min=213.1, max=249.8, avg=238.7, sd=5.8], skew [36.7 vs 53.8], 100% {213.1, 249.8} (wid=60.5 ws=39.9) (gid=209.9 gs=28.4)
      Skew group summary after 'Wire Reduction extra effort':
        skew_group clk/functional: insertion delay [min=213.1, max=249.8, avg=238.7, sd=5.8], skew [36.7 vs 53.8], 100% {213.1, 249.8} (wid=60.5 ws=39.9) (gid=209.9 gs=28.4)
      Legalizer API calls during this step: 928 succeeded with high effort: 928 succeeded with medium effort: 0 succeeded with low effort: 0 succeeded with basic effort: 0 succeeded with basic unbounded effort: 0
    Wire Reduction extra effort done. (took cpu=0:00:05.2 real=0:00:05.1)
      flow.cputime  flow.realtime  timing.setup.tns  timing.setup.wns  snapshot
UM:*                                                                   Wire Reduction extra effort
    Optimizing orientation...
    FlipOpt...
    Disconnecting clock tree from netlist...
    Disconnecting clock tree from netlist done.
    Performing Single Threaded FlipOpt
    Optimizing orientation on clock cells...
      Orientation Wirelength Optimization: Attempted = 56 , Succeeded = 8 , Constraints Broken = 43 , CannotMove = 2 , Illegal = 3 , Other = 0
    Optimizing orientation on clock cells done.
    Resynthesising clock tree into netlist...
      Reset timing graph...
Ignoring AAE DB Resetting ...
      Reset timing graph done.
    Resynthesising clock tree into netlist done.
    FlipOpt done. (took cpu=0:00:00.4 real=0:00:00.4)
      flow.cputime  flow.realtime  timing.setup.tns  timing.setup.wns  snapshot
UM:*                                                                   FlipOpt
    Optimizing orientation done. (took cpu=0:00:00.6 real=0:00:00.6)
      flow.cputime  flow.realtime  timing.setup.tns  timing.setup.wns  snapshot
UM:*                                                                   Optimizing orientation
    Clock DAG stats after 'Wire Opt OverFix':
      cell counts      : b=54, i=0, icg=0, dcg=0, l=0, total=54
      sink counts      : regular=4770, enable_latch=0, load_capacitance=0, antenna=0, node_sink=0, total=4770
      misc counts      : r=1, pp=0
      cell areas       : b=67.492um^2, i=0.000um^2, icg=0.000um^2, dcg=0.000um^2, l=0.000um^2, total=67.492um^2
      cell capacitance : b=142.246fF, i=0.000fF, icg=0.000fF, dcg=0.000fF, l=0.000fF, total=142.246fF
      sink capacitance : total=3503.304fF, avg=0.734fF, sd=0.034fF, min=0.679fF, max=0.757fF
      wire capacitance : top=0.000fF, trunk=137.804fF, leaf=1285.628fF, total=1423.432fF
      wire lengths     : top=0.000um, trunk=1094.867um, leaf=9334.727um, total=10429.594um
      hp wire lengths  : top=0.000um, trunk=761.048um, leaf=2572.908um, total=3333.956um
    Clock DAG net violations after 'Wire Opt OverFix': none
    Clock DAG primary half-corner transition distribution after 'Wire Opt OverFix':
      Trunk : target=87.8ps count=7 avg=35.8ps sd=9.4ps min=20.0ps max=44.8ps {7 <= 52.7ps, 0 <= 70.2ps, 0 <= 79.0ps, 0 <= 83.4ps, 0 <= 87.8ps}
      Leaf  : target=87.8ps count=48 avg=80.9ps sd=4.6ps min=69.7ps max=87.1ps {0 <= 52.7ps, 1 <= 70.2ps, 17 <= 79.0ps, 11 <= 83.4ps, 19 <= 87.8ps}
    Clock DAG library cell distribution after 'Wire Opt OverFix' {count}:
       Bufs: SC8T_BUFX24_CSC28L: 1 SC8T_BUFX20_CSC28L: 2 SC8T_BUFX16_CSC28L: 2 SC8T_BUFX12_CSC28L: 27 SC8T_BUFX10_CSC28L: 22 
    Primary reporting skew groups after 'Wire Opt OverFix':
      skew_group clk/functional: insertion delay [min=211.6, max=250.0, avg=238.3, sd=5.6], skew [38.4 vs 53.8], 100% {211.6, 250.0} (wid=59.6 ws=39.0) (gid=210.3 gs=29.4)
    Skew group summary after 'Wire Opt OverFix':
      skew_group clk/functional: insertion delay [min=211.6, max=250.0, avg=238.3, sd=5.6], skew [38.4 vs 53.8], 100% {211.6, 250.0} (wid=59.6 ws=39.0) (gid=210.3 gs=29.4)
    Legalizer API calls during this step: 928 succeeded with high effort: 928 succeeded with medium effort: 0 succeeded with low effort: 0 succeeded with basic effort: 0 succeeded with basic unbounded effort: 0
  Wire Opt OverFix done. (took cpu=0:00:06.7 real=0:00:06.4)
      flow.cputime  flow.realtime  timing.setup.tns  timing.setup.wns  snapshot
UM:*                                                                   Wire Opt OverFix
  Total capacitance is (rise=3936.823fF fall=5068.982fF), of which (rise=1423.432fF fall=1423.432fF) is wire, and (rise=2513.392fF fall=3645.551fF) is gate.
  Stage::Polishing done. (took cpu=0:00:31.4 real=0:00:18.1)
      flow.cputime  flow.realtime  timing.setup.tns  timing.setup.wns  snapshot
UM:*                                                                   Stage::Polishing
  Stage::Updating netlist...
  Reset timing graph...
Ignoring AAE DB Resetting ...
  Reset timing graph done.
  Setting non-default rules before calling refine place.
  Leaving CCOpt scope - Cleaning up placement interface...
  Leaving CCOpt scope - Cleaning up placement interface done. (took cpu=0:00:00.2 real=0:00:00.1)
  Leaving CCOpt scope - ClockRefiner...
  Soft fixed 54 clock instances.
  Performing Clock Only Refine Place.

**Info: (IMPSP-2062): Some of the PG shapes may not be colorized properly in this design, users are required to run command colorizePowerMesh before any placement related commands!
*** Starting place_detail (0:28:08 mem=47379.2M) ***
Total net bbox length = 3.609e+05 (1.782e+05 1.828e+05) (ext = 5.671e+04)

**Info: (IMPSP-2062): Some of the PG shapes may not be colorized properly in this design, users are required to run command colorizePowerMesh before any placement related commands!
**WARN: (IMPSP-2041):	Found 54 fixed insts that could not be colored.
Type 'man IMPSP-2041' for more detail.
Move report: Detail placement moves 0 insts, mean move: 0.00 um, max move: 0.00 um 
	Runtime: CPU: 0:00:00.0 REAL: 0:00:00.0 MEM: 47379.2MB
Summary Report:
Instances move: 0 (out of 35419 movable)
Instances flipped: 0
Mean displacement: 0.00 um
Max displacement: 0.00 um 
Total net bbox length = 3.609e+05 (1.782e+05 1.828e+05) (ext = 5.671e+04)
Runtime: CPU: 0:00:00.1 REAL: 0:00:00.0 MEM: 47379.2MB
*** Finished place_detail (0:28:08 mem=47379.2M) ***
  ClockRefiner summary
  All clock instances: Moved 0, flipped 0 and cell swapped 0 (out of a total of 4824).
  Restoring place_status_cts on 54 clock instances.
  Leaving CCOpt scope - ClockRefiner done. (took cpu=0:00:00.4 real=0:00:00.3)
  Stage::Updating netlist done. (took cpu=0:00:00.7 real=0:00:00.4)
      flow.cputime  flow.realtime  timing.setup.tns  timing.setup.wns  snapshot
UM:*                                                                   Stage::Updating netlist
  CCOpt::Phase::Implementation done. (took cpu=0:00:52.0 real=0:00:32.6)
      flow.cputime  flow.realtime  timing.setup.tns  timing.setup.wns  snapshot
UM:*                                                                   CCOpt::Phase::Implementation
  CCOpt::Phase::eGRPC...
  eGR Post Conditioning loop iteration 0...
    Clock implementation routing...
      Leaving CCOpt scope - Routing Tools...
Net route status summary:
  Clock:        55 (unrouted=55, trialRouted=0, noStatus=0, routed=0, fixed=0, [crossesIlmBoundary=0, tooFewTerms=0, (crossesIlmBoundary AND tooFewTerms=0)])
  Non-clock: 57016 (unrouted=19733, trialRouted=37283, noStatus=0, routed=0, fixed=0, [crossesIlmBoundary=0, tooFewTerms=19733, (crossesIlmBoundary AND tooFewTerms=0)])
      Routing using eGR only...
        Early Global Route - eGR only step...
(ccopt eGR): There are 55 nets to be routed. 0 nets have skip routing designation.
(ccopt eGR): There are 55 nets for routing of which 55 have one or more fixed wires.
(ccopt eGR): Start to route 55 all nets
[NR-eGR] Track table information for default rule: 
[NR-eGR] M1 has single uniform track structure
[NR-eGR] M2 has single uniform track structure
[NR-eGR] C1 has single uniform track structure
[NR-eGR] C2 has single uniform track structure
[NR-eGR] C3 has single uniform track structure
[NR-eGR] C4 has single uniform track structure
[NR-eGR] BA has single uniform track structure
[NR-eGR] BB has single uniform track structure
[NR-eGR] JA has single uniform track structure
[NR-eGR] JB has single uniform track structure
[NR-eGR] LB has single uniform track structure
[NR-eGR] Read 21 PG shapes
[NR-eGR] Read 0 clock shapes
[NR-eGR] Read 0 other shapes
[NR-eGR] #Routing Blockages  : 31
[NR-eGR] #Instance Blockages : 98678
[NR-eGR] #PG Blockages       : 21
[NR-eGR] #Halo Blockages     : 0
[NR-eGR] #Boundary Blockages : 0
[NR-eGR] #Clock Blockages    : 0
[NR-eGR] #Other Blockages    : 0
[NR-eGR] Num Prerouted Nets = 0  Num Prerouted Wires = 0
[NR-eGR] Read 37338 nets ( ignored 37283 )
[NR-eGR] Connected 0 must-join pins/ports
[NR-eGR] There are 55 clock nets ( 55 with NDR ).
[NR-eGR] ============ Routing rule table ============
[NR-eGR] Rule id: 0  Nets: 55
[NR-eGR] ========================================
[NR-eGR] 
[NR-eGR] Layer group 1: route 55 net(s) in layer range [3, 4]
[NR-eGR] Early Global Route overflow of layer group 1: 0.00% H + 0.00% V. EstWL: 1.026432e+04um
[NR-eGR] Create a new net group with 20 nets and layer range [3, 6]
[NR-eGR] Layer group 2: route 20 net(s) in layer range [3, 6]
[NR-eGR] Early Global Route overflow of layer group 2: 0.00% H + 0.00% V. EstWL: 1.376064e+04um
[NR-eGR] Create a new net group with 20 nets and layer range [3, 8]
[NR-eGR] Layer group 3: route 20 net(s) in layer range [3, 8]
[NR-eGR] Early Global Route overflow of layer group 3: 0.00% H + 0.00% V. EstWL: 1.727488e+04um
[NR-eGR] Create a new net group with 20 nets and layer range [3, 10]
[NR-eGR] Layer group 4: route 20 net(s) in layer range [3, 10]
[NR-eGR] Early Global Route overflow of layer group 4: 0.00% H + 0.00% V. EstWL: 2.079040e+04um
[NR-eGR] Create a new net group with 20 nets and layer range [3, 11]
[NR-eGR] Layer group 5: route 20 net(s) in layer range [3, 11]
[NR-eGR] Early Global Route overflow of layer group 5: 0.00% H + 0.00% V. EstWL: 2.430464e+04um
[NR-eGR] Congestion Analysis By layer: (blocked Gcells are excluded) 
[NR-eGR]                        OverCon            
[NR-eGR]                         #Gcell     %Gcell
[NR-eGR]        Layer               (1)    OverCon
[NR-eGR] ----------------------------------------------
[NR-eGR]      M1 ( 1)         0( 0.00%)   ( 0.00%) 
[NR-eGR]      M2 ( 2)        76( 0.08%)   ( 0.08%) 
[NR-eGR]      C1 ( 3)         0( 0.00%)   ( 0.00%) 
[NR-eGR]      C2 ( 4)         0( 0.00%)   ( 0.00%) 
[NR-eGR]      C3 ( 5)         0( 0.00%)   ( 0.00%) 
[NR-eGR]      C4 ( 6)         0( 0.00%)   ( 0.00%) 
[NR-eGR]      BA ( 7)         0( 0.00%)   ( 0.00%) 
[NR-eGR]      BB ( 8)         0( 0.00%)   ( 0.00%) 
[NR-eGR]      JA ( 9)         0( 0.00%)   ( 0.00%) 
[NR-eGR]      JB (10)         0( 0.00%)   ( 0.00%) 
[NR-eGR]      LB (11)         0( 0.00%)   ( 0.00%) 
[NR-eGR] ----------------------------------------------
[NR-eGR]        Total        76( 0.01%)   ( 0.01%) 
[NR-eGR] 
[NR-eGR] Overflow after Early Global Route 0.00% H + 0.00% V
[NR-eGR]             Length (um)    Vias 
[NR-eGR] --------------------------------
[NR-eGR]  M1  (1V)             0  108417 
[NR-eGR]  M2  (2H)         68979  212356 
[NR-eGR]  C1  (3V)        117940   56290 
[NR-eGR]  C2  (4H)         93084   22070 
[NR-eGR]  C3  (5V)         88454    8801 
[NR-eGR]  C4  (6H)         56514    1988 
[NR-eGR]  BA  (7V)         22149    1087 
[NR-eGR]  BB  (8H)         11044      30 
[NR-eGR]  JA  (9V)             2       0 
[NR-eGR]  JB  (10H)            0       0 
[NR-eGR]  LB  (11V)            0       0 
[NR-eGR] --------------------------------
[NR-eGR]      Total       458166  411039 
[NR-eGR] --------------------------------------------------------------------------
[NR-eGR] Total half perimeter of net bounding box: 360922um
[NR-eGR] Total length: 458166um, number of vias: 411039
[NR-eGR] --------------------------------------------------------------------------
[NR-eGR] Total eGR-routed clock nets wire length: 10480um, number of vias: 10198
[NR-eGR] --------------------------------------------------------------------------
[NR-eGR] Report for selected net(s) only.
[NR-eGR]             Length (um)   Vias 
[NR-eGR] -------------------------------
[NR-eGR]  M1  (1V)             0    328 
[NR-eGR]  M2  (2H)           610   5489 
[NR-eGR]  C1  (3V)          5061   4176 
[NR-eGR]  C2  (4H)          4530    205 
[NR-eGR]  C3  (5V)           280      0 
[NR-eGR]  C4  (6H)             0      0 
[NR-eGR]  BA  (7V)             0      0 
[NR-eGR]  BB  (8H)             0      0 
[NR-eGR]  JA  (9V)             0      0 
[NR-eGR]  JB  (10H)            0      0 
[NR-eGR]  LB  (11V)            0      0 
[NR-eGR] -------------------------------
[NR-eGR]      Total        10480  10198 
[NR-eGR] --------------------------------------------------------------------------
[NR-eGR] Total half perimeter of net bounding box: 3332um
[NR-eGR] Total length: 10480um, number of vias: 10198
[NR-eGR] --------------------------------------------------------------------------
[NR-eGR] Total routed clock nets wire length: 10480um, number of vias: 10198
[NR-eGR] --------------------------------------------------------------------------
[NR-eGR] Finished Early Global Route kernel ( CPU: 1.46 sec, Real: 0.98 sec, Curr Mem: 47395.58 MB )
        Early Global Route - eGR only step done. (took cpu=0:00:01.6 real=0:00:01.1)
      flow.cputime  flow.realtime  timing.setup.tns  timing.setup.wns  snapshot
UM:*                                                                   Early Global Route - eGR only step
      Routing using eGR only done.
Net route status summary:
  Clock:        55 (unrouted=0, trialRouted=0, noStatus=0, routed=55, fixed=0, [crossesIlmBoundary=0, tooFewTerms=0, (crossesIlmBoundary AND tooFewTerms=0)])
  Non-clock: 57016 (unrouted=19733, trialRouted=37283, noStatus=0, routed=0, fixed=0, [crossesIlmBoundary=0, tooFewTerms=19733, (crossesIlmBoundary AND tooFewTerms=0)])

CCOPT: Done with clock implementation routing.

      Leaving CCOpt scope - Routing Tools done. (took cpu=0:00:02.0 real=0:00:01.5)
    Clock implementation routing done.
    Leaving CCOpt scope - extractRC...
    Updating RC parasitics by calling: "extract_rc -noRouteCheck"...
Extraction called for design 'Silago_bot_right_corner' of instances=35419 and nets=57071 using extraction engine 'pre_route' .
**WARN: (IMPEXT-3530):	The process node is not set. Use the command set_design_mode -process <process node> prior to extraction for maximum accuracy and optimal automatic threshold setting.
Type 'man IMPEXT-3530' for more detail.
pre_route RC Extraction called for design Silago_bot_right_corner.
RC Extraction called in multi-corner(3) mode.
RCMode: PreRoute
      RC Corner Indexes            0       1       2   
Capacitance Scaling Factor   : 1.00000 1.00000 1.00000 
Resistance Scaling Factor    : 1.00000 1.00000 1.00000 
Clock Cap. Scaling Factor    : 1.00000 1.00000 1.00000 
Clock Res. Scaling Factor    : 1.00000 1.00000 1.00000 
Shrink Factor                : 1.00000
PreRoute extraction is honoring NDR/Shielding/ExtraSpace for clock nets.
Using Quantus QRC technology file ...
Updating RC grid for preRoute extraction ...
Initializing multi-corner resistance tables ...
PreRoute RC Extraction DONE (CPU Time: 0:00:00.9  Real Time: 0:00:01.0  MEM: 47395.582M)
    Updating RC parasitics by calling: "extract_rc -noRouteCheck" done.
    Leaving CCOpt scope - extractRC done. (took cpu=0:00:00.9 real=0:00:00.8)
    Leaving CCOpt scope - Initializing placement interface...

**Info: (IMPSP-2062): Some of the PG shapes may not be colorized properly in this design, users are required to run command colorizePowerMesh before any placement related commands!
    Leaving CCOpt scope - Initializing placement interface done. (took cpu=0:00:00.2 real=0:00:00.1)
    Calling post conditioning for eGRPC...
      eGRPC...
        eGRPC active optimizations:
         - Move Down
         - Downsizing before DRV sizing
         - DRV fixing with sizing
         - Move to fanout
         - Cloning
        
        Currently running CTS, using active skew data
        Reset bufferability constraints...
        Resetting previous bufferability status on all nets so that eGRPC will attempt to fix all clock tree violations.
        Clock tree timing engine global stage delay update for WC_dc:setup.late...
        Clock tree timing engine global stage delay update for WC_dc:setup.late done. (took cpu=0:00:00.2 real=0:00:00.0)
        Reset bufferability constraints done. (took cpu=0:00:00.2 real=0:00:00.0)
        Clock DAG stats eGRPC initial state:
          cell counts      : b=54, i=0, icg=0, dcg=0, l=0, total=54
          sink counts      : regular=4770, enable_latch=0, load_capacitance=0, antenna=0, node_sink=0, total=4770
          misc counts      : r=1, pp=0
          cell areas       : b=67.492um^2, i=0.000um^2, icg=0.000um^2, dcg=0.000um^2, l=0.000um^2, total=67.492um^2
          cell capacitance : b=142.246fF, i=0.000fF, icg=0.000fF, dcg=0.000fF, l=0.000fF, total=142.246fF
          sink capacitance : total=3503.304fF, avg=0.734fF, sd=0.034fF, min=0.679fF, max=0.757fF
          wire capacitance : top=0.000fF, trunk=139.372fF, leaf=1287.488fF, total=1426.860fF
          wire lengths     : top=0.000um, trunk=1101.597um, leaf=9378.693um, total=10480.290um
          hp wire lengths  : top=0.000um, trunk=761.048um, leaf=2572.908um, total=3333.956um
        Clock DAG net violations eGRPC initial state: none
        Clock DAG primary half-corner transition distribution eGRPC initial state:
          Trunk : target=87.8ps count=7 avg=36.0ps sd=9.6ps min=19.9ps max=46.5ps {7 <= 52.7ps, 0 <= 70.2ps, 0 <= 79.0ps, 0 <= 83.4ps, 0 <= 87.8ps}
          Leaf  : target=87.8ps count=48 avg=79.2ps sd=5.1ps min=67.6ps max=87.6ps {0 <= 52.7ps, 2 <= 70.2ps, 20 <= 79.0ps, 16 <= 83.4ps, 10 <= 87.8ps}
        Clock DAG library cell distribution eGRPC initial state {count}:
           Bufs: SC8T_BUFX24_CSC28L: 1 SC8T_BUFX20_CSC28L: 2 SC8T_BUFX16_CSC28L: 2 SC8T_BUFX12_CSC28L: 27 SC8T_BUFX10_CSC28L: 22 
        Primary reporting skew groups eGRPC initial state:
          skew_group clk/functional: insertion delay [min=214.6, max=250.0, avg=239.5, sd=5.3], skew [35.4 vs 53.8], 100% {214.6, 250.0} (wid=54.3 ws=34.0) (gid=211.8 gs=27.2)
        Skew group summary eGRPC initial state:
          skew_group clk/functional: insertion delay [min=214.6, max=250.0, avg=239.5, sd=5.3], skew [35.4 vs 53.8], 100% {214.6, 250.0} (wid=54.3 ws=34.0) (gid=211.8 gs=27.2)
        eGRPC Moving buffers...
          Violation analysis...
          Violation analysis done. (took cpu=0:00:00.0 real=0:00:00.0)
      flow.cputime  flow.realtime  timing.setup.tns  timing.setup.wns  snapshot
UM:*                                                                   Violation analysis
          Clock DAG stats after 'eGRPC Moving buffers':
            cell counts      : b=54, i=0, icg=0, dcg=0, l=0, total=54
            sink counts      : regular=4770, enable_latch=0, load_capacitance=0, antenna=0, node_sink=0, total=4770
            misc counts      : r=1, pp=0
            cell areas       : b=67.492um^2, i=0.000um^2, icg=0.000um^2, dcg=0.000um^2, l=0.000um^2, total=67.492um^2
            cell capacitance : b=142.246fF, i=0.000fF, icg=0.000fF, dcg=0.000fF, l=0.000fF, total=142.246fF
            sink capacitance : total=3503.304fF, avg=0.734fF, sd=0.034fF, min=0.679fF, max=0.757fF
            wire capacitance : top=0.000fF, trunk=139.372fF, leaf=1287.488fF, total=1426.860fF
            wire lengths     : top=0.000um, trunk=1101.597um, leaf=9378.693um, total=10480.290um
            hp wire lengths  : top=0.000um, trunk=761.048um, leaf=2572.908um, total=3333.956um
          Clock DAG net violations after 'eGRPC Moving buffers': none
          Clock DAG primary half-corner transition distribution after 'eGRPC Moving buffers':
            Trunk : target=87.8ps count=7 avg=36.0ps sd=9.6ps min=19.9ps max=46.5ps {7 <= 52.7ps, 0 <= 70.2ps, 0 <= 79.0ps, 0 <= 83.4ps, 0 <= 87.8ps}
            Leaf  : target=87.8ps count=48 avg=79.2ps sd=5.1ps min=67.6ps max=87.6ps {0 <= 52.7ps, 2 <= 70.2ps, 20 <= 79.0ps, 16 <= 83.4ps, 10 <= 87.8ps}
          Clock DAG library cell distribution after 'eGRPC Moving buffers' {count}:
             Bufs: SC8T_BUFX24_CSC28L: 1 SC8T_BUFX20_CSC28L: 2 SC8T_BUFX16_CSC28L: 2 SC8T_BUFX12_CSC28L: 27 SC8T_BUFX10_CSC28L: 22 
          Primary reporting skew groups after 'eGRPC Moving buffers':
            skew_group clk/functional: insertion delay [min=214.6, max=250.0], skew [35.4 vs 53.8]
          Skew group summary after 'eGRPC Moving buffers':
            skew_group clk/functional: insertion delay [min=214.6, max=250.0], skew [35.4 vs 53.8]
          Legalizer API calls during this step: 0 succeeded with high effort: 0 succeeded with medium effort: 0 succeeded with low effort: 0 succeeded with basic effort: 0 succeeded with basic unbounded effort: 0
        eGRPC Moving buffers done. (took cpu=0:00:00.3 real=0:00:00.3)
      flow.cputime  flow.realtime  timing.setup.tns  timing.setup.wns  snapshot
UM:*                                                                   eGRPC Moving buffers
        eGRPC Initial Pass of Downsizing Clock Tree cells...
          Artificially removing long paths...
            Legalizer API calls during this step: 0 succeeded with high effort: 0 succeeded with medium effort: 0 succeeded with low effort: 0 succeeded with basic effort: 0 succeeded with basic unbounded effort: 0
          Artificially removing long paths done. (took cpu=0:00:00.0 real=0:00:00.0)
          Modifying slew-target multiplier from 1 to 0.9
          Downsizing prefiltering...
          Downsizing prefiltering done.
          Downsizing: ...20% ...40% ..Library trimming buffers in power domain auto-default and half-corner WC_dc:setup.late removed 0 of 11 cells
          Original list had 11 cells:
          SC8T_BUFX24_CSC28L SC8T_BUFX20_CSC28L SC8T_BUFX16_CSC28L SC8T_BUFX12_CSC28L SC8T_BUFX10_CSC28L SC8T_BUFX8_CSC28L SC8T_BUFX6_CSC28L SC8T_BUFX4_CSC28L SC8T_BUFX3_CSC28L SC8T_BUFX1P5_CSC28L SC8T_BUFX0P5_A_CSC28L 
          Library trimming was not able to trim any cells:
          SC8T_BUFX24_CSC28L SC8T_BUFX20_CSC28L SC8T_BUFX16_CSC28L SC8T_BUFX12_CSC28L SC8T_BUFX10_CSC28L SC8T_BUFX8_CSC28L SC8T_BUFX6_CSC28L SC8T_BUFX4_CSC28L SC8T_BUFX3_CSC28L SC8T_BUFX1P5_CSC28L SC8T_BUFX0P5_A_CSC28L 
          .60% ...80% ...100% 
          DoDownSizing Summary : numSized = 0, numUnchanged = 2, numSkippedDueToOther = 0, numSkippedDueToCloseToSlewTarget = 46, numSkippedDueToCloseToSkewTarget = 7
          CCOpt-eGRPC Downsizing: considered: 2, tested: 0, violation detected: 0, violation ignored (due to small violation): 0, cannot run: 0, attempted: 2, unsuccessful: 0, sized: 0
          Reverting slew-target multiplier from 0.9 to 1
          Clock DAG stats after 'eGRPC Initial Pass of Downsizing Clock Tree cells':
            cell counts      : b=54, i=0, icg=0, dcg=0, l=0, total=54
            sink counts      : regular=4770, enable_latch=0, load_capacitance=0, antenna=0, node_sink=0, total=4770
            misc counts      : r=1, pp=0
            cell areas       : b=67.492um^2, i=0.000um^2, icg=0.000um^2, dcg=0.000um^2, l=0.000um^2, total=67.492um^2
            cell capacitance : b=142.246fF, i=0.000fF, icg=0.000fF, dcg=0.000fF, l=0.000fF, total=142.246fF
            sink capacitance : total=3503.304fF, avg=0.734fF, sd=0.034fF, min=0.679fF, max=0.757fF
            wire capacitance : top=0.000fF, trunk=139.372fF, leaf=1287.488fF, total=1426.860fF
            wire lengths     : top=0.000um, trunk=1101.597um, leaf=9378.693um, total=10480.290um
            hp wire lengths  : top=0.000um, trunk=761.048um, leaf=2572.908um, total=3333.956um
          Clock DAG net violations after 'eGRPC Initial Pass of Downsizing Clock Tree cells': none
          Clock DAG primary half-corner transition distribution after 'eGRPC Initial Pass of Downsizing Clock Tree cells':
            Trunk : target=87.8ps count=7 avg=36.0ps sd=9.6ps min=19.9ps max=46.5ps {7 <= 52.7ps, 0 <= 70.2ps, 0 <= 79.0ps, 0 <= 83.4ps, 0 <= 87.8ps}
            Leaf  : target=87.8ps count=48 avg=79.2ps sd=5.1ps min=67.6ps max=87.6ps {0 <= 52.7ps, 2 <= 70.2ps, 20 <= 79.0ps, 16 <= 83.4ps, 10 <= 87.8ps}
          Clock DAG library cell distribution after 'eGRPC Initial Pass of Downsizing Clock Tree cells' {count}:
             Bufs: SC8T_BUFX24_CSC28L: 1 SC8T_BUFX20_CSC28L: 2 SC8T_BUFX16_CSC28L: 2 SC8T_BUFX12_CSC28L: 27 SC8T_BUFX10_CSC28L: 22 
          Primary reporting skew groups after 'eGRPC Initial Pass of Downsizing Clock Tree cells':
            skew_group clk/functional: insertion delay [min=214.6, max=250.0], skew [35.4 vs 53.8]
          Skew group summary after 'eGRPC Initial Pass of Downsizing Clock Tree cells':
            skew_group clk/functional: insertion delay [min=214.6, max=250.0], skew [35.4 vs 53.8]
          Legalizer API calls during this step: 2 succeeded with high effort: 2 succeeded with medium effort: 0 succeeded with low effort: 0 succeeded with basic effort: 0 succeeded with basic unbounded effort: 0
        eGRPC Initial Pass of Downsizing Clock Tree cells done. (took cpu=0:00:00.2 real=0:00:00.2)
      flow.cputime  flow.realtime  timing.setup.tns  timing.setup.wns  snapshot
UM:*                                                                   eGRPC Initial Pass of Downsizing Clock Tree cells
        eGRPC Fixing DRVs...
          Fixing clock tree DRVs: ...20% ...40% ...60% ...80% ...100% 
          CCOpt-eGRPC: considered: 55, tested: 55, violation detected: 0, violation ignored (due to small violation): 0, cannot run: 0, attempted: 0, unsuccessful: 0, sized: 0
          
          Statistics: Fix DRVs (cell sizing):
          ===================================
          
          Cell changes by Net Type:
          
          -------------------------------------------------------------------------------------------------
          Net Type    Attempted    Upsized     Downsized    Swapped Same Size    Total Changed    Not Sized
          -------------------------------------------------------------------------------------------------
          top                0            0           0            0                    0                0
          trunk              0            0           0            0                    0                0
          leaf               0            0           0            0                    0                0
          -------------------------------------------------------------------------------------------------
          Total              0            0           0            0                    0                0
          -------------------------------------------------------------------------------------------------
          
          Upsized: 0, Downsized: 0, Sized but same area: 0, Unchanged: 0, Area change: 0.000um^2 (0.000%)
          Max. move: 0.000um, Min. move: 0.000um, Avg. move: N/A
          
          Clock DAG stats after 'eGRPC Fixing DRVs':
            cell counts      : b=54, i=0, icg=0, dcg=0, l=0, total=54
            sink counts      : regular=4770, enable_latch=0, load_capacitance=0, antenna=0, node_sink=0, total=4770
            misc counts      : r=1, pp=0
            cell areas       : b=67.492um^2, i=0.000um^2, icg=0.000um^2, dcg=0.000um^2, l=0.000um^2, total=67.492um^2
            cell capacitance : b=142.246fF, i=0.000fF, icg=0.000fF, dcg=0.000fF, l=0.000fF, total=142.246fF
            sink capacitance : total=3503.304fF, avg=0.734fF, sd=0.034fF, min=0.679fF, max=0.757fF
            wire capacitance : top=0.000fF, trunk=139.372fF, leaf=1287.488fF, total=1426.860fF
            wire lengths     : top=0.000um, trunk=1101.597um, leaf=9378.693um, total=10480.290um
            hp wire lengths  : top=0.000um, trunk=761.048um, leaf=2572.908um, total=3333.956um
          Clock DAG net violations after 'eGRPC Fixing DRVs': none
          Clock DAG primary half-corner transition distribution after 'eGRPC Fixing DRVs':
            Trunk : target=87.8ps count=7 avg=36.0ps sd=9.6ps min=19.9ps max=46.5ps {7 <= 52.7ps, 0 <= 70.2ps, 0 <= 79.0ps, 0 <= 83.4ps, 0 <= 87.8ps}
            Leaf  : target=87.8ps count=48 avg=79.2ps sd=5.1ps min=67.6ps max=87.6ps {0 <= 52.7ps, 2 <= 70.2ps, 20 <= 79.0ps, 16 <= 83.4ps, 10 <= 87.8ps}
          Clock DAG library cell distribution after 'eGRPC Fixing DRVs' {count}:
             Bufs: SC8T_BUFX24_CSC28L: 1 SC8T_BUFX20_CSC28L: 2 SC8T_BUFX16_CSC28L: 2 SC8T_BUFX12_CSC28L: 27 SC8T_BUFX10_CSC28L: 22 
          Primary reporting skew groups after 'eGRPC Fixing DRVs':
            skew_group clk/functional: insertion delay [min=214.6, max=250.0], skew [35.4 vs 53.8]
          Skew group summary after 'eGRPC Fixing DRVs':
            skew_group clk/functional: insertion delay [min=214.6, max=250.0], skew [35.4 vs 53.8]
          Legalizer API calls during this step: 0 succeeded with high effort: 0 succeeded with medium effort: 0 succeeded with low effort: 0 succeeded with basic effort: 0 succeeded with basic unbounded effort: 0
        eGRPC Fixing DRVs done. (took cpu=0:00:00.1 real=0:00:00.1)
      flow.cputime  flow.realtime  timing.setup.tns  timing.setup.wns  snapshot
UM:*                                                                   eGRPC Fixing DRVs
        Reconnecting optimized routes...
        Reset timing graph...
Ignoring AAE DB Resetting ...
        Reset timing graph done.
        Reconnecting optimized routes done. (took cpu=0:00:00.0 real=0:00:00.0)
        Violation analysis...
        Violation analysis done. (took cpu=0:00:00.0 real=0:00:00.0)
      flow.cputime  flow.realtime  timing.setup.tns  timing.setup.wns  snapshot
UM:*                                                                   Violation analysis
        Reset timing graph...
Ignoring AAE DB Resetting ...
        Reset timing graph done.
        Clock DAG stats before routing clock trees:
          cell counts      : b=54, i=0, icg=0, dcg=0, l=0, total=54
          sink counts      : regular=4770, enable_latch=0, load_capacitance=0, antenna=0, node_sink=0, total=4770
          misc counts      : r=1, pp=0
          cell areas       : b=67.492um^2, i=0.000um^2, icg=0.000um^2, dcg=0.000um^2, l=0.000um^2, total=67.492um^2
          cell capacitance : b=142.246fF, i=0.000fF, icg=0.000fF, dcg=0.000fF, l=0.000fF, total=142.246fF
          sink capacitance : total=3503.304fF, avg=0.734fF, sd=0.034fF, min=0.679fF, max=0.757fF
          wire capacitance : top=0.000fF, trunk=139.372fF, leaf=1287.488fF, total=1426.860fF
          wire lengths     : top=0.000um, trunk=1101.597um, leaf=9378.693um, total=10480.290um
          hp wire lengths  : top=0.000um, trunk=761.048um, leaf=2572.908um, total=3333.956um
        Clock DAG net violations before routing clock trees: none
        Clock DAG primary half-corner transition distribution before routing clock trees:
          Trunk : target=87.8ps count=7 avg=36.0ps sd=9.6ps min=19.9ps max=46.5ps {7 <= 52.7ps, 0 <= 70.2ps, 0 <= 79.0ps, 0 <= 83.4ps, 0 <= 87.8ps}
          Leaf  : target=87.8ps count=48 avg=79.2ps sd=5.1ps min=67.6ps max=87.6ps {0 <= 52.7ps, 2 <= 70.2ps, 20 <= 79.0ps, 16 <= 83.4ps, 10 <= 87.8ps}
        Clock DAG library cell distribution before routing clock trees {count}:
           Bufs: SC8T_BUFX24_CSC28L: 1 SC8T_BUFX20_CSC28L: 2 SC8T_BUFX16_CSC28L: 2 SC8T_BUFX12_CSC28L: 27 SC8T_BUFX10_CSC28L: 22 
        Primary reporting skew groups before routing clock trees:
          skew_group clk/functional: insertion delay [min=214.6, max=250.0, avg=239.5, sd=5.3], skew [35.4 vs 53.8], 100% {214.6, 250.0} (wid=54.3 ws=34.0) (gid=211.8 gs=27.2)
        Skew group summary before routing clock trees:
          skew_group clk/functional: insertion delay [min=214.6, max=250.0, avg=239.5, sd=5.3], skew [35.4 vs 53.8], 100% {214.6, 250.0} (wid=54.3 ws=34.0) (gid=211.8 gs=27.2)
      eGRPC done.
    Calling post conditioning for eGRPC done.
  eGR Post Conditioning loop iteration 0 done.
  Refine place not called during Post Conditioning. Calling it now the eGR->PC Loop is complete.
  Leaving CCOpt scope - Cleaning up placement interface...
  Leaving CCOpt scope - Cleaning up placement interface done. (took cpu=0:00:00.2 real=0:00:00.1)
  Leaving CCOpt scope - ClockRefiner...
  Soft fixed 54 clock instances.
  Performing Single Pass Refine Place.

**Info: (IMPSP-2062): Some of the PG shapes may not be colorized properly in this design, users are required to run command colorizePowerMesh before any placement related commands!
*** Starting place_detail (0:28:14 mem=3998.8M) ***
Total net bbox length = 3.609e+05 (1.782e+05 1.828e+05) (ext = 5.671e+04)

**Info: (IMPSP-2062): Some of the PG shapes may not be colorized properly in this design, users are required to run command colorizePowerMesh before any placement related commands!
Move report: Detail placement moves 155 insts, mean move: 0.47 um, max move: 2.44 um 
	Max move on inst (SILEGO_cell/MTRF_cell/seq_gen/U7950): (74.36, 64.64) --> (74.88, 66.56)
	Runtime: CPU: 0:00:04.2 REAL: 0:00:01.0 MEM: 3986.3MB
Summary Report:
Instances move: 155 (out of 35419 movable)
Instances flipped: 1
Mean displacement: 0.47 um
Max displacement: 2.44 um (Instance: SILEGO_cell/MTRF_cell/seq_gen/U7950) (74.36, 64.64) -> (74.88, 66.56)
	Length: 2 sites, height: 1 rows, site name: SC8T_104CPP_CMOS22FDX, cell type: SC8T_INVX0P5_CSC28L
Total net bbox length = 3.610e+05 (1.782e+05 1.828e+05) (ext = 5.671e+04)
Runtime: CPU: 0:00:04.3 REAL: 0:00:01.0 MEM: 3986.3MB
*** Finished place_detail (0:28:19 mem=3986.3M) ***
  ClockRefiner summary
  All clock instances: Moved 11, flipped 0 and cell swapped 0 (out of a total of 4824).
  The largest move was 0.52 um for SILEGO_cell/MTRF_cell/seq_gen/u_Raccu/raccu_RF_u/raccu_data_reg_reg[0][1].
  Restoring place_status_cts on 54 clock instances.
  Leaving CCOpt scope - ClockRefiner done. (took cpu=0:00:04.7 real=0:00:01.7)
  CCOpt::Phase::eGRPC done. (took cpu=0:00:10.3 real=0:00:06.4)
      flow.cputime  flow.realtime  timing.setup.tns  timing.setup.wns  snapshot
UM:*                                                                   CCOpt::Phase::eGRPC
  CCOpt::Phase::Routing...
  Clock implementation routing...
    Leaving CCOpt scope - Routing Tools...
Net route status summary:
  Clock:        55 (unrouted=0, trialRouted=0, noStatus=0, routed=55, fixed=0, [crossesIlmBoundary=0, tooFewTerms=0, (crossesIlmBoundary AND tooFewTerms=0)])
  Non-clock: 57016 (unrouted=19733, trialRouted=37283, noStatus=0, routed=0, fixed=0, [crossesIlmBoundary=0, tooFewTerms=19733, (crossesIlmBoundary AND tooFewTerms=0)])
    Routing using eGR in eGR->NR Step...
      Early Global Route - eGR->Nr High Frequency step...
(ccopt eGR): There are 55 nets to be routed. 0 nets have skip routing designation.
(ccopt eGR): There are 55 nets for routing of which 55 have one or more fixed wires.
(ccopt eGR): Start to route 55 all nets
[NR-eGR] Track table information for default rule: 
[NR-eGR] M1 has single uniform track structure
[NR-eGR] M2 has single uniform track structure
[NR-eGR] C1 has single uniform track structure
[NR-eGR] C2 has single uniform track structure
[NR-eGR] C3 has single uniform track structure
[NR-eGR] C4 has single uniform track structure
[NR-eGR] BA has single uniform track structure
[NR-eGR] BB has single uniform track structure
[NR-eGR] JA has single uniform track structure
[NR-eGR] JB has single uniform track structure
[NR-eGR] LB has single uniform track structure
[NR-eGR] Read 21 PG shapes
[NR-eGR] Read 0 clock shapes
[NR-eGR] Read 0 other shapes
[NR-eGR] #Routing Blockages  : 31
[NR-eGR] #Instance Blockages : 98678
[NR-eGR] #PG Blockages       : 21
[NR-eGR] #Halo Blockages     : 0
[NR-eGR] #Boundary Blockages : 0
[NR-eGR] #Clock Blockages    : 0
[NR-eGR] #Other Blockages    : 0
[NR-eGR] Num Prerouted Nets = 0  Num Prerouted Wires = 0
[NR-eGR] Read 37338 nets ( ignored 37283 )
[NR-eGR] Connected 0 must-join pins/ports
[NR-eGR] There are 55 clock nets ( 55 with NDR ).
[NR-eGR] ============ Routing rule table ============
[NR-eGR] Rule id: 0  Nets: 55
[NR-eGR] ========================================
[NR-eGR] 
[NR-eGR] Layer group 1: route 55 net(s) in layer range [3, 4]
[NR-eGR] Early Global Route overflow of layer group 1: 0.00% H + 0.00% V. EstWL: 1.026304e+04um
[NR-eGR] Create a new net group with 19 nets and layer range [3, 6]
[NR-eGR] Layer group 2: route 19 net(s) in layer range [3, 6]
[NR-eGR] Early Global Route overflow of layer group 2: 0.00% H + 0.00% V. EstWL: 1.357248e+04um
[NR-eGR] Create a new net group with 19 nets and layer range [3, 8]
[NR-eGR] Layer group 3: route 19 net(s) in layer range [3, 8]
[NR-eGR] Early Global Route overflow of layer group 3: 0.00% H + 0.00% V. EstWL: 1.690048e+04um
[NR-eGR] Create a new net group with 19 nets and layer range [3, 10]
[NR-eGR] Layer group 4: route 19 net(s) in layer range [3, 10]
[NR-eGR] Early Global Route overflow of layer group 4: 0.00% H + 0.00% V. EstWL: 2.022976e+04um
[NR-eGR] Create a new net group with 19 nets and layer range [3, 11]
[NR-eGR] Layer group 5: route 19 net(s) in layer range [3, 11]
[NR-eGR] Early Global Route overflow of layer group 5: 0.00% H + 0.00% V. EstWL: 2.355776e+04um
[NR-eGR] Congestion Analysis By layer: (blocked Gcells are excluded) 
[NR-eGR]                        OverCon            
[NR-eGR]                         #Gcell     %Gcell
[NR-eGR]        Layer               (1)    OverCon
[NR-eGR] ----------------------------------------------
[NR-eGR]      M1 ( 1)         0( 0.00%)   ( 0.00%) 
[NR-eGR]      M2 ( 2)        68( 0.07%)   ( 0.07%) 
[NR-eGR]      C1 ( 3)         0( 0.00%)   ( 0.00%) 
[NR-eGR]      C2 ( 4)         0( 0.00%)   ( 0.00%) 
[NR-eGR]      C3 ( 5)         0( 0.00%)   ( 0.00%) 
[NR-eGR]      C4 ( 6)         0( 0.00%)   ( 0.00%) 
[NR-eGR]      BA ( 7)         0( 0.00%)   ( 0.00%) 
[NR-eGR]      BB ( 8)         0( 0.00%)   ( 0.00%) 
[NR-eGR]      JA ( 9)         0( 0.00%)   ( 0.00%) 
[NR-eGR]      JB (10)         0( 0.00%)   ( 0.00%) 
[NR-eGR]      LB (11)         0( 0.00%)   ( 0.00%) 
[NR-eGR] ----------------------------------------------
[NR-eGR]        Total        68( 0.01%)   ( 0.01%) 
[NR-eGR] 
[NR-eGR] Overflow after Early Global Route 0.00% H + 0.00% V
[NR-eGR]             Length (um)    Vias 
[NR-eGR] --------------------------------
[NR-eGR]  M1  (1V)             0  108417 
[NR-eGR]  M2  (2H)         68984  212359 
[NR-eGR]  C1  (3V)        117956   56278 
[NR-eGR]  C2  (4H)         93074   22058 
[NR-eGR]  C3  (5V)         88438    8801 
[NR-eGR]  C4  (6H)         56514    1988 
[NR-eGR]  BA  (7V)         22149    1087 
[NR-eGR]  BB  (8H)         11044      30 
[NR-eGR]  JA  (9V)             2       0 
[NR-eGR]  JB  (10H)            0       0 
[NR-eGR]  LB  (11V)            0       0 
[NR-eGR] --------------------------------
[NR-eGR]      Total       458161  411018 
[NR-eGR] --------------------------------------------------------------------------
[NR-eGR] Total half perimeter of net bounding box: 360973um
[NR-eGR] Total length: 458161um, number of vias: 411018
[NR-eGR] --------------------------------------------------------------------------
[NR-eGR] Total eGR-routed clock nets wire length: 10476um, number of vias: 10177
[NR-eGR] --------------------------------------------------------------------------
[NR-eGR] Report for selected net(s) only.
[NR-eGR]             Length (um)   Vias 
[NR-eGR] -------------------------------
[NR-eGR]  M1  (1V)             0    328 
[NR-eGR]  M2  (2H)           614   5492 
[NR-eGR]  C1  (3V)          5078   4164 
[NR-eGR]  C2  (4H)          4520    193 
[NR-eGR]  C3  (5V)           264      0 
[NR-eGR]  C4  (6H)             0      0 
[NR-eGR]  BA  (7V)             0      0 
[NR-eGR]  BB  (8H)             0      0 
[NR-eGR]  JA  (9V)             0      0 
[NR-eGR]  JB  (10H)            0      0 
[NR-eGR]  LB  (11V)            0      0 
[NR-eGR] -------------------------------
[NR-eGR]      Total        10476  10177 
[NR-eGR] --------------------------------------------------------------------------
[NR-eGR] Total half perimeter of net bounding box: 3332um
[NR-eGR] Total length: 10476um, number of vias: 10177
[NR-eGR] --------------------------------------------------------------------------
[NR-eGR] Total routed clock nets wire length: 10476um, number of vias: 10177
[NR-eGR] --------------------------------------------------------------------------
[NR-eGR] Finished Early Global Route kernel ( CPU: 1.46 sec, Real: 0.98 sec, Curr Mem: 4019.21 MB )
      Early Global Route - eGR->Nr High Frequency step done. (took cpu=0:00:01.6 real=0:00:01.1)
      flow.cputime  flow.realtime  timing.setup.tns  timing.setup.wns  snapshot
UM:*                                                                   Early Global Route - eGR->Nr High Frequency step
    Routing using eGR in eGR->NR Step done.
    Routing using NR in eGR->NR Step...

CCOPT: Preparing to route 55 clock nets with NanoRoute.
  All net are default rule.
  Preferred NanoRoute mode settings: Current
**WARN: (IMPTCM-77):	Option "-grouteExpUseNanoRoute2" for command setNanoRouteMode is obsolete and will be removed in a future release. The obsolete option still works in this release but to avoid this warning and to ensure compatibility with future releases, remove the obsolete option from your script.
**WARN: (IMPDBTCL-321):	The attribute 'route_design_global_exp_use_nano_route2' still works but will be obsolete in a future major release. You should remove it from your script before the next major release to avoid errors.
**WARN: (IMPTCM-77):	Option "-routeExpDeterministicMultiThread" for command setNanoRouteMode is obsolete and will be removed in a future release. The obsolete option still works in this release but to avoid this warning and to ensure compatibility with future releases, remove the obsolete option from your script.
**WARN: (IMPDBTCL-321):	The attribute 'route_design_exp_deterministic_multi_thread' still works but will be obsolete in a future major release. You should remove it from your script before the next major release to avoid errors.
      Clock detailed routing...
        NanoRoute...

route_global_detail

#Start route_global_detail on Sat Jan  3 09:27:01 2026
#
#num needed restored net=0
#need_extraction net=0 (total=57071)
#WARNING (NRDB-2005) SPECIAL_NET VSS has special wires but no definitions for instance pins or top level pins. This will cause routability problems later.
#WARNING (NRDB-2005) SPECIAL_NET VSS has special wires but no definitions for instance pins or top level pins. This will cause routability problems later.
#NanoRoute Version 21.19-s058_1 NR231113-0413/21_19-UB
#
#Wire/Via statistics before line assignment ...
#Total number of nets with non-default rule or having extra spacing = 55
#Total wire length = 10476 um.
#Total half perimeter of net bounding box = 3357 um.
#Total wire length on LAYER M1 = 0 um.
#Total wire length on LAYER M2 = 614 um.
#Total wire length on LAYER C1 = 5078 um.
#Total wire length on LAYER C2 = 4520 um.
#Total wire length on LAYER C3 = 264 um.
#Total wire length on LAYER C4 = 0 um.
#Total wire length on LAYER BA = 0 um.
#Total wire length on LAYER BB = 0 um.
#Total wire length on LAYER JA = 0 um.
#Total wire length on LAYER JB = 0 um.
#Total wire length on LAYER LB = 0 um.
#Total number of vias = 10177
#Up-Via Summary (total 10177):
#           
#-----------------------
# M1                328
# M2               5492
# C1               4164
# C2                193
#-----------------------
#                 10177 
#
#Start routing data preparation on Sat Jan  3 09:27:02 2026
#
#Minimum voltage of a net in the design = 0.000.
#Maximum voltage of a net in the design = 0.800.
#Voltage range [0.000 - 0.800] has 57038 nets.
#Voltage range [0.000 - 0.000] has 32 nets.
#Voltage range [0.720 - 0.800] has 1 net.
#Build and mark too close pins for the same net.
#Initial pin access analysis.
#Detail pin access analysis.
# M1           V   Track-Pitch = 0.10400    Line-2-Via Pitch = 0.08000
# M2           H   Track-Pitch = 0.08000    Line-2-Via Pitch = 0.08000
# C1           V   Track-Pitch = 0.09000    Line-2-Via Pitch = 0.09000
# C2           H   Track-Pitch = 0.09000    Line-2-Via Pitch = 0.09000
# C3           V   Track-Pitch = 0.09000    Line-2-Via Pitch = 0.09000
# C4           H   Track-Pitch = 0.09000    Line-2-Via Pitch = 0.09000
# BA           V   Track-Pitch = 0.18000    Line-2-Via Pitch = 0.18000
# BB           H   Track-Pitch = 0.18000    Line-2-Via Pitch = 0.18000
# JA           V   Track-Pitch = 0.90000    Line-2-Via Pitch = 0.90000
# JB           H   Track-Pitch = 0.90000    Line-2-Via Pitch = 0.90000
# LB           V   Track-Pitch = 3.60000    Line-2-Via Pitch = 4.50000
#WARNING (NRAG-44) Track pitch is too small compared with line-2-via pitch.
#Bottom routing layer index=1(M1), bottom routing layer for shielding=3(C1), bottom shield layer=3(C1)
#shield_bottom_stripe_layer=3(C1), shield_top_stripe_layer=11(LB)
#pin_access_rlayer=2(M2)
#shield_top_dpt_rlayer=2 top_rlayer=11 top_trim_metal_rlayer=-1 rlayer_lowest=3 bottom_rlayer=1
#enable_trim_layer_shield=F enable_dpt_layer_shield=F has_line_end_grid=F
#cpu time = 00:00:00, elapsed time = 00:00:00, memory = 2551.43 (MB), peak = 2785.14 (MB)
#Regenerating Ggrids automatically.
#Auto generating G-grids with size=15 tracks, using layer C1's pitch = 0.09000.
#Using automatically generated G-grids.
#Done routing data preparation.
#cpu time = 00:00:54, elapsed time = 00:00:11, memory = 2605.29 (MB), peak = 2785.14 (MB)
#Minimum voltage of a net in the design = 0.000.
#Maximum voltage of a net in the design = 0.800.
#Voltage range [0.000 - 0.800] has 57038 nets.
#Voltage range [0.000 - 0.000] has 32 nets.
#Voltage range [0.720 - 0.800] has 1 net.
#Start instance access analysis using 8 threads...
#Set layer M1 to be advanced pin access layer.
#Set instance access analysis scope -2.56000, -2.28000, 202.07500, 202.61000
#0 instance pins are hard to access
#Instance access analysis statistics:
#Cpu time = 00:00:01
#Elapsed time = 00:00:01
#Increased memory = 12.23 (MB)
#Total memory = 2617.52 (MB)
#Peak memory = 2823.73 (MB)
Updating RC grid for preRoute extraction ...
Initializing multi-corner resistance tables ...
#
#Distribution of nets:
#Largest net has 4771 pins
#  
# #pin range           #net       %
#------------------------------------
#          2           24386 ( 42.7%)
#          3            5383 (  9.4%)
#          4            2024 (  3.5%)
#          5            2806 (  4.9%)
#          6             338 (  0.6%)
#          7             283 (  0.5%)
#          8             234 (  0.4%)
#          9             199 (  0.3%)
#  10  -  19            1041 (  1.8%)
#  20  -  29             322 (  0.6%)
#  30  -  39              71 (  0.1%)
#  40  -  49              14 (  0.0%)
#  50  -  59              57 (  0.1%)
#  60  -  69             100 (  0.2%)
#  70  -  79               2 (  0.0%)
#  90  -  99              10 (  0.0%)
#  100 - 199              56 (  0.1%)
#  200 - 299              10 (  0.0%)
#  1600-1699               1 (  0.0%)
#     >=2000               1 (  0.0%)
#
#Total: 57071 nets, 37338 non-trivial nets
#                              #net       %
#-------------------------------------------
#  Fully global routed           55 ( 0.1%)
#  Clock                         55
#  Extra space                   55
#  Prefer layer range         37338
#
#Nets in 2 layer ranges:
#  Bottom Pref.Layer    Top Pref.Layer       #net       %
#---------------------------------------------------------
#              -----             8 BB*      37283 ( 99.9%)
#               3 C1             4 C2          55 (  0.1%)
#
#55 nets selected.
#
#Iteration 1.1: cpu:00:00:01, real:00:00:00, mem:2.6 GB, peak:2.8 GB --5.02 [8]--
#Iteration 1.2: cpu:00:00:00, real:00:00:00, mem:2.6 GB, peak:2.8 GB --1.80 [8]--
#Iteration 1.3: cpu:00:00:00, real:00:00:00, mem:2.6 GB, peak:2.8 GB --1.69 [8]--
#Iteration 1.4: cpu:00:00:00, real:00:00:00, mem:2.6 GB, peak:2.8 GB --1.63 [8]--
#Iteration 2.1: cpu:00:00:01, real:00:00:00, mem:2.6 GB, peak:2.8 GB --4.94 [8]--
#Iteration 2.2: cpu:00:00:00, real:00:00:00, mem:2.6 GB, peak:2.8 GB --1.84 [8]--
#Iteration 2.3: cpu:00:00:00, real:00:00:00, mem:2.6 GB, peak:2.8 GB --1.79 [8]--
#Iteration 2.4: cpu:00:00:00, real:00:00:00, mem:2.6 GB, peak:2.8 GB --1.74 [8]--
#Iteration 3.1: cpu:00:00:01, real:00:00:00, mem:2.6 GB, peak:2.8 GB --4.97 [8]--
#Iteration 3.2: cpu:00:00:00, real:00:00:00, mem:2.6 GB, peak:2.8 GB --1.74 [8]--
#Iteration 3.3: cpu:00:00:00, real:00:00:00, mem:2.6 GB, peak:2.8 GB --1.73 [8]--
#Iteration 3.4: cpu:00:00:00, real:00:00:00, mem:2.6 GB, peak:2.8 GB --1.72 [8]--
#
#Line Assignment statistics:
#Cpu time = 00:00:03
#Elapsed time = 00:00:01
#Increased memory = 11.12 (MB)
#Total memory = 2649.24 (MB)
#Peak memory = 2823.73 (MB)
#End Line Assignment: cpu:00:00:03, real:00:00:01, mem:2.6 GB, peak:2.8 GB --3.20 [8]--
#
#Wire/Via statistics after line assignment ...
#Total number of nets with non-default rule or having extra spacing = 55
#Total wire length = 10699 um.
#Total half perimeter of net bounding box = 3357 um.
#Total wire length on LAYER M1 = 0 um.
#Total wire length on LAYER M2 = 953 um.
#Total wire length on LAYER C1 = 5079 um.
#Total wire length on LAYER C2 = 4416 um.
#Total wire length on LAYER C3 = 252 um.
#Total wire length on LAYER C4 = 0 um.
#Total wire length on LAYER BA = 0 um.
#Total wire length on LAYER BB = 0 um.
#Total wire length on LAYER JA = 0 um.
#Total wire length on LAYER JB = 0 um.
#Total wire length on LAYER LB = 0 um.
#Total number of vias = 9132
#Up-Via Summary (total 9132):
#           
#-----------------------
# M1                328
# M2               5211
# C1               3429
# C2                164
#-----------------------
#                  9132 
#
#Routing data preparation, pin analysis, line assignment statistics:
#Cpu time = 00:00:59
#Elapsed time = 00:00:13
#Increased memory = 127.02 (MB)
#Total memory = 2631.90 (MB)
#Peak memory = 2823.73 (MB)
#Skip comparing routing design signature in db-snapshot flow
#Using multithreading with 8 threads.
#Minimum voltage of a net in the design = 0.000.
#Maximum voltage of a net in the design = 0.800.
#Voltage range [0.000 - 0.800] has 57038 nets.
#Voltage range [0.000 - 0.000] has 32 nets.
#Voltage range [0.720 - 0.800] has 1 net.
#Minimum voltage of a net in the design = 0.000.
#Maximum voltage of a net in the design = 0.800.
#Voltage range [0.000 - 0.800] has 57038 nets.
#Voltage range [0.000 - 0.000] has 32 nets.
#Voltage range [0.720 - 0.800] has 1 net.
#Minimum voltage of a net in the design = 0.000.
#Maximum voltage of a net in the design = 0.800.
#Voltage range [0.000 - 0.800] has 57038 nets.
#Voltage range [0.000 - 0.000] has 32 nets.
#Voltage range [0.720 - 0.800] has 1 net.
#Minimum voltage of a net in the design = 0.000.
#Maximum voltage of a net in the design = 0.800.
#Voltage range [0.000 - 0.800] has 57038 nets.
#Voltage range [0.000 - 0.000] has 32 nets.
#Voltage range [0.720 - 0.800] has 1 net.
#
#Start Detail Routing..
#start initial detail routing ...
#   number of violations = 1
#
#    By Layer and Type :
#	            Enc   Totals
#	M1            0        0
#	M2            1        1
#	Totals        1        1
#cpu time = 00:01:08, elapsed time = 00:00:09, memory = 2658.51 (MB), peak = 2968.32 (MB)
#start 1st optimization iteration ...
#   number of violations = 0
#cpu time = 00:00:00, elapsed time = 00:00:00, memory = 2655.92 (MB), peak = 2968.32 (MB)
#Complete Detail Routing.
#Total number of nets with non-default rule or having extra spacing = 55
#Total wire length = 10535 um.
#Total half perimeter of net bounding box = 3357 um.
#Total wire length on LAYER M1 = 0 um.
#Total wire length on LAYER M2 = 171 um.
#Total wire length on LAYER C1 = 5294 um.
#Total wire length on LAYER C2 = 4818 um.
#Total wire length on LAYER C3 = 252 um.
#Total wire length on LAYER C4 = 0 um.
#Total wire length on LAYER BA = 0 um.
#Total wire length on LAYER BB = 0 um.
#Total wire length on LAYER JA = 0 um.
#Total wire length on LAYER JB = 0 um.
#Total wire length on LAYER LB = 0 um.
#Total number of vias = 10063
#Up-Via Summary (total 10063):
#           
#-----------------------
# M1                328
# M2               4875
# C1               4698
# C2                162
#-----------------------
#                 10063 
#
#Total number of DRC violations = 0
#Cpu time = 00:01:09
#Elapsed time = 00:00:09
#Increased memory = 23.80 (MB)
#Total memory = 2655.92 (MB)
#Peak memory = 2968.32 (MB)
#Skip updating routing design signature in db-snapshot flow
#route_detail Statistics:
#Cpu time = 00:01:09
#Elapsed time = 00:00:09
#Increased memory = 24.02 (MB)
#Total memory = 2655.92 (MB)
#Peak memory = 2968.32 (MB)
#
#route_global_detail statistics:
#Cpu time = 00:02:10
#Elapsed time = 00:00:24
#Increased memory = 132.12 (MB)
#Total memory = 2649.31 (MB)
#Peak memory = 2968.32 (MB)
#Number of warnings = 3
#Total number of warnings = 17
#Number of fails = 0
#Total number of fails = 0
#Complete route_global_detail on Sat Jan  3 09:27:25 2026
#
        NanoRoute done. (took cpu=0:02:10 real=0:00:23.9)
      flow.cputime  flow.realtime  timing.setup.tns  timing.setup.wns  snapshot
UM:*                                                                   NanoRoute
      Clock detailed routing done.
Skipping check of guided vs. routed net lengths.
Set FIXED routing status on 55 net(s)
Set FIXED placed status on 54 instance(s)
      Route Remaining Unrouted Nets...
Running route_early_global to complete any remaining unrouted nets.
[NR-eGR] Started Early Global Route kernel ( Curr Mem: 4178.57 MB )
[NR-eGR] Track table information for default rule: 
[NR-eGR] M1 has single uniform track structure
[NR-eGR] M2 has single uniform track structure
[NR-eGR] C1 has single uniform track structure
[NR-eGR] C2 has single uniform track structure
[NR-eGR] C3 has single uniform track structure
[NR-eGR] C4 has single uniform track structure
[NR-eGR] BA has single uniform track structure
[NR-eGR] BB has single uniform track structure
[NR-eGR] JA has single uniform track structure
[NR-eGR] JB has single uniform track structure
[NR-eGR] LB has single uniform track structure
[NR-eGR] Read 21 PG shapes
[NR-eGR] Read 0 clock shapes
[NR-eGR] Read 0 other shapes
[NR-eGR] #Routing Blockages  : 31
[NR-eGR] #Instance Blockages : 98678
[NR-eGR] #PG Blockages       : 21
[NR-eGR] #Halo Blockages     : 0
[NR-eGR] #Boundary Blockages : 0
[NR-eGR] #Clock Blockages    : 0
[NR-eGR] #Other Blockages    : 0
[NR-eGR] Num Prerouted Nets = 55  Num Prerouted Wires = 16622
[NR-eGR] Read 37338 nets ( ignored 55 )
[NR-eGR] ============ Routing rule table ============
[NR-eGR] Rule id: 1  Nets: 37283
[NR-eGR] ========================================
[NR-eGR] 
[NR-eGR] Layer group 1: route 37283 net(s) in layer range [2, 11]
[NR-eGR] Early Global Route overflow of layer group 1: 0.40% H + 0.20% V. EstWL: 4.343418e+05um
[NR-eGR] Congestion Analysis By layer: (blocked Gcells are excluded) 
[NR-eGR]                        OverCon           OverCon           OverCon            
[NR-eGR]                         #Gcell            #Gcell            #Gcell     %Gcell
[NR-eGR]        Layer             (1-4)             (5-8)            (9-10)    OverCon
[NR-eGR] --------------------------------------------------------------------------------
[NR-eGR]      M1 ( 1)         0( 0.00%)         0( 0.00%)         0( 0.00%)   ( 0.00%) 
[NR-eGR]      M2 ( 2)       839( 0.86%)         2( 0.00%)         0( 0.00%)   ( 0.86%) 
[NR-eGR]      C1 ( 3)       240( 0.25%)         1( 0.00%)         0( 0.00%)   ( 0.25%) 
[NR-eGR]      C2 ( 4)        50( 0.05%)         1( 0.00%)         0( 0.00%)   ( 0.05%) 
[NR-eGR]      C3 ( 5)        26( 0.03%)         2( 0.00%)         0( 0.00%)   ( 0.03%) 
[NR-eGR]      C4 ( 6)        62( 0.06%)        15( 0.02%)         3( 0.00%)   ( 0.08%) 
[NR-eGR]      BA ( 7)        21( 0.02%)         0( 0.00%)         0( 0.00%)   ( 0.02%) 
[NR-eGR]      BB ( 8)        26( 0.03%)         9( 0.01%)         0( 0.00%)   ( 0.04%) 
[NR-eGR]      JA ( 9)         0( 0.00%)         0( 0.00%)         0( 0.00%)   ( 0.00%) 
[NR-eGR]      JB (10)         0( 0.00%)         0( 0.00%)         0( 0.00%)   ( 0.00%) 
[NR-eGR]      LB (11)         0( 0.00%)         0( 0.00%)         0( 0.00%)   ( 0.00%) 
[NR-eGR] --------------------------------------------------------------------------------
[NR-eGR]        Total      1264( 0.17%)        30( 0.00%)         3( 0.00%)   ( 0.17%) 
[NR-eGR] 
[NR-eGR] Overflow after Early Global Route 0.06% H + 0.02% V
[NR-eGR]             Length (um)    Vias 
[NR-eGR] --------------------------------
[NR-eGR]  M1  (1V)             0  108417 
[NR-eGR]  M2  (2H)         68617  212024 
[NR-eGR]  C1  (3V)        118497   56632 
[NR-eGR]  C2  (4H)         92996   22382 
[NR-eGR]  C3  (5V)         88166    8848 
[NR-eGR]  C4  (6H)         56927    1966 
[NR-eGR]  BA  (7V)         22210    1031 
[NR-eGR]  BB  (8H)         10946      34 
[NR-eGR]  JA  (9V)             2       0 
[NR-eGR]  JB  (10H)            0       0 
[NR-eGR]  LB  (11V)            0       0 
[NR-eGR] --------------------------------
[NR-eGR]      Total       458361  411334 
[NR-eGR] --------------------------------------------------------------------------
[NR-eGR] Total half perimeter of net bounding box: 360973um
[NR-eGR] Total length: 458361um, number of vias: 411334
[NR-eGR] --------------------------------------------------------------------------
[NR-eGR] Total eGR-routed clock nets wire length: 0um, number of vias: 0
[NR-eGR] --------------------------------------------------------------------------
[NR-eGR] Finished Early Global Route kernel ( CPU: 8.32 sec, Real: 2.40 sec, Curr Mem: 4216.05 MB )
      Route Remaining Unrouted Nets done. (took cpu=0:00:08.4 real=0:00:02.5)
      flow.cputime  flow.realtime  timing.setup.tns  timing.setup.wns  snapshot
UM:*                                                                   Route Remaining Unrouted Nets
    Routing using NR in eGR->NR Step done.
Net route status summary:
  Clock:        55 (unrouted=0, trialRouted=0, noStatus=0, routed=0, fixed=55, [crossesIlmBoundary=0, tooFewTerms=0, (crossesIlmBoundary AND tooFewTerms=0)])
  Non-clock: 57016 (unrouted=19733, trialRouted=37283, noStatus=0, routed=0, fixed=0, [crossesIlmBoundary=0, tooFewTerms=19733, (crossesIlmBoundary AND tooFewTerms=0)])

CCOPT: Done with clock implementation routing.

    Leaving CCOpt scope - Routing Tools done. (took cpu=0:02:21 real=0:00:28.5)
  Clock implementation routing done.
  Leaving CCOpt scope - extractRC...
  Updating RC parasitics by calling: "extract_rc -noRouteCheck"...
Extraction called for design 'Silago_bot_right_corner' of instances=35419 and nets=57071 using extraction engine 'pre_route' .
**WARN: (IMPEXT-3530):	The process node is not set. Use the command set_design_mode -process <process node> prior to extraction for maximum accuracy and optimal automatic threshold setting.
Type 'man IMPEXT-3530' for more detail.
pre_route RC Extraction called for design Silago_bot_right_corner.
RC Extraction called in multi-corner(3) mode.
RCMode: PreRoute
      RC Corner Indexes            0       1       2   
Capacitance Scaling Factor   : 1.00000 1.00000 1.00000 
Resistance Scaling Factor    : 1.00000 1.00000 1.00000 
Clock Cap. Scaling Factor    : 1.00000 1.00000 1.00000 
Clock Res. Scaling Factor    : 1.00000 1.00000 1.00000 
Shrink Factor                : 1.00000
PreRoute extraction is honoring NDR/Shielding/ExtraSpace for clock nets.
Using Quantus QRC technology file ...
Updating RC grid for preRoute extraction ...
Initializing multi-corner resistance tables ...
PreRoute RC Extraction DONE (CPU Time: 0:00:01.0  Real Time: 0:00:01.0  MEM: 4176.051M)
  Updating RC parasitics by calling: "extract_rc -noRouteCheck" done.
  Leaving CCOpt scope - extractRC done. (took cpu=0:00:01.1 real=0:00:01.0)
  Clock tree timing engine global stage delay update for WC_dc:setup.late...
  Clock tree timing engine global stage delay update for WC_dc:setup.late done. (took cpu=0:00:00.3 real=0:00:00.1)
  Clock DAG stats after routing clock trees:
    cell counts      : b=54, i=0, icg=0, dcg=0, l=0, total=54
    sink counts      : regular=4770, enable_latch=0, load_capacitance=0, antenna=0, node_sink=0, total=4770
    misc counts      : r=1, pp=0
    cell areas       : b=67.492um^2, i=0.000um^2, icg=0.000um^2, dcg=0.000um^2, l=0.000um^2, total=67.492um^2
    cell capacitance : b=142.246fF, i=0.000fF, icg=0.000fF, dcg=0.000fF, l=0.000fF, total=142.246fF
    sink capacitance : total=3503.304fF, avg=0.734fF, sd=0.034fF, min=0.679fF, max=0.757fF
    wire capacitance : top=0.000fF, trunk=139.799fF, leaf=1301.523fF, total=1441.322fF
    wire lengths     : top=0.000um, trunk=1103.440um, leaf=9431.841um, total=10535.281um
    hp wire lengths  : top=0.000um, trunk=761.048um, leaf=2572.908um, total=3333.956um
  Clock DAG net violations after routing clock trees:
    Remaining Transition : {count=1, worst=[1.7ps]} avg=1.7ps sd=0.0ps sum=1.7ps
  Clock DAG primary half-corner transition distribution after routing clock trees:
    Trunk : target=87.8ps count=7 avg=35.9ps sd=9.6ps min=20.0ps max=44.6ps {7 <= 52.7ps, 0 <= 70.2ps, 0 <= 79.0ps, 0 <= 83.4ps, 0 <= 87.8ps}
    Leaf  : target=87.8ps count=48 avg=79.6ps sd=5.4ps min=64.1ps max=89.5ps {0 <= 52.7ps, 2 <= 70.2ps, 17 <= 79.0ps, 19 <= 83.4ps, 9 <= 87.8ps} {1 <= 92.2ps, 0 <= 96.6ps, 0 <= 105.4ps, 0 <= 131.7ps, 0 > 131.7ps}
  Clock DAG library cell distribution after routing clock trees {count}:
     Bufs: SC8T_BUFX24_CSC28L: 1 SC8T_BUFX20_CSC28L: 2 SC8T_BUFX16_CSC28L: 2 SC8T_BUFX12_CSC28L: 27 SC8T_BUFX10_CSC28L: 22 
  Primary reporting skew groups after routing clock trees:
    skew_group clk/functional: insertion delay [min=218.7, max=248.0, avg=238.7, sd=5.0], skew [29.3 vs 53.8], 100% {218.7, 248.0} (wid=54.0 ws=31.8) (gid=211.6 gs=25.1)
  Skew group summary after routing clock trees:
    skew_group clk/functional: insertion delay [min=218.7, max=248.0, avg=238.7, sd=5.0], skew [29.3 vs 53.8], 100% {218.7, 248.0} (wid=54.0 ws=31.8) (gid=211.6 gs=25.1)
  CCOpt::Phase::Routing done. (took cpu=0:02:22 real=0:00:29.8)
      flow.cputime  flow.realtime  timing.setup.tns  timing.setup.wns  snapshot
UM:*                                                                   CCOpt::Phase::Routing
  CCOpt::Phase::PostConditioning...
  Leaving CCOpt scope - Initializing placement interface...

**Info: (IMPSP-2062): Some of the PG shapes may not be colorized properly in this design, users are required to run command colorizePowerMesh before any placement related commands!
  Leaving CCOpt scope - Initializing placement interface done. (took cpu=0:00:00.2 real=0:00:00.2)
  PostConditioning...
    PostConditioning active optimizations:
     - DRV fixing with initial upsizing, sizing and buffering
     - Skew fixing with sizing
    
    Currently running CTS, using active skew data
    Reset bufferability constraints...
    Resetting previous bufferability status on all nets so that PostConditioning will attempt to fix all clock tree violations.
    Reset bufferability constraints done. (took cpu=0:00:00.0 real=0:00:00.0)
    PostConditioning Upsizing To Fix DRVs...
      Fixing clock tree DRVs with upsizing: ...20% ...40% ...60% ...80% ...100% 
      CCOpt-PostConditioning: considered: 55, tested: 55, violation detected: 1, violation ignored (due to small violation): 0, cannot run: 0, attempted: 1, unsuccessful: 0, sized: 1
      
      Statistics: Fix DRVs (initial upsizing):
      ========================================
      
      Cell changes by Net Type:
      
      ----------------------------------------------------------------------------------------------------------------------------
      Net Type    Attempted            Upsized              Downsized    Swapped Same Size    Total Changed        Not Sized
      ----------------------------------------------------------------------------------------------------------------------------
      top                0                    0                    0            0                    0                    0
      trunk              0                    0                    0            0                    0                    0
      leaf               1 [100.0%]           1 (100.0%)           0            0                    1 (100.0%)           0 (0.0%)
      ----------------------------------------------------------------------------------------------------------------------------
      Total              1 [100.0%]           1 (100.0%)           0            0                    1 (100.0%)           0 (0.0%)
      ----------------------------------------------------------------------------------------------------------------------------
      
      Upsized: 1, Downsized: 0, Sized but same area: 0, Unchanged: 0, Area change: 0.200um^2 (0.296%)
      Max. move: 0.312um (SILEGO_cell/MTRF_cell/seq_gen/CTS_ccl_a_buf_00036), Min. move: 2147483.647um, Avg. move: 0.312um
      
      Clock DAG stats after 'PostConditioning Upsizing To Fix DRVs':
        cell counts      : b=54, i=0, icg=0, dcg=0, l=0, total=54
        sink counts      : regular=4770, enable_latch=0, load_capacitance=0, antenna=0, node_sink=0, total=4770
        misc counts      : r=1, pp=0
        cell areas       : b=67.692um^2, i=0.000um^2, icg=0.000um^2, dcg=0.000um^2, l=0.000um^2, total=67.692um^2
        cell capacitance : b=142.654fF, i=0.000fF, icg=0.000fF, dcg=0.000fF, l=0.000fF, total=142.654fF
        sink capacitance : total=3503.304fF, avg=0.734fF, sd=0.034fF, min=0.679fF, max=0.757fF
        wire capacitance : top=0.000fF, trunk=139.799fF, leaf=1301.523fF, total=1441.322fF
        wire lengths     : top=0.000um, trunk=1103.440um, leaf=9431.841um, total=10535.281um
        hp wire lengths  : top=0.000um, trunk=761.048um, leaf=2572.908um, total=3333.956um
      Clock DAG net violations after 'PostConditioning Upsizing To Fix DRVs': none
      Clock DAG primary half-corner transition distribution after 'PostConditioning Upsizing To Fix DRVs':
        Trunk : target=87.8ps count=7 avg=36.0ps sd=9.6ps min=20.0ps max=44.9ps {7 <= 52.7ps, 0 <= 70.2ps, 0 <= 79.0ps, 0 <= 83.4ps, 0 <= 87.8ps}
        Leaf  : target=87.8ps count=48 avg=79.3ps sd=5.3ps min=64.1ps max=87.3ps {0 <= 52.7ps, 2 <= 70.2ps, 18 <= 79.0ps, 19 <= 83.4ps, 9 <= 87.8ps}
      Clock DAG library cell distribution after 'PostConditioning Upsizing To Fix DRVs' {count}:
         Bufs: SC8T_BUFX24_CSC28L: 1 SC8T_BUFX20_CSC28L: 2 SC8T_BUFX16_CSC28L: 2 SC8T_BUFX12_CSC28L: 28 SC8T_BUFX10_CSC28L: 21 
      Primary reporting skew groups after 'PostConditioning Upsizing To Fix DRVs':
        skew_group clk/functional: insertion delay [min=218.7, max=248.0], skew [29.3 vs 53.8]
      Skew group summary after 'PostConditioning Upsizing To Fix DRVs':
        skew_group clk/functional: insertion delay [min=218.7, max=248.0], skew [29.3 vs 53.8]
      Legalizer API calls during this step: 5 succeeded with high effort: 5 succeeded with medium effort: 0 succeeded with low effort: 0 succeeded with basic effort: 0 succeeded with basic unbounded effort: 0
    PostConditioning Upsizing To Fix DRVs done. (took cpu=0:00:00.3 real=0:00:00.3)
      flow.cputime  flow.realtime  timing.setup.tns  timing.setup.wns  snapshot
UM:*                                                                   PostConditioning Upsizing To Fix DRVs
    Recomputing CTS skew targets...
    Resolving skew group constraints...
      Solving LP: 1 skew groups; 2 fragments, 2 fraglets and 3 vertices; 25 variables and 66 constraints; tolerance 1
    Resolving skew group constraints done.
    Recomputing CTS skew targets done. (took cpu=0:00:00.5 real=0:00:00.5)
    PostConditioning Fixing DRVs...
      Fixing clock tree DRVs: ...20% ...40% ...60% ...80% ...100% 
      CCOpt-PostConditioning: considered: 55, tested: 55, violation detected: 0, violation ignored (due to small violation): 0, cannot run: 0, attempted: 0, unsuccessful: 0, sized: 0
      
      Statistics: Fix DRVs (cell sizing):
      ===================================
      
      Cell changes by Net Type:
      
      -------------------------------------------------------------------------------------------------
      Net Type    Attempted    Upsized     Downsized    Swapped Same Size    Total Changed    Not Sized
      -------------------------------------------------------------------------------------------------
      top                0            0           0            0                    0                0
      trunk              0            0           0            0                    0                0
      leaf               0            0           0            0                    0                0
      -------------------------------------------------------------------------------------------------
      Total              0            0           0            0                    0                0
      -------------------------------------------------------------------------------------------------
      
      Upsized: 0, Downsized: 0, Sized but same area: 0, Unchanged: 0, Area change: 0.000um^2 (0.000%)
      Max. move: 0.000um, Min. move: 0.000um, Avg. move: N/A
      
      Clock DAG stats after 'PostConditioning Fixing DRVs':
        cell counts      : b=54, i=0, icg=0, dcg=0, l=0, total=54
        sink counts      : regular=4770, enable_latch=0, load_capacitance=0, antenna=0, node_sink=0, total=4770
        misc counts      : r=1, pp=0
        cell areas       : b=67.692um^2, i=0.000um^2, icg=0.000um^2, dcg=0.000um^2, l=0.000um^2, total=67.692um^2
        cell capacitance : b=142.654fF, i=0.000fF, icg=0.000fF, dcg=0.000fF, l=0.000fF, total=142.654fF
        sink capacitance : total=3503.304fF, avg=0.734fF, sd=0.034fF, min=0.679fF, max=0.757fF
        wire capacitance : top=0.000fF, trunk=139.799fF, leaf=1301.523fF, total=1441.322fF
        wire lengths     : top=0.000um, trunk=1103.440um, leaf=9431.841um, total=10535.281um
        hp wire lengths  : top=0.000um, trunk=761.048um, leaf=2572.908um, total=3333.956um
      Clock DAG net violations after 'PostConditioning Fixing DRVs': none
      Clock DAG primary half-corner transition distribution after 'PostConditioning Fixing DRVs':
        Trunk : target=87.8ps count=7 avg=36.0ps sd=9.6ps min=20.0ps max=44.9ps {7 <= 52.7ps, 0 <= 70.2ps, 0 <= 79.0ps, 0 <= 83.4ps, 0 <= 87.8ps}
        Leaf  : target=87.8ps count=48 avg=79.3ps sd=5.3ps min=64.1ps max=87.3ps {0 <= 52.7ps, 2 <= 70.2ps, 18 <= 79.0ps, 19 <= 83.4ps, 9 <= 87.8ps}
      Clock DAG library cell distribution after 'PostConditioning Fixing DRVs' {count}:
         Bufs: SC8T_BUFX24_CSC28L: 1 SC8T_BUFX20_CSC28L: 2 SC8T_BUFX16_CSC28L: 2 SC8T_BUFX12_CSC28L: 28 SC8T_BUFX10_CSC28L: 21 
      Primary reporting skew groups after 'PostConditioning Fixing DRVs':
        skew_group clk/functional: insertion delay [min=218.7, max=248.0], skew [29.3 vs 53.8]
      Skew group summary after 'PostConditioning Fixing DRVs':
        skew_group clk/functional: insertion delay [min=218.7, max=248.0], skew [29.3 vs 53.8]
      Legalizer API calls during this step: 0 succeeded with high effort: 0 succeeded with medium effort: 0 succeeded with low effort: 0 succeeded with basic effort: 0 succeeded with basic unbounded effort: 0
    PostConditioning Fixing DRVs done. (took cpu=0:00:00.1 real=0:00:00.1)
      flow.cputime  flow.realtime  timing.setup.tns  timing.setup.wns  snapshot
UM:*                                                                   PostConditioning Fixing DRVs
    Buffering to fix DRVs...
    Fixing DRVs with route buffering pass 1. Quick buffering: enabled
    Rebuffering to fix clock tree DRVs: ...20% ...40% ...60% ...80% ...100% 
    Inserted 0 buffers and inverters.
    success count. Default: 0, QS: 0, QD: 0, FS: 0, MQS: 0
    CCOpt-PostConditioning: nets considered: 55, nets tested: 55, nets violation detected: 0, nets violation ignored (due to small violation): 0, nets cannot run: 0, nets attempted: 0, nets unsuccessful: 0, buffered: 0
    Clock DAG stats PostConditioning after re-buffering DRV fixing:
      cell counts      : b=54, i=0, icg=0, dcg=0, l=0, total=54
      sink counts      : regular=4770, enable_latch=0, load_capacitance=0, antenna=0, node_sink=0, total=4770
      misc counts      : r=1, pp=0
      cell areas       : b=67.692um^2, i=0.000um^2, icg=0.000um^2, dcg=0.000um^2, l=0.000um^2, total=67.692um^2
      cell capacitance : b=142.654fF, i=0.000fF, icg=0.000fF, dcg=0.000fF, l=0.000fF, total=142.654fF
      sink capacitance : total=3503.304fF, avg=0.734fF, sd=0.034fF, min=0.679fF, max=0.757fF
      wire capacitance : top=0.000fF, trunk=139.799fF, leaf=1301.523fF, total=1441.322fF
      wire lengths     : top=0.000um, trunk=1103.440um, leaf=9431.841um, total=10535.281um
      hp wire lengths  : top=0.000um, trunk=761.048um, leaf=2572.908um, total=3333.956um
    Clock DAG net violations PostConditioning after re-buffering DRV fixing: none
    Clock DAG primary half-corner transition distribution PostConditioning after re-buffering DRV fixing:
      Trunk : target=87.8ps count=7 avg=36.0ps sd=9.6ps min=20.0ps max=44.9ps {7 <= 52.7ps, 0 <= 70.2ps, 0 <= 79.0ps, 0 <= 83.4ps, 0 <= 87.8ps}
      Leaf  : target=87.8ps count=48 avg=79.3ps sd=5.3ps min=64.1ps max=87.3ps {0 <= 52.7ps, 2 <= 70.2ps, 18 <= 79.0ps, 19 <= 83.4ps, 9 <= 87.8ps}
    Clock DAG library cell distribution PostConditioning after re-buffering DRV fixing {count}:
       Bufs: SC8T_BUFX24_CSC28L: 1 SC8T_BUFX20_CSC28L: 2 SC8T_BUFX16_CSC28L: 2 SC8T_BUFX12_CSC28L: 28 SC8T_BUFX10_CSC28L: 21 
    Primary reporting skew groups PostConditioning after re-buffering DRV fixing:
      skew_group clk/functional: insertion delay [min=218.7, max=248.0, avg=238.7, sd=5.0], skew [29.3 vs 53.8], 100% {218.7, 248.0} (wid=54.0 ws=31.8) (gid=211.6 gs=25.1)
    Skew group summary PostConditioning after re-buffering DRV fixing:
      skew_group clk/functional: insertion delay [min=218.7, max=248.0, avg=238.7, sd=5.0], skew [29.3 vs 53.8], 100% {218.7, 248.0} (wid=54.0 ws=31.8) (gid=211.6 gs=25.1)
    Buffering to fix DRVs done. (took cpu=0:00:00.1 real=0:00:00.1)
      flow.cputime  flow.realtime  timing.setup.tns  timing.setup.wns  snapshot
UM:*                                                                   Buffering to fix DRVs
    PostConditioning Fixing Skew by cell sizing...
      Resized 0 clock insts to decrease delay.
      Resized 0 clock insts to increase delay.
      
      Statistics: Fix Skew (cell sizing):
      ===================================
      
      Cell changes by Net Type:
      
      -------------------------------------------------------------------------------------------------
      Net Type    Attempted    Upsized     Downsized    Swapped Same Size    Total Changed    Not Sized
      -------------------------------------------------------------------------------------------------
      top                0            0           0            0                    0                0
      trunk              0            0           0            0                    0                0
      leaf               0            0           0            0                    0                0
      -------------------------------------------------------------------------------------------------
      Total              0            0           0            0                    0                0
      -------------------------------------------------------------------------------------------------
      
      Upsized: 0, Downsized: 0, Sized but same area: 0, Unchanged: 0, Area change: 0.000um^2 (0.000%)
      Max. move: 0.000um, Min. move: 0.000um, Avg. move: N/A
      
      Clock DAG stats after 'PostConditioning Fixing Skew by cell sizing':
        cell counts      : b=54, i=0, icg=0, dcg=0, l=0, total=54
        sink counts      : regular=4770, enable_latch=0, load_capacitance=0, antenna=0, node_sink=0, total=4770
        misc counts      : r=1, pp=0
        cell areas       : b=67.692um^2, i=0.000um^2, icg=0.000um^2, dcg=0.000um^2, l=0.000um^2, total=67.692um^2
        cell capacitance : b=142.654fF, i=0.000fF, icg=0.000fF, dcg=0.000fF, l=0.000fF, total=142.654fF
        sink capacitance : total=3503.304fF, avg=0.734fF, sd=0.034fF, min=0.679fF, max=0.757fF
        wire capacitance : top=0.000fF, trunk=139.799fF, leaf=1301.523fF, total=1441.322fF
        wire lengths     : top=0.000um, trunk=1103.440um, leaf=9431.841um, total=10535.281um
        hp wire lengths  : top=0.000um, trunk=761.048um, leaf=2572.908um, total=3333.956um
      Clock DAG net violations after 'PostConditioning Fixing Skew by cell sizing': none
      Clock DAG primary half-corner transition distribution after 'PostConditioning Fixing Skew by cell sizing':
        Trunk : target=87.8ps count=7 avg=36.0ps sd=9.6ps min=20.0ps max=44.9ps {7 <= 52.7ps, 0 <= 70.2ps, 0 <= 79.0ps, 0 <= 83.4ps, 0 <= 87.8ps}
        Leaf  : target=87.8ps count=48 avg=79.3ps sd=5.3ps min=64.1ps max=87.3ps {0 <= 52.7ps, 2 <= 70.2ps, 18 <= 79.0ps, 19 <= 83.4ps, 9 <= 87.8ps}
      Clock DAG library cell distribution after 'PostConditioning Fixing Skew by cell sizing' {count}:
         Bufs: SC8T_BUFX24_CSC28L: 1 SC8T_BUFX20_CSC28L: 2 SC8T_BUFX16_CSC28L: 2 SC8T_BUFX12_CSC28L: 28 SC8T_BUFX10_CSC28L: 21 
      Primary reporting skew groups after 'PostConditioning Fixing Skew by cell sizing':
        skew_group clk/functional: insertion delay [min=218.7, max=248.0, avg=238.7, sd=5.0], skew [29.3 vs 53.8], 100% {218.7, 248.0} (wid=54.0 ws=31.8) (gid=211.6 gs=25.1)
      Skew group summary after 'PostConditioning Fixing Skew by cell sizing':
        skew_group clk/functional: insertion delay [min=218.7, max=248.0, avg=238.7, sd=5.0], skew [29.3 vs 53.8], 100% {218.7, 248.0} (wid=54.0 ws=31.8) (gid=211.6 gs=25.1)
      Legalizer API calls during this step: 0 succeeded with high effort: 0 succeeded with medium effort: 0 succeeded with low effort: 0 succeeded with basic effort: 0 succeeded with basic unbounded effort: 0
    PostConditioning Fixing Skew by cell sizing done. (took cpu=0:00:00.1 real=0:00:00.1)
      flow.cputime  flow.realtime  timing.setup.tns  timing.setup.wns  snapshot
UM:*                                                                   PostConditioning Fixing Skew by cell sizing
    Reconnecting optimized routes...
    Reset timing graph...
Ignoring AAE DB Resetting ...
    Reset timing graph done.
    Reconnecting optimized routes done. (took cpu=0:00:00.1 real=0:00:00.1)
    Leaving CCOpt scope - Cleaning up placement interface...
    Leaving CCOpt scope - Cleaning up placement interface done. (took cpu=0:00:00.2 real=0:00:00.1)
    Leaving CCOpt scope - ClockRefiner...
    Soft fixed 54 clock instances.
    Performing Single Pass Refine Place.

**Info: (IMPSP-2062): Some of the PG shapes may not be colorized properly in this design, users are required to run command colorizePowerMesh before any placement related commands!
*** Starting place_detail (0:30:45 mem=4177.3M) ***
Total net bbox length = 3.610e+05 (1.782e+05 1.828e+05) (ext = 5.671e+04)

**Info: (IMPSP-2062): Some of the PG shapes may not be colorized properly in this design, users are required to run command colorizePowerMesh before any placement related commands!
Move report: Detail placement moves 0 insts, mean move: 0.00 um, max move: 0.00 um 
	Runtime: CPU: 0:00:03.3 REAL: 0:00:01.0 MEM: 4152.6MB
Summary Report:
Instances move: 0 (out of 35419 movable)
Instances flipped: 0
Mean displacement: 0.00 um
Max displacement: 0.00 um 
Total net bbox length = 3.610e+05 (1.782e+05 1.828e+05) (ext = 5.671e+04)
Runtime: CPU: 0:00:03.4 REAL: 0:00:01.0 MEM: 4152.6MB
*** Finished place_detail (0:30:48 mem=4152.6M) ***
    ClockRefiner summary
    All clock instances: Moved 0, flipped 0 and cell swapped 0 (out of a total of 4824).
    Restoring place_status_cts on 54 clock instances.
    Leaving CCOpt scope - ClockRefiner done. (took cpu=0:00:03.7 real=0:00:01.5)
  PostConditioning done.
Net route status summary:
  Clock:        55 (unrouted=0, trialRouted=0, noStatus=0, routed=0, fixed=55, [crossesIlmBoundary=0, tooFewTerms=0, (crossesIlmBoundary AND tooFewTerms=0)])
  Non-clock: 57016 (unrouted=19733, trialRouted=37283, noStatus=0, routed=0, fixed=0, [crossesIlmBoundary=0, tooFewTerms=19733, (crossesIlmBoundary AND tooFewTerms=0)])
  Update timing and DAG stats after post-conditioning...
  Update timing and DAG stats after post-conditioning done. (took cpu=0:00:00.0 real=0:00:00.0)
  Clock tree timing engine global stage delay update for WC_dc:setup.late...
  Clock tree timing engine global stage delay update for WC_dc:setup.late done. (took cpu=0:00:00.3 real=0:00:00.1)
  Clock DAG stats after post-conditioning:
    cell counts      : b=54, i=0, icg=0, dcg=0, l=0, total=54
    sink counts      : regular=4770, enable_latch=0, load_capacitance=0, antenna=0, node_sink=0, total=4770
    misc counts      : r=1, pp=0
    cell areas       : b=67.692um^2, i=0.000um^2, icg=0.000um^2, dcg=0.000um^2, l=0.000um^2, total=67.692um^2
    cell capacitance : b=142.654fF, i=0.000fF, icg=0.000fF, dcg=0.000fF, l=0.000fF, total=142.654fF
    sink capacitance : total=3503.304fF, avg=0.734fF, sd=0.034fF, min=0.679fF, max=0.757fF
    wire capacitance : top=0.000fF, trunk=139.799fF, leaf=1301.523fF, total=1441.322fF
    wire lengths     : top=0.000um, trunk=1103.440um, leaf=9431.841um, total=10535.281um
    hp wire lengths  : top=0.000um, trunk=761.048um, leaf=2572.908um, total=3333.956um
  Clock DAG net violations after post-conditioning: none
  Clock DAG primary half-corner transition distribution after post-conditioning:
    Trunk : target=87.8ps count=7 avg=36.0ps sd=9.6ps min=20.0ps max=44.9ps {7 <= 52.7ps, 0 <= 70.2ps, 0 <= 79.0ps, 0 <= 83.4ps, 0 <= 87.8ps}
    Leaf  : target=87.8ps count=48 avg=79.3ps sd=5.3ps min=64.1ps max=87.3ps {0 <= 52.7ps, 2 <= 70.2ps, 18 <= 79.0ps, 19 <= 83.4ps, 9 <= 87.8ps}
  Clock DAG library cell distribution after post-conditioning {count}:
     Bufs: SC8T_BUFX24_CSC28L: 1 SC8T_BUFX20_CSC28L: 2 SC8T_BUFX16_CSC28L: 2 SC8T_BUFX12_CSC28L: 28 SC8T_BUFX10_CSC28L: 21 
  Primary reporting skew groups after post-conditioning:
    skew_group clk/functional: insertion delay [min=218.7, max=248.0, avg=238.7, sd=5.0], skew [29.3 vs 53.8], 100% {218.7, 248.0} (wid=54.0 ws=31.8) (gid=211.6 gs=25.1)
  Skew group summary after post-conditioning:
    skew_group clk/functional: insertion delay [min=218.7, max=248.0, avg=238.7, sd=5.0], skew [29.3 vs 53.8], 100% {218.7, 248.0} (wid=54.0 ws=31.8) (gid=211.6 gs=25.1)
  CCOpt::Phase::PostConditioning done. (took cpu=0:00:06.9 real=0:00:04.3)
      flow.cputime  flow.realtime  timing.setup.tns  timing.setup.wns  snapshot
UM:*                                                                   CCOpt::Phase::PostConditioning
  Post-balance tidy up or trial balance steps...
  
  Clock DAG stats at end of CTS:
  ==============================
  
  --------------------------------------------------------
  Cell type                 Count    Area      Capacitance
  --------------------------------------------------------
  Buffers                    54      67.692      142.654
  Inverters                   0       0.000        0.000
  Integrated Clock Gates      0       0.000        0.000
  Discrete Clock Gates        0       0.000        0.000
  Clock Logic                 0       0.000        0.000
  All                        54      67.692      142.654
  --------------------------------------------------------
  
  
  Clock DAG sink counts at end of CTS:
  ====================================
  
  -------------------------
  Sink type           Count
  -------------------------
  Regular             4770
  Enable Latch           0
  Load Capacitance       0
  Antenna Diode          0
  Node Sink              0
  Total               4770
  -------------------------
  
  
  Clock DAG wire lengths at end of CTS:
  =====================================
  
  --------------------
  Type     Wire Length
  --------------------
  Top           0.000
  Trunk      1103.440
  Leaf       9431.841
  Total     10535.281
  --------------------
  
  
  Clock DAG hp wire lengths at end of CTS:
  ========================================
  
  -----------------------
  Type     hp Wire Length
  -----------------------
  Top            0.000
  Trunk        761.048
  Leaf        2572.908
  Total       3333.956
  -----------------------
  
  
  Clock DAG capacitances at end of CTS:
  =====================================
  
  -----------------------------------------
  Type     Gate        Wire        Total
  -----------------------------------------
  Top         0.000       0.000       0.000
  Trunk     142.654     139.799     282.452
  Leaf     3503.304    1301.523    4804.827
  Total    3645.958    1441.322    5087.280
  -----------------------------------------
  
  
  Clock DAG sink capacitances at end of CTS:
  ==========================================
  
  --------------------------------------------------
  Total       Average    Std. Dev.    Min      Max
  --------------------------------------------------
  3503.304     0.734       0.034      0.679    0.757
  --------------------------------------------------
  
  
  Clock DAG net violations at end of CTS:
  =======================================
  
  None
  
  
  Clock DAG primary half-corner transition distribution at end of CTS:
  ====================================================================
  
  ---------------------------------------------------------------------------------------------------------------------------------------------------------
  Net Type    Target    Count    Average    Std. Dev.    Min     Max     Distribution                                                           Over Target
  ---------------------------------------------------------------------------------------------------------------------------------------------------------
  Trunk        87.8       7       36.0         9.6       20.0    44.9    {7 <= 52.7ps, 0 <= 70.2ps, 0 <= 79.0ps, 0 <= 83.4ps, 0 <= 87.8ps}           -
  Leaf         87.8      48       79.3         5.3       64.1    87.3    {0 <= 52.7ps, 2 <= 70.2ps, 18 <= 79.0ps, 19 <= 83.4ps, 9 <= 87.8ps}         -
  ---------------------------------------------------------------------------------------------------------------------------------------------------------
  
  
  Clock DAG library cell distribution at end of CTS:
  ==================================================
  
  ---------------------------------------------------
  Name                  Type      Inst     Inst Area 
                                  Count    (um^2)
  ---------------------------------------------------
  SC8T_BUFX24_CSC28L    buffer      1         2.463
  SC8T_BUFX20_CSC28L    buffer      2         4.127
  SC8T_BUFX16_CSC28L    buffer      2         3.328
  SC8T_BUFX12_CSC28L    buffer     28        35.410
  SC8T_BUFX10_CSC28L    buffer     21        22.364
  ---------------------------------------------------
  
  
  Primary reporting skew groups summary at end of CTS:
  ====================================================
  
  ---------------------------------------------------------------------------------------------------------------------------------------------------------------
  Half-corner         Skew Group        Min ID    Max ID    Skew    Skew target    Wire skew    Worst sink skew    Average ID    Std.Dev    Skew window occupancy
  ---------------------------------------------------------------------------------------------------------------------------------------------------------------
  WC_dc:setup.late    clk/functional    218.7     248.0     29.3       53.8          31.8            18.0            238.7         5.0      100% {218.7, 248.0}
  ---------------------------------------------------------------------------------------------------------------------------------------------------------------
  
  
  Skew group summary at end of CTS:
  =================================
  
  ---------------------------------------------------------------------------------------------------------------------------------------------------------------
  Half-corner         Skew Group        Min ID    Max ID    Skew    Skew target    Wire skew    Worst sink skew    Average ID    Std.Dev    Skew window occupancy
  ---------------------------------------------------------------------------------------------------------------------------------------------------------------
  WC_dc:setup.late    clk/functional    218.7     248.0     29.3       53.8          31.8            18.0            238.7         5.0      100% {218.7, 248.0}
  ---------------------------------------------------------------------------------------------------------------------------------------------------------------
  
  
  Found a total of 0 clock tree pins with a slew violation.
  
  Post-balance tidy up or trial balance steps done. (took cpu=0:00:00.1 real=0:00:00.1)
      flow.cputime  flow.realtime  timing.setup.tns  timing.setup.wns  snapshot
UM:*                                                                   Post-balance tidy up or trial balance steps
Synthesizing clock trees done.
Tidy Up And Update Timing...
External - Set all clocks to propagated mode...
Innovus updating I/O latencies
AAE_INFO: opIsDesignInPostRouteState() is 0
#################################################################################
# Design Stage: PreRoute
# Design Name: Silago_bot_right_corner
# Design Mode: 90nm
# Analysis Mode: MMMC Non-OCV 
# Parasitics Mode: No SPEF/RCDB 
# Signoff Settings: SI Off 
#################################################################################
Start delay calculation (fullDC) (8 T). (MEM=47990.3)
Total number of fetched objects 37417
AAE_INFO: Total number of nets for which stage creation was skipped for all views 0
Total number of fetched objects 37417
AAE_INFO: Total number of nets for which stage creation was skipped for all views 0
Total number of fetched objects 37417
AAE_INFO: Total number of nets for which stage creation was skipped for all views 0
End delay calculation. (MEM=48344.7 CPU=0:00:03.5 REAL=0:00:01.0)
End delay calculation (fullDC). (MEM=48344.7 CPU=0:00:10.6 REAL=0:00:03.0)
	Clock: clk, View: AVF_RCWORST, Ideal Latency: 0, Propagated Latency: 258.983
	 Executing: set_clock_latency -source -early -max -rise -258.983 [get_pins clk]
	Clock: clk, View: AVF_RCWORST, Ideal Latency: 0, Propagated Latency: 258.983
	 Executing: set_clock_latency -source -late -max -rise -258.983 [get_pins clk]
	Clock: clk, View: AVF_RCWORST, Ideal Latency: 0, Propagated Latency: 251.455
	 Executing: set_clock_latency -source -early -max -fall -251.455 [get_pins clk]
	Clock: clk, View: AVF_RCWORST, Ideal Latency: 0, Propagated Latency: 251.455
	 Executing: set_clock_latency -source -late -max -fall -251.455 [get_pins clk]
	Clock: clk, View: AVF_RCTYP, Ideal Latency: 0, Propagated Latency: 178.919
	 Executing: set_clock_latency -source -early -min -rise -178.919 [get_pins clk]
	Clock: clk, View: AVF_RCTYP, Ideal Latency: 0, Propagated Latency: 178.919
	 Executing: set_clock_latency -source -late -min -rise -178.919 [get_pins clk]
	Clock: clk, View: AVF_RCTYP, Ideal Latency: 0, Propagated Latency: 173.22
	 Executing: set_clock_latency -source -early -min -fall -173.22 [get_pins clk]
	Clock: clk, View: AVF_RCTYP, Ideal Latency: 0, Propagated Latency: 173.22
	 Executing: set_clock_latency -source -late -min -fall -173.22 [get_pins clk]
	Clock: clk, View: AVF_RCBEST, Ideal Latency: 0, Propagated Latency: 179.956
	 Executing: set_clock_latency -source -early -min -rise -179.956 [get_pins clk]
	Clock: clk, View: AVF_RCBEST, Ideal Latency: 0, Propagated Latency: 179.956
	 Executing: set_clock_latency -source -late -min -rise -179.956 [get_pins clk]
	Clock: clk, View: AVF_RCBEST, Ideal Latency: 0, Propagated Latency: 165.221
	 Executing: set_clock_latency -source -early -min -fall -165.221 [get_pins clk]
	Clock: clk, View: AVF_RCBEST, Ideal Latency: 0, Propagated Latency: 165.221
	 Executing: set_clock_latency -source -late -min -fall -165.221 [get_pins clk]
Setting all clocks to propagated mode.
External - Set all clocks to propagated mode done. (took cpu=0:00:21.0 real=0:00:05.7)
Clock DAG stats after update timingGraph:
  cell counts      : b=54, i=0, icg=0, dcg=0, l=0, total=54
  sink counts      : regular=4770, enable_latch=0, load_capacitance=0, antenna=0, node_sink=0, total=4770
  misc counts      : r=1, pp=0
  cell areas       : b=67.692um^2, i=0.000um^2, icg=0.000um^2, dcg=0.000um^2, l=0.000um^2, total=67.692um^2
  cell capacitance : b=142.654fF, i=0.000fF, icg=0.000fF, dcg=0.000fF, l=0.000fF, total=142.654fF
  sink capacitance : total=3503.304fF, avg=0.734fF, sd=0.034fF, min=0.679fF, max=0.757fF
  wire capacitance : top=0.000fF, trunk=139.799fF, leaf=1301.523fF, total=1441.322fF
  wire lengths     : top=0.000um, trunk=1103.440um, leaf=9431.841um, total=10535.281um
  hp wire lengths  : top=0.000um, trunk=761.048um, leaf=2572.908um, total=3333.956um
Clock DAG net violations after update timingGraph: none
Clock DAG primary half-corner transition distribution after update timingGraph:
  Trunk : target=87.8ps count=7 avg=36.0ps sd=9.6ps min=20.0ps max=44.9ps {7 <= 52.7ps, 0 <= 70.2ps, 0 <= 79.0ps, 0 <= 83.4ps, 0 <= 87.8ps}
  Leaf  : target=87.8ps count=48 avg=79.3ps sd=5.3ps min=64.1ps max=87.3ps {0 <= 52.7ps, 2 <= 70.2ps, 18 <= 79.0ps, 19 <= 83.4ps, 9 <= 87.8ps}
Clock DAG library cell distribution after update timingGraph {count}:
   Bufs: SC8T_BUFX24_CSC28L: 1 SC8T_BUFX20_CSC28L: 2 SC8T_BUFX16_CSC28L: 2 SC8T_BUFX12_CSC28L: 28 SC8T_BUFX10_CSC28L: 21 
Primary reporting skew groups after update timingGraph:
  skew_group clk/functional: insertion delay [min=218.7, max=248.0, avg=238.7, sd=5.0], skew [29.3 vs 53.8], 100% {218.7, 248.0} (wid=54.0 ws=31.8) (gid=211.6 gs=25.1)
Skew group summary after update timingGraph:
  skew_group clk/functional: insertion delay [min=218.7, max=248.0, avg=238.7, sd=5.0], skew [29.3 vs 53.8], 100% {218.7, 248.0} (wid=54.0 ws=31.8) (gid=211.6 gs=25.1)
Logging CTS constraint violations...
  No violations found.
Logging CTS constraint violations done.
Tidy Up And Update Timing done. (took cpu=0:00:21.6 real=0:00:06.3)
      flow.cputime  flow.realtime  timing.setup.tns  timing.setup.wns  snapshot
UM:*                                                                   Tidy Up And Update Timing
Copying last skew targets (including wire skew targets) from clk/functional to clk/functional_AVF_RCTYP (the duplicate skew group).
Copying last insertion target (including wire insertion delay target) from clk/functional to clk/functional_AVF_RCTYP (the duplicate skew group).
Copying last skew targets (including wire skew targets) from clk/functional to clk/functional_AVF_RCWORST (the duplicate skew group).
Copying last insertion target (including wire insertion delay target) from clk/functional to clk/functional_AVF_RCWORST (the duplicate skew group).
Runtime done. (took cpu=0:05:03 real=0:02:09)
Runtime Summary
===============
Clock Runtime:  (57%) Core CTS          66.01 (Init 8.37, Construction 16.56, Implementation 32.30, eGRPC 2.81, PostConditioning 2.78, Other 3.19)
Clock Runtime:  (30%) CTS services      35.41 (RefinePlace 5.64, EarlyGlobalClock 3.28, NanoRoute 23.89, ExtractRC 2.61, TimingAnalysis 0.00)
Clock Runtime:  (11%) Other CTS         13.32 (Init 2.65, CongRepair/EGR-DP 4.98, TimingUpdate 5.69, Other 0.00)
Clock Runtime: (100%) Total            114.74

*** CTS #1 [finish] (ccopt_design #1) : cpu/real = 0:04:49.7/0:01:56.2 (2.5), totSession cpu/real = 0:31:11.1/0:08:26.3 (3.7), mem = 48260.6M
Synthesizing clock trees with CCOpt done.
      flow.cputime  flow.realtime  timing.setup.tns  timing.setup.wns  snapshot
UM:*                                                                   cts
**WARN: (IMPSP-9025):	No scan chain specified/traced.
Type 'man IMPSP-9025' for more detail.
**opt_design ... cpu = 0:00:00, real = 0:00:00, mem = 2672.0M, totSessionCpu=0:31:11 **
GigaOpt running with 8 threads.
*** InitOpt #1 [begin] (ccopt_design #1) : totSession cpu/real = 0:31:11.4/0:08:26.5 (3.7), mem = 10389.6M
**INFO: set_db design_flow_effort standard -> setting 'set_db opt_all_end_points true' for the duration of this command.
Need call spDPlaceInit before registerPrioInstLoc.

**Info: (IMPSP-2062): Some of the PG shapes may not be colorized properly in this design, users are required to run command colorizePowerMesh before any placement related commands!
Setting timing_disable_library_data_to_data_checks to 'true'.
Setting timing_disable_user_data_to_data_checks to 'true'.
**opt_design ... cpu = 0:00:10, real = 0:00:05, mem = 2617.2M, totSessionCpu=0:31:21 **
*** opt_design -post_cts ***
DRC Margin: user margin 0.0; extra margin 0.2
Hold Target Slack: user slack 0
Setup Target Slack: user slack 0; extra slack 0.0
set_db opt_useful_skew_eco_route false
No user sequential activity specified, applying default sequential activity of "0.2" for Dynamic Power reporting.
'set_default_switching_activity' finished successfully.

Multi-VT timing optimization disabled based on library information.
Start to check current routing status for nets...
All nets are already routed correctly.
End to check current routing status for nets (mem=4086.4M)
AAE DB initialization (MEM=4142.06 CPU=0:00:00.0 REAL=0:00:00.0) 

Footprint cell information for calculating maxBufDist
*info: There are 21 candidate Buffer cells
*info: There are 20 candidate Inverter cells

Compute RC Scale Done ...

Starting delay calculation for Setup views
AAE_INFO: opIsDesignInPostRouteState() is 0
#################################################################################
# Design Stage: PreRoute
# Design Name: Silago_bot_right_corner
# Design Mode: 90nm
# Analysis Mode: MMMC Non-OCV 
# Parasitics Mode: No SPEF/RCDB 
# Signoff Settings: SI Off 
#################################################################################
Calculate delays in BcWc mode...
Start delay calculation (fullDC) (8 T). (MEM=4285.21)
Total number of fetched objects 37417
AAE_INFO: Total number of nets for which stage creation was skipped for all views 0
End delay calculation. (MEM=4781.98 CPU=0:00:17.6 REAL=0:00:03.0)
End delay calculation (fullDC). (MEM=4781.98 CPU=0:00:21.8 REAL=0:00:06.0)
*** Done Building Timing Graph (cpu=0:00:28.5 real=0:00:07.0 totSessionCpu=0:31:57 mem=4718.0M)

------------------------------------------------------------------
             Initial Summary
------------------------------------------------------------------

Setup views included:
 AVF_RCWORST 

+--------------------+---------+---------+---------+
|     Setup mode     |   all   | reg2reg | default |
+--------------------+---------+---------+---------+
|           WNS (ns):| -9.898  | -9.898  | -7.062  |
|           TNS (ns):|-618.121 |-290.089 |-519.839 |
|    Violating Paths:|   174   |   36    |   171   |
|          All Paths:|  4960   |  4770   |  3247   |
+--------------------+---------+---------+---------+

+----------------+-------------------------------+------------------+
|                |              Real             |       Total      |
|    DRVs        +------------------+------------+------------------|
|                |  Nr nets(terms)  | Worst Vio  |  Nr nets(terms)  |
+----------------+------------------+------------+------------------+
|   max_cap      |    841 (905)     |   -5.777   |    841 (905)     |
|   max_tran     |   2804 (28180)   |   -7.573   |   2804 (28289)   |
|   max_fanout   |      0 (0)       |     0      |      0 (0)       |
|   max_length   |      0 (0)       |     0      |      0 (0)       |
+----------------+------------------+------------+------------------+


Density: 53.729%
------------------------------------------------------------------
**opt_design ... cpu = 0:00:48, real = 0:00:20, mem = 2594.2M, totSessionCpu=0:31:59 **
*** InitOpt #1 [finish] (ccopt_design #1) : cpu/real = 0:00:47.7/0:00:20.1 (2.4), totSession cpu/real = 0:31:59.1/0:08:46.6 (3.6), mem = 4454.0M
** INFO : this run is activating low effort ccoptDesign flow

**Info: (IMPSP-2062): Some of the PG shapes may not be colorized properly in this design, users are required to run command colorizePowerMesh before any placement related commands!
OPTC: m1 20.0 20.0
#optDebug: fT-E <X 2 0 0 1>
-congRepairInPostCTS false                 # bool, default=false, private
GigaOpt Checkpoint: Internal congRefineRouteType -postCTS -congThreshold 0.001 -rescheduleForCongestion -numThreads 8 -resetVeryShortNets -resetShortNets -useSpineBased -rescheduleForAdherence -minSlack 21.2
Begin: GigaOpt Route Type Constraints Refinement
*** CongRefineRouteType #1 [begin] (ccopt_design #1) : totSession cpu/real = 0:32:04.9/0:08:48.3 (3.6), mem = 4422.0M
Updated routing constraints on 0 nets.
Bottom Preferred Layer:
+-----------+------------+----------+
|   Layer   |    CLK     |   Rule   |
+-----------+------------+----------+
| C1 (z=3)  |         55 | default  |
+-----------+------------+----------+
Via Pillar Rule:
    None
*** CongRefineRouteType #1 [finish] (ccopt_design #1) : cpu/real = 0:00:00.4/0:00:00.3 (1.2), totSession cpu/real = 0:32:05.2/0:08:48.6 (3.6), mem = 4454.0M
End: GigaOpt Route Type Constraints Refinement
*** SimplifyNetlist #1 [begin] (ccopt_design #1) : totSession cpu/real = 0:32:05.3/0:08:48.6 (3.6), mem = 4455.0M
Info: 55 nets with fixed/cover wires excluded.
Info: 55 clock nets excluded from IPO operation.

**Info: (IMPSP-2062): Some of the PG shapes may not be colorized properly in this design, users are required to run command colorizePowerMesh before any placement related commands!
Usable buffer cells for single buffer setup transform:
SC8T_BUFX0P5_A_CSC28L SC8T_BUFX2_CSC28L SC8T_BUFX1P5_CSC28L SC8T_CKBUFX2_CSC28L SC8T_BUFX3_CSC28L SC8T_BUFX4_MR_CSC28L SC8T_BUFX4_CSC28L SC8T_CKBUFX4_CSC28L SC8T_BUFX6_CSC28L SC8T_CKBUFX6_CSC28L SC8T_BUFX8_CSC28L SC8T_CKBUFX8_CSC28L SC8T_CKBUFX10_CSC28L SC8T_BUFX12_CSC28L SC8T_CKBUFX12_CSC28L SC8T_BUFX16_CSC28L SC8T_CKBUFX16_CSC28L SC8T_BUFX20_CSC28L SC8T_CKBUFX20_CSC28L SC8T_BUFX24_CSC28L SC8T_CKBUFX24_CSC28L 
Number of usable buffer cells above: 21

Netlist preparation processing... 
Removed 137 instances
*info: Marking 0 isolation instances dont touch
*info: Marking 0 level shifter instances dont touch
*** SimplifyNetlist #1 [finish] (ccopt_design #1) : cpu/real = 0:00:06.2/0:00:05.4 (1.1), totSession cpu/real = 0:32:11.4/0:08:54.0 (3.6), mem = 4466.9M
*** Starting optimizing excluded clock nets MEM= 4466.9M) ***
*info: No excluded clock nets to be optimized.
*** Finished optimizing excluded clock nets (CPU Time= 0:00:00.0  MEM= 4466.9M) ***
*** Starting optimizing excluded clock nets MEM= 4466.9M) ***
*info: No excluded clock nets to be optimized.
*** Finished optimizing excluded clock nets (CPU Time= 0:00:00.0  MEM= 4466.9M) ***
Info: Done creating the CCOpt slew target map.
Begin: GigaOpt high fanout net optimization
GigaOpt HFN: use maxLocalDensity 1.2
GigaOpt Checkpoint: Internal optDRV -useLevelizedBufferTreeOnly -auxMaxFanoutCountLimit 500 -largeScaleFixing -maxIter 1 -maxLocalDensity 1.2 -numThreads 8 -postCTS -preRouteDontEndWithRefinePlaceIncrSteinerRouteDC
*** DrvOpt #1 [begin] (ccopt_design #1) : totSession cpu/real = 0:32:11.5/0:08:54.1 (3.6), mem = 4466.9M
Info: 55 nets with fixed/cover wires excluded.
Info: 55 clock nets excluded from IPO operation.

**Info: (IMPSP-2062): Some of the PG shapes may not be colorized properly in this design, users are required to run command colorizePowerMesh before any placement related commands!
+---------+---------+--------+--------+------------+--------+
| Density | Commits |  WNS   |  TNS   |    Real    |  Mem   |
+---------+---------+--------+--------+------------+--------+
|   53.56%|        -|  -9.744|-612.578|   0:00:00.0| 4852.5M|
|   53.71%|      129|  -9.744|-612.600|   0:00:02.0| 5118.9M|
+---------+---------+--------+--------+------------+--------+

*** Finish post-CTS High Fanout Net Fixing (cpu=0:00:07.3 real=0:00:02.0 mem=5118.9M) ***
Bottom Preferred Layer:
+-----------+------------+----------+
|   Layer   |    CLK     |   Rule   |
+-----------+------------+----------+
| C1 (z=3)  |         55 | default  |
+-----------+------------+----------+
Via Pillar Rule:
    None
*** DrvOpt #1 [finish] (ccopt_design #1) : cpu/real = 0:00:12.8/0:00:05.6 (2.3), totSession cpu/real = 0:32:24.3/0:08:59.6 (3.6), mem = 4557.1M
GigaOpt HFN: restore maxLocalDensity to 0.98
End: GigaOpt high fanout net optimization
Begin: GigaOpt DRV Optimization
GigaOpt Checkpoint: Internal optDRV -max_tran -max_cap -maxLocalDensity 0.98 -numThreads 8 -smallScaleFixing -maxIter 3 -setupTNSCostFactor 3.0 -postCTS
*** DrvOpt #2 [begin] (ccopt_design #1) : totSession cpu/real = 0:32:25.3/0:09:00.5 (3.6), mem = 4557.1M
Info: 55 nets with fixed/cover wires excluded.
Info: 55 clock nets excluded from IPO operation.

**Info: (IMPSP-2062): Some of the PG shapes may not be colorized properly in this design, users are required to run command colorizePowerMesh before any placement related commands!
+-------------------------------------------------------------------------------------------------------------------------------------------------------+
|        max-tran       |        max-cap        |  max-fanout |  max-length |       setup       |        |        |        |       |          |         |
+-------------------------------------------------------------------------------------------------------------------------------------------------------+
| nets | terms|  wViol  | nets | terms|  wViol  | nets | terms| nets | terms|   WNS   |   TNS   |  #Buf  |  #Inv  | #Resize|Density|   Real   |   Mem   |
+-------------------------------------------------------------------------------------------------------------------------------------------------------+
|  3107| 33230|    -7.68|  1083|  1083|    -0.23|     0|     0|     0|     0|    -9.74|  -612.60|       0|       0|       0| 53.71%|          |         |
|    45|  1407|    -0.12|     0|     0|     0.00|     0|     0|     0|     0|    -6.47|  -271.10|    1522|     543|     303| 55.81%| 0:00:16.0|  5958.5M|
|     1|     2|    -0.01|     0|     0|     0.00|     0|     0|     0|     0|    -6.47|  -270.97|       1|       0|      45| 55.82%| 0:00:01.0|  5958.5M|
|     0|     0|     0.00|     0|     0|     0.00|     0|     0|     0|     0|    -6.47|  -270.97|       0|       2|       0| 55.82%| 0:00:00.0|  5958.5M|
+-------------------------------------------------------------------------------------------------------------------------------------------------------+
Bottom Preferred Layer:
+-----------+------------+----------+
|   Layer   |    CLK     |   Rule   |
+-----------+------------+----------+
| C1 (z=3)  |         55 | default  |
+-----------+------------+----------+
Via Pillar Rule:
    None

*** Finish DRV Fixing (cpu=0:01:42 real=0:00:19.0 mem=5958.5M) ***


*** Starting place_detail (0:34:13 mem=5395.5M) ***
Total net bbox length = 3.756e+05 (1.870e+05 1.886e+05) (ext = 3.591e+04)

**Info: (IMPSP-2062): Some of the PG shapes may not be colorized properly in this design, users are required to run command colorizePowerMesh before any placement related commands!
**WARN: (IMPSP-5140):	Global net connect rules have not been created. Added  insts would have no supply connectivity, and would fail DRC.
Type 'man IMPSP-5140' for more detail.
**WARN: (IMPSP-315):	Found 37479 instances insts with no PG Term connections.
Type 'man IMPSP-315' for more detail.
Move report: Detail placement moves 4233 insts, mean move: 0.64 um, max move: 8.98 um 
	Max move on inst (SILEGO_cell/FE_OFC386_ext_v_input_bus_in_3_0): (130.21, 199.68) --> (133.43, 193.92)
	Runtime: CPU: 0:00:05.9 REAL: 0:00:03.0 MEM: 5394.6MB
Summary Report:
Instances move: 4233 (out of 37425 movable)
Instances flipped: 199
Mean displacement: 0.64 um
Max displacement: 8.98 um (Instance: SILEGO_cell/FE_OFC386_ext_v_input_bus_in_3_0) (130.208, 199.68) -> (133.432, 193.92)
	Length: 3 sites, height: 1 rows, site name: SC8T_104CPP_CMOS22FDX, cell type: SC8T_BUFX0P5_A_CSC28L
Total net bbox length = 3.779e+05 (1.887e+05 1.891e+05) (ext = 3.694e+04)
Runtime: CPU: 0:00:06.0 REAL: 0:00:03.0 MEM: 5394.6MB
*** Finished place_detail (0:34:19 mem=5394.6M) ***
*** maximum move = 8.98 um ***
*** Finished re-routing un-routed nets (5397.6M) ***

**Info: (IMPSP-2062): Some of the PG shapes may not be colorized properly in this design, users are required to run command colorizePowerMesh before any placement related commands!

*** Finish Physical Update (cpu=0:00:08.2 real=0:00:04.0 mem=5397.6M) ***
*** DrvOpt #2 [finish] (ccopt_design #1) : cpu/real = 0:01:56.2/0:00:27.5 (4.2), totSession cpu/real = 0:34:21.5/0:09:28.0 (3.6), mem = 4828.7M
End: GigaOpt DRV Optimization
GigaOpt DRV: restore maxLocalDensity to 0.98
**opt_design ... cpu = 0:03:10, real = 0:01:02, mem = 3098.3M, totSessionCpu=0:34:22 **
Begin: GigaOpt Global Optimization
*info: use new DP (enabled)
GigaOpt Checkpoint: Internal globalOpt -maxLocalDensity 1.2 -numThreads 8 -postCTS -preRouteDontEndWithRefinePlaceIncrSteinerRouteDC -enableHighLayerOpt -maxIter 50 -maxIterForLEPG 50
Info: 55 nets with fixed/cover wires excluded.
Info: 55 clock nets excluded from IPO operation.
*** GlobalOpt #1 [begin] (ccopt_design #1) : totSession cpu/real = 0:34:21.7/0:09:28.2 (3.6), mem = 4828.7M

**Info: (IMPSP-2062): Some of the PG shapes may not be colorized properly in this design, users are required to run command colorizePowerMesh before any placement related commands!
*info: 55 clock nets excluded
*info: 1198 no-driver nets excluded.
*info: 55 nets with fixed/cover wires excluded.
** GigaOpt Global Opt WNS Slack -6.471  TNS Slack -270.970 
+--------+--------+---------+------------+--------+-----------+---------+----------------------------------------------------+
|  WNS   |  TNS   | Density |    Real    |  Mem   |Worst View |Pathgroup|                     End Point                      |
+--------+--------+---------+------------+--------+-----------+---------+----------------------------------------------------+
|  -6.471|-270.970|   55.82%|   0:00:00.0| 5214.3M|AVF_RCWORST|  reg2reg| SILEGO_cell/MTRF_cell/dpu_gen/U_NACU_0/U_divider/d |
|        |        |         |            |        |           |         | ivision/U_DIV/dpu_gen_U_NACU_0_U_divider_division_ |
|        |        |         |            |        |           |         | link211662_r_REG171_S1/D                           |
|  -5.166|-176.623|   55.21%|   0:00:05.0| 5393.3M|AVF_RCWORST|  reg2reg| SILEGO_cell/MTRF_cell/dpu_gen/U_NACU_0/U_divider/d |
|        |        |         |            |        |           |         | ivision/U_DIV/dpu_gen_U_NACU_0_U_divider_division_ |
|        |        |         |            |        |           |         | link211662_r_REG171_S1/D                           |
|  -4.219|-138.525|   55.27%|   0:00:02.0| 5405.6M|AVF_RCWORST|  reg2reg| SILEGO_cell/MTRF_cell/dpu_gen/U_NACU_0/U_divider/d |
|        |        |         |            |        |           |         | ivision/U_DIV/dpu_gen_U_NACU_0_U_divider_division_ |
|        |        |         |            |        |           |         | link211662_r_REG171_S1/D                           |
|  -4.219|-138.525|   55.27%|   0:00:01.0| 5405.6M|AVF_RCWORST|  reg2reg| SILEGO_cell/MTRF_cell/dpu_gen/U_NACU_0/U_divider/d |
|        |        |         |            |        |           |         | ivision/U_DIV/dpu_gen_U_NACU_0_U_divider_division_ |
|        |        |         |            |        |           |         | link211662_r_REG171_S1/D                           |
|  -2.234| -48.967|   55.62%|   0:00:05.0| 5455.3M|AVF_RCWORST|  default| SILEGO_cell/MTRF_cell/dpu_gen/U_NACU_0/U_divider/d |
|        |        |         |            |        |           |         | ivision/U_DIV/dpu_gen_U_NACU_0_U_divider_division_ |
|        |        |         |            |        |           |         | link211662_r_REG171_S1/D                           |
|  -2.073| -43.123|   55.65%|   0:00:04.0| 5459.9M|AVF_RCWORST|  default| SILEGO_cell/MTRF_cell/dpu_gen/U_NACU_0/U_divider/d |
|        |        |         |            |        |           |         | ivision/U_DIV/dpu_gen_U_NACU_0_U_divider_division_ |
|        |        |         |            |        |           |         | link211662_r_REG171_S1/D                           |
|  -2.055| -42.053|   55.71%|   0:00:01.0| 5461.4M|AVF_RCWORST|  default| SILEGO_cell/MTRF_cell/dpu_gen/U_NACU_0/U_divider/d |
|        |        |         |            |        |           |         | ivision/U_DIV/dpu_gen_U_NACU_0_U_divider_division_ |
|        |        |         |            |        |           |         | link211662_r_REG171_S1/D                           |
|  -2.055| -42.053|   55.71%|   0:00:00.0| 5461.4M|AVF_RCWORST|  default| SILEGO_cell/MTRF_cell/dpu_gen/U_NACU_0/U_divider/d |
|        |        |         |            |        |           |         | ivision/U_DIV/dpu_gen_U_NACU_0_U_divider_division_ |
|        |        |         |            |        |           |         | link211662_r_REG171_S1/D                           |
|  -1.299| -17.392|   55.93%|   0:00:03.0| 5471.0M|AVF_RCWORST|  default| SILEGO_cell/MTRF_cell/dpu_gen/U_NACU_0/U_divider/d |
|        |        |         |            |        |           |         | ivision/U_DIV/dpu_gen_U_NACU_0_U_divider_division_ |
|        |        |         |            |        |           |         | link211662_r_REG171_S1/D                           |
|  -1.170| -13.531|   55.93%|   0:00:02.0| 5471.0M|AVF_RCWORST|  default| SILEGO_cell/MTRF_cell/dpu_gen/U_NACU_0/U_divider/d |
|        |        |         |            |        |           |         | ivision/U_DIV/dpu_gen_U_NACU_0_U_divider_division_ |
|        |        |         |            |        |           |         | link211662_r_REG171_S1/D                           |
|  -1.128| -12.543|   55.93%|   0:00:00.0| 5471.0M|AVF_RCWORST|  default| SILEGO_cell/MTRF_cell/dpu_gen/U_NACU_0/U_divider/d |
|        |        |         |            |        |           |         | ivision/U_DIV/dpu_gen_U_NACU_0_U_divider_division_ |
|        |        |         |            |        |           |         | link211662_r_REG171_S1/D                           |
|  -1.128| -12.543|   55.93%|   0:00:01.0| 5471.0M|AVF_RCWORST|  default| SILEGO_cell/MTRF_cell/dpu_gen/U_NACU_0/U_divider/d |
|        |        |         |            |        |           |         | ivision/U_DIV/dpu_gen_U_NACU_0_U_divider_division_ |
|        |        |         |            |        |           |         | link211662_r_REG171_S1/D                           |
|  -0.821|  -7.079|   56.00%|   0:00:00.0| 5471.0M|AVF_RCWORST|  default| SILEGO_cell/MTRF_cell/dpu_gen/U_NACU_0/U_divider/d |
|        |        |         |            |        |           |         | ivision/U_DIV/dpu_gen_U_NACU_0_U_divider_division_ |
|        |        |         |            |        |           |         | link211662_r_REG171_S1/D                           |
|  -0.818|  -6.888|   56.00%|   0:00:02.0| 5471.0M|AVF_RCWORST|  default| SILEGO_cell/MTRF_cell/dpu_gen/U_NACU_0/U_divider/d |
|        |        |         |            |        |           |         | ivision/U_DIV/dpu_gen_U_NACU_0_U_divider_division_ |
|        |        |         |            |        |           |         | link211662_r_REG171_S1/D                           |
|  -0.815|  -6.831|   56.00%|   0:00:00.0| 5471.0M|AVF_RCWORST|  default| SILEGO_cell/MTRF_cell/dpu_gen/U_NACU_0/U_divider/d |
|        |        |         |            |        |           |         | ivision/U_DIV/dpu_gen_U_NACU_0_U_divider_division_ |
|        |        |         |            |        |           |         | link211662_r_REG171_S1/D                           |
|  -0.815|  -6.831|   56.00%|   0:00:00.0| 5471.0M|AVF_RCWORST|  default| SILEGO_cell/MTRF_cell/dpu_gen/U_NACU_0/U_divider/d |
|        |        |         |            |        |           |         | ivision/U_DIV/dpu_gen_U_NACU_0_U_divider_division_ |
|        |        |         |            |        |           |         | link211662_r_REG171_S1/D                           |
|  -0.630|  -4.763|   56.04%|   0:00:01.0| 5471.0M|AVF_RCWORST|  default| SILEGO_cell/MTRF_cell/dpu_gen/U_NACU_0/U_divider/d |
|        |        |         |            |        |           |         | ivision/U_DIV/dpu_gen_U_NACU_0_U_divider_division_ |
|        |        |         |            |        |           |         | link211662_r_REG171_S1/D                           |
|  -0.609|  -4.514|   56.04%|   0:00:01.0| 5471.0M|AVF_RCWORST|  default| SILEGO_cell/MTRF_cell/dpu_gen/U_NACU_0/U_divider/d |
|        |        |         |            |        |           |         | ivision/U_DIV/dpu_gen_U_NACU_0_U_divider_division_ |
|        |        |         |            |        |           |         | link211662_r_REG171_S1/D                           |
|  -0.598|  -4.418|   56.05%|   0:00:01.0| 5471.0M|AVF_RCWORST|  default| SILEGO_cell/MTRF_cell/dpu_gen/U_NACU_0/U_divider/d |
|        |        |         |            |        |           |         | ivision/U_DIV/dpu_gen_U_NACU_0_U_divider_division_ |
|        |        |         |            |        |           |         | link211662_r_REG171_S1/D                           |
|  -0.598|  -4.418|   56.05%|   0:00:00.0| 5471.0M|AVF_RCWORST|  default| SILEGO_cell/MTRF_cell/dpu_gen/U_NACU_0/U_divider/d |
|        |        |         |            |        |           |         | ivision/U_DIV/dpu_gen_U_NACU_0_U_divider_division_ |
|        |        |         |            |        |           |         | link211662_r_REG171_S1/D                           |
|  -0.528|  -3.782|   56.07%|   0:00:00.0| 5471.0M|AVF_RCWORST|  default| SILEGO_cell/MTRF_cell/dpu_gen/U_NACU_0/U_divider/d |
|        |        |         |            |        |           |         | ivision/U_DIV/dpu_gen_U_NACU_0_U_divider_division_ |
|        |        |         |            |        |           |         | link211662_r_REG171_S1/D                           |
|  -0.526|  -3.769|   56.07%|   0:00:01.0| 5472.5M|AVF_RCWORST|  default| SILEGO_cell/MTRF_cell/dpu_gen/U_NACU_0/U_divider/d |
|        |        |         |            |        |           |         | ivision/U_DIV/dpu_gen_U_NACU_0_U_divider_division_ |
|        |        |         |            |        |           |         | link211662_r_REG171_S1/D                           |
|  -0.525|  -3.764|   56.08%|   0:00:01.0| 5472.5M|AVF_RCWORST|  default| SILEGO_cell/MTRF_cell/dpu_gen/U_NACU_0/U_divider/d |
|        |        |         |            |        |           |         | ivision/U_DIV/dpu_gen_U_NACU_0_U_divider_division_ |
|        |        |         |            |        |           |         | link211662_r_REG171_S1/D                           |
|  -0.525|  -3.764|   56.08%|   0:00:00.0| 5472.5M|AVF_RCWORST|  default| SILEGO_cell/MTRF_cell/dpu_gen/U_NACU_0/U_divider/d |
|        |        |         |            |        |           |         | ivision/U_DIV/dpu_gen_U_NACU_0_U_divider_division_ |
|        |        |         |            |        |           |         | link211662_r_REG171_S1/D                           |
|  -0.509|  -3.618|   56.10%|   0:00:00.0| 5472.5M|AVF_RCWORST|  default| SILEGO_cell/MTRF_cell/dpu_gen/U_NACU_0/U_divider/d |
|        |        |         |            |        |           |         | ivision/U_DIV/dpu_gen_U_NACU_0_U_divider_division_ |
|        |        |         |            |        |           |         | link211662_r_REG171_S1/D                           |
|  -0.509|  -3.622|   56.10%|   0:00:01.0| 5473.5M|AVF_RCWORST|  default| SILEGO_cell/MTRF_cell/dpu_gen/U_NACU_0/U_divider/d |
|        |        |         |            |        |           |         | ivision/U_DIV/dpu_gen_U_NACU_0_U_divider_division_ |
|        |        |         |            |        |           |         | link211662_r_REG171_S1/D                           |
+--------+--------+---------+------------+--------+-----------+---------+----------------------------------------------------+

*** Finish post-CTS Global Setup Fixing (cpu=0:02:36 real=0:00:32.0 mem=5473.5M) ***

*** Finish post-CTS Setup Fixing (cpu=0:02:36 real=0:00:32.0 mem=5473.5M) ***
Bottom Preferred Layer:
+-----------+------------+------------+----------+
|   Layer   |   OPT_LA   |    CLK     |   Rule   |
+-----------+------------+------------+----------+
| C1 (z=3)  |          0 |         55 | default  |
| BA (z=7)  |          1 |          0 | default  |
+-----------+------------+------------+----------+
Via Pillar Rule:
    None
** GigaOpt Global Opt End WNS Slack -0.509  TNS Slack -3.622 
*** GlobalOpt #1 [finish] (ccopt_design #1) : cpu/real = 0:02:44.2/0:00:38.9 (4.2), totSession cpu/real = 0:37:05.9/0:10:07.1 (3.7), mem = 4905.6M
End: GigaOpt Global Optimization
*** Timing NOT met, worst failing slack is -0.509
*** Check timing (0:00:00.1)
GigaOpt Checkpoint: Internal reclaim -numThreads 8 -postCTS -doRemoveUselessTerm -tgtSlackMult 3 -routeType -noRouteTypeResizePolish -noViewPrune -weedwhack -nonLegal -nativePathGroupFlow
Info: 55 nets with fixed/cover wires excluded.
Info: 55 clock nets excluded from IPO operation.


**Info: (IMPSP-2062): Some of the PG shapes may not be colorized properly in this design, users are required to run command colorizePowerMesh before any placement related commands!
Begin: Area Reclaim Optimization
*** AreaOpt #1 [begin] (ccopt_design #1) : totSession cpu/real = 0:37:06.9/0:10:07.9 (3.7), mem = 5291.2M
Usable buffer cells for single buffer setup transform:
SC8T_BUFX0P5_A_CSC28L SC8T_BUFX2_CSC28L SC8T_BUFX1P5_CSC28L SC8T_CKBUFX2_CSC28L SC8T_BUFX3_CSC28L SC8T_BUFX4_MR_CSC28L SC8T_BUFX4_CSC28L SC8T_CKBUFX4_CSC28L SC8T_BUFX6_CSC28L SC8T_CKBUFX6_CSC28L SC8T_BUFX8_CSC28L SC8T_CKBUFX8_CSC28L SC8T_CKBUFX10_CSC28L SC8T_BUFX12_CSC28L SC8T_CKBUFX12_CSC28L SC8T_BUFX16_CSC28L SC8T_CKBUFX16_CSC28L SC8T_BUFX20_CSC28L SC8T_CKBUFX20_CSC28L SC8T_BUFX24_CSC28L SC8T_CKBUFX24_CSC28L 
Number of usable buffer cells above: 21
Reclaim Optimization WNS Slack -0.509  TNS Slack -3.622 Density 56.10
+---------+---------+--------+--------+------------+--------+
| Density | Commits |  WNS   |  TNS   |    Real    |  Mem   |
+---------+---------+--------+--------+------------+--------+
|   56.10%|        -|  -0.509|  -3.622|   0:00:00.0| 5293.2M|
|   56.10%|        3|  -0.508|  -3.621|   0:00:02.0| 5448.5M|
|   56.10%|        2|  -0.508|  -3.621|   0:00:00.0| 5448.5M|
|   56.10%|        1|  -0.508|  -3.621|   0:00:00.0| 5448.5M|
|   56.10%|        1|  -0.508|  -3.621|   0:00:01.0| 5448.5M|
|   56.10%|        0|  -0.508|  -3.621|   0:00:00.0| 5448.5M|
|   55.84%|      199|  -0.508|  -3.610|   0:00:03.0| 5451.9M|
|   55.73%|      234|  -0.507|  -3.594|   0:00:03.0| 5461.9M|
|   55.73%|       11|  -0.507|  -3.594|   0:00:01.0| 5461.9M|
|   55.73%|        0|  -0.507|  -3.594|   0:00:00.0| 5461.9M|
|   55.73%|        0|  -0.507|  -3.594|   0:00:00.0| 5461.9M|
+---------+---------+--------+--------+------------+--------+
Reclaim Optimization End WNS Slack -0.507  TNS Slack -3.594 Density 55.73
Bottom Preferred Layer:
+-----------+------------+------------+----------+
|   Layer   |   OPT_LA   |    CLK     |   Rule   |
+-----------+------------+------------+----------+
| C1 (z=3)  |          0 |         55 | default  |
| BA (z=7)  |          1 |          0 | default  |
+-----------+------------+------------+----------+
Via Pillar Rule:
    None

Number of times islegalLocAvaiable called = 0 skipped = 0, called in commitmove = 0, skipped in commitmove = 0
End: Core Area Reclaim Optimization (cpu = 0:00:36.5) (real = 0:00:15.0) **
*** AreaOpt #1 [finish] (ccopt_design #1) : cpu/real = 0:00:36.5/0:00:14.6 (2.5), totSession cpu/real = 0:37:43.4/0:10:22.6 (3.6), mem = 5461.9M
Executing incremental physical updates
Executing incremental physical updates
End: Area Reclaim Optimization (cpu=0:00:37, real=0:00:15, mem=4917.06M, totSessionCpu=0:37:44).

Active setup views:
 AVF_RCWORST
  Dominating endpoints: 0
  Dominating TNS: -0.000

Begin: GigaOpt Optimization in WNS mode
GigaOpt Checkpoint: Internal optTiming -maxLocalDensity 1.0 -maxLocalDensityForHardenOpt 0.92 -numThreads 8 -postCTS -wtns -integratedAreaOpt -pgMode all -ipoTgtSlackCoef 1.5 -effTgtSlackCoef 1 -nativePathGroupFlow -NDROptEffortAuto -usefulSkew -nonLegalPlaceEcoBumpRecoveryInWNSOpt
Info: 55 nets with fixed/cover wires excluded.
Info: 55 clock nets excluded from IPO operation.
*** WnsOpt #1 [begin] (ccopt_design #1) : totSession cpu/real = 0:37:46.0/0:10:24.8 (3.6), mem = 5088.8M

**Info: (IMPSP-2062): Some of the PG shapes may not be colorized properly in this design, users are required to run command colorizePowerMesh before any placement related commands!
*info: 55 clock nets excluded
*info: 1207 no-driver nets excluded.
*info: 55 nets with fixed/cover wires excluded.
** GigaOpt Optimizer WNS Slack -0.507 TNS Slack -3.594 Density 55.73
OptDebug: Start of Optimizer WNS Pass 0:
+----------+------+------+
|Path Group|   WNS|   TNS|
+----------+------+------+
|default   |-0.507|-3.594|
|reg2reg   | 0.262| 0.000|
|HEPG      | 0.262| 0.000|
|All Paths |-0.507|-3.594|
+----------+------+------+

CCOptDebug: Start of Optimizer WNS Pass 0: reg2reg* WNS 261.6ps TNS 0.0ps; HEPG WNS 261.6ps TNS 0.0ps; all paths WNS -506.8ps TNS -3593.8ps; Real time 0:04:13
Active Path Group: default 
+--------+---------+--------+---------+---------+------------+--------+-----------+---------+----------------------------------------------------+
|  WNS   | All WNS |  TNS   | All TNS | Density |    Real    |  Mem   |Worst View |Pathgroup|                     End Point                      |
+--------+---------+--------+---------+---------+------------+--------+-----------+---------+----------------------------------------------------+
|  -0.507|   -0.507|  -3.594|   -3.594|   55.73%|   0:00:00.0| 5302.6M|AVF_RCWORST|  default| SILEGO_cell/MTRF_cell/dpu_gen/U_NACU_0/U_divider/d |
|        |         |        |         |         |            |        |           |         | ivision/U_DIV/dpu_gen_U_NACU_0_U_divider_division_ |
|        |         |        |         |         |            |        |           |         | link211662_r_REG171_S1/D                           |
|  -0.419|   -0.419|  -2.938|   -2.938|   55.73%|   0:00:01.0| 5463.7M|AVF_RCWORST|  default| SILEGO_cell/MTRF_cell/dpu_gen/U_NACU_0/U_divider/d |
|        |         |        |         |         |            |        |           |         | ivision/U_DIV/dpu_gen_U_NACU_0_U_divider_division_ |
|        |         |        |         |         |            |        |           |         | link211662_r_REG171_S1/D                           |
|  -0.374|   -0.374|  -2.634|   -2.634|   55.73%|   0:00:00.0| 5465.2M|AVF_RCWORST|  default| SILEGO_cell/MTRF_cell/dpu_gen/U_NACU_0/U_divider/d |
|        |         |        |         |         |            |        |           |         | ivision/U_DIV/dpu_gen_U_NACU_0_U_divider_division_ |
|        |         |        |         |         |            |        |           |         | link211662_r_REG171_S1/D                           |
|  -0.311|   -0.311|  -2.269|   -2.269|   55.73%|   0:00:01.0| 5465.2M|AVF_RCWORST|  default| SILEGO_cell/MTRF_cell/dpu_gen/U_NACU_0/U_divider/d |
|        |         |        |         |         |            |        |           |         | ivision/U_DIV/dpu_gen_U_NACU_0_U_divider_division_ |
|        |         |        |         |         |            |        |           |         | link211662_r_REG171_S1/D                           |
|  -0.288|   -0.288|  -2.151|   -2.151|   55.73%|   0:00:00.0| 5466.7M|AVF_RCWORST|  default| SILEGO_cell/MTRF_cell/dpu_gen/U_NACU_0/U_divider/d |
|        |         |        |         |         |            |        |           |         | ivision/U_DIV/dpu_gen_U_NACU_0_U_divider_division_ |
|        |         |        |         |         |            |        |           |         | link211662_r_REG171_S1/D                           |
|  -0.276|   -0.276|  -2.090|   -2.090|   55.74%|   0:00:00.0| 5466.7M|AVF_RCWORST|  default| SILEGO_cell/MTRF_cell/dpu_gen/U_NACU_0/U_divider/d |
|        |         |        |         |         |            |        |           |         | ivision/U_DIV/dpu_gen_U_NACU_0_U_divider_division_ |
|        |         |        |         |         |            |        |           |         | link211662_r_REG171_S1/D                           |
|  -0.261|   -0.261|  -2.018|   -2.018|   55.74%|   0:00:01.0| 5466.7M|AVF_RCWORST|  default| SILEGO_cell/MTRF_cell/dpu_gen/U_NACU_0/U_divider/d |
|        |         |        |         |         |            |        |           |         | ivision/U_DIV/dpu_gen_U_NACU_0_U_divider_division_ |
|        |         |        |         |         |            |        |           |         | link211662_r_REG171_S1/D                           |
|  -0.224|   -0.224|  -1.850|   -1.850|   55.74%|   0:00:00.0| 5467.9M|AVF_RCWORST|  default| SILEGO_cell/MTRF_cell/dpu_gen/U_NACU_0/U_divider/d |
|        |         |        |         |         |            |        |           |         | ivision/U_DIV/dpu_gen_U_NACU_0_U_divider_division_ |
|        |         |        |         |         |            |        |           |         | link211662_r_REG171_S1/D                           |
|  -0.206|   -0.206|  -1.776|   -1.776|   55.74%|   0:00:00.0| 5467.9M|AVF_RCWORST|  default| SILEGO_cell/MTRF_cell/dpu_gen/U_NACU_0/U_divider/d |
|        |         |        |         |         |            |        |           |         | ivision/U_DIV/dpu_gen_U_NACU_0_U_divider_division_ |
|        |         |        |         |         |            |        |           |         | link211662_r_REG171_S1/D                           |
|  -0.173|   -0.173|  -1.647|   -1.647|   55.75%|   0:00:01.0| 5469.4M|AVF_RCWORST|  default| SILEGO_cell/MTRF_cell/dpu_gen/U_NACU_0/U_divider/d |
|        |         |        |         |         |            |        |           |         | ivision/U_DIV/dpu_gen_U_NACU_0_U_divider_division_ |
|        |         |        |         |         |            |        |           |         | link211662_r_REG171_S1/D                           |
|  -0.146|   -0.146|  -1.551|   -1.551|   55.75%|   0:00:00.0| 5470.9M|AVF_RCWORST|  default| SILEGO_cell/MTRF_cell/dpu_gen/U_NACU_0/U_divider/d |
|        |         |        |         |         |            |        |           |         | ivision/U_DIV/dpu_gen_U_NACU_0_U_divider_division_ |
|        |         |        |         |         |            |        |           |         | link211662_r_REG171_S1/D                           |
|  -0.133|   -0.133|  -1.513|   -1.513|   55.75%|   0:00:01.0| 5481.9M|AVF_RCWORST|  default| SILEGO_cell/MTRF_cell/dpu_gen/U_NACU_0/U_divider/d |
|        |         |        |         |         |            |        |           |         | ivision/U_DIV/dpu_gen_U_NACU_0_U_divider_division_ |
|        |         |        |         |         |            |        |           |         | link211662_r_REG171_S1/D                           |
|  -0.112|   -0.112|  -1.449|   -1.449|   55.75%|   0:00:00.0| 5481.9M|AVF_RCWORST|  default| SILEGO_cell/MTRF_cell/dpu_gen/U_NACU_0/U_divider/d |
|        |         |        |         |         |            |        |           |         | ivision/U_DIV/dpu_gen_U_NACU_0_U_divider_division_ |
|        |         |        |         |         |            |        |           |         | link211662_r_REG171_S1/D                           |
|  -0.097|   -0.097|  -1.400|   -1.400|   55.75%|   0:00:00.0| 5481.9M|AVF_RCWORST|  default| sel_r_ext_out_3[2]                                 |
|  -0.087|   -0.087|  -1.289|   -1.289|   55.76%|   0:00:01.0| 5501.0M|AVF_RCWORST|  default| sel_r_ext_out_2[2]                                 |
|  -0.082|   -0.082|  -1.237|   -1.237|   55.76%|   0:00:00.0| 5501.0M|AVF_RCWORST|  default| sel_r_ext_out_2[3]                                 |
|  -0.075|   -0.075|  -1.180|   -1.180|   55.77%|   0:00:00.0| 5501.0M|AVF_RCWORST|  default| sel_r_ext_out_3[3]                                 |
|  -0.070|   -0.070|  -1.145|   -1.145|   55.77%|   0:00:00.0| 5501.0M|AVF_RCWORST|  default| sel_r_ext_out_2[2]                                 |
|  -0.067|   -0.067|  -1.095|   -1.095|   55.77%|   0:00:00.0| 5501.0M|AVF_RCWORST|  default| sel_r_ext_out_3[2]                                 |
|  -0.066|   -0.066|  -1.064|   -1.064|   55.77%|   0:00:01.0| 5501.0M|AVF_RCWORST|  default| sel_r_ext_out_3[2]                                 |
|  -0.066|   -0.066|  -1.046|   -1.046|   55.77%|   0:00:00.0| 5501.0M|AVF_RCWORST|  default| sel_r_ext_out_3[2]                                 |
|  -0.066|   -0.066|  -1.026|   -1.026|   55.76%|   0:00:00.0| 5501.0M|AVF_RCWORST|  default| sel_r_ext_out_3[2]                                 |
|  -0.066|   -0.066|  -1.026|   -1.026|   55.76%|   0:00:00.0| 5501.0M|AVF_RCWORST|  default| sel_r_ext_out_3[2]                                 |
+--------+---------+--------+---------+---------+------------+--------+-----------+---------+----------------------------------------------------+

*** Finish Core Optimize Step (cpu=0:00:18.6 real=0:00:07.0 mem=5501.0M) ***

*** Finished Optimize Step Cumulative (cpu=0:00:18.7 real=0:00:07.0 mem=5501.0M) ***
OptDebug: End of Optimizer WNS Pass 0:
+----------+------+------+
|Path Group|   WNS|   TNS|
+----------+------+------+
|default   |-0.066|-1.026|
|reg2reg   | 0.669| 0.000|
|HEPG      | 0.669| 0.000|
|All Paths |-0.066|-1.026|
+----------+------+------+

CCOptDebug: End of Optimizer WNS Pass 0: reg2reg* WNS 668.8ps TNS 0.0ps; HEPG WNS 668.8ps TNS 0.0ps; all paths WNS -66.4ps TNS -1026.7ps; Real time 0:04:21
** GigaOpt Optimizer WNS Slack -0.066 TNS Slack -1.026 Density 55.76

*** Starting place_detail (0:38:13 mem=5501.0M) ***
Total net bbox length = 3.765e+05 (1.875e+05 1.890e+05) (ext = 3.824e+04)

**Info: (IMPSP-2062): Some of the PG shapes may not be colorized properly in this design, users are required to run command colorizePowerMesh before any placement related commands!
**WARN: (IMPSP-5140):	Global net connect rules have not been created. Added  insts would have no supply connectivity, and would fail DRC.
Type 'man IMPSP-5140' for more detail.
**WARN: (IMPSP-315):	Found 37258 instances insts with no PG Term connections.
Type 'man IMPSP-315' for more detail.

Starting Small incrNP...
Density distribution unevenness ratio = 7.597%
Skipped incrNP (cpu=0:00:00.0, real=0:00:00.0, mem=5501.0M)
End of Small incrNP (cpu=0:00:00.0, real=0:00:00.0)
Move report: Detail placement moves 1820 insts, mean move: 0.36 um, max move: 3.55 um 
	Max move on inst (SILEGO_cell/swb/FE_OFC3359_h_bus_reg_in_out1_0_left_11): (0.00, 89.60) --> (2.91, 88.96)
	Runtime: CPU: 0:00:01.7 REAL: 0:00:01.0 MEM: 5476.7MB
Summary Report:
Instances move: 1820 (out of 37204 movable)
Instances flipped: 0
Mean displacement: 0.36 um
Max displacement: 3.55 um (Instance: SILEGO_cell/swb/FE_OFC3359_h_bus_reg_in_out1_0_left_11) (0, 89.6) -> (2.912, 88.96)
	Length: 7 sites, height: 1 rows, site name: SC8T_104CPP_CMOS22FDX, cell type: SC8T_BUFX4_MR_CSC28L
Total net bbox length = 3.768e+05 (1.877e+05 1.891e+05) (ext = 3.840e+04)
Runtime: CPU: 0:00:01.8 REAL: 0:00:01.0 MEM: 5476.7MB
*** Finished place_detail (0:38:15 mem=5476.7M) ***
*** maximum move = 3.55 um ***
*** Finished re-routing un-routed nets (5501.7M) ***


*** Finish Physical Update (cpu=0:00:03.3 real=0:00:01.0 mem=5501.7M) ***
** GigaOpt Optimizer WNS Slack -0.066 TNS Slack -1.026 Density 55.76
OptDebug: Start of Optimizer WNS Pass 1:
+----------+------+------+
|Path Group|   WNS|   TNS|
+----------+------+------+
|default   |-0.066|-1.026|
|reg2reg   | 0.669| 0.000|
|HEPG      | 0.669| 0.000|
|All Paths |-0.066|-1.026|
+----------+------+------+

CCOptDebug: Start of Optimizer WNS Pass 1: reg2reg* WNS 668.8ps TNS 0.0ps; HEPG WNS 668.8ps TNS 0.0ps; all paths WNS -66.4ps TNS -1026.7ps; Real time 0:04:23
Active Path Group: default 
+--------+---------+--------+---------+---------+------------+--------+-----------+---------+----------------------------------------------------+
|  WNS   | All WNS |  TNS   | All TNS | Density |    Real    |  Mem   |Worst View |Pathgroup|                     End Point                      |
+--------+---------+--------+---------+---------+------------+--------+-----------+---------+----------------------------------------------------+
|  -0.066|   -0.066|  -1.026|   -1.026|   55.76%|   0:00:00.0| 5501.7M|AVF_RCWORST|  default| sel_r_ext_out_3[2]                                 |
|  -0.066|   -0.066|  -1.026|   -1.026|   55.76%|   0:00:00.0| 5504.2M|AVF_RCWORST|  default| sel_r_ext_out_3[2]                                 |
+--------+---------+--------+---------+---------+------------+--------+-----------+---------+----------------------------------------------------+

*** Finish Core Optimize Step (cpu=0:00:00.2 real=0:00:00.0 mem=5504.2M) ***

*** Finished Optimize Step Cumulative (cpu=0:00:00.3 real=0:00:00.0 mem=5504.2M) ***
OptDebug: End of Optimizer WNS Pass 1:
+----------+------+------+
|Path Group|   WNS|   TNS|
+----------+------+------+
|default   |-0.066|-1.026|
|reg2reg   | 0.669| 0.000|
|HEPG      | 0.669| 0.000|
|All Paths |-0.066|-1.026|
+----------+------+------+

CCOptDebug: End of Optimizer WNS Pass 1: reg2reg* WNS 668.8ps TNS 0.0ps; HEPG WNS 668.8ps TNS 0.0ps; all paths WNS -66.4ps TNS -1026.7ps; Real time 0:04:24
** GigaOpt Optimizer WNS Slack -0.066 TNS Slack -1.026 Density 55.76

*** Starting place_detail (0:38:18 mem=5501.2M) ***
Total net bbox length = 3.768e+05 (1.877e+05 1.891e+05) (ext = 3.840e+04)

**Info: (IMPSP-2062): Some of the PG shapes may not be colorized properly in this design, users are required to run command colorizePowerMesh before any placement related commands!
**WARN: (IMPSP-5140):	Global net connect rules have not been created. Added  insts would have no supply connectivity, and would fail DRC.
Type 'man IMPSP-5140' for more detail.
**WARN: (IMPSP-315):	Found 37258 instances insts with no PG Term connections.
Type 'man IMPSP-315' for more detail.

Starting Small incrNP...
Density distribution unevenness ratio = 7.566%
Skipped incrNP (cpu=0:00:00.0, real=0:00:00.0, mem=5501.2M)
End of Small incrNP (cpu=0:00:00.0, real=0:00:00.0)
Move report: Detail placement moves 1236 insts, mean move: 0.24 um, max move: 3.05 um 
	Max move on inst (SILEGO_cell/swb/Mux_Generate0_5/FE_OFC3322_h_bus_reg_in_out1_0_left_14): (11.13, 103.68) --> (9.36, 102.40)
	Runtime: CPU: 0:00:04.7 REAL: 0:00:02.0 MEM: 5512.3MB
Summary Report:
Instances move: 1236 (out of 37204 movable)
Instances flipped: 480
Mean displacement: 0.24 um
Max displacement: 3.05 um (Instance: SILEGO_cell/swb/Mux_Generate0_5/FE_OFC3322_h_bus_reg_in_out1_0_left_14) (11.128, 103.68) -> (9.36, 102.4)
	Length: 3 sites, height: 1 rows, site name: SC8T_104CPP_CMOS22FDX, cell type: SC8T_BUFX0P5_A_CSC28L
Total net bbox length = 3.770e+05 (1.879e+05 1.891e+05) (ext = 3.841e+04)
Runtime: CPU: 0:00:04.8 REAL: 0:00:02.0 MEM: 5512.3MB
*** Finished place_detail (0:38:23 mem=5512.3M) ***
*** maximum move = 3.05 um ***
*** Finished re-routing un-routed nets (5503.3M) ***


*** Finish Physical Update (cpu=0:00:06.3 real=0:00:04.0 mem=5503.3M) ***
** GigaOpt Optimizer WNS Slack -0.066 TNS Slack -1.026 Density 55.76
OptDebug: End of Setup Fixing:
+----------+------+------+
|Path Group|   WNS|   TNS|
+----------+------+------+
|default   |-0.066|-1.026|
|reg2reg   | 0.669| 0.000|
|HEPG      | 0.669| 0.000|
|All Paths |-0.066|-1.026|
+----------+------+------+

Bottom Preferred Layer:
+-----------+------------+------------+----------+
|   Layer   |   OPT_LA   |    CLK     |   Rule   |
+-----------+------------+------------+----------+
| C1 (z=3)  |          0 |         55 | default  |
| BA (z=7)  |          1 |          0 | default  |
+-----------+------------+------------+----------+
Via Pillar Rule:
    None

*** Finish post-CTS Setup Fixing (cpu=0:00:33.7 real=0:00:17.0 mem=5503.3M) ***

*** WnsOpt #1 [finish] (ccopt_design #1) : cpu/real = 0:00:39.4/0:00:21.6 (1.8), totSession cpu/real = 0:38:25.3/0:10:46.4 (3.6), mem = 4945.4M
End: GigaOpt Optimization in WNS mode
Begin: GigaOpt Optimization in TNS mode
GigaOpt Checkpoint: Internal optTiming -allEndPoints -maxLocalDensity 0.95 -maxLocalDensityForHardenOpt 0.92 -numThreads 8 -postCTS -pgMode all -nativePathGroupFlow -wtns -nonLegalPlaceEcoBumpRecoveryInTNSOpt -NDROptEffortAuto -ipoTgtSlackCoef 1.5 -effTgtSlackCoef 1
Info: 55 nets with fixed/cover wires excluded.
Info: 55 clock nets excluded from IPO operation.
*** TnsOpt #1 [begin] (ccopt_design #1) : totSession cpu/real = 0:38:25.6/0:10:46.6 (3.6), mem = 4945.4M

**Info: (IMPSP-2062): Some of the PG shapes may not be colorized properly in this design, users are required to run command colorizePowerMesh before any placement related commands!
*info: 55 clock nets excluded
*info: 1207 no-driver nets excluded.
*info: 55 nets with fixed/cover wires excluded.
** GigaOpt Optimizer WNS Slack -0.066 TNS Slack -1.026 Density 55.76
OptDebug: Start of Optimizer TNS Pass:
+----------+------+------+
|Path Group|   WNS|   TNS|
+----------+------+------+
|default   |-0.066|-1.026|
|reg2reg   | 0.669| 0.000|
|HEPG      | 0.669| 0.000|
|All Paths |-0.066|-1.026|
+----------+------+------+

CCOptDebug: Start of Optimizer TNS Pass: reg2reg* WNS 668.8ps TNS 0.0ps; HEPG WNS 668.8ps TNS 0.0ps; all paths WNS -66.4ps TNS -1026.7ps; Real time 0:04:34
Active Path Group: default 
+--------+---------+--------+---------+---------+------------+--------+-----------+---------+----------------------------------------------------+
|  WNS   | All WNS |  TNS   | All TNS | Density |    Real    |  Mem   |Worst View |Pathgroup|                     End Point                      |
+--------+---------+--------+---------+---------+------------+--------+-----------+---------+----------------------------------------------------+
|  -0.066|   -0.066|  -1.026|   -1.026|   55.76%|   0:00:01.0| 5333.0M|AVF_RCWORST|  default| sel_r_ext_out_3[2]                                 |
|  -0.066|   -0.066|  -0.910|   -0.910|   55.76%|   0:00:00.0| 5501.5M|AVF_RCWORST|  default| sel_r_ext_out_3[0]                                 |
|  -0.066|   -0.066|  -0.891|   -0.891|   55.77%|   0:00:00.0| 5501.5M|AVF_RCWORST|  default| sel_r_ext_out_3[0]                                 |
|  -0.066|   -0.066|  -0.811|   -0.811|   55.77%|   0:00:01.0| 5501.5M|AVF_RCWORST|  default| sel_r_ext_out_2[3]                                 |
|  -0.066|   -0.066|  -0.726|   -0.726|   55.78%|   0:00:00.0| 5520.6M|AVF_RCWORST|  default| sel_r_ext_out_2[1]                                 |
|  -0.066|   -0.066|  -0.710|   -0.710|   55.78%|   0:00:00.0| 5520.6M|AVF_RCWORST|  default| sel_r_ext_out_2[1]                                 |
|  -0.066|   -0.066|  -0.577|   -0.577|   55.79%|   0:00:01.0| 5520.6M|AVF_RCWORST|  default| ext_v_input_bus_out_2[13]                          |
|  -0.066|   -0.066|  -0.515|   -0.515|   55.79%|   0:00:00.0| 5523.6M|AVF_RCWORST|  default| ext_v_input_bus_out_2[13]                          |
|  -0.066|   -0.066|  -0.502|   -0.502|   55.81%|   0:00:00.0| 5523.6M|AVF_RCWORST|  default| ext_v_input_bus_out_2[13]                          |
|  -0.066|   -0.066|  -0.500|   -0.500|   55.81%|   0:00:01.0| 5523.6M|AVF_RCWORST|  default| ext_v_input_bus_out_2[5]                           |
|  -0.066|   -0.066|  -0.500|   -0.500|   55.83%|   0:00:01.0| 5523.6M|AVF_RCWORST|  default| sel_r_ext_out_3[2]                                 |
+--------+---------+--------+---------+---------+------------+--------+-----------+---------+----------------------------------------------------+

*** Finish Core Optimize Step (cpu=0:00:14.3 real=0:00:05.0 mem=5523.6M) ***

*** Finished Optimize Step Cumulative (cpu=0:00:14.4 real=0:00:05.0 mem=5523.6M) ***
OptDebug: End of Optimizer TNS Pass:
+----------+------+------+
|Path Group|   WNS|   TNS|
+----------+------+------+
|default   |-0.066|-0.500|
|reg2reg   | 0.762| 0.000|
|HEPG      | 0.762| 0.000|
|All Paths |-0.066|-0.500|
+----------+------+------+

CCOptDebug: End of Optimizer TNS Pass: reg2reg* WNS 762.4ps TNS 0.0ps; HEPG WNS 762.4ps TNS 0.0ps; all paths WNS -66.4ps TNS -500.4ps; Real time 0:04:40

*** Starting place_detail (0:38:48 mem=5523.6M) ***
Total net bbox length = 3.773e+05 (1.880e+05 1.893e+05) (ext = 3.841e+04)

**Info: (IMPSP-2062): Some of the PG shapes may not be colorized properly in this design, users are required to run command colorizePowerMesh before any placement related commands!
**WARN: (IMPSP-5140):	Global net connect rules have not been created. Added  insts would have no supply connectivity, and would fail DRC.
Type 'man IMPSP-5140' for more detail.
**WARN: (IMPSP-315):	Found 37282 instances insts with no PG Term connections.
Type 'man IMPSP-315' for more detail.

Starting Small incrNP...
Density distribution unevenness ratio = 7.535%
Skipped incrNP (cpu=0:00:00.0, real=0:00:00.0, mem=5523.6M)
End of Small incrNP (cpu=0:00:00.0, real=0:00:00.0)
Move report: Detail placement moves 624 insts, mean move: 0.29 um, max move: 4.86 um 
	Max move on inst (SILEGO_cell/swb/FE_OFC2438_h_bus_reg_in_out0_1_left_5): (11.75, 108.16) --> (13.42, 104.96)
	Runtime: CPU: 0:00:06.3 REAL: 0:00:03.0 MEM: 5536.7MB
Summary Report:
Instances move: 624 (out of 37228 movable)
Instances flipped: 48
Mean displacement: 0.29 um
Max displacement: 4.86 um (Instance: SILEGO_cell/swb/FE_OFC2438_h_bus_reg_in_out0_1_left_5) (11.752, 108.16) -> (13.416, 104.96)
	Length: 7 sites, height: 1 rows, site name: SC8T_104CPP_CMOS22FDX, cell type: SC8T_BUFX4_MR_CSC28L
Total net bbox length = 3.774e+05 (1.881e+05 1.893e+05) (ext = 3.840e+04)
Runtime: CPU: 0:00:06.4 REAL: 0:00:03.0 MEM: 5536.7MB
*** Finished place_detail (0:38:54 mem=5536.7M) ***
*** maximum move = 4.86 um ***
*** Finished re-routing un-routed nets (5530.7M) ***

**Info: (IMPSP-2062): Some of the PG shapes may not be colorized properly in this design, users are required to run command colorizePowerMesh before any placement related commands!

*** Finish Physical Update (cpu=0:00:08.0 real=0:00:04.0 mem=5530.7M) ***
** GigaOpt Optimizer WNS Slack -0.066 TNS Slack -0.500 Density 55.83
OptDebug: End of Setup Fixing:
+----------+------+------+
|Path Group|   WNS|   TNS|
+----------+------+------+
|default   |-0.066|-0.500|
|reg2reg   | 0.762| 0.000|
|HEPG      | 0.762| 0.000|
|All Paths |-0.066|-0.500|
+----------+------+------+

Bottom Preferred Layer:
+-----------+------------+------------+----------+
|   Layer   |   OPT_LA   |    CLK     |   Rule   |
+-----------+------------+------------+----------+
| C1 (z=3)  |          0 |         55 | default  |
| BA (z=7)  |          1 |          0 | default  |
+-----------+------------+------------+----------+
Via Pillar Rule:
    None

*** Finish post-CTS Setup Fixing (cpu=0:00:25.3 real=0:00:10.0 mem=5530.7M) ***

*** TnsOpt #1 [finish] (ccopt_design #1) : cpu/real = 0:00:30.6/0:00:15.3 (2.0), totSession cpu/real = 0:38:56.1/0:11:01.9 (3.5), mem = 4988.8M
End: GigaOpt Optimization in TNS mode
GigaOpt Checkpoint: Internal reclaim -numThreads 8 -customPhyUpdate -noGCompAndPhase -force -svrReclaim -rtrShortNets -allowDegradingShortNetRemoval -postCTS -tgtSlackMult 2 -wtns -noRouteTypeResizePolish -noViewPrune -nativePathGroupFlow
Info: 55 nets with fixed/cover wires excluded.
Info: 55 clock nets excluded from IPO operation.

**Info: (IMPSP-2062): Some of the PG shapes may not be colorized properly in this design, users are required to run command colorizePowerMesh before any placement related commands!
Begin: Area Reclaim Optimization
*** AreaOpt #2 [begin] (ccopt_design #1) : totSession cpu/real = 0:38:57.7/0:11:03.1 (3.5), mem = 5374.4M
Usable buffer cells for single buffer setup transform:
SC8T_BUFX0P5_A_CSC28L SC8T_BUFX2_CSC28L SC8T_BUFX1P5_CSC28L SC8T_CKBUFX2_CSC28L SC8T_BUFX3_CSC28L SC8T_BUFX4_MR_CSC28L SC8T_BUFX4_CSC28L SC8T_CKBUFX4_CSC28L SC8T_BUFX6_CSC28L SC8T_CKBUFX6_CSC28L SC8T_BUFX8_CSC28L SC8T_CKBUFX8_CSC28L SC8T_CKBUFX10_CSC28L SC8T_BUFX12_CSC28L SC8T_CKBUFX12_CSC28L SC8T_BUFX16_CSC28L SC8T_CKBUFX16_CSC28L SC8T_BUFX20_CSC28L SC8T_CKBUFX20_CSC28L SC8T_BUFX24_CSC28L SC8T_CKBUFX24_CSC28L 
Number of usable buffer cells above: 21
Reclaim Optimization WNS Slack -0.066  TNS Slack -0.500 Density 55.83
+---------+---------+--------+--------+------------+--------+
| Density | Commits |  WNS   |  TNS   |    Real    |  Mem   |
+---------+---------+--------+--------+------------+--------+
|   55.83%|        -|  -0.066|  -0.500|   0:00:00.0| 5374.4M|
|   55.83%|        1|  -0.066|  -0.500|   0:00:01.0| 5539.3M|
|   55.83%|        0|  -0.066|  -0.500|   0:00:00.0| 5539.3M|
|   55.78%|       49|  -0.066|  -0.499|   0:00:01.0| 5541.6M|
|   55.78%|       17|  -0.066|  -0.499|   0:00:01.0| 5541.6M|
|   55.78%|        0|  -0.066|  -0.499|   0:00:00.0| 5541.6M|
|   55.78%|        0|  -0.066|  -0.499|   0:00:01.0| 5541.6M|
+---------+---------+--------+--------+------------+--------+
Reclaim Optimization End WNS Slack -0.066  TNS Slack -0.499 Density 55.78
Bottom Preferred Layer:
+-----------+------------+------------+----------+
|   Layer   |   OPT_LA   |    CLK     |   Rule   |
+-----------+------------+------------+----------+
| C1 (z=3)  |          0 |         55 | default  |
| BA (z=7)  |          1 |          0 | default  |
+-----------+------------+------------+----------+
Via Pillar Rule:
    None

Number of times islegalLocAvaiable called = 39 skipped = 0, called in commitmove = 17, skipped in commitmove = 0
End: Core Area Reclaim Optimization (cpu = 0:00:13.4) (real = 0:00:06.0) **

*** Starting place_detail (0:39:11 mem=5541.6M) ***
Total net bbox length = 3.770e+05 (1.878e+05 1.892e+05) (ext = 3.840e+04)

**Info: (IMPSP-2062): Some of the PG shapes may not be colorized properly in this design, users are required to run command colorizePowerMesh before any placement related commands!
**WARN: (IMPSP-5140):	Global net connect rules have not been created. Added  insts would have no supply connectivity, and would fail DRC.
Type 'man IMPSP-5140' for more detail.
**WARN: (IMPSP-315):	Found 37221 instances insts with no PG Term connections.
Type 'man IMPSP-315' for more detail.
Move report: Detail placement moves 0 insts, mean move: 0.00 um, max move: 0.00 um 
	Runtime: CPU: 0:00:03.5 REAL: 0:00:01.0 MEM: 5509.6MB
Summary Report:
Instances move: 0 (out of 37167 movable)
Instances flipped: 0
Mean displacement: 0.00 um
Max displacement: 0.00 um 
Total net bbox length = 3.770e+05 (1.878e+05 1.892e+05) (ext = 3.840e+04)
Runtime: CPU: 0:00:03.6 REAL: 0:00:01.0 MEM: 5509.6MB
*** Finished place_detail (0:39:15 mem=5509.6M) ***
*** maximum move = 0.00 um ***
*** Finished re-routing un-routed nets (5541.6M) ***


*** Finish Physical Update (cpu=0:00:05.2 real=0:00:02.0 mem=5541.6M) ***
*** AreaOpt #2 [finish] (ccopt_design #1) : cpu/real = 0:00:18.6/0:00:08.7 (2.1), totSession cpu/real = 0:39:16.2/0:11:11.7 (3.5), mem = 5541.6M
End: Area Reclaim Optimization (cpu=0:00:19, real=0:00:08, mem=5003.76M, totSessionCpu=0:39:16).
postCtsLateCongRepair #1 0
postCtsLateCongRepair #1 0
postCtsLateCongRepair #1 0
postCtsLateCongRepair #1 0
Starting local wire reclaim

**Info: (IMPSP-2062): Some of the PG shapes may not be colorized properly in this design, users are required to run command colorizePowerMesh before any placement related commands!
*** Starting place_detail (0:39:17 mem=5003.8M) ***

**Info: (IMPSP-2062): Some of the PG shapes may not be colorized properly in this design, users are required to run command colorizePowerMesh before any placement related commands!
**WARN: (IMPSP-5140):	Global net connect rules have not been created. Added  insts would have no supply connectivity, and would fail DRC.
Type 'man IMPSP-5140' for more detail.
**WARN: (IMPSP-315):	Found 37221 instances insts with no PG Term connections.
Type 'man IMPSP-315' for more detail.
*** Finished SKP initialization (cpu=0:00:09.4, real=0:00:05.0)***
Timing cost in AAE based: 1128122.2623361395671964
Move report: Detail placement moves 16024 insts, mean move: 1.31 um, max move: 12.89 um 
	Max move on inst (SILEGO_cell/swb/FE_OFC2487_h_bus_reg_in_out1_0_left_3): (1.46, 88.32) --> (0.73, 100.48)
	Runtime: CPU: 0:00:38.7 REAL: 0:00:18.0 MEM: 5200.0MB
Summary Report:
Instances move: 16024 (out of 37167 movable)
Instances flipped: 80
Mean displacement: 1.31 um
Max displacement: 12.89 um (Instance: SILEGO_cell/swb/FE_OFC2487_h_bus_reg_in_out1_0_left_3) (1.456, 88.32) -> (0.728, 100.48)
	Length: 7 sites, height: 1 rows, site name: SC8T_104CPP_CMOS22FDX, cell type: SC8T_BUFX4_MR_CSC28L
Runtime: CPU: 0:00:38.9 REAL: 0:00:18.0 MEM: 5200.0MB
*** Finished place_detail (0:39:56 mem=5200.0M) ***
AAE_INFO: opIsDesignInPostRouteState() is 0
#################################################################################
# Design Stage: PreRoute
# Design Name: Silago_bot_right_corner
# Design Mode: 90nm
# Analysis Mode: MMMC Non-OCV 
# Parasitics Mode: No SPEF/RCDB 
# Signoff Settings: SI Off 
#################################################################################
Calculate delays in BcWc mode...
Start delay calculation (fullDC) (8 T). (MEM=5000.49)
Total number of fetched objects 39219
AAE_INFO: Total number of nets for which stage creation was skipped for all views 0
End delay calculation. (MEM=5294.79 CPU=0:00:16.9 REAL=0:00:02.0)
End delay calculation (fullDC). (MEM=5294.79 CPU=0:00:19.5 REAL=0:00:03.0)
eGR doReRoute: optGuide
[NR-eGR] Track table information for default rule: 
[NR-eGR] M1 has single uniform track structure
[NR-eGR] M2 has single uniform track structure
[NR-eGR] C1 has single uniform track structure
[NR-eGR] C2 has single uniform track structure
[NR-eGR] C3 has single uniform track structure
[NR-eGR] C4 has single uniform track structure
[NR-eGR] BA has single uniform track structure
[NR-eGR] BB has single uniform track structure
[NR-eGR] JA has single uniform track structure
[NR-eGR] JB has single uniform track structure
[NR-eGR] LB has single uniform track structure
[NR-eGR] Read 21 PG shapes
[NR-eGR] Read 0 clock shapes
[NR-eGR] Read 0 other shapes
[NR-eGR] #Routing Blockages  : 31
[NR-eGR] #Instance Blockages : 100737
[NR-eGR] #PG Blockages       : 21
[NR-eGR] #Halo Blockages     : 0
[NR-eGR] #Boundary Blockages : 0
[NR-eGR] #Clock Blockages    : 0
[NR-eGR] #Other Blockages    : 0
[NR-eGR] Num Prerouted Nets = 55  Num Prerouted Wires = 16668
[NR-eGR] Read 39169 nets ( ignored 55 )
[NR-eGR] ============ Routing rule table ============
[NR-eGR] Rule id: 0  Nets: 39114
[NR-eGR] ========================================
[NR-eGR] 
[NR-eGR] Layer group 1: route 39114 net(s) in layer range [2, 11]
[NR-eGR] Early Global Route overflow of layer group 1: 0.35% H + 0.17% V. EstWL: 4.345158e+05um
[NR-eGR] Congestion Analysis By layer: (blocked Gcells are excluded) 
[NR-eGR]                        OverCon           OverCon           OverCon            
[NR-eGR]                         #Gcell            #Gcell            #Gcell     %Gcell
[NR-eGR]        Layer             (1-4)             (5-8)            (9-10)    OverCon
[NR-eGR] --------------------------------------------------------------------------------
[NR-eGR]      M1 ( 1)         0( 0.00%)         0( 0.00%)         0( 0.00%)   ( 0.00%) 
[NR-eGR]      M2 ( 2)      1102( 1.13%)         1( 0.00%)         0( 0.00%)   ( 1.13%) 
[NR-eGR]      C1 ( 3)       271( 0.28%)         0( 0.00%)         0( 0.00%)   ( 0.28%) 
[NR-eGR]      C2 ( 4)        75( 0.08%)         2( 0.00%)         0( 0.00%)   ( 0.08%) 
[NR-eGR]      C3 ( 5)        37( 0.04%)         9( 0.01%)         0( 0.00%)   ( 0.05%) 
[NR-eGR]      C4 ( 6)        90( 0.09%)        11( 0.01%)         1( 0.00%)   ( 0.10%) 
[NR-eGR]      BA ( 7)        23( 0.02%)         0( 0.00%)         0( 0.00%)   ( 0.02%) 
[NR-eGR]      BB ( 8)        17( 0.02%)        14( 0.01%)         0( 0.00%)   ( 0.03%) 
[NR-eGR]      JA ( 9)         0( 0.00%)         0( 0.00%)         0( 0.00%)   ( 0.00%) 
[NR-eGR]      JB (10)         0( 0.00%)         0( 0.00%)         0( 0.00%)   ( 0.00%) 
[NR-eGR]      LB (11)         0( 0.00%)         0( 0.00%)         0( 0.00%)   ( 0.00%) 
[NR-eGR] --------------------------------------------------------------------------------
[NR-eGR]        Total      1615( 0.21%)        37( 0.00%)         1( 0.00%)   ( 0.22%) 
[NR-eGR] 
[NR-eGR] Overflow after Early Global Route 0.06% H + 0.03% V
[NR-eGR]             Length (um)    Vias 
[NR-eGR] --------------------------------
[NR-eGR]  M1  (1V)             0  109109 
[NR-eGR]  M2  (2H)         65831  211252 
[NR-eGR]  C1  (3V)        116712   58976 
[NR-eGR]  C2  (4H)         93279   23332 
[NR-eGR]  C3  (5V)         89304    9563 
[NR-eGR]  C4  (6H)         57335    2235 
[NR-eGR]  BA  (7V)         23776    1189 
[NR-eGR]  BB  (8H)         12426      28 
[NR-eGR]  JA  (9V)             4       0 
[NR-eGR]  JB  (10H)            0       0 
[NR-eGR]  LB  (11V)            0       0 
[NR-eGR] --------------------------------
[NR-eGR]      Total       458666  415684 
[NR-eGR] --------------------------------------------------------------------------
[NR-eGR] Total half perimeter of net bounding box: 372533um
[NR-eGR] Total length: 458666um, number of vias: 415684
[NR-eGR] --------------------------------------------------------------------------
[NR-eGR] Total eGR-routed clock nets wire length: 0um, number of vias: 0
[NR-eGR] --------------------------------------------------------------------------
[NR-eGR] Finished Early Global Route kernel ( CPU: 8.86 sec, Real: 3.09 sec, Curr Mem: 4949.71 MB )
Extraction called for design 'Silago_bot_right_corner' of instances=37221 and nets=40416 using extraction engine 'pre_route' .
**WARN: (IMPEXT-3530):	The process node is not set. Use the command set_design_mode -process <process node> prior to extraction for maximum accuracy and optimal automatic threshold setting.
Type 'man IMPEXT-3530' for more detail.
pre_route RC Extraction called for design Silago_bot_right_corner.
RC Extraction called in multi-corner(3) mode.
RCMode: PreRoute
      RC Corner Indexes            0       1       2   
Capacitance Scaling Factor   : 1.00000 1.00000 1.00000 
Resistance Scaling Factor    : 1.00000 1.00000 1.00000 
Clock Cap. Scaling Factor    : 1.00000 1.00000 1.00000 
Clock Res. Scaling Factor    : 1.00000 1.00000 1.00000 
Shrink Factor                : 1.00000
PreRoute extraction is honoring NDR/Shielding/ExtraSpace for clock nets.
Using Quantus QRC technology file ...
Updating RC grid for preRoute extraction ...
Initializing multi-corner resistance tables ...
PreRoute RC Extraction DONE (CPU Time: 0:00:01.0  Real Time: 0:00:01.0  MEM: 4905.707M)
Compute RC Scale Done ...
[hotspot] +------------+---------------+---------------+
[hotspot] |            |   max hotspot | total hotspot |
[hotspot] +------------+---------------+---------------+
[hotspot] | normalized |         16.79 |         22.95 |
[hotspot] +------------+---------------+---------------+
Local HotSpot Analysis: normalized max congestion hotspot area = 16.79, normalized total congestion hotspot area = 22.95 (area is in unit of 4 std-cell row bins)
[hotspot] top 3 congestion hotspot bounding boxes and scores of normalized hotspot
[hotspot] +-----+-------------------------------------+---------------+
[hotspot] | top |            hotspot bbox             | hotspot score |
[hotspot] +-----+-------------------------------------+---------------+
[hotspot] |  1  |   107.52   194.56   122.88   200.32 |       11.31   |
[hotspot] +-----+-------------------------------------+---------------+
[hotspot] |  2  |     0.00    87.04    10.24    97.28 |        2.75   |
[hotspot] +-----+-------------------------------------+---------------+
[hotspot] |  3  |     0.00    97.28    10.24   107.52 |        1.18   |
[hotspot] +-----+-------------------------------------+---------------+
GigaOpt Checkpoint: Internal congRefineRouteType -postCTS -numThreads 8 -resetVeryShortNets -rescheduleForAdherence  
Begin: GigaOpt Route Type Constraints Refinement
*** CongRefineRouteType #2 [begin] (ccopt_design #1) : totSession cpu/real = 0:40:37.1/0:11:43.2 (3.5), mem = 4924.8M
Updated routing constraints on 0 nets.
Bottom Preferred Layer:
+-----------+------------+------------+----------+
|   Layer   |   OPT_LA   |    CLK     |   Rule   |
+-----------+------------+------------+----------+
| C1 (z=3)  |          0 |         55 | default  |
| BA (z=7)  |          1 |          0 | default  |
+-----------+------------+------------+----------+
Via Pillar Rule:
    None
*** CongRefineRouteType #2 [finish] (ccopt_design #1) : cpu/real = 0:00:00.4/0:00:00.3 (1.2), totSession cpu/real = 0:40:37.5/0:11:43.5 (3.5), mem = 4924.8M
End: GigaOpt Route Type Constraints Refinement
skip EGR on cluster skew clock nets.
OPTC: user 20.0
AAE_INFO: opIsDesignInPostRouteState() is 0
#################################################################################
# Design Stage: PreRoute
# Design Name: Silago_bot_right_corner
# Design Mode: 90nm
# Analysis Mode: MMMC Non-OCV 
# Parasitics Mode: No SPEF/RCDB 
# Signoff Settings: SI Off 
#################################################################################
Calculate delays in BcWc mode...
Start delay calculation (fullDC) (8 T). (MEM=4966.47)
Total number of fetched objects 39219
AAE_INFO: Total number of nets for which stage creation was skipped for all views 0
End delay calculation. (MEM=5289.39 CPU=0:00:16.6 REAL=0:00:02.0)
End delay calculation (fullDC). (MEM=5289.39 CPU=0:00:19.2 REAL=0:00:03.0)
Begin: GigaOpt postEco DRV Optimization
GigaOpt Checkpoint: Internal optDRV -inPostEcoStage -smallScaleFixing -maxIter 3 -max_tran -max_cap -maxLocalDensity 0.98 -numThreads 8 -preRouteDontEndWithRefinePlaceIncrSteinerRouteDC -postCTS
*** DrvOpt #3 [begin] (ccopt_design #1) : totSession cpu/real = 0:41:03.4/0:11:48.2 (3.5), mem = 5289.4M
Info: 55 nets with fixed/cover wires excluded.
Info: 55 clock nets excluded from IPO operation.

**Info: (IMPSP-2062): Some of the PG shapes may not be colorized properly in this design, users are required to run command colorizePowerMesh before any placement related commands!
+-------------------------------------------------------------------------------------------------------------------------------------------------------+
|        max-tran       |        max-cap        |  max-fanout |  max-length |       setup       |        |        |        |       |          |         |
+-------------------------------------------------------------------------------------------------------------------------------------------------------+
| nets | terms|  wViol  | nets | terms|  wViol  | nets | terms| nets | terms|   WNS   |   TNS   |  #Buf  |  #Inv  | #Resize|Density|   Real   |   Mem   |
+-------------------------------------------------------------------------------------------------------------------------------------------------------+
|    20|   361|    -0.20|    40|    40|    -0.00|     0|     0|     0|     0|    -0.07|    -0.56|       0|       0|       0| 55.78%|          |         |
|     1|    26|    -0.00|     0|     0|     0.00|     0|     0|     0|     0|    -0.07|    -0.60|      49|      10|       7| 55.82%| 0:00:01.0|  5592.5M|
|     0|     0|     0.00|     0|     0|     0.00|     0|     0|     0|     0|    -0.07|    -0.60|       0|       0|       1| 55.83%| 0:00:00.0|  5611.6M|
|     0|     0|     0.00|     0|     0|     0.00|     0|     0|     0|     0|    -0.07|    -0.60|       0|       0|       0| 55.83%| 0:00:00.0|  5611.6M|
+-------------------------------------------------------------------------------------------------------------------------------------------------------+
Bottom Preferred Layer:
+-----------+------------+------------+----------+
|   Layer   |   OPT_LA   |    CLK     |   Rule   |
+-----------+------------+------------+----------+
| C1 (z=3)  |          0 |         55 | default  |
| BA (z=7)  |          1 |          0 | default  |
+-----------+------------+------------+----------+
Via Pillar Rule:
    None

*** Finish DRV Fixing (cpu=0:00:07.2 real=0:00:03.0 mem=5611.6M) ***

*** DrvOpt #3 [finish] (ccopt_design #1) : cpu/real = 0:00:10.1/0:00:04.7 (2.2), totSession cpu/real = 0:41:13.5/0:11:52.8 (3.5), mem = 5030.7M
End: GigaOpt postEco DRV Optimization
GigaOpt: WNS changes after postEco optimization: -0.007 -> -0.007 (bump = 0.0)
GigaOpt: Skipping nonLegal postEco optimization
Design TNS changes after trial route: -0.496 -> -0.596
Begin: GigaOpt TNS non-legal recovery
GigaOpt Checkpoint: Internal optTiming -setupRecovery -newSetupRecovery -allEndPoints -maxLocalDensity 0.92 -numThreads 8 -nativePathGroupFlow  -NDROptEffortAuto  -ipoTgtSlackCoef 0 -effTgtSlackCoef 0 -tnsBumpRecoveryInTNS -integratedAreaOpt
Info: 55 nets with fixed/cover wires excluded.
Info: 55 clock nets excluded from IPO operation.
*** TnsOpt #2 [begin] (ccopt_design #1) : totSession cpu/real = 0:41:15.2/0:11:54.5 (3.5), mem = 5030.7M

**Info: (IMPSP-2062): Some of the PG shapes may not be colorized properly in this design, users are required to run command colorizePowerMesh before any placement related commands!
*info: 55 clock nets excluded
*info: 1207 no-driver nets excluded.
*info: 55 nets with fixed/cover wires excluded.
** GigaOpt Optimizer WNS Slack -0.074 TNS Slack -0.596 Density 55.83
OptDebug: Start of Optimizer TNS Pass:
+----------+------+------+
|Path Group|   WNS|   TNS|
+----------+------+------+
|default   |-0.074|-0.596|
|reg2reg   | 0.637| 0.000|
|HEPG      | 0.637| 0.000|
|All Paths |-0.074|-0.596|
+----------+------+------+

CCOptDebug: Start of Optimizer TNS Pass: reg2reg* WNS 636.9ps TNS 0.0ps; HEPG WNS 636.9ps TNS 0.0ps; all paths WNS -74.2ps TNS -596.0ps; Real time 0:05:39
Active Path Group: default 
+--------+---------+--------+---------+---------+------------+--------+-----------+---------+----------------------------------------------------+
|  WNS   | All WNS |  TNS   | All TNS | Density |    Real    |  Mem   |Worst View |Pathgroup|                     End Point                      |
+--------+---------+--------+---------+---------+------------+--------+-----------+---------+----------------------------------------------------+
|  -0.074|   -0.074|  -0.596|   -0.596|   55.83%|   0:00:01.0| 5418.3M|AVF_RCWORST|  default| SILEGO_cell/MTRF_cell/dpu_gen/U_NACU_0/U_divider/d |
|        |         |        |         |         |            |        |           |         | ivision/U_DIV/dpu_gen_U_NACU_0_U_divider_division_ |
|        |         |        |         |         |            |        |           |         | link211662_r_REG171_S1/D                           |
|  -0.066|   -0.066|  -0.534|   -0.534|   55.83%|   0:00:01.0| 5601.8M|AVF_RCWORST|  default| sel_r_ext_out_3[4]                                 |
|  -0.066|   -0.066|  -0.495|   -0.495|   55.83%|   0:00:00.0| 5606.4M|AVF_RCWORST|  default| ext_v_input_bus_out_2[5]                           |
|  -0.066|   -0.066|  -0.492|   -0.492|   55.83%|   0:00:01.0| 5606.4M|         NA|       NA| NA                                                 |
|  -0.066|   -0.066|  -0.492|   -0.492|   55.83%|   0:00:00.0| 5606.4M|AVF_RCWORST|  default| sel_r_ext_out_3[2]                                 |
+--------+---------+--------+---------+---------+------------+--------+-----------+---------+----------------------------------------------------+

*** Finish Core Optimize Step (cpu=0:00:07.1 real=0:00:03.0 mem=5606.4M) ***

*** Finished Optimize Step Cumulative (cpu=0:00:07.1 real=0:00:03.0 mem=5606.4M) ***
OptDebug: End of Optimizer TNS Pass:
+----------+------+------+
|Path Group|   WNS|   TNS|
+----------+------+------+
|default   |-0.066|-0.492|
|reg2reg   | 0.749| 0.000|
|HEPG      | 0.749| 0.000|
|All Paths |-0.066|-0.492|
+----------+------+------+

CCOptDebug: End of Optimizer TNS Pass: reg2reg* WNS 749.4ps TNS 0.0ps; HEPG WNS 749.4ps TNS 0.0ps; all paths WNS -66.4ps TNS -492.3ps; Real time 0:05:43

*** Starting place_detail (0:41:27 mem=5606.4M) ***
Total net bbox length = 3.725e+05 (1.846e+05 1.879e+05) (ext = 3.795e+04)

**Info: (IMPSP-2062): Some of the PG shapes may not be colorized properly in this design, users are required to run command colorizePowerMesh before any placement related commands!
**WARN: (IMPSP-5140):	Global net connect rules have not been created. Added  insts would have no supply connectivity, and would fail DRC.
Type 'man IMPSP-5140' for more detail.
**WARN: (IMPSP-315):	Found 37280 instances insts with no PG Term connections.
Type 'man IMPSP-315' for more detail.

Starting Small incrNP...
Density distribution unevenness ratio = 7.384%
Skipped incrNP (cpu=0:00:00.0, real=0:00:00.0, mem=5606.4M)
End of Small incrNP (cpu=0:00:00.0, real=0:00:00.0)
Move report: Detail placement moves 898 insts, mean move: 0.23 um, max move: 2.54 um 
	Max move on inst (SILEGO_cell/MTRF_cell/dpu_gen/U_NACU_0/U_divider/division/U_DIV/U98): (153.40, 72.32) --> (152.78, 70.40)
	Runtime: CPU: 0:00:06.2 REAL: 0:00:03.0 MEM: 5630.5MB
Summary Report:
Instances move: 898 (out of 37226 movable)
Instances flipped: 269
Mean displacement: 0.23 um
Max displacement: 2.54 um (Instance: SILEGO_cell/MTRF_cell/dpu_gen/U_NACU_0/U_divider/division/U_DIV/U98) (153.4, 72.32) -> (152.776, 70.4)
	Length: 5 sites, height: 1 rows, site name: SC8T_104CPP_CMOS22FDX, cell type: SC8T_NR2IAX0P5_CSC28L
Total net bbox length = 3.728e+05 (1.848e+05 1.880e+05) (ext = 3.799e+04)
Runtime: CPU: 0:00:06.3 REAL: 0:00:03.0 MEM: 5630.5MB
*** Finished place_detail (0:41:33 mem=5630.5M) ***
*** maximum move = 2.54 um ***
*** Finished re-routing un-routed nets (5618.5M) ***


*** Finish Physical Update (cpu=0:00:07.8 real=0:00:03.0 mem=5619.5M) ***
** GigaOpt Optimizer WNS Slack -0.066 TNS Slack -0.492 Density 55.83
OptDebug: End of Setup Fixing:
+----------+------+------+
|Path Group|   WNS|   TNS|
+----------+------+------+
|default   |-0.066|-0.492|
|reg2reg   | 0.749| 0.000|
|HEPG      | 0.749| 0.000|
|All Paths |-0.066|-0.492|
+----------+------+------+

Bottom Preferred Layer:
+-----------+------------+------------+----------+
|   Layer   |   OPT_LA   |    CLK     |   Rule   |
+-----------+------------+------------+----------+
| C1 (z=3)  |          0 |         55 | default  |
| BA (z=7)  |          1 |          0 | default  |
+-----------+------------+------------+----------+
Via Pillar Rule:
    None

*** Finish post-CTS Setup Fixing (cpu=0:00:17.8 real=0:00:08.0 mem=5619.5M) ***

*** TnsOpt #2 [finish] (ccopt_design #1) : cpu/real = 0:00:20.0/0:00:10.0 (2.0), totSession cpu/real = 0:41:35.2/0:12:04.5 (3.4), mem = 5077.7M
End: GigaOpt TNS non-legal recovery
Begin: GigaOpt Optimization in post-eco TNS mode
GigaOpt Checkpoint: Internal optTiming -postEco -postEcoLefSafe -maxLocalDensity 1.0 -numThreads 8  -allEndPoints -nativePathGroupFlow
Info: 55 nets with fixed/cover wires excluded.
Info: 55 clock nets excluded from IPO operation.
*** TnsOpt #3 [begin] (ccopt_design #1) : totSession cpu/real = 0:41:35.4/0:12:04.7 (3.4), mem = 5077.7M

**Info: (IMPSP-2062): Some of the PG shapes may not be colorized properly in this design, users are required to run command colorizePowerMesh before any placement related commands!
*info: 55 clock nets excluded
*info: 1207 no-driver nets excluded.
*info: 55 nets with fixed/cover wires excluded.
** GigaOpt Optimizer WNS Slack -0.066 TNS Slack -0.492 Density 55.83
OptDebug: Start of Optimizer TNS Pass:
+----------+------+------+
|Path Group|   WNS|   TNS|
+----------+------+------+
|default   |-0.066|-0.492|
|reg2reg   | 0.749| 0.000|
|HEPG      | 0.749| 0.000|
|All Paths |-0.066|-0.492|
+----------+------+------+

CCOptDebug: Start of Optimizer TNS Pass: reg2reg* WNS 749.4ps TNS 0.0ps; HEPG WNS 749.4ps TNS 0.0ps; all paths WNS -66.4ps TNS -492.3ps; Real time 0:05:50
Active Path Group: default 
+--------+---------+--------+---------+---------+------------+--------+-----------+---------+----------------------------------------------------+
|  WNS   | All WNS |  TNS   | All TNS | Density |    Real    |  Mem   |Worst View |Pathgroup|                     End Point                      |
+--------+---------+--------+---------+---------+------------+--------+-----------+---------+----------------------------------------------------+
|  -0.066|   -0.066|  -0.492|   -0.492|   55.83%|   0:00:01.0| 5465.2M|AVF_RCWORST|  default| sel_r_ext_out_3[2]                                 |
|  -0.066|   -0.066|  -0.492|   -0.492|   55.83%|   0:00:00.0| 5465.2M|AVF_RCWORST|  default| sel_r_ext_out_3[2]                                 |
+--------+---------+--------+---------+---------+------------+--------+-----------+---------+----------------------------------------------------+

*** Finish Core Optimize Step (cpu=0:00:00.2 real=0:00:01.0 mem=5465.2M) ***

*** Finished Optimize Step Cumulative (cpu=0:00:00.2 real=0:00:01.0 mem=5465.2M) ***
OptDebug: End of Optimizer TNS Pass:
+----------+------+------+
|Path Group|   WNS|   TNS|
+----------+------+------+
|default   |-0.066|-0.492|
|reg2reg   | 0.749| 0.000|
|HEPG      | 0.749| 0.000|
|All Paths |-0.066|-0.492|
+----------+------+------+

CCOptDebug: End of Optimizer TNS Pass: reg2reg* WNS 749.4ps TNS 0.0ps; HEPG WNS 749.4ps TNS 0.0ps; all paths WNS -66.4ps TNS -492.3ps; Real time 0:05:51
OptDebug: End of Setup Fixing:
+----------+------+------+
|Path Group|   WNS|   TNS|
+----------+------+------+
|default   |-0.066|-0.492|
|reg2reg   | 0.749| 0.000|
|HEPG      | 0.749| 0.000|
|All Paths |-0.066|-0.492|
+----------+------+------+

Bottom Preferred Layer:
+-----------+------------+------------+----------+
|   Layer   |   OPT_LA   |    CLK     |   Rule   |
+-----------+------------+------------+----------+
| C1 (z=3)  |          0 |         55 | default  |
| BA (z=7)  |          1 |          0 | default  |
+-----------+------------+------------+----------+
Via Pillar Rule:
    None

*** Finish post-CTS Setup Fixing (cpu=0:00:02.4 real=0:00:02.0 mem=5465.2M) ***

*** TnsOpt #3 [finish] (ccopt_design #1) : cpu/real = 0:00:04.6/0:00:03.7 (1.2), totSession cpu/real = 0:41:40.1/0:12:08.4 (3.4), mem = 5072.4M
End: GigaOpt Optimization in post-eco TNS mode
#optDebug: fT-D <X 1 0 0 0>
Register exp ratio and priority group on 1 nets on 39247 nets : 
z=7 : 1 nets

Active setup views:
 AVF_RCWORST
  Dominating endpoints: 0
  Dominating TNS: -0.000

Extraction called for design 'Silago_bot_right_corner' of instances=37280 and nets=40474 using extraction engine 'pre_route' .
**WARN: (IMPEXT-3530):	The process node is not set. Use the command set_design_mode -process <process node> prior to extraction for maximum accuracy and optimal automatic threshold setting.
Type 'man IMPEXT-3530' for more detail.
pre_route RC Extraction called for design Silago_bot_right_corner.
RC Extraction called in multi-corner(3) mode.
RCMode: PreRoute
      RC Corner Indexes            0       1       2   
Capacitance Scaling Factor   : 1.00000 1.00000 1.00000 
Resistance Scaling Factor    : 1.00000 1.00000 1.00000 
Clock Cap. Scaling Factor    : 1.00000 1.00000 1.00000 
Clock Res. Scaling Factor    : 1.00000 1.00000 1.00000 
Shrink Factor                : 1.00000
PreRoute extraction is honoring NDR/Shielding/ExtraSpace for clock nets.
Using Quantus QRC technology file ...
Skipped RC grid update for preRoute extraction.
Initializing multi-corner resistance tables ...
PreRoute RC Extraction DONE (CPU Time: 0:00:01.0  Real Time: 0:00:01.0  MEM: 5000.566M)
Starting delay calculation for Setup views
AAE_INFO: opIsDesignInPostRouteState() is 0
#################################################################################
# Design Stage: PreRoute
# Design Name: Silago_bot_right_corner
# Design Mode: 90nm
# Analysis Mode: MMMC Non-OCV 
# Parasitics Mode: No SPEF/RCDB 
# Signoff Settings: SI Off 
#################################################################################
Calculate delays in BcWc mode...
Start delay calculation (fullDC) (8 T). (MEM=5020.47)
Total number of fetched objects 39278
AAE_INFO: Total number of nets for which stage creation was skipped for all views 0
End delay calculation. (MEM=5327.32 CPU=0:00:16.3 REAL=0:00:02.0)
End delay calculation (fullDC). (MEM=5327.32 CPU=0:00:18.8 REAL=0:00:03.0)
*** Done Building Timing Graph (cpu=0:00:25.3 real=0:00:05.0 totSessionCpu=0:42:08 mem=5327.3M)
OPTC: user 20.0
[NR-eGR] Track table information for default rule: 
[NR-eGR] M1 has single uniform track structure
[NR-eGR] M2 has single uniform track structure
[NR-eGR] C1 has single uniform track structure
[NR-eGR] C2 has single uniform track structure
[NR-eGR] C3 has single uniform track structure
[NR-eGR] C4 has single uniform track structure
[NR-eGR] BA has single uniform track structure
[NR-eGR] BB has single uniform track structure
[NR-eGR] JA has single uniform track structure
[NR-eGR] JB has single uniform track structure
[NR-eGR] LB has single uniform track structure
[NR-eGR] Read 21 PG shapes
[NR-eGR] Read 0 clock shapes
[NR-eGR] Read 0 other shapes
[NR-eGR] #Routing Blockages  : 31
[NR-eGR] #Instance Blockages : 100785
[NR-eGR] #PG Blockages       : 21
[NR-eGR] #Halo Blockages     : 0
[NR-eGR] #Boundary Blockages : 0
[NR-eGR] #Clock Blockages    : 0
[NR-eGR] #Other Blockages    : 0
[NR-eGR] Num Prerouted Nets = 55  Num Prerouted Wires = 16668
[NR-eGR] Read 39228 nets ( ignored 55 )
[NR-eGR] ============ Routing rule table ============
[NR-eGR] Rule id: 0  Nets: 39173
[NR-eGR] ========================================
[NR-eGR] 
[NR-eGR] Layer group 1: route 39173 net(s) in layer range [2, 11]
[NR-eGR] Early Global Route overflow of layer group 1: 0.33% H + 0.19% V. EstWL: 4.347558e+05um
[NR-eGR] Congestion Analysis By layer: (blocked Gcells are excluded) 
[NR-eGR]                        OverCon           OverCon           OverCon           OverCon            
[NR-eGR]                         #Gcell            #Gcell            #Gcell            #Gcell     %Gcell
[NR-eGR]        Layer             (1-4)             (5-8)            (9-12)              (13)    OverCon
[NR-eGR] -------------------------------------------------------------------------------------------------
[NR-eGR]      M1 ( 1)         0( 0.00%)         0( 0.00%)         0( 0.00%)         0( 0.00%)   ( 0.00%) 
[NR-eGR]      M2 ( 2)      1103( 1.13%)         1( 0.00%)         0( 0.00%)         0( 0.00%)   ( 1.13%) 
[NR-eGR]      C1 ( 3)       288( 0.29%)         3( 0.00%)         0( 0.00%)         0( 0.00%)   ( 0.30%) 
[NR-eGR]      C2 ( 4)        76( 0.08%)         2( 0.00%)         0( 0.00%)         0( 0.00%)   ( 0.08%) 
[NR-eGR]      C3 ( 5)        28( 0.03%)         9( 0.01%)         0( 0.00%)         0( 0.00%)   ( 0.04%) 
[NR-eGR]      C4 ( 6)        71( 0.07%)         6( 0.01%)         1( 0.00%)         1( 0.00%)   ( 0.08%) 
[NR-eGR]      BA ( 7)        31( 0.03%)         0( 0.00%)         0( 0.00%)         0( 0.00%)   ( 0.03%) 
[NR-eGR]      BB ( 8)        29( 0.03%)         3( 0.00%)         0( 0.00%)         0( 0.00%)   ( 0.03%) 
[NR-eGR]      JA ( 9)         0( 0.00%)         0( 0.00%)         0( 0.00%)         0( 0.00%)   ( 0.00%) 
[NR-eGR]      JB (10)         0( 0.00%)         0( 0.00%)         0( 0.00%)         0( 0.00%)   ( 0.00%) 
[NR-eGR]      LB (11)         0( 0.00%)         0( 0.00%)         0( 0.00%)         0( 0.00%)   ( 0.00%) 
[NR-eGR] -------------------------------------------------------------------------------------------------
[NR-eGR]        Total      1626( 0.22%)        24( 0.00%)         1( 0.00%)         1( 0.00%)   ( 0.22%) 
[NR-eGR] 
[NR-eGR] Overflow after Early Global Route 0.06% H + 0.03% V
[NR-eGR] Finished Early Global Route kernel ( CPU: 5.91 sec, Real: 1.77 sec, Curr Mem: 5359.32 MB )
[hotspot] +------------+---------------+---------------+
[hotspot] |            |   max hotspot | total hotspot |
[hotspot] +------------+---------------+---------------+
[hotspot] | normalized |         16.79 |         22.95 |
[hotspot] +------------+---------------+---------------+
Local HotSpot Analysis: normalized max congestion hotspot area = 16.79, normalized total congestion hotspot area = 22.95 (area is in unit of 4 std-cell row bins)
[hotspot] top 3 congestion hotspot bounding boxes and scores of normalized hotspot
[hotspot] +-----+-------------------------------------+---------------+
[hotspot] | top |            hotspot bbox             | hotspot score |
[hotspot] +-----+-------------------------------------+---------------+
[hotspot] |  1  |   107.52   194.56   122.88   200.32 |       11.31   |
[hotspot] +-----+-------------------------------------+---------------+
[hotspot] |  2  |     0.00    87.04    10.24    97.28 |        2.75   |
[hotspot] +-----+-------------------------------------+---------------+
[hotspot] |  3  |     0.00    97.28    10.24   107.52 |        1.18   |
[hotspot] +-----+-------------------------------------+---------------+
[hotspot] Hotspot report including placement blocked areas
[hotspot] +------------+---------------+---------------+
[hotspot] |            |   max hotspot | total hotspot |
[hotspot] +------------+---------------+---------------+
[hotspot] | normalized |         24.66 |         35.28 |
[hotspot] +------------+---------------+---------------+
Local HotSpot Analysis (blockage included): normalized max congestion hotspot area = 24.66, normalized total congestion hotspot area = 35.28 (area is in unit of 4 std-cell row bins)
[hotspot] top 5 congestion hotspot bounding boxes and scores of normalized hotspot
[hotspot] +-----+-------------------------------------+---------------+
[hotspot] | top |            hotspot bbox             | hotspot score |
[hotspot] +-----+-------------------------------------+---------------+
[hotspot] |  1  |   102.40   194.56   128.00   200.32 |       20.56   |
[hotspot] +-----+-------------------------------------+---------------+
[hotspot] |  2  |     0.00    87.04    10.24    97.28 |        2.75   |
[hotspot] +-----+-------------------------------------+---------------+
[hotspot] |  3  |    76.80   194.56    87.04   200.32 |        2.75   |
[hotspot] +-----+-------------------------------------+---------------+
[hotspot] |  4  |    87.04   194.56    97.28   200.32 |        2.75   |
[hotspot] +-----+-------------------------------------+---------------+
[hotspot] |  5  |     0.00    97.28    10.24   107.52 |        1.18   |
[hotspot] +-----+-------------------------------------+---------------+
Reported timing to dir ./timingReports
**opt_design ... cpu = 0:11:02, real = 0:03:50, mem = 3292.1M, totSessionCpu=0:42:14 **


------------------------------------------------------------------
     opt_design Final Summary
------------------------------------------------------------------

Setup views included:
 AVF_RCWORST 

+--------------------+---------+---------+---------+
|     Setup mode     |   all   | reg2reg | default |
+--------------------+---------+---------+---------+
|           WNS (ns):| -0.066  |  0.753  | -0.066  |
|           TNS (ns):| -0.492  |  0.000  | -0.492  |
|    Violating Paths:|   10    |    0    |   10    |
|          All Paths:|  4960   |  4770   |  3247   |
+--------------------+---------+---------+---------+

+----------------+-------------------------------+------------------+
|                |              Real             |       Total      |
|    DRVs        +------------------+------------+------------------|
|                |  Nr nets(terms)  | Worst Vio  |  Nr nets(terms)  |
+----------------+------------------+------------+------------------+
|   max_cap      |      0 (0)       |   0.000    |      0 (0)       |
|   max_tran     |      0 (0)       |   0.000    |      0 (0)       |
|   max_fanout   |      0 (0)       |     0      |      0 (0)       |
|   max_length   |      0 (0)       |     0      |      0 (0)       |
+----------------+------------------+------------+------------------+


Density: 55.831%
Routing Overflow: 0.06% H and 0.03% V
------------------------------------------------------------------

**opt_design ... cpu = 0:11:09, real = 0:03:54, mem = 3295.2M, totSessionCpu=0:42:20 **
*** Finished opt_design ***
      flow.cputime  flow.realtime  timing.setup.tns  timing.setup.wns  snapshot
UM:*                                      -0.492 ns         -0.066 ns  final
UM: Running design category ...
------------------------------------------------------------
	Current design flip-flop statistics

Single-Bit FF Count          :         4770
Multi-Bit FF Count           :            0
Total Bit Count              :         4770
Total FF Count               :         4770
Bits Per Flop                :        1.000
Total Clock Pin Cap(FF)      :     2939.230
Multibit Conversion Ratio(%) :         0.00
------------------------------------------------------------
------------------------------------------------------------
            Multi-bit cell usage statistics

------------------------------------------------------------
============================================================
Sequential Multibit cells usage statistics
------------------------------------------------------------
            Not Merged-bits         Merged-bits     Multibit Conversion %     Bits Per Flop
------------------------------------------------------------
-FlipFlops             4770                    0        0.00                    1.00
------------------------------------------------------------

------------------------------------------------------------
Seq_Mbit libcell              Bitwidth        Count
------------------------------------------------------------
Total 0
============================================================
------------------------------------------------------------
Category            Num of Insts Rejected     Reasons
------------------------------------------------------------
------------------------------------------------------------
      flow.cputime  flow.realtime  timing.setup.tns  timing.setup.wns  snapshot
UM:         671.71            237         -0.492 ns         -0.066 ns  opt_design_postcts
Info: Destroy the CCOpt slew target map.
Set place::cacheFPlanSiteMark to 0
(ccopt_design): dumping clock statistics to metric
Clock tree timing engine global stage delay update for WC_dc:setup.early...
Clock tree timing engine global stage delay update for WC_dc:setup.early done. (took cpu=0:00:00.4 real=0:00:00.1)
Clock tree timing engine global stage delay update for WC_dc:setup.late...
Clock tree timing engine global stage delay update for WC_dc:setup.late done. (took cpu=0:00:00.1 real=0:00:00.0)
Clock tree timing engine global stage delay update for BC_dc:hold.early...
Clock tree timing engine global stage delay update for BC_dc:hold.early done. (took cpu=0:00:00.1 real=0:00:00.0)
Clock tree timing engine global stage delay update for BC_dc:hold.late...
Clock tree timing engine global stage delay update for BC_dc:hold.late done. (took cpu=0:00:00.1 real=0:00:00.0)
Clock tree timing engine global stage delay update for TC_dc:hold.early...
Clock tree timing engine global stage delay update for TC_dc:hold.early done. (took cpu=0:00:00.1 real=0:00:00.0)
Clock tree timing engine global stage delay update for TC_dc:hold.late...
Clock tree timing engine global stage delay update for TC_dc:hold.late done. (took cpu=0:00:00.1 real=0:00:00.0)
UM: Running design category ...
------------------------------------------------------------
	Current design flip-flop statistics

Single-Bit FF Count          :         4770
Multi-Bit FF Count           :            0
Total Bit Count              :         4770
Total FF Count               :         4770
Bits Per Flop                :        1.000
Total Clock Pin Cap(FF)      :     2939.230
Multibit Conversion Ratio(%) :         0.00
------------------------------------------------------------
------------------------------------------------------------
            Multi-bit cell usage statistics

------------------------------------------------------------
============================================================
Sequential Multibit cells usage statistics
------------------------------------------------------------
            Not Merged-bits         Merged-bits     Multibit Conversion %     Bits Per Flop
------------------------------------------------------------
-FlipFlops             4770                    0        0.00                    1.00
------------------------------------------------------------

------------------------------------------------------------
Seq_Mbit libcell              Bitwidth        Count
------------------------------------------------------------
Total 0
============================================================
------------------------------------------------------------
Category            Num of Insts Rejected     Reasons
------------------------------------------------------------
------------------------------------------------------------
      flow.cputime  flow.realtime  timing.setup.tns  timing.setup.wns  snapshot
UM:          965.8            356         -0.492 ns         -0.066 ns  ccopt_design

*** Summary of all messages that are not suppressed in this session:
Severity  ID               Count  Summary                                  
WARNING   IMPDBTCL-321         8  The attribute '%s' still works but will ...
WARNING   IMPEXT-3530          5  The process node is not set. Use the com...
WARNING   IMPSP-5140           7  Global net connect rules have not been c...
WARNING   IMPSP-315            7  Found %d instances insts with no PG Term...
WARNING   IMPSP-9025           1  No scan chain specified/traced.          
WARNING   IMPSP-2041           1  Found %d fixed insts that could not be c...
WARNING   IMPCCOPT-1127        2  The skew group %s has been identified as...
WARNING   IMPTCM-77            2  Option "%s" for command %s is obsolete a...
*** Message Summary: 33 warning(s), 0 error(s)

*** ccopt_design #1 [finish] : cpu/real = 0:16:19.3/0:06:09.3 (2.7), totSession cpu/real = 0:42:27.5/0:12:26.8 (3.4), mem = 5362.2M
#% End ccopt_design (date=01/03 09:31:41, total cpu=0:16:20, real=0:06:10, peak res=3699.0M, current mem=3204.0M)
@@file 8: route_design
#% Begin route_design (date=01/03 09:31:42, mem=3204.0M)
#route_design: cpu time = 00:00:00, elapsed time = 00:00:00, memory = 3204.03 (MB), peak = 3698.98 (MB)
AAE_INFO: Pre Route call back at the beginning of routeDesign
#**INFO: setDesignMode -flowEffort standard
#**INFO: setDesignMode -powerEffort none
**INFO: User settings:
delaycal_default_net_delay                                   1000ps
delaycal_default_net_load                                    0.5pf
delaycal_enable_high_fanout                                  true
delaycal_ignore_net_load                                     false
delaycal_input_transition_delay                              0.1ps
delaycal_socv_accuracy_mode                                  low
delaycal_use_default_delay_limit                             1000
setAnalysisMode -cts                                         postCTS
setAnalysisMode -virtualIPO                                  false
setDelayCalMode -engine                                      aae
extract_rc_engine                                            pre_route
route_design_extract_third_party_compatible                  false
route_design_global_exp_timing_driven_std_delay              10.6
setActiveLogicViewMode -keepHighFanoutCriticalInsts          false
getAnalysisMode -cts                                         postCTS
getAnalysisMode -virtualIPO                                  false
getDelayCalMode -engine                                      aae
getIlmMode -keepHighFanoutCriticalInsts                      false
get_power_analysis_mode -report_power_quiet                  false
getAnalysisMode -cts                                         postCTS
getAnalysisMode -virtualIPO                                  false
#**INFO: multi-cut via swapping will be performed after routing.
#**INFO: All auto set options tuned by route_design will be restored to their original settings on command completion.

**Info: (IMPSP-2062): Some of the PG shapes may not be colorized properly in this design, users are required to run command colorizePowerMesh before any placement related commands!
Begin checking placement ... (start mem=4983.2M, init mem=4983.2M)
*info: Placed = 37280          (Fixed = 54)
*info: Unplaced = 0           
Placement Density:55.83%(22379/40083)
Placement Density (including fixed std cells):55.83%(22379/40083)
Finished check_place (total: cpu=0:00:00.9, real=0:00:00.0; vio checks: cpu=0:00:00.8, real=0:00:00.0; mem=4951.2M)

changeUseClockNetStatus Option :  -noFixedNetWires 
*** Changed status on (55) nets in Clock.
*** End changeUseClockNetStatus (cpu=0:00:00.0, real=0:00:00.0, mem=4951.2M) ***
#Start route 55 clock and analog nets...

route_global_detail

#Start route_global_detail on Sat Jan  3 09:31:49 2026
#
Skipped RC grid update for preRoute extraction.
Initializing multi-corner resistance tables ...
#WARNING (NRIG-1303) The congestion map does not match the GCELL grid. Clearing the map.
#num needed restored net=40419
#need_extraction net=0 (total=40474)
#WARNING (NRDB-2005) SPECIAL_NET VSS has special wires but no definitions for instance pins or top level pins. This will cause routability problems later.
#WARNING (NRDB-2005) SPECIAL_NET VSS has special wires but no definitions for instance pins or top level pins. This will cause routability problems later.
#NanoRoute Version 21.19-s058_1 NR231113-0413/21_19-UB
#Skip comparing routing design signature in db-snapshot flow
#Total number of trivial nets (e.g. < 2 pins) = 1246 (skipped).
#Total number of nets with skipped attribute = 39173 (skipped).
#Total number of routable nets = 55.
#Total number of nets in the design = 40474.
#47 routable nets do not have any wires.
#8 routable nets have routed wires.
#39173 skipped nets have only detail routed wires.
#47 nets will be global routed.
#47 global routed or unrouted (routable) nets have been constrained (e.g. have preferred extra spacing, require shielding etc.)
#8 detail routed (routable) nets have been constrained (e.g. have preferred extra spacing, require shielding etc.)
#Using multithreading with 8 threads.
#Start routing data preparation on Sat Jan  3 09:31:52 2026
#
#Minimum voltage of a net in the design = 0.000.
#Maximum voltage of a net in the design = 0.800.
#Voltage range [0.000 - 0.800] has 40441 nets.
#Voltage range [0.000 - 0.000] has 32 nets.
#Voltage range [0.720 - 0.800] has 1 net.
#Build and mark too close pins for the same net.
#Rebuild pin access data for design.
#Initial pin access analysis.
#Detail pin access analysis.
# M1           V   Track-Pitch = 0.10400    Line-2-Via Pitch = 0.08000
# M2           H   Track-Pitch = 0.08000    Line-2-Via Pitch = 0.08000
# C1           V   Track-Pitch = 0.09000    Line-2-Via Pitch = 0.09000
# C2           H   Track-Pitch = 0.09000    Line-2-Via Pitch = 0.09000
# C3           V   Track-Pitch = 0.09000    Line-2-Via Pitch = 0.09000
# C4           H   Track-Pitch = 0.09000    Line-2-Via Pitch = 0.09000
# BA           V   Track-Pitch = 0.18000    Line-2-Via Pitch = 0.18000
# BB           H   Track-Pitch = 0.18000    Line-2-Via Pitch = 0.18000
# JA           V   Track-Pitch = 0.90000    Line-2-Via Pitch = 0.90000
# JB           H   Track-Pitch = 0.90000    Line-2-Via Pitch = 0.90000
# LB           V   Track-Pitch = 3.60000    Line-2-Via Pitch = 4.50000
#WARNING (NRAG-44) Track pitch is too small compared with line-2-via pitch.
#Bottom routing layer index=1(M1), bottom routing layer for shielding=3(C1), bottom shield layer=3(C1)
#shield_bottom_stripe_layer=3(C1), shield_top_stripe_layer=11(LB)
#pin_access_rlayer=2(M2)
#shield_top_dpt_rlayer=2 top_rlayer=11 top_trim_metal_rlayer=-1 rlayer_lowest=3 bottom_rlayer=1
#enable_trim_layer_shield=F enable_dpt_layer_shield=F has_line_end_grid=F
#cpu time = 00:00:00, elapsed time = 00:00:00, memory = 3274.46 (MB), peak = 3698.98 (MB)
#Regenerating Ggrids automatically.
#Auto generating G-grids with size=15 tracks, using layer C1's pitch = 0.09000.
#Using automatically generated G-grids.
#Done routing data preparation.
#cpu time = 00:02:26, elapsed time = 00:00:22, memory = 3310.03 (MB), peak = 3698.98 (MB)
#Minimum voltage of a net in the design = 0.000.
#Maximum voltage of a net in the design = 0.800.
#Voltage range [0.000 - 0.800] has 40441 nets.
#Voltage range [0.000 - 0.000] has 32 nets.
#Voltage range [0.720 - 0.800] has 1 net.
#Start instance access analysis using 8 threads...
#Set layer M1 to be advanced pin access layer.
#0 instance pins are hard to access
#Instance access analysis statistics:
#Cpu time = 00:00:03
#Elapsed time = 00:00:01
#Increased memory = 16.82 (MB)
#Total memory = 3327.10 (MB)
#Peak memory = 3698.98 (MB)
#
#Finished routing data preparation on Sat Jan  3 09:32:15 2026
#
#Cpu time = 00:02:28
#Elapsed time = 00:00:23
#Increased memory = 114.62 (MB)
#Total memory = 3327.10 (MB)
#Peak memory = 3698.98 (MB)
#
#
#Start global routing on Sat Jan  3 09:32:15 2026
#
#
#Start global routing initialization on Sat Jan  3 09:32:15 2026
#
#Number of eco nets is 47
#
#Start global routing data preparation on Sat Jan  3 09:32:15 2026
#
#Start routing resource analysis on Sat Jan  3 09:32:15 2026
#
#Routing resource analysis is done on Sat Jan  3 09:32:15 2026
#
#  Resource Analysis:
#
#               Routing  #Avail      #Track     #Total     %Gcell
#  Layer      Direction   Track     Blocked      Gcell    Blocked
#  --------------------------------------------------------------
#  M1             V           0        1924       22052   100.00%
#  M2             H        1728         776       22052     0.00%
#  C1             V        2216           7       22052     0.67%
#  C2             H        2221           5       22052     0.00%
#  C3             V        2220           3       22052     0.67%
#  C4             H        2225           1       22052     0.00%
#  BA             V        1109           2       22052     0.67%
#  BB             H        1112           1       22052     0.00%
#  JA             V         221           1       22052     0.71%
#  JB             H           0         222       22052   100.00%
#  LB             V           0          56       22052   100.00%
#  --------------------------------------------------------------
#  Total                  13054      30.19%      242572    27.52%
#
#  55 nets (0.14%) with 1 preferred extra spacing.
#
#
#
#Global routing data preparation is done on Sat Jan  3 09:32:15 2026
#
#cpu time = 00:00:01, elapsed time = 00:00:00, memory = 3332.18 (MB), peak = 3698.98 (MB)
#
#
#Global routing initialization is done on Sat Jan  3 09:32:15 2026
#
#cpu time = 00:00:01, elapsed time = 00:00:00, memory = 3334.46 (MB), peak = 3698.98 (MB)
#
#start global routing iteration 1...
#cpu time = 00:00:01, elapsed time = 00:00:01, memory = 3354.83 (MB), peak = 3698.98 (MB)
#
#start global routing iteration 2...
#cpu time = 00:00:00, elapsed time = 00:00:00, memory = 3346.33 (MB), peak = 3698.98 (MB)
#
#start global routing iteration 3...
#cpu time = 00:00:00, elapsed time = 00:00:00, memory = 3346.33 (MB), peak = 3698.98 (MB)
#
#
#Total number of trivial nets (e.g. < 2 pins) = 1246 (skipped).
#Total number of nets with skipped attribute = 39173 (skipped).
#Total number of routable nets = 55.
#Total number of nets in the design = 40474.
#
#55 routable nets have routed wires.
#39173 skipped nets have only detail routed wires.
#47 global routed or unrouted (routable) nets have been constrained (e.g. have preferred extra spacing, require shielding etc.)
#8 detail routed (routable) nets have been constrained (e.g. have preferred extra spacing, require shielding etc.)
#
#Routed net constraints summary:
#------------------------------------------------
#        Rules   Pref Extra Space   Unconstrained  
#------------------------------------------------
#      Default                 47               0  
#------------------------------------------------
#        Total                 47               0  
#------------------------------------------------
#
#Routing constraints summary of the whole design:
#-------------------------------------------------------------------------------
#        Rules   Pref Extra Space   Pref Layer   Expansion Ratio   Unconstrained  
#-------------------------------------------------------------------------------
#      Default                 55            1                 1           39172  
#-------------------------------------------------------------------------------
#        Total                 55            1                 1           39172  
#-------------------------------------------------------------------------------
#
#
#  Congestion Analysis: (blocked Gcells are excluded)
#
#                 OverCon          
#                  #Gcell    %Gcell
#     Layer           (1)   OverCon
#  --------------------------------
#  M2            0(0.00%)   (0.00%)
#  C1            0(0.00%)   (0.00%)
#  C2            0(0.00%)   (0.00%)
#  C3            0(0.00%)   (0.00%)
#  C4            0(0.00%)   (0.00%)
#  BA            0(0.00%)   (0.00%)
#  BB            0(0.00%)   (0.00%)
#  JA            0(0.00%)   (0.00%)
#  --------------------------------
#     Total      0(0.00%)   (0.00%)
#
#  The worst congested Gcell overcon (routing demand over resource in number of tracks) = 1
#  Overflow after GR: 0.00% H + 0.00% V
#
#Complete Global Routing.
#Total number of nets with non-default rule or having extra spacing = 55
#Total wire length = 10556 um.
#Total half perimeter of net bounding box = 3362 um.
#Total wire length on LAYER M1 = 0 um.
#Total wire length on LAYER M2 = 168 um.
#Total wire length on LAYER C1 = 5313 um.
#Total wire length on LAYER C2 = 4823 um.
#Total wire length on LAYER C3 = 252 um.
#Total wire length on LAYER C4 = 0 um.
#Total wire length on LAYER BA = 0 um.
#Total wire length on LAYER BB = 0 um.
#Total wire length on LAYER JA = 0 um.
#Total wire length on LAYER JB = 0 um.
#Total wire length on LAYER LB = 0 um.
#Total number of vias = 9993
#Up-Via Summary (total 9993):
#           
#-----------------------
# M1                318
# M2               4852
# C1               4661
# C2                162
#-----------------------
#                  9993 
#
#Total number of involved priority nets 47
#Maximum src to sink distance for priority net 119.7
#Average of max src_to_sink distance for priority net 47.0
#Average of ave src_to_sink distance for priority net 25.8
#Max overcon = 0 track.
#Total overcon = 0.00%.
#Worst layer Gcell overcon rate = 0.00%.
#
#Global routing statistics:
#Cpu time = 00:00:02
#Elapsed time = 00:00:01
#Increased memory = 16.91 (MB)
#Total memory = 3344.00 (MB)
#Peak memory = 3698.98 (MB)
#
#Finished global routing on Sat Jan  3 09:32:16 2026
#
#
#Minimum voltage of a net in the design = 0.000.
#Maximum voltage of a net in the design = 0.800.
#Voltage range [0.000 - 0.800] has 40441 nets.
#Voltage range [0.000 - 0.000] has 32 nets.
#Voltage range [0.720 - 0.800] has 1 net.
#Minimum voltage of a net in the design = 0.000.
#Maximum voltage of a net in the design = 0.800.
#Voltage range [0.000 - 0.800] has 40441 nets.
#Voltage range [0.000 - 0.000] has 32 nets.
#Voltage range [0.720 - 0.800] has 1 net.
#cpu time = 00:00:00, elapsed time = 00:00:00, memory = 3340.51 (MB), peak = 3698.98 (MB)
#Minimum voltage of a net in the design = 0.000.
#Maximum voltage of a net in the design = 0.800.
#Voltage range [0.000 - 0.800] has 40441 nets.
#Voltage range [0.000 - 0.000] has 32 nets.
#Voltage range [0.720 - 0.800] has 1 net.
#Start Track Assignment.
#Done with 20 horizontal wires in 5 hboxes and 46 vertical wires in 5 hboxes.
#Done with 0 horizontal wires in 5 hboxes and 0 vertical wires in 5 hboxes.
#Complete Track Assignment.
#Total number of nets with non-default rule or having extra spacing = 55
#Total wire length = 10555 um.
#Total half perimeter of net bounding box = 3362 um.
#Total wire length on LAYER M1 = 0 um.
#Total wire length on LAYER M2 = 168 um.
#Total wire length on LAYER C1 = 5313 um.
#Total wire length on LAYER C2 = 4822 um.
#Total wire length on LAYER C3 = 252 um.
#Total wire length on LAYER C4 = 0 um.
#Total wire length on LAYER BA = 0 um.
#Total wire length on LAYER BB = 0 um.
#Total wire length on LAYER JA = 0 um.
#Total wire length on LAYER JB = 0 um.
#Total wire length on LAYER LB = 0 um.
#Total number of vias = 9993
#Up-Via Summary (total 9993):
#           
#-----------------------
# M1                318
# M2               4852
# C1               4661
# C2                162
#-----------------------
#                  9993 
#
#cpu time = 00:00:02, elapsed time = 00:00:01, memory = 3337.12 (MB), peak = 3698.98 (MB)
#
#Routing data preparation, pin analysis, global routing and track assignment statistics:
#Cpu time = 00:02:32
#Elapsed time = 00:00:25
#Increased memory = 124.71 (MB)
#Total memory = 3337.12 (MB)
#Peak memory = 3698.98 (MB)
#Using multithreading with 8 threads.
#Minimum voltage of a net in the design = 0.000.
#Maximum voltage of a net in the design = 0.800.
#Voltage range [0.000 - 0.800] has 40441 nets.
#Voltage range [0.000 - 0.000] has 32 nets.
#Voltage range [0.720 - 0.800] has 1 net.
#Minimum voltage of a net in the design = 0.000.
#Maximum voltage of a net in the design = 0.800.
#Voltage range [0.000 - 0.800] has 40441 nets.
#Voltage range [0.000 - 0.000] has 32 nets.
#Voltage range [0.720 - 0.800] has 1 net.
#Minimum voltage of a net in the design = 0.000.
#Maximum voltage of a net in the design = 0.800.
#Voltage range [0.000 - 0.800] has 40441 nets.
#Voltage range [0.000 - 0.000] has 32 nets.
#Voltage range [0.720 - 0.800] has 1 net.
#Minimum voltage of a net in the design = 0.000.
#Maximum voltage of a net in the design = 0.800.
#Voltage range [0.000 - 0.800] has 40441 nets.
#Voltage range [0.000 - 0.000] has 32 nets.
#Voltage range [0.720 - 0.800] has 1 net.
#
#Start Detail Routing..
#start initial detail routing ...
# ECO: 58.72% of the total area was rechecked for DRC, and 25.76% required routing.
#   number of violations = 12
#
#    By Layer and Type :
#	         MetSpc   EOLSpc    Color EOLColor   Totals
#	M1            0        0        0        0        0
#	M2            1        1        4        6       12
#	Totals        1        1        4        6       12
#19810 out of 37280 instances (53.1%) need to be verified(marked ipoed), dirty area = 26.4%.
#   number of violations = 13
#
#    By Layer and Type :
#	         MetSpc   EOLSpc    Color EOLColor   Totals
#	M1            0        0        0        0        0
#	M2            1        1        4        7       13
#	Totals        1        1        4        7       13
#cpu time = 00:01:16, elapsed time = 00:00:10, memory = 3365.21 (MB), peak = 3742.36 (MB)
#start 1st optimization iteration ...
#   number of violations = 0
#cpu time = 00:00:01, elapsed time = 00:00:00, memory = 3364.16 (MB), peak = 3742.36 (MB)
#Complete Detail Routing.
#Total number of nets with non-default rule or having extra spacing = 55
#Total wire length = 10591 um.
#Total half perimeter of net bounding box = 3362 um.
#Total wire length on LAYER M1 = 0 um.
#Total wire length on LAYER M2 = 183 um.
#Total wire length on LAYER C1 = 5312 um.
#Total wire length on LAYER C2 = 4844 um.
#Total wire length on LAYER C3 = 252 um.
#Total wire length on LAYER C4 = 0 um.
#Total wire length on LAYER BA = 0 um.
#Total wire length on LAYER BB = 0 um.
#Total wire length on LAYER JA = 0 um.
#Total wire length on LAYER JB = 0 um.
#Total wire length on LAYER LB = 0 um.
#Total number of vias = 10144
#Up-Via Summary (total 10144):
#           
#-----------------------
# M1                319
# M2               4876
# C1               4787
# C2                162
#-----------------------
#                 10144 
#
#Total number of DRC violations = 0
#Cpu time = 00:01:18
#Elapsed time = 00:00:10
#Increased memory = 27.04 (MB)
#Total memory = 3364.16 (MB)
#Peak memory = 3742.36 (MB)
#route_detail Statistics:
#Cpu time = 00:01:18
#Elapsed time = 00:00:10
#Increased memory = 27.04 (MB)
#Total memory = 3364.16 (MB)
#Peak memory = 3742.36 (MB)
#Skip updating routing design signature in db-snapshot flow
#
#route_global_detail statistics:
#Cpu time = 00:03:55
#Elapsed time = 00:00:39
#Increased memory = -8.92 (MB)
#Total memory = 3196.37 (MB)
#Peak memory = 3742.36 (MB)
#Number of warnings = 4
#Total number of warnings = 21
#Number of fails = 0
#Total number of fails = 0
#Complete route_global_detail on Sat Jan  3 09:32:29 2026
#
#**INFO: auto set of droutePostRouteSwapVia to multiCut

route_global_detail

#Start route_global_detail on Sat Jan  3 09:32:29 2026
#
#Generating timing data, please wait...
#39247 total nets, 55 already routed, 55 will ignore in trialRoute
**WARN: (IMPEXT-3530):	The process node is not set. Use the command set_design_mode -process <process node> prior to extraction for maximum accuracy and optimal automatic threshold setting.
#View pruning: cpu time = 00:00:00, elapsed time = 00:00:00, memory = 3012.25 (MB), peak = 3742.36 (MB)
#Reporting timing...
###############################################################
#  Generated by:      Cadence Innovus 21.19-s058_1
#  OS:                Linux x86_64(Host ID il2225ht25_jcdavid)
#  Generated on:      Sat Jan  3 09:32:41 2026
#  Design:            Silago_bot_right_corner
#  Command:           route_design
###############################################################
#Normalized TNS: -0.514 -> -0.026, r2r 0.000 -> 0.000, unit 1.000, clk period 20.000 (ns)
#Stage 1: cpu time = 00:00:33, elapsed time = 00:00:09, memory = 2816.80 (MB), peak = 3742.36 (MB)
#Library Standard Delay: 10.60ps
#Slack threshold: 21.20ps
#*** Analyzed 0 timing critical paths, and collected 0.
#Stage 2: cpu time = 00:00:02, elapsed time = 00:00:01, memory = 2817.35 (MB), peak = 3742.36 (MB)
#Stage 3: cpu time = 00:00:04, elapsed time = 00:00:04, memory = 3076.50 (MB), peak = 3742.36 (MB)
#Default setup view is reset to AVF_RCWORST.
#Stage 4: cpu time = 00:00:00, elapsed time = 00:00:00, memory = 3076.50 (MB), peak = 3742.36 (MB)
#Current view: AVF_RCWORST 
#Current enabled view: AVF_RCWORST 
#Generating timing data took: cpu time = 00:00:45, elapsed time = 00:00:16, memory = 3073.42 (MB), peak = 3742.36 (MB)
#Done generating timing data.
#WARNING (NRIG-1303) The congestion map does not match the GCELL grid. Clearing the map.
#num needed restored net=0
#need_extraction net=0 (total=40474)
#WARNING (NRDB-2005) SPECIAL_NET VDD has special wires but no definitions for instance pins or top level pins. This will cause routability problems later.
#WARNING (NRDB-2005) SPECIAL_NET VDD has special wires but no definitions for instance pins or top level pins. This will cause routability problems later.
#NanoRoute Version 21.19-s058_1 NR231113-0413/21_19-UB
#Start routing data preparation on Sat Jan  3 09:32:48 2026
#
#Minimum voltage of a net in the design = 0.000.
#Maximum voltage of a net in the design = 0.800.
#Voltage range [0.000 - 0.800] has 40441 nets.
#Voltage range [0.000 - 0.000] has 32 nets.
#Voltage range [0.720 - 0.800] has 1 net.
#Build and mark too close pins for the same net.
#Initial pin access analysis.
#Detail pin access analysis.
# M1           V   Track-Pitch = 0.10400    Line-2-Via Pitch = 0.08000
# M2           H   Track-Pitch = 0.08000    Line-2-Via Pitch = 0.08000
# C1           V   Track-Pitch = 0.09000    Line-2-Via Pitch = 0.09000
# C2           H   Track-Pitch = 0.09000    Line-2-Via Pitch = 0.09000
# C3           V   Track-Pitch = 0.09000    Line-2-Via Pitch = 0.09000
# C4           H   Track-Pitch = 0.09000    Line-2-Via Pitch = 0.09000
# BA           V   Track-Pitch = 0.18000    Line-2-Via Pitch = 0.18000
# BB           H   Track-Pitch = 0.18000    Line-2-Via Pitch = 0.18000
# JA           V   Track-Pitch = 0.90000    Line-2-Via Pitch = 0.90000
# JB           H   Track-Pitch = 0.90000    Line-2-Via Pitch = 0.90000
# LB           V   Track-Pitch = 3.60000    Line-2-Via Pitch = 4.50000
#WARNING (NRAG-44) Track pitch is too small compared with line-2-via pitch.
#Bottom routing layer index=1(M1), bottom routing layer for shielding=3(C1), bottom shield layer=3(C1)
#shield_bottom_stripe_layer=3(C1), shield_top_stripe_layer=11(LB)
#pin_access_rlayer=2(M2)
#shield_top_dpt_rlayer=2 top_rlayer=11 top_trim_metal_rlayer=-1 rlayer_lowest=3 bottom_rlayer=1
#enable_trim_layer_shield=F enable_dpt_layer_shield=F has_line_end_grid=F
#cpu time = 00:00:00, elapsed time = 00:00:00, memory = 3083.86 (MB), peak = 3742.36 (MB)
#Regenerating Ggrids automatically.
#Auto generating G-grids with size=15 tracks, using layer C1's pitch = 0.09000.
#Using automatically generated G-grids.
#Done routing data preparation.
#cpu time = 00:00:04, elapsed time = 00:00:03, memory = 3096.29 (MB), peak = 3742.36 (MB)
#Start instance access analysis using 8 threads...
#Set layer M1 to be advanced pin access layer.
#0 instance pins are hard to access
#Instance access analysis statistics:
#Cpu time = 00:00:02
#Elapsed time = 00:00:01
#Increased memory = 9.26 (MB)
#Total memory = 3105.54 (MB)
#Peak memory = 3742.36 (MB)
#
#Summary of active signal nets routing constraints set by OPT:
#	preferred routing layers      : 1
#	(BA)1 
#	preferred routing layer effort: 0
#	preferred extra space         : 0
#	preferred multi-cut via       : 0
#	avoid detour                  : 0
#	expansion ratio               : 1
#	net priority                  : 1
#	s2s control                   : 0
#	avoid chaining                : 0
#	inst-based stacking via       : 0
#
#Summary of active signal nets routing constraints set by USER:
#	preferred routing layers      : 0
#	preferred routing layer effort     : 0
#	preferred extra space              : 0
#	preferred multi-cut via            : 0
#	avoid detour                       : 0
#	net weight                         : 0
#	avoid chaining                     : 0
#	cell-based stacking via (required) : 0
#	cell-based stacking via (optional) : 0
#
#Start timing driven prevention iteration...
#
#----------------------------------------------------
# Summary of active signal nets routing constraints
#+--------------------------+-----------+
#| Max Expansion Ratio      |         1 |
#| Preferred Layer Effort   |         1 |
#+--------------------------+-----------+
#  Bottom Preferred Layer
#+----------------+----------+
#|      Layer     | OPT_LA   |
#+----------------+----------+
#| BA (7)         |        1 |
#+----------------+----------+
#
#----------------------------------------------------
#Done timing-driven prevention
#cpu time = 00:00:00, elapsed time = 00:00:00, memory = 3107.75 (MB), peak = 3742.36 (MB)
#Total number of trivial nets (e.g. < 2 pins) = 1246 (skipped).
#Total number of routable nets = 39228.
#Total number of nets in the design = 40474.
#39173 routable nets do not have any wires.
#55 routable nets have routed wires.
#39173 nets will be global routed.
#1 global routed or unrouted (routable) net has been constrained (e.g. have preferred extra spacing, require shielding etc.)
#55 detail routed (routable) nets have been constrained (e.g. have preferred extra spacing, require shielding etc.)
#Using multithreading with 8 threads.
#Minimum voltage of a net in the design = 0.000.
#Maximum voltage of a net in the design = 0.800.
#Voltage range [0.000 - 0.800] has 40441 nets.
#Voltage range [0.000 - 0.000] has 32 nets.
#Voltage range [0.720 - 0.800] has 1 net.
#Minimum voltage of a net in the design = 0.000.
#Maximum voltage of a net in the design = 0.800.
#Voltage range [0.000 - 0.800] has 40441 nets.
#Voltage range [0.000 - 0.000] has 32 nets.
#Voltage range [0.720 - 0.800] has 1 net.
#
#Finished routing data preparation on Sat Jan  3 09:32:53 2026
#
#Cpu time = 00:00:00
#Elapsed time = 00:00:00
#Increased memory = 0.51 (MB)
#Total memory = 3108.75 (MB)
#Peak memory = 3742.36 (MB)
#
#
#Start global routing on Sat Jan  3 09:32:53 2026
#
#
#Start global routing initialization on Sat Jan  3 09:32:53 2026
#
#Number of eco nets is 0
#
#Start global routing data preparation on Sat Jan  3 09:32:53 2026
#
#Start routing resource analysis on Sat Jan  3 09:32:53 2026
#
#Routing resource analysis is done on Sat Jan  3 09:32:53 2026
#
#  Resource Analysis:
#
#               Routing  #Avail      #Track     #Total     %Gcell
#  Layer      Direction   Track     Blocked      Gcell    Blocked
#  --------------------------------------------------------------
#  M1             V           0        1924       22052   100.00%
#  M2             H        1727         777       22052     0.00%
#  C1             V        2166          57       22052     0.67%
#  C2             H        2190          36       22052     0.00%
#  C3             V        2219           4       22052     0.67%
#  C4             H        2225           1       22052     0.00%
#  BA             V        1109           2       22052     0.67%
#  BB             H        1112           1       22052     0.00%
#  JA             V         221           1       22052     0.71%
#  JB             H           0         222       22052   100.00%
#  LB             V           0          56       22052   100.00%
#  --------------------------------------------------------------
#  Total                  12970      30.53%      242572    27.52%
#
#  55 nets (0.14%) with 1 preferred extra spacing.
#
#
#
#Global routing data preparation is done on Sat Jan  3 09:32:53 2026
#
#cpu time = 00:00:01, elapsed time = 00:00:00, memory = 3116.00 (MB), peak = 3742.36 (MB)
#
#
#Global routing initialization is done on Sat Jan  3 09:32:53 2026
#
#cpu time = 00:00:01, elapsed time = 00:00:00, memory = 3116.00 (MB), peak = 3742.36 (MB)
#
#Route nets in 1/3 round...
#start global routing iteration 1...
#cpu time = 00:00:00, elapsed time = 00:00:00, memory = 3117.05 (MB), peak = 3742.36 (MB)
#
#start global routing iteration 2...
#cpu time = 00:00:00, elapsed time = 00:00:00, memory = 3117.14 (MB), peak = 3742.36 (MB)
#
#Skip 2/3 round for no nets in the round...
#Route nets in 3/3 round...
#start global routing iteration 3...
#cpu time = 00:00:36, elapsed time = 00:00:36, memory = 3186.56 (MB), peak = 3742.36 (MB)
#
#start global routing iteration 4...
#cpu time = 00:00:09, elapsed time = 00:00:09, memory = 3211.28 (MB), peak = 3742.36 (MB)
#
#
#Total number of trivial nets (e.g. < 2 pins) = 1246 (skipped).
#Total number of routable nets = 39228.
#Total number of nets in the design = 40474.
#
#39228 routable nets have routed wires.
#1 global routed or unrouted (routable) net has been constrained (e.g. have preferred extra spacing, require shielding etc.)
#55 detail routed (routable) nets have been constrained (e.g. have preferred extra spacing, require shielding etc.)
#
#Routed nets constraints summary:
#------------------------------------------------------------
#        Rules   Pref Layer   Expansion Ratio   Unconstrained  
#------------------------------------------------------------
#      Default            1                 1           39171  
#------------------------------------------------------------
#        Total            1                 1           39171  
#------------------------------------------------------------
#
#Routing constraints summary of the whole design:
#-------------------------------------------------------------------------------
#        Rules   Pref Extra Space   Pref Layer   Expansion Ratio   Unconstrained  
#-------------------------------------------------------------------------------
#      Default                 55            1                 1           39172  
#-------------------------------------------------------------------------------
#        Total                 55            1                 1           39172  
#-------------------------------------------------------------------------------
#
#
#  Congestion Analysis: (blocked Gcells are excluded)
#
#                 OverCon       OverCon       OverCon       OverCon          
#                  #Gcell        #Gcell        #Gcell        #Gcell    %Gcell
#     Layer           (1)           (2)           (3)           (4)   OverCon
#  --------------------------------------------------------------------------
#  M2           30(0.14%)     10(0.05%)      1(0.00%)      1(0.00%)   (0.19%)
#  C1            6(0.03%)      7(0.03%)      3(0.01%)      0(0.00%)   (0.07%)
#  C2            0(0.00%)      0(0.00%)      0(0.00%)      0(0.00%)   (0.00%)
#  C3            0(0.00%)      0(0.00%)      0(0.00%)      0(0.00%)   (0.00%)
#  C4            0(0.00%)      0(0.00%)      0(0.00%)      0(0.00%)   (0.00%)
#  BA            0(0.00%)      0(0.00%)      0(0.00%)      0(0.00%)   (0.00%)
#  BB            0(0.00%)      0(0.00%)      0(0.00%)      0(0.00%)   (0.00%)
#  JA            0(0.00%)      0(0.00%)      0(0.00%)      0(0.00%)   (0.00%)
#  --------------------------------------------------------------------------
#     Total     36(0.02%)     17(0.01%)      4(0.00%)      1(0.00%)   (0.03%)
#
#  The worst congested Gcell overcon (routing demand over resource in number of tracks) = 4
#  Overflow after GR: 0.02% H + 0.01% V
#
#Hotspot report including placement blocked areas
[hotspot] +------------+---------------+---------------+-------------------------------------+
[hotspot] |   layer    |  max hotspot  | total hotspot |            hotspot bbox             |
[hotspot] +------------+---------------+---------------+-------------------------------------+
[hotspot] |   M1(V)    |          0.00 |          0.00 |   (none)                            |
[hotspot] |   M2(H)    |          0.00 |          0.00 |   (none)                            |
[hotspot] |   C1(V)    |         12.67 |         18.22 |    89.55   197.08   107.47   200.36 |
[hotspot] |   C2(H)    |          0.00 |          0.00 |   (none)                            |
[hotspot] |   C3(V)    |          0.00 |          0.00 |   (none)                            |
[hotspot] |   C4(H)    |          0.00 |          0.00 |   (none)                            |
[hotspot] |   BA(V)    |          0.00 |          0.00 |   (none)                            |
[hotspot] |   BB(H)    |          0.00 |          0.00 |   (none)                            |
[hotspot] |   JA(V)    |          0.00 |          0.00 |   (none)                            |
[hotspot] |   JB(H)    |          0.00 |          0.00 |   (none)                            |
[hotspot] |   LB(V)    |          0.00 |          0.00 |   (none)                            |
[hotspot] +------------+---------------+---------------+-------------------------------------+
[hotspot] |   worst    | (C1)    12.67 | (C1)    18.22 |                                     |
[hotspot] +------------+---------------+---------------+-------------------------------------+
[hotspot] | all layers |          0.00 |          0.00 |                                     |
[hotspot] +------------+---------------+---------------+-------------------------------------+
Local HotSpot Analysis (blockage included) (3d): normalized congestion max/total hotspot area = 0.00/0.00 (area is in unit of 4 std-cell row bins)
#Complete Global Routing.
#Total number of nets with non-default rule or having extra spacing = 55
#Total wire length = 442201 um.
#Total half perimeter of net bounding box = 392994 um.
#Total wire length on LAYER M1 = 0 um.
#Total wire length on LAYER M2 = 80687 um.
#Total wire length on LAYER C1 = 123458 um.
#Total wire length on LAYER C2 = 103899 um.
#Total wire length on LAYER C3 = 83266 um.
#Total wire length on LAYER C4 = 36807 um.
#Total wire length on LAYER BA = 10939 um.
#Total wire length on LAYER BB = 2850 um.
#Total wire length on LAYER JA = 294 um.
#Total wire length on LAYER JB = 0 um.
#Total wire length on LAYER LB = 0 um.
#Total number of vias = 252766
#Up-Via Summary (total 252766):
#           
#-----------------------
# M1             106337
# M2             101006
# C1              30059
# C2              10780
# C3               3329
# C4                946
# BA                261
# BB                 48
#-----------------------
#                252766 
#
#Total number of involved regular nets 7635
#Maximum src to sink distance  247.4
#Average of max src_to_sink distance  26.7
#Average of ave src_to_sink distance  18.1
#Total number of involved priority nets 1
#Maximum src to sink distance for priority net 79.4
#Average of max src_to_sink distance for priority net 79.4
#Average of ave src_to_sink distance for priority net 44.0
#Max overcon = 4 tracks.
#Total overcon = 0.03%.
#Worst layer Gcell overcon rate = 0.07%.
#
#Global routing statistics:
#Cpu time = 00:00:48
#Elapsed time = 00:00:46
#Increased memory = 80.77 (MB)
#Total memory = 3189.51 (MB)
#Peak memory = 3742.36 (MB)
#
#Finished global routing on Sat Jan  3 09:33:40 2026
#
#
#Minimum voltage of a net in the design = 0.000.
#Maximum voltage of a net in the design = 0.800.
#Voltage range [0.000 - 0.800] has 40441 nets.
#Voltage range [0.000 - 0.000] has 32 nets.
#Voltage range [0.720 - 0.800] has 1 net.
#Minimum voltage of a net in the design = 0.000.
#Maximum voltage of a net in the design = 0.800.
#Voltage range [0.000 - 0.800] has 40441 nets.
#Voltage range [0.000 - 0.000] has 32 nets.
#Voltage range [0.720 - 0.800] has 1 net.
#cpu time = 00:00:00, elapsed time = 00:00:00, memory = 3186.12 (MB), peak = 3742.36 (MB)
#Minimum voltage of a net in the design = 0.000.
#Maximum voltage of a net in the design = 0.800.
#Voltage range [0.000 - 0.800] has 40441 nets.
#Voltage range [0.000 - 0.000] has 32 nets.
#Voltage range [0.720 - 0.800] has 1 net.
#Start Track Assignment.
#Done with 68052 horizontal wires in 5 hboxes and 65206 vertical wires in 5 hboxes.
#Done with 14947 horizontal wires in 5 hboxes and 10949 vertical wires in 5 hboxes.
#Done with 5 horizontal wires in 5 hboxes and 5 vertical wires in 5 hboxes.
#
#Track assignment summary:
# layer   (wire length)   (overlap)     (long ovlp)	(with obs/pg/clk)  
#------------------------------------------------------------------------
# M1             0.00 	  0.00%  	  0.00% 	  0.00%
# M2         80023.97 	  0.15%  	  0.00% 	  0.07%
# C1        116880.78 	  0.09%  	  0.00% 	  0.01%
# C2         99070.50 	  0.02%  	  0.00% 	  0.00%
# C3         83005.19 	  0.01%  	  0.00% 	  0.00%
# C4         36853.33 	  0.00%  	  0.00% 	  0.00%
# BA         10945.40 	  0.01%  	  0.00% 	  0.00%
# BB          2843.37 	  0.01%  	  0.00% 	  0.00%
# JA           311.68 	  0.00%  	  0.00% 	  0.00%
# JB             0.00 	  0.00%  	  0.00% 	  0.00%
# LB             0.00 	  0.00%  	  0.00% 	  0.00%
#------------------------------------------------------------------------
# All      429934.22  	  0.06% 	  0.00% 	  0.00%
#Complete Track Assignment.
#Total number of nets with non-default rule or having extra spacing = 55
#Total wire length = 437052 um.
#Total half perimeter of net bounding box = 392994 um.
#Total wire length on LAYER M1 = 0 um.
#Total wire length on LAYER M2 = 78992 um.
#Total wire length on LAYER C1 = 120538 um.
#Total wire length on LAYER C2 = 103632 um.
#Total wire length on LAYER C3 = 83073 um.
#Total wire length on LAYER C4 = 36797 um.
#Total wire length on LAYER BA = 10895 um.
#Total wire length on LAYER BB = 2829 um.
#Total wire length on LAYER JA = 296 um.
#Total wire length on LAYER JB = 0 um.
#Total wire length on LAYER LB = 0 um.
#Total number of vias = 252766
#Up-Via Summary (total 252766):
#           
#-----------------------
# M1             106337
# M2             101006
# C1              30059
# C2              10780
# C3               3329
# C4                946
# BA                261
# BB                 48
#-----------------------
#                252766 
#
#cpu time = 00:00:23, elapsed time = 00:00:11, memory = 3183.02 (MB), peak = 3742.36 (MB)
#
#number of short segments in preferred routing layers
#	
#	
#
#Start post global route fixing for timing critical nets ...
#
#* Updating design timing data...
#Extracting RC...
Un-suppress "**WARN ..." messages.
#
#Start tQuantus RC extraction...
#Finish check_net_pin_list step Enter extract_rc_after_routing
#Extract in track assign mode
#Minimum voltage of a net in the design = 0.000.
#Maximum voltage of a net in the design = 0.800.
#Voltage range [0.000 - 0.800] has 40441 nets.
#Voltage range [0.000 - 0.000] has 32 nets.
#Voltage range [0.720 - 0.800] has 1 net.
#Start building rc corner(s)...
#Number of RC Corner = 3
#Corner rc_typ /opt/pdk/gf22/V1.0_4.1/PEX/QRC/10M_2Mx_4Cx_2Bx_2Jx_LBthick/nominal/qrcTechFile 25.000000 (real) 
#Corner rc_best /opt/pdk/gf22/V1.0_4.1/PEX/QRC/10M_2Mx_4Cx_2Bx_2Jx_LBthick/FuncRCminDP/qrcTechFile 25.000000 (real) 
#Corner rc_worst /opt/pdk/gf22/V1.0_4.1/PEX/QRC/10M_2Mx_4Cx_2Bx_2Jx_LBthick/FuncRCmaxDP/qrcTechFile 25.000000 (real) 
#(i=11, n=11 2000)
#M1 -> M1 (1)
#M2 -> M2 (2)
#C1 -> C1 (3)
#C2 -> C2 (4)
#C3 -> C3 (5)
#C4 -> C4 (6)
#BA -> BA (7)
#BB -> BB (8)
#JA -> JA (9)
#JB -> JB (10)
#LB -> LB (11)
#SADV_On
# Corner(s) : 
#rc_typ [25.00] 
#rc_best [25.00] 
#rc_worst [25.00]
# Corner id: 0
# Layout Scale: 1.000000
# Has Metal Fill model: yes
# Temperature was set
# Temperature : 25.000000
# Ref. Temp   : 25.000000
# Corner id: 1
# Layout Scale: 1.000000
# Has Metal Fill model: yes
# Temperature was set
# Temperature : 25.000000
# Ref. Temp   : 25.000000
# Corner id: 2
# Layout Scale: 1.000000
# Has Metal Fill model: yes
# Temperature was set
# Temperature : 25.000000
# Ref. Temp   : 25.000000
#total pattern=286 [33, 2376]
#Generating the tQuantus model file automatically.
#num_tile=21570 avg_aspect_ratio=1.775073 
#Vertical num_row 51 per_row= 420 halo= 20000 
#hor_num_col = 147 final aspect_ratio= 0.540851
#Build RC corners: cpu time = 00:00:56, elapsed time = 00:00:57, memory = 3302.20 (MB), peak = 3742.36 (MB)
#Finish check_net_pin_list step Enter extract
#Start init net ripin tree building
#Finish init net ripin tree building
#Cpu time = 00:00:00
#Elapsed time = 00:00:00
#Increased memory = 0.00 (MB)
#Total memory = 3314.86 (MB)
#Peak memory = 3742.36 (MB)
#Using multithreading with 8 threads.
#begin processing metal fill model file
#end processing metal fill model file
#Minimum voltage of a net in the design = 0.000.
#Maximum voltage of a net in the design = 0.800.
#Voltage range [0.000 - 0.800] has 40441 nets.
#Voltage range [0.000 - 0.000] has 32 nets.
#Voltage range [0.720 - 0.800] has 1 net.
#Minimum voltage of a net in the design = 0.000.
#Maximum voltage of a net in the design = 0.800.
#Voltage range [0.000 - 0.800] has 40441 nets.
#Voltage range [0.000 - 0.000] has 32 nets.
#Voltage range [0.720 - 0.800] has 1 net.
#Minimum voltage of a net in the design = 0.000.
#Maximum voltage of a net in the design = 0.800.
#Voltage range [0.000 - 0.800] has 40441 nets.
#Voltage range [0.000 - 0.000] has 32 nets.
#Voltage range [0.720 - 0.800] has 1 net.
#
#Start Post Track Assignment Wire Spread.
#Done with 19191 horizontal wires in 5 hboxes and 20280 vertical wires in 5 hboxes.
#Complete Post Track Assignment Wire Spread.
#
#Length limit = 200 pitches
#opt mode = 2
#Minimum voltage of a net in the design = 0.000.
#Maximum voltage of a net in the design = 0.800.
#Voltage range [0.000 - 0.800] has 40441 nets.
#Voltage range [0.000 - 0.000] has 32 nets.
#Voltage range [0.720 - 0.800] has 1 net.
#Minimum voltage of a net in the design = 0.000.
#Maximum voltage of a net in the design = 0.800.
#Voltage range [0.000 - 0.800] has 40441 nets.
#Voltage range [0.000 - 0.000] has 32 nets.
#Voltage range [0.720 - 0.800] has 1 net.
#Finish check_net_pin_list step Fix net pin list
#Start generate extraction boxes.
#
#Extract using 30 x 30 Hboxes
#6x6 initial hboxes
#Use area based hbox pruning.
#0/0 hboxes pruned.
#Complete generating extraction boxes.
#Extract 25 hboxes with 8 threads on machine with  Xeon 3.60GHz 30720KB Cache 48CPU...
#Process 0 special clock nets for rc extraction
#Total 39228 nets were built. 4617 nodes added to break long wires. 0 net(s) have incomplete routes.
#Run Statistics for Extraction:
#   Cpu time = 00:00:15, elapsed time = 00:00:03 .
#   Increased memory =   285.67 (MB), total memory =  3600.25 (MB), peak memory =  3742.36 (MB)
#
#Scale RC for track assignment: res 1.000000; cap 1.000000; clk res 1.000000; clk cap 1.000000, xcap 1.000000
#Simplify RC tree: cpu time = 00:00:00, elapsed time = 00:00:00, memory = 3361.33 (MB), peak = 3742.36 (MB)
#RC Statistics: 0 Res, 128565 Ground Cap, 0 XCap (Edge to Edge)
#Register nets and terms for rcdb /tmp/innovus_temp_984328_il2225ht25_jcdavid_jcdavid_3cWzs8/nr984328_88kMqe.rcdb.d
#Finish registering nets and terms for rcdb.
#Start writing RC data.
#Finish writing RC data
#Finish writing rcdb with 278917 nodes, 239689 edges, and 0 xcaps
#4617 inserted nodes are removed
#Restored 0 tie nets, 0 tie snets, 0 partial nets
#Minimum voltage of a net in the design = 0.000.
#Maximum voltage of a net in the design = 0.800.
#Voltage range [0.000 - 0.800] has 40441 nets.
#Voltage range [0.000 - 0.000] has 32 nets.
#Voltage range [0.720 - 0.800] has 1 net.
#Minimum voltage of a net in the design = 0.000.
#Maximum voltage of a net in the design = 0.800.
#Voltage range [0.000 - 0.800] has 40441 nets.
#Voltage range [0.000 - 0.000] has 32 nets.
#Voltage range [0.720 - 0.800] has 1 net.
#Minimum voltage of a net in the design = 0.000.
#Maximum voltage of a net in the design = 0.800.
#Voltage range [0.000 - 0.800] has 40441 nets.
#Voltage range [0.000 - 0.000] has 32 nets.
#Voltage range [0.720 - 0.800] has 1 net.
#Remove Post Track Assignment Wire Spread
Restoring parasitic data from file '/tmp/innovus_temp_984328_il2225ht25_jcdavid_jcdavid_3cWzs8/nr984328_88kMqe.rcdb.d' ...
Reading RCDB with compressed RC data.
Reading RCDB with compressed RC data.
Begin read_parasitics... (cpu: 0:00:00.0 real: 0:00:00.0 mem: 5494.793M)
Following multi-corner parasitics specified:
	/tmp/innovus_temp_984328_il2225ht25_jcdavid_jcdavid_3cWzs8/nr984328_88kMqe.rcdb.d (rcdb)
Reading RCDB with compressed RC data.
		Cell Silago_bot_right_corner has rcdb /tmp/innovus_temp_984328_il2225ht25_jcdavid_jcdavid_3cWzs8/nr984328_88kMqe.rcdb.d specified
Cell Silago_bot_right_corner, hinst 
Reading RCDB with compressed RC data.
Done read_parasitics... (cpu: 0:00:01.0 real: 0:00:00.0 mem: 5494.793M)
#
#Restore RCDB.
#Minimum voltage of a net in the design = 0.000.
#Maximum voltage of a net in the design = 0.800.
#Voltage range [0.000 - 0.800] has 40441 nets.
#Voltage range [0.000 - 0.000] has 32 nets.
#Voltage range [0.720 - 0.800] has 1 net.
#Minimum voltage of a net in the design = 0.000.
#Maximum voltage of a net in the design = 0.800.
#Voltage range [0.000 - 0.800] has 40441 nets.
#Voltage range [0.000 - 0.000] has 32 nets.
#Voltage range [0.720 - 0.800] has 1 net.
#Minimum voltage of a net in the design = 0.000.
#Maximum voltage of a net in the design = 0.800.
#Voltage range [0.000 - 0.800] has 40441 nets.
#Voltage range [0.000 - 0.000] has 32 nets.
#Voltage range [0.720 - 0.800] has 1 net.
#Remove Post Track Assignment Wire Spread
#
#Complete tQuantus RC extraction.
#Cpu time = 00:01:27
#Elapsed time = 00:01:11
#Increased memory = 153.25 (MB)
#Total memory = 3337.12 (MB)
#Peak memory = 3742.36 (MB)
#
Un-suppress "**WARN ..." messages.
#RC Extraction Completed...
AAE_INFO: switching -siAware from false to true ...
AAE_INFO: The setting is changed from false to true in setDelayCalMode -SIAware
#Reporting timing...
###############################################################
#  Generated by:      Cadence Innovus 21.19-s058_1
#  OS:                Linux x86_64(Host ID il2225ht25_jcdavid)
#  Generated on:      Sat Jan  3 09:35:12 2026
#  Design:            Silago_bot_right_corner
#  Command:           route_design
###############################################################
#Normalized TNS: -2.799 -> -0.140, r2r 0.000 -> 0.000, unit 1.000, clk period 20.000 (ns)
#Stage 1: cpu time = 00:00:43, elapsed time = 00:00:09, memory = 3361.18 (MB), peak = 3742.36 (MB)
#Library Standard Delay: 10.60ps
#Slack threshold: 0.00ps
#*** Analyzed 0 timing critical paths, and collected 0.
#Stage 2: cpu time = 00:00:02, elapsed time = 00:00:01, memory = 3361.97 (MB), peak = 3742.36 (MB)
#Stage 3: cpu time = 00:00:00, elapsed time = 00:00:00, memory = 3363.24 (MB), peak = 3742.36 (MB)
Worst slack reported in the design = 15630.374023 (late)

*** writeDesignTiming (0:00:05.6) ***
#Stage 4: cpu time = 00:00:06, elapsed time = 00:00:05, memory = 3363.64 (MB), peak = 3742.36 (MB)
Un-suppress "**WARN ..." messages.
#Number of victim nets: 0
#Number of aggressor nets: 0
#Number of weak nets: 0
#Number of critical nets: 0
#	level 1 [   0.0, -1000.0]: 0 nets
#	level 2 [   0.0, -1000.0]: 0 nets
#	level 3 [   0.0, -1000.0]: 0 nets
#Total number of nets: 39228
#Total number of significant detoured timing critical nets is 0
#Total number of selected detoured timing critical nets is 0
#
#----------------------------------------------------
# Summary of active signal nets routing constraints
#+--------------------------+-----------+
#| Max Expansion Ratio      |         1 |
#| Preferred Layer Effort   |         1 |
#+--------------------------+-----------+
#  Bottom Preferred Layer
#+----------------+----------+
#|      Layer     | OPT_LA   |
#+----------------+----------+
#| BA (7)         |        1 |
#+----------------+----------+
#
#----------------------------------------------------
Current (total cpu=0:51:11, real=0:16:10, peak res=3742.4M, current mem=3172.0M)
Silago_bot_right_corner
Ending "Constraint file reading stats" (total cpu=0:00:00.6, real=0:00:00.0, peak res=3186.0M, current mem=3186.0M)
Current (total cpu=0:51:11, real=0:16:10, peak res=3742.4M, current mem=3186.0M)
Current (total cpu=0:51:12, real=0:16:11, peak res=3742.4M, current mem=3186.0M)
Silago_bot_right_corner
Ending "Constraint file reading stats" (total cpu=0:00:00.5, real=0:00:00.0, peak res=3186.3M, current mem=3186.3M)
Current (total cpu=0:51:12, real=0:16:11, peak res=3742.4M, current mem=3186.3M)
Current (total cpu=0:51:13, real=0:16:12, peak res=3742.4M, current mem=3186.3M)
Silago_bot_right_corner
Ending "Constraint file reading stats" (total cpu=0:00:00.5, real=0:00:00.0, peak res=3186.6M, current mem=3186.6M)
Current (total cpu=0:51:13, real=0:16:12, peak res=3742.4M, current mem=3186.6M)
#Minimum voltage of a net in the design = 0.000.
#Maximum voltage of a net in the design = 0.800.
#Voltage range [0.000 - 0.800] has 40441 nets.
#Voltage range [0.000 - 0.000] has 32 nets.
#Voltage range [0.720 - 0.800] has 1 net.
#Minimum voltage of a net in the design = 0.000.
#Maximum voltage of a net in the design = 0.800.
#Voltage range [0.000 - 0.800] has 40441 nets.
#Voltage range [0.000 - 0.000] has 32 nets.
#Voltage range [0.720 - 0.800] has 1 net.
#cpu time = 00:00:00, elapsed time = 00:00:00, memory = 3186.70 (MB), peak = 3742.36 (MB)
#* Importing design timing data...
#Number of victim nets: 0
#Number of aggressor nets: 0
#Number of weak nets: 0
#Number of critical nets: 0
#	level 1 [   0.0, -1000.0]: 0 nets
#	level 2 [   0.0, -1000.0]: 0 nets
#	level 3 [   0.0, -1000.0]: 0 nets
#Total number of nets: 39228
#Minimum voltage of a net in the design = 0.000.
#Maximum voltage of a net in the design = 0.800.
#Voltage range [0.000 - 0.800] has 40441 nets.
#Voltage range [0.000 - 0.000] has 32 nets.
#Voltage range [0.720 - 0.800] has 1 net.
#
#timing driven effort level: 3
#Start Track Assignment With Timing Driven.
#Done with 1854 horizontal wires in 5 hboxes and 2002 vertical wires in 5 hboxes.
#Done with 387 horizontal wires in 5 hboxes and 652 vertical wires in 5 hboxes.
#Done with 5 horizontal wires in 5 hboxes and 5 vertical wires in 5 hboxes.
#
#Track assignment summary:
# layer   (wire length)   (overlap)     (long ovlp)	(with obs/pg/clk)  
#------------------------------------------------------------------------
# M1             0.00 	  0.00%  	  0.00% 	  0.00%
# M2         79919.13 	  0.13%  	  0.00% 	  0.06%
# C1        116861.92 	  0.07%  	  0.00% 	  0.01%
# C2         99060.70 	  0.01%  	  0.00% 	  0.00%
# C3         83003.19 	  0.01%  	  0.00% 	  0.00%
# C4         36851.36 	  0.00%  	  0.00% 	  0.00%
# BA         10944.77 	  0.01%  	  0.00% 	  0.00%
# BB          2843.73 	  0.00%  	  0.00% 	  0.00%
# JA           312.04 	  0.00%  	  0.00% 	  0.00%
# JB             0.00 	  0.00%  	  0.00% 	  0.00%
# LB             0.00 	  0.00%  	  0.00% 	  0.00%
#------------------------------------------------------------------------
# All      429796.84  	  0.05% 	  0.00% 	  0.00%
#Complete Track Assignment With Timing Driven.
#Total number of nets with non-default rule or having extra spacing = 55
#Total wire length = 436885 um.
#Total half perimeter of net bounding box = 392994 um.
#Total wire length on LAYER M1 = 0 um.
#Total wire length on LAYER M2 = 78864 um.
#Total wire length on LAYER C1 = 120517 um.
#Total wire length on LAYER C2 = 103619 um.
#Total wire length on LAYER C3 = 83070 um.
#Total wire length on LAYER C4 = 36795 um.
#Total wire length on LAYER BA = 10894 um.
#Total wire length on LAYER BB = 2829 um.
#Total wire length on LAYER JA = 296 um.
#Total wire length on LAYER JB = 0 um.
#Total wire length on LAYER LB = 0 um.
#Total number of vias = 252766
#Up-Via Summary (total 252766):
#           
#-----------------------
# M1             106337
# M2             101006
# C1              30059
# C2              10780
# C3               3329
# C4                946
# BA                261
# BB                 48
#-----------------------
#                252766 
#
#cpu time = 00:00:12, elapsed time = 00:00:06, memory = 3186.75 (MB), peak = 3742.36 (MB)
#
#Routing data preparation, pin analysis, global routing and track assignment statistics:
#Cpu time = 00:03:59
#Elapsed time = 00:02:44
#Increased memory = 108.68 (MB)
#Total memory = 3186.75 (MB)
#Peak memory = 3742.36 (MB)
#Using multithreading with 8 threads.
#Minimum voltage of a net in the design = 0.000.
#Maximum voltage of a net in the design = 0.800.
#Voltage range [0.000 - 0.800] has 40441 nets.
#Voltage range [0.000 - 0.000] has 32 nets.
#Voltage range [0.720 - 0.800] has 1 net.
#Minimum voltage of a net in the design = 0.000.
#Maximum voltage of a net in the design = 0.800.
#Voltage range [0.000 - 0.800] has 40441 nets.
#Voltage range [0.000 - 0.000] has 32 nets.
#Voltage range [0.720 - 0.800] has 1 net.
#Minimum voltage of a net in the design = 0.000.
#Maximum voltage of a net in the design = 0.800.
#Voltage range [0.000 - 0.800] has 40441 nets.
#Voltage range [0.000 - 0.000] has 32 nets.
#Voltage range [0.720 - 0.800] has 1 net.
#Minimum voltage of a net in the design = 0.000.
#Maximum voltage of a net in the design = 0.800.
#Voltage range [0.000 - 0.800] has 40441 nets.
#Voltage range [0.000 - 0.000] has 32 nets.
#Voltage range [0.720 - 0.800] has 1 net.
#Start reading timing information from file .timing_file_984328.tif.gz ...
#Read in timing information for 1271 ports, 37280 instances from timing file .timing_file_984328.tif.gz.
#
#Start Detail Routing..
#start initial detail routing ...
#   number of violations = 116
#
#    By Layer and Type :
#	         EOLSpc    Short    Color EOLColor   C2MCon      Enc   Others   Totals
#	M1            0        7        0        0       11        2        6       26
#	M2            4        8       12       12        9        9       21       75
#	C1            7        2        0        0        0        0        3       12
#	C2            0        3        0        0        0        0        0        3
#	Totals       11       20       12       12       20       11       30      116
#cpu time = 00:14:06, elapsed time = 00:01:47, memory = 3351.96 (MB), peak = 4141.04 (MB)
#start 1st optimization iteration ...
#   number of violations = 31
#
#    By Layer and Type :
#	         EOLSpc    Notch    Short    Color EOLColor      Enc   Others   Totals
#	M1            0        0       11        0        0        1        0       12
#	M2            0        1        4        5        2        1        2       15
#	C1            2        0        0        0        0        0        1        3
#	C2            0        0        0        0        0        0        0        0
#	C3            0        0        0        0        0        1        0        1
#	Totals        2        1       15        5        2        3        3       31
#    number of process antenna violations = 30
#cpu time = 00:00:15, elapsed time = 00:00:04, memory = 3341.79 (MB), peak = 4141.04 (MB)
#start 2nd optimization iteration ...
#   number of violations = 30
#
#    By Layer and Type :
#	         EOLSpc    Notch    Short   MinStp    Color      Enc   Others   Totals
#	M1            0        0        5        0        0        2        2        9
#	M2            0        2        5        3        5        1        2       18
#	C1            3        0        0        0        0        0        0        3
#	Totals        3        2       10        3        5        3        4       30
#    number of process antenna violations = 30
#cpu time = 00:00:06, elapsed time = 00:00:06, memory = 3340.84 (MB), peak = 4141.04 (MB)
#start 3rd optimization iteration ...
#   number of violations = 20
#
#    By Layer and Type :
#	         EOLSpc    Notch    Short   MinStp    Color EOLColor   CutSpc   Totals
#	M1            0        0        5        0        0        0        0        5
#	M2            0        1        5        1        4        2        1       14
#	C1            1        0        0        0        0        0        0        1
#	Totals        1        1       10        1        4        2        1       20
#    number of process antenna violations = 30
#cpu time = 00:00:04, elapsed time = 00:00:04, memory = 3340.62 (MB), peak = 4141.04 (MB)
#start 4th optimization iteration ...
#   number of violations = 42
#
#    By Layer and Type :
#	          Notch    Short    Color EOLColor      Mar      Enc   Others   Totals
#	M1            0        2        0        0        0        4        2        8
#	M2            3        7        8        3        3        4        4       32
#	C1            0        1        0        0        0        0        1        2
#	Totals        3       10        8        3        3        8        7       42
#    number of process antenna violations = 30
#cpu time = 00:00:12, elapsed time = 00:00:12, memory = 3339.84 (MB), peak = 4141.04 (MB)
#start 5th optimization iteration ...
#   number of violations = 22
#
#    By Layer and Type :
#	          Notch    Short   MinStp    Color EOLColor      Mar      Enc   Totals
#	M1            0        5        0        0        0        0        2        7
#	M2            1        4        1        4        1        2        2       15
#	Totals        1        9        1        4        1        2        4       22
#    number of process antenna violations = 30
#cpu time = 00:00:10, elapsed time = 00:00:09, memory = 3339.57 (MB), peak = 4141.04 (MB)
#start 6th optimization iteration ...
#   number of violations = 29
#
#    By Layer and Type :
#	          Notch    Short   MinStp    Color   C2MCon      Enc   Others   Totals
#	M1            0        5        0        0        2        1        0        8
#	M2            3        6        3        5        0        1        2       20
#	C1            0        0        0        0        0        0        1        1
#	Totals        3       11        3        5        2        2        3       29
#    number of process antenna violations = 30
#cpu time = 00:00:19, elapsed time = 00:00:19, memory = 3339.07 (MB), peak = 4141.04 (MB)
#start 7th optimization iteration ...
#   number of violations = 19
#
#    By Layer and Type :
#	          Notch    Short   MinStp    Color EOLColor   CutSpc   Totals
#	M1            0        7        0        0        0        0        7
#	M2            1        4        1        3        2        1       12
#	Totals        1       11        1        3        2        1       19
#    number of process antenna violations = 30
#cpu time = 00:00:02, elapsed time = 00:00:02, memory = 3338.30 (MB), peak = 4141.04 (MB)
#start 8th optimization iteration ...
#   number of violations = 26
#
#    By Layer and Type :
#	          Notch    Short   MinStp    Color   C2MCon      Enc   Others   Totals
#	M1            0        5        0        0        2        1        0        8
#	M2            2        5        3        6        0        0        1       17
#	C1            0        0        0        0        0        0        1        1
#	Totals        2       10        3        6        2        1        2       26
#    number of process antenna violations = 30
#cpu time = 00:00:05, elapsed time = 00:00:05, memory = 3338.75 (MB), peak = 4141.04 (MB)
#start 9th optimization iteration ...
#   number of violations = 15
#
#    By Layer and Type :
#	          Notch    Short   MinStp    Color   CutSpc   Totals
#	M1            0        5        0        0        0        5
#	M2            1        4        1        3        1       10
#	Totals        1        9        1        3        1       15
#    number of process antenna violations = 30
#cpu time = 00:00:04, elapsed time = 00:00:03, memory = 3339.66 (MB), peak = 4141.04 (MB)
#start 10th optimization iteration ...
#   number of violations = 41
#
#    By Layer and Type :
#	         EOLSpc    Notch    Short    Color   C2MCon      Enc   Others   Totals
#	M1            0        0        0        0        3        2        0        5
#	M2            1        3        9        7        0        2        7       29
#	C1            3        0        1        0        0        0        3        7
#	Totals        4        3       10        7        3        4       10       41
#    number of process antenna violations = 30
#cpu time = 00:00:08, elapsed time = 00:00:08, memory = 3340.22 (MB), peak = 4141.04 (MB)
#start 11th optimization iteration ...
#   number of violations = 30
#
#    By Layer and Type :
#	          Short   MinStp    Color   CutSpc      Mar      Enc   Others   Totals
#	M1            0        0        0        0        0        3        0        3
#	M2            9        1        3        2        3        5        3       26
#	C1            0        0        0        0        0        0        1        1
#	Totals        9        1        3        2        3        8        4       30
#    number of process antenna violations = 30
#cpu time = 00:00:09, elapsed time = 00:00:09, memory = 3338.85 (MB), peak = 4141.04 (MB)
#start 12th optimization iteration ...
#   number of violations = 31
#
#    By Layer and Type :
#	         EOLSpc    Notch    Short    Color   CutSpc      Enc   Others   Totals
#	M1            0        0        0        0        0        2        0        2
#	M2            0        2        9        4        2        4        3       24
#	C1            3        0        0        0        0        0        2        5
#	Totals        3        2        9        4        2        6        5       31
#    number of process antenna violations = 30
#cpu time = 00:00:15, elapsed time = 00:00:15, memory = 3339.30 (MB), peak = 4141.04 (MB)
#start 13th optimization iteration ...
#   number of violations = 33
#
#    By Layer and Type :
#	          Notch    Short    Color   CutSpc      Mar      Enc   Others   Totals
#	M1            0        0        0        0        0        3        0        3
#	M2            2        9        7        2        3        3        2       28
#	C1            0        1        0        0        1        0        0        2
#	Totals        2       10        7        2        4        6        2       33
#    number of process antenna violations = 30
#cpu time = 00:00:07, elapsed time = 00:00:06, memory = 3338.59 (MB), peak = 4141.04 (MB)
#start 14th optimization iteration ...
#   number of violations = 37
#
#    By Layer and Type :
#	          Notch    Short   MinStp    Color   CutSpc      Enc   Others   Totals
#	M1            0        0        0        0        0        1        2        3
#	M2            4        9        3        7        4        3        3       33
#	C1            0        0        0        0        0        0        1        1
#	Totals        4        9        3        7        4        4        6       37
#    number of process antenna violations = 30
#cpu time = 00:00:06, elapsed time = 00:00:06, memory = 3339.00 (MB), peak = 4141.04 (MB)
#start 15th optimization iteration ...
#   number of violations = 35
#
#    By Layer and Type :
#	          Short    Color EOLColor   CutSpc      Mar      Enc   Others   Totals
#	M1            0        0        0        0        0        4        0        4
#	M2            9        5        2        3        4        4        3       30
#	C1            1        0        0        0        0        0        0        1
#	Totals       10        5        2        3        4        8        3       35
#    number of process antenna violations = 30
#cpu time = 00:00:07, elapsed time = 00:00:06, memory = 3338.62 (MB), peak = 4141.04 (MB)
#start 16th optimization iteration ...
#   number of violations = 36
#
#    By Layer and Type :
#	          Short   MinStp    Color      Mar   C2MCon      Enc   Others   Totals
#	M1            0        0        0        0        2        4        0        6
#	M2            9        3        5        3        0        4        6       30
#	Totals        9        3        5        3        2        8        6       36
#    number of process antenna violations = 30
#cpu time = 00:00:12, elapsed time = 00:00:12, memory = 3339.12 (MB), peak = 4141.04 (MB)
#start 17th optimization iteration ...
#   number of violations = 27
#
#    By Layer and Type :
#	          Short   MinStp    Color   CutSpc      Mar      Enc   Others   Totals
#	M1            0        0        0        0        0        2        0        2
#	M2            9        1        3        4        2        3        1       23
#	C1            0        1        0        0        0        0        1        2
#	Totals        9        2        3        4        2        5        2       27
#    number of process antenna violations = 30
#cpu time = 00:00:09, elapsed time = 00:00:09, memory = 3338.55 (MB), peak = 4141.04 (MB)
#start 18th optimization iteration ...
#   number of violations = 34
#
#    By Layer and Type :
#	          Notch    Short   MinStp    Color      Mar      Enc   Others   Totals
#	M1            0        0        0        0        0        4        2        6
#	M2            3        9        3        4        3        4        2       28
#	Totals        3        9        3        4        3        8        4       34
#    number of process antenna violations = 30
#cpu time = 00:00:15, elapsed time = 00:00:14, memory = 3339.10 (MB), peak = 4141.04 (MB)
#start 19th optimization iteration ...
#   number of violations = 22
#
#    By Layer and Type :
#	          Short   MinStp    Color EOLColor   CutSpc      Mar      Enc   Totals
#	M1            0        0        0        0        0        0        2        2
#	M2            9        1        2        1        2        2        3       20
#	Totals        9        1        2        1        2        2        5       22
#    number of process antenna violations = 30
#cpu time = 00:00:03, elapsed time = 00:00:02, memory = 3338.30 (MB), peak = 4141.04 (MB)
#start 20th optimization iteration ...
#   number of violations = 38
#
#    By Layer and Type :
#	          Notch    Short   MinStp    Color      Mar      Enc   Others   Totals
#	M1            0        0        0        0        0        5        2        7
#	M2            3        9        3        4        4        5        3       31
#	Totals        3        9        3        4        4       10        5       38
#    number of process antenna violations = 30
#cpu time = 00:00:04, elapsed time = 00:00:03, memory = 3338.34 (MB), peak = 4141.04 (MB)
#start 21th optimization iteration ...
#   number of violations = 31
#
#    By Layer and Type :
#	          Notch    Short    Color EOLColor      Mar      Enc   Others   Totals
#	M1            0        0        0        0        0        5        0        5
#	M2            1        9        3        1        5        5        2       26
#	Totals        1        9        3        1        5       10        2       31
#    number of process antenna violations = 30
#cpu time = 00:00:06, elapsed time = 00:00:06, memory = 3338.55 (MB), peak = 4141.04 (MB)
#start 22th optimization iteration ...
#   number of violations = 24
#
#    By Layer and Type :
#	          Notch    Short   MinStp    Color      Mar      Enc   Others   Totals
#	M1            0        0        0        0        0        2        0        2
#	M2            2        9        1        2        2        3        2       21
#	C1            0        1        0        0        0        0        0        1
#	Totals        2       10        1        2        2        5        2       24
#    number of process antenna violations = 30
#cpu time = 00:00:06, elapsed time = 00:00:06, memory = 3339.18 (MB), peak = 4141.04 (MB)
#start 23th optimization iteration ...
#   number of violations = 32
#
#    By Layer and Type :
#	          Short   MinStp    Color   CutSpc      Mar      Enc   Others   Totals
#	M1            0        0        0        0        0        5        0        5
#	M2            9        1        2        2        5        6        1       26
#	C1            0        0        0        0        0        0        1        1
#	Totals        9        1        2        2        5       11        2       32
#    number of process antenna violations = 30
#cpu time = 00:00:11, elapsed time = 00:00:12, memory = 3338.85 (MB), peak = 4141.04 (MB)
#start 24th optimization iteration ...
#   number of violations = 28
#
#    By Layer and Type :
#	          Notch    Short    Color   CutSpc      Mar      Enc   Others   Totals
#	M1            0        0        0        0        0        2        0        2
#	M2            2        9        3        2        2        3        3       24
#	C1            0        1        0        0        0        0        0        1
#	C2            0        0        0        0        0        0        0        0
#	C3            0        0        0        0        0        0        1        1
#	Totals        2       10        3        2        2        5        4       28
#    number of process antenna violations = 30
#cpu time = 00:00:13, elapsed time = 00:00:12, memory = 3339.16 (MB), peak = 4141.04 (MB)
#start 25th optimization iteration ...
#   number of violations = 31
#
#    By Layer and Type :
#	          Notch    Short   MinStp    Color      Mar      Enc   Others   Totals
#	M1            0        0        0        0        0        5        0        5
#	M2            1       10        1        2        5        5        1       25
#	C1            0        0        0        0        0        0        1        1
#	Totals        1       10        1        2        5       10        2       31
#    number of process antenna violations = 30
#cpu time = 00:00:05, elapsed time = 00:00:04, memory = 3339.62 (MB), peak = 4141.04 (MB)
#start 26th optimization iteration ...
#   number of violations = 40
#
#    By Layer and Type :
#	         EOLSpc    Notch    Short    Color      Mar      Enc   Others   Totals
#	M1            0        0        0        0        0        7        0        7
#	M2            0        2       10        2        7        8        2       31
#	C1            2        0        0        0        0        0        0        2
#	Totals        2        2       10        2        7       15        2       40
#    number of process antenna violations = 30
#cpu time = 00:00:06, elapsed time = 00:00:06, memory = 3340.17 (MB), peak = 4141.04 (MB)
#start 27th optimization iteration ...
#   number of violations = 32
#
#    By Layer and Type :
#	          Notch    Short   MinStp    Color      Mar   C2MCon      Enc   Totals
#	M1            0        0        0        0        0        2        4        6
#	M2            3        9        3        4        3        0        4       26
#	Totals        3        9        3        4        3        2        8       32
#    number of process antenna violations = 30
#cpu time = 00:00:07, elapsed time = 00:00:07, memory = 3339.15 (MB), peak = 4141.04 (MB)
#start 28th optimization iteration ...
#   number of violations = 29
#
#    By Layer and Type :
#	          Notch    Short    Color   CutSpc      Mar      Enc   Others   Totals
#	M1            0        0        0        0        0        4        0        4
#	M2            1        9        3        1        4        5        2       25
#	Totals        1        9        3        1        4        9        2       29
#    number of process antenna violations = 30
#cpu time = 00:00:11, elapsed time = 00:00:10, memory = 3338.18 (MB), peak = 4141.04 (MB)
#start 29th optimization iteration ...
#   number of violations = 27
#
#    By Layer and Type :
#	          Notch    Short   MinStp    Color      Mar      Enc   Others   Totals
#	M1            0        0        0        0        0        4        0        4
#	M2            1        9        1        2        4        4        2       23
#	Totals        1        9        1        2        4        8        2       27
#    number of process antenna violations = 30
#cpu time = 00:00:07, elapsed time = 00:00:07, memory = 3339.32 (MB), peak = 4141.04 (MB)
#start 30th optimization iteration ...
#   number of violations = 35
#
#    By Layer and Type :
#	          Notch    Short   MinStp    Color      Mar      Enc   Others   Totals
#	M1            0        0        0        0        0        4        2        6
#	M2            3        9        3        5        3        4        2       29
#	Totals        3        9        3        5        3        8        4       35
#    number of process antenna violations = 30
#cpu time = 00:00:12, elapsed time = 00:00:12, memory = 3338.20 (MB), peak = 4141.04 (MB)
#start 31th optimization iteration ...
#   number of violations = 39
#
#    By Layer and Type :
#	         MetSpc   EOLSpc    Short    Color      Mar      Enc   Others   Totals
#	M1            0        0        0        0        0        6        0        6
#	M2            0        0        9        3        6        6        3       27
#	C1            3        3        0        0        0        0        0        6
#	Totals        3        3        9        3        6       12        3       39
#    number of process antenna violations = 30
#cpu time = 00:00:12, elapsed time = 00:00:11, memory = 3338.59 (MB), peak = 4141.04 (MB)
#start 32th optimization iteration ...
#   number of violations = 29
#
#    By Layer and Type :
#	          Notch    Short   MinStp    Color   CShort      Mar      Enc   Totals
#	M1            0        0        0        0        0        0        3        3
#	M2            2        9        2        3        1        3        4       24
#	C1            0        1        0        0        0        1        0        2
#	Totals        2       10        2        3        1        4        7       29
#    number of process antenna violations = 30
#cpu time = 00:00:08, elapsed time = 00:00:07, memory = 3337.97 (MB), peak = 4141.04 (MB)
#start 33th optimization iteration ...
#   number of violations = 29
#
#    By Layer and Type :
#	          Short    Color   CutSpc      Mar   C2MCvx      Enc   Others   Totals
#	M1            0        0        0        0        0        3        0        3
#	M2            9        3        2        3        0        4        4       25
#	C1            0        0        0        0        1        0        0        1
#	Totals        9        3        2        3        1        7        4       29
#    number of process antenna violations = 30
#cpu time = 00:00:10, elapsed time = 00:00:10, memory = 3337.98 (MB), peak = 4141.04 (MB)
#start 34th optimization iteration ...
#   number of violations = 47
#
#    By Layer and Type :
#	          Notch    Short   MinStp    Color   C2MCon      Enc   Others   Totals
#	M1            0        0        0        0        4        5        0        9
#	M2            5        9        5        6        0        5        6       36
#	C1            0        0        0        0        0        0        2        2
#	Totals        5        9        5        6        4       10        8       47
#    number of process antenna violations = 30
#cpu time = 00:00:16, elapsed time = 00:00:16, memory = 3338.18 (MB), peak = 4141.04 (MB)
#start 35th optimization iteration ...
#   number of violations = 29
#
#    By Layer and Type :
#	          Short    Color   CutSpc      Mar   C2MCvx      Enc   Others   Totals
#	M1            0        0        0        0        0        2        0        2
#	M2            9        5        2        2        0        3        5       26
#	C1            0        0        0        0        1        0        0        1
#	Totals        9        5        2        2        1        5        5       29
#    number of process antenna violations = 30
#cpu time = 00:00:14, elapsed time = 00:00:14, memory = 3338.36 (MB), peak = 4141.04 (MB)
#start 36th optimization iteration ...
#   number of violations = 30
#
#    By Layer and Type :
#	          Notch    Short    Color   CutSpc      Mar      Enc   Others   Totals
#	M1            0        0        0        0        0        3        0        3
#	M2            2        9        6        1        3        3        2       26
#	C1            0        0        0        0        0        0        1        1
#	Totals        2        9        6        1        3        6        3       30
#    number of process antenna violations = 30
#cpu time = 00:00:29, elapsed time = 00:00:28, memory = 3339.34 (MB), peak = 4141.04 (MB)
#start 37th optimization iteration ...
#   number of violations = 26
#
#    By Layer and Type :
#	          Notch    Short   MinStp    Color   CutSpc      Mar      Enc   Totals
#	M1            0        0        0        0        0        0        4        4
#	M2            1        9        1        2        1        4        4       22
#	Totals        1        9        1        2        1        4        8       26
#    number of process antenna violations = 30
#cpu time = 00:00:19, elapsed time = 00:00:18, memory = 3338.02 (MB), peak = 4141.04 (MB)
#start 38th optimization iteration ...
#   number of violations = 29
#
#    By Layer and Type :
#	          Notch    Short   MinStp    Color   CutSpc      Mar      Enc   Totals
#	M1            0        0        0        0        0        0        4        4
#	M2            2        9        1        2        2        4        5       25
#	Totals        2        9        1        2        2        4        9       29
#    number of process antenna violations = 30
#cpu time = 00:00:14, elapsed time = 00:00:14, memory = 3339.57 (MB), peak = 4141.04 (MB)
#start 39th optimization iteration ...
#   number of violations = 32
#
#    By Layer and Type :
#	          Notch    Short   MinStp    Color   CutSpc      Mar      Enc   Totals
#	M1            0        0        0        0        0        0        5        5
#	M2            1        9        1        3        2        5        6       27
#	Totals        1        9        1        3        2        5       11       32
#    number of process antenna violations = 30
#cpu time = 00:00:13, elapsed time = 00:00:12, memory = 3337.98 (MB), peak = 4141.04 (MB)
#start 40th optimization iteration ...
#   number of violations = 34
#
#    By Layer and Type :
#	         EOLSpc    Short    Color   CutSpc      Mar      Enc   Others   Totals
#	M1            0        0        0        0        0        5        0        5
#	M2            1        9        2        2        5        5        3       27
#	C1            1        0        0        0        0        0        1        2
#	Totals        2        9        2        2        5       10        4       34
#    number of process antenna violations = 30
#cpu time = 00:00:22, elapsed time = 00:00:22, memory = 3339.04 (MB), peak = 4141.04 (MB)
#start 41th optimization iteration ...
#   number of violations = 43
#
#    By Layer and Type :
#	          Notch    Short   MinStp    Color      Mar      Enc   Others   Totals
#	M1            0        0        0        0        0        5        2        7
#	M2            4        9        3        7        4        7        1       35
#	C1            0        0        0        0        0        0        1        1
#	Totals        4        9        3        7        4       12        4       43
#    number of process antenna violations = 30
#cpu time = 00:00:07, elapsed time = 00:00:07, memory = 3339.12 (MB), peak = 4141.04 (MB)
#start 42th optimization iteration ...
#   number of violations = 45
#
#    By Layer and Type :
#	          Notch    Short   MinStp    Color   C2MCon      Enc   Others   Totals
#	M1            0        0        0        0        4        3        0        7
#	M2            5        9        5        9        0        4        4       36
#	C1            0        0        0        0        0        0        1        1
#	C2            0        1        0        0        0        0        0        1
#	Totals        5       10        5        9        4        7        5       45
#    number of process antenna violations = 30
#cpu time = 00:00:19, elapsed time = 00:00:18, memory = 3338.46 (MB), peak = 4141.04 (MB)
#start 43th optimization iteration ...
#   number of violations = 32
#
#    By Layer and Type :
#	          Notch    Short   MinStp    Color      Mar      Enc   Others   Totals
#	M1            0        0        0        0        0        3        2        5
#	M2            3        9        3        4        2        4        2       27
#	Totals        3        9        3        4        2        7        4       32
#    number of process antenna violations = 30
#cpu time = 00:00:08, elapsed time = 00:00:07, memory = 3338.78 (MB), peak = 4141.04 (MB)
#start 44th optimization iteration ...
#   number of violations = 39
#
#    By Layer and Type :
#	          Notch    Short   MinStp    Color   C2MCon      Enc   Others   Totals
#	M1            0        0        0        0        4        3        0        7
#	M2            5        9        5        6        0        2        2       29
#	C1            0        0        0        0        0        0        2        2
#	C2            0        0        0        0        0        0        1        1
#	Totals        5        9        5        6        4        5        5       39
#    number of process antenna violations = 30
#cpu time = 00:00:13, elapsed time = 00:00:13, memory = 3338.71 (MB), peak = 4141.04 (MB)
#start 45th optimization iteration ...
#   number of violations = 39
#
#    By Layer and Type :
#	          Notch    Short   MinStp    Color      Mar      Enc   Others   Totals
#	M1            0        0        0        0        0        4        2        6
#	M2            4        9        3        4        3        5        5       33
#	Totals        4        9        3        4        3        9        7       39
#    number of process antenna violations = 30
#cpu time = 00:00:11, elapsed time = 00:00:10, memory = 3338.29 (MB), peak = 4141.04 (MB)
#start 46th optimization iteration ...
#   number of violations = 26
#
#    By Layer and Type :
#	          Notch    Short    Color   CutSpc      Mar      Enc   Others   Totals
#	M1            0        0        0        0        0        3        0        3
#	M2            1        9        2        2        3        4        2       23
#	Totals        1        9        2        2        3        7        2       26
#    number of process antenna violations = 30
#cpu time = 00:00:15, elapsed time = 00:00:15, memory = 3338.75 (MB), peak = 4141.04 (MB)
#start 47th optimization iteration ...
#   number of violations = 24
#
#    By Layer and Type :
#	          Notch    Short    Color   CutSpc      Mar      Enc   Others   Totals
#	M1            0        0        0        0        0        2        0        2
#	M2            1        9        4        2        2        2        2       22
#	Totals        1        9        4        2        2        4        2       24
#    number of process antenna violations = 30
#cpu time = 00:00:10, elapsed time = 00:00:10, memory = 3338.37 (MB), peak = 4141.04 (MB)
#start 48th optimization iteration ...
#   number of violations = 33
#
#    By Layer and Type :
#	          Short   MinStp    Color      Mar   C2MCon      Enc   Others   Totals
#	M1            0        0        0        0        2        3        0        5
#	M2            9        3        4        2        0        3        4       25
#	C1            0        0        0        1        0        0        2        3
#	Totals        9        3        4        3        2        6        6       33
#    number of process antenna violations = 30
#cpu time = 00:00:14, elapsed time = 00:00:13, memory = 3339.26 (MB), peak = 4141.04 (MB)
#start 49th optimization iteration ...
#   number of violations = 40
#
#    By Layer and Type :
#	          Notch    Short   MinStp    Color   C2MCon      Enc   Others   Totals
#	M1            0        0        0        0        4        4        0        8
#	M2            5        9        5        6        0        4        3       32
#	Totals        5        9        5        6        4        8        3       40
#    number of process antenna violations = 30
#cpu time = 00:00:07, elapsed time = 00:00:07, memory = 3338.68 (MB), peak = 4141.04 (MB)
#start 50th optimization iteration ...
#   number of violations = 30
#
#    By Layer and Type :
#	         EOLSpc    Notch    Short   MinStp    Color      Enc   Others   Totals
#	M1            0        0        0        0        0        3        2        5
#	M2            0        2        9        3        4        2        3       23
#	C1            2        0        0        0        0        0        0        2
#	Totals        2        2        9        3        4        5        5       30
#    number of process antenna violations = 30
#cpu time = 00:00:12, elapsed time = 00:00:12, memory = 3338.73 (MB), peak = 4141.04 (MB)
#start 51th optimization iteration ...
#   number of violations = 36
#
#    By Layer and Type :
#	          Notch    Short   MinStp    Color      Mar      Enc   Others   Totals
#	M1            0        0        0        0        0        3        2        5
#	M2            5        9        4        6        2        4        0       30
#	C1            0        0        0        0        0        0        1        1
#	Totals        5        9        4        6        2        7        3       36
#    number of process antenna violations = 30
#cpu time = 00:00:07, elapsed time = 00:00:06, memory = 3339.62 (MB), peak = 4141.04 (MB)
#start 52th optimization iteration ...
#   number of violations = 36
#
#    By Layer and Type :
#	          Notch    Short   MinStp    Color      Mar      Enc   Others   Totals
#	M1            0        0        0        0        0        3        2        5
#	M2            3        9        3        6        2        5        3       31
#	Totals        3        9        3        6        2        8        5       36
#    number of process antenna violations = 30
#cpu time = 00:00:12, elapsed time = 00:00:11, memory = 3339.77 (MB), peak = 4141.04 (MB)
#start 53th optimization iteration ...
#   number of violations = 32
#
#    By Layer and Type :
#	          Notch    Short   MinStp    Color      Mar      Enc   Others   Totals
#	M1            0        0        0        0        0        2        2        4
#	M2            2        9        3        5        1        3        3       26
#	C1            0        1        0        0        1        0        0        2
#	Totals        2       10        3        5        2        5        5       32
#    number of process antenna violations = 30
#cpu time = 00:00:15, elapsed time = 00:00:14, memory = 3339.11 (MB), peak = 4141.04 (MB)
#start 54th optimization iteration ...
#   number of violations = 36
#
#    By Layer and Type :
#	          Notch    Short   MinStp    Color   C2MCon      Enc   Others   Totals
#	M1            0        0        0        0        2        2        0        4
#	M2            4        9        3        4        0        5        5       30
#	C1            0        0        0        0        0        0        2        2
#	Totals        4        9        3        4        2        7        7       36
#    number of process antenna violations = 30
#cpu time = 00:00:17, elapsed time = 00:00:16, memory = 3338.53 (MB), peak = 4141.04 (MB)
#start 55th optimization iteration ...
#   number of violations = 39
#
#    By Layer and Type :
#	          Notch    Short   MinStp    Color      Mar      Enc   Others   Totals
#	M1            0        0        0        0        0        5        2        7
#	M2            2        9        3        4        4        6        3       31
#	C1            0        0        0        0        0        0        1        1
#	Totals        2        9        3        4        4       11        6       39
#    number of process antenna violations = 30
#cpu time = 00:00:10, elapsed time = 00:00:09, memory = 3338.36 (MB), peak = 4141.04 (MB)
#start 56th optimization iteration ...
#   number of violations = 40
#
#    By Layer and Type :
#	          Notch    Short    Color EOLColor      Mar      Enc   Others   Totals
#	M1            0        0        0        0        0        5        0        5
#	M2            3        9        8        2        5        6        2       35
#	Totals        3        9        8        2        5       11        2       40
#    number of process antenna violations = 30
#cpu time = 00:00:09, elapsed time = 00:00:09, memory = 3337.99 (MB), peak = 4141.04 (MB)
#start 57th optimization iteration ...
#   number of violations = 37
#
#    By Layer and Type :
#	          Notch    Short   MinStp    Color      Mar      Enc   Others   Totals
#	M1            0        0        0        0        0        5        2        7
#	M2            3        9        3        4        4        6        1       30
#	Totals        3        9        3        4        4       11        3       37
#    number of process antenna violations = 30
#cpu time = 00:00:06, elapsed time = 00:00:05, memory = 3338.38 (MB), peak = 4141.04 (MB)
#start 58th optimization iteration ...
#   number of violations = 29
#
#    By Layer and Type :
#	          Notch    Short   MinStp    Color      Mar      Enc   Others   Totals
#	M1            0        0        0        0        0        3        0        3
#	M2            2       10        1        5        3        3        1       25
#	C1            0        0        0        0        0        0        1        1
#	Totals        2       10        1        5        3        6        2       29
#    number of process antenna violations = 30
#cpu time = 00:00:13, elapsed time = 00:00:13, memory = 3338.23 (MB), peak = 4141.04 (MB)
#start 59th optimization iteration ...
#   number of violations = 38
#
#    By Layer and Type :
#	          Notch    Short   MinStp    Color      Mar      Enc   Others   Totals
#	M1            0        0        0        0        0        5        2        7
#	M2            3        9        3        5        4        6        1       31
#	Totals        3        9        3        5        4       11        3       38
#    number of process antenna violations = 30
#cpu time = 00:00:07, elapsed time = 00:00:07, memory = 3338.72 (MB), peak = 4141.04 (MB)
#start 60th optimization iteration ...
#   number of violations = 30
#
#    By Layer and Type :
#	         EOLSpc    Notch    Short    Color      Mar      Enc   Others   Totals
#	M1            0        0        0        0        0        2        0        2
#	M2            0        2        9        5        2        3        4       25
#	C1            2        0        0        0        0        0        1        3
#	Totals        2        2        9        5        2        5        5       30
#    number of process antenna violations = 30
#cpu time = 00:00:15, elapsed time = 00:00:15, memory = 3339.26 (MB), peak = 4141.04 (MB)
#start 61th optimization iteration ...
#   number of violations = 35
#
#    By Layer and Type :
#	          Notch    Short   MinStp    Color      Mar   C2MCon      Enc   Totals
#	M1            0        0        0        0        0        2        4        6
#	M2            4        9        4        4        3        0        5       29
#	Totals        4        9        4        4        3        2        9       35
#    number of process antenna violations = 30
#cpu time = 00:00:07, elapsed time = 00:00:06, memory = 3338.83 (MB), peak = 4141.04 (MB)
#start 62th optimization iteration ...
#   number of violations = 35
#
#    By Layer and Type :
#	         EOLSpc    Short   MinStp    Color      Mar      Enc   Others   Totals
#	M1            0        0        0        0        0        4        2        6
#	M2            0       10        3        4        3        4        1       25
#	C1            3        0        0        0        0        0        1        4
#	Totals        3       10        3        4        3        8        4       35
#    number of process antenna violations = 30
#cpu time = 00:00:09, elapsed time = 00:00:09, memory = 3338.68 (MB), peak = 4141.04 (MB)
#start 63th optimization iteration ...
#   number of violations = 31
#
#    By Layer and Type :
#	         EOLSpc    Notch    Short   MinStp    Color      Mar      Enc   Totals
#	M1            0        0        0        0        0        0        4        4
#	M2            0        2        9        1        6        4        4       26
#	C1            1        0        0        0        0        0        0        1
#	Totals        1        2        9        1        6        4        8       31
#    number of process antenna violations = 30
#cpu time = 00:00:06, elapsed time = 00:00:06, memory = 3338.93 (MB), peak = 4141.04 (MB)
#start 64th optimization iteration ...
#   number of violations = 41
#
#    By Layer and Type :
#	         EOLSpc    Notch    Short   MinStp    Color      Enc   Others   Totals
#	M1            0        0        0        0        0        4        2        6
#	M2            1        3        9        3        6        5        5       32
#	C1            2        0        0        0        0        0        1        3
#	Totals        3        3        9        3        6        9        8       41
#    number of process antenna violations = 30
#cpu time = 00:00:11, elapsed time = 00:00:11, memory = 3338.11 (MB), peak = 4141.04 (MB)
#start 65th optimization iteration ...
#   number of violations = 42
#
#    By Layer and Type :
#	          Notch    Short   MinStp    Color      Mar   C2MCon      Enc   Totals
#	M1            0        0        0        0        0        2        7        9
#	M2            3        9        3        5        6        0        7       33
#	Totals        3        9        3        5        6        2       14       42
#    number of process antenna violations = 30
#cpu time = 00:00:10, elapsed time = 00:00:10, memory = 3339.06 (MB), peak = 4141.04 (MB)
#start 66th optimization iteration ...
#   number of violations = 29
#
#    By Layer and Type :
#	          Short    Color     Loop   CutSpc      Mar      Enc   Others   Totals
#	M1            0        0        0        0        0        3        0        3
#	M2            9        2        0        1        3        4        3       22
#	C1            0        0        0        0        0        0        1        1
#	C2            0        0        0        0        0        0        0        0
#	C3            1        0        2        0        0        0        0        3
#	Totals       10        2        2        1        3        7        4       29
#    number of process antenna violations = 30
#cpu time = 00:00:18, elapsed time = 00:00:17, memory = 3337.85 (MB), peak = 4141.04 (MB)
#start 67th optimization iteration ...
#   number of violations = 41
#
#    By Layer and Type :
#	          Notch    Short   MinStp    Color      Mar      Enc   Others   Totals
#	M1            0        0        0        0        0        6        2        8
#	M2            3        9        3        5        5        7        1       33
#	Totals        3        9        3        5        5       13        3       41
#    number of process antenna violations = 30
#cpu time = 00:00:07, elapsed time = 00:00:06, memory = 3338.47 (MB), peak = 4141.04 (MB)
#start 68th optimization iteration ...
#   number of violations = 32
#
#    By Layer and Type :
#	          Notch    Short    Color   CutSpc      Mar      Enc   Others   Totals
#	M1            0        0        0        0        0        4        0        4
#	M2            2        9        5        1        4        5        1       27
#	C1            0        0        0        0        0        0        0        0
#	C2            0        0        0        0        0        0        0        0
#	C3            0        0        0        0        0        0        0        0
#	C4            0        0        0        0        0        0        1        1
#	Totals        2        9        5        1        4        9        2       32
#    number of process antenna violations = 30
#cpu time = 00:00:07, elapsed time = 00:00:07, memory = 3338.31 (MB), peak = 4141.04 (MB)
#start 69th optimization iteration ...
#   number of violations = 42
#
#    By Layer and Type :
#	          Notch    Short   MinStp    Color      Mar      Enc   Others   Totals
#	M1            0        0        0        0        0        5        2        7
#	M2            4        9        3        6        4        6        0       32
#	C1            0        0        0        0        0        0        2        2
#	C2            0        1        0        0        0        0        0        1
#	Totals        4       10        3        6        4       11        4       42
#    number of process antenna violations = 30
#cpu time = 00:00:04, elapsed time = 00:00:04, memory = 3337.98 (MB), peak = 4141.04 (MB)
#start 70th optimization iteration ...
#   number of violations = 32
#
#    By Layer and Type :
#	          Notch    Short   MinStp    Color   CutSpc      Mar      Enc   Totals
#	M1            0        0        0        0        0        0        4        4
#	M2            2        9        1        5        1        4        5       27
#	C1            0        0        0        0        0        0        0        0
#	C2            0        1        0        0        0        0        0        1
#	Totals        2       10        1        5        1        4        9       32
#    number of process antenna violations = 30
#cpu time = 00:00:11, elapsed time = 00:00:10, memory = 3338.70 (MB), peak = 4141.04 (MB)
#start 71th optimization iteration ...
#   number of violations = 34
#
#    By Layer and Type :
#	          Short    Color EOLColor   CutSpc      Mar      Enc   Others   Totals
#	M1            0        0        0        0        0        2        0        2
#	M2            9        7        3        2        2        3        4       30
#	C1            0        0        0        0        0        0        1        1
#	C2            0        0        0        0        0        0        0        0
#	C3            0        0        0        0        0        0        1        1
#	Totals        9        7        3        2        2        5        6       34
#    number of process antenna violations = 30
#cpu time = 00:00:09, elapsed time = 00:00:09, memory = 3338.12 (MB), peak = 4141.04 (MB)
#start 72th optimization iteration ...
#   number of violations = 44
#
#    By Layer and Type :
#	         EOLSpc    Notch    Short   MinStp    Color      Enc   Others   Totals
#	M1            0        0        0        0        0        3        2        5
#	M2            0        3        9        4        8        3        7       34
#	C1            3        0        0        0        0        0        2        5
#	Totals        3        3        9        4        8        6       11       44
#    number of process antenna violations = 30
#cpu time = 00:00:13, elapsed time = 00:00:13, memory = 3338.84 (MB), peak = 4141.04 (MB)
#start 73th optimization iteration ...
#   number of violations = 41
#
#    By Layer and Type :
#	          Notch    Short   MinStp    Color      Mar      Enc   Others   Totals
#	M1            0        0        0        0        0        4        2        6
#	M2            4       10        3        4        3        6        3       33
#	C1            0        0        0        0        0        0        2        2
#	Totals        4       10        3        4        3       10        7       41
#    number of process antenna violations = 30
#cpu time = 00:00:07, elapsed time = 00:00:07, memory = 3338.31 (MB), peak = 4141.04 (MB)
#start 74th optimization iteration ...
#   number of violations = 49
#
#    By Layer and Type :
#	          Notch    Short   MinStp    Color   C2MCon      Enc   Others   Totals
#	M1            0        0        0        0        4        4        0        8
#	M2            5        9        5       10        0        4        6       39
#	C1            0        0        0        0        0        0        2        2
#	Totals        5        9        5       10        4        8        8       49
#    number of process antenna violations = 30
#cpu time = 00:00:15, elapsed time = 00:00:15, memory = 3338.52 (MB), peak = 4141.04 (MB)
#start 75th optimization iteration ...
#   number of violations = 48
#
#    By Layer and Type :
#	          Notch    Short   MinStp    Color      Mar      Enc   Others   Totals
#	M1            0        0        0        0        0        6        2        8
#	M2            4        9        3        7        5        8        2       38
#	C1            0        0        0        0        0        0        2        2
#	Totals        4        9        3        7        5       14        6       48
#    number of process antenna violations = 30
#cpu time = 00:00:06, elapsed time = 00:00:05, memory = 3337.99 (MB), peak = 4141.04 (MB)
#start 76th optimization iteration ...
#   number of violations = 41
#
#    By Layer and Type :
#	          Notch    Short   MinStp    Color      Mar      Enc   Others   Totals
#	M1            0        0        0        0        0        5        2        7
#	M2            3        9        3        6        4        5        3       33
#	C1            0        0        0        0        0        0        1        1
#	Totals        3        9        3        6        4       10        6       41
#    number of process antenna violations = 30
#cpu time = 00:00:16, elapsed time = 00:00:15, memory = 3338.73 (MB), peak = 4141.04 (MB)
#start 77th optimization iteration ...
#   number of violations = 41
#
#    By Layer and Type :
#	          Notch    Short   MinStp    Color      Mar      Enc   Others   Totals
#	M1            0        0        0        0        0        4        2        6
#	M2            4        9        3        6        3        5        3       33
#	C1            0        1        0        0        0        0        1        2
#	Totals        4       10        3        6        3        9        6       41
#    number of process antenna violations = 30
#cpu time = 00:00:12, elapsed time = 00:00:11, memory = 3338.62 (MB), peak = 4141.04 (MB)
#start 78th optimization iteration ...
#   number of violations = 32
#
#    By Layer and Type :
#	          Notch    Short   MinStp    Color      Mar      Enc   Others   Totals
#	M1            0        0        0        0        0        3        2        5
#	M2            2        9        3        6        2        2        3       27
#	Totals        2        9        3        6        2        5        5       32
#    number of process antenna violations = 30
#cpu time = 00:00:24, elapsed time = 00:00:24, memory = 3338.15 (MB), peak = 4141.04 (MB)
#start 79th optimization iteration ...
#   number of violations = 40
#
#    By Layer and Type :
#	          Notch    Short   MinStp    Color      Mar      Enc   Others   Totals
#	M1            0        0        0        0        0        4        2        6
#	M2            3        9        3        7        3        5        3       33
#	C1            0        1        0        0        0        0        0        1
#	Totals        3       10        3        7        3        9        5       40
#    number of process antenna violations = 30
#cpu time = 00:00:13, elapsed time = 00:00:13, memory = 3338.64 (MB), peak = 4141.04 (MB)
#start 80th optimization iteration ...
#   number of violations = 40
#
#    By Layer and Type :
#	          Notch    Short   MinStp    Color      Mar      Enc   Others   Totals
#	M1            0        0        0        0        0        4        2        6
#	M2            3        9        3        5        3        4        3       30
#	C1            0        2        0        0        0        0        1        3
#	C2            0        0        0        0        0        0        0        0
#	C3            0        0        0        0        0        0        1        1
#	Totals        3       11        3        5        3        8        7       40
#    number of process antenna violations = 30
#cpu time = 00:00:20, elapsed time = 00:00:20, memory = 3338.68 (MB), peak = 4141.04 (MB)
#Complete Detail Routing.
#Total number of nets with non-default rule or having extra spacing = 55
#Total wire length = 467349 um.
#Total half perimeter of net bounding box = 392994 um.
#Total wire length on LAYER M1 = 2092 um.
#Total wire length on LAYER M2 = 82908 um.
#Total wire length on LAYER C1 = 118691 um.
#Total wire length on LAYER C2 = 114311 um.
#Total wire length on LAYER C3 = 94912 um.
#Total wire length on LAYER C4 = 39835 um.
#Total wire length on LAYER BA = 11461 um.
#Total wire length on LAYER BB = 2901 um.
#Total wire length on LAYER JA = 240 um.
#Total wire length on LAYER JB = 0 um.
#Total wire length on LAYER LB = 0 um.
#Total number of vias = 333874
#Total number of multi-cut vias = 23 (  0.0%)
#Total number of single cut vias = 333851 (100.0%)
#Up-Via Summary (total 333874):
#                   single-cut          multi-cut      Total
#-----------------------------------------------------------
# M1            109052 (100.0%)         0 (  0.0%)     109052
# M2            144984 (100.0%)         0 (  0.0%)     144984
# C1             53960 (100.0%)         0 (  0.0%)      53960
# C2             19689 (100.0%)         0 (  0.0%)      19689
# C3              4818 (100.0%)         0 (  0.0%)       4818
# C4               988 (100.0%)         0 (  0.0%)        988
# BA               318 ( 93.3%)        23 (  6.7%)        341
# BB                42 (100.0%)         0 (  0.0%)         42
#-----------------------------------------------------------
#               333851 (100.0%)        23 (  0.0%)     333874 
#
#Total number of DRC violations = 40
#Total number of violations on LAYER M1 = 6
#Total number of violations on LAYER M2 = 30
#Total number of violations on LAYER C1 = 3
#Total number of violations on LAYER C2 = 0
#Total number of violations on LAYER C3 = 1
#Total number of violations on LAYER C4 = 0
#Total number of violations on LAYER BA = 0
#Total number of violations on LAYER BB = 0
#Total number of violations on LAYER JA = 0
#Total number of violations on LAYER JB = 0
#Total number of violations on LAYER LB = 0
#Cpu time = 00:28:46
#Elapsed time = 00:15:35
#Increased memory = 151.70 (MB)
#Total memory = 3338.45 (MB)
#Peak memory = 4141.04 (MB)
#
#start routing for process antenna violation fix ...
#Minimum voltage of a net in the design = 0.000.
#Maximum voltage of a net in the design = 0.800.
#Voltage range [0.000 - 0.800] has 40441 nets.
#Voltage range [0.000 - 0.000] has 32 nets.
#Voltage range [0.720 - 0.800] has 1 net.
#Minimum voltage of a net in the design = 0.000.
#Maximum voltage of a net in the design = 0.800.
#Voltage range [0.000 - 0.800] has 40441 nets.
#Voltage range [0.000 - 0.000] has 32 nets.
#Voltage range [0.720 - 0.800] has 1 net.
#
#    By Layer and Type :
#	          Notch    Short   MinStp    Color      Mar      Enc   Others   Totals
#	M1            0        0        0        0        0        4        2        6
#	M2            3        9        3        5        3        4        3       30
#	C1            0        2        0        0        0        0        1        3
#	C2            0        0        0        0        0        0        0        0
#	C3            0        0        0        0        0        0        1        1
#	Totals        3       11        3        5        3        8        7       40
#cpu time = 00:00:07, elapsed time = 00:00:01, memory = 3337.79 (MB), peak = 4141.04 (MB)
#
#Total number of nets with non-default rule or having extra spacing = 55
#Total wire length = 467349 um.
#Total half perimeter of net bounding box = 392994 um.
#Total wire length on LAYER M1 = 2092 um.
#Total wire length on LAYER M2 = 82908 um.
#Total wire length on LAYER C1 = 118691 um.
#Total wire length on LAYER C2 = 114311 um.
#Total wire length on LAYER C3 = 94912 um.
#Total wire length on LAYER C4 = 39835 um.
#Total wire length on LAYER BA = 11461 um.
#Total wire length on LAYER BB = 2901 um.
#Total wire length on LAYER JA = 240 um.
#Total wire length on LAYER JB = 0 um.
#Total wire length on LAYER LB = 0 um.
#Total number of vias = 333874
#Total number of multi-cut vias = 23 (  0.0%)
#Total number of single cut vias = 333851 (100.0%)
#Up-Via Summary (total 333874):
#                   single-cut          multi-cut      Total
#-----------------------------------------------------------
# M1            109052 (100.0%)         0 (  0.0%)     109052
# M2            144984 (100.0%)         0 (  0.0%)     144984
# C1             53960 (100.0%)         0 (  0.0%)      53960
# C2             19689 (100.0%)         0 (  0.0%)      19689
# C3              4818 (100.0%)         0 (  0.0%)       4818
# C4               988 (100.0%)         0 (  0.0%)        988
# BA               318 ( 93.3%)        23 (  6.7%)        341
# BB                42 (100.0%)         0 (  0.0%)         42
#-----------------------------------------------------------
#               333851 (100.0%)        23 (  0.0%)     333874 
#
#Total number of DRC violations = 40
#Total number of process antenna violations = 15
#Total number of net violated process antenna rule = 15
#Total number of violations on LAYER M1 = 6
#Total number of violations on LAYER M2 = 30
#Total number of violations on LAYER C1 = 3
#Total number of violations on LAYER C2 = 0
#Total number of violations on LAYER C3 = 1
#Total number of violations on LAYER C4 = 0
#Total number of violations on LAYER BA = 0
#Total number of violations on LAYER BB = 0
#Total number of violations on LAYER JA = 0
#Total number of violations on LAYER JB = 0
#Total number of violations on LAYER LB = 0
#
#
#start delete and reroute for process antenna violation fix ...
#cpu time = 00:00:31, elapsed time = 00:00:11, memory = 3339.47 (MB), peak = 4141.04 (MB)
#Total number of nets with non-default rule or having extra spacing = 55
#Total wire length = 467375 um.
#Total half perimeter of net bounding box = 392994 um.
#Total wire length on LAYER M1 = 2092 um.
#Total wire length on LAYER M2 = 82910 um.
#Total wire length on LAYER C1 = 118697 um.
#Total wire length on LAYER C2 = 114303 um.
#Total wire length on LAYER C3 = 94956 um.
#Total wire length on LAYER C4 = 39881 um.
#Total wire length on LAYER BA = 11485 um.
#Total wire length on LAYER BB = 2867 um.
#Total wire length on LAYER JA = 185 um.
#Total wire length on LAYER JB = 0 um.
#Total wire length on LAYER LB = 0 um.
#Total number of vias = 333900
#Total number of multi-cut vias = 22 (  0.0%)
#Total number of single cut vias = 333878 (100.0%)
#Up-Via Summary (total 333900):
#                   single-cut          multi-cut      Total
#-----------------------------------------------------------
# M1            109052 (100.0%)         0 (  0.0%)     109052
# M2            144988 (100.0%)         0 (  0.0%)     144988
# C1             53962 (100.0%)         0 (  0.0%)      53962
# C2             19698 (100.0%)         0 (  0.0%)      19698
# C3              4826 (100.0%)         0 (  0.0%)       4826
# C4              1001 (100.0%)         0 (  0.0%)       1001
# BA               315 ( 93.5%)        22 (  6.5%)        337
# BB                36 (100.0%)         0 (  0.0%)         36
#-----------------------------------------------------------
#               333878 (100.0%)        22 (  0.0%)     333900 
#
#Total number of DRC violations = 40
#Total number of process antenna violations = 12
#Total number of net violated process antenna rule = 12
#Total number of violations on LAYER M1 = 6
#Total number of violations on LAYER M2 = 30
#Total number of violations on LAYER C1 = 3
#Total number of violations on LAYER C2 = 0
#Total number of violations on LAYER C3 = 1
#Total number of violations on LAYER C4 = 0
#Total number of violations on LAYER BA = 0
#Total number of violations on LAYER BB = 0
#Total number of violations on LAYER JA = 0
#Total number of violations on LAYER JB = 0
#Total number of violations on LAYER LB = 0
#
#
#Total number of nets with non-default rule or having extra spacing = 55
#Total wire length = 467375 um.
#Total half perimeter of net bounding box = 392994 um.
#Total wire length on LAYER M1 = 2092 um.
#Total wire length on LAYER M2 = 82910 um.
#Total wire length on LAYER C1 = 118697 um.
#Total wire length on LAYER C2 = 114303 um.
#Total wire length on LAYER C3 = 94956 um.
#Total wire length on LAYER C4 = 39881 um.
#Total wire length on LAYER BA = 11485 um.
#Total wire length on LAYER BB = 2867 um.
#Total wire length on LAYER JA = 185 um.
#Total wire length on LAYER JB = 0 um.
#Total wire length on LAYER LB = 0 um.
#Total number of vias = 333900
#Total number of multi-cut vias = 22 (  0.0%)
#Total number of single cut vias = 333878 (100.0%)
#Up-Via Summary (total 333900):
#                   single-cut          multi-cut      Total
#-----------------------------------------------------------
# M1            109052 (100.0%)         0 (  0.0%)     109052
# M2            144988 (100.0%)         0 (  0.0%)     144988
# C1             53962 (100.0%)         0 (  0.0%)      53962
# C2             19698 (100.0%)         0 (  0.0%)      19698
# C3              4826 (100.0%)         0 (  0.0%)       4826
# C4              1001 (100.0%)         0 (  0.0%)       1001
# BA               315 ( 93.5%)        22 (  6.5%)        337
# BB                36 (100.0%)         0 (  0.0%)         36
#-----------------------------------------------------------
#               333878 (100.0%)        22 (  0.0%)     333900 
#
#Total number of DRC violations = 40
#Total number of process antenna violations = 12
#Total number of net violated process antenna rule = 12
#Total number of violations on LAYER M1 = 6
#Total number of violations on LAYER M2 = 30
#Total number of violations on LAYER C1 = 3
#Total number of violations on LAYER C2 = 0
#Total number of violations on LAYER C3 = 1
#Total number of violations on LAYER C4 = 0
#Total number of violations on LAYER BA = 0
#Total number of violations on LAYER BB = 0
#Total number of violations on LAYER JA = 0
#Total number of violations on LAYER JB = 0
#Total number of violations on LAYER LB = 0
#
#Minimum voltage of a net in the design = 0.000.
#Maximum voltage of a net in the design = 0.800.
#Voltage range [0.000 - 0.800] has 40441 nets.
#Voltage range [0.000 - 0.000] has 32 nets.
#Voltage range [0.720 - 0.800] has 1 net.
#Minimum voltage of a net in the design = 0.000.
#Maximum voltage of a net in the design = 0.800.
#Voltage range [0.000 - 0.800] has 40441 nets.
#Voltage range [0.000 - 0.000] has 32 nets.
#Voltage range [0.720 - 0.800] has 1 net.
#
#Start Post Route via swapping...
#99.72% of area are rerouted by ECO routing.
#   number of violations = 40
#
#    By Layer and Type :
#	          Notch    Short   MinStp    Color      Mar      Enc   Others   Totals
#	M1            0        0        0        0        0        4        2        6
#	M2            3        9        3        5        3        4        3       30
#	C1            0        2        0        0        0        0        1        3
#	C2            0        0        0        0        0        0        0        0
#	C3            0        0        0        0        0        0        1        1
#	Totals        3       11        3        5        3        8        7       40
#cpu time = 00:03:02, elapsed time = 00:00:24, memory = 3373.10 (MB), peak = 4141.04 (MB)
#CELL_VIEW Silago_bot_right_corner,init has 40 DRC violations
#Total number of DRC violations = 40
#Total number of process antenna violations = 12
#Total number of net violated process antenna rule = 12
#Total number of violations on LAYER M1 = 6
#Total number of violations on LAYER M2 = 30
#Total number of violations on LAYER C1 = 3
#Total number of violations on LAYER C2 = 0
#Total number of violations on LAYER C3 = 1
#Total number of violations on LAYER C4 = 0
#Total number of violations on LAYER BA = 0
#Total number of violations on LAYER BB = 0
#Total number of violations on LAYER JA = 0
#Total number of violations on LAYER JB = 0
#Total number of violations on LAYER LB = 0
#Post Route via swapping is done.
#Total number of nets with non-default rule or having extra spacing = 55
#Total wire length = 467375 um.
#Total half perimeter of net bounding box = 392994 um.
#Total wire length on LAYER M1 = 2092 um.
#Total wire length on LAYER M2 = 82910 um.
#Total wire length on LAYER C1 = 118697 um.
#Total wire length on LAYER C2 = 114303 um.
#Total wire length on LAYER C3 = 94956 um.
#Total wire length on LAYER C4 = 39881 um.
#Total wire length on LAYER BA = 11485 um.
#Total wire length on LAYER BB = 2867 um.
#Total wire length on LAYER JA = 185 um.
#Total wire length on LAYER JB = 0 um.
#Total wire length on LAYER LB = 0 um.
#Total number of vias = 333900
#Total number of multi-cut vias = 227034 ( 68.0%)
#Total number of single cut vias = 106866 ( 32.0%)
#Up-Via Summary (total 333900):
#                   single-cut          multi-cut      Total
#-----------------------------------------------------------
# M1             57241 ( 52.5%)     51811 ( 47.5%)     109052
# M2             35829 ( 24.7%)    109159 ( 75.3%)     144988
# C1             10185 ( 18.9%)     43777 ( 81.1%)      53962
# C2              2872 ( 14.6%)     16826 ( 85.4%)      19698
# C3               415 (  8.6%)      4411 ( 91.4%)       4826
# C4               266 ( 26.6%)       735 ( 73.4%)       1001
# BA                36 ( 10.7%)       301 ( 89.3%)        337
# BB                22 ( 61.1%)        14 ( 38.9%)         36
#-----------------------------------------------------------
#               106866 ( 32.0%)    227034 ( 68.0%)     333900 
#
#Minimum voltage of a net in the design = 0.000.
#Maximum voltage of a net in the design = 0.800.
#Voltage range [0.000 - 0.800] has 40441 nets.
#Voltage range [0.000 - 0.000] has 32 nets.
#Voltage range [0.720 - 0.800] has 1 net.
#Minimum voltage of a net in the design = 0.000.
#Maximum voltage of a net in the design = 0.800.
#Voltage range [0.000 - 0.800] has 40441 nets.
#Voltage range [0.000 - 0.000] has 32 nets.
#Voltage range [0.720 - 0.800] has 1 net.
#
#Start Post Route wire spreading..
#Minimum voltage of a net in the design = 0.000.
#Maximum voltage of a net in the design = 0.800.
#Voltage range [0.000 - 0.800] has 40441 nets.
#Voltage range [0.000 - 0.000] has 32 nets.
#Voltage range [0.720 - 0.800] has 1 net.
#Minimum voltage of a net in the design = 0.000.
#Maximum voltage of a net in the design = 0.800.
#Voltage range [0.000 - 0.800] has 40441 nets.
#Voltage range [0.000 - 0.000] has 32 nets.
#Voltage range [0.720 - 0.800] has 1 net.
#
#Start DRC checking..
#   number of violations = 40
#
#    By Layer and Type :
#	          Notch    Short   MinStp    Color      Mar      Enc   Others   Totals
#	M1            0        0        0        0        0        4        2        6
#	M2            3        9        3        5        3        4        3       30
#	C1            0        2        0        0        0        0        1        3
#	C2            0        0        0        0        0        0        0        0
#	C3            0        0        0        0        0        0        1        1
#	Totals        3       11        3        5        3        8        7       40
#cpu time = 00:01:38, elapsed time = 00:00:12, memory = 3371.32 (MB), peak = 4141.04 (MB)
#CELL_VIEW Silago_bot_right_corner,init has 40 DRC violations
#Total number of DRC violations = 40
#Total number of process antenna violations = 12
#Total number of net violated process antenna rule = 12
#Total number of violations on LAYER M1 = 6
#Total number of violations on LAYER M2 = 30
#Total number of violations on LAYER C1 = 3
#Total number of violations on LAYER C2 = 0
#Total number of violations on LAYER C3 = 1
#Total number of violations on LAYER C4 = 0
#Total number of violations on LAYER BA = 0
#Total number of violations on LAYER BB = 0
#Total number of violations on LAYER JA = 0
#Total number of violations on LAYER JB = 0
#Total number of violations on LAYER LB = 0
#Minimum voltage of a net in the design = 0.000.
#Maximum voltage of a net in the design = 0.800.
#Voltage range [0.000 - 0.800] has 40441 nets.
#Voltage range [0.000 - 0.000] has 32 nets.
#Voltage range [0.720 - 0.800] has 1 net.
#Minimum voltage of a net in the design = 0.000.
#Maximum voltage of a net in the design = 0.800.
#Voltage range [0.000 - 0.800] has 40441 nets.
#Voltage range [0.000 - 0.000] has 32 nets.
#Voltage range [0.720 - 0.800] has 1 net.
#
#Start data preparation for wire spreading...
#
#Data preparation is done on Sat Jan  3 09:52:00 2026
#
#Minimum voltage of a net in the design = 0.000.
#Maximum voltage of a net in the design = 0.800.
#Voltage range [0.000 - 0.800] has 40441 nets.
#Voltage range [0.000 - 0.000] has 32 nets.
#Voltage range [0.720 - 0.800] has 1 net.
#
#Start Post Route Wire Spread.
#Done with 12777 horizontal wires in 9 hboxes and 10997 vertical wires in 9 hboxes.
#Complete Post Route Wire Spread.
#
#Total number of nets with non-default rule or having extra spacing = 55
#Total wire length = 471663 um.
#Total half perimeter of net bounding box = 392994 um.
#Total wire length on LAYER M1 = 2092 um.
#Total wire length on LAYER M2 = 83206 um.
#Total wire length on LAYER C1 = 119571 um.
#Total wire length on LAYER C2 = 115942 um.
#Total wire length on LAYER C3 = 96034 um.
#Total wire length on LAYER C4 = 40166 um.
#Total wire length on LAYER BA = 11570 um.
#Total wire length on LAYER BB = 2893 um.
#Total wire length on LAYER JA = 189 um.
#Total wire length on LAYER JB = 0 um.
#Total wire length on LAYER LB = 0 um.
#Total number of vias = 333900
#Total number of multi-cut vias = 227034 ( 68.0%)
#Total number of single cut vias = 106866 ( 32.0%)
#Up-Via Summary (total 333900):
#                   single-cut          multi-cut      Total
#-----------------------------------------------------------
# M1             57241 ( 52.5%)     51811 ( 47.5%)     109052
# M2             35829 ( 24.7%)    109159 ( 75.3%)     144988
# C1             10185 ( 18.9%)     43777 ( 81.1%)      53962
# C2              2872 ( 14.6%)     16826 ( 85.4%)      19698
# C3               415 (  8.6%)      4411 ( 91.4%)       4826
# C4               266 ( 26.6%)       735 ( 73.4%)       1001
# BA                36 ( 10.7%)       301 ( 89.3%)        337
# BB                22 ( 61.1%)        14 ( 38.9%)         36
#-----------------------------------------------------------
#               106866 ( 32.0%)    227034 ( 68.0%)     333900 
#
#Minimum voltage of a net in the design = 0.000.
#Maximum voltage of a net in the design = 0.800.
#Voltage range [0.000 - 0.800] has 40441 nets.
#Voltage range [0.000 - 0.000] has 32 nets.
#Voltage range [0.720 - 0.800] has 1 net.
#Minimum voltage of a net in the design = 0.000.
#Maximum voltage of a net in the design = 0.800.
#Voltage range [0.000 - 0.800] has 40441 nets.
#Voltage range [0.000 - 0.000] has 32 nets.
#Voltage range [0.720 - 0.800] has 1 net.
#
#Start DRC checking..
#   number of violations = 46
#
#    By Layer and Type :
#	          Notch    Short    Color      Mar      Enc   JCSCol   Others   Totals
#	M1            0        0        0        0        4        0        2        6
#	M2            3        9        5        3        4        6        6       36
#	C1            0        2        0        0        0        0        1        3
#	C2            0        0        0        0        0        0        0        0
#	C3            0        0        0        0        0        0        1        1
#	Totals        3       11        5        3        8        6       10       46
#cpu time = 00:01:48, elapsed time = 00:00:14, memory = 3368.71 (MB), peak = 4141.04 (MB)
#CELL_VIEW Silago_bot_right_corner,init has 46 DRC violations
#Total number of DRC violations = 46
#Total number of process antenna violations = 12
#Total number of net violated process antenna rule = 12
#Total number of violations on LAYER M1 = 6
#Total number of violations on LAYER M2 = 36
#Total number of violations on LAYER C1 = 3
#Total number of violations on LAYER C2 = 0
#Total number of violations on LAYER C3 = 1
#Total number of violations on LAYER C4 = 0
#Total number of violations on LAYER BA = 0
#Total number of violations on LAYER BB = 0
#Total number of violations on LAYER JA = 0
#Total number of violations on LAYER JB = 0
#Total number of violations on LAYER LB = 0
#   number of violations = 46
#
#    By Layer and Type :
#	          Notch    Short    Color      Mar      Enc   JCSCol   Others   Totals
#	M1            0        0        0        0        4        0        2        6
#	M2            3        9        5        3        4        6        6       36
#	C1            0        2        0        0        0        0        1        3
#	C2            0        0        0        0        0        0        0        0
#	C3            0        0        0        0        0        0        1        1
#	Totals        3       11        5        3        8        6       10       46
#cpu time = 00:02:10, elapsed time = 00:00:20, memory = 3365.05 (MB), peak = 4141.04 (MB)
#CELL_VIEW Silago_bot_right_corner,init has 46 DRC violations
#Total number of DRC violations = 46
#Total number of process antenna violations = 12
#Total number of net violated process antenna rule = 12
#Total number of violations on LAYER M1 = 6
#Total number of violations on LAYER M2 = 36
#Total number of violations on LAYER C1 = 3
#Total number of violations on LAYER C2 = 0
#Total number of violations on LAYER C3 = 1
#Total number of violations on LAYER C4 = 0
#Total number of violations on LAYER BA = 0
#Total number of violations on LAYER BB = 0
#Total number of violations on LAYER JA = 0
#Total number of violations on LAYER JB = 0
#Total number of violations on LAYER LB = 0
#Post Route wire spread is done.
#Total number of nets with non-default rule or having extra spacing = 55
#Total wire length = 471663 um.
#Total half perimeter of net bounding box = 392994 um.
#Total wire length on LAYER M1 = 2092 um.
#Total wire length on LAYER M2 = 83206 um.
#Total wire length on LAYER C1 = 119571 um.
#Total wire length on LAYER C2 = 115942 um.
#Total wire length on LAYER C3 = 96034 um.
#Total wire length on LAYER C4 = 40166 um.
#Total wire length on LAYER BA = 11570 um.
#Total wire length on LAYER BB = 2893 um.
#Total wire length on LAYER JA = 189 um.
#Total wire length on LAYER JB = 0 um.
#Total wire length on LAYER LB = 0 um.
#Total number of vias = 333900
#Total number of multi-cut vias = 227034 ( 68.0%)
#Total number of single cut vias = 106866 ( 32.0%)
#Up-Via Summary (total 333900):
#                   single-cut          multi-cut      Total
#-----------------------------------------------------------
# M1             57241 ( 52.5%)     51811 ( 47.5%)     109052
# M2             35829 ( 24.7%)    109159 ( 75.3%)     144988
# C1             10185 ( 18.9%)     43777 ( 81.1%)      53962
# C2              2872 ( 14.6%)     16826 ( 85.4%)      19698
# C3               415 (  8.6%)      4411 ( 91.4%)       4826
# C4               266 ( 26.6%)       735 ( 73.4%)       1001
# BA                36 ( 10.7%)       301 ( 89.3%)        337
# BB                22 ( 61.1%)        14 ( 38.9%)         36
#-----------------------------------------------------------
#               106866 ( 32.0%)    227034 ( 68.0%)     333900 
#
#route_detail Statistics:
#Cpu time = 00:36:26
#Elapsed time = 00:16:47
#Increased memory = 173.25 (MB)
#Total memory = 3360.00 (MB)
#Peak memory = 4141.04 (MB)
#
#route_global_detail statistics:
#Cpu time = 00:41:24
#Elapsed time = 00:19:52
#Increased memory = 97.15 (MB)
#Total memory = 3288.07 (MB)
#Peak memory = 4141.04 (MB)
#Number of warnings = 5
#Total number of warnings = 27
#Number of fails = 0
#Total number of fails = 0
#Complete route_global_detail on Sat Jan  3 09:52:21 2026
#
#Default setup view is reset to AVF_RCWORST.
#Default setup view is reset to AVF_RCWORST.
AAE_INFO: Post Route call back at the end of routeDesign
#route_design: cpu time = 00:45:29, elapsed time = 00:20:40, memory = 3164.10 (MB), peak = 4141.04 (MB)
#% End route_design (date=01/03 09:52:22, total cpu=0:45:29, real=0:20:40, peak res=4141.0M, current mem=3164.1M)
@file 9:
@@file 10: write_db ./pnr/
cond_typ cond_worst cond_best
#% Begin save design ... (date=01/03 09:52:23, mem=3167.2M)
% Begin Save ccopt configuration ... (date=01/03 09:52:23, mem=3167.2M)
% End Save ccopt configuration ... (date=01/03 09:52:23, total cpu=0:00:00.4, real=0:00:00.0, peak res=3167.2M, current mem=3164.3M)
% Begin Save netlist data ... (date=01/03 09:52:23, mem=3164.3M)
Writing Binary DB to ./pnr.tmp/vbin/Silago_bot_right_corner.v.bin in multi-threaded mode...
% End Save netlist data ... (date=01/03 09:52:24, total cpu=0:00:00.4, real=0:00:00.0, peak res=3164.3M, current mem=3164.3M)
Saving symbol-table file in separate thread ...
Saving congestion map file in separate thread ...
Saving congestion map file ./pnr.tmp/Silago_bot_right_corner.route.congmap.gz ...
% Begin Save AAE data ... (date=01/03 09:52:24, mem=3165.8M)
Saving AAE Data ...
AAE DB initialization (MEM=5204.54 CPU=0:00:00.2 REAL=0:00:00.0) 
% End Save AAE data ... (date=01/03 09:52:24, total cpu=0:00:00.4, real=0:00:00.0, peak res=3181.9M, current mem=3181.9M)
Saving preference file ./pnr.tmp/gui.pref.tcl ...
Saving mode setting ...
Saving root attributes to be loaded post write_db ...
Saving global file ...
Saving root attributes to be loaded previous write_db ...
Saving Drc markers ...
... 58 markers are saved ...
... 45 geometry drc markers are saved ...
... 12 antenna drc markers are saved ...
Convert 0 swires and 0 svias from compressed groups
13 swires and 0 svias were compressed
3 swires and 0 svias were decompressed from small or sparse groups
Saving special route data file in separate thread ...
Saving PG file in separate thread ...
Saving placement file in separate thread ...
Saving route file in separate thread ...
Saving property file in separate thread ...
Convert 0 swires and 0 svias from compressed groups
** Saving stdCellPlacement_binary (version# 2) ...
Saving property file ./pnr.tmp/Silago_bot_right_corner.prop
Saving PG file ./pnr.tmp/Silago_bot_right_corner.pg.gz, version#2, (Created by Innovus v21.19-s058_1 on Sat Jan  3 09:52:29 2026)
Save Adaptive View Pruning View Names to Binary file
*** Completed saveProperty (cpu=0:00:00.3 real=0:00:00.0 mem=5259.1M) ***
*** Completed savePGFile (cpu=0:00:00.5 real=0:00:01.0 mem=5259.1M) ***
TAT_INFO: ::saveSpecialRoute REAL = 1 : CPU = 0 : MEM = 0.
TAT_INFO: ::savePGFile REAL = 1 : CPU = 0 : MEM = 0.
TAT_INFO: ::savePlace REAL = 0 : CPU = 0 : MEM = 0.
*** Completed saveRoute (cpu=0:00:01.1 real=0:00:01.0 mem=5259.1M) ***
TAT_INFO: ::saveRoute REAL = 1 : CPU = 0 : MEM = 0.
TAT_INFO: ::db::saveAnnotationAndProp REAL = 0 : CPU = 0 : MEM = 0.
#Saving pin access data to file ./pnr.tmp/Silago_bot_right_corner.apa ...
#
Saving preRoute extracted patterns in file './pnr.tmp/Silago_bot_right_corner.techData.gz' ...
Saving preRoute extraction data in directory './pnr.tmp/extraction/' ...
TAT_INFO: ::db::saveSymbolTable REAL = 0 : CPU = 0 : MEM = 0.
TAT_INFO: ::saveCongMap REAL = 0 : CPU = 0 : MEM = 0.
% Begin Save power constraints data ... (date=01/03 09:52:31, mem=3202.5M)
% End Save power constraints data ... (date=01/03 09:52:31, total cpu=0:00:00.2, real=0:00:01.0, peak res=3202.5M, current mem=3202.5M)
rc_typ rc_best rc_worst
rc_typ rc_best rc_worst
rc_typ rc_best rc_worst
rc_typ rc_best rc_worst
rc_typ rc_best rc_worst
rc_typ rc_best rc_worst
rc_typ rc_best rc_worst
Generated self-contained design pnr.tmp
#% End save design ... (date=01/03 09:52:32, total cpu=0:00:09.2, real=0:00:10.0, peak res=3215.4M, current mem=3204.3M)
*** Message Summary: 0 warning(s), 0 error(s)

@file 11:
@@file 12: write_ilm
**WARN: (IMPILM-365):	SI data will not be generated in this run since extraction needs to be done in postRoute mode.
	 To enable SI data creation, invoke SI aware optimization and then rerun write_ilm.
*Info: Derive Interface Logic in Multi-constraint Mode
*Info: set_db ilm_keep_async false conflicts with set_db timing_analysis_async_checks async setting. set_db ilm_keep_async false will be used in the ILM flow.
*Info: Using CTE mode ...
AAE_INFO: opIsDesignInPostRouteState() is 1
AAE_INFO: deleting AAE DB due to opIsDesignInPostRouteState() is changed ...
AAE DB initialization (MEM=5215.06 CPU=0:00:00.1 REAL=0:00:00.0) 
#################################################################################
# Design Stage: PostRoute
# Design Name: Silago_bot_right_corner
# Design Mode: 90nm
# Analysis Mode: MMMC Non-OCV 
# Parasitics Mode: No SPEF/RCDB 
# Signoff Settings: SI Off 
#################################################################################
Extraction called for design 'Silago_bot_right_corner' of instances=37280 and nets=40474 using extraction engine 'pre_route' .
**WARN: (IMPEXT-3530):	The process node is not set. Use the command set_design_mode -process <process node> prior to extraction for maximum accuracy and optimal automatic threshold setting.
Type 'man IMPEXT-3530' for more detail.
pre_route RC Extraction called for design Silago_bot_right_corner.
RC Extraction called in multi-corner(3) mode.
RCMode: PreRoute
      RC Corner Indexes            0       1       2   
Capacitance Scaling Factor   : 1.00000 1.00000 1.00000 
Resistance Scaling Factor    : 1.00000 1.00000 1.00000 
Clock Cap. Scaling Factor    : 1.00000 1.00000 1.00000 
Clock Res. Scaling Factor    : 1.00000 1.00000 1.00000 
Shrink Factor                : 1.00000
PreRoute extraction is honoring NDR/Shielding/ExtraSpace for clock nets.
Using Quantus QRC technology file ...
Updating RC grid for preRoute extraction ...
Initializing multi-corner resistance tables ...
PreRoute RC Extraction DONE (CPU Time: 0:00:01.8  Real Time: 0:00:02.0  MEM: 5215.059M)
Start delay calculation (fullDC) (8 T). (MEM=5316.77)
Total number of fetched objects 39278
AAE_INFO: Total number of nets for which stage creation was skipped for all views 0
Total number of fetched objects 39278
AAE_INFO: Total number of nets for which stage creation was skipped for all views 0
Total number of fetched objects 39278
AAE_INFO: Total number of nets for which stage creation was skipped for all views 0
End delay calculation. (MEM=5914.87 CPU=0:00:55.4 REAL=0:00:08.0)
End delay calculation (fullDC). (MEM=5914.87 CPU=0:01:06 REAL=0:00:12.0)
Multi-CPU acceleration using 8 CPU(s).
**WARN: (PRL-848):	"set_multi_cpu_usage" can't be used in added command/script of queueCommandThreaded, the settings will be ignored.
**WARN: (PRL-848):	"set_multi_cpu_usage" can't be used in added command/script of queueCommandThreaded, the settings will be ignored.
**WARN: (PRL-848):	"set_multi_cpu_usage" can't be used in added command/script of queueCommandThreaded, the settings will be ignored.
Ending "collect_all_best_worst_latency_reg" (total cpu=0:00:00.9, real=0:00:01.0, peak res=3204.3M, current mem=2687.1M)
Ending "collect_all_best_worst_latency_reg" (total cpu=0:00:00.9, real=0:00:01.0, peak res=3204.3M, current mem=2682.0M)
Ending "collect_all_best_worst_latency_reg" (total cpu=0:00:00.9, real=0:00:01.0, peak res=3204.3M, current mem=2682.0M)
Multi-CPU acceleration using 8 CPU(s).
**WARN: (PRL-848):	"set_multi_cpu_usage" can't be used in added command/script of queueCommandThreaded, the settings will be ignored.
**WARN: (PRL-848):	"set_multi_cpu_usage" can't be used in added command/script of queueCommandThreaded, the settings will be ignored.
Ending "generate_inter_clock_paths_OLD" (total cpu=0:00:00.4, real=0:00:00.0, peak res=3204.3M, current mem=2677.9M)
**WARN: (PRL-848):	"set_multi_cpu_usage" can't be used in added command/script of queueCommandThreaded, the settings will be ignored.
Ending "generate_inter_clock_paths_OLD" (total cpu=0:00:00.7, real=0:00:01.0, peak res=3204.3M, current mem=2677.9M)
Ending "generate_inter_clock_paths_OLD" (total cpu=0:00:00.6, real=0:00:01.0, peak res=3204.3M, current mem=2677.9M)
Ending "collect_all_inter_clock_paths" (total cpu=0:00:00.8, real=0:00:01.0, peak res=3204.3M, current mem=3130.4M)
*** Constant Propagation Marking in Setup Analysis Mode Begin (mem=5570.9M) ***
*** Found 1821 constant pins (0:00:00.1) ***
*** Constant Propagation Marking End (cpu=0:00:00.1 mem=5570.9M) ***
*** Clear Unused Logic Marking (cpu=0:00:00.0, mem=5570.9M) ***
*** Non CTE Mark Clock Nets Begin (mem=5570.9M) ***
*** Non CTE Mark Clock Nets End (cpu=0:00:00.1 mem=5570.9M) ***
Deriving Virtual Partition of (Silago_bot_right_corner) using constraint mode functional_AVF_RCWORST ...
*** Clear Unused Logic Marking (cpu=0:00:00.0, mem=5570.9M) ***
*** Non CTE Mark Clock Nets Begin (mem=5570.9M) ***
*** Non CTE Mark Clock Nets End (cpu=0:00:00.1 mem=5570.9M) ***
Deriving Virtual Partition of (Silago_bot_right_corner) using constraint mode functional ...
*** Clear Unused Logic Marking (cpu=0:00:00.0, mem=5570.9M) ***
*** Non CTE Mark Clock Nets Begin (mem=5570.9M) ***
*** Non CTE Mark Clock Nets End (cpu=0:00:00.1 mem=5570.9M) ***
Deriving Virtual Partition of (Silago_bot_right_corner) using constraint mode functional_AVF_RCTYP ...
*Info: Derive Interface Logic for SI in Multi-constraint Mode
*Info: Save Interface Logic -- Timing Model (Hold Analysis Views)
Creating directory ilm/mmmc/ilm_data.
Creating directory ilm/mmmc/ilm_data/Silago_bot_right_corner/.
*Info: Output core boundary SDC for view AVF_RCBEST ....
Writing constant & min slew constraints to file ilm/mmmc/ilm_data/Silago_bot_right_corner/Silago_bot_right_corner_postRoute_AVF_RCBEST.core.sdc.gz
*Info: Total 2 terms are set as logic 1.
*Info: Total 1394 terms are set as logic 0.
*Info: Total 14527 terms are unused input.
*Info: Total 13843 terms has min slew annotated.
*Info: Output core boundary SDC for view AVF_RCTYP ....
Writing constant & min slew constraints to file ilm/mmmc/ilm_data/Silago_bot_right_corner/Silago_bot_right_corner_postRoute_AVF_RCTYP.core.sdc.gz
*Info: Total 2 terms are set as logic 1.
*Info: Total 1394 terms are set as logic 0.
*Info: Total 14527 terms are unused input.
*Info: Total 13843 terms has min slew annotated.
*** Commit Timing View Marking (cpu=0:00:00.0, mem=5570.9M) ***
*** Clear Unused Logic Marking (cpu=0:00:00.0, mem=5570.9M) ***
*Info: Save Interface Logic -- Timing Model (Setup Analysis Views)
*Info: Output core boundary SDC for view AVF_RCWORST ....
Writing constant & max slew constraints to file ilm/mmmc/ilm_data/Silago_bot_right_corner/Silago_bot_right_corner_postRoute_AVF_RCWORST.core.sdc.gz
*Info: Total 2 terms are set as logic 1.
*Info: Total 1394 terms are set as logic 0.
*Info: Total 14527 terms are unused input.
*Info: Total 13843 terms has max slew annotated.
*** Marking 17574/37280 (47%) insts as TAIgnored.
*** Marking 18760/39247 (47%) nets as TAIgnored.
*** Commit Timing View Marking (cpu=0:00:00.0, mem=5570.9M) ***
*Info: Output ILM verilog netlist ....
write_netlist Option: -hier ilm/mmmc/ilm_data/Silago_bot_right_corner/Silago_bot_right_corner_postRoute.v.gz
Processing hierarchical netlist marking ...
*** Hierarhical netlist marking finished (cpu=0:00:00.0, mem=5570.9M) ***
Dumping netlist ...
Processing hierarchical netlist marking ...
Hierarchical netlist marking finished (cpu=0:00:00.0, mem=5570.9M)
*: Write Placement file (cpu=0:00:00.0, mem=5570.9M)
*Info: Output ILM design DEF ....
Writing DEF file 'ilm/mmmc/ilm_data/Silago_bot_right_corner/Silago_bot_right_corner_postRoute.def.gz', current time is Sat Jan  3 09:52:57 2026 ...
unitPerMicron=1000, dbgMicronPerDBU=0.001000, unitPerDBU=1.000000
DEF file 'ilm/mmmc/ilm_data/Silago_bot_right_corner/Silago_bot_right_corner_postRoute.def.gz' is written, current time is Sat Jan  3 09:52:57 2026 ...
*Info: Output ILM parasitic SPEF ....
*** Clear Unused Logic Marking (cpu=0:00:00.0, mem=5570.9M) ***
-----------------------------------------------------------------------------------
	write_ilm Summary
-----------------------------------------------------------------------------------
Model      	Reduced Instances         Reduced Registers
-----------------------------------------------------------------------------------
ilm_data	17574/37280 (47%) 	1580/4770 (33%)
si_data 	0/0 (N/A%) 	0/0 (N/A%)
-----------------------------------------------------------------------------------
Info: ILM generated data will be saved into the ilm directory.
Ending "write_ilm" (total cpu=0:01:31, real=0:00:32.0, peak res=3289.8M, current mem=3279.5M)
#@ End verbose source: ../../../scr/pnr_partition.tcl

*** Memory Usage v#1 (Current mem = 5474.074M, initial mem = 502.961M) ***
*** Message Summary: 1170 warning(s), 0 error(s)

--- Ending "Innovus" (totcpu=1:29:39, real=0:33:52, mem=5474.1M) ---
