
Cadence Innovus(TM) Implementation System.
Copyright 2021 Cadence Design Systems, Inc. All rights reserved worldwide.

Version:	v21.19-s058_1, built Thu Apr 4 09:59:17 PDT 2024
Options:	-stylus -no_gui -batch -files ../../../scr/pnr_partition.tcl -log ../../../../ex/log/pnr/pnr_Silago_top_left_corner_2026-01-03_09-19-13.log                             ../../../../exe/log/pnr/pnr_part_Silago_top_left_corner_2026-01-03_09-19-13.cmd                             ../../../../exe/log/pnr/pnr_part_Silago_top_left_corner_2026-01-03_09-19-13.logv -overwrite 
Date:		Sat Jan  3 09:19:14 2026
Host:		il2225ht25_jcdavid (x86_64 w/Linux 5.15.0-164-generic) (12cores*48cpus*Intel(R) Xeon(R) CPU E7-8857 v2 @ 3.00GHz 30720KB)
OS:		Rocky Linux 8.10 (Green Obsidian)

License:
		[09:19:14.443844] Configured Lic search path (21.01-s002): 27020@lic04.ug.kth.se:27020@lic05.ug.kth.se:3000@lic08.ug.kth.se:29000@lic06.ug.kth.se

		invs	Innovus Implementation System	21.1	checkout succeeded
		8 CPU jobs allowed with the current license(s). Use set_multi_cpu_usage to set your required CPU count.


**WARN: (IMPOPT-801):	Genus executable not found in PATH. Install Genus, add the path to the genus executable in the PATH variable and rerun Innovus.
Create and set the environment variable TMPDIR to /tmp/innovus_temp_984351_il2225ht25_jcdavid_jcdavid_r35Zw9.

Change the soft stacksize limit to 0.2%RAM (6192 mbytes). Set global soft_stack_size_limit to change the value.

**INFO:  MMMC transition support version v31-84 

#@ Processing -files option
@innovus 1> source ../../../scr/pnr_partition.tcl
#@ Begin verbose source (pre): source ../../../scr/pnr_partition.tcl
@file 1: source ../../../scr/global_variables.tcl
#@ Begin verbose source ../../../scr/global_variables.tcl (pre)
@file 1: set NUM_CPUS 8
@file 2: #set the top name of the design
@file 3: set TOP_NAME drra_wrapper
@file 4:
@file 5: # Directories
@file 6: set OUTPUT_DIR "../phy/db"
@file 7: set RPT_DIR    "../phy/rpt"
@file 8: set SCR_DIR    "../phy/scr"
@file 9: #we need a part directory where partitions are created
@file 10: set PART_DIR   "../phy/db/part"
@file 11: set SRC_DIR    "../syn/db"
@file 12:
@file 13: set STDC_CCS_DIR  "/opt/pdk/gfip/22FDX-EXT/GF22FDX_SC8T_104CPP_BASE_CSC28L_FDK_RELV06R60/model/timing/ccs"
@file 14: set TECH_LEF_DIR  "/opt/pdk/gf22/V1.0_4.1/PlaceRoute/Innovus/Techfiles/10M_2Mx_4Cx_2Bx_2Jx_LB"
@file 15: set STDC_LEF_DIR  "/opt/pdk/gfip/22FDX-EXT/GF22FDX_SC8T_104CPP_BASE_CSC28L_FDK_RELV06R60/lef"
@file 16:
@file 17: set LEF_FILE "${TECH_LEF_DIR}/22FDSOI_10M_2Mx_4Cx_2Bx_2Jx_LB_104cpp_tech.lef \
        ${STDC_LEF_DIR}/GF22FDX_SC8T_104CPP_BASE_CSC28L.lef"
@file 19:
@file 20: set STDC_QRC_DIR  "/opt/pdk/gf22/V1.0_4.1/PEX/QRC/10M_2Mx_4Cx_2Bx_2Jx_LBthick"
@file 21:
@file 22: set OP_COD_LIB_BC "GF22FDX_SC8T_104CPP_BASE_CSC28L_FFG_0P72V_0P00V_0P00V_0P00V_M40C"
@file 23: set OP_COD_LIB_TC "GF22FDX_SC8T_104CPP_BASE_CSC28L_TT_0P80V_0P00V_0P00V_0P00V_25C"
@file 24: set OP_COD_LIB_WC "GF22FDX_SC8T_104CPP_BASE_CSC28L_SSG_0P72V_0P00V_0P00V_0P00V_125C"
@file 25: set OP_COD_LIB_SRAM_BC "IN22FDX_S1DV_NFVG_W00064B256M04C128_116cpp_TT_0P800V_0P800V_0P000V_0P000V_025C"
@file 26: set OP_COD_LIB_SRAM_TC "IN22FDX_S1DV_NFVG_W00064B256M04C128_116cpp_TT_0P800V_0P800V_0P000V_0P000V_025C"
@file 27: set OP_COD_LIB_SRAM_WC "IN22FDX_S1DV_NFVG_W00064B256M04C128_116cpp_SSG_0P720V_0P720V_0P000V_0P000V_125C"
@file 28: set OP_COD_LIB_IO_BC "dwc_io_gf22fdx_1p8v_gpio_i_ull_ffg0p945v1p320vm40c_funccmin"
@file 29: set OP_COD_LIB_IO_TC "dwc_io_gf22fdx_1p8v_gpio_i_ull_tt0p800v1p500v25c"
@file 30: set OP_COD_LIB_IO_WC "dwc_io_gf22fdx_1p8v_gpio_i_ull_ssg0p720v1p620v125c_funccmax"
@file 31: set LIB_FILES_BC "${STDC_CCS_DIR}/${OP_COD_LIB_BC}_ccs.lib.gz"
@file 32: set LIB_FILES_TC "${STDC_CCS_DIR}/${OP_COD_LIB_TC}_ccs.lib.gz"
@file 33: set LIB_FILES_WC "${STDC_CCS_DIR}/${OP_COD_LIB_WC}_ccs.lib.gz"
@file 34: set OP_COD_BC "FFG_0P72V_0P00V_0P00V_0P00V_M40C"
@file 35: set OP_COD_TC "TT_0P80V_0P00V_0P00V_0P00V_25C"
@file 36: set OP_COD_WC "SSG_0P72V_0P00V_0P00V_0P00V_125C"
@file 37: set OP_COD_SRAM_BC "TT_0P800V_0P800V_0P000V_0P000V_025C"
@file 38: set OP_COD_SRAM_TC "TT_0P800V_0P800V_0P000V_0P000V_025C"
@file 39: set OP_COD_SRAM_WC "SSG_0P720V_0P720V_0P000V_0P000V_125C"
@file 40: set OP_COD_IO_BC "ffg0p945v1p320vm40c"
@file 41: set OP_COD_IO_TC "TT_0P8_1P5_25"
@file 42: set OP_COD_IO_WC "SSG_0P59_1P08_125"
@file 43: set QRC_FILE_BC "${STDC_QRC_DIR}/FuncRCminDP/qrcTechFile"
@file 44: set QRC_FILE_TC "${STDC_QRC_DIR}/nominal/qrcTechFile"
@file 45: set QRC_FILE_WC "${STDC_QRC_DIR}/FuncRCmaxDP/qrcTechFile"
@file 46:
@file 47: set MMMC_FILE          "${SCR_DIR}/mmmc.tcl"
@file 48: set NETLIST_FILE       "${SRC_DIR}/${TOP_NAME}.v"
@file 49: set SDC_FILES          "${SRC_DIR}/${TOP_NAME}.sdc"
#@ End verbose source ../../../scr/global_variables.tcl
@file 2: source ../../../scr/design_variables.tcl
#@ Begin verbose source ../../../scr/design_variables.tcl (pre)
@@file 1: set_multi_cpu_usage -local_cpu ${NUM_CPUS} -cpu_per_remote_host 1 -remote_host 0 -keep_license true
Setting releaseMultiCpuLicenseMode to false.
@@file 2: set_distributed_hosts -local
The timeout for a remote job to respond is 3600 seconds.
Submit command for task runs will be: local
@file 3:
@file 4: set all_partition_hinst_list {
	Silago_top_l_corner_inst_0_0 \
	Silago_top_inst_1_0 \
	Silago_top_inst_2_0 \
	Silago_top_inst_3_0 \
	Silago_top_inst_4_0 \
	Silago_top_inst_5_0 \
	Silago_top_inst_6_0 \
	Silago_top_r_corner_inst_7_0 \
	Silago_bot_l_corner_inst_0_1 \
	Silago_bot_inst_1_1 \
	Silago_bot_inst_2_1 \
	Silago_bot_inst_3_1 \
	Silago_bot_inst_4_1 \
	Silago_bot_inst_5_1 \
	Silago_bot_inst_6_1 \
	Silago_bot_r_corner_inst_7_1 }
@file 21:
@file 22: set master_partition_hinst_list {
	Silago_top_l_corner_inst_0_0 \
	Silago_top_inst_1_0 \
	Silago_top_r_corner_inst_7_0 \
	Silago_bot_l_corner_inst_0_1 \
	Silago_bot_inst_1_1 \
	Silago_bot_r_corner_inst_7_1 }
@file 29:
@file 30: set clone_partition_bot_hinst_list {
	Silago_bot_inst_2_1 \
	Silago_bot_inst_3_1 \
	Silago_bot_inst_4_1 \
	Silago_bot_inst_5_1 \
	Silago_bot_inst_6_1 }
@file 36:
@file 37: set clone_partition_top_hinst_list {
	Silago_top_inst_2_0 \
	Silago_top_inst_3_0 \
	Silago_top_inst_4_0 \
	Silago_top_inst_5_0 \
	Silago_top_inst_6_0 }
@file 43:
@file 44: set all_partition_module_list {
	Silago_top_left_corner \
	Silago_top \
	Silago_top_right_corner \
	Silago_bot_left_corner \
	Silago_bot \
	Silago_bot_right_corner }
@file 51:
@file 52: set master_partition_module_list {
	Silago_top_left_corner \
	Silago_top \
	Silago_top_right_corner \
	Silago_bot_left_corner \
	Silago_bot \
	Silago_bot_right_corner }
#@ End verbose source ../../../scr/design_variables.tcl
@file 3:
@@file 4: read_db .
#% Begin load design ... (date=01/03 09:19:35, mem=835.8M)
Starting library reading in 'Multi-threaded flow' (with '8' threads)

Threads Configured:8
Reading LIBSET_WC timing library /opt/pdk/gfip/22FDX-EXT/GF22FDX_SC8T_104CPP_BASE_CSC28L_FDK_RELV06R60/model/timing/ccs/GF22FDX_SC8T_104CPP_BASE_CSC28L_SSG_0P72V_0P00V_0P00V_0P00V_125C_ccs.lib.gz.
**WARN: (TECHLIB-302):	No function defined for cell 'SC8T_TAPZBX8_CSC28L'. The cell will only be used for analysis. (File /opt/pdk/gfip/22FDX-EXT/GF22FDX_SC8T_104CPP_BASE_CSC28L_FDK_RELV06R60/model/timing/ccs/GF22FDX_SC8T_104CPP_BASE_CSC28L_SSG_0P72V_0P00V_0P00V_0P00V_125C_ccs.lib.gz)
**WARN: (TECHLIB-302):	No function defined for cell 'SC8T_TAPX8_CSC28L'. The cell will only be used for analysis. (File /opt/pdk/gfip/22FDX-EXT/GF22FDX_SC8T_104CPP_BASE_CSC28L_FDK_RELV06R60/model/timing/ccs/GF22FDX_SC8T_104CPP_BASE_CSC28L_SSG_0P72V_0P00V_0P00V_0P00V_125C_ccs.lib.gz)
**WARN: (TECHLIB-302):	No function defined for cell 'SC8T_NOM1COLCAPPX1_CSC28L'. The cell will only be used for analysis. (File /opt/pdk/gfip/22FDX-EXT/GF22FDX_SC8T_104CPP_BASE_CSC28L_FDK_RELV06R60/model/timing/ccs/GF22FDX_SC8T_104CPP_BASE_CSC28L_SSG_0P72V_0P00V_0P00V_0P00V_125C_ccs.lib.gz)
**WARN: (TECHLIB-302):	No function defined for cell 'SC8T_NOM1COLCAPNX1_CSC28L'. The cell will only be used for analysis. (File /opt/pdk/gfip/22FDX-EXT/GF22FDX_SC8T_104CPP_BASE_CSC28L_FDK_RELV06R60/model/timing/ccs/GF22FDX_SC8T_104CPP_BASE_CSC28L_SSG_0P72V_0P00V_0P00V_0P00V_125C_ccs.lib.gz)
**WARN: (TECHLIB-302):	No function defined for cell 'SC8T_FILLX8_CSC28L'. The cell will only be used for analysis. (File /opt/pdk/gfip/22FDX-EXT/GF22FDX_SC8T_104CPP_BASE_CSC28L_FDK_RELV06R60/model/timing/ccs/GF22FDX_SC8T_104CPP_BASE_CSC28L_SSG_0P72V_0P00V_0P00V_0P00V_125C_ccs.lib.gz)
**WARN: (TECHLIB-302):	No function defined for cell 'SC8T_FILLX64_CSC28L'. The cell will only be used for analysis. (File /opt/pdk/gfip/22FDX-EXT/GF22FDX_SC8T_104CPP_BASE_CSC28L_FDK_RELV06R60/model/timing/ccs/GF22FDX_SC8T_104CPP_BASE_CSC28L_SSG_0P72V_0P00V_0P00V_0P00V_125C_ccs.lib.gz)
**WARN: (TECHLIB-302):	No function defined for cell 'SC8T_FILLX5_CSC28L'. The cell will only be used for analysis. (File /opt/pdk/gfip/22FDX-EXT/GF22FDX_SC8T_104CPP_BASE_CSC28L_FDK_RELV06R60/model/timing/ccs/GF22FDX_SC8T_104CPP_BASE_CSC28L_SSG_0P72V_0P00V_0P00V_0P00V_125C_ccs.lib.gz)
**WARN: (TECHLIB-302):	No function defined for cell 'SC8T_FILLX4_CSC28L'. The cell will only be used for analysis. (File /opt/pdk/gfip/22FDX-EXT/GF22FDX_SC8T_104CPP_BASE_CSC28L_FDK_RELV06R60/model/timing/ccs/GF22FDX_SC8T_104CPP_BASE_CSC28L_SSG_0P72V_0P00V_0P00V_0P00V_125C_ccs.lib.gz)
**WARN: (TECHLIB-302):	No function defined for cell 'SC8T_FILLX3_CSC28L'. The cell will only be used for analysis. (File /opt/pdk/gfip/22FDX-EXT/GF22FDX_SC8T_104CPP_BASE_CSC28L_FDK_RELV06R60/model/timing/ccs/GF22FDX_SC8T_104CPP_BASE_CSC28L_SSG_0P72V_0P00V_0P00V_0P00V_125C_ccs.lib.gz)
**WARN: (TECHLIB-302):	No function defined for cell 'SC8T_FILLX32_CSC28L'. The cell will only be used for analysis. (File /opt/pdk/gfip/22FDX-EXT/GF22FDX_SC8T_104CPP_BASE_CSC28L_FDK_RELV06R60/model/timing/ccs/GF22FDX_SC8T_104CPP_BASE_CSC28L_SSG_0P72V_0P00V_0P00V_0P00V_125C_ccs.lib.gz)
**WARN: (TECHLIB-302):	No function defined for cell 'SC8T_FILLX2_CSC28L'. The cell will only be used for analysis. (File /opt/pdk/gfip/22FDX-EXT/GF22FDX_SC8T_104CPP_BASE_CSC28L_FDK_RELV06R60/model/timing/ccs/GF22FDX_SC8T_104CPP_BASE_CSC28L_SSG_0P72V_0P00V_0P00V_0P00V_125C_ccs.lib.gz)
**WARN: (TECHLIB-302):	No function defined for cell 'SC8T_FILLX1_CSC28L'. The cell will only be used for analysis. (File /opt/pdk/gfip/22FDX-EXT/GF22FDX_SC8T_104CPP_BASE_CSC28L_FDK_RELV06R60/model/timing/ccs/GF22FDX_SC8T_104CPP_BASE_CSC28L_SSG_0P72V_0P00V_0P00V_0P00V_125C_ccs.lib.gz)
**WARN: (TECHLIB-302):	No function defined for cell 'SC8T_FILLX16_CSC28L'. The cell will only be used for analysis. (File /opt/pdk/gfip/22FDX-EXT/GF22FDX_SC8T_104CPP_BASE_CSC28L_FDK_RELV06R60/model/timing/ccs/GF22FDX_SC8T_104CPP_BASE_CSC28L_SSG_0P72V_0P00V_0P00V_0P00V_125C_ccs.lib.gz)
**WARN: (TECHLIB-302):	No function defined for cell 'SC8T_FILLX128_CSC28L'. The cell will only be used for analysis. (File /opt/pdk/gfip/22FDX-EXT/GF22FDX_SC8T_104CPP_BASE_CSC28L_FDK_RELV06R60/model/timing/ccs/GF22FDX_SC8T_104CPP_BASE_CSC28L_SSG_0P72V_0P00V_0P00V_0P00V_125C_ccs.lib.gz)
**WARN: (TECHLIB-302):	No function defined for cell 'SC8T_CONCAVEPRX9_CSC28L'. The cell will only be used for analysis. (File /opt/pdk/gfip/22FDX-EXT/GF22FDX_SC8T_104CPP_BASE_CSC28L_FDK_RELV06R60/model/timing/ccs/GF22FDX_SC8T_104CPP_BASE_CSC28L_SSG_0P72V_0P00V_0P00V_0P00V_125C_ccs.lib.gz)
**WARN: (TECHLIB-302):	No function defined for cell 'SC8T_CONCAVEPRX11_CSC28L'. The cell will only be used for analysis. (File /opt/pdk/gfip/22FDX-EXT/GF22FDX_SC8T_104CPP_BASE_CSC28L_FDK_RELV06R60/model/timing/ccs/GF22FDX_SC8T_104CPP_BASE_CSC28L_SSG_0P72V_0P00V_0P00V_0P00V_125C_ccs.lib.gz)
**WARN: (TECHLIB-302):	No function defined for cell 'SC8T_CONCAVEPLX9_CSC28L'. The cell will only be used for analysis. (File /opt/pdk/gfip/22FDX-EXT/GF22FDX_SC8T_104CPP_BASE_CSC28L_FDK_RELV06R60/model/timing/ccs/GF22FDX_SC8T_104CPP_BASE_CSC28L_SSG_0P72V_0P00V_0P00V_0P00V_125C_ccs.lib.gz)
**WARN: (TECHLIB-302):	No function defined for cell 'SC8T_CONCAVEPLX11_CSC28L'. The cell will only be used for analysis. (File /opt/pdk/gfip/22FDX-EXT/GF22FDX_SC8T_104CPP_BASE_CSC28L_FDK_RELV06R60/model/timing/ccs/GF22FDX_SC8T_104CPP_BASE_CSC28L_SSG_0P72V_0P00V_0P00V_0P00V_125C_ccs.lib.gz)
**WARN: (TECHLIB-302):	No function defined for cell 'SC8T_CONCAVENRX9_CSC28L'. The cell will only be used for analysis. (File /opt/pdk/gfip/22FDX-EXT/GF22FDX_SC8T_104CPP_BASE_CSC28L_FDK_RELV06R60/model/timing/ccs/GF22FDX_SC8T_104CPP_BASE_CSC28L_SSG_0P72V_0P00V_0P00V_0P00V_125C_ccs.lib.gz)
**WARN: (TECHLIB-302):	No function defined for cell 'SC8T_CONCAVENRX11_CSC28L'. The cell will only be used for analysis. (File /opt/pdk/gfip/22FDX-EXT/GF22FDX_SC8T_104CPP_BASE_CSC28L_FDK_RELV06R60/model/timing/ccs/GF22FDX_SC8T_104CPP_BASE_CSC28L_SSG_0P72V_0P00V_0P00V_0P00V_125C_ccs.lib.gz)
Message <TECHLIB-302> has exceeded the message display limit of '20'. Use 'set_message -no_limit -id list_of_msgIDs' to reset the message limit.
Read 959 cells in library GF22FDX_SC8T_104CPP_BASE_CSC28L_SSG_0P72V_0P00V_0P00V_0P00V_125C.
Library reading multithread flow ended.
Starting library reading in 'Multi-threaded flow' (with '8' threads)

Threads Configured:8
Reading LIBSET_BC timing library /opt/pdk/gfip/22FDX-EXT/GF22FDX_SC8T_104CPP_BASE_CSC28L_FDK_RELV06R60/model/timing/ccs/GF22FDX_SC8T_104CPP_BASE_CSC28L_FFG_0P72V_0P00V_0P00V_0P00V_M40C_ccs.lib.gz.
Read 959 cells in library GF22FDX_SC8T_104CPP_BASE_CSC28L_FFG_0P72V_0P00V_0P00V_0P00V_M40C.
Library reading multithread flow ended.
cond_typ cond_worst cond_best
rc_typ rc_best rc_worst

Loading LEF file /home/jcdavid/IL2225-Project/SiLagoNN/phy/db/part/Silago_top_left_corner/libs/lef/22FDSOI_10M_2Mx_4Cx_2Bx_2Jx_LB_104cpp_tech.lef ...

Loading LEF file /home/jcdavid/IL2225-Project/SiLagoNN/phy/db/part/Silago_top_left_corner/libs/lef/GF22FDX_SC8T_104CPP_BASE_CSC28L.lef ...
**WARN: (IMPLF-378):	The spacing for cell edge type 'SC8T_104CPP_BASE_CSC_SOURCE' and 'SC8T_104CPP_BASE_CSC_SOURCE' is already defined. It will be overwritten by the new definition in LEF file '/home/jcdavid/IL2225-Project/SiLagoNN/phy/db/part/Silago_top_left_corner/libs/lef/GF22FDX_SC8T_104CPP_BASE_CSC28L.lef'.
If it's defined multiple times for the same pair of types, only the last one
will be kept. Check all definitions in all LEF files to remove any duplicated
definitions to avoid this warning message.
**WARN: (IMPLF-378):	The spacing for cell edge type 'SC8T_104CPP_BASE_CSC_DRAIN' and 'SC8T_104CPP_BASE_CSC_SOURCE' is already defined. It will be overwritten by the new definition in LEF file '/home/jcdavid/IL2225-Project/SiLagoNN/phy/db/part/Silago_top_left_corner/libs/lef/GF22FDX_SC8T_104CPP_BASE_CSC28L.lef'.
If it's defined multiple times for the same pair of types, only the last one
will be kept. Check all definitions in all LEF files to remove any duplicated
definitions to avoid this warning message.
**WARN: (IMPLF-378):	The spacing for cell edge type 'SC8T_104CPP_BASE_CSC_DRAIN' and 'SC8T_104CPP_BASE_CSC_DRAIN' is already defined. It will be overwritten by the new definition in LEF file '/home/jcdavid/IL2225-Project/SiLagoNN/phy/db/part/Silago_top_left_corner/libs/lef/GF22FDX_SC8T_104CPP_BASE_CSC28L.lef'.
If it's defined multiple times for the same pair of types, only the last one
will be kept. Check all definitions in all LEF files to remove any duplicated
definitions to avoid this warning message.
**WARN: (IMPLF-378):	The spacing for cell edge type 'SC8T_104CPP_BASE_CSC_SOURCE2CPP' and 'SC8T_104CPP_BASE_CSC_SOURCE2CPP' is already defined. It will be overwritten by the new definition in LEF file '/home/jcdavid/IL2225-Project/SiLagoNN/phy/db/part/Silago_top_left_corner/libs/lef/GF22FDX_SC8T_104CPP_BASE_CSC28L.lef'.
If it's defined multiple times for the same pair of types, only the last one
will be kept. Check all definitions in all LEF files to remove any duplicated
definitions to avoid this warning message.
**WARN: (IMPLF-378):	The spacing for cell edge type 'SC8T_104CPP_BASE_CSC_SOURCE' and 'SC8T_104CPP_BASE_CSC_SOURCE2CPP' is already defined. It will be overwritten by the new definition in LEF file '/home/jcdavid/IL2225-Project/SiLagoNN/phy/db/part/Silago_top_left_corner/libs/lef/GF22FDX_SC8T_104CPP_BASE_CSC28L.lef'.
If it's defined multiple times for the same pair of types, only the last one
will be kept. Check all definitions in all LEF files to remove any duplicated
definitions to avoid this warning message.
**WARN: (IMPLF-378):	The spacing for cell edge type 'SC8T_104CPP_BASE_CSC_SOURCE2CPP' and 'SC8T_104CPP_BASE_CSC_DRAIN' is already defined. It will be overwritten by the new definition in LEF file '/home/jcdavid/IL2225-Project/SiLagoNN/phy/db/part/Silago_top_left_corner/libs/lef/GF22FDX_SC8T_104CPP_BASE_CSC28L.lef'.
If it's defined multiple times for the same pair of types, only the last one
will be kept. Check all definitions in all LEF files to remove any duplicated
definitions to avoid this warning message.
Set DBUPerIGU to M1 pitch 104.
[09:21:33.492952] Periodic Lic check successful
[09:21:33.492976] Feature usage summary:
[09:21:33.492976] Innovus_Impl_System
[09:21:33.492977] Innovus_20nm_Opt

This command "read_db ." required an extra checkout of license invs_20nm.
Additional license(s) checked out: 1 'Innovus_20nm_Opt' license(s)
**WARN: (IMPLF-201):	Pin 'Z' in macro 'SC8T_XOR3X8_CSC28L' has no ANTENNADIFFAREA value defined. The library data is incomplete and some process antenna rules will not be checked correctly.
Type 'man IMPLF-201' for more detail.
**WARN: (IMPLF-201):	Pin 'Z' in macro 'SC8T_XOR3X4_CSC28L' has no ANTENNADIFFAREA value defined. The library data is incomplete and some process antenna rules will not be checked correctly.
Type 'man IMPLF-201' for more detail.
**WARN: (IMPLF-201):	Pin 'Z' in macro 'SC8T_XOR3X2_CSC28L' has no ANTENNADIFFAREA value defined. The library data is incomplete and some process antenna rules will not be checked correctly.
Type 'man IMPLF-201' for more detail.
**WARN: (IMPLF-201):	Pin 'Z' in macro 'SC8T_XOR3X1_MR_CSC28L' has no ANTENNADIFFAREA value defined. The library data is incomplete and some process antenna rules will not be checked correctly.
Type 'man IMPLF-201' for more detail.
**WARN: (IMPLF-201):	Pin 'Z' in macro 'SC8T_XOR3X1_CSC28L' has no ANTENNADIFFAREA value defined. The library data is incomplete and some process antenna rules will not be checked correctly.
Type 'man IMPLF-201' for more detail.
**WARN: (IMPLF-201):	Pin 'Z' in macro 'SC8T_XOR2X8_CSC28L' has no ANTENNADIFFAREA value defined. The library data is incomplete and some process antenna rules will not be checked correctly.
Type 'man IMPLF-201' for more detail.
**WARN: (IMPLF-201):	Pin 'Z' in macro 'SC8T_XOR2X4_CSC28L' has no ANTENNADIFFAREA value defined. The library data is incomplete and some process antenna rules will not be checked correctly.
Type 'man IMPLF-201' for more detail.
**WARN: (IMPLF-201):	Pin 'Z' in macro 'SC8T_XOR2X2_CSC28L' has no ANTENNADIFFAREA value defined. The library data is incomplete and some process antenna rules will not be checked correctly.
Type 'man IMPLF-201' for more detail.
**WARN: (IMPLF-201):	Pin 'Z' in macro 'SC8T_XOR2X1_MR_CSC28L' has no ANTENNADIFFAREA value defined. The library data is incomplete and some process antenna rules will not be checked correctly.
Type 'man IMPLF-201' for more detail.
**WARN: (IMPLF-201):	Pin 'Z' in macro 'SC8T_XOR2X1_CSC28L' has no ANTENNADIFFAREA value defined. The library data is incomplete and some process antenna rules will not be checked correctly.
Type 'man IMPLF-201' for more detail.
**WARN: (IMPLF-201):	Pin 'Z' in macro 'SC8T_XOR2X0P5_CSC28L' has no ANTENNADIFFAREA value defined. The library data is incomplete and some process antenna rules will not be checked correctly.
Type 'man IMPLF-201' for more detail.
**WARN: (IMPLF-201):	Pin 'Z' in macro 'SC8T_XNR3X8_CSC28L' has no ANTENNADIFFAREA value defined. The library data is incomplete and some process antenna rules will not be checked correctly.
Type 'man IMPLF-201' for more detail.
**WARN: (IMPLF-201):	Pin 'Z' in macro 'SC8T_XNR3X4_CSC28L' has no ANTENNADIFFAREA value defined. The library data is incomplete and some process antenna rules will not be checked correctly.
Type 'man IMPLF-201' for more detail.
**WARN: (IMPLF-201):	Pin 'Z' in macro 'SC8T_XNR3X2_CSC28L' has no ANTENNADIFFAREA value defined. The library data is incomplete and some process antenna rules will not be checked correctly.
Type 'man IMPLF-201' for more detail.
**WARN: (IMPLF-201):	Pin 'Z' in macro 'SC8T_XNR3X1_MR_CSC28L' has no ANTENNADIFFAREA value defined. The library data is incomplete and some process antenna rules will not be checked correctly.
Type 'man IMPLF-201' for more detail.
**WARN: (IMPLF-201):	Pin 'Z' in macro 'SC8T_XNR3X1_CSC28L' has no ANTENNADIFFAREA value defined. The library data is incomplete and some process antenna rules will not be checked correctly.
Type 'man IMPLF-201' for more detail.
**WARN: (IMPLF-201):	Pin 'Z' in macro 'SC8T_XNR2X8_CSC28L' has no ANTENNADIFFAREA value defined. The library data is incomplete and some process antenna rules will not be checked correctly.
Type 'man IMPLF-201' for more detail.
**WARN: (IMPLF-201):	Pin 'Z' in macro 'SC8T_XNR2X4_CSC28L' has no ANTENNADIFFAREA value defined. The library data is incomplete and some process antenna rules will not be checked correctly.
Type 'man IMPLF-201' for more detail.
**WARN: (IMPLF-201):	Pin 'Z' in macro 'SC8T_XNR2X2_CSC28L' has no ANTENNADIFFAREA value defined. The library data is incomplete and some process antenna rules will not be checked correctly.
Type 'man IMPLF-201' for more detail.
**WARN: (IMPLF-201):	Pin 'Z' in macro 'SC8T_XNR2X1_MR_CSC28L' has no ANTENNADIFFAREA value defined. The library data is incomplete and some process antenna rules will not be checked correctly.
Type 'man IMPLF-201' for more detail.
**WARN: (EMS-27):	Message (IMPLF-201) has exceeded the current message display limit of 20.
To increase the message display limit, refer to the product command reference manual.
**WARN: (IMPLF-200):	Pin 'A' in macro 'SC8T_ANTENNAX11_CSC28L' has no ANTENNAGATEAREA value defined. The library data is incomplete and some process antenna rules will not be checked correctly.
Type 'man IMPLF-200' for more detail.

##  Check design process and node:  
##  Both design process and tech node are not set.

Loading view definition file from /home/jcdavid/IL2225-Project/SiLagoNN/phy/db/part/Silago_top_left_corner/viewDefinition.tcl
% Begin Load netlist data ... (date=01/03 09:21:33, mem=930.5M)
*** Begin netlist parsing (mem=1763.4M) ***
Created 959 new cells from 2 timing libraries.
Reading netlist ...
Backslashed names will retain backslash and a trailing blank character.
Reading verilogBinary netlist '/home/jcdavid/IL2225-Project/SiLagoNN/phy/db/part/Silago_top_left_corner/vbin/Silago_top_left_corner.v.bin'
Reading binary database version 2 in multi-threaded mode

*** Memory Usage v#1 (Current mem = 1797.477M, initial mem = 494.961M) ***
*** End netlist parsing (cpu=0:00:00.3, real=0:00:01.0, mem=1797.5M) ***
% End Load netlist data ... (date=01/03 09:21:34, total cpu=0:00:00.3, real=0:00:01.0, peak res=1054.3M, current mem=1054.3M)
Set top cell to Silago_top_left_corner.
Hooked 1918 DB cells to tlib cells.
Starting recursive module instantiation check.
No recursion found.
Building hierarchical netlist for Cell Silago_top_left_corner ...
*** Netlist is unique.
** info: there are 2149 modules.
** info: there are 37335 stdCell insts.

*** Memory Usage v#1 (Current mem = 1802.391M, initial mem = 494.961M) ***

Honor LEF defined pitches for advanced node
Start create_tracks
**WARN: (IMPTR-9998):	The mode setting command for route_trial is obsolete and should not be used anymore.  It still works in this release but will be removed in a future release.  You should change to use set_db route_early_global_<attr_name> to set modes for route_early_global which is the replacement tool for route_trial.
add_rings command will ignore shorts while creating rings.
add_rings command will disallow rings to go over rows.
add_rings command will consider rows while creating rings.
The ring targets are set to core/block ring wires.
**WARN: (IMPTB-413):	Option "budget_virtual_opt_engine" of the set_db command doesn't regenerate Timing Graph, if it already exists.
add_stripes will allow jog to connect padcore ring and block ring.

Stripes will not extend to closest target.
When breaking rings, the power planner will consider the existence of blocks.
add_stripes will break automatically at non-default domains when generating global stripes over the core area or default domain.
The entire stripe set will break at the domain if one of the nets is not in the domain.
Stripes will not be created over regions without power planning wires.
Offset for stripe breaking is set to 0.
Stripes will stop at the boundary of the specified area.
The power planner will set stripe antenna targets to none (no trimming allowed).

Loading LEF file /home/jcdavid/IL2225-Project/SiLagoNN/phy/db/part/Silago_top_left_corner/Silago_top_left_corner.lef.info.gz ...
*Info: initialize multi-corner CTS.
Starting library reading in 'Multi-threaded flow' (with '8' threads)

Threads Configured:8
Reading LIBSET_TC timing library /opt/pdk/gfip/22FDX-EXT/GF22FDX_SC8T_104CPP_BASE_CSC28L_FDK_RELV06R60/model/timing/ccs/GF22FDX_SC8T_104CPP_BASE_CSC28L_TT_0P80V_0P00V_0P00V_0P00V_25C_ccs.lib.gz.
Read 959 cells in library GF22FDX_SC8T_104CPP_BASE_CSC28L_TT_0P80V_0P00V_0P00V_0P00V_25C.
Library reading multithread flow ended.
Total number of combinational cells: 808
Total number of sequential cells: 101
Total number of tristate cells: 4
Total number of level shifter cells: 0
Total number of power gating cells: 0
Total number of isolation cells: 0
Total number of power switch cells: 0
Total number of pulse generator cells: 0
Total number of always on buffers: 0
Total number of retention cells: 0
Total number of physical cells: 46
List of usable buffers: SC8T_BUFX0P5_A_CSC28L SC8T_BUFX0P5_CSC28L SC8T_BUFX10_CSC28L SC8T_BUFX12_CSC28L SC8T_BUFX16_CSC28L SC8T_BUFX1P5_CSC28L SC8T_BUFX1_A_CSC28L SC8T_BUFX1_MR_CSC28L SC8T_BUFX1_CSC28L SC8T_BUFX20_CSC28L SC8T_BUFX24_CSC28L SC8T_BUFX2_CSC28L SC8T_BUFX3_CSC28L SC8T_BUFX4_MR_CSC28L SC8T_BUFX4_CSC28L SC8T_BUFX6_CSC28L SC8T_BUFX8_CSC28L SC8T_CKBUFX10_CSC28L SC8T_CKBUFX12_CSC28L SC8T_CKBUFX16_CSC28L SC8T_CKBUFX1_MR_CSC28L SC8T_CKBUFX1_CSC28L SC8T_CKBUFX20_CSC28L SC8T_CKBUFX24_CSC28L SC8T_CKBUFX2_CSC28L SC8T_CKBUFX4_CSC28L SC8T_CKBUFX6_CSC28L SC8T_CKBUFX8_CSC28L
Total number of usable buffers: 28
List of unusable buffers:
Total number of unusable buffers: 0
List of usable inverters: SC8T_INVX0P5_CSC28L SC8T_INVX10_CSC28L SC8T_INVX12_CSC28L SC8T_INVX16_CSC28L SC8T_INVX1P5_CSC28L SC8T_INVX1_3CPP_CSC28L SC8T_INVX1_MR_CSC28L SC8T_INVX1_CSC28L SC8T_INVX20_CSC28L SC8T_INVX24_CSC28L SC8T_INVX2_CSC28L SC8T_INVX3_CSC28L SC8T_INVX4_CSC28L SC8T_INVX6_CSC28L SC8T_INVX8_CSC28L SC8T_CKINVX10_CSC28L SC8T_CKINVX12_CSC28L SC8T_CKINVX16_CSC28L SC8T_CKINVX1_MR_CSC28L SC8T_CKINVX1_CSC28L SC8T_CKINVX20_CSC28L SC8T_CKINVX24_CSC28L SC8T_CKINVX2_CSC28L SC8T_CKINVX4_CSC28L SC8T_CKINVX6_CSC28L SC8T_CKINVX8_CSC28L
Total number of usable inverters: 26
List of unusable inverters:
Total number of unusable inverters: 0
List of identified usable delay cells: SC8T_DLY100X1_CSC28L SC8T_DLY40X1_CSC28L SC8T_DLY60X1_CSC28L SC8T_DLY80X1_CSC28L
Total number of identified usable delay cells: 4
List of identified unusable delay cells:
Total number of identified unusable delay cells: 0
Reading floorplan file - /home/jcdavid/IL2225-Project/SiLagoNN/phy/db/part/Silago_top_left_corner/Silago_top_left_corner.fp.gz (mem = 2099.6M).
% Begin Load floorplan data ... (date=01/03 09:22:33, mem=1302.2M)
*info: reset 41008 existing net BottomPreferredLayer and AvoidDetour
Deleting old partition specification.
Set FPlanBox to (0 0 199992 200320)

Honor LEF defined pitches for advanced node
Start create_tracks
 ... processed partition successfully.
Reading binary special route file /home/jcdavid/IL2225-Project/SiLagoNN/phy/db/part/Silago_top_left_corner/Silago_top_left_corner.fp.spr.gz (Created by Innovus v21.19-s058_1 on Sat Jan  3 09:17:51 2026, version: 1)
Convert 0 swires and 0 svias from compressed groups
4 swires and 0 svias were compressed
13 swires and 0 svias were decompressed from small or sparse groups
Ending "Read special route file" (total cpu=0:00:00.2, real=0:00:00.0, peak res=1303.7M, current mem=1303.7M)
Extracting standard cell pins and blockage ...... 
Pin and blockage extraction finished
Delete all existing relative floorplan constraints.
% End Load floorplan data ... (date=01/03 09:22:33, total cpu=0:00:00.3, real=0:00:00.0, peak res=1305.0M, current mem=1305.0M)
% Begin Load SymbolTable ... (date=01/03 09:22:34, mem=1305.0M)
% End Load SymbolTable ... (date=01/03 09:22:34, total cpu=0:00:00.2, real=0:00:00.0, peak res=1307.9M, current mem=1307.9M)
Loading place ...
% Begin Load placement data ... (date=01/03 09:22:34, mem=1307.9M)
Reading placement file - /home/jcdavid/IL2225-Project/SiLagoNN/phy/db/part/Silago_top_left_corner/Silago_top_left_corner.place.gz.
** Reading stdCellPlacement_binary (Created by Innovus v21.19-s058_1 on Sat Jan  3 09:17:52 2026, version# 1) ...
Read Views for adaptive view pruning ...
Read 0 views from Binary DB for adaptive view pruning
*** Completed restorePlace (cpu=0:00:00.0 real=0:00:00.0 mem=2100.6M) ***
Total net length = 4.680e+03 (8.334e+02 3.847e+03) (ext = 4.604e+03)
% End Load placement data ... (date=01/03 09:22:34, total cpu=0:00:00.1, real=0:00:00.0, peak res=1308.2M, current mem=1308.2M)
Reading PG file /home/jcdavid/IL2225-Project/SiLagoNN/phy/db/part/Silago_top_left_corner/Silago_top_left_corner.pg.gz, version#2, (Created by Innovus v21.19-s058_1 on       Sat Jan  3 09:17:52 2026)
*** Completed restorePGFile (cpu=0:00:00.0 real=0:00:00.0 mem=2097.6M) ***
% Begin Load routing data ... (date=01/03 09:22:34, mem=1308.0M)
Reading routing file - /home/jcdavid/IL2225-Project/SiLagoNN/phy/db/part/Silago_top_left_corner/Silago_top_left_corner.route.gz.
Reading Innovus routing data (Created by Innovus v21.19-s058_1 on Sat Jan  3 09:17:52 2026 Format: 20.1) ...
*** Total 39637 nets are successfully restored.
*** Completed restoreRoute (cpu=0:00:00.1 real=0:00:00.0 mem=2097.6M) ***
% End Load routing data ... (date=01/03 09:22:34, total cpu=0:00:00.2, real=0:00:01.0, peak res=1308.9M, current mem=1308.9M)
Reading property file /home/jcdavid/IL2225-Project/SiLagoNN/phy/db/part/Silago_top_left_corner/Silago_top_left_corner.prop
*** Completed restoreProperty (cpu=0:00:00.0 real=0:00:00.0 mem=2100.6M) ***
% Begin Loading timing constraints ... (date=01/03 09:22:35, mem=1309.4M)
Reading timing constraints file '/home/jcdavid/IL2225-Project/SiLagoNN/phy/db/part/Silago_top_left_corner/Silago_top_left_corner_AVF_RCWORST.constr.pt' ...
Current (total cpu=0:19:10, real=0:03:21, peak res=2117.8M, current mem=1600.5M)
**WARN: (TCLCMD-1602):	The clock '_INN_superClk' has been asserted with zero period (File /home/jcdavid/IL2225-Project/SiLagoNN/phy/db/part/Silago_top_left_corner/Silago_top_left_corner_AVF_RCWORST.constr.pt, Line 5).

**WARN: (TCLCMD-1530):	Clock '_INN_superClk' has clock waveform with rise & fall edges defined at the same time. (File /home/jcdavid/IL2225-Project/SiLagoNN/phy/db/part/Silago_top_left_corner/Silago_top_left_corner_AVF_RCWORST.constr.pt, Line 5).

**WARN: (TCLCMD-1142):	Virtual clock '_INN_superClk' is being created with no source objects. (File /home/jcdavid/IL2225-Project/SiLagoNN/phy/db/part/Silago_top_left_corner/Silago_top_left_corner_AVF_RCWORST.constr.pt, Line 5).

INFO (CTE): Reading of timing constraints file /home/jcdavid/IL2225-Project/SiLagoNN/phy/db/part/Silago_top_left_corner/Silago_top_left_corner_AVF_RCWORST.constr.pt completed, with 3 WARNING
Ending "Constraint file reading stats" (total cpu=0:00:00.7, real=0:00:01.0, peak res=1642.4M, current mem=1642.4M)
Current (total cpu=0:19:10, real=0:03:22, peak res=2117.8M, current mem=1642.4M)
Reading timing constraints file '/home/jcdavid/IL2225-Project/SiLagoNN/phy/db/part/Silago_top_left_corner/Silago_top_left_corner_AVF_RCTYP.constr.pt' ...
Current (total cpu=0:19:11, real=0:03:22, peak res=2117.8M, current mem=1642.5M)
**WARN: (TCLCMD-1602):	The clock '_INN_superClk' has been asserted with zero period (File /home/jcdavid/IL2225-Project/SiLagoNN/phy/db/part/Silago_top_left_corner/Silago_top_left_corner_AVF_RCTYP.constr.pt, Line 5).

**WARN: (TCLCMD-1530):	Clock '_INN_superClk' has clock waveform with rise & fall edges defined at the same time. (File /home/jcdavid/IL2225-Project/SiLagoNN/phy/db/part/Silago_top_left_corner/Silago_top_left_corner_AVF_RCTYP.constr.pt, Line 5).

**WARN: (TCLCMD-1142):	Virtual clock '_INN_superClk' is being created with no source objects. (File /home/jcdavid/IL2225-Project/SiLagoNN/phy/db/part/Silago_top_left_corner/Silago_top_left_corner_AVF_RCTYP.constr.pt, Line 5).

INFO (CTE): Reading of timing constraints file /home/jcdavid/IL2225-Project/SiLagoNN/phy/db/part/Silago_top_left_corner/Silago_top_left_corner_AVF_RCTYP.constr.pt completed, with 3 WARNING
Ending "Constraint file reading stats" (total cpu=0:00:00.6, real=0:00:01.0, peak res=1642.8M, current mem=1642.8M)
Current (total cpu=0:19:11, real=0:03:23, peak res=2117.8M, current mem=1642.8M)
Reading timing constraints file '/home/jcdavid/IL2225-Project/SiLagoNN/phy/db/part/Silago_top_left_corner/Silago_top_left_corner_AVF_RCBEST.constr.pt' ...
Current (total cpu=0:19:11, real=0:03:23, peak res=2117.8M, current mem=1642.8M)
**WARN: (TCLCMD-1602):	The clock '_INN_superClk' has been asserted with zero period (File /home/jcdavid/IL2225-Project/SiLagoNN/phy/db/part/Silago_top_left_corner/Silago_top_left_corner_AVF_RCBEST.constr.pt, Line 5).

**WARN: (TCLCMD-1530):	Clock '_INN_superClk' has clock waveform with rise & fall edges defined at the same time. (File /home/jcdavid/IL2225-Project/SiLagoNN/phy/db/part/Silago_top_left_corner/Silago_top_left_corner_AVF_RCBEST.constr.pt, Line 5).

**WARN: (TCLCMD-1142):	Virtual clock '_INN_superClk' is being created with no source objects. (File /home/jcdavid/IL2225-Project/SiLagoNN/phy/db/part/Silago_top_left_corner/Silago_top_left_corner_AVF_RCBEST.constr.pt, Line 5).

INFO (CTE): Reading of timing constraints file /home/jcdavid/IL2225-Project/SiLagoNN/phy/db/part/Silago_top_left_corner/Silago_top_left_corner_AVF_RCBEST.constr.pt completed, with 3 WARNING
Ending "Constraint file reading stats" (total cpu=0:00:00.6, real=0:00:00.0, peak res=1643.5M, current mem=1643.5M)
Current (total cpu=0:19:12, real=0:03:24, peak res=2117.8M, current mem=1643.5M)
% End Loading timing constraints ... (date=01/03 09:22:38, total cpu=0:00:03.0, real=0:00:03.0, peak res=1643.6M, current mem=1643.6M)
**WARN: (IMPIMEX-10014):	The current design data being restored: '/home/jcdavid/IL2225-Project/SiLagoNN/phy/db/part/Silago_top_left_corner' has been saved with an older structure. When restoring a subset of views for this database, derate information for inactive delay corners may be inaccesible in the current session. A newer database structure allows more flexibility for change the active view list in-session. To update the current database, you need to restore the design with all views active - and then the next save will update it to the new model.
add_rings command will ignore shorts while creating rings.
add_rings command will disallow rings to go over rows.
add_rings command will consider rows while creating rings.
The ring targets are set to core/block ring wires.
add_stripes will allow jog to connect padcore ring and block ring.

Stripes will not extend to closest target.
When breaking rings, the power planner will consider the existence of blocks.
add_stripes will break automatically at non-default domains when generating global stripes over the core area or default domain.
The entire stripe set will break at the domain if one of the nets is not in the domain.
Stripes will not be created over regions without power planning wires.
Offset for stripe breaking is set to 0.
Stripes will stop at the boundary of the specified area.
The power planner will set stripe antenna targets to none (no trimming allowed).
**WARN: (IMPTB-413):	Option "budget_virtual_opt_engine" of the set_db command doesn't regenerate Timing Graph, if it already exists.
**WARN: (IMPTR-9998):	The mode setting command for route_trial is obsolete and should not be used anymore.  It still works in this release but will be removed in a future release.  You should change to use set_db route_early_global_<attr_name> to set modes for route_early_global which is the replacement tool for route_trial.
Extraction setup Started 
Initializing multi-corner RC extraction with 3 active RC Corners ...
Captable file(s) not specified in multi-corner setup. PreRoute extraction will use technology file. For post_route extraction, default value for effort level would be 'medium' and effort level 'low' would not be allowed.
Generating auto layer map file.
Importing multi-corner technology file(s) for preRoute extraction...
/home/jcdavid/IL2225-Project/SiLagoNN/phy/db/part/Silago_top_left_corner/libs/mmmc/rc_worst/qrcTechFile
/home/jcdavid/IL2225-Project/SiLagoNN/phy/db/part/Silago_top_left_corner/libs/mmmc/rc_best/qrcTechFile
/home/jcdavid/IL2225-Project/SiLagoNN/phy/db/part/Silago_top_left_corner/libs/mmmc/rc_typ/qrcTechFile
Generating auto layer map file.
Generating auto layer map file.
Generating auto layer map file.
Completed (cpu: 0:00:15.5 real: 0:00:09.0)
Set Shrink Factor to 1.00000
Summary of Active RC-Corners : 
 
 Analysis View: AVF_RCWORST
    RC-Corner Name        : rc_worst
    RC-Corner Index       : 0
    RC-Corner Temperature : 25 Celsius
    RC-Corner Cap Table   : ''
    RC-Corner PreRoute Res Factor         : 1
    RC-Corner PreRoute Cap Factor         : 1
    RC-Corner PostRoute Res Factor        : 1 {1 1 1}
    RC-Corner PostRoute Cap Factor        : 1 {1 1 1}
    RC-Corner PostRoute XCap Factor       : 1 {1 1 1}
    RC-Corner PreRoute Clock Res Factor   : 1	[Derived from postRoute_res (effortLevel low)]
    RC-Corner PreRoute Clock Cap Factor   : 1	[Derived from postRoute_cap (effortLevel low)]
    RC-Corner PostRoute Clock Cap Factor  : 1 {1 1 1} 	[Derived from postRoute_cap (effortLevel low)]
    RC-Corner PostRoute Clock Res Factor  : 1 {1 1 1} 	[Derived from postRoute_res (effortLevel low)]
    RC-Corner PostRoute Clock coupling capacitance Factor : 1 {1 1 1} 
    RC-Corner Technology file: '/home/jcdavid/IL2225-Project/SiLagoNN/phy/db/part/Silago_top_left_corner/libs/mmmc/rc_worst/qrcTechFile'
 
 Analysis View: AVF_RCBEST
    RC-Corner Name        : rc_best
    RC-Corner Index       : 1
    RC-Corner Temperature : 25 Celsius
    RC-Corner Cap Table   : ''
    RC-Corner PreRoute Res Factor         : 1
    RC-Corner PreRoute Cap Factor         : 1
    RC-Corner PostRoute Res Factor        : 1 {1 1 1}
    RC-Corner PostRoute Cap Factor        : 1 {1 1 1}
    RC-Corner PostRoute XCap Factor       : 1 {1 1 1}
    RC-Corner PreRoute Clock Res Factor   : 1	[Derived from postRoute_res (effortLevel low)]
    RC-Corner PreRoute Clock Cap Factor   : 1	[Derived from postRoute_cap (effortLevel low)]
    RC-Corner PostRoute Clock Cap Factor  : 1 {1 1 1} 	[Derived from postRoute_cap (effortLevel low)]
    RC-Corner PostRoute Clock Res Factor  : 1 {1 1 1} 	[Derived from postRoute_res (effortLevel low)]
    RC-Corner PostRoute Clock coupling capacitance Factor : 1 {1 1 1} 
    RC-Corner Technology file: '/home/jcdavid/IL2225-Project/SiLagoNN/phy/db/part/Silago_top_left_corner/libs/mmmc/rc_best/qrcTechFile'
 
 Analysis View: AVF_RCTYP
    RC-Corner Name        : rc_typ
    RC-Corner Index       : 2
    RC-Corner Temperature : 25 Celsius
    RC-Corner Cap Table   : ''
    RC-Corner PreRoute Res Factor         : 1
    RC-Corner PreRoute Cap Factor         : 1
    RC-Corner PostRoute Res Factor        : 1 {1 1 1}
    RC-Corner PostRoute Cap Factor        : 1 {1 1 1}
    RC-Corner PostRoute XCap Factor       : 1 {1 1 1}
    RC-Corner PreRoute Clock Res Factor   : 1	[Derived from postRoute_res (effortLevel low)]
    RC-Corner PreRoute Clock Cap Factor   : 1	[Derived from postRoute_cap (effortLevel low)]
    RC-Corner PostRoute Clock Cap Factor  : 1 {1 1 1} 	[Derived from postRoute_cap (effortLevel low)]
    RC-Corner PostRoute Clock Res Factor  : 1 {1 1 1} 	[Derived from postRoute_res (effortLevel low)]
    RC-Corner PostRoute Clock coupling capacitance Factor : 1 {1 1 1} 
    RC-Corner Technology file: '/home/jcdavid/IL2225-Project/SiLagoNN/phy/db/part/Silago_top_left_corner/libs/mmmc/rc_typ/qrcTechFile'
Updating RC grid for preRoute extraction ...
Initializing multi-corner resistance tables ...
Default value for post_route extraction mode's extract_rc_effort_level (extract_rc_effort_level option of set_db) changed to 'medium'.
Start generating vias ..
Extracting standard cell pins and blockage ...... 
Pin and blockage extraction finished
Via generation completed successfully.
Generating auto layer map file.
Initializing preRoute extraction patterns for new vias... Generating auto layer map file.
Generating auto layer map file.
Generating auto layer map file.
Completed (cpu: 0:00:05.8 real: 0:00:06.0)
% Begin Load power constraints ... (date=01/03 09:22:54, mem=1734.3M)
% End Load power constraints ... (date=01/03 09:22:54, total cpu=0:00:00.1, real=0:00:00.0, peak res=1734.3M, current mem=1734.3M)
% Begin load AAE data ... (date=01/03 09:22:54, mem=1734.3M)
**WARN: (IMPESI-621):	Timing window restoration data eosdb.dat not found. PBA-SI results may not match in save/restore flow.
% End load AAE data ... (date=01/03 09:22:54, total cpu=0:00:00.1, real=0:00:00.0, peak res=1734.4M, current mem=1734.4M)
Total number of combinational cells: 808
Total number of sequential cells: 101
Total number of tristate cells: 4
Total number of level shifter cells: 0
Total number of power gating cells: 0
Total number of isolation cells: 0
Total number of power switch cells: 0
Total number of pulse generator cells: 0
Total number of always on buffers: 0
Total number of retention cells: 0
Total number of physical cells: 46
List of usable buffers: SC8T_BUFX0P5_A_CSC28L SC8T_BUFX0P5_CSC28L SC8T_BUFX10_CSC28L SC8T_BUFX12_CSC28L SC8T_BUFX16_CSC28L SC8T_BUFX1P5_CSC28L SC8T_BUFX1_A_CSC28L SC8T_BUFX1_MR_CSC28L SC8T_BUFX1_CSC28L SC8T_BUFX20_CSC28L SC8T_BUFX24_CSC28L SC8T_BUFX2_CSC28L SC8T_BUFX3_CSC28L SC8T_BUFX4_MR_CSC28L SC8T_BUFX4_CSC28L SC8T_BUFX6_CSC28L SC8T_BUFX8_CSC28L SC8T_CKBUFX10_CSC28L SC8T_CKBUFX12_CSC28L SC8T_CKBUFX16_CSC28L SC8T_CKBUFX1_MR_CSC28L SC8T_CKBUFX1_CSC28L SC8T_CKBUFX20_CSC28L SC8T_CKBUFX24_CSC28L SC8T_CKBUFX2_CSC28L SC8T_CKBUFX4_CSC28L SC8T_CKBUFX6_CSC28L SC8T_CKBUFX8_CSC28L
Total number of usable buffers: 28
List of unusable buffers:
Total number of unusable buffers: 0
List of usable inverters: SC8T_INVX0P5_CSC28L SC8T_INVX10_CSC28L SC8T_INVX12_CSC28L SC8T_INVX16_CSC28L SC8T_INVX1P5_CSC28L SC8T_INVX1_3CPP_CSC28L SC8T_INVX1_MR_CSC28L SC8T_INVX1_CSC28L SC8T_INVX20_CSC28L SC8T_INVX24_CSC28L SC8T_INVX2_CSC28L SC8T_INVX3_CSC28L SC8T_INVX4_CSC28L SC8T_INVX6_CSC28L SC8T_INVX8_CSC28L SC8T_CKINVX10_CSC28L SC8T_CKINVX12_CSC28L SC8T_CKINVX16_CSC28L SC8T_CKINVX1_MR_CSC28L SC8T_CKINVX1_CSC28L SC8T_CKINVX20_CSC28L SC8T_CKINVX24_CSC28L SC8T_CKINVX2_CSC28L SC8T_CKINVX4_CSC28L SC8T_CKINVX6_CSC28L SC8T_CKINVX8_CSC28L
Total number of usable inverters: 26
List of unusable inverters:
Total number of unusable inverters: 0
List of identified usable delay cells: SC8T_DLY100X1_CSC28L SC8T_DLY40X1_CSC28L SC8T_DLY60X1_CSC28L SC8T_DLY80X1_CSC28L
Total number of identified usable delay cells: 4
List of identified unusable delay cells:
Total number of identified unusable delay cells: 0
#% End load design ... (date=01/03 09:22:54, total cpu=0:19:14, real=0:03:19, peak res=2186.1M, current mem=1732.6M)

*** Summary of all messages that are not suppressed in this session:
Severity  ID               Count  Summary                                  
WARNING   IMPLF-200            1  Pin '%s' in macro '%s' has no ANTENNAGAT...
WARNING   IMPLF-201          944  Pin '%s' in macro '%s' has no ANTENNADIF...
WARNING   IMPLF-378            6  The spacing for cell edge type '%s' and ...
WARNING   IMPESI-621           1  Timing window restoration data eosdb.dat...
WARNING   IMPTB-413            2  Option "%s" of the set_db command doesn'...
WARNING   IMPTR-9998           2  The mode setting command for route_trial...
WARNING   NRFL-374             6  %s spacing table is not monotonically in...
WARNING   IMPIMEX-10014        1  The current design data being restored: ...
WARNING   TCLCMD-1142          3  Virtual clock '%s' is being created with...
WARNING   TCLCMD-1530          3  Clock '%s' has clock waveform with rise ...
WARNING   TCLCMD-1602          3  The clock '%s' has been asserted with ze...
WARNING   TECHLIB-302        141  No function defined for cell '%s'. The c...
*** Message Summary: 1113 warning(s), 0 error(s)

@file 5:
@@file 6: place_design
*** placeDesign #1 [begin] : totSession cpu/real = 0:19:35.1/0:03:39.8 (5.3), mem = 2469.8M
*** Starting place_design default flow ***
*** Start delete_buffer_trees ***
Multithreaded Timing Analysis is initialized with 8 threads

Info: Detect buffers to remove automatically.
Analyzing netlist ...
Updating netlist

*summary: 914 instances (buffers/inverters) removed
*** Finish delete_buffer_trees (0:00:04.2) ***
**INFO: Enable pre-place timing setting for timing analysis
Set Using Default Delay Limit as 101.
**WARN: (IMPDC-1629):	The default delay limit was set to 101. This is less than the default of 1000 and may result in inaccurate delay calculation for nets with a fanout higher than the setting.  If needed, the default delay limit may be adjusted by running the command 'set delaycal_use_default_delay_limit'.
Set Default Net Delay as 0 ps.
Set Default Net Load as 0 pF. 
Set Default Input Pin Transition as 1 ps.
**INFO: Analyzing IO path groups for slack adjustment
Effort level <high> specified for reg2reg_tmp.984351 path_group
AAE_INFO: opIsDesignInPostRouteState() is 0
AAE DB initialization (MEM=2716.71 CPU=0:00:00.0 REAL=0:00:00.0) 
#################################################################################
# Design Stage: PreRoute
# Design Name: Silago_top_left_corner
# Design Mode: 90nm
# Analysis Mode: MMMC Non-OCV 
# Parasitics Mode: No SPEF/RCDB 
# Signoff Settings: SI Off 
#################################################################################
Calculate delays in BcWc mode...
Start delay calculation (fullDC) (8 T). (MEM=2727.72)
Total number of fetched objects 38765
AAE_INFO: Total number of nets for which stage creation was skipped for all views 0
End delay calculation. (MEM=3359.8 CPU=0:00:14.0 REAL=0:00:02.0)
End delay calculation (fullDC). (MEM=3359.8 CPU=0:00:19.0 REAL=0:00:17.0)
**INFO: Disable pre-place timing setting for timing analysis
Set Using Default Delay Limit as 1000.
Set Default Net Delay as 1000 ps.
Set Default Input Pin Transition as 0.1 ps.
Set Default Net Load as 0.5 pF. 
**INFO: Pre-place timing setting for timing analysis already disabled
Deleted 0 physical inst  (cell - / prefix -).
INFO: #ExclusiveGroups=0
INFO: There are no Exclusive Groups.
*** Starting "NanoPlace(TM) placement v#2 (mem=3286.3M)" ...
*** Build Buffered Sizing Timing Model
(cpu=0:00:22.1 mem=3358.3M) ***
*** Build Virtual Sizing Timing Model
(cpu=0:00:24.1 mem=3358.3M) ***
No user-set net weight.
Net fanout histogram:
2		: 25326 (65.5%) nets
3		: 5721 (14.8%) nets
4     -	14	: 6377 (16.5%) nets
15    -	39	: 1051 (2.7%) nets
40    -	79	: 176 (0.5%) nets
80    -	159	: 18 (0.0%) nets
160   -	319	: 13 (0.0%) nets
320   -	639	: 0 (0.0%) nets
640   -	1279	: 0 (0.0%) nets
1280  -	2559	: 1 (0.0%) nets
2560  -	5119	: 2 (0.0%) nets
5120+		: 0 (0.0%) nets
Options: timingDriven clkGateAware ignoreScan pinGuide congEffort=auto gpeffort=medium 
Scan chains were not defined.
#std cell=36453 (0 fixed + 36453 movable) #buf cell=181 #inv cell=4490 #block=0 (0 floating + 0 preplaced)
#ioInst=0 #net=38685 #term=151086 #term/net=3.91, #fixedIo=0, #floatIo=0, #fixedPin=1928, #floatPin=0
stdCell: 36453 single + 0 double + 0 multi
Total standard cell length = 34.6031 (mm), area = 0.0221 (mm^2)
Estimated cell power/ground rail width = 0.090 um

**Info: (IMPSP-2062): Some of the PG shapes may not be colorized properly in this design, users are required to run command colorizePowerMesh before any placement related commands!

**Info: (IMPSP-2062): Some of the PG shapes may not be colorized properly in this design, users are required to run command colorizePowerMesh before any placement related commands!
Average module density = 0.553.
Density for the design = 0.553.
       = stdcell_area 332722 sites (22146 um^2) / alloc_area 601899 sites (40062 um^2).
Pin Density = 0.2510.
            = total # of pins 151086 / total area 601899.
Identified 19 spare or floating instances, with no clusters.
Enabling multi-CPU acceleration with 8 CPU(s) for placement
=== lastAutoLevel = 10 
Clock gating cells determined by native netlist tracing.
Iteration  1: Total net bbox = 3.441e+05 (1.47e+05 1.97e+05)
              Est.  stn bbox = 3.688e+05 (1.62e+05 2.07e+05)
              cpu = 0:00:00.9 real = 0:00:00.0 mem = 3918.5M
Iteration  2: Total net bbox = 3.441e+05 (1.47e+05 1.97e+05)
              Est.  stn bbox = 3.688e+05 (1.62e+05 2.07e+05)
              cpu = 0:00:00.0 real = 0:00:00.0 mem = 3918.5M
Iteration  3: Total net bbox = 2.930e+05 (1.20e+05 1.73e+05)
              Est.  stn bbox = 3.325e+05 (1.43e+05 1.90e+05)
              cpu = 0:00:07.9 real = 0:00:02.0 mem = 4208.7M
Active setup views:
    AVF_RCWORST
Iteration  4: Total net bbox = 3.688e+05 (1.60e+05 2.09e+05)
              Est.  stn bbox = 4.315e+05 (1.95e+05 2.37e+05)
              cpu = 0:00:16.0 real = 0:00:02.0 mem = 4208.6M
Iteration  5: Total net bbox = 4.015e+05 (1.69e+05 2.32e+05)
              Est.  stn bbox = 4.904e+05 (2.15e+05 2.75e+05)
              cpu = 0:00:17.1 real = 0:00:03.0 mem = 4208.5M
Iteration  6: Total net bbox = 4.341e+05 (1.91e+05 2.43e+05)
              Est.  stn bbox = 5.346e+05 (2.42e+05 2.93e+05)
              cpu = 0:00:22.1 real = 0:00:04.0 mem = 4356.9M

Iteration  7: Total net bbox = 4.470e+05 (2.03e+05 2.44e+05)
              Est.  stn bbox = 5.476e+05 (2.54e+05 2.93e+05)
              cpu = 0:00:01.7 real = 0:00:01.0 mem = 4186.3M
Iteration  8: Total net bbox = 4.470e+05 (2.03e+05 2.44e+05)
              Est.  stn bbox = 5.476e+05 (2.54e+05 2.93e+05)
              cpu = 0:00:32.3 real = 0:00:20.0 mem = 4154.3M
Iteration  9: Total net bbox = 4.614e+05 (2.08e+05 2.53e+05)
              Est.  stn bbox = 5.685e+05 (2.62e+05 3.06e+05)
              cpu = 0:00:20.1 real = 0:00:05.0 mem = 4186.3M
Iteration 10: Total net bbox = 4.618e+05 (2.08e+05 2.54e+05)
              Est.  stn bbox = 5.691e+05 (2.62e+05 3.07e+05)
              cpu = 0:00:35.1 real = 0:00:21.0 mem = 4154.3M
Iteration 11: Total net bbox = 4.715e+05 (2.12e+05 2.59e+05)
              Est.  stn bbox = 5.796e+05 (2.67e+05 3.13e+05)
              cpu = 0:00:16.9 real = 0:00:03.0 mem = 4186.3M
Iteration 12: Total net bbox = 4.715e+05 (2.12e+05 2.59e+05)
              Est.  stn bbox = 5.796e+05 (2.67e+05 3.13e+05)
              cpu = 0:00:32.0 real = 0:00:20.0 mem = 4154.3M
Iteration 13: Total net bbox = 4.863e+05 (2.17e+05 2.69e+05)
              Est.  stn bbox = 5.946e+05 (2.72e+05 3.23e+05)
              cpu = 0:00:22.7 real = 0:00:04.0 mem = 4186.3M
Iteration 14: Total net bbox = 4.863e+05 (2.17e+05 2.69e+05)
              Est.  stn bbox = 5.946e+05 (2.72e+05 3.23e+05)
              cpu = 0:00:00.0 real = 0:00:00.0 mem = 4186.3M
Iteration 15: Total net bbox = 4.863e+05 (2.17e+05 2.69e+05)
              Est.  stn bbox = 5.946e+05 (2.72e+05 3.23e+05)
              cpu = 0:00:00.1 real = 0:00:00.0 mem = 4186.3M
*** cost = 4.863e+05 (2.17e+05 2.69e+05) (cpu for global=0:03:51) real=0:01:27***
Placement multithread real runtime: 0:01:27 with 8 threads.
Info: 185 clock gating cells identified, 0 (on average) moved 0/7
Solver runtime cpu: 0:01:54 real: 0:00:18.2
Core Placement runtime cpu: 0:02:04 real: 0:00:24.0
**WARN: (IMPSP-9025):	No scan chain specified/traced.
Type 'man IMPSP-9025' for more detail.

**Info: (IMPSP-2062): Some of the PG shapes may not be colorized properly in this design, users are required to run command colorizePowerMesh before any placement related commands!
*** Starting place_detail (0:24:42 mem=4122.3M) ***
Total net bbox length = 4.863e+05 (2.173e+05 2.690e+05) (ext = 1.499e+05)

**Info: (IMPSP-2062): Some of the PG shapes may not be colorized properly in this design, users are required to run command colorizePowerMesh before any placement related commands!
Move report: Detail placement moves 36440 insts, mean move: 0.37 um, max move: 28.77 um 
	Max move on inst (SILEGO_cell/MTRF_cell/reg_top/RegisterFile/U3396): (78.89, 22.38) --> (107.64, 22.40)
	Runtime: CPU: 0:00:09.6 REAL: 0:00:04.0 MEM: 4218.3MB
Summary Report:
Instances move: 36440 (out of 36453 movable)
Instances flipped: 8
Mean displacement: 0.37 um
Max displacement: 28.77 um (Instance: SILEGO_cell/MTRF_cell/reg_top/RegisterFile/U3396) (78.894, 22.379) -> (107.64, 22.4)
	Length: 2 sites, height: 1 rows, site name: SC8T_104CPP_CMOS22FDX, cell type: SC8T_INVX0P5_CSC28L
Total net bbox length = 4.725e+05 (2.039e+05 2.686e+05) (ext = 1.498e+05)
Runtime: CPU: 0:00:09.7 REAL: 0:00:04.0 MEM: 4218.3MB
*** Finished place_detail (0:24:52 mem=4218.3M) ***
*** End of Placement (cpu=0:04:42, real=0:02:07, mem=4079.3M) ***

**Info: (IMPSP-2062): Some of the PG shapes may not be colorized properly in this design, users are required to run command colorizePowerMesh before any placement related commands!
default core: bins with density > 0.750 =  2.73 % ( 28 / 1024 )
Density distribution unevenness ratio = 8.284%
*** Free Virtual Timing Model ...(mem=4079.3M)
UM:   flow.cputime  flow.realtime  timing.setup.tns  timing.setup.wns  snapshot
UM:*                                                                   final
      flow.cputime  flow.realtime  timing.setup.tns  timing.setup.wns  snapshot
UM:*                                                                   global_place
**INFO: Enable pre-place timing setting for timing analysis
Set Using Default Delay Limit as 101.
**WARN: (IMPDC-1629):	The default delay limit was set to 101. This is less than the default of 1000 and may result in inaccurate delay calculation for nets with a fanout higher than the setting.  If needed, the default delay limit may be adjusted by running the command 'set delaycal_use_default_delay_limit'.
Set Default Net Delay as 0 ps.
Set Default Net Load as 0 pF. 
**INFO: Analyzing IO path groups for slack adjustment
Effort level <high> specified for reg2reg_tmp.984351 path_group
AAE_INFO: opIsDesignInPostRouteState() is 0
#################################################################################
# Design Stage: PreRoute
# Design Name: Silago_top_left_corner
# Design Mode: 90nm
# Analysis Mode: MMMC Non-OCV 
# Parasitics Mode: No SPEF/RCDB 
# Signoff Settings: SI Off 
#################################################################################
Calculate delays in BcWc mode...
Start delay calculation (fullDC) (8 T). (MEM=4067.78)
Total number of fetched objects 38765
AAE_INFO: Total number of nets for which stage creation was skipped for all views 0
End delay calculation. (MEM=4400.24 CPU=0:00:13.0 REAL=0:00:02.0)
End delay calculation (fullDC). (MEM=4400.24 CPU=0:00:14.7 REAL=0:00:03.0)
**INFO: Disable pre-place timing setting for timing analysis
Set Using Default Delay Limit as 1000.
Set Default Net Delay as 1000 ps.
Set Default Net Load as 0.5 pF. 
Info: Disable timing driven in postCTS congRepair.

Starting congRepair ...
[NR-eGR] Track table information for default rule: 
[NR-eGR] M1 has single uniform track structure
[NR-eGR] M2 has single uniform track structure
[NR-eGR] C1 has single uniform track structure
[NR-eGR] C2 has single uniform track structure
[NR-eGR] C3 has single uniform track structure
[NR-eGR] C4 has single uniform track structure
[NR-eGR] BA has single uniform track structure
[NR-eGR] BB has single uniform track structure
[NR-eGR] JA has single uniform track structure
[NR-eGR] JB has single uniform track structure
[NR-eGR] LB has single uniform track structure
[NR-eGR] Read 21 PG shapes
[NR-eGR] Read 0 clock shapes
[NR-eGR] Read 0 other shapes
[NR-eGR] #Routing Blockages  : 31
[NR-eGR] #Instance Blockages : 100840
[NR-eGR] #PG Blockages       : 21
[NR-eGR] #Halo Blockages     : 0
[NR-eGR] #Boundary Blockages : 0
[NR-eGR] #Clock Blockages    : 0
[NR-eGR] #Other Blockages    : 0
[NR-eGR] Num Prerouted Nets = 0  Num Prerouted Wires = 0
[NR-eGR] Read 38685 nets ( ignored 0 )
[NR-eGR] There are 186 clock nets ( 0 with NDR ).
[NR-eGR] ============ Routing rule table ============
[NR-eGR] Rule id: 0  Nets: 38685
[NR-eGR] ========================================
[NR-eGR] 
[NR-eGR] Layer group 1: route 38685 net(s) in layer range [2, 11]
[NR-eGR] Early Global Route overflow of layer group 1: 0.17% H + 0.17% V. EstWL: 5.623981e+05um
[NR-eGR] Congestion Analysis By layer: (blocked Gcells are excluded) 
[NR-eGR]                        OverCon           OverCon           OverCon            
[NR-eGR]                         #Gcell            #Gcell            #Gcell     %Gcell
[NR-eGR]        Layer             (1-4)             (5-8)               (9)    OverCon
[NR-eGR] --------------------------------------------------------------------------------
[NR-eGR]      M1 ( 1)         0( 0.00%)         0( 0.00%)         0( 0.00%)   ( 0.00%) 
[NR-eGR]      M2 ( 2)       857( 0.88%)         0( 0.00%)         0( 0.00%)   ( 0.88%) 
[NR-eGR]      C1 ( 3)       348( 0.36%)         3( 0.00%)         0( 0.00%)   ( 0.36%) 
[NR-eGR]      C2 ( 4)        75( 0.08%)        12( 0.01%)         0( 0.00%)   ( 0.09%) 
[NR-eGR]      C3 ( 5)        97( 0.10%)         5( 0.01%)         0( 0.00%)   ( 0.10%) 
[NR-eGR]      C4 ( 6)        86( 0.09%)        35( 0.04%)         1( 0.00%)   ( 0.12%) 
[NR-eGR]      BA ( 7)        30( 0.03%)         0( 0.00%)         0( 0.00%)   ( 0.03%) 
[NR-eGR]      BB ( 8)        21( 0.02%)        18( 0.02%)         0( 0.00%)   ( 0.04%) 
[NR-eGR]      JA ( 9)         0( 0.00%)         0( 0.00%)         0( 0.00%)   ( 0.00%) 
[NR-eGR]      JB (10)         0( 0.00%)         0( 0.00%)         0( 0.00%)   ( 0.00%) 
[NR-eGR]      LB (11)         0( 0.00%)         0( 0.00%)         0( 0.00%)   ( 0.00%) 
[NR-eGR] --------------------------------------------------------------------------------
[NR-eGR]        Total      1514( 0.20%)        73( 0.01%)         1( 0.00%)   ( 0.21%) 
[NR-eGR] 
[NR-eGR] Overflow after Early Global Route 0.08% H + 0.06% V
Early Global Route congestion estimation runtime: 2.17 seconds, mem = 3922.7M
Local HotSpot Analysis: normalized max congestion hotspot area = 6.03, normalized total congestion hotspot area = 11.80 (area is in unit of 4 std-cell row bins)
Skipped repairing congestion.
[NR-eGR]             Length (um)    Vias 
[NR-eGR] --------------------------------
[NR-eGR]  M1  (1V)             0  111231 
[NR-eGR]  M2  (2H)         72382  223772 
[NR-eGR]  C1  (3V)        144127   55447 
[NR-eGR]  C2  (4H)        101839   20291 
[NR-eGR]  C3  (5V)        126674    8265 
[NR-eGR]  C4  (6H)         63955    2640 
[NR-eGR]  BA  (7V)         49113    1386 
[NR-eGR]  BB  (8H)         19695      54 
[NR-eGR]  JA  (9V)             6       0 
[NR-eGR]  JB  (10H)            0       0 
[NR-eGR]  LB  (11V)            0       0 
[NR-eGR] --------------------------------
[NR-eGR]      Total       577790  423086 
[NR-eGR] --------------------------------------------------------------------------
[NR-eGR] Total half perimeter of net bounding box: 472500um
[NR-eGR] Total length: 577790um, number of vias: 423086
[NR-eGR] --------------------------------------------------------------------------
[NR-eGR] Total eGR-routed clock nets wire length: 11372um, number of vias: 12936
[NR-eGR] --------------------------------------------------------------------------
Early Global Route wiring runtime: 0.35 seconds, mem = 3922.5M
Tdgp not successfully inited but do clear! skip clearing
End of congRepair (cpu=0:00:06.7, real=0:00:02.0)
*** Finishing place_design default flow ***
***** Total cpu  0:5:50
***** Total real time  0:2:57
**place_design ... cpu = 0: 5:50, real = 0: 2:57, mem = 3881.5M **
Tdgp not successfully inited but do clear! skip clearing

*** Summary of all messages that are not suppressed in this session:
Severity  ID               Count  Summary                                  
WARNING   IMPDC-1629           2  The default delay limit was set to %d. T...
WARNING   IMPSP-9025           1  No scan chain specified/traced.          
WARNING   NRDB-733             2  %s %s in %s %s does not have a physical ...
WARNING   NRFL-374             6  %s spacing table is not monotonically in...
*** Message Summary: 11 warning(s), 0 error(s)

      flow.cputime  flow.realtime  timing.setup.tns  timing.setup.wns  snapshot
UM:*                                                                   final
UM: Running design category ...
------------------------------------------------------------
	Current design flip-flop statistics

Single-Bit FF Count          :         5059
Multi-Bit FF Count           :            0
Total Bit Count              :         5059
Total FF Count               :         5059
Bits Per Flop                :        1.000
Total Clock Pin Cap(FF)      :     3122.052
Multibit Conversion Ratio(%) :         0.00
------------------------------------------------------------
------------------------------------------------------------
            Multi-bit cell usage statistics

------------------------------------------------------------
============================================================
Sequential Multibit cells usage statistics
------------------------------------------------------------
            Not Merged-bits         Merged-bits     Multibit Conversion %     Bits Per Flop
------------------------------------------------------------
-FlipFlops             5059                    0        0.00                    1.00
------------------------------------------------------------

------------------------------------------------------------
Seq_Mbit libcell              Bitwidth        Count
------------------------------------------------------------
Total 0
============================================================
------------------------------------------------------------
Category            Num of Insts Rejected     Reasons
------------------------------------------------------------
------------------------------------------------------------
      flow.cputime  flow.realtime  timing.setup.tns  timing.setup.wns  snapshot
UM:        1528.23            400                                      place_design
*** placeDesign #1 [finish] : cpu/real = 0:05:53.1/0:02:59.7 (2.0), totSession cpu/real = 0:25:28.2/0:06:39.5 (3.8), mem = 3881.5M
@@file 7: ccopt_design
#% Begin ccopt_design (date=01/03 09:25:54, mem=2361.1M)
*** ccopt_design #1 [begin] : totSession cpu/real = 0:25:28.4/0:06:39.6 (3.8), mem = 3881.5M
Runtime...
**INFO: User's settings:
delaycal_default_net_delay                               1000ps
delaycal_default_net_load                                0.5pf
delaycal_ignore_net_load                                 false
delaycal_input_transition_delay                          0.1ps
delaycal_use_default_delay_limit                         1000
setAnalysisMode -cts                                     postCTS
setAnalysisMode -virtualIPO                              false
setDelayCalMode -engine                                  aae
extract_rc_engine                                        pre_route
opt_preserve_all_sequential                              true
place_detail_dpt_flow                                    true
route_design_extract_third_party_compatible              false
setActiveLogicViewMode -keepHighFanoutCriticalInsts      false
getAnalysisMode -cts                                     postCTS
getAnalysisMode -virtualIPO                              false
getDelayCalMode -engine                                  aae
getIlmMode -keepHighFanoutCriticalInsts                  false
getAnalysisMode -cts                                     postCTS
getAnalysisMode -virtualIPO                              false
(ccopt_design): CTS Engine: auto. Used Spec: CCOPT spec from create_ccopt_clock_tree_spec.
(ccopt_design): create_ccopt_clock_tree_spec
Creating clock tree spec for modes (timing configs): functional_AVF_RCWORST functional functional_AVF_RCTYP
cts_spec_config_create_generator_skew_groups=true: create_clock_tree_spec will generate skew groups with a name prefix of "_clock_gen" to balance clock generator connected flops with the clock generator they drive.
Reset timing graph...
Ignoring AAE DB Resetting ...
Reset timing graph done.
Ignoring AAE DB Resetting ...
Analyzing clock structure...
Analyzing clock structure done.
Reset timing graph...
Ignoring AAE DB Resetting ...
Reset timing graph done.
Extracting original clock gating for clk...
  clock_tree clk contains 5059 sinks and 0 clock gates.
Extracting original clock gating for clk done.
The skew group clk/functional_AVF_RCWORST was created. It contains 5059 sinks and 1 sources.
The skew group clk/functional was created. It contains 5059 sinks and 1 sources.
The skew group clk/functional_AVF_RCTYP was created. It contains 5059 sinks and 1 sources.
Checking clock tree convergence...
Checking clock tree convergence done.
Placement constraints of type 'region' or 'fence' will not be downgraded to 'guide' because the attribute cts_change_fences_to_guides has been set to false.
Set place::cacheFPlanSiteMark to 1
'setDesignMode -flowEffort standard' => 'setOptMode -usefulSkewCCOpt standard' 
Using CCOpt effort standard.
CCOpt::Phase::Initialization...
Check Prerequisites...
Leaving CCOpt scope - CheckPlace...

**Info: (IMPSP-2062): Some of the PG shapes may not be colorized properly in this design, users are required to run command colorizePowerMesh before any placement related commands!
Begin checking placement ... (start mem=3900.8M, init mem=3900.8M)
*info: Placed = 36453         
*info: Unplaced = 0           
Placement Density:55.28%(22146/40062)
Placement Density (including fixed std cells):55.28%(22146/40062)
Finished check_place (total: cpu=0:00:00.7, real=0:00:00.0; vio checks: cpu=0:00:00.6, real=0:00:00.0; mem=3868.8M)
Leaving CCOpt scope - CheckPlace done. (took cpu=0:00:00.8 real=0:00:00.3)
Innovus will update I/O latencies
Found 0 ideal nets, 0 pins with transition annotations, 0 instances with delay annotations, 0 nets with delay annotations, refer to logv for details.

Check Prerequisites done. (took cpu=0:00:00.8 real=0:00:00.3)
      flow.cputime  flow.realtime  timing.setup.tns  timing.setup.wns  snapshot
UM:*                                                                   Check Prerequisites
CCOpt::Phase::Initialization done. (took cpu=0:00:01.0 real=0:00:00.5)
      flow.cputime  flow.realtime  timing.setup.tns  timing.setup.wns  snapshot
UM:*                                                                   CCOpt::Phase::Initialization
Executing ccopt post-processing.
Synthesizing clock trees with CCOpt...
*** CTS #1 [begin] (ccopt_design #1) : totSession cpu/real = 0:25:41.1/0:06:51.7 (3.7), mem = 3868.8M
CCOpt::Phase::PreparingToBalance...
Leaving CCOpt scope - Initializing power interface...
Leaving CCOpt scope - Initializing power interface done. (took cpu=0:00:00.0 real=0:00:00.0)
Found 0 advancing pin insertion delay (0.000% of 5059 clock tree sinks)
Found 0 delaying pin insertion delay (0.000% of 5059 clock tree sinks)
**WARN: (IMPCCOPT-1127):	The skew group default.clk/functional_AVF_RCTYP has been identified as a duplicate of: clk/functional
**WARN: (IMPCCOPT-1127):	The skew group default.clk/functional_AVF_RCWORST has been identified as a duplicate of: clk/functional
The skew group clk/functional_AVF_RCTYP has been identified as a duplicate of: clk/functional, so it will not be cloned.
The skew group clk/functional_AVF_RCWORST has been identified as a duplicate of: clk/functional, so it will not be cloned.
Leaving CCOpt scope - optDesignGlobalRouteStep...
Updating RC grid for preRoute extraction ...
Initializing multi-corner resistance tables ...
[NR-eGR] Started Early Global Route kernel ( Curr Mem: 3888.04 MB )
[NR-eGR] Track table information for default rule: 
[NR-eGR] M1 has single uniform track structure
[NR-eGR] M2 has single uniform track structure
[NR-eGR] C1 has single uniform track structure
[NR-eGR] C2 has single uniform track structure
[NR-eGR] C3 has single uniform track structure
[NR-eGR] C4 has single uniform track structure
[NR-eGR] BA has single uniform track structure
[NR-eGR] BB has single uniform track structure
[NR-eGR] JA has single uniform track structure
[NR-eGR] JB has single uniform track structure
[NR-eGR] LB has single uniform track structure
[NR-eGR] Read 21 PG shapes
[NR-eGR] Read 0 clock shapes
[NR-eGR] Read 0 other shapes
[NR-eGR] #Routing Blockages  : 31
[NR-eGR] #Instance Blockages : 100840
[NR-eGR] #PG Blockages       : 21
[NR-eGR] #Halo Blockages     : 0
[NR-eGR] #Boundary Blockages : 0
[NR-eGR] #Clock Blockages    : 0
[NR-eGR] #Other Blockages    : 0
[NR-eGR] Num Prerouted Nets = 0  Num Prerouted Wires = 0
[NR-eGR] Read 38685 nets ( ignored 0 )
[NR-eGR] There are 186 clock nets ( 0 with NDR ).
[NR-eGR] ============ Routing rule table ============
[NR-eGR] Rule id: 0  Nets: 38685
[NR-eGR] ========================================
[NR-eGR] 
[NR-eGR] Layer group 1: route 38685 net(s) in layer range [2, 11]
[NR-eGR] Early Global Route overflow of layer group 1: 0.17% H + 0.17% V. EstWL: 5.623981e+05um
[NR-eGR] Congestion Analysis By layer: (blocked Gcells are excluded) 
[NR-eGR]                        OverCon           OverCon           OverCon            
[NR-eGR]                         #Gcell            #Gcell            #Gcell     %Gcell
[NR-eGR]        Layer             (1-4)             (5-8)               (9)    OverCon
[NR-eGR] --------------------------------------------------------------------------------
[NR-eGR]      M1 ( 1)         0( 0.00%)         0( 0.00%)         0( 0.00%)   ( 0.00%) 
[NR-eGR]      M2 ( 2)       857( 0.88%)         0( 0.00%)         0( 0.00%)   ( 0.88%) 
[NR-eGR]      C1 ( 3)       348( 0.36%)         3( 0.00%)         0( 0.00%)   ( 0.36%) 
[NR-eGR]      C2 ( 4)        75( 0.08%)        12( 0.01%)         0( 0.00%)   ( 0.09%) 
[NR-eGR]      C3 ( 5)        97( 0.10%)         5( 0.01%)         0( 0.00%)   ( 0.10%) 
[NR-eGR]      C4 ( 6)        86( 0.09%)        35( 0.04%)         1( 0.00%)   ( 0.12%) 
[NR-eGR]      BA ( 7)        30( 0.03%)         0( 0.00%)         0( 0.00%)   ( 0.03%) 
[NR-eGR]      BB ( 8)        21( 0.02%)        18( 0.02%)         0( 0.00%)   ( 0.04%) 
[NR-eGR]      JA ( 9)         0( 0.00%)         0( 0.00%)         0( 0.00%)   ( 0.00%) 
[NR-eGR]      JB (10)         0( 0.00%)         0( 0.00%)         0( 0.00%)   ( 0.00%) 
[NR-eGR]      LB (11)         0( 0.00%)         0( 0.00%)         0( 0.00%)   ( 0.00%) 
[NR-eGR] --------------------------------------------------------------------------------
[NR-eGR]        Total      1514( 0.20%)        73( 0.01%)         1( 0.00%)   ( 0.21%) 
[NR-eGR] 
[NR-eGR] Overflow after Early Global Route 0.08% H + 0.06% V
[NR-eGR]             Length (um)    Vias 
[NR-eGR] --------------------------------
[NR-eGR]  M1  (1V)             0  111231 
[NR-eGR]  M2  (2H)         72382  223772 
[NR-eGR]  C1  (3V)        144127   55447 
[NR-eGR]  C2  (4H)        101839   20291 
[NR-eGR]  C3  (5V)        126674    8265 
[NR-eGR]  C4  (6H)         63955    2640 
[NR-eGR]  BA  (7V)         49113    1386 
[NR-eGR]  BB  (8H)         19695      54 
[NR-eGR]  JA  (9V)             6       0 
[NR-eGR]  JB  (10H)            0       0 
[NR-eGR]  LB  (11V)            0       0 
[NR-eGR] --------------------------------
[NR-eGR]      Total       577790  423086 
[NR-eGR] --------------------------------------------------------------------------
[NR-eGR] Total half perimeter of net bounding box: 472500um
[NR-eGR] Total length: 577790um, number of vias: 423086
[NR-eGR] --------------------------------------------------------------------------
[NR-eGR] Total eGR-routed clock nets wire length: 11372um, number of vias: 12936
[NR-eGR] --------------------------------------------------------------------------
[NR-eGR] Finished Early Global Route kernel ( CPU: 6.73 sec, Real: 2.50 sec, Curr Mem: 3930.86 MB )
Leaving CCOpt scope - optDesignGlobalRouteStep done. (took cpu=0:00:07.0 real=0:00:02.7)
Legalization setup...
Using cell based legalization.
Initializing placement interface...
  Use check_library -place or consult logv if problems occur.
  Leaving CCOpt scope - Initializing placement interface...

**Info: (IMPSP-2062): Some of the PG shapes may not be colorized properly in this design, users are required to run command colorizePowerMesh before any placement related commands!
  Leaving CCOpt scope - Initializing placement interface done. (took cpu=0:00:00.3 real=0:00:00.2)
Initializing placement interface done.
Leaving CCOpt scope - Cleaning up placement interface...
Leaving CCOpt scope - Cleaning up placement interface done. (took cpu=0:00:00.1 real=0:00:00.0)
Leaving CCOpt scope - Initializing placement interface...

**Info: (IMPSP-2062): Some of the PG shapes may not be colorized properly in this design, users are required to run command colorizePowerMesh before any placement related commands!
Leaving CCOpt scope - Initializing placement interface done. (took cpu=0:00:00.1 real=0:00:00.1)
Legalization setup done. (took cpu=0:00:00.6 real=0:00:00.4)
      flow.cputime  flow.realtime  timing.setup.tns  timing.setup.wns  snapshot
UM:*                                                                   Legalization setup
Validating CTS configuration...
Checking module port directions...
Checking module port directions done. (took cpu=0:00:00.0 real=0:00:00.0)
Non-default attributes:
  Public non-default attributes:
    cts_clock_tree_source_max_capacitance is set for at least one object
    cts_merge_clock_gates is set for at least one object
    cts_merge_clock_logic is set for at least one object
    cts_route_type is set for at least one object
  No private non-default attributes
Route type trimming info:
  No route type modifications were made.
Updating RC grid for preRoute extraction ...
Initializing multi-corner resistance tables ...
Clock tree balancer configuration for clock_tree clk:
Non-default attributes:
  Public non-default attributes:
    cts_clock_tree_source_max_capacitance: 162 (default: auto)
    cts_merge_clock_gates: true (default: false)
    cts_merge_clock_logic: true (default: false)
    cts_route_type (leaf): default_route_type_leaf (default: default)
    cts_route_type (top): default_route_type_nonleaf (default: default)
    cts_route_type (trunk): default_route_type_nonleaf (default: default)
  No private non-default attributes
For power domain auto-default:
  Buffers:     {SC8T_BUFX24_CSC28L SC8T_BUFX20_CSC28L SC8T_BUFX16_CSC28L SC8T_BUFX12_CSC28L SC8T_BUFX10_CSC28L SC8T_CKBUFX8_CSC28L SC8T_BUFX8_CSC28L SC8T_BUFX6_CSC28L SC8T_CKBUFX4_CSC28L SC8T_BUFX4_CSC28L SC8T_BUFX3_CSC28L SC8T_BUFX1P5_CSC28L SC8T_BUFX0P5_A_CSC28L}
  Inverters:   {SC8T_INVX24_CSC28L SC8T_INVX20_CSC28L SC8T_INVX16_CSC28L SC8T_CKINVX12_CSC28L SC8T_INVX12_CSC28L SC8T_INVX10_CSC28L SC8T_INVX8_CSC28L SC8T_INVX6_CSC28L SC8T_INVX4_CSC28L SC8T_INVX3_CSC28L SC8T_INVX2_CSC28L SC8T_INVX1_CSC28L SC8T_INVX0P5_CSC28L}
  Clock gates: SC8T_CKGPRELATNX24_CSC28L SC8T_CKGPRELATNX16_CSC28L SC8T_CKGPRELATNX12_CSC28L SC8T_CKGPRELATNX8_CSC28L SC8T_CKGPRELATNX4_CSC28L SC8T_CKGPRELATNX2_CSC28L SC8T_CKGPRELATNX1_CSC28L 
  Unblocked area available for placement of any clock cells in power_domain auto-default: 40062.397um^2
Top Routing info:
  Route-type name: default_route_type_nonleaf; Top/bottom preferred layer name: C2/C1; 
  Unshielded; Mask Constraint: 0; Source: cts_route_type.
Trunk Routing info:
  Route-type name: default_route_type_nonleaf; Top/bottom preferred layer name: C2/C1; 
  Unshielded; Preferred extra space: 1; Mask Constraint: 0; Source: cts_route_type.
Leaf Routing info:
  Route-type name: default_route_type_leaf; Top/bottom preferred layer name: C2/C1; 
  Unshielded; Preferred extra space: 1; Mask Constraint: 0; Source: cts_route_type.
For timing_corner WC_dc:setup, late and power domain auto-default:
  Slew time target (leaf):    87.8ps
  Slew time target (trunk):   87.8ps
  Slew time target (top):     89.4ps (Note: no nets are considered top nets in this clock tree)
  Buffer unit delay: 53.8ps
  Buffer max distance: 319.326um
Fastest wire driving cells and distances:
  Buffer    : {lib_cell:SC8T_BUFX24_CSC28L, fastest_considered_half_corner=WC_dc:setup.late, optimalDrivingDistance=274.400um, saturatedSlew=60.0ps, speed=3232.038um per ns, cellArea=8.975um^2 per 1000um}
  Inverter  : {lib_cell:SC8T_INVX24_CSC28L, fastest_considered_half_corner=WC_dc:setup.late, optimalDrivingDistance=145.917um, saturatedSlew=34.6ps, speed=3790.052um per ns, cellArea=11.404um^2 per 1000um}
  Clock gate: {lib_cell:SC8T_CKGPRELATNX24_CSC28L, fastest_considered_half_corner=WC_dc:setup.late, optimalDrivingDistance=308.700um, saturatedSlew=76.5ps, speed=2670.415um per ns, cellArea=17.896um^2 per 1000um}


Logic Sizing Table:

----------------------------------------------------------
Cell    Instance count    Source    Eligible library cells
----------------------------------------------------------
  (empty table)
----------------------------------------------------------


Clock tree balancer configuration for skew_group clk/functional:
  Sources:                     pin clk
  Total number of sinks:       5059
  Delay constrained sinks:     5059
  Constrains:                  default
  Non-leaf sinks:              0
  Ignore pins:                 0
 Timing corner WC_dc:setup.late:
  Skew target:                 53.8ps
Primary reporting skew groups are:
skew_group clk/functional with 5059 clock sinks

Clock DAG stats initial state:
  cell counts      : b=181, i=4, icg=0, dcg=0, l=0, total=185
  sink counts      : regular=5059, enable_latch=0, load_capacitance=0, antenna=0, node_sink=0, total=5059
  misc counts      : r=1, pp=0
  cell areas       : b=36.142um^2, i=0.599um^2, icg=0.000um^2, dcg=0.000um^2, l=0.000um^2, total=36.741um^2
  hp wire lengths  : top=0.000um, trunk=494.816um, leaf=2624.020um, total=3118.836um
Clock DAG library cell distribution initial state {count}:
   Bufs: SC8T_BUFX1_A_CSC28L: 181 
   Invs: SC8T_INVX2_CSC28L: 1 SC8T_INVX1_CSC28L: 3 
      flow.cputime  flow.realtime  timing.setup.tns  timing.setup.wns  snapshot
UM:*                                                                   InitialState
Have 8 CPUs available for CTS. Selected algorithms will run multithreaded.
No ideal or dont_touch nets found in the clock tree
No dont_touch hnets found in the clock tree
No dont_touch hpins found in the clock network.
Checking for illegal sizes of clock logic instances...
Checking for illegal sizes of clock logic instances done. (took cpu=0:00:00.0 real=0:00:00.0)
      flow.cputime  flow.realtime  timing.setup.tns  timing.setup.wns  snapshot
UM:*                                                                   Checking for illegal sizes of clock logic instances
Validating CTS configuration done. (took cpu=0:00:07.0 real=0:00:06.7)
      flow.cputime  flow.realtime  timing.setup.tns  timing.setup.wns  snapshot
UM:*                                                                   Validating CTS configuration
CCOpt configuration status: all checks passed.
Adding exclusion drivers to pins that are cts_sink_type_effective exclude...
    Adding exclusion drivers (these will be instances of the smallest area library cells).
  No exclusion drivers are needed.
Adding exclusion drivers to pins that are cts_sink_type_effective exclude done.
Antenna diode management...
  Found 0 antenna diodes in the clock trees.
  
Antenna diode management done.
Adding driver cells for primary IOs...
  
  ----------------------------------------------------------------------------------------------
  CCOpt reported the following when adding drivers below input ports and above output ports     
  ----------------------------------------------------------------------------------------------
    (empty table)
  ----------------------------------------------------------------------------------------------
  
  
Adding driver cells for primary IOs done.
Adding driver cell for primary IO roots...
Adding driver cell for primary IO roots done.
Maximizing clock DAG abstraction...
  Removing clock DAG drivers
Maximizing clock DAG abstraction done.
CCOpt::Phase::PreparingToBalance done. (took cpu=0:00:15.1 real=0:00:10.3)
      flow.cputime  flow.realtime  timing.setup.tns  timing.setup.wns  snapshot
UM:*                                                                   CCOpt::Phase::PreparingToBalance
Synthesizing clock trees...
  Preparing To Balance...
  Leaving CCOpt scope - Cleaning up placement interface...
  Leaving CCOpt scope - Cleaning up placement interface done. (took cpu=0:00:00.1 real=0:00:00.0)
  Leaving CCOpt scope - Initializing placement interface...

**Info: (IMPSP-2062): Some of the PG shapes may not be colorized properly in this design, users are required to run command colorizePowerMesh before any placement related commands!
  Leaving CCOpt scope - Initializing placement interface done. (took cpu=0:00:00.1 real=0:00:00.1)
  Merging duplicate siblings in DAG...
    Clock DAG stats before merging:
      cell counts      : b=0, i=0, icg=0, dcg=0, l=0, total=0
      sink counts      : regular=5059, enable_latch=0, load_capacitance=0, antenna=0, node_sink=0, total=5059
      misc counts      : r=1, pp=0
      cell areas       : b=0.000um^2, i=0.000um^2, icg=0.000um^2, dcg=0.000um^2, l=0.000um^2, total=0.000um^2
      hp wire lengths  : top=0.000um, trunk=0.000um, leaf=0.000um, total=0.000um
      flow.cputime  flow.realtime  timing.setup.tns  timing.setup.wns  snapshot
UM:*                                                                   before merging
    Resynthesising clock tree into netlist...
      Reset timing graph...
Ignoring AAE DB Resetting ...
      Reset timing graph done.
    Resynthesising clock tree into netlist done.
    Merging duplicate clock dag driver clones in DAG...
    Merging duplicate clock dag driver clones in DAG done.
    
    Disconnecting clock tree from netlist...
    Disconnecting clock tree from netlist done.
  Merging duplicate siblings in DAG done.
  Applying movement limits...
  Applying movement limits done.
  Preparing To Balance done. (took cpu=0:00:00.6 real=0:00:00.5)
      flow.cputime  flow.realtime  timing.setup.tns  timing.setup.wns  snapshot
UM:*                                                                   Preparing To Balance
  CCOpt::Phase::Construction...
  Stage::Clustering...
  Clustering...
    Initialize for clustering...
    Clock DAG stats before clustering:
      cell counts      : b=0, i=0, icg=0, dcg=0, l=0, total=0
      sink counts      : regular=5059, enable_latch=0, load_capacitance=0, antenna=0, node_sink=0, total=5059
      misc counts      : r=1, pp=0
      cell areas       : b=0.000um^2, i=0.000um^2, icg=0.000um^2, dcg=0.000um^2, l=0.000um^2, total=0.000um^2
      hp wire lengths  : top=0.000um, trunk=0.000um, leaf=0.000um, total=0.000um
      flow.cputime  flow.realtime  timing.setup.tns  timing.setup.wns  snapshot
UM:*                                                                   before clustering
    Computing max distances from locked parents...
      Computing distance_from_locked_parent_restrictions for 0 nodes driven by 0 locked parents
    Computing max distances from locked parents done.
    Computing optimal clock node locations...
    : ...20% ...40% ...60% ...80% ...100% 
    Computing optimal clock node locations done. (took cpu=0:00:00.0 real=0:00:00.0)
    Initialize for clustering done. (took cpu=0:00:00.3 real=0:00:00.2)
      flow.cputime  flow.realtime  timing.setup.tns  timing.setup.wns  snapshot
UM:*                                                                   Initialize for clustering
    Bottom-up phase...
    Clustering bottom-up starting from leaves...
      Clustering clock_tree clk...
          Clock tree timing engine global stage delay update for WC_dc:setup.late...
          Clock tree timing engine global stage delay update for WC_dc:setup.late done. (took cpu=0:00:00.3 real=0:00:00.0)
      Clustering clock_tree clk done.
    Clustering bottom-up starting from leaves done.
    Rebuilding the clock tree after clustering...
    Rebuilding the clock tree after clustering done.
    Clock DAG stats after bottom-up phase:
      cell counts      : b=58, i=0, icg=0, dcg=0, l=0, total=58
      sink counts      : regular=5059, enable_latch=0, load_capacitance=0, antenna=0, node_sink=0, total=5059
      misc counts      : r=1, pp=0
      cell areas       : b=140.841um^2, i=0.000um^2, icg=0.000um^2, dcg=0.000um^2, l=0.000um^2, total=140.841um^2
      hp wire lengths  : top=0.000um, trunk=766.024um, leaf=2642.906um, total=3408.930um
    Clock DAG library cell distribution after bottom-up phase {count}:
       Bufs: SC8T_BUFX24_CSC28L: 53 SC8T_BUFX20_CSC28L: 5 
      flow.cputime  flow.realtime  timing.setup.tns  timing.setup.wns  snapshot
UM:*                                                                   after bottom-up phase
    Bottom-up phase done. (took cpu=0:00:05.0 real=0:00:01.7)
      flow.cputime  flow.realtime  timing.setup.tns  timing.setup.wns  snapshot
UM:*                                                                   Bottom-up phase
    Legalizing clock trees...
    Resynthesising clock tree into netlist...
      Reset timing graph...
Ignoring AAE DB Resetting ...
      Reset timing graph done.
    Resynthesising clock tree into netlist done.
    Commiting net attributes....
    Commiting net attributes. done.
    Leaving CCOpt scope - ClockRefiner...
    Performing a single pass refine place with checks partially disabled for clock sinks and datapath.

**Info: (IMPSP-2062): Some of the PG shapes may not be colorized properly in this design, users are required to run command colorizePowerMesh before any placement related commands!
*** Starting place_detail (0:26:03 mem=47261.5M) ***
Total net bbox length = 4.724e+05 (2.041e+05 2.683e+05) (ext = 1.498e+05)

**Info: (IMPSP-2062): Some of the PG shapes may not be colorized properly in this design, users are required to run command colorizePowerMesh before any placement related commands!
Move report: Detail placement moves 447 insts, mean move: 0.60 um, max move: 3.08 um 
	Max move on inst (SILEGO_cell/MTRF_cell/seq_gen/U4643): (82.99, 108.80) --> (82.47, 106.24)
	Runtime: CPU: 0:00:04.9 REAL: 0:00:02.0 MEM: 47301.5MB
Summary Report:
Instances move: 447 (out of 36326 movable)
Instances flipped: 5
Mean displacement: 0.60 um
Max displacement: 3.08 um (Instance: SILEGO_cell/MTRF_cell/seq_gen/U4643) (82.992, 108.8) -> (82.472, 106.24)
	Length: 8 sites, height: 1 rows, site name: SC8T_104CPP_CMOS22FDX, cell type: SC8T_MUX2X1_A_CSC28L
Total net bbox length = 4.726e+05 (2.042e+05 2.684e+05) (ext = 1.498e+05)
Runtime: CPU: 0:00:05.0 REAL: 0:00:02.0 MEM: 47301.5MB
*** Finished place_detail (0:26:08 mem=47301.5M) ***
    ClockRefiner summary
    All clock instances: Moved 144, flipped 63 and cell swapped 0 (out of a total of 5117).
    The largest move was 1.78 um for dimarch_data_in_out_reg[68].

**Info: (IMPSP-2062): Some of the PG shapes may not be colorized properly in this design, users are required to run command colorizePowerMesh before any placement related commands!
    Leaving CCOpt scope - ClockRefiner done. (took cpu=0:00:05.6 real=0:00:02.0)
    Disconnecting clock tree from netlist...
    Disconnecting clock tree from netlist done.
    Leaving CCOpt scope - Cleaning up placement interface...
    Leaving CCOpt scope - Cleaning up placement interface done. (took cpu=0:00:00.1 real=0:00:00.0)
    Leaving CCOpt scope - Initializing placement interface...

**Info: (IMPSP-2062): Some of the PG shapes may not be colorized properly in this design, users are required to run command colorizePowerMesh before any placement related commands!
    Leaving CCOpt scope - Initializing placement interface done. (took cpu=0:00:00.2 real=0:00:00.2)
    Clock tree timing engine global stage delay update for WC_dc:setup.late...
    Clock tree timing engine global stage delay update for WC_dc:setup.late done. (took cpu=0:00:00.3 real=0:00:00.1)
    
    Clock tree legalization - Histogram:
    ====================================
    
    --------------------------------
    Movement (um)    Number of cells
    --------------------------------
    [0.64,0.87)             1
    [0.87,1.1)              0
    [1.1,1.33)              4
    [1.33,1.56)             1
    --------------------------------
    
    
    Clock tree legalization - Top 10 Movements:
    ===========================================
    
    --------------------------------------------------------------------------------------------------------------------------------------------------------------
    Movement (um)    Desired             Achieved            Node
                     location            location            
    --------------------------------------------------------------------------------------------------------------------------------------------------------------
        1.56         (109.304,46.080)    (110.864,46.080)    CTS_ccl_a_buf_00017 (a lib_cell SC8T_BUFX24_CSC28L) at (110.864,46.080), in power domain auto-default
        1.28         (82.784,109.440)    (82.784,108.160)    CTS_ccl_a_buf_00056 (a lib_cell SC8T_BUFX24_CSC28L) at (82.784,108.160), in power domain auto-default
        1.28         (106.912,46.080)    (106.912,44.800)    CTS_ccl_a_buf_00053 (a lib_cell SC8T_BUFX24_CSC28L) at (106.912,44.800), in power domain auto-default
        1.28         (106.912,46.080)    (106.912,47.360)    CTS_ccl_buf_00057 (a lib_cell SC8T_BUFX24_CSC28L) at (106.912,47.360), in power domain auto-default
        1.248        (83.200,110.720)    (84.448,110.720)    CTS_ccl_a_buf_00021 (a lib_cell SC8T_BUFX24_CSC28L) at (84.448,110.720), in power domain auto-default
        0.64         (106.912,81.920)    (106.912,82.560)    CTS_ccl_a_buf_00014 (a lib_cell SC8T_BUFX24_CSC28L) at (106.912,82.560), in power domain auto-default
        0            (45.260,176.370)    (45.260,176.370)    CTS_ccl_a_buf_00046 (a lib_cell SC8T_BUFX24_CSC28L) at (43.992,176.000), in power domain auto-default
        0            (84.052,108.530)    (84.052,108.530)    CTS_ccl_a_buf_00056 (a lib_cell SC8T_BUFX24_CSC28L) at (82.784,108.160), in power domain auto-default
        0            (109.492,47.630)    (109.492,47.630)    CTS_ccl_buf_00057 (a lib_cell SC8T_BUFX24_CSC28L) at (106.912,47.360), in power domain auto-default
        0            (197.412,1.010)     (197.412,1.010)     CTS_ccl_a_buf_00058 (a lib_cell SC8T_BUFX24_CSC28L) at (196.144,0.640), in power domain auto-default
    --------------------------------------------------------------------------------------------------------------------------------------------------------------
    
    Legalizing clock trees done. (took cpu=0:00:06.6 real=0:00:02.6)
      flow.cputime  flow.realtime  timing.setup.tns  timing.setup.wns  snapshot
UM:*                                                                   Legalizing clock trees
    Clock DAG stats after 'Clustering':
      cell counts      : b=58, i=0, icg=0, dcg=0, l=0, total=58
      sink counts      : regular=5059, enable_latch=0, load_capacitance=0, antenna=0, node_sink=0, total=5059
      misc counts      : r=1, pp=0
      cell areas       : b=140.841um^2, i=0.000um^2, icg=0.000um^2, dcg=0.000um^2, l=0.000um^2, total=140.841um^2
      cell capacitance : b=299.380fF, i=0.000fF, icg=0.000fF, dcg=0.000fF, l=0.000fF, total=299.380fF
      sink capacitance : total=3722.117fF, avg=0.736fF, sd=0.034fF, min=0.679fF, max=0.757fF
      wire capacitance : top=0.000fF, trunk=156.466fF, leaf=1387.285fF, total=1543.752fF
      wire lengths     : top=0.000um, trunk=1196.380um, leaf=9641.345um, total=10837.725um
      hp wire lengths  : top=0.000um, trunk=771.080um, leaf=2645.944um, total=3417.024um
    Clock DAG net violations after 'Clustering':
      Remaining Transition : {count=1, worst=[16.0ps]} avg=16.0ps sd=0.0ps sum=16.0ps
    Clock DAG primary half-corner transition distribution after 'Clustering':
      Trunk : target=87.8ps count=7 avg=56.6ps sd=31.4ps min=20.8ps max=103.8ps {3 <= 52.7ps, 1 <= 70.2ps, 2 <= 79.0ps, 0 <= 83.4ps, 0 <= 87.8ps} {0 <= 92.2ps, 0 <= 96.6ps, 1 <= 105.4ps, 0 <= 131.7ps, 0 > 131.7ps}
      Leaf  : target=87.8ps count=52 avg=47.8ps sd=6.1ps min=39.4ps max=67.9ps {44 <= 52.7ps, 8 <= 70.2ps, 0 <= 79.0ps, 0 <= 83.4ps, 0 <= 87.8ps}
    Clock DAG library cell distribution after 'Clustering' {count}:
       Bufs: SC8T_BUFX24_CSC28L: 53 SC8T_BUFX20_CSC28L: 5 
    Primary reporting skew groups after 'Clustering':
      skew_group clk/functional: insertion delay [min=188.3, max=264.4, avg=226.7, sd=21.3], skew [76.1 vs 53.8*], 77.4% {193.1, 246.9} (wid=78.6 ws=59.6) (gid=188.3 gs=24.0)
    Skew group summary after 'Clustering':
      skew_group clk/functional: insertion delay [min=188.3, max=264.4, avg=226.7, sd=21.3], skew [76.1 vs 53.8*], 77.4% {193.1, 246.9} (wid=78.6 ws=59.6) (gid=188.3 gs=24.0)
    Legalizer API calls during this step: 875 succeeded with high effort: 875 succeeded with medium effort: 0 succeeded with low effort: 0 succeeded with basic effort: 0 succeeded with basic unbounded effort: 0
  Clustering done. (took cpu=0:00:12.7 real=0:00:05.4)
      flow.cputime  flow.realtime  timing.setup.tns  timing.setup.wns  snapshot
UM:*                                                                   Clustering
  Looking for fanout violations...
  Looking for fanout violations done.
  CongRepair After Initial Clustering...
  Reset timing graph...
Ignoring AAE DB Resetting ...
  Reset timing graph done.
  Leaving CCOpt scope - Early Global Route...
  Clock implementation routing...
Net route status summary:
  Clock:        59 (unrouted=59, trialRouted=0, noStatus=0, routed=0, fixed=0, [crossesIlmBoundary=0, tooFewTerms=0, (crossesIlmBoundary AND tooFewTerms=0)])
  Non-clock: 58277 (unrouted=19778, trialRouted=38499, noStatus=0, routed=0, fixed=0, [crossesIlmBoundary=0, tooFewTerms=19778, (crossesIlmBoundary AND tooFewTerms=0)])
    Routing using eGR only...
      Early Global Route - eGR only step...
(ccopt eGR): There are 59 nets to be routed. 0 nets have skip routing designation.
(ccopt eGR): There are 59 nets for routing of which 59 have one or more fixed wires.
(ccopt eGR): Start to route 59 all nets
[NR-eGR] Track table information for default rule: 
[NR-eGR] M1 has single uniform track structure
[NR-eGR] M2 has single uniform track structure
[NR-eGR] C1 has single uniform track structure
[NR-eGR] C2 has single uniform track structure
[NR-eGR] C3 has single uniform track structure
[NR-eGR] C4 has single uniform track structure
[NR-eGR] BA has single uniform track structure
[NR-eGR] BB has single uniform track structure
[NR-eGR] JA has single uniform track structure
[NR-eGR] JB has single uniform track structure
[NR-eGR] LB has single uniform track structure
[NR-eGR] Read 21 PG shapes
[NR-eGR] Read 0 clock shapes
[NR-eGR] Read 0 other shapes
[NR-eGR] #Routing Blockages  : 31
[NR-eGR] #Instance Blockages : 100775
[NR-eGR] #PG Blockages       : 21
[NR-eGR] #Halo Blockages     : 0
[NR-eGR] #Boundary Blockages : 0
[NR-eGR] #Clock Blockages    : 0
[NR-eGR] #Other Blockages    : 0
[NR-eGR] Num Prerouted Nets = 0  Num Prerouted Wires = 0
[NR-eGR] Read 38558 nets ( ignored 38499 )
[NR-eGR] Connected 0 must-join pins/ports
[NR-eGR] There are 59 clock nets ( 59 with NDR ).
[NR-eGR] ============ Routing rule table ============
[NR-eGR] Rule id: 0  Nets: 59
[NR-eGR] ========================================
[NR-eGR] 
[NR-eGR] Layer group 1: route 59 net(s) in layer range [3, 4]
[NR-eGR] Early Global Route overflow of layer group 1: 0.00% H + 0.00% V. EstWL: 1.053312e+04um
[NR-eGR] Create a new net group with 30 nets and layer range [3, 6]
[NR-eGR] Layer group 2: route 30 net(s) in layer range [3, 6]
[NR-eGR] Early Global Route overflow of layer group 2: 0.00% H + 0.00% V. EstWL: 1.537216e+04um
[NR-eGR] Create a new net group with 29 nets and layer range [3, 8]
[NR-eGR] Layer group 3: route 29 net(s) in layer range [3, 8]
[NR-eGR] Early Global Route overflow of layer group 3: 0.00% H + 0.00% V. EstWL: 2.006272e+04um
[NR-eGR] Create a new net group with 29 nets and layer range [3, 10]
[NR-eGR] Layer group 4: route 29 net(s) in layer range [3, 10]
[NR-eGR] Early Global Route overflow of layer group 4: 0.00% H + 0.00% V. EstWL: 2.475264e+04um
[NR-eGR] Create a new net group with 28 nets and layer range [3, 11]
[NR-eGR] Layer group 5: route 28 net(s) in layer range [3, 11]
[NR-eGR] Early Global Route overflow of layer group 5: 0.00% H + 0.00% V. EstWL: 2.926720e+04um
[NR-eGR] Congestion Analysis By layer: (blocked Gcells are excluded) 
[NR-eGR]                        OverCon            
[NR-eGR]                         #Gcell     %Gcell
[NR-eGR]        Layer               (1)    OverCon
[NR-eGR] ----------------------------------------------
[NR-eGR]      M1 ( 1)         0( 0.00%)   ( 0.00%) 
[NR-eGR]      M2 ( 2)        74( 0.08%)   ( 0.08%) 
[NR-eGR]      C1 ( 3)         0( 0.00%)   ( 0.00%) 
[NR-eGR]      C2 ( 4)         0( 0.00%)   ( 0.00%) 
[NR-eGR]      C3 ( 5)         0( 0.00%)   ( 0.00%) 
[NR-eGR]      C4 ( 6)         0( 0.00%)   ( 0.00%) 
[NR-eGR]      BA ( 7)         0( 0.00%)   ( 0.00%) 
[NR-eGR]      BB ( 8)         0( 0.00%)   ( 0.00%) 
[NR-eGR]      JA ( 9)         0( 0.00%)   ( 0.00%) 
[NR-eGR]      JB (10)         0( 0.00%)   ( 0.00%) 
[NR-eGR]      LB (11)         0( 0.00%)   ( 0.00%) 
[NR-eGR] ----------------------------------------------
[NR-eGR]        Total        74( 0.01%)   ( 0.01%) 
[NR-eGR] 
[NR-eGR] Overflow after Early Global Route 0.00% H + 0.00% V
[NR-eGR]             Length (um)    Vias 
[NR-eGR] --------------------------------
[NR-eGR]  M1  (1V)             0  111158 
[NR-eGR]  M2  (2H)         70124  220221 
[NR-eGR]  C1  (3V)        143711   57033 
[NR-eGR]  C2  (4H)        103958   20495 
[NR-eGR]  C3  (5V)        126686    8263 
[NR-eGR]  C4  (6H)         63945    2640 
[NR-eGR]  BA  (7V)         49113    1386 
[NR-eGR]  BB  (8H)         19695      54 
[NR-eGR]  JA  (9V)             6       0 
[NR-eGR]  JB  (10H)            0       0 
[NR-eGR]  LB  (11V)            0       0 
[NR-eGR] --------------------------------
[NR-eGR]      Total       577236  421250 
[NR-eGR] --------------------------------------------------------------------------
[NR-eGR] Total half perimeter of net bounding box: 472560um
[NR-eGR] Total length: 577236um, number of vias: 421250
[NR-eGR] --------------------------------------------------------------------------
[NR-eGR] Total eGR-routed clock nets wire length: 10818um, number of vias: 11100
[NR-eGR] --------------------------------------------------------------------------
[NR-eGR] Report for selected net(s) only.
[NR-eGR]             Length (um)   Vias 
[NR-eGR] -------------------------------
[NR-eGR]  M1  (1V)             0    358 
[NR-eGR]  M2  (2H)           736   6015 
[NR-eGR]  C1  (3V)          5011   4415 
[NR-eGR]  C2  (4H)          4633    312 
[NR-eGR]  C3  (5V)           439      0 
[NR-eGR]  C4  (6H)             0      0 
[NR-eGR]  BA  (7V)             0      0 
[NR-eGR]  BB  (8H)             0      0 
[NR-eGR]  JA  (9V)             0      0 
[NR-eGR]  JB  (10H)            0      0 
[NR-eGR]  LB  (11V)            0      0 
[NR-eGR] -------------------------------
[NR-eGR]      Total        10818  11100 
[NR-eGR] --------------------------------------------------------------------------
[NR-eGR] Total half perimeter of net bounding box: 3448um
[NR-eGR] Total length: 10818um, number of vias: 11100
[NR-eGR] --------------------------------------------------------------------------
[NR-eGR] Total routed clock nets wire length: 10818um, number of vias: 11100
[NR-eGR] --------------------------------------------------------------------------
[NR-eGR] Finished Early Global Route kernel ( CPU: 1.42 sec, Real: 0.97 sec, Curr Mem: 47318.10 MB )
      Early Global Route - eGR only step done. (took cpu=0:00:01.6 real=0:00:01.1)
      flow.cputime  flow.realtime  timing.setup.tns  timing.setup.wns  snapshot
UM:*                                                                   Early Global Route - eGR only step
    Routing using eGR only done.
Net route status summary:
  Clock:        59 (unrouted=0, trialRouted=0, noStatus=0, routed=59, fixed=0, [crossesIlmBoundary=0, tooFewTerms=0, (crossesIlmBoundary AND tooFewTerms=0)])
  Non-clock: 58277 (unrouted=19778, trialRouted=38499, noStatus=0, routed=0, fixed=0, [crossesIlmBoundary=0, tooFewTerms=19778, (crossesIlmBoundary AND tooFewTerms=0)])

CCOPT: Done with clock implementation routing.

  Clock implementation routing done.
  CCOpt: Starting congestion repair using flow wrapper...
    Congestion Repair...
*** IncrReplace #1 [begin] (CTS #1 / ccopt_design #1) : totSession cpu/real = 0:26:12.4/0:07:10.4 (3.7), mem = 47318.1M
Info: Disable timing driven in postCTS congRepair.

Starting congRepair ...
[NR-eGR] Track table information for default rule: 
[NR-eGR] M1 has single uniform track structure
[NR-eGR] M2 has single uniform track structure
[NR-eGR] C1 has single uniform track structure
[NR-eGR] C2 has single uniform track structure
[NR-eGR] C3 has single uniform track structure
[NR-eGR] C4 has single uniform track structure
[NR-eGR] BA has single uniform track structure
[NR-eGR] BB has single uniform track structure
[NR-eGR] JA has single uniform track structure
[NR-eGR] JB has single uniform track structure
[NR-eGR] LB has single uniform track structure
[NR-eGR] Read 21 PG shapes
[NR-eGR] Read 0 clock shapes
[NR-eGR] Read 0 other shapes
[NR-eGR] #Routing Blockages  : 31
[NR-eGR] #Instance Blockages : 100775
[NR-eGR] #PG Blockages       : 21
[NR-eGR] #Halo Blockages     : 0
[NR-eGR] #Boundary Blockages : 0
[NR-eGR] #Clock Blockages    : 0
[NR-eGR] #Other Blockages    : 0
[NR-eGR] Num Prerouted Nets = 59  Num Prerouted Wires = 20378
[NR-eGR] Read 38558 nets ( ignored 59 )
[NR-eGR] ============ Routing rule table ============
[NR-eGR] Rule id: 1  Nets: 38499
[NR-eGR] ========================================
[NR-eGR] 
[NR-eGR] Layer group 1: route 38499 net(s) in layer range [2, 11]
[NR-eGR] Early Global Route overflow of layer group 1: 0.41% H + 0.38% V. EstWL: 5.513478e+05um
[NR-eGR] Congestion Analysis By layer: (blocked Gcells are excluded) 
[NR-eGR]                        OverCon           OverCon           OverCon           OverCon            
[NR-eGR]                         #Gcell            #Gcell            #Gcell            #Gcell     %Gcell
[NR-eGR]        Layer             (1-2)             (3-4)             (5-6)             (7-8)    OverCon
[NR-eGR] -------------------------------------------------------------------------------------------------
[NR-eGR]      M1 ( 1)         0( 0.00%)         0( 0.00%)         0( 0.00%)         0( 0.00%)   ( 0.00%) 
[NR-eGR]      M2 ( 2)       986( 1.01%)        12( 0.01%)         0( 0.00%)         0( 0.00%)   ( 1.02%) 
[NR-eGR]      C1 ( 3)       555( 0.57%)        29( 0.03%)         3( 0.00%)         1( 0.00%)   ( 0.60%) 
[NR-eGR]      C2 ( 4)        52( 0.05%)        18( 0.02%)         8( 0.01%)         1( 0.00%)   ( 0.08%) 
[NR-eGR]      C3 ( 5)       154( 0.16%)        17( 0.02%)         7( 0.01%)         1( 0.00%)   ( 0.18%) 
[NR-eGR]      C4 ( 6)        78( 0.08%)        46( 0.05%)        21( 0.02%)         4( 0.00%)   ( 0.15%) 
[NR-eGR]      BA ( 7)        40( 0.04%)        15( 0.02%)         1( 0.00%)         0( 0.00%)   ( 0.06%) 
[NR-eGR]      BB ( 8)         3( 0.00%)        14( 0.01%)        14( 0.01%)         0( 0.00%)   ( 0.03%) 
[NR-eGR]      JA ( 9)         0( 0.00%)         0( 0.00%)         0( 0.00%)         0( 0.00%)   ( 0.00%) 
[NR-eGR]      JB (10)         0( 0.00%)         0( 0.00%)         0( 0.00%)         0( 0.00%)   ( 0.00%) 
[NR-eGR]      LB (11)         0( 0.00%)         0( 0.00%)         0( 0.00%)         0( 0.00%)   ( 0.00%) 
[NR-eGR] -------------------------------------------------------------------------------------------------
[NR-eGR]        Total      1868( 0.25%)       151( 0.02%)        54( 0.01%)         7( 0.00%)   ( 0.28%) 
[NR-eGR] 
[NR-eGR] Overflow after Early Global Route 0.08% H + 0.09% V
Early Global Route congestion estimation runtime: 2.04 seconds, mem = 47356.0M
Local HotSpot Analysis: normalized max congestion hotspot area = 4.07, normalized total congestion hotspot area = 12.72 (area is in unit of 4 std-cell row bins)
Skipped repairing congestion.
[NR-eGR]             Length (um)    Vias 
[NR-eGR] --------------------------------
[NR-eGR]  M1  (1V)             0  111158 
[NR-eGR]  M2  (2H)         69409  218682 
[NR-eGR]  C1  (3V)        136383   58278 
[NR-eGR]  C2  (4H)         93773   24324 
[NR-eGR]  C3  (5V)        131668    9814 
[NR-eGR]  C4  (6H)         72651    2816 
[NR-eGR]  BA  (7V)         51496    1495 
[NR-eGR]  BB  (8H)         21404      48 
[NR-eGR]  JA  (9V)             5       0 
[NR-eGR]  JB  (10H)            0       0 
[NR-eGR]  LB  (11V)            0       0 
[NR-eGR] --------------------------------
[NR-eGR]      Total       576789  426615 
[NR-eGR] --------------------------------------------------------------------------
[NR-eGR] Total half perimeter of net bounding box: 472560um
[NR-eGR] Total length: 576789um, number of vias: 426615
[NR-eGR] --------------------------------------------------------------------------
[NR-eGR] Total eGR-routed clock nets wire length: 0um, number of vias: 0
[NR-eGR] --------------------------------------------------------------------------
Early Global Route wiring runtime: 0.63 seconds, mem = 47368.5M
Tdgp not successfully inited but do clear! skip clearing
End of congRepair (cpu=0:00:07.0, real=0:00:03.0)
*** IncrReplace #1 [finish] (CTS #1 / ccopt_design #1) : cpu/real = 0:00:07.0/0:00:02.8 (2.5), totSession cpu/real = 0:26:19.4/0:07:13.1 (3.6), mem = 47368.5M
    Congestion Repair done. (took cpu=0:00:07.0 real=0:00:02.8)
      flow.cputime  flow.realtime  timing.setup.tns  timing.setup.wns  snapshot
UM:*                                                                   Congestion Repair
  CCOpt: Starting congestion repair using flow wrapper done.

**Info: (IMPSP-2062): Some of the PG shapes may not be colorized properly in this design, users are required to run command colorizePowerMesh before any placement related commands!
  Leaving CCOpt scope - Early Global Route done. (took cpu=0:00:09.7 real=0:00:04.9)
  Leaving CCOpt scope - extractRC...
  Updating RC parasitics by calling: "extract_rc -noRouteCheck"...
Extraction called for design 'Silago_top_left_corner' of instances=36326 and nets=58336 using extraction engine 'pre_route' .
**WARN: (IMPEXT-3530):	The process node is not set. Use the command set_design_mode -process <process node> prior to extraction for maximum accuracy and optimal automatic threshold setting.
Type 'man IMPEXT-3530' for more detail.
pre_route RC Extraction called for design Silago_top_left_corner.
RC Extraction called in multi-corner(3) mode.
RCMode: PreRoute
      RC Corner Indexes            0       1       2   
Capacitance Scaling Factor   : 1.00000 1.00000 1.00000 
Resistance Scaling Factor    : 1.00000 1.00000 1.00000 
Clock Cap. Scaling Factor    : 1.00000 1.00000 1.00000 
Clock Res. Scaling Factor    : 1.00000 1.00000 1.00000 
Shrink Factor                : 1.00000
PreRoute extraction is honoring NDR/Shielding/ExtraSpace for clock nets.
Using Quantus QRC technology file ...
Updating RC grid for preRoute extraction ...
Initializing multi-corner resistance tables ...
PreRoute RC Extraction DONE (CPU Time: 0:00:01.1  Real Time: 0:00:01.0  MEM: 47368.504M)
  Updating RC parasitics by calling: "extract_rc -noRouteCheck" done.
  Leaving CCOpt scope - extractRC done. (took cpu=0:00:01.1 real=0:00:01.0)
  Clock tree timing engine global stage delay update for WC_dc:setup.late...
  Clock tree timing engine global stage delay update for WC_dc:setup.late done. (took cpu=0:00:00.3 real=0:00:00.1)
  Clock DAG stats after clustering cong repair call:
    cell counts      : b=58, i=0, icg=0, dcg=0, l=0, total=58
    sink counts      : regular=5059, enable_latch=0, load_capacitance=0, antenna=0, node_sink=0, total=5059
    misc counts      : r=1, pp=0
    cell areas       : b=140.841um^2, i=0.000um^2, icg=0.000um^2, dcg=0.000um^2, l=0.000um^2, total=140.841um^2
    cell capacitance : b=299.380fF, i=0.000fF, icg=0.000fF, dcg=0.000fF, l=0.000fF, total=299.380fF
    sink capacitance : total=3722.117fF, avg=0.736fF, sd=0.034fF, min=0.679fF, max=0.757fF
    wire capacitance : top=0.000fF, trunk=154.617fF, leaf=1369.826fF, total=1524.442fF
    wire lengths     : top=0.000um, trunk=1196.380um, leaf=9641.345um, total=10837.725um
    hp wire lengths  : top=0.000um, trunk=771.080um, leaf=2645.944um, total=3417.024um
  Clock DAG net violations after clustering cong repair call:
    Remaining Transition : {count=1, worst=[15.0ps]} avg=15.0ps sd=0.0ps sum=15.0ps
  Clock DAG primary half-corner transition distribution after clustering cong repair call:
    Trunk : target=87.8ps count=7 avg=56.2ps sd=31.1ps min=20.8ps max=102.8ps {3 <= 52.7ps, 1 <= 70.2ps, 2 <= 79.0ps, 0 <= 83.4ps, 0 <= 87.8ps} {0 <= 92.2ps, 0 <= 96.6ps, 1 <= 105.4ps, 0 <= 131.7ps, 0 > 131.7ps}
    Leaf  : target=87.8ps count=52 avg=47.6ps sd=6.2ps min=39.1ps max=67.7ps {44 <= 52.7ps, 8 <= 70.2ps, 0 <= 79.0ps, 0 <= 83.4ps, 0 <= 87.8ps}
  Clock DAG library cell distribution after clustering cong repair call {count}:
     Bufs: SC8T_BUFX24_CSC28L: 53 SC8T_BUFX20_CSC28L: 5 
  Primary reporting skew groups after clustering cong repair call:
    skew_group clk/functional: insertion delay [min=186.1, max=263.4, avg=224.6, sd=21.8], skew [77.3 vs 53.8*], 76.7% {188.9, 242.7} (wid=78.1 ws=59.0) (gid=188.6 gs=25.8)
  Skew group summary after clustering cong repair call:
    skew_group clk/functional: insertion delay [min=186.1, max=263.4, avg=224.6, sd=21.8], skew [77.3 vs 53.8*], 76.7% {188.9, 242.7} (wid=78.1 ws=59.0) (gid=188.6 gs=25.8)
  CongRepair After Initial Clustering done. (took cpu=0:00:11.5 real=0:00:06.4)
      flow.cputime  flow.realtime  timing.setup.tns  timing.setup.wns  snapshot
UM:*                                                                   CongRepair After Initial Clustering
  Stage::Clustering done. (took cpu=0:00:24.8 real=0:00:12.2)
      flow.cputime  flow.realtime  timing.setup.tns  timing.setup.wns  snapshot
UM:*                                                                   Stage::Clustering
  Stage::DRV Fixing...
  Fixing clock tree slew time and max cap violations...
    Fixing clock tree overload: ...20% ...40% ...60% ...80% ...100% 
    Clock DAG stats after 'Fixing clock tree slew time and max cap violations':
      cell counts      : b=58, i=0, icg=0, dcg=0, l=0, total=58
      sink counts      : regular=5059, enable_latch=0, load_capacitance=0, antenna=0, node_sink=0, total=5059
      misc counts      : r=1, pp=0
      cell areas       : b=136.248um^2, i=0.000um^2, icg=0.000um^2, dcg=0.000um^2, l=0.000um^2, total=136.248um^2
      cell capacitance : b=289.517fF, i=0.000fF, icg=0.000fF, dcg=0.000fF, l=0.000fF, total=289.517fF
      sink capacitance : total=3722.117fF, avg=0.736fF, sd=0.034fF, min=0.679fF, max=0.757fF
      wire capacitance : top=0.000fF, trunk=150.688fF, leaf=1402.116fF, total=1552.804fF
      wire lengths     : top=0.000um, trunk=1165.963um, leaf=9884.877um, total=11050.840um
      hp wire lengths  : top=0.000um, trunk=765.264um, leaf=2862.254um, total=3627.518um
    Clock DAG net violations after 'Fixing clock tree slew time and max cap violations': none
    Clock DAG primary half-corner transition distribution after 'Fixing clock tree slew time and max cap violations':
      Trunk : target=87.8ps count=7 avg=53.8ps sd=27.3ps min=20.8ps max=85.7ps {3 <= 52.7ps, 1 <= 70.2ps, 2 <= 79.0ps, 0 <= 83.4ps, 1 <= 87.8ps}
      Leaf  : target=87.8ps count=52 avg=52.6ps sd=12.3ps min=39.1ps max=87.2ps {35 <= 52.7ps, 12 <= 70.2ps, 1 <= 79.0ps, 1 <= 83.4ps, 3 <= 87.8ps}
    Clock DAG library cell distribution after 'Fixing clock tree slew time and max cap violations' {count}:
       Bufs: SC8T_BUFX24_CSC28L: 49 SC8T_BUFX20_CSC28L: 5 SC8T_BUFX16_CSC28L: 1 SC8T_BUFX12_CSC28L: 2 SC8T_BUFX10_CSC28L: 1 
    Primary reporting skew groups after 'Fixing clock tree slew time and max cap violations':
      skew_group clk/functional: insertion delay [min=186.1, max=259.6], skew [73.5 vs 53.8*]
    Skew group summary after 'Fixing clock tree slew time and max cap violations':
      skew_group clk/functional: insertion delay [min=186.1, max=259.6], skew [73.5 vs 53.8*]
    Legalizer API calls during this step: 75 succeeded with high effort: 75 succeeded with medium effort: 0 succeeded with low effort: 0 succeeded with basic effort: 0 succeeded with basic unbounded effort: 0
  Fixing clock tree slew time and max cap violations done. (took cpu=0:00:02.9 real=0:00:02.9)
      flow.cputime  flow.realtime  timing.setup.tns  timing.setup.wns  snapshot
UM:*                                                                   Fixing clock tree slew time and max cap violations
  Fixing clock tree slew time and max cap violations - detailed pass...
    Fixing clock tree overload: ...20% ...40% ...60% ...80% ...100% 
    Clock DAG stats after 'Fixing clock tree slew time and max cap violations - detailed pass':
      cell counts      : b=58, i=0, icg=0, dcg=0, l=0, total=58
      sink counts      : regular=5059, enable_latch=0, load_capacitance=0, antenna=0, node_sink=0, total=5059
      misc counts      : r=1, pp=0
      cell areas       : b=136.248um^2, i=0.000um^2, icg=0.000um^2, dcg=0.000um^2, l=0.000um^2, total=136.248um^2
      cell capacitance : b=289.517fF, i=0.000fF, icg=0.000fF, dcg=0.000fF, l=0.000fF, total=289.517fF
      sink capacitance : total=3722.117fF, avg=0.736fF, sd=0.034fF, min=0.679fF, max=0.757fF
      wire capacitance : top=0.000fF, trunk=150.688fF, leaf=1402.116fF, total=1552.804fF
      wire lengths     : top=0.000um, trunk=1165.963um, leaf=9884.877um, total=11050.840um
      hp wire lengths  : top=0.000um, trunk=765.264um, leaf=2862.254um, total=3627.518um
    Clock DAG net violations after 'Fixing clock tree slew time and max cap violations - detailed pass': none
    Clock DAG primary half-corner transition distribution after 'Fixing clock tree slew time and max cap violations - detailed pass':
      Trunk : target=87.8ps count=7 avg=53.8ps sd=27.3ps min=20.8ps max=85.7ps {3 <= 52.7ps, 1 <= 70.2ps, 2 <= 79.0ps, 0 <= 83.4ps, 1 <= 87.8ps}
      Leaf  : target=87.8ps count=52 avg=52.6ps sd=12.3ps min=39.1ps max=87.2ps {35 <= 52.7ps, 12 <= 70.2ps, 1 <= 79.0ps, 1 <= 83.4ps, 3 <= 87.8ps}
    Clock DAG library cell distribution after 'Fixing clock tree slew time and max cap violations - detailed pass' {count}:
       Bufs: SC8T_BUFX24_CSC28L: 49 SC8T_BUFX20_CSC28L: 5 SC8T_BUFX16_CSC28L: 1 SC8T_BUFX12_CSC28L: 2 SC8T_BUFX10_CSC28L: 1 
    Primary reporting skew groups after 'Fixing clock tree slew time and max cap violations - detailed pass':
      skew_group clk/functional: insertion delay [min=186.1, max=259.6, avg=222.8, sd=18.3], skew [73.5 vs 53.8*], 85.7% {191.3, 245.1} (wid=90.0 ws=70.9) (gid=190.3 gs=27.5)
    Skew group summary after 'Fixing clock tree slew time and max cap violations - detailed pass':
      skew_group clk/functional: insertion delay [min=186.1, max=259.6, avg=222.8, sd=18.3], skew [73.5 vs 53.8*], 85.7% {191.3, 245.1} (wid=90.0 ws=70.9) (gid=190.3 gs=27.5)
    Legalizer API calls during this step: 0 succeeded with high effort: 0 succeeded with medium effort: 0 succeeded with low effort: 0 succeeded with basic effort: 0 succeeded with basic unbounded effort: 0
  Fixing clock tree slew time and max cap violations - detailed pass done. (took cpu=0:00:00.2 real=0:00:00.2)
      flow.cputime  flow.realtime  timing.setup.tns  timing.setup.wns  snapshot
UM:*                                                                   Fixing clock tree slew time and max cap violations - detailed pass
  Stage::DRV Fixing done. (took cpu=0:00:03.6 real=0:00:03.6)
      flow.cputime  flow.realtime  timing.setup.tns  timing.setup.wns  snapshot
UM:*                                                                   Stage::DRV Fixing
  Stage::Insertion Delay Reduction...
  Removing unnecessary root buffering...
    Clock DAG stats after 'Removing unnecessary root buffering':
      cell counts      : b=58, i=0, icg=0, dcg=0, l=0, total=58
      sink counts      : regular=5059, enable_latch=0, load_capacitance=0, antenna=0, node_sink=0, total=5059
      misc counts      : r=1, pp=0
      cell areas       : b=136.248um^2, i=0.000um^2, icg=0.000um^2, dcg=0.000um^2, l=0.000um^2, total=136.248um^2
      cell capacitance : b=289.517fF, i=0.000fF, icg=0.000fF, dcg=0.000fF, l=0.000fF, total=289.517fF
      sink capacitance : total=3722.117fF, avg=0.736fF, sd=0.034fF, min=0.679fF, max=0.757fF
      wire capacitance : top=0.000fF, trunk=150.688fF, leaf=1402.116fF, total=1552.804fF
      wire lengths     : top=0.000um, trunk=1165.963um, leaf=9884.877um, total=11050.840um
      hp wire lengths  : top=0.000um, trunk=765.264um, leaf=2862.254um, total=3627.518um
    Clock DAG net violations after 'Removing unnecessary root buffering': none
    Clock DAG primary half-corner transition distribution after 'Removing unnecessary root buffering':
      Trunk : target=87.8ps count=7 avg=53.8ps sd=27.3ps min=20.8ps max=85.7ps {3 <= 52.7ps, 1 <= 70.2ps, 2 <= 79.0ps, 0 <= 83.4ps, 1 <= 87.8ps}
      Leaf  : target=87.8ps count=52 avg=52.6ps sd=12.3ps min=39.1ps max=87.2ps {35 <= 52.7ps, 12 <= 70.2ps, 1 <= 79.0ps, 1 <= 83.4ps, 3 <= 87.8ps}
    Clock DAG library cell distribution after 'Removing unnecessary root buffering' {count}:
       Bufs: SC8T_BUFX24_CSC28L: 49 SC8T_BUFX20_CSC28L: 5 SC8T_BUFX16_CSC28L: 1 SC8T_BUFX12_CSC28L: 2 SC8T_BUFX10_CSC28L: 1 
    Primary reporting skew groups after 'Removing unnecessary root buffering':
      skew_group clk/functional: insertion delay [min=186.1, max=259.6], skew [73.5 vs 53.8*]
    Skew group summary after 'Removing unnecessary root buffering':
      skew_group clk/functional: insertion delay [min=186.1, max=259.6], skew [73.5 vs 53.8*]
    Legalizer API calls during this step: 5 succeeded with high effort: 5 succeeded with medium effort: 0 succeeded with low effort: 0 succeeded with basic effort: 0 succeeded with basic unbounded effort: 0
  Removing unnecessary root buffering done. (took cpu=0:00:00.2 real=0:00:00.2)
      flow.cputime  flow.realtime  timing.setup.tns  timing.setup.wns  snapshot
UM:*                                                                   Removing unnecessary root buffering
  Removing unconstrained drivers...
    Clock DAG stats after 'Removing unconstrained drivers':
      cell counts      : b=58, i=0, icg=0, dcg=0, l=0, total=58
      sink counts      : regular=5059, enable_latch=0, load_capacitance=0, antenna=0, node_sink=0, total=5059
      misc counts      : r=1, pp=0
      cell areas       : b=136.248um^2, i=0.000um^2, icg=0.000um^2, dcg=0.000um^2, l=0.000um^2, total=136.248um^2
      cell capacitance : b=289.517fF, i=0.000fF, icg=0.000fF, dcg=0.000fF, l=0.000fF, total=289.517fF
      sink capacitance : total=3722.117fF, avg=0.736fF, sd=0.034fF, min=0.679fF, max=0.757fF
      wire capacitance : top=0.000fF, trunk=150.688fF, leaf=1402.116fF, total=1552.804fF
      wire lengths     : top=0.000um, trunk=1165.963um, leaf=9884.877um, total=11050.840um
      hp wire lengths  : top=0.000um, trunk=765.264um, leaf=2862.254um, total=3627.518um
    Clock DAG net violations after 'Removing unconstrained drivers': none
    Clock DAG primary half-corner transition distribution after 'Removing unconstrained drivers':
      Trunk : target=87.8ps count=7 avg=53.8ps sd=27.3ps min=20.8ps max=85.7ps {3 <= 52.7ps, 1 <= 70.2ps, 2 <= 79.0ps, 0 <= 83.4ps, 1 <= 87.8ps}
      Leaf  : target=87.8ps count=52 avg=52.6ps sd=12.3ps min=39.1ps max=87.2ps {35 <= 52.7ps, 12 <= 70.2ps, 1 <= 79.0ps, 1 <= 83.4ps, 3 <= 87.8ps}
    Clock DAG library cell distribution after 'Removing unconstrained drivers' {count}:
       Bufs: SC8T_BUFX24_CSC28L: 49 SC8T_BUFX20_CSC28L: 5 SC8T_BUFX16_CSC28L: 1 SC8T_BUFX12_CSC28L: 2 SC8T_BUFX10_CSC28L: 1 
    Primary reporting skew groups after 'Removing unconstrained drivers':
      skew_group clk/functional: insertion delay [min=186.1, max=259.6], skew [73.5 vs 53.8*]
    Skew group summary after 'Removing unconstrained drivers':
      skew_group clk/functional: insertion delay [min=186.1, max=259.6], skew [73.5 vs 53.8*]
    Legalizer API calls during this step: 0 succeeded with high effort: 0 succeeded with medium effort: 0 succeeded with low effort: 0 succeeded with basic effort: 0 succeeded with basic unbounded effort: 0
  Removing unconstrained drivers done. (took cpu=0:00:00.1 real=0:00:00.1)
      flow.cputime  flow.realtime  timing.setup.tns  timing.setup.wns  snapshot
UM:*                                                                   Removing unconstrained drivers
  Reducing insertion delay 1...
    Clock DAG stats after 'Reducing insertion delay 1':
      cell counts      : b=58, i=0, icg=0, dcg=0, l=0, total=58
      sink counts      : regular=5059, enable_latch=0, load_capacitance=0, antenna=0, node_sink=0, total=5059
      misc counts      : r=1, pp=0
      cell areas       : b=136.248um^2, i=0.000um^2, icg=0.000um^2, dcg=0.000um^2, l=0.000um^2, total=136.248um^2
      cell capacitance : b=289.517fF, i=0.000fF, icg=0.000fF, dcg=0.000fF, l=0.000fF, total=289.517fF
      sink capacitance : total=3722.117fF, avg=0.736fF, sd=0.034fF, min=0.679fF, max=0.757fF
      wire capacitance : top=0.000fF, trunk=150.688fF, leaf=1402.116fF, total=1552.804fF
      wire lengths     : top=0.000um, trunk=1165.963um, leaf=9884.877um, total=11050.840um
      hp wire lengths  : top=0.000um, trunk=765.264um, leaf=2862.254um, total=3627.518um
    Clock DAG net violations after 'Reducing insertion delay 1': none
    Clock DAG primary half-corner transition distribution after 'Reducing insertion delay 1':
      Trunk : target=87.8ps count=7 avg=53.8ps sd=27.3ps min=20.8ps max=85.7ps {3 <= 52.7ps, 1 <= 70.2ps, 2 <= 79.0ps, 0 <= 83.4ps, 1 <= 87.8ps}
      Leaf  : target=87.8ps count=52 avg=52.6ps sd=12.3ps min=39.1ps max=87.2ps {35 <= 52.7ps, 12 <= 70.2ps, 1 <= 79.0ps, 1 <= 83.4ps, 3 <= 87.8ps}
    Clock DAG library cell distribution after 'Reducing insertion delay 1' {count}:
       Bufs: SC8T_BUFX24_CSC28L: 49 SC8T_BUFX20_CSC28L: 5 SC8T_BUFX16_CSC28L: 1 SC8T_BUFX12_CSC28L: 2 SC8T_BUFX10_CSC28L: 1 
    Primary reporting skew groups after 'Reducing insertion delay 1':
      skew_group clk/functional: insertion delay [min=186.1, max=259.6], skew [73.5 vs 53.8*]
    Skew group summary after 'Reducing insertion delay 1':
      skew_group clk/functional: insertion delay [min=186.1, max=259.6], skew [73.5 vs 53.8*]
    Legalizer API calls during this step: 13 succeeded with high effort: 13 succeeded with medium effort: 0 succeeded with low effort: 0 succeeded with basic effort: 0 succeeded with basic unbounded effort: 0
  Reducing insertion delay 1 done. (took cpu=0:00:00.1 real=0:00:00.1)
      flow.cputime  flow.realtime  timing.setup.tns  timing.setup.wns  snapshot
UM:*                                                                   Reducing insertion delay 1
  Removing longest path buffering...
    Clock DAG stats after 'Removing longest path buffering':
      cell counts      : b=57, i=0, icg=0, dcg=0, l=0, total=57
      sink counts      : regular=5059, enable_latch=0, load_capacitance=0, antenna=0, node_sink=0, total=5059
      misc counts      : r=1, pp=0
      cell areas       : b=133.786um^2, i=0.000um^2, icg=0.000um^2, dcg=0.000um^2, l=0.000um^2, total=133.786um^2
      cell capacitance : b=284.281fF, i=0.000fF, icg=0.000fF, dcg=0.000fF, l=0.000fF, total=284.281fF
      sink capacitance : total=3722.117fF, avg=0.736fF, sd=0.034fF, min=0.679fF, max=0.757fF
      wire capacitance : top=0.000fF, trunk=151.321fF, leaf=1402.116fF, total=1553.437fF
      wire lengths     : top=0.000um, trunk=1166.290um, leaf=9884.877um, total=11051.167um
      hp wire lengths  : top=0.000um, trunk=765.520um, leaf=2862.254um, total=3627.774um
    Clock DAG net violations after 'Removing longest path buffering': none
    Clock DAG primary half-corner transition distribution after 'Removing longest path buffering':
      Trunk : target=87.8ps count=6 avg=67.6ps sd=17.9ps min=32.2ps max=80.8ps {1 <= 52.7ps, 1 <= 70.2ps, 3 <= 79.0ps, 1 <= 83.4ps, 0 <= 87.8ps}
      Leaf  : target=87.8ps count=52 avg=52.6ps sd=12.3ps min=39.1ps max=87.2ps {35 <= 52.7ps, 12 <= 70.2ps, 1 <= 79.0ps, 1 <= 83.4ps, 3 <= 87.8ps}
    Clock DAG library cell distribution after 'Removing longest path buffering' {count}:
       Bufs: SC8T_BUFX24_CSC28L: 48 SC8T_BUFX20_CSC28L: 5 SC8T_BUFX16_CSC28L: 1 SC8T_BUFX12_CSC28L: 2 SC8T_BUFX10_CSC28L: 1 
    Primary reporting skew groups after 'Removing longest path buffering':
      skew_group clk/functional: insertion delay [min=190.5, max=258.1], skew [67.6 vs 53.8*]
    Skew group summary after 'Removing longest path buffering':
      skew_group clk/functional: insertion delay [min=190.5, max=258.1], skew [67.6 vs 53.8*]
    Legalizer API calls during this step: 70 succeeded with high effort: 70 succeeded with medium effort: 0 succeeded with low effort: 0 succeeded with basic effort: 0 succeeded with basic unbounded effort: 0
  Removing longest path buffering done. (took cpu=0:00:03.8 real=0:00:03.8)
      flow.cputime  flow.realtime  timing.setup.tns  timing.setup.wns  snapshot
UM:*                                                                   Removing longest path buffering
  Reducing insertion delay 2...
    Clock DAG stats after 'Reducing insertion delay 2':
      cell counts      : b=57, i=0, icg=0, dcg=0, l=0, total=57
      sink counts      : regular=5059, enable_latch=0, load_capacitance=0, antenna=0, node_sink=0, total=5059
      misc counts      : r=1, pp=0
      cell areas       : b=134.185um^2, i=0.000um^2, icg=0.000um^2, dcg=0.000um^2, l=0.000um^2, total=134.185um^2
      cell capacitance : b=285.140fF, i=0.000fF, icg=0.000fF, dcg=0.000fF, l=0.000fF, total=285.140fF
      sink capacitance : total=3722.117fF, avg=0.736fF, sd=0.034fF, min=0.679fF, max=0.757fF
      wire capacitance : top=0.000fF, trunk=154.163fF, leaf=1401.757fF, total=1555.919fF
      wire lengths     : top=0.000um, trunk=1191.141um, leaf=9882.540um, total=11073.681um
      hp wire lengths  : top=0.000um, trunk=771.280um, leaf=2860.072um, total=3631.352um
    Clock DAG net violations after 'Reducing insertion delay 2': none
    Clock DAG primary half-corner transition distribution after 'Reducing insertion delay 2':
      Trunk : target=87.8ps count=6 avg=67.3ps sd=17.6ps min=32.2ps max=78.5ps {1 <= 52.7ps, 1 <= 70.2ps, 4 <= 79.0ps, 0 <= 83.4ps, 0 <= 87.8ps}
      Leaf  : target=87.8ps count=52 avg=52.4ps sd=11.9ps min=39.1ps max=87.2ps {35 <= 52.7ps, 12 <= 70.2ps, 2 <= 79.0ps, 1 <= 83.4ps, 2 <= 87.8ps}
    Clock DAG library cell distribution after 'Reducing insertion delay 2' {count}:
       Bufs: SC8T_BUFX24_CSC28L: 49 SC8T_BUFX20_CSC28L: 4 SC8T_BUFX16_CSC28L: 1 SC8T_BUFX12_CSC28L: 2 SC8T_BUFX10_CSC28L: 1 
    Primary reporting skew groups after 'Reducing insertion delay 2':
      skew_group clk/functional: insertion delay [min=190.7, max=247.6, avg=226.3, sd=14.7], skew [56.9 vs 53.8*], 99.4% {193.8, 247.6} (wid=92.5 ws=59.8) (gid=180.5 gs=26.0)
    Skew group summary after 'Reducing insertion delay 2':
      skew_group clk/functional: insertion delay [min=190.7, max=247.6, avg=226.3, sd=14.7], skew [56.9 vs 53.8*], 99.4% {193.8, 247.6} (wid=92.5 ws=59.8) (gid=180.5 gs=26.0)
    Legalizer API calls during this step: 282 succeeded with high effort: 282 succeeded with medium effort: 0 succeeded with low effort: 0 succeeded with basic effort: 0 succeeded with basic unbounded effort: 0
  Reducing insertion delay 2 done. (took cpu=0:00:05.6 real=0:00:05.6)
      flow.cputime  flow.realtime  timing.setup.tns  timing.setup.wns  snapshot
UM:*                                                                   Reducing insertion delay 2
  Stage::Insertion Delay Reduction done. (took cpu=0:00:11.0 real=0:00:11.0)
      flow.cputime  flow.realtime  timing.setup.tns  timing.setup.wns  snapshot
UM:*                                                                   Stage::Insertion Delay Reduction
  CCOpt::Phase::Construction done. (took cpu=0:00:40.1 real=0:00:27.5)
      flow.cputime  flow.realtime  timing.setup.tns  timing.setup.wns  snapshot
UM:*                                                                   CCOpt::Phase::Construction
  CCOpt::Phase::Implementation...
  Stage::Reducing Power...
  Improving clock tree routing...
    Iteration 1...
    Iteration 1 done.
    Clock DAG stats after 'Improving clock tree routing':
      cell counts      : b=57, i=0, icg=0, dcg=0, l=0, total=57
      sink counts      : regular=5059, enable_latch=0, load_capacitance=0, antenna=0, node_sink=0, total=5059
      misc counts      : r=1, pp=0
      cell areas       : b=134.185um^2, i=0.000um^2, icg=0.000um^2, dcg=0.000um^2, l=0.000um^2, total=134.185um^2
      cell capacitance : b=285.140fF, i=0.000fF, icg=0.000fF, dcg=0.000fF, l=0.000fF, total=285.140fF
      sink capacitance : total=3722.117fF, avg=0.736fF, sd=0.034fF, min=0.679fF, max=0.757fF
      wire capacitance : top=0.000fF, trunk=154.163fF, leaf=1401.757fF, total=1555.919fF
      wire lengths     : top=0.000um, trunk=1191.141um, leaf=9882.540um, total=11073.681um
      hp wire lengths  : top=0.000um, trunk=771.280um, leaf=2860.072um, total=3631.352um
    Clock DAG net violations after 'Improving clock tree routing': none
    Clock DAG primary half-corner transition distribution after 'Improving clock tree routing':
      Trunk : target=87.8ps count=6 avg=67.3ps sd=17.6ps min=32.2ps max=78.5ps {1 <= 52.7ps, 1 <= 70.2ps, 4 <= 79.0ps, 0 <= 83.4ps, 0 <= 87.8ps}
      Leaf  : target=87.8ps count=52 avg=52.4ps sd=11.9ps min=39.1ps max=87.2ps {35 <= 52.7ps, 12 <= 70.2ps, 2 <= 79.0ps, 1 <= 83.4ps, 2 <= 87.8ps}
    Clock DAG library cell distribution after 'Improving clock tree routing' {count}:
       Bufs: SC8T_BUFX24_CSC28L: 49 SC8T_BUFX20_CSC28L: 4 SC8T_BUFX16_CSC28L: 1 SC8T_BUFX12_CSC28L: 2 SC8T_BUFX10_CSC28L: 1 
    Primary reporting skew groups after 'Improving clock tree routing':
      skew_group clk/functional: insertion delay [min=190.7, max=247.6], skew [56.9 vs 53.8*]
    Skew group summary after 'Improving clock tree routing':
      skew_group clk/functional: insertion delay [min=190.7, max=247.6], skew [56.9 vs 53.8*]
    Legalizer API calls during this step: 15 succeeded with high effort: 15 succeeded with medium effort: 0 succeeded with low effort: 0 succeeded with basic effort: 0 succeeded with basic unbounded effort: 0
  Improving clock tree routing done. (took cpu=0:00:00.5 real=0:00:00.5)
      flow.cputime  flow.realtime  timing.setup.tns  timing.setup.wns  snapshot
UM:*                                                                   Improving clock tree routing
  Reducing clock tree power 1...
    Resizing gates:     ..Legalizing clock trees...
    Legalizing clock trees done. (took cpu=0:00:00.0 real=0:00:00.0)
      flow.cputime  flow.realtime  timing.setup.tns  timing.setup.wns  snapshot
UM:*                                                                   Legalizing clock trees
    .20% ...40% ...60% ...80% ...100% 
    Clock DAG stats after reducing clock tree power 1 iteration 1:
      cell counts      : b=57, i=0, icg=0, dcg=0, l=0, total=57
      sink counts      : regular=5059, enable_latch=0, load_capacitance=0, antenna=0, node_sink=0, total=5059
      misc counts      : r=1, pp=0
      cell areas       : b=92.851um^2, i=0.000um^2, icg=0.000um^2, dcg=0.000um^2, l=0.000um^2, total=92.851um^2
      cell capacitance : b=196.382fF, i=0.000fF, icg=0.000fF, dcg=0.000fF, l=0.000fF, total=196.382fF
      sink capacitance : total=3722.117fF, avg=0.736fF, sd=0.034fF, min=0.679fF, max=0.757fF
      wire capacitance : top=0.000fF, trunk=156.343fF, leaf=1398.748fF, total=1555.091fF
      wire lengths     : top=0.000um, trunk=1204.729um, leaf=9860.954um, total=11065.683um
      hp wire lengths  : top=0.000um, trunk=771.280um, leaf=2860.072um, total=3631.352um
    Clock DAG net violations after reducing clock tree power 1 iteration 1: none
    Clock DAG primary half-corner transition distribution after reducing clock tree power 1 iteration 1:
      Trunk : target=87.8ps count=6 avg=57.4ps sd=20.5ps min=17.9ps max=75.5ps {1 <= 52.7ps, 4 <= 70.2ps, 1 <= 79.0ps, 0 <= 83.4ps, 0 <= 87.8ps}
      Leaf  : target=87.8ps count=52 avg=70.0ps sd=14.8ps min=39.1ps max=87.1ps {11 <= 52.7ps, 7 <= 70.2ps, 14 <= 79.0ps, 13 <= 83.4ps, 7 <= 87.8ps}
    Clock DAG library cell distribution after reducing clock tree power 1 iteration 1 {count}:
       Bufs: SC8T_BUFX24_CSC28L: 9 SC8T_BUFX20_CSC28L: 8 SC8T_BUFX16_CSC28L: 14 SC8T_BUFX12_CSC28L: 16 SC8T_BUFX10_CSC28L: 10 
    Primary reporting skew groups after reducing clock tree power 1 iteration 1:
      skew_group clk/functional: insertion delay [min=205.4, max=254.9], skew [49.5 vs 53.8]
    Skew group summary after reducing clock tree power 1 iteration 1:
      skew_group clk/functional: insertion delay [min=205.4, max=254.9], skew [49.5 vs 53.8]
    Resizing gates:     ...20% ...40% ...60% ...80% ...Legalizing clock trees...
    Legalizing clock trees done. (took cpu=0:00:00.0 real=0:00:00.0)
      flow.cputime  flow.realtime  timing.setup.tns  timing.setup.wns  snapshot
UM:*                                                                   Legalizing clock trees
    100% 
    Clock DAG stats after reducing clock tree power 1 iteration 2:
      cell counts      : b=57, i=0, icg=0, dcg=0, l=0, total=57
      sink counts      : regular=5059, enable_latch=0, load_capacitance=0, antenna=0, node_sink=0, total=5059
      misc counts      : r=1, pp=0
      cell areas       : b=75.878um^2, i=0.000um^2, icg=0.000um^2, dcg=0.000um^2, l=0.000um^2, total=75.878um^2
      cell capacitance : b=160.042fF, i=0.000fF, icg=0.000fF, dcg=0.000fF, l=0.000fF, total=160.042fF
      sink capacitance : total=3722.117fF, avg=0.736fF, sd=0.034fF, min=0.679fF, max=0.757fF
      wire capacitance : top=0.000fF, trunk=154.975fF, leaf=1396.454fF, total=1551.429fF
      wire lengths     : top=0.000um, trunk=1195.480um, leaf=9843.438um, total=11038.918um
      hp wire lengths  : top=0.000um, trunk=771.280um, leaf=2860.072um, total=3631.352um
    Clock DAG net violations after reducing clock tree power 1 iteration 2: none
    Clock DAG primary half-corner transition distribution after reducing clock tree power 1 iteration 2:
      Trunk : target=87.8ps count=6 avg=54.1ps sd=21.5ps min=15.7ps max=79.0ps {2 <= 52.7ps, 3 <= 70.2ps, 1 <= 79.0ps, 0 <= 83.4ps, 0 <= 87.8ps}
      Leaf  : target=87.8ps count=52 avg=79.7ps sd=5.1ps min=61.4ps max=87.1ps {0 <= 52.7ps, 2 <= 70.2ps, 18 <= 79.0ps, 21 <= 83.4ps, 11 <= 87.8ps}
    Clock DAG library cell distribution after reducing clock tree power 1 iteration 2 {count}:
       Bufs: SC8T_BUFX24_CSC28L: 1 SC8T_BUFX20_CSC28L: 3 SC8T_BUFX16_CSC28L: 10 SC8T_BUFX12_CSC28L: 24 SC8T_BUFX10_CSC28L: 19 
    Primary reporting skew groups after reducing clock tree power 1 iteration 2:
      skew_group clk/functional: insertion delay [min=215.6, max=257.2], skew [41.6 vs 53.8]
    Skew group summary after reducing clock tree power 1 iteration 2:
      skew_group clk/functional: insertion delay [min=215.6, max=257.2], skew [41.6 vs 53.8]
    Resizing gates:     ...20% ...40% ...60% ...80% ...Legalizing clock trees...
    Legalizing clock trees done. (took cpu=0:00:00.0 real=0:00:00.0)
      flow.cputime  flow.realtime  timing.setup.tns  timing.setup.wns  snapshot
UM:*                                                                   Legalizing clock trees
    100% 
    Clock DAG stats after 'Reducing clock tree power 1':
      cell counts      : b=57, i=0, icg=0, dcg=0, l=0, total=57
      sink counts      : regular=5059, enable_latch=0, load_capacitance=0, antenna=0, node_sink=0, total=5059
      misc counts      : r=1, pp=0
      cell areas       : b=73.882um^2, i=0.000um^2, icg=0.000um^2, dcg=0.000um^2, l=0.000um^2, total=73.882um^2
      cell capacitance : b=155.787fF, i=0.000fF, icg=0.000fF, dcg=0.000fF, l=0.000fF, total=155.787fF
      sink capacitance : total=3722.117fF, avg=0.736fF, sd=0.034fF, min=0.679fF, max=0.757fF
      wire capacitance : top=0.000fF, trunk=155.040fF, leaf=1396.421fF, total=1551.461fF
      wire lengths     : top=0.000um, trunk=1195.896um, leaf=9843.335um, total=11039.231um
      hp wire lengths  : top=0.000um, trunk=771.280um, leaf=2860.072um, total=3631.352um
    Clock DAG net violations after 'Reducing clock tree power 1': none
    Clock DAG primary half-corner transition distribution after 'Reducing clock tree power 1':
      Trunk : target=87.8ps count=6 avg=54.6ps sd=20.2ps min=15.7ps max=74.6ps {1 <= 52.7ps, 4 <= 70.2ps, 1 <= 79.0ps, 0 <= 83.4ps, 0 <= 87.8ps}
      Leaf  : target=87.8ps count=52 avg=80.8ps sd=3.7ps min=73.8ps max=87.7ps {0 <= 52.7ps, 0 <= 70.2ps, 18 <= 79.0ps, 20 <= 83.4ps, 14 <= 87.8ps}
    Clock DAG library cell distribution after 'Reducing clock tree power 1' {count}:
       Bufs: SC8T_BUFX20_CSC28L: 3 SC8T_BUFX16_CSC28L: 9 SC8T_BUFX12_CSC28L: 24 SC8T_BUFX10_CSC28L: 21 
    Primary reporting skew groups after 'Reducing clock tree power 1':
      skew_group clk/functional: insertion delay [min=209.7, max=259.4], skew [49.7 vs 53.8]
    Skew group summary after 'Reducing clock tree power 1':
      skew_group clk/functional: insertion delay [min=209.7, max=259.4], skew [49.7 vs 53.8]
    Legalizer API calls during this step: 491 succeeded with high effort: 491 succeeded with medium effort: 0 succeeded with low effort: 0 succeeded with basic effort: 0 succeeded with basic unbounded effort: 0
  Reducing clock tree power 1 done. (took cpu=0:00:11.0 real=0:00:04.8)
      flow.cputime  flow.realtime  timing.setup.tns  timing.setup.wns  snapshot
UM:*                                                                   Reducing clock tree power 1
  Reducing clock tree power 2...
    Clock DAG stats after 'Reducing clock tree power 2':
      cell counts      : b=57, i=0, icg=0, dcg=0, l=0, total=57
      sink counts      : regular=5059, enable_latch=0, load_capacitance=0, antenna=0, node_sink=0, total=5059
      misc counts      : r=1, pp=0
      cell areas       : b=73.882um^2, i=0.000um^2, icg=0.000um^2, dcg=0.000um^2, l=0.000um^2, total=73.882um^2
      cell capacitance : b=155.787fF, i=0.000fF, icg=0.000fF, dcg=0.000fF, l=0.000fF, total=155.787fF
      sink capacitance : total=3722.117fF, avg=0.736fF, sd=0.034fF, min=0.679fF, max=0.757fF
      wire capacitance : top=0.000fF, trunk=155.040fF, leaf=1396.421fF, total=1551.461fF
      wire lengths     : top=0.000um, trunk=1195.896um, leaf=9843.335um, total=11039.231um
      hp wire lengths  : top=0.000um, trunk=771.280um, leaf=2860.072um, total=3631.352um
    Clock DAG net violations after 'Reducing clock tree power 2': none
    Clock DAG primary half-corner transition distribution after 'Reducing clock tree power 2':
      Trunk : target=87.8ps count=6 avg=54.6ps sd=20.2ps min=15.7ps max=74.6ps {1 <= 52.7ps, 4 <= 70.2ps, 1 <= 79.0ps, 0 <= 83.4ps, 0 <= 87.8ps}
      Leaf  : target=87.8ps count=52 avg=80.8ps sd=3.7ps min=73.8ps max=87.7ps {0 <= 52.7ps, 0 <= 70.2ps, 18 <= 79.0ps, 20 <= 83.4ps, 14 <= 87.8ps}
    Clock DAG library cell distribution after 'Reducing clock tree power 2' {count}:
       Bufs: SC8T_BUFX20_CSC28L: 3 SC8T_BUFX16_CSC28L: 9 SC8T_BUFX12_CSC28L: 24 SC8T_BUFX10_CSC28L: 21 
    Primary reporting skew groups after 'Reducing clock tree power 2':
      skew_group clk/functional: insertion delay [min=209.7, max=259.4, avg=239.4, sd=7.8], skew [49.7 vs 53.8], 100% {209.7, 259.4} (wid=89.5 ws=56.6) (gid=202.6 gs=48.4)
    Skew group summary after 'Reducing clock tree power 2':
      skew_group clk/functional: insertion delay [min=209.7, max=259.4, avg=239.4, sd=7.8], skew [49.7 vs 53.8], 100% {209.7, 259.4} (wid=89.5 ws=56.6) (gid=202.6 gs=48.4)
    Legalizer API calls during this step: 0 succeeded with high effort: 0 succeeded with medium effort: 0 succeeded with low effort: 0 succeeded with basic effort: 0 succeeded with basic unbounded effort: 0
  Reducing clock tree power 2 done. (took cpu=0:00:00.1 real=0:00:00.1)
      flow.cputime  flow.realtime  timing.setup.tns  timing.setup.wns  snapshot
UM:*                                                                   Reducing clock tree power 2
  Stage::Reducing Power done. (took cpu=0:00:12.4 real=0:00:06.2)
      flow.cputime  flow.realtime  timing.setup.tns  timing.setup.wns  snapshot
UM:*                                                                   Stage::Reducing Power
  Stage::Balancing...
  Approximately balancing fragments step...
    Resolve constraints - Approximately balancing fragments...
    Resolving skew group constraints...
      Solving LP: 1 skew groups; 2 fragments, 2 fraglets and 3 vertices; 25 variables and 66 constraints; tolerance 1
    Resolving skew group constraints done.
    Resolve constraints - Approximately balancing fragments done. (took cpu=0:00:00.4 real=0:00:00.4)
      flow.cputime  flow.realtime  timing.setup.tns  timing.setup.wns  snapshot
UM:*                                                                   Resolve constraints - Approximately balancing fragments
    Estimate delay to be added in balancing - Approximately balancing fragments...
    Trial balancer estimated the amount of delay to be added in balancing: 0.0ps
    Estimate delay to be added in balancing - Approximately balancing fragments done. (took cpu=0:00:00.2 real=0:00:00.2)
      flow.cputime  flow.realtime  timing.setup.tns  timing.setup.wns  snapshot
UM:*                                                                   Estimate delay to be added in balancing - Approximately balancing fragments
    Approximately balancing fragments...
      Moving gates to improve sub-tree skew...
        Tried: 59 Succeeded: 0
        Topology Tried: 0 Succeeded: 0
        0 Succeeded with SS ratio
        0 Succeeded with Lollipop: 0 with tier one, 0 with tier two. 
        Total reducing skew: 0 Average reducing skew for 0 nets : 0
        Clock DAG stats after 'Moving gates to improve sub-tree skew':
          cell counts      : b=57, i=0, icg=0, dcg=0, l=0, total=57
          sink counts      : regular=5059, enable_latch=0, load_capacitance=0, antenna=0, node_sink=0, total=5059
          misc counts      : r=1, pp=0
          cell areas       : b=73.882um^2, i=0.000um^2, icg=0.000um^2, dcg=0.000um^2, l=0.000um^2, total=73.882um^2
          cell capacitance : b=155.787fF, i=0.000fF, icg=0.000fF, dcg=0.000fF, l=0.000fF, total=155.787fF
          sink capacitance : total=3722.117fF, avg=0.736fF, sd=0.034fF, min=0.679fF, max=0.757fF
          wire capacitance : top=0.000fF, trunk=155.040fF, leaf=1396.421fF, total=1551.461fF
          wire lengths     : top=0.000um, trunk=1195.896um, leaf=9843.335um, total=11039.231um
          hp wire lengths  : top=0.000um, trunk=771.280um, leaf=2860.072um, total=3631.352um
        Clock DAG net violations after 'Moving gates to improve sub-tree skew': none
        Clock DAG primary half-corner transition distribution after 'Moving gates to improve sub-tree skew':
          Trunk : target=87.8ps count=6 avg=54.6ps sd=20.2ps min=15.7ps max=74.6ps {1 <= 52.7ps, 4 <= 70.2ps, 1 <= 79.0ps, 0 <= 83.4ps, 0 <= 87.8ps}
          Leaf  : target=87.8ps count=52 avg=80.8ps sd=3.7ps min=73.8ps max=87.7ps {0 <= 52.7ps, 0 <= 70.2ps, 18 <= 79.0ps, 20 <= 83.4ps, 14 <= 87.8ps}
        Clock DAG library cell distribution after 'Moving gates to improve sub-tree skew' {count}:
           Bufs: SC8T_BUFX20_CSC28L: 3 SC8T_BUFX16_CSC28L: 9 SC8T_BUFX12_CSC28L: 24 SC8T_BUFX10_CSC28L: 21 
        Legalizer API calls during this step: 0 succeeded with high effort: 0 succeeded with medium effort: 0 succeeded with low effort: 0 succeeded with basic effort: 0 succeeded with basic unbounded effort: 0
      Moving gates to improve sub-tree skew done. (took cpu=0:00:00.1 real=0:00:00.1)
      flow.cputime  flow.realtime  timing.setup.tns  timing.setup.wns  snapshot
UM:*                                                                   Moving gates to improve sub-tree skew
      Approximately balancing fragments bottom up...
        bottom up balancing: ...20% ...40% ...60% ...80% ...100% 
        Clock DAG stats after 'Approximately balancing fragments bottom up':
          cell counts      : b=57, i=0, icg=0, dcg=0, l=0, total=57
          sink counts      : regular=5059, enable_latch=0, load_capacitance=0, antenna=0, node_sink=0, total=5059
          misc counts      : r=1, pp=0
          cell areas       : b=73.482um^2, i=0.000um^2, icg=0.000um^2, dcg=0.000um^2, l=0.000um^2, total=73.482um^2
          cell capacitance : b=154.927fF, i=0.000fF, icg=0.000fF, dcg=0.000fF, l=0.000fF, total=154.927fF
          sink capacitance : total=3722.117fF, avg=0.736fF, sd=0.034fF, min=0.679fF, max=0.757fF
          wire capacitance : top=0.000fF, trunk=155.040fF, leaf=1396.421fF, total=1551.461fF
          wire lengths     : top=0.000um, trunk=1195.896um, leaf=9843.335um, total=11039.231um
          hp wire lengths  : top=0.000um, trunk=771.280um, leaf=2860.072um, total=3631.352um
        Clock DAG net violations after 'Approximately balancing fragments bottom up': none
        Clock DAG primary half-corner transition distribution after 'Approximately balancing fragments bottom up':
          Trunk : target=87.8ps count=6 avg=56.2ps sd=20.5ps min=15.7ps max=72.6ps {1 <= 52.7ps, 4 <= 70.2ps, 1 <= 79.0ps, 0 <= 83.4ps, 0 <= 87.8ps}
          Leaf  : target=87.8ps count=52 avg=80.8ps sd=3.8ps min=73.8ps max=87.7ps {0 <= 52.7ps, 0 <= 70.2ps, 17 <= 79.0ps, 22 <= 83.4ps, 13 <= 87.8ps}
        Clock DAG library cell distribution after 'Approximately balancing fragments bottom up' {count}:
           Bufs: SC8T_BUFX20_CSC28L: 3 SC8T_BUFX16_CSC28L: 8 SC8T_BUFX12_CSC28L: 25 SC8T_BUFX10_CSC28L: 21 
        Legalizer API calls during this step: 15 succeeded with high effort: 15 succeeded with medium effort: 0 succeeded with low effort: 0 succeeded with basic effort: 0 succeeded with basic unbounded effort: 0
      Approximately balancing fragments bottom up done. (took cpu=0:00:01.9 real=0:00:01.9)
      flow.cputime  flow.realtime  timing.setup.tns  timing.setup.wns  snapshot
UM:*                                                                   Approximately balancing fragments bottom up
      Approximately balancing fragments, wire and cell delays...
      Approximately balancing fragments, wire and cell delays, iteration 1...
        Clock DAG stats after Approximately balancing fragments, wire and cell delays, iteration 1:
          cell counts      : b=58, i=0, icg=0, dcg=0, l=0, total=58
          sink counts      : regular=5059, enable_latch=0, load_capacitance=0, antenna=0, node_sink=0, total=5059
          misc counts      : r=1, pp=0
          cell areas       : b=75.146um^2, i=0.000um^2, icg=0.000um^2, dcg=0.000um^2, l=0.000um^2, total=75.146um^2
          cell capacitance : b=158.444fF, i=0.000fF, icg=0.000fF, dcg=0.000fF, l=0.000fF, total=158.444fF
          sink capacitance : total=3722.117fF, avg=0.736fF, sd=0.034fF, min=0.679fF, max=0.757fF
          wire capacitance : top=0.000fF, trunk=155.330fF, leaf=1396.581fF, total=1551.911fF
          wire lengths     : top=0.000um, trunk=1197.744um, leaf=9844.876um, total=11042.620um
          hp wire lengths  : top=0.000um, trunk=772.560um, leaf=2861.032um, total=3633.592um
        Clock DAG net violations after Approximately balancing fragments, wire and cell delays, iteration 1: none
        Clock DAG primary half-corner transition distribution after Approximately balancing fragments, wire and cell delays, iteration 1:
          Trunk : target=87.8ps count=7 avg=49.3ps sd=25.9ps min=8.7ps max=72.6ps {2 <= 52.7ps, 4 <= 70.2ps, 1 <= 79.0ps, 0 <= 83.4ps, 0 <= 87.8ps}
          Leaf  : target=87.8ps count=52 avg=80.7ps sd=3.9ps min=72.8ps max=87.7ps {0 <= 52.7ps, 0 <= 70.2ps, 17 <= 79.0ps, 22 <= 83.4ps, 13 <= 87.8ps}
        Clock DAG library cell distribution after Approximately balancing fragments, wire and cell delays, iteration 1 {count}:
           Bufs: SC8T_BUFX20_CSC28L: 4 SC8T_BUFX16_CSC28L: 7 SC8T_BUFX12_CSC28L: 26 SC8T_BUFX10_CSC28L: 21 
      Approximately balancing fragments, wire and cell delays, iteration 1 done.
      Approximately balancing fragments, wire and cell delays, iteration 2...
        Clock DAG stats after Approximately balancing fragments, wire and cell delays, iteration 2:
          cell counts      : b=58, i=0, icg=0, dcg=0, l=0, total=58
          sink counts      : regular=5059, enable_latch=0, load_capacitance=0, antenna=0, node_sink=0, total=5059
          misc counts      : r=1, pp=0
          cell areas       : b=75.146um^2, i=0.000um^2, icg=0.000um^2, dcg=0.000um^2, l=0.000um^2, total=75.146um^2
          cell capacitance : b=158.444fF, i=0.000fF, icg=0.000fF, dcg=0.000fF, l=0.000fF, total=158.444fF
          sink capacitance : total=3722.117fF, avg=0.736fF, sd=0.034fF, min=0.679fF, max=0.757fF
          wire capacitance : top=0.000fF, trunk=155.330fF, leaf=1396.581fF, total=1551.911fF
          wire lengths     : top=0.000um, trunk=1197.744um, leaf=9844.876um, total=11042.620um
          hp wire lengths  : top=0.000um, trunk=772.560um, leaf=2861.032um, total=3633.592um
        Clock DAG net violations after Approximately balancing fragments, wire and cell delays, iteration 2: none
        Clock DAG primary half-corner transition distribution after Approximately balancing fragments, wire and cell delays, iteration 2:
          Trunk : target=87.8ps count=7 avg=49.3ps sd=25.9ps min=8.7ps max=72.6ps {2 <= 52.7ps, 4 <= 70.2ps, 1 <= 79.0ps, 0 <= 83.4ps, 0 <= 87.8ps}
          Leaf  : target=87.8ps count=52 avg=80.7ps sd=3.9ps min=72.8ps max=87.7ps {0 <= 52.7ps, 0 <= 70.2ps, 17 <= 79.0ps, 22 <= 83.4ps, 13 <= 87.8ps}
        Clock DAG library cell distribution after Approximately balancing fragments, wire and cell delays, iteration 2 {count}:
           Bufs: SC8T_BUFX20_CSC28L: 4 SC8T_BUFX16_CSC28L: 7 SC8T_BUFX12_CSC28L: 26 SC8T_BUFX10_CSC28L: 21 
      Approximately balancing fragments, wire and cell delays, iteration 2 done.
      Approximately balancing fragments, wire and cell delays done. (took cpu=0:00:00.5 real=0:00:00.5)
      flow.cputime  flow.realtime  timing.setup.tns  timing.setup.wns  snapshot
UM:*                                                                   Approximately balancing fragments, wire and cell delays
    Approximately balancing fragments done.
    Clock DAG stats after 'Approximately balancing fragments step':
      cell counts      : b=58, i=0, icg=0, dcg=0, l=0, total=58
      sink counts      : regular=5059, enable_latch=0, load_capacitance=0, antenna=0, node_sink=0, total=5059
      misc counts      : r=1, pp=0
      cell areas       : b=75.146um^2, i=0.000um^2, icg=0.000um^2, dcg=0.000um^2, l=0.000um^2, total=75.146um^2
      cell capacitance : b=158.444fF, i=0.000fF, icg=0.000fF, dcg=0.000fF, l=0.000fF, total=158.444fF
      sink capacitance : total=3722.117fF, avg=0.736fF, sd=0.034fF, min=0.679fF, max=0.757fF
      wire capacitance : top=0.000fF, trunk=155.330fF, leaf=1396.581fF, total=1551.911fF
      wire lengths     : top=0.000um, trunk=1197.744um, leaf=9844.876um, total=11042.620um
      hp wire lengths  : top=0.000um, trunk=772.560um, leaf=2861.032um, total=3633.592um
    Clock DAG net violations after 'Approximately balancing fragments step': none
    Clock DAG primary half-corner transition distribution after 'Approximately balancing fragments step':
      Trunk : target=87.8ps count=7 avg=49.3ps sd=25.9ps min=8.7ps max=72.6ps {2 <= 52.7ps, 4 <= 70.2ps, 1 <= 79.0ps, 0 <= 83.4ps, 0 <= 87.8ps}
      Leaf  : target=87.8ps count=52 avg=80.7ps sd=3.9ps min=72.8ps max=87.7ps {0 <= 52.7ps, 0 <= 70.2ps, 17 <= 79.0ps, 22 <= 83.4ps, 13 <= 87.8ps}
    Clock DAG library cell distribution after 'Approximately balancing fragments step' {count}:
       Bufs: SC8T_BUFX20_CSC28L: 4 SC8T_BUFX16_CSC28L: 7 SC8T_BUFX12_CSC28L: 26 SC8T_BUFX10_CSC28L: 21 
    Legalizer API calls during this step: 44 succeeded with high effort: 44 succeeded with medium effort: 0 succeeded with low effort: 0 succeeded with basic effort: 0 succeeded with basic unbounded effort: 0
  Approximately balancing fragments step done. (took cpu=0:00:04.5 real=0:00:04.5)
      flow.cputime  flow.realtime  timing.setup.tns  timing.setup.wns  snapshot
UM:*                                                                   Approximately balancing fragments step
  Clock DAG stats after Approximately balancing fragments:
    cell counts      : b=58, i=0, icg=0, dcg=0, l=0, total=58
    sink counts      : regular=5059, enable_latch=0, load_capacitance=0, antenna=0, node_sink=0, total=5059
    misc counts      : r=1, pp=0
    cell areas       : b=75.146um^2, i=0.000um^2, icg=0.000um^2, dcg=0.000um^2, l=0.000um^2, total=75.146um^2
    cell capacitance : b=158.444fF, i=0.000fF, icg=0.000fF, dcg=0.000fF, l=0.000fF, total=158.444fF
    sink capacitance : total=3722.117fF, avg=0.736fF, sd=0.034fF, min=0.679fF, max=0.757fF
    wire capacitance : top=0.000fF, trunk=155.330fF, leaf=1396.581fF, total=1551.911fF
    wire lengths     : top=0.000um, trunk=1197.744um, leaf=9844.876um, total=11042.620um
    hp wire lengths  : top=0.000um, trunk=772.560um, leaf=2861.032um, total=3633.592um
  Clock DAG net violations after Approximately balancing fragments: none
  Clock DAG primary half-corner transition distribution after Approximately balancing fragments:
    Trunk : target=87.8ps count=7 avg=49.3ps sd=25.9ps min=8.7ps max=72.6ps {2 <= 52.7ps, 4 <= 70.2ps, 1 <= 79.0ps, 0 <= 83.4ps, 0 <= 87.8ps}
    Leaf  : target=87.8ps count=52 avg=80.7ps sd=3.9ps min=72.8ps max=87.7ps {0 <= 52.7ps, 0 <= 70.2ps, 17 <= 79.0ps, 22 <= 83.4ps, 13 <= 87.8ps}
  Clock DAG library cell distribution after Approximately balancing fragments {count}:
     Bufs: SC8T_BUFX20_CSC28L: 4 SC8T_BUFX16_CSC28L: 7 SC8T_BUFX12_CSC28L: 26 SC8T_BUFX10_CSC28L: 21 
  Primary reporting skew groups after Approximately balancing fragments:
    skew_group clk/functional: insertion delay [min=209.5, max=258.7], skew [49.2 vs 53.8]
  Skew group summary after Approximately balancing fragments:
    skew_group clk/functional: insertion delay [min=209.5, max=258.7], skew [49.2 vs 53.8]
  Improving fragments clock skew...
    Clock DAG stats after 'Improving fragments clock skew':
      cell counts      : b=58, i=0, icg=0, dcg=0, l=0, total=58
      sink counts      : regular=5059, enable_latch=0, load_capacitance=0, antenna=0, node_sink=0, total=5059
      misc counts      : r=1, pp=0
      cell areas       : b=75.146um^2, i=0.000um^2, icg=0.000um^2, dcg=0.000um^2, l=0.000um^2, total=75.146um^2
      cell capacitance : b=158.444fF, i=0.000fF, icg=0.000fF, dcg=0.000fF, l=0.000fF, total=158.444fF
      sink capacitance : total=3722.117fF, avg=0.736fF, sd=0.034fF, min=0.679fF, max=0.757fF
      wire capacitance : top=0.000fF, trunk=155.330fF, leaf=1396.581fF, total=1551.911fF
      wire lengths     : top=0.000um, trunk=1197.744um, leaf=9844.876um, total=11042.620um
      hp wire lengths  : top=0.000um, trunk=772.560um, leaf=2861.032um, total=3633.592um
    Clock DAG net violations after 'Improving fragments clock skew': none
    Clock DAG primary half-corner transition distribution after 'Improving fragments clock skew':
      Trunk : target=87.8ps count=7 avg=49.3ps sd=25.9ps min=8.7ps max=72.6ps {2 <= 52.7ps, 4 <= 70.2ps, 1 <= 79.0ps, 0 <= 83.4ps, 0 <= 87.8ps}
      Leaf  : target=87.8ps count=52 avg=80.7ps sd=3.9ps min=72.8ps max=87.7ps {0 <= 52.7ps, 0 <= 70.2ps, 17 <= 79.0ps, 22 <= 83.4ps, 13 <= 87.8ps}
    Clock DAG library cell distribution after 'Improving fragments clock skew' {count}:
       Bufs: SC8T_BUFX20_CSC28L: 4 SC8T_BUFX16_CSC28L: 7 SC8T_BUFX12_CSC28L: 26 SC8T_BUFX10_CSC28L: 21 
    Primary reporting skew groups after 'Improving fragments clock skew':
      skew_group clk/functional: insertion delay [min=209.5, max=258.7], skew [49.2 vs 53.8]
    Skew group summary after 'Improving fragments clock skew':
      skew_group clk/functional: insertion delay [min=209.5, max=258.7], skew [49.2 vs 53.8]
    Legalizer API calls during this step: 0 succeeded with high effort: 0 succeeded with medium effort: 0 succeeded with low effort: 0 succeeded with basic effort: 0 succeeded with basic unbounded effort: 0
  Improving fragments clock skew done. (took cpu=0:00:00.2 real=0:00:00.2)
      flow.cputime  flow.realtime  timing.setup.tns  timing.setup.wns  snapshot
UM:*                                                                   Improving fragments clock skew
  Approximately balancing step...
    Resolve constraints - Approximately balancing...
    Resolving skew group constraints...
      Solving LP: 1 skew groups; 2 fragments, 2 fraglets and 3 vertices; 25 variables and 66 constraints; tolerance 1
    Resolving skew group constraints done.
    Resolve constraints - Approximately balancing done. (took cpu=0:00:00.2 real=0:00:00.2)
      flow.cputime  flow.realtime  timing.setup.tns  timing.setup.wns  snapshot
UM:*                                                                   Resolve constraints - Approximately balancing
    Approximately balancing...
      Approximately balancing, wire and cell delays...
      Approximately balancing, wire and cell delays, iteration 1...
        Clock DAG stats after Approximately balancing, wire and cell delays, iteration 1:
          cell counts      : b=58, i=0, icg=0, dcg=0, l=0, total=58
          sink counts      : regular=5059, enable_latch=0, load_capacitance=0, antenna=0, node_sink=0, total=5059
          misc counts      : r=1, pp=0
          cell areas       : b=75.146um^2, i=0.000um^2, icg=0.000um^2, dcg=0.000um^2, l=0.000um^2, total=75.146um^2
          cell capacitance : b=158.444fF, i=0.000fF, icg=0.000fF, dcg=0.000fF, l=0.000fF, total=158.444fF
          sink capacitance : total=3722.117fF, avg=0.736fF, sd=0.034fF, min=0.679fF, max=0.757fF
          wire capacitance : top=0.000fF, trunk=155.330fF, leaf=1396.581fF, total=1551.911fF
          wire lengths     : top=0.000um, trunk=1197.744um, leaf=9844.876um, total=11042.620um
          hp wire lengths  : top=0.000um, trunk=772.560um, leaf=2861.032um, total=3633.592um
        Clock DAG net violations after Approximately balancing, wire and cell delays, iteration 1: none
        Clock DAG primary half-corner transition distribution after Approximately balancing, wire and cell delays, iteration 1:
          Trunk : target=87.8ps count=7 avg=49.3ps sd=25.9ps min=8.7ps max=72.6ps {2 <= 52.7ps, 4 <= 70.2ps, 1 <= 79.0ps, 0 <= 83.4ps, 0 <= 87.8ps}
          Leaf  : target=87.8ps count=52 avg=80.7ps sd=3.9ps min=72.8ps max=87.7ps {0 <= 52.7ps, 0 <= 70.2ps, 17 <= 79.0ps, 22 <= 83.4ps, 13 <= 87.8ps}
        Clock DAG library cell distribution after Approximately balancing, wire and cell delays, iteration 1 {count}:
           Bufs: SC8T_BUFX20_CSC28L: 4 SC8T_BUFX16_CSC28L: 7 SC8T_BUFX12_CSC28L: 26 SC8T_BUFX10_CSC28L: 21 
      Approximately balancing, wire and cell delays, iteration 1 done.
      Approximately balancing, wire and cell delays done. (took cpu=0:00:00.1 real=0:00:00.1)
      flow.cputime  flow.realtime  timing.setup.tns  timing.setup.wns  snapshot
UM:*                                                                   Approximately balancing, wire and cell delays
    Approximately balancing done.
    Clock DAG stats after 'Approximately balancing step':
      cell counts      : b=58, i=0, icg=0, dcg=0, l=0, total=58
      sink counts      : regular=5059, enable_latch=0, load_capacitance=0, antenna=0, node_sink=0, total=5059
      misc counts      : r=1, pp=0
      cell areas       : b=75.146um^2, i=0.000um^2, icg=0.000um^2, dcg=0.000um^2, l=0.000um^2, total=75.146um^2
      cell capacitance : b=158.444fF, i=0.000fF, icg=0.000fF, dcg=0.000fF, l=0.000fF, total=158.444fF
      sink capacitance : total=3722.117fF, avg=0.736fF, sd=0.034fF, min=0.679fF, max=0.757fF
      wire capacitance : top=0.000fF, trunk=155.330fF, leaf=1396.581fF, total=1551.911fF
      wire lengths     : top=0.000um, trunk=1197.744um, leaf=9844.876um, total=11042.620um
      hp wire lengths  : top=0.000um, trunk=772.560um, leaf=2861.032um, total=3633.592um
    Clock DAG net violations after 'Approximately balancing step': none
    Clock DAG primary half-corner transition distribution after 'Approximately balancing step':
      Trunk : target=87.8ps count=7 avg=49.3ps sd=25.9ps min=8.7ps max=72.6ps {2 <= 52.7ps, 4 <= 70.2ps, 1 <= 79.0ps, 0 <= 83.4ps, 0 <= 87.8ps}
      Leaf  : target=87.8ps count=52 avg=80.7ps sd=3.9ps min=72.8ps max=87.7ps {0 <= 52.7ps, 0 <= 70.2ps, 17 <= 79.0ps, 22 <= 83.4ps, 13 <= 87.8ps}
    Clock DAG library cell distribution after 'Approximately balancing step' {count}:
       Bufs: SC8T_BUFX20_CSC28L: 4 SC8T_BUFX16_CSC28L: 7 SC8T_BUFX12_CSC28L: 26 SC8T_BUFX10_CSC28L: 21 
    Primary reporting skew groups after 'Approximately balancing step':
      skew_group clk/functional: insertion delay [min=209.5, max=258.7], skew [49.2 vs 53.8]
    Skew group summary after 'Approximately balancing step':
      skew_group clk/functional: insertion delay [min=209.5, max=258.7], skew [49.2 vs 53.8]
    Legalizer API calls during this step: 0 succeeded with high effort: 0 succeeded with medium effort: 0 succeeded with low effort: 0 succeeded with basic effort: 0 succeeded with basic unbounded effort: 0
  Approximately balancing step done. (took cpu=0:00:00.9 real=0:00:00.9)
      flow.cputime  flow.realtime  timing.setup.tns  timing.setup.wns  snapshot
UM:*                                                                   Approximately balancing step
  Fixing clock tree overload...
    Fixing clock tree overload: ...20% ...40% ...60% ...80% ...100% 
    Clock DAG stats after 'Fixing clock tree overload':
      cell counts      : b=58, i=0, icg=0, dcg=0, l=0, total=58
      sink counts      : regular=5059, enable_latch=0, load_capacitance=0, antenna=0, node_sink=0, total=5059
      misc counts      : r=1, pp=0
      cell areas       : b=75.146um^2, i=0.000um^2, icg=0.000um^2, dcg=0.000um^2, l=0.000um^2, total=75.146um^2
      cell capacitance : b=158.444fF, i=0.000fF, icg=0.000fF, dcg=0.000fF, l=0.000fF, total=158.444fF
      sink capacitance : total=3722.117fF, avg=0.736fF, sd=0.034fF, min=0.679fF, max=0.757fF
      wire capacitance : top=0.000fF, trunk=155.330fF, leaf=1396.581fF, total=1551.911fF
      wire lengths     : top=0.000um, trunk=1197.744um, leaf=9844.876um, total=11042.620um
      hp wire lengths  : top=0.000um, trunk=772.560um, leaf=2861.032um, total=3633.592um
    Clock DAG net violations after 'Fixing clock tree overload': none
    Clock DAG primary half-corner transition distribution after 'Fixing clock tree overload':
      Trunk : target=87.8ps count=7 avg=49.3ps sd=25.9ps min=8.7ps max=72.6ps {2 <= 52.7ps, 4 <= 70.2ps, 1 <= 79.0ps, 0 <= 83.4ps, 0 <= 87.8ps}
      Leaf  : target=87.8ps count=52 avg=80.7ps sd=3.9ps min=72.8ps max=87.7ps {0 <= 52.7ps, 0 <= 70.2ps, 17 <= 79.0ps, 22 <= 83.4ps, 13 <= 87.8ps}
    Clock DAG library cell distribution after 'Fixing clock tree overload' {count}:
       Bufs: SC8T_BUFX20_CSC28L: 4 SC8T_BUFX16_CSC28L: 7 SC8T_BUFX12_CSC28L: 26 SC8T_BUFX10_CSC28L: 21 
    Primary reporting skew groups after 'Fixing clock tree overload':
      skew_group clk/functional: insertion delay [min=209.5, max=258.7], skew [49.2 vs 53.8]
    Skew group summary after 'Fixing clock tree overload':
      skew_group clk/functional: insertion delay [min=209.5, max=258.7], skew [49.2 vs 53.8]
    Legalizer API calls during this step: 0 succeeded with high effort: 0 succeeded with medium effort: 0 succeeded with low effort: 0 succeeded with basic effort: 0 succeeded with basic unbounded effort: 0
  Fixing clock tree overload done. (took cpu=0:00:00.1 real=0:00:00.1)
      flow.cputime  flow.realtime  timing.setup.tns  timing.setup.wns  snapshot
UM:*                                                                   Fixing clock tree overload
  Approximately balancing paths...
    Added 0 buffers.
    Clock DAG stats after 'Approximately balancing paths':
      cell counts      : b=58, i=0, icg=0, dcg=0, l=0, total=58
      sink counts      : regular=5059, enable_latch=0, load_capacitance=0, antenna=0, node_sink=0, total=5059
      misc counts      : r=1, pp=0
      cell areas       : b=75.146um^2, i=0.000um^2, icg=0.000um^2, dcg=0.000um^2, l=0.000um^2, total=75.146um^2
      cell capacitance : b=158.444fF, i=0.000fF, icg=0.000fF, dcg=0.000fF, l=0.000fF, total=158.444fF
      sink capacitance : total=3722.117fF, avg=0.736fF, sd=0.034fF, min=0.679fF, max=0.757fF
      wire capacitance : top=0.000fF, trunk=155.330fF, leaf=1396.581fF, total=1551.911fF
      wire lengths     : top=0.000um, trunk=1197.744um, leaf=9844.876um, total=11042.620um
      hp wire lengths  : top=0.000um, trunk=772.560um, leaf=2861.032um, total=3633.592um
    Clock DAG net violations after 'Approximately balancing paths': none
    Clock DAG primary half-corner transition distribution after 'Approximately balancing paths':
      Trunk : target=87.8ps count=7 avg=49.3ps sd=25.9ps min=8.7ps max=72.6ps {2 <= 52.7ps, 4 <= 70.2ps, 1 <= 79.0ps, 0 <= 83.4ps, 0 <= 87.8ps}
      Leaf  : target=87.8ps count=52 avg=80.7ps sd=3.9ps min=72.8ps max=87.7ps {0 <= 52.7ps, 0 <= 70.2ps, 17 <= 79.0ps, 22 <= 83.4ps, 13 <= 87.8ps}
    Clock DAG library cell distribution after 'Approximately balancing paths' {count}:
       Bufs: SC8T_BUFX20_CSC28L: 4 SC8T_BUFX16_CSC28L: 7 SC8T_BUFX12_CSC28L: 26 SC8T_BUFX10_CSC28L: 21 
    Primary reporting skew groups after 'Approximately balancing paths':
      skew_group clk/functional: insertion delay [min=209.5, max=258.7, avg=240.4, sd=8.3], skew [49.2 vs 53.8], 100% {209.5, 258.7} (wid=88.8 ws=56.5) (gid=202.6 gs=50.4)
    Skew group summary after 'Approximately balancing paths':
      skew_group clk/functional: insertion delay [min=209.5, max=258.7, avg=240.4, sd=8.3], skew [49.2 vs 53.8], 100% {209.5, 258.7} (wid=88.8 ws=56.5) (gid=202.6 gs=50.4)
    Legalizer API calls during this step: 0 succeeded with high effort: 0 succeeded with medium effort: 0 succeeded with low effort: 0 succeeded with basic effort: 0 succeeded with basic unbounded effort: 0
  Approximately balancing paths done. (took cpu=0:00:00.1 real=0:00:00.1)
      flow.cputime  flow.realtime  timing.setup.tns  timing.setup.wns  snapshot
UM:*                                                                   Approximately balancing paths
  Stage::Balancing done. (took cpu=0:00:07.0 real=0:00:06.9)
      flow.cputime  flow.realtime  timing.setup.tns  timing.setup.wns  snapshot
UM:*                                                                   Stage::Balancing
  Stage::Polishing...
  Clock tree timing engine global stage delay update for WC_dc:setup.late...
  Clock tree timing engine global stage delay update for WC_dc:setup.late done. (took cpu=0:00:00.3 real=0:00:00.1)
  Clock DAG stats before polishing:
    cell counts      : b=58, i=0, icg=0, dcg=0, l=0, total=58
    sink counts      : regular=5059, enable_latch=0, load_capacitance=0, antenna=0, node_sink=0, total=5059
    misc counts      : r=1, pp=0
    cell areas       : b=75.146um^2, i=0.000um^2, icg=0.000um^2, dcg=0.000um^2, l=0.000um^2, total=75.146um^2
    cell capacitance : b=158.444fF, i=0.000fF, icg=0.000fF, dcg=0.000fF, l=0.000fF, total=158.444fF
    sink capacitance : total=3722.117fF, avg=0.736fF, sd=0.034fF, min=0.679fF, max=0.757fF
    wire capacitance : top=0.000fF, trunk=155.330fF, leaf=1396.581fF, total=1551.911fF
    wire lengths     : top=0.000um, trunk=1197.744um, leaf=9844.876um, total=11042.620um
    hp wire lengths  : top=0.000um, trunk=772.560um, leaf=2861.032um, total=3633.592um
  Clock DAG net violations before polishing: none
  Clock DAG primary half-corner transition distribution before polishing:
    Trunk : target=87.8ps count=7 avg=49.3ps sd=25.9ps min=8.6ps max=72.6ps {2 <= 52.7ps, 4 <= 70.2ps, 1 <= 79.0ps, 0 <= 83.4ps, 0 <= 87.8ps}
    Leaf  : target=87.8ps count=52 avg=80.7ps sd=3.9ps min=72.8ps max=87.7ps {0 <= 52.7ps, 0 <= 70.2ps, 17 <= 79.0ps, 21 <= 83.4ps, 14 <= 87.8ps}
  Clock DAG library cell distribution before polishing {count}:
     Bufs: SC8T_BUFX20_CSC28L: 4 SC8T_BUFX16_CSC28L: 7 SC8T_BUFX12_CSC28L: 26 SC8T_BUFX10_CSC28L: 21 
  Primary reporting skew groups before polishing:
    skew_group clk/functional: insertion delay [min=210.1, max=259.0], skew [48.9 vs 53.8]
  Skew group summary before polishing:
    skew_group clk/functional: insertion delay [min=210.1, max=259.0], skew [48.9 vs 53.8]
  Merging balancing drivers for power...
    Tried: 60 Succeeded: 0
    Clock DAG stats after 'Merging balancing drivers for power':
      cell counts      : b=58, i=0, icg=0, dcg=0, l=0, total=58
      sink counts      : regular=5059, enable_latch=0, load_capacitance=0, antenna=0, node_sink=0, total=5059
      misc counts      : r=1, pp=0
      cell areas       : b=75.146um^2, i=0.000um^2, icg=0.000um^2, dcg=0.000um^2, l=0.000um^2, total=75.146um^2
      cell capacitance : b=158.444fF, i=0.000fF, icg=0.000fF, dcg=0.000fF, l=0.000fF, total=158.444fF
      sink capacitance : total=3722.117fF, avg=0.736fF, sd=0.034fF, min=0.679fF, max=0.757fF
      wire capacitance : top=0.000fF, trunk=155.330fF, leaf=1396.581fF, total=1551.911fF
      wire lengths     : top=0.000um, trunk=1197.744um, leaf=9844.876um, total=11042.620um
      hp wire lengths  : top=0.000um, trunk=772.560um, leaf=2861.032um, total=3633.592um
    Clock DAG net violations after 'Merging balancing drivers for power': none
    Clock DAG primary half-corner transition distribution after 'Merging balancing drivers for power':
      Trunk : target=87.8ps count=7 avg=49.3ps sd=25.9ps min=8.6ps max=72.6ps {2 <= 52.7ps, 4 <= 70.2ps, 1 <= 79.0ps, 0 <= 83.4ps, 0 <= 87.8ps}
      Leaf  : target=87.8ps count=52 avg=80.7ps sd=3.9ps min=72.8ps max=87.7ps {0 <= 52.7ps, 0 <= 70.2ps, 17 <= 79.0ps, 21 <= 83.4ps, 14 <= 87.8ps}
    Clock DAG library cell distribution after 'Merging balancing drivers for power' {count}:
       Bufs: SC8T_BUFX20_CSC28L: 4 SC8T_BUFX16_CSC28L: 7 SC8T_BUFX12_CSC28L: 26 SC8T_BUFX10_CSC28L: 21 
    Primary reporting skew groups after 'Merging balancing drivers for power':
      skew_group clk/functional: insertion delay [min=210.1, max=259.0], skew [48.9 vs 53.8]
    Skew group summary after 'Merging balancing drivers for power':
      skew_group clk/functional: insertion delay [min=210.1, max=259.0], skew [48.9 vs 53.8]
    Legalizer API calls during this step: 0 succeeded with high effort: 0 succeeded with medium effort: 0 succeeded with low effort: 0 succeeded with basic effort: 0 succeeded with basic unbounded effort: 0
  Merging balancing drivers for power done. (took cpu=0:00:00.1 real=0:00:00.1)
      flow.cputime  flow.realtime  timing.setup.tns  timing.setup.wns  snapshot
UM:*                                                                   Merging balancing drivers for power
  Improving clock skew...
    Clock DAG stats after 'Improving clock skew':
      cell counts      : b=58, i=0, icg=0, dcg=0, l=0, total=58
      sink counts      : regular=5059, enable_latch=0, load_capacitance=0, antenna=0, node_sink=0, total=5059
      misc counts      : r=1, pp=0
      cell areas       : b=75.146um^2, i=0.000um^2, icg=0.000um^2, dcg=0.000um^2, l=0.000um^2, total=75.146um^2
      cell capacitance : b=158.444fF, i=0.000fF, icg=0.000fF, dcg=0.000fF, l=0.000fF, total=158.444fF
      sink capacitance : total=3722.117fF, avg=0.736fF, sd=0.034fF, min=0.679fF, max=0.757fF
      wire capacitance : top=0.000fF, trunk=155.330fF, leaf=1396.581fF, total=1551.911fF
      wire lengths     : top=0.000um, trunk=1197.744um, leaf=9844.876um, total=11042.620um
      hp wire lengths  : top=0.000um, trunk=772.560um, leaf=2861.032um, total=3633.592um
    Clock DAG net violations after 'Improving clock skew': none
    Clock DAG primary half-corner transition distribution after 'Improving clock skew':
      Trunk : target=87.8ps count=7 avg=49.3ps sd=25.9ps min=8.6ps max=72.6ps {2 <= 52.7ps, 4 <= 70.2ps, 1 <= 79.0ps, 0 <= 83.4ps, 0 <= 87.8ps}
      Leaf  : target=87.8ps count=52 avg=80.7ps sd=3.9ps min=72.8ps max=87.7ps {0 <= 52.7ps, 0 <= 70.2ps, 17 <= 79.0ps, 21 <= 83.4ps, 14 <= 87.8ps}
    Clock DAG library cell distribution after 'Improving clock skew' {count}:
       Bufs: SC8T_BUFX20_CSC28L: 4 SC8T_BUFX16_CSC28L: 7 SC8T_BUFX12_CSC28L: 26 SC8T_BUFX10_CSC28L: 21 
    Primary reporting skew groups after 'Improving clock skew':
      skew_group clk/functional: insertion delay [min=210.1, max=259.0, avg=240.9, sd=8.2], skew [48.9 vs 53.8], 100% {210.1, 259.0} (wid=88.7 ws=56.4) (gid=202.4 gs=49.2)
    Skew group summary after 'Improving clock skew':
      skew_group clk/functional: insertion delay [min=210.1, max=259.0, avg=240.9, sd=8.2], skew [48.9 vs 53.8], 100% {210.1, 259.0} (wid=88.7 ws=56.4) (gid=202.4 gs=49.2)
    Legalizer API calls during this step: 0 succeeded with high effort: 0 succeeded with medium effort: 0 succeeded with low effort: 0 succeeded with basic effort: 0 succeeded with basic unbounded effort: 0
  Improving clock skew done. (took cpu=0:00:00.2 real=0:00:00.2)
      flow.cputime  flow.realtime  timing.setup.tns  timing.setup.wns  snapshot
UM:*                                                                   Improving clock skew
  Moving gates to reduce wire capacitance...
    Modified slew target multipliers. Leaf=(1 to 0.9) Trunk=(1 to 0.95) Top=(1 to 0.95)
    Iteration 1...
      Artificially removing short and long paths...
        Legalizer API calls during this step: 0 succeeded with high effort: 0 succeeded with medium effort: 0 succeeded with low effort: 0 succeeded with basic effort: 0 succeeded with basic unbounded effort: 0
      Artificially removing short and long paths done. (took cpu=0:00:00.1 real=0:00:00.1)
      Moving gates to reduce wire capacitance - iteration 1: WireCapReduction...
        Legalizing clock trees...
        Legalizing clock trees done. (took cpu=0:00:00.0 real=0:00:00.0)
      flow.cputime  flow.realtime  timing.setup.tns  timing.setup.wns  snapshot
UM:*                                                                   Legalizing clock trees
        Legalizer API calls during this step: 371 succeeded with high effort: 371 succeeded with medium effort: 0 succeeded with low effort: 0 succeeded with basic effort: 0 succeeded with basic unbounded effort: 0
      Moving gates to reduce wire capacitance - iteration 1: WireCapReduction done. (took cpu=0:00:03.5 real=0:00:02.9)
      Moving gates to reduce wire capacitance - iteration 1: MoveGates...
        Moving gates:         ...20% ...40% ...60% ...80% .Legalizing clock trees...
        Legalizing clock trees done. (took cpu=0:00:00.0 real=0:00:00.0)
      flow.cputime  flow.realtime  timing.setup.tns  timing.setup.wns  snapshot
UM:*                                                                   Legalizing clock trees
        ..100% 
        Legalizer API calls during this step: 812 succeeded with high effort: 812 succeeded with medium effort: 0 succeeded with low effort: 0 succeeded with basic effort: 0 succeeded with basic unbounded effort: 0
      Moving gates to reduce wire capacitance - iteration 1: MoveGates done. (took cpu=0:00:07.6 real=0:00:02.9)
    Iteration 1 done.
    Iteration 2...
      Artificially removing short and long paths...
        For skew group clk/functional, artificially shortened or lengthened 3 paths.
        	The smallest offset applied was -2.5ps.
        	The largest offset applied was -2.0ps.
        
        Legalizer API calls during this step: 0 succeeded with high effort: 0 succeeded with medium effort: 0 succeeded with low effort: 0 succeeded with basic effort: 0 succeeded with basic unbounded effort: 0
      Artificially removing short and long paths done. (took cpu=0:00:00.1 real=0:00:00.1)
      Moving gates to reduce wire capacitance - iteration 2: WireCapReduction...
        Legalizing clock trees...
        Legalizing clock trees done. (took cpu=0:00:00.0 real=0:00:00.0)
      flow.cputime  flow.realtime  timing.setup.tns  timing.setup.wns  snapshot
UM:*                                                                   Legalizing clock trees
        Legalizer API calls during this step: 333 succeeded with high effort: 333 succeeded with medium effort: 0 succeeded with low effort: 0 succeeded with basic effort: 0 succeeded with basic unbounded effort: 0
      Moving gates to reduce wire capacitance - iteration 2: WireCapReduction done. (took cpu=0:00:01.8 real=0:00:01.6)
      Moving gates to reduce wire capacitance - iteration 2: MoveGates...
        Moving gates:         ...20% ...40% ...60% ...80% ..Legalizing clock trees...
        Legalizing clock trees done. (took cpu=0:00:00.0 real=0:00:00.0)
      flow.cputime  flow.realtime  timing.setup.tns  timing.setup.wns  snapshot
UM:*                                                                   Legalizing clock trees
        .100% 
        Legalizer API calls during this step: 812 succeeded with high effort: 812 succeeded with medium effort: 0 succeeded with low effort: 0 succeeded with basic effort: 0 succeeded with basic unbounded effort: 0
      Moving gates to reduce wire capacitance - iteration 2: MoveGates done. (took cpu=0:00:05.6 real=0:00:02.4)
      Reverting Artificially removing short and long paths...
        Legalizer API calls during this step: 0 succeeded with high effort: 0 succeeded with medium effort: 0 succeeded with low effort: 0 succeeded with basic effort: 0 succeeded with basic unbounded effort: 0
      Reverting Artificially removing short and long paths done. (took cpu=0:00:00.0 real=0:00:00.0)
    Iteration 2 done.
    Reverted slew target multipliers. Leaf=(0.9 to 1) Trunk=(0.95 to 1) Top=(0.95 to 1)
    Clock DAG stats after 'Moving gates to reduce wire capacitance':
      cell counts      : b=58, i=0, icg=0, dcg=0, l=0, total=58
      sink counts      : regular=5059, enable_latch=0, load_capacitance=0, antenna=0, node_sink=0, total=5059
      misc counts      : r=1, pp=0
      cell areas       : b=75.146um^2, i=0.000um^2, icg=0.000um^2, dcg=0.000um^2, l=0.000um^2, total=75.146um^2
      cell capacitance : b=158.444fF, i=0.000fF, icg=0.000fF, dcg=0.000fF, l=0.000fF, total=158.444fF
      sink capacitance : total=3722.117fF, avg=0.736fF, sd=0.034fF, min=0.679fF, max=0.757fF
      wire capacitance : top=0.000fF, trunk=145.115fF, leaf=1359.317fF, total=1504.432fF
      wire lengths     : top=0.000um, trunk=1123.743um, leaf=9567.743um, total=10691.486um
      hp wire lengths  : top=0.000um, trunk=778.864um, leaf=2698.646um, total=3477.510um
    Clock DAG net violations after 'Moving gates to reduce wire capacitance': none
    Clock DAG primary half-corner transition distribution after 'Moving gates to reduce wire capacitance':
      Trunk : target=87.8ps count=7 avg=48.8ps sd=26.0ps min=8.5ps max=72.2ps {2 <= 52.7ps, 4 <= 70.2ps, 1 <= 79.0ps, 0 <= 83.4ps, 0 <= 87.8ps}
      Leaf  : target=87.8ps count=52 avg=77.3ps sd=7.5ps min=53.3ps max=87.6ps {0 <= 52.7ps, 7 <= 70.2ps, 20 <= 79.0ps, 17 <= 83.4ps, 8 <= 87.8ps}
    Clock DAG library cell distribution after 'Moving gates to reduce wire capacitance' {count}:
       Bufs: SC8T_BUFX20_CSC28L: 4 SC8T_BUFX16_CSC28L: 7 SC8T_BUFX12_CSC28L: 26 SC8T_BUFX10_CSC28L: 21 
    Primary reporting skew groups after 'Moving gates to reduce wire capacitance':
      skew_group clk/functional: insertion delay [min=206.0, max=256.2, avg=237.6, sd=8.2], skew [50.2 vs 53.8], 100% {206.0, 256.2} (wid=82.8 ws=52.9) (gid=200.4 gs=44.4)
    Skew group summary after 'Moving gates to reduce wire capacitance':
      skew_group clk/functional: insertion delay [min=206.0, max=256.2, avg=237.6, sd=8.2], skew [50.2 vs 53.8], 100% {206.0, 256.2} (wid=82.8 ws=52.9) (gid=200.4 gs=44.4)
    Legalizer API calls during this step: 2328 succeeded with high effort: 2328 succeeded with medium effort: 0 succeeded with low effort: 0 succeeded with basic effort: 0 succeeded with basic unbounded effort: 0
  Moving gates to reduce wire capacitance done. (took cpu=0:00:19.0 real=0:00:10.2)
      flow.cputime  flow.realtime  timing.setup.tns  timing.setup.wns  snapshot
UM:*                                                                   Moving gates to reduce wire capacitance
  Reducing clock tree power 3...
    Artificially removing short and long paths...
      Legalizer API calls during this step: 0 succeeded with high effort: 0 succeeded with medium effort: 0 succeeded with low effort: 0 succeeded with basic effort: 0 succeeded with basic unbounded effort: 0
    Artificially removing short and long paths done. (took cpu=0:00:00.1 real=0:00:00.1)
    Initial gate capacitance is (rise=2677.885fF fall=3880.561fF).
    Resizing gates:     ..Legalizing clock trees...
    Legalizing clock trees done. (took cpu=0:00:00.0 real=0:00:00.0)
      flow.cputime  flow.realtime  timing.setup.tns  timing.setup.wns  snapshot
UM:*                                                                   Legalizing clock trees
    .20% ...40% ...60% ...80% ...100% 
    Stopping in iteration 1: unable to make further power recovery in this step.
    Iteration 1: gate capacitance is (rise=2668.725fF fall=3871.278fF).
    Clock DAG stats after 'Reducing clock tree power 3':
      cell counts      : b=58, i=0, icg=0, dcg=0, l=0, total=58
      sink counts      : regular=5059, enable_latch=0, load_capacitance=0, antenna=0, node_sink=0, total=5059
      misc counts      : r=1, pp=0
      cell areas       : b=70.753um^2, i=0.000um^2, icg=0.000um^2, dcg=0.000um^2, l=0.000um^2, total=70.753um^2
      cell capacitance : b=149.161fF, i=0.000fF, icg=0.000fF, dcg=0.000fF, l=0.000fF, total=149.161fF
      sink capacitance : total=3722.117fF, avg=0.736fF, sd=0.034fF, min=0.679fF, max=0.757fF
      wire capacitance : top=0.000fF, trunk=145.317fF, leaf=1359.505fF, total=1504.822fF
      wire lengths     : top=0.000um, trunk=1125.003um, leaf=9568.431um, total=10693.434um
      hp wire lengths  : top=0.000um, trunk=778.864um, leaf=2698.646um, total=3477.510um
    Clock DAG net violations after 'Reducing clock tree power 3': none
    Clock DAG primary half-corner transition distribution after 'Reducing clock tree power 3':
      Trunk : target=87.8ps count=7 avg=47.4ps sd=24.2ps min=11.2ps max=72.2ps {3 <= 52.7ps, 3 <= 70.2ps, 1 <= 79.0ps, 0 <= 83.4ps, 0 <= 87.8ps}
      Leaf  : target=87.8ps count=52 avg=80.8ps sd=3.9ps min=68.7ps max=87.8ps {0 <= 52.7ps, 1 <= 70.2ps, 18 <= 79.0ps, 19 <= 83.4ps, 14 <= 87.8ps}
    Clock DAG library cell distribution after 'Reducing clock tree power 3' {count}:
       Bufs: SC8T_BUFX20_CSC28L: 3 SC8T_BUFX16_CSC28L: 3 SC8T_BUFX12_CSC28L: 23 SC8T_BUFX10_CSC28L: 28 SC8T_BUFX6_CSC28L: 1 
    Primary reporting skew groups after 'Reducing clock tree power 3':
      skew_group clk/functional: insertion delay [min=204.6, max=257.1, avg=238.0, sd=8.9], skew [52.5 vs 53.8], 100% {204.6, 257.1} (wid=82.5 ws=52.7) (gid=200.2 gs=44.4)
    Skew group summary after 'Reducing clock tree power 3':
      skew_group clk/functional: insertion delay [min=204.6, max=257.1, avg=238.0, sd=8.9], skew [52.5 vs 53.8], 100% {204.6, 257.1} (wid=82.5 ws=52.7) (gid=200.2 gs=44.4)
    Legalizer API calls during this step: 146 succeeded with high effort: 146 succeeded with medium effort: 0 succeeded with low effort: 0 succeeded with basic effort: 0 succeeded with basic unbounded effort: 0
  Reducing clock tree power 3 done. (took cpu=0:00:03.6 real=0:00:01.9)
      flow.cputime  flow.realtime  timing.setup.tns  timing.setup.wns  snapshot
UM:*                                                                   Reducing clock tree power 3
  Improving insertion delay...
    Clock DAG stats after 'Improving insertion delay':
      cell counts      : b=58, i=0, icg=0, dcg=0, l=0, total=58
      sink counts      : regular=5059, enable_latch=0, load_capacitance=0, antenna=0, node_sink=0, total=5059
      misc counts      : r=1, pp=0
      cell areas       : b=70.753um^2, i=0.000um^2, icg=0.000um^2, dcg=0.000um^2, l=0.000um^2, total=70.753um^2
      cell capacitance : b=149.161fF, i=0.000fF, icg=0.000fF, dcg=0.000fF, l=0.000fF, total=149.161fF
      sink capacitance : total=3722.117fF, avg=0.736fF, sd=0.034fF, min=0.679fF, max=0.757fF
      wire capacitance : top=0.000fF, trunk=145.452fF, leaf=1359.505fF, total=1504.958fF
      wire lengths     : top=0.000um, trunk=1126.295um, leaf=9568.431um, total=10694.726um
      hp wire lengths  : top=0.000um, trunk=767.984um, leaf=2698.646um, total=3466.630um
    Clock DAG net violations after 'Improving insertion delay': none
    Clock DAG primary half-corner transition distribution after 'Improving insertion delay':
      Trunk : target=87.8ps count=7 avg=48.6ps sd=22.4ps min=11.2ps max=71.9ps {3 <= 52.7ps, 3 <= 70.2ps, 1 <= 79.0ps, 0 <= 83.4ps, 0 <= 87.8ps}
      Leaf  : target=87.8ps count=52 avg=80.8ps sd=3.9ps min=68.7ps max=87.8ps {0 <= 52.7ps, 1 <= 70.2ps, 18 <= 79.0ps, 19 <= 83.4ps, 14 <= 87.8ps}
    Clock DAG library cell distribution after 'Improving insertion delay' {count}:
       Bufs: SC8T_BUFX20_CSC28L: 3 SC8T_BUFX16_CSC28L: 3 SC8T_BUFX12_CSC28L: 23 SC8T_BUFX10_CSC28L: 28 SC8T_BUFX6_CSC28L: 1 
    Primary reporting skew groups after 'Improving insertion delay':
      skew_group clk/functional: insertion delay [min=206.1, max=258.6, avg=239.5, sd=8.9], skew [52.5 vs 53.8], 100% {206.1, 258.6} (wid=80.6 ws=52.6) (gid=203.6 gs=44.4)
    Skew group summary after 'Improving insertion delay':
      skew_group clk/functional: insertion delay [min=206.1, max=258.6, avg=239.5, sd=8.9], skew [52.5 vs 53.8], 100% {206.1, 258.6} (wid=80.6 ws=52.6) (gid=203.6 gs=44.4)
    Legalizer API calls during this step: 6 succeeded with high effort: 6 succeeded with medium effort: 0 succeeded with low effort: 0 succeeded with basic effort: 0 succeeded with basic unbounded effort: 0
  Improving insertion delay done. (took cpu=0:00:00.3 real=0:00:00.3)
      flow.cputime  flow.realtime  timing.setup.tns  timing.setup.wns  snapshot
UM:*                                                                   Improving insertion delay
  Wire Opt OverFix...
    Wire Reduction extra effort...
      Modified slew target multipliers. Leaf=(1 to 0.95) Trunk=(1 to 1) Top=(1 to 1)
      Artificially removing short and long paths...
        Legalizer API calls during this step: 0 succeeded with high effort: 0 succeeded with medium effort: 0 succeeded with low effort: 0 succeeded with basic effort: 0 succeeded with basic unbounded effort: 0
      Artificially removing short and long paths done. (took cpu=0:00:00.1 real=0:00:00.1)
      Global shorten wires A0...
        Legalizer API calls during this step: 22 succeeded with high effort: 22 succeeded with medium effort: 0 succeeded with low effort: 0 succeeded with basic effort: 0 succeeded with basic unbounded effort: 0
      Global shorten wires A0 done. (took cpu=0:00:00.2 real=0:00:00.2)
      Move For Wirelength - core...
        Move for wirelength. considered=59, filtered=59, permitted=58, cannotCompute=3, computed=55, moveTooSmall=40, resolved=0, predictFail=11, currentlyIllegal=0, legalizationFail=3, legalizedMoveTooSmall=6, ignoredLeafDriver=0, worse=202, accepted=10
        Max accepted move=16.000um, total accepted move=66.872um, average move=6.687um
        Move for wirelength. considered=59, filtered=59, permitted=58, cannotCompute=3, computed=55, moveTooSmall=41, resolved=0, predictFail=13, currentlyIllegal=0, legalizationFail=2, legalizedMoveTooSmall=11, ignoredLeafDriver=0, worse=210, accepted=7
        Max accepted move=7.776um, total accepted move=32.472um, average move=4.638um
        Move for wirelength. considered=59, filtered=59, permitted=58, cannotCompute=3, computed=55, moveTooSmall=40, resolved=0, predictFail=13, currentlyIllegal=0, legalizationFail=2, legalizedMoveTooSmall=11, ignoredLeafDriver=0, worse=219, accepted=4
        Max accepted move=5.368um, total accepted move=16.272um, average move=4.068um
        Legalizer API calls during this step: 724 succeeded with high effort: 724 succeeded with medium effort: 0 succeeded with low effort: 0 succeeded with basic effort: 0 succeeded with basic unbounded effort: 0
      Move For Wirelength - core done. (took cpu=0:00:04.9 real=0:00:04.8)
      Global shorten wires A1...
        Legalizer API calls during this step: 21 succeeded with high effort: 21 succeeded with medium effort: 0 succeeded with low effort: 0 succeeded with basic effort: 0 succeeded with basic unbounded effort: 0
      Global shorten wires A1 done. (took cpu=0:00:00.2 real=0:00:00.2)
      Move For Wirelength - core...
        Move for wirelength. considered=59, filtered=59, permitted=58, cannotCompute=51, computed=7, moveTooSmall=76, resolved=0, predictFail=0, currentlyIllegal=0, legalizationFail=0, legalizedMoveTooSmall=1, ignoredLeafDriver=0, worse=3, accepted=4
        Max accepted move=3.200um, total accepted move=7.752um, average move=1.938um
        Move for wirelength. considered=59, filtered=59, permitted=58, cannotCompute=53, computed=5, moveTooSmall=76, resolved=0, predictFail=0, currentlyIllegal=0, legalizationFail=0, legalizedMoveTooSmall=1, ignoredLeafDriver=0, worse=4, accepted=0
        Max accepted move=0.000um, total accepted move=0.000um
        Legalizer API calls during this step: 13 succeeded with high effort: 13 succeeded with medium effort: 0 succeeded with low effort: 0 succeeded with basic effort: 0 succeeded with basic unbounded effort: 0
      Move For Wirelength - core done. (took cpu=0:00:00.2 real=0:00:00.2)
      Global shorten wires B...
        Legalizer API calls during this step: 248 succeeded with high effort: 248 succeeded with medium effort: 0 succeeded with low effort: 0 succeeded with basic effort: 0 succeeded with basic unbounded effort: 0
      Global shorten wires B done. (took cpu=0:00:00.8 real=0:00:00.8)
      Move For Wirelength - branch...
        Move for wirelength. considered=59, filtered=59, permitted=58, cannotCompute=0, computed=58, moveTooSmall=0, resolved=0, predictFail=0, currentlyIllegal=0, legalizationFail=1, legalizedMoveTooSmall=0, ignoredLeafDriver=0, worse=60, accepted=2
        Max accepted move=0.416um, total accepted move=0.520um, average move=0.260um
        Move for wirelength. considered=59, filtered=59, permitted=58, cannotCompute=56, computed=2, moveTooSmall=0, resolved=0, predictFail=85, currentlyIllegal=0, legalizationFail=0, legalizedMoveTooSmall=0, ignoredLeafDriver=0, worse=2, accepted=0
        Max accepted move=0.000um, total accepted move=0.000um
        Legalizer API calls during this step: 65 succeeded with high effort: 65 succeeded with medium effort: 0 succeeded with low effort: 0 succeeded with basic effort: 0 succeeded with basic unbounded effort: 0
      Move For Wirelength - branch done. (took cpu=0:00:00.3 real=0:00:00.3)
      Reverted slew target multipliers. Leaf=(0.95 to 1) Trunk=(1 to 1) Top=(1 to 1)
      Clock DAG stats after 'Wire Reduction extra effort':
        cell counts      : b=58, i=0, icg=0, dcg=0, l=0, total=58
        sink counts      : regular=5059, enable_latch=0, load_capacitance=0, antenna=0, node_sink=0, total=5059
        misc counts      : r=1, pp=0
        cell areas       : b=70.753um^2, i=0.000um^2, icg=0.000um^2, dcg=0.000um^2, l=0.000um^2, total=70.753um^2
        cell capacitance : b=149.161fF, i=0.000fF, icg=0.000fF, dcg=0.000fF, l=0.000fF, total=149.161fF
        sink capacitance : total=3722.117fF, avg=0.736fF, sd=0.034fF, min=0.679fF, max=0.757fF
        wire capacitance : top=0.000fF, trunk=140.655fF, leaf=1356.135fF, total=1496.790fF
        wire lengths     : top=0.000um, trunk=1086.085um, leaf=9540.341um, total=10626.426um
        hp wire lengths  : top=0.000um, trunk=762.248um, leaf=2683.370um, total=3445.618um
      Clock DAG net violations after 'Wire Reduction extra effort': none
      Clock DAG primary half-corner transition distribution after 'Wire Reduction extra effort':
        Trunk : target=87.8ps count=7 avg=48.8ps sd=21.5ps min=11.1ps max=69.0ps {3 <= 52.7ps, 4 <= 70.2ps, 0 <= 79.0ps, 0 <= 83.4ps, 0 <= 87.8ps}
        Leaf  : target=87.8ps count=52 avg=80.5ps sd=4.8ps min=63.7ps max=87.8ps {0 <= 52.7ps, 2 <= 70.2ps, 18 <= 79.0ps, 16 <= 83.4ps, 16 <= 87.8ps}
      Clock DAG library cell distribution after 'Wire Reduction extra effort' {count}:
         Bufs: SC8T_BUFX20_CSC28L: 3 SC8T_BUFX16_CSC28L: 3 SC8T_BUFX12_CSC28L: 23 SC8T_BUFX10_CSC28L: 28 SC8T_BUFX6_CSC28L: 1 
      Primary reporting skew groups after 'Wire Reduction extra effort':
        skew_group clk/functional: insertion delay [min=205.0, max=257.7, avg=239.2, sd=9.1], skew [52.7 vs 53.8], 100% {205.0, 257.7} (wid=80.3 ws=51.7) (gid=202.0 gs=42.5)
      Skew group summary after 'Wire Reduction extra effort':
        skew_group clk/functional: insertion delay [min=205.0, max=257.7, avg=239.2, sd=9.1], skew [52.7 vs 53.8], 100% {205.0, 257.7} (wid=80.3 ws=51.7) (gid=202.0 gs=42.5)
      Legalizer API calls during this step: 1093 succeeded with high effort: 1093 succeeded with medium effort: 0 succeeded with low effort: 0 succeeded with basic effort: 0 succeeded with basic unbounded effort: 0
    Wire Reduction extra effort done. (took cpu=0:00:06.9 real=0:00:06.8)
      flow.cputime  flow.realtime  timing.setup.tns  timing.setup.wns  snapshot
UM:*                                                                   Wire Reduction extra effort
    Optimizing orientation...
    FlipOpt...
    Disconnecting clock tree from netlist...
    Disconnecting clock tree from netlist done.
    Performing Single Threaded FlipOpt
    Optimizing orientation on clock cells...
      Orientation Wirelength Optimization: Attempted = 60 , Succeeded = 1 , Constraints Broken = 56 , CannotMove = 2 , Illegal = 1 , Other = 0
    Optimizing orientation on clock cells done.
    Resynthesising clock tree into netlist...
      Reset timing graph...
Ignoring AAE DB Resetting ...
      Reset timing graph done.
    Resynthesising clock tree into netlist done.
    FlipOpt done. (took cpu=0:00:00.4 real=0:00:00.4)
      flow.cputime  flow.realtime  timing.setup.tns  timing.setup.wns  snapshot
UM:*                                                                   FlipOpt
    Optimizing orientation done. (took cpu=0:00:00.6 real=0:00:00.6)
      flow.cputime  flow.realtime  timing.setup.tns  timing.setup.wns  snapshot
UM:*                                                                   Optimizing orientation
    Clock DAG stats after 'Wire Opt OverFix':
      cell counts      : b=58, i=0, icg=0, dcg=0, l=0, total=58
      sink counts      : regular=5059, enable_latch=0, load_capacitance=0, antenna=0, node_sink=0, total=5059
      misc counts      : r=1, pp=0
      cell areas       : b=70.753um^2, i=0.000um^2, icg=0.000um^2, dcg=0.000um^2, l=0.000um^2, total=70.753um^2
      cell capacitance : b=149.161fF, i=0.000fF, icg=0.000fF, dcg=0.000fF, l=0.000fF, total=149.161fF
      sink capacitance : total=3722.117fF, avg=0.736fF, sd=0.034fF, min=0.679fF, max=0.757fF
      wire capacitance : top=0.000fF, trunk=140.839fF, leaf=1355.861fF, total=1496.700fF
      wire lengths     : top=0.000um, trunk=1087.369um, leaf=9538.473um, total=10625.842um
      hp wire lengths  : top=0.000um, trunk=762.248um, leaf=2683.370um, total=3445.618um
    Clock DAG net violations after 'Wire Opt OverFix':
      Remaining Transition : {count=1, worst=[0.3ps]} avg=0.3ps sd=0.0ps sum=0.3ps
    Clock DAG primary half-corner transition distribution after 'Wire Opt OverFix':
      Trunk : target=87.8ps count=7 avg=48.8ps sd=21.6ps min=11.1ps max=69.0ps {3 <= 52.7ps, 4 <= 70.2ps, 0 <= 79.0ps, 0 <= 83.4ps, 0 <= 87.8ps}
      Leaf  : target=87.8ps count=52 avg=80.5ps sd=4.8ps min=63.7ps max=88.1ps {0 <= 52.7ps, 2 <= 70.2ps, 18 <= 79.0ps, 16 <= 83.4ps, 15 <= 87.8ps} {1 <= 92.2ps, 0 <= 96.6ps, 0 <= 105.4ps, 0 <= 131.7ps, 0 > 131.7ps}
    Clock DAG library cell distribution after 'Wire Opt OverFix' {count}:
       Bufs: SC8T_BUFX20_CSC28L: 3 SC8T_BUFX16_CSC28L: 3 SC8T_BUFX12_CSC28L: 23 SC8T_BUFX10_CSC28L: 28 SC8T_BUFX6_CSC28L: 1 
    Primary reporting skew groups after 'Wire Opt OverFix':
      skew_group clk/functional: insertion delay [min=205.0, max=257.7, avg=239.2, sd=9.1], skew [52.7 vs 53.8], 100% {205.0, 257.7} (wid=80.3 ws=51.6) (gid=201.3 gs=41.8)
    Skew group summary after 'Wire Opt OverFix':
      skew_group clk/functional: insertion delay [min=205.0, max=257.7, avg=239.2, sd=9.1], skew [52.7 vs 53.8], 100% {205.0, 257.7} (wid=80.3 ws=51.6) (gid=201.3 gs=41.8)
    Legalizer API calls during this step: 1093 succeeded with high effort: 1093 succeeded with medium effort: 0 succeeded with low effort: 0 succeeded with basic effort: 0 succeeded with basic unbounded effort: 0
  Wire Opt OverFix done. (took cpu=0:00:08.5 real=0:00:08.1)
      flow.cputime  flow.realtime  timing.setup.tns  timing.setup.wns  snapshot
UM:*                                                                   Wire Opt OverFix
  Total capacitance is (rise=4165.425fF fall=5367.978fF), of which (rise=1496.700fF fall=1496.700fF) is wire, and (rise=2668.725fF fall=3871.278fF) is gate.
  Stage::Polishing done. (took cpu=0:00:33.5 real=0:00:22.4)
      flow.cputime  flow.realtime  timing.setup.tns  timing.setup.wns  snapshot
UM:*                                                                   Stage::Polishing
  Stage::Updating netlist...
  Reset timing graph...
Ignoring AAE DB Resetting ...
  Reset timing graph done.
  Setting non-default rules before calling refine place.
  Leaving CCOpt scope - Cleaning up placement interface...
  Leaving CCOpt scope - Cleaning up placement interface done. (took cpu=0:00:00.2 real=0:00:00.1)
  Leaving CCOpt scope - ClockRefiner...
  Soft fixed 58 clock instances.
  Performing Clock Only Refine Place.

**Info: (IMPSP-2062): Some of the PG shapes may not be colorized properly in this design, users are required to run command colorizePowerMesh before any placement related commands!
*** Starting place_detail (0:27:31 mem=47343.8M) ***
Total net bbox length = 4.726e+05 (2.042e+05 2.684e+05) (ext = 1.498e+05)

**Info: (IMPSP-2062): Some of the PG shapes may not be colorized properly in this design, users are required to run command colorizePowerMesh before any placement related commands!
**WARN: (IMPSP-2041):	Found 58 fixed insts that could not be colored.
Type 'man IMPSP-2041' for more detail.
Move report: Detail placement moves 0 insts, mean move: 0.00 um, max move: 0.00 um 
	Runtime: CPU: 0:00:00.0 REAL: 0:00:00.0 MEM: 47343.8MB
Summary Report:
Instances move: 0 (out of 36326 movable)
Instances flipped: 0
Mean displacement: 0.00 um
Max displacement: 0.00 um 
Total net bbox length = 4.726e+05 (2.042e+05 2.684e+05) (ext = 1.498e+05)
Runtime: CPU: 0:00:00.1 REAL: 0:00:00.0 MEM: 47343.8MB
*** Finished place_detail (0:27:32 mem=47343.8M) ***
  ClockRefiner summary
  All clock instances: Moved 0, flipped 0 and cell swapped 0 (out of a total of 5117).
  Restoring place_status_cts on 58 clock instances.
  Leaving CCOpt scope - ClockRefiner done. (took cpu=0:00:00.4 real=0:00:00.3)
  Stage::Updating netlist done. (took cpu=0:00:00.7 real=0:00:00.5)
      flow.cputime  flow.realtime  timing.setup.tns  timing.setup.wns  snapshot
UM:*                                                                   Stage::Updating netlist
  CCOpt::Phase::Implementation done. (took cpu=0:00:54.5 real=0:00:36.9)
      flow.cputime  flow.realtime  timing.setup.tns  timing.setup.wns  snapshot
UM:*                                                                   CCOpt::Phase::Implementation
  CCOpt::Phase::eGRPC...
  eGR Post Conditioning loop iteration 0...
    Clock implementation routing...
      Leaving CCOpt scope - Routing Tools...
Net route status summary:
  Clock:        59 (unrouted=59, trialRouted=0, noStatus=0, routed=0, fixed=0, [crossesIlmBoundary=0, tooFewTerms=0, (crossesIlmBoundary AND tooFewTerms=0)])
  Non-clock: 58277 (unrouted=19778, trialRouted=38499, noStatus=0, routed=0, fixed=0, [crossesIlmBoundary=0, tooFewTerms=19778, (crossesIlmBoundary AND tooFewTerms=0)])
      Routing using eGR only...
        Early Global Route - eGR only step...
(ccopt eGR): There are 59 nets to be routed. 0 nets have skip routing designation.
(ccopt eGR): There are 59 nets for routing of which 59 have one or more fixed wires.
(ccopt eGR): Start to route 59 all nets
[NR-eGR] Track table information for default rule: 
[NR-eGR] M1 has single uniform track structure
[NR-eGR] M2 has single uniform track structure
[NR-eGR] C1 has single uniform track structure
[NR-eGR] C2 has single uniform track structure
[NR-eGR] C3 has single uniform track structure
[NR-eGR] C4 has single uniform track structure
[NR-eGR] BA has single uniform track structure
[NR-eGR] BB has single uniform track structure
[NR-eGR] JA has single uniform track structure
[NR-eGR] JB has single uniform track structure
[NR-eGR] LB has single uniform track structure
[NR-eGR] Read 21 PG shapes
[NR-eGR] Read 0 clock shapes
[NR-eGR] Read 0 other shapes
[NR-eGR] #Routing Blockages  : 31
[NR-eGR] #Instance Blockages : 100697
[NR-eGR] #PG Blockages       : 21
[NR-eGR] #Halo Blockages     : 0
[NR-eGR] #Boundary Blockages : 0
[NR-eGR] #Clock Blockages    : 0
[NR-eGR] #Other Blockages    : 0
[NR-eGR] Num Prerouted Nets = 0  Num Prerouted Wires = 0
[NR-eGR] Read 38558 nets ( ignored 38499 )
[NR-eGR] Connected 0 must-join pins/ports
[NR-eGR] There are 59 clock nets ( 59 with NDR ).
[NR-eGR] ============ Routing rule table ============
[NR-eGR] Rule id: 0  Nets: 59
[NR-eGR] ========================================
[NR-eGR] 
[NR-eGR] Layer group 1: route 59 net(s) in layer range [3, 4]
[NR-eGR] Early Global Route overflow of layer group 1: 0.00% H + 0.00% V. EstWL: 1.036992e+04um
[NR-eGR] Create a new net group with 26 nets and layer range [3, 6]
[NR-eGR] Layer group 2: route 26 net(s) in layer range [3, 6]
[NR-eGR] Early Global Route overflow of layer group 2: 0.00% H + 0.00% V. EstWL: 1.464512e+04um
[NR-eGR] Create a new net group with 26 nets and layer range [3, 8]
[NR-eGR] Layer group 3: route 26 net(s) in layer range [3, 8]
[NR-eGR] Early Global Route overflow of layer group 3: 0.00% H + 0.00% V. EstWL: 1.893632e+04um
[NR-eGR] Create a new net group with 25 nets and layer range [3, 10]
[NR-eGR] Layer group 4: route 25 net(s) in layer range [3, 10]
[NR-eGR] Early Global Route overflow of layer group 4: 0.00% H + 0.00% V. EstWL: 2.303872e+04um
[NR-eGR] Create a new net group with 23 nets and layer range [3, 11]
[NR-eGR] Layer group 5: route 23 net(s) in layer range [3, 11]
[NR-eGR] Early Global Route overflow of layer group 5: 0.00% H + 0.00% V. EstWL: 2.678080e+04um
[NR-eGR] Congestion Analysis By layer: (blocked Gcells are excluded) 
[NR-eGR]                        OverCon            
[NR-eGR]                         #Gcell     %Gcell
[NR-eGR]        Layer               (1)    OverCon
[NR-eGR] ----------------------------------------------
[NR-eGR]      M1 ( 1)         0( 0.00%)   ( 0.00%) 
[NR-eGR]      M2 ( 2)        85( 0.09%)   ( 0.09%) 
[NR-eGR]      C1 ( 3)         0( 0.00%)   ( 0.00%) 
[NR-eGR]      C2 ( 4)         0( 0.00%)   ( 0.00%) 
[NR-eGR]      C3 ( 5)         0( 0.00%)   ( 0.00%) 
[NR-eGR]      C4 ( 6)         0( 0.00%)   ( 0.00%) 
[NR-eGR]      BA ( 7)         0( 0.00%)   ( 0.00%) 
[NR-eGR]      BB ( 8)         0( 0.00%)   ( 0.00%) 
[NR-eGR]      JA ( 9)         0( 0.00%)   ( 0.00%) 
[NR-eGR]      JB (10)         0( 0.00%)   ( 0.00%) 
[NR-eGR]      LB (11)         0( 0.00%)   ( 0.00%) 
[NR-eGR] ----------------------------------------------
[NR-eGR]        Total        85( 0.01%)   ( 0.01%) 
[NR-eGR] 
[NR-eGR] Overflow after Early Global Route 0.00% H + 0.00% V
[NR-eGR]             Length (um)    Vias 
[NR-eGR] --------------------------------
[NR-eGR]  M1  (1V)             0  111129 
[NR-eGR]  M2  (2H)         69396  218669 
[NR-eGR]  C1  (3V)        136408   58251 
[NR-eGR]  C2  (4H)         93665   24252 
[NR-eGR]  C3  (5V)        131586    9814 
[NR-eGR]  C4  (6H)         72651    2816 
[NR-eGR]  BA  (7V)         51496    1495 
[NR-eGR]  BB  (8H)         21404      48 
[NR-eGR]  JA  (9V)             5       0 
[NR-eGR]  JB  (10H)            0       0 
[NR-eGR]  LB  (11V)            0       0 
[NR-eGR] --------------------------------
[NR-eGR]      Total       576611  426474 
[NR-eGR] --------------------------------------------------------------------------
[NR-eGR] Total half perimeter of net bounding box: 472573um
[NR-eGR] Total length: 576611um, number of vias: 426474
[NR-eGR] --------------------------------------------------------------------------
[NR-eGR] Total eGR-routed clock nets wire length: 10640um, number of vias: 10959
[NR-eGR] --------------------------------------------------------------------------
[NR-eGR] Report for selected net(s) only.
[NR-eGR]             Length (um)   Vias 
[NR-eGR] -------------------------------
[NR-eGR]  M1  (1V)             0    329 
[NR-eGR]  M2  (2H)           723   6002 
[NR-eGR]  C1  (3V)          5037   4388 
[NR-eGR]  C2  (4H)          4524    240 
[NR-eGR]  C3  (5V)           356      0 
[NR-eGR]  C4  (6H)             0      0 
[NR-eGR]  BA  (7V)             0      0 
[NR-eGR]  BB  (8H)             0      0 
[NR-eGR]  JA  (9V)             0      0 
[NR-eGR]  JB  (10H)            0      0 
[NR-eGR]  LB  (11V)            0      0 
[NR-eGR] -------------------------------
[NR-eGR]      Total        10640  10959 
[NR-eGR] --------------------------------------------------------------------------
[NR-eGR] Total half perimeter of net bounding box: 3461um
[NR-eGR] Total length: 10640um, number of vias: 10959
[NR-eGR] --------------------------------------------------------------------------
[NR-eGR] Total routed clock nets wire length: 10640um, number of vias: 10959
[NR-eGR] --------------------------------------------------------------------------
[NR-eGR] Finished Early Global Route kernel ( CPU: 1.57 sec, Real: 1.09 sec, Curr Mem: 47364.13 MB )
        Early Global Route - eGR only step done. (took cpu=0:00:01.7 real=0:00:01.2)
      flow.cputime  flow.realtime  timing.setup.tns  timing.setup.wns  snapshot
UM:*                                                                   Early Global Route - eGR only step
      Routing using eGR only done.
Net route status summary:
  Clock:        59 (unrouted=0, trialRouted=0, noStatus=0, routed=59, fixed=0, [crossesIlmBoundary=0, tooFewTerms=0, (crossesIlmBoundary AND tooFewTerms=0)])
  Non-clock: 58277 (unrouted=19778, trialRouted=38499, noStatus=0, routed=0, fixed=0, [crossesIlmBoundary=0, tooFewTerms=19778, (crossesIlmBoundary AND tooFewTerms=0)])

CCOPT: Done with clock implementation routing.

      Leaving CCOpt scope - Routing Tools done. (took cpu=0:00:02.2 real=0:00:01.7)
    Clock implementation routing done.
    Leaving CCOpt scope - extractRC...
    Updating RC parasitics by calling: "extract_rc -noRouteCheck"...
Extraction called for design 'Silago_top_left_corner' of instances=36326 and nets=58336 using extraction engine 'pre_route' .
**WARN: (IMPEXT-3530):	The process node is not set. Use the command set_design_mode -process <process node> prior to extraction for maximum accuracy and optimal automatic threshold setting.
Type 'man IMPEXT-3530' for more detail.
pre_route RC Extraction called for design Silago_top_left_corner.
RC Extraction called in multi-corner(3) mode.
RCMode: PreRoute
      RC Corner Indexes            0       1       2   
Capacitance Scaling Factor   : 1.00000 1.00000 1.00000 
Resistance Scaling Factor    : 1.00000 1.00000 1.00000 
Clock Cap. Scaling Factor    : 1.00000 1.00000 1.00000 
Clock Res. Scaling Factor    : 1.00000 1.00000 1.00000 
Shrink Factor                : 1.00000
PreRoute extraction is honoring NDR/Shielding/ExtraSpace for clock nets.
Using Quantus QRC technology file ...
Updating RC grid for preRoute extraction ...
Initializing multi-corner resistance tables ...
PreRoute RC Extraction DONE (CPU Time: 0:00:01.0  Real Time: 0:00:01.0  MEM: 47364.129M)
    Updating RC parasitics by calling: "extract_rc -noRouteCheck" done.
    Leaving CCOpt scope - extractRC done. (took cpu=0:00:01.0 real=0:00:00.9)
    Leaving CCOpt scope - Initializing placement interface...

**Info: (IMPSP-2062): Some of the PG shapes may not be colorized properly in this design, users are required to run command colorizePowerMesh before any placement related commands!
    Leaving CCOpt scope - Initializing placement interface done. (took cpu=0:00:00.2 real=0:00:00.2)
    Calling post conditioning for eGRPC...
      eGRPC...
        eGRPC active optimizations:
         - Move Down
         - Downsizing before DRV sizing
         - DRV fixing with sizing
         - Move to fanout
         - Cloning
        
        Currently running CTS, using active skew data
        Reset bufferability constraints...
        Resetting previous bufferability status on all nets so that eGRPC will attempt to fix all clock tree violations.
        Clock tree timing engine global stage delay update for WC_dc:setup.late...
        Clock tree timing engine global stage delay update for WC_dc:setup.late done. (took cpu=0:00:00.3 real=0:00:00.1)
        Reset bufferability constraints done. (took cpu=0:00:00.3 real=0:00:00.1)
        Clock DAG stats eGRPC initial state:
          cell counts      : b=58, i=0, icg=0, dcg=0, l=0, total=58
          sink counts      : regular=5059, enable_latch=0, load_capacitance=0, antenna=0, node_sink=0, total=5059
          misc counts      : r=1, pp=0
          cell areas       : b=70.753um^2, i=0.000um^2, icg=0.000um^2, dcg=0.000um^2, l=0.000um^2, total=70.753um^2
          cell capacitance : b=149.161fF, i=0.000fF, icg=0.000fF, dcg=0.000fF, l=0.000fF, total=149.161fF
          sink capacitance : total=3722.117fF, avg=0.736fF, sd=0.034fF, min=0.679fF, max=0.757fF
          wire capacitance : top=0.000fF, trunk=142.289fF, leaf=1354.056fF, total=1496.345fF
          wire lengths     : top=0.000um, trunk=1088.969um, leaf=9551.483um, total=10640.452um
          hp wire lengths  : top=0.000um, trunk=762.248um, leaf=2683.370um, total=3445.618um
        Clock DAG net violations eGRPC initial state: none
        Clock DAG primary half-corner transition distribution eGRPC initial state:
          Trunk : target=87.8ps count=7 avg=48.8ps sd=21.6ps min=11.1ps max=69.8ps {3 <= 52.7ps, 4 <= 70.2ps, 0 <= 79.0ps, 0 <= 83.4ps, 0 <= 87.8ps}
          Leaf  : target=87.8ps count=52 avg=78.5ps sd=6.1ps min=58.5ps max=87.3ps {0 <= 52.7ps, 3 <= 70.2ps, 22 <= 79.0ps, 17 <= 83.4ps, 10 <= 87.8ps}
        Clock DAG library cell distribution eGRPC initial state {count}:
           Bufs: SC8T_BUFX20_CSC28L: 3 SC8T_BUFX16_CSC28L: 3 SC8T_BUFX12_CSC28L: 23 SC8T_BUFX10_CSC28L: 28 SC8T_BUFX6_CSC28L: 1 
        Primary reporting skew groups eGRPC initial state:
          skew_group clk/functional: insertion delay [min=208.5, max=258.6, avg=238.7, sd=8.8], skew [50.1 vs 53.8], 100% {208.5, 258.6} (wid=79.3 ws=50.0) (gid=203.4 gs=43.7)
        Skew group summary eGRPC initial state:
          skew_group clk/functional: insertion delay [min=208.5, max=258.6, avg=238.7, sd=8.8], skew [50.1 vs 53.8], 100% {208.5, 258.6} (wid=79.3 ws=50.0) (gid=203.4 gs=43.7)
        eGRPC Moving buffers...
          Violation analysis...
          Violation analysis done. (took cpu=0:00:00.0 real=0:00:00.0)
      flow.cputime  flow.realtime  timing.setup.tns  timing.setup.wns  snapshot
UM:*                                                                   Violation analysis
          Clock DAG stats after 'eGRPC Moving buffers':
            cell counts      : b=58, i=0, icg=0, dcg=0, l=0, total=58
            sink counts      : regular=5059, enable_latch=0, load_capacitance=0, antenna=0, node_sink=0, total=5059
            misc counts      : r=1, pp=0
            cell areas       : b=70.753um^2, i=0.000um^2, icg=0.000um^2, dcg=0.000um^2, l=0.000um^2, total=70.753um^2
            cell capacitance : b=149.161fF, i=0.000fF, icg=0.000fF, dcg=0.000fF, l=0.000fF, total=149.161fF
            sink capacitance : total=3722.117fF, avg=0.736fF, sd=0.034fF, min=0.679fF, max=0.757fF
            wire capacitance : top=0.000fF, trunk=142.289fF, leaf=1354.056fF, total=1496.345fF
            wire lengths     : top=0.000um, trunk=1088.969um, leaf=9551.483um, total=10640.452um
            hp wire lengths  : top=0.000um, trunk=762.248um, leaf=2683.370um, total=3445.618um
          Clock DAG net violations after 'eGRPC Moving buffers': none
          Clock DAG primary half-corner transition distribution after 'eGRPC Moving buffers':
            Trunk : target=87.8ps count=7 avg=48.8ps sd=21.6ps min=11.1ps max=69.8ps {3 <= 52.7ps, 4 <= 70.2ps, 0 <= 79.0ps, 0 <= 83.4ps, 0 <= 87.8ps}
            Leaf  : target=87.8ps count=52 avg=78.5ps sd=6.1ps min=58.5ps max=87.3ps {0 <= 52.7ps, 3 <= 70.2ps, 22 <= 79.0ps, 17 <= 83.4ps, 10 <= 87.8ps}
          Clock DAG library cell distribution after 'eGRPC Moving buffers' {count}:
             Bufs: SC8T_BUFX20_CSC28L: 3 SC8T_BUFX16_CSC28L: 3 SC8T_BUFX12_CSC28L: 23 SC8T_BUFX10_CSC28L: 28 SC8T_BUFX6_CSC28L: 1 
          Primary reporting skew groups after 'eGRPC Moving buffers':
            skew_group clk/functional: insertion delay [min=208.5, max=258.6], skew [50.1 vs 53.8]
          Skew group summary after 'eGRPC Moving buffers':
            skew_group clk/functional: insertion delay [min=208.5, max=258.6], skew [50.1 vs 53.8]
          Legalizer API calls during this step: 0 succeeded with high effort: 0 succeeded with medium effort: 0 succeeded with low effort: 0 succeeded with basic effort: 0 succeeded with basic unbounded effort: 0
        eGRPC Moving buffers done. (took cpu=0:00:00.4 real=0:00:00.4)
      flow.cputime  flow.realtime  timing.setup.tns  timing.setup.wns  snapshot
UM:*                                                                   eGRPC Moving buffers
        eGRPC Initial Pass of Downsizing Clock Tree cells...
          Artificially removing long paths...
            Artificially shortened 45 long paths. The largest offset applied was 2.3ps.
            
            
            Skew Group Offsets:
            
            -------------------------------------------------------------------------------------------
            Skew Group        Num.     Num.       Offset        Max       Previous Max.    Current Max.
                              Sinks    Offsets    Percentile    Offset    Path Delay       Path Delay
            -------------------------------------------------------------------------------------------
            clk/functional    5059       45         0.890%      2.3ps        258.6ps         256.3ps
            -------------------------------------------------------------------------------------------
            
            Offsets Histogram:
            
            -------------------------------
            From (ps)    To (ps)      Count
            -------------------------------
            below           0.0         5
               0.0       and above     40
            -------------------------------
            
            Mean=1.4ps Median=1.9ps Std.Dev=0.9ps
            
            
            Legalizer API calls during this step: 0 succeeded with high effort: 0 succeeded with medium effort: 0 succeeded with low effort: 0 succeeded with basic effort: 0 succeeded with basic unbounded effort: 0
          Artificially removing long paths done. (took cpu=0:00:00.0 real=0:00:00.0)
          Modifying slew-target multiplier from 1 to 0.9
          Downsizing prefiltering...
          Downsizing prefiltering done.
          Downsizing: ...20% ...40% ..Library trimming buffers in power domain auto-default and half-corner WC_dc:setup.late removed 0 of 11 cells
          Original list had 11 cells:
          SC8T_BUFX24_CSC28L SC8T_BUFX20_CSC28L SC8T_BUFX16_CSC28L SC8T_BUFX12_CSC28L SC8T_BUFX10_CSC28L SC8T_BUFX8_CSC28L SC8T_BUFX6_CSC28L SC8T_BUFX4_CSC28L SC8T_BUFX3_CSC28L SC8T_BUFX1P5_CSC28L SC8T_BUFX0P5_A_CSC28L 
          Library trimming was not able to trim any cells:
          SC8T_BUFX24_CSC28L SC8T_BUFX20_CSC28L SC8T_BUFX16_CSC28L SC8T_BUFX12_CSC28L SC8T_BUFX10_CSC28L SC8T_BUFX8_CSC28L SC8T_BUFX6_CSC28L SC8T_BUFX4_CSC28L SC8T_BUFX3_CSC28L SC8T_BUFX1P5_CSC28L SC8T_BUFX0P5_A_CSC28L 
          .60% ...80% ...100% 
          DoDownSizing Summary : numSized = 1, numUnchanged = 1, numSkippedDueToOther = 0, numSkippedDueToCloseToSlewTarget = 49, numSkippedDueToCloseToSkewTarget = 8
          CCOpt-eGRPC Downsizing: considered: 2, tested: 0, violation detected: 0, violation ignored (due to small violation): 0, cannot run: 0, attempted: 2, unsuccessful: 0, sized: 1
          Downsizing prefiltering...
          Downsizing prefiltering done.
          Downsizing: ...20% ...40% ...60% ...80% ...100% 
          DoDownSizing Summary : numSized = 0, numUnchanged = 0, numSkippedDueToOther = 0, numSkippedDueToCloseToSlewTarget = 1, numSkippedDueToCloseToSkewTarget = 0
          CCOpt-eGRPC Downsizing: considered: 0, tested: 0, violation detected: 0, violation ignored (due to small violation): 0, cannot run: 0, attempted: 0, unsuccessful: 0, sized: 0
          Reverting slew-target multiplier from 0.9 to 1
          Reverting Artificially removing long paths...
            Legalizer API calls during this step: 0 succeeded with high effort: 0 succeeded with medium effort: 0 succeeded with low effort: 0 succeeded with basic effort: 0 succeeded with basic unbounded effort: 0
          Reverting Artificially removing long paths done. (took cpu=0:00:00.0 real=0:00:00.0)
          Clock DAG stats after 'eGRPC Initial Pass of Downsizing Clock Tree cells':
            cell counts      : b=58, i=0, icg=0, dcg=0, l=0, total=58
            sink counts      : regular=5059, enable_latch=0, load_capacitance=0, antenna=0, node_sink=0, total=5059
            misc counts      : r=1, pp=0
            cell areas       : b=70.354um^2, i=0.000um^2, icg=0.000um^2, dcg=0.000um^2, l=0.000um^2, total=70.354um^2
            cell capacitance : b=148.300fF, i=0.000fF, icg=0.000fF, dcg=0.000fF, l=0.000fF, total=148.300fF
            sink capacitance : total=3722.117fF, avg=0.736fF, sd=0.034fF, min=0.679fF, max=0.757fF
            wire capacitance : top=0.000fF, trunk=142.289fF, leaf=1354.056fF, total=1496.345fF
            wire lengths     : top=0.000um, trunk=1088.969um, leaf=9551.483um, total=10640.452um
            hp wire lengths  : top=0.000um, trunk=762.248um, leaf=2683.370um, total=3445.618um
          Clock DAG net violations after 'eGRPC Initial Pass of Downsizing Clock Tree cells': none
          Clock DAG primary half-corner transition distribution after 'eGRPC Initial Pass of Downsizing Clock Tree cells':
            Trunk : target=87.8ps count=7 avg=48.7ps sd=21.5ps min=11.1ps max=69.8ps {3 <= 52.7ps, 4 <= 70.2ps, 0 <= 79.0ps, 0 <= 83.4ps, 0 <= 87.8ps}
            Leaf  : target=87.8ps count=52 avg=78.8ps sd=5.6ps min=58.5ps max=87.3ps {0 <= 52.7ps, 2 <= 70.2ps, 23 <= 79.0ps, 17 <= 83.4ps, 10 <= 87.8ps}
          Clock DAG library cell distribution after 'eGRPC Initial Pass of Downsizing Clock Tree cells' {count}:
             Bufs: SC8T_BUFX20_CSC28L: 3 SC8T_BUFX16_CSC28L: 2 SC8T_BUFX12_CSC28L: 24 SC8T_BUFX10_CSC28L: 28 SC8T_BUFX6_CSC28L: 1 
          Primary reporting skew groups after 'eGRPC Initial Pass of Downsizing Clock Tree cells':
            skew_group clk/functional: insertion delay [min=208.5, max=258.6], skew [50.1 vs 53.8]
          Skew group summary after 'eGRPC Initial Pass of Downsizing Clock Tree cells':
            skew_group clk/functional: insertion delay [min=208.5, max=258.6], skew [50.1 vs 53.8]
          Legalizer API calls during this step: 3 succeeded with high effort: 3 succeeded with medium effort: 0 succeeded with low effort: 0 succeeded with basic effort: 0 succeeded with basic unbounded effort: 0
        eGRPC Initial Pass of Downsizing Clock Tree cells done. (took cpu=0:00:00.3 real=0:00:00.3)
      flow.cputime  flow.realtime  timing.setup.tns  timing.setup.wns  snapshot
UM:*                                                                   eGRPC Initial Pass of Downsizing Clock Tree cells
        eGRPC Fixing DRVs...
          Fixing clock tree DRVs: ...20% ...40% ...60% ...80% ...100% 
          CCOpt-eGRPC: considered: 59, tested: 59, violation detected: 0, violation ignored (due to small violation): 0, cannot run: 0, attempted: 0, unsuccessful: 0, sized: 0
          
          Statistics: Fix DRVs (cell sizing):
          ===================================
          
          Cell changes by Net Type:
          
          -------------------------------------------------------------------------------------------------
          Net Type    Attempted    Upsized     Downsized    Swapped Same Size    Total Changed    Not Sized
          -------------------------------------------------------------------------------------------------
          top                0            0           0            0                    0                0
          trunk              0            0           0            0                    0                0
          leaf               0            0           0            0                    0                0
          -------------------------------------------------------------------------------------------------
          Total              0            0           0            0                    0                0
          -------------------------------------------------------------------------------------------------
          
          Upsized: 0, Downsized: 0, Sized but same area: 0, Unchanged: 0, Area change: 0.000um^2 (0.000%)
          Max. move: 0.000um, Min. move: 0.000um, Avg. move: N/A
          
          Clock DAG stats after 'eGRPC Fixing DRVs':
            cell counts      : b=58, i=0, icg=0, dcg=0, l=0, total=58
            sink counts      : regular=5059, enable_latch=0, load_capacitance=0, antenna=0, node_sink=0, total=5059
            misc counts      : r=1, pp=0
            cell areas       : b=70.354um^2, i=0.000um^2, icg=0.000um^2, dcg=0.000um^2, l=0.000um^2, total=70.354um^2
            cell capacitance : b=148.300fF, i=0.000fF, icg=0.000fF, dcg=0.000fF, l=0.000fF, total=148.300fF
            sink capacitance : total=3722.117fF, avg=0.736fF, sd=0.034fF, min=0.679fF, max=0.757fF
            wire capacitance : top=0.000fF, trunk=142.289fF, leaf=1354.056fF, total=1496.345fF
            wire lengths     : top=0.000um, trunk=1088.969um, leaf=9551.483um, total=10640.452um
            hp wire lengths  : top=0.000um, trunk=762.248um, leaf=2683.370um, total=3445.618um
          Clock DAG net violations after 'eGRPC Fixing DRVs': none
          Clock DAG primary half-corner transition distribution after 'eGRPC Fixing DRVs':
            Trunk : target=87.8ps count=7 avg=48.7ps sd=21.5ps min=11.1ps max=69.8ps {3 <= 52.7ps, 4 <= 70.2ps, 0 <= 79.0ps, 0 <= 83.4ps, 0 <= 87.8ps}
            Leaf  : target=87.8ps count=52 avg=78.8ps sd=5.6ps min=58.5ps max=87.3ps {0 <= 52.7ps, 2 <= 70.2ps, 23 <= 79.0ps, 17 <= 83.4ps, 10 <= 87.8ps}
          Clock DAG library cell distribution after 'eGRPC Fixing DRVs' {count}:
             Bufs: SC8T_BUFX20_CSC28L: 3 SC8T_BUFX16_CSC28L: 2 SC8T_BUFX12_CSC28L: 24 SC8T_BUFX10_CSC28L: 28 SC8T_BUFX6_CSC28L: 1 
          Primary reporting skew groups after 'eGRPC Fixing DRVs':
            skew_group clk/functional: insertion delay [min=208.5, max=258.6], skew [50.1 vs 53.8]
          Skew group summary after 'eGRPC Fixing DRVs':
            skew_group clk/functional: insertion delay [min=208.5, max=258.6], skew [50.1 vs 53.8]
          Legalizer API calls during this step: 0 succeeded with high effort: 0 succeeded with medium effort: 0 succeeded with low effort: 0 succeeded with basic effort: 0 succeeded with basic unbounded effort: 0
        eGRPC Fixing DRVs done. (took cpu=0:00:00.1 real=0:00:00.1)
      flow.cputime  flow.realtime  timing.setup.tns  timing.setup.wns  snapshot
UM:*                                                                   eGRPC Fixing DRVs
        Reconnecting optimized routes...
        Reset timing graph...
Ignoring AAE DB Resetting ...
        Reset timing graph done.
        Reconnecting optimized routes done. (took cpu=0:00:00.0 real=0:00:00.0)
        Violation analysis...
        Violation analysis done. (took cpu=0:00:00.1 real=0:00:00.1)
      flow.cputime  flow.realtime  timing.setup.tns  timing.setup.wns  snapshot
UM:*                                                                   Violation analysis
        Reset timing graph...
Ignoring AAE DB Resetting ...
        Reset timing graph done.
        Clock DAG stats before routing clock trees:
          cell counts      : b=58, i=0, icg=0, dcg=0, l=0, total=58
          sink counts      : regular=5059, enable_latch=0, load_capacitance=0, antenna=0, node_sink=0, total=5059
          misc counts      : r=1, pp=0
          cell areas       : b=70.354um^2, i=0.000um^2, icg=0.000um^2, dcg=0.000um^2, l=0.000um^2, total=70.354um^2
          cell capacitance : b=148.300fF, i=0.000fF, icg=0.000fF, dcg=0.000fF, l=0.000fF, total=148.300fF
          sink capacitance : total=3722.117fF, avg=0.736fF, sd=0.034fF, min=0.679fF, max=0.757fF
          wire capacitance : top=0.000fF, trunk=142.289fF, leaf=1354.056fF, total=1496.345fF
          wire lengths     : top=0.000um, trunk=1088.969um, leaf=9551.483um, total=10640.452um
          hp wire lengths  : top=0.000um, trunk=762.248um, leaf=2683.370um, total=3445.618um
        Clock DAG net violations before routing clock trees: none
        Clock DAG primary half-corner transition distribution before routing clock trees:
          Trunk : target=87.8ps count=7 avg=48.7ps sd=21.5ps min=11.1ps max=69.8ps {3 <= 52.7ps, 4 <= 70.2ps, 0 <= 79.0ps, 0 <= 83.4ps, 0 <= 87.8ps}
          Leaf  : target=87.8ps count=52 avg=78.8ps sd=5.6ps min=58.5ps max=87.3ps {0 <= 52.7ps, 2 <= 70.2ps, 23 <= 79.0ps, 17 <= 83.4ps, 10 <= 87.8ps}
        Clock DAG library cell distribution before routing clock trees {count}:
           Bufs: SC8T_BUFX20_CSC28L: 3 SC8T_BUFX16_CSC28L: 2 SC8T_BUFX12_CSC28L: 24 SC8T_BUFX10_CSC28L: 28 SC8T_BUFX6_CSC28L: 1 
        Primary reporting skew groups before routing clock trees:
          skew_group clk/functional: insertion delay [min=208.5, max=258.6, avg=238.7, sd=8.6], skew [50.1 vs 53.8], 100% {208.5, 258.6} (wid=79.3 ws=50.0) (gid=203.4 gs=43.7)
        Skew group summary before routing clock trees:
          skew_group clk/functional: insertion delay [min=208.5, max=258.6, avg=238.7, sd=8.6], skew [50.1 vs 53.8], 100% {208.5, 258.6} (wid=79.3 ws=50.0) (gid=203.4 gs=43.7)
      eGRPC done.
    Calling post conditioning for eGRPC done.
  eGR Post Conditioning loop iteration 0 done.
  Refine place not called during Post Conditioning. Calling it now the eGR->PC Loop is complete.
  Leaving CCOpt scope - Cleaning up placement interface...
  Leaving CCOpt scope - Cleaning up placement interface done. (took cpu=0:00:00.2 real=0:00:00.1)
  Leaving CCOpt scope - ClockRefiner...
  Soft fixed 58 clock instances.
  Performing Single Pass Refine Place.

**Info: (IMPSP-2062): Some of the PG shapes may not be colorized properly in this design, users are required to run command colorizePowerMesh before any placement related commands!
*** Starting place_detail (0:27:38 mem=3967.4M) ***
Total net bbox length = 4.726e+05 (2.042e+05 2.684e+05) (ext = 1.498e+05)

**Info: (IMPSP-2062): Some of the PG shapes may not be colorized properly in this design, users are required to run command colorizePowerMesh before any placement related commands!
Move report: Detail placement moves 158 insts, mean move: 0.49 um, max move: 2.54 um 
	Max move on inst (SILEGO_cell/MTRF_cell/seq_gen/U4859): (74.26, 136.32) --> (73.63, 138.24)
	Runtime: CPU: 0:00:05.0 REAL: 0:00:01.0 MEM: 3961.2MB
Summary Report:
Instances move: 158 (out of 36326 movable)
Instances flipped: 2
Mean displacement: 0.49 um
Max displacement: 2.54 um (Instance: SILEGO_cell/MTRF_cell/seq_gen/U4859) (74.256, 136.32) -> (73.632, 138.24)
	Length: 8 sites, height: 1 rows, site name: SC8T_104CPP_CMOS22FDX, cell type: SC8T_MUX2X1_A_CSC28L
Total net bbox length = 4.726e+05 (2.042e+05 2.684e+05) (ext = 1.498e+05)
Runtime: CPU: 0:00:05.1 REAL: 0:00:01.0 MEM: 3961.2MB
*** Finished place_detail (0:27:43 mem=3961.2M) ***
  ClockRefiner summary
  All clock instances: Moved 21, flipped 2 and cell swapped 0 (out of a total of 5117).
  The largest move was 0.52 um for SILEGO_cell/MTRF_cell/seq_gen/instr_reg_reg[26][26].
  Restoring place_status_cts on 58 clock instances.
  Leaving CCOpt scope - ClockRefiner done. (took cpu=0:00:05.6 real=0:00:02.1)
  CCOpt::Phase::eGRPC done. (took cpu=0:00:11.5 real=0:00:07.1)
      flow.cputime  flow.realtime  timing.setup.tns  timing.setup.wns  snapshot
UM:*                                                                   CCOpt::Phase::eGRPC
  CCOpt::Phase::Routing...
  Clock implementation routing...
    Leaving CCOpt scope - Routing Tools...
Net route status summary:
  Clock:        59 (unrouted=0, trialRouted=0, noStatus=0, routed=59, fixed=0, [crossesIlmBoundary=0, tooFewTerms=0, (crossesIlmBoundary AND tooFewTerms=0)])
  Non-clock: 58277 (unrouted=19778, trialRouted=38499, noStatus=0, routed=0, fixed=0, [crossesIlmBoundary=0, tooFewTerms=19778, (crossesIlmBoundary AND tooFewTerms=0)])
    Routing using eGR in eGR->NR Step...
      Early Global Route - eGR->Nr High Frequency step...
(ccopt eGR): There are 59 nets to be routed. 0 nets have skip routing designation.
(ccopt eGR): There are 59 nets for routing of which 59 have one or more fixed wires.
(ccopt eGR): Start to route 59 all nets
[NR-eGR] Track table information for default rule: 
[NR-eGR] M1 has single uniform track structure
[NR-eGR] M2 has single uniform track structure
[NR-eGR] C1 has single uniform track structure
[NR-eGR] C2 has single uniform track structure
[NR-eGR] C3 has single uniform track structure
[NR-eGR] C4 has single uniform track structure
[NR-eGR] BA has single uniform track structure
[NR-eGR] BB has single uniform track structure
[NR-eGR] JA has single uniform track structure
[NR-eGR] JB has single uniform track structure
[NR-eGR] LB has single uniform track structure
[NR-eGR] Read 21 PG shapes
[NR-eGR] Read 0 clock shapes
[NR-eGR] Read 0 other shapes
[NR-eGR] #Routing Blockages  : 31
[NR-eGR] #Instance Blockages : 100696
[NR-eGR] #PG Blockages       : 21
[NR-eGR] #Halo Blockages     : 0
[NR-eGR] #Boundary Blockages : 0
[NR-eGR] #Clock Blockages    : 0
[NR-eGR] #Other Blockages    : 0
[NR-eGR] Num Prerouted Nets = 0  Num Prerouted Wires = 0
[NR-eGR] Read 38558 nets ( ignored 38499 )
[NR-eGR] Connected 0 must-join pins/ports
[NR-eGR] There are 59 clock nets ( 59 with NDR ).
[NR-eGR] ============ Routing rule table ============
[NR-eGR] Rule id: 0  Nets: 59
[NR-eGR] ========================================
[NR-eGR] 
[NR-eGR] Layer group 1: route 59 net(s) in layer range [3, 4]
[NR-eGR] Early Global Route overflow of layer group 1: 0.00% H + 0.00% V. EstWL: 1.037184e+04um
[NR-eGR] Create a new net group with 25 nets and layer range [3, 6]
[NR-eGR] Layer group 2: route 25 net(s) in layer range [3, 6]
[NR-eGR] Early Global Route overflow of layer group 2: 0.00% H + 0.00% V. EstWL: 1.461760e+04um
[NR-eGR] Create a new net group with 25 nets and layer range [3, 8]
[NR-eGR] Layer group 3: route 25 net(s) in layer range [3, 8]
[NR-eGR] Early Global Route overflow of layer group 3: 0.00% H + 0.00% V. EstWL: 1.888128e+04um
[NR-eGR] Create a new net group with 24 nets and layer range [3, 10]
[NR-eGR] Layer group 4: route 24 net(s) in layer range [3, 10]
[NR-eGR] Early Global Route overflow of layer group 4: 0.00% H + 0.00% V. EstWL: 2.295680e+04um
[NR-eGR] Create a new net group with 22 nets and layer range [3, 11]
[NR-eGR] Layer group 5: route 22 net(s) in layer range [3, 11]
[NR-eGR] Early Global Route overflow of layer group 5: 0.00% H + 0.00% V. EstWL: 2.667264e+04um
[NR-eGR] Congestion Analysis By layer: (blocked Gcells are excluded) 
[NR-eGR]                        OverCon            
[NR-eGR]                         #Gcell     %Gcell
[NR-eGR]        Layer               (1)    OverCon
[NR-eGR] ----------------------------------------------
[NR-eGR]      M1 ( 1)         0( 0.00%)   ( 0.00%) 
[NR-eGR]      M2 ( 2)        77( 0.08%)   ( 0.08%) 
[NR-eGR]      C1 ( 3)         0( 0.00%)   ( 0.00%) 
[NR-eGR]      C2 ( 4)         0( 0.00%)   ( 0.00%) 
[NR-eGR]      C3 ( 5)         0( 0.00%)   ( 0.00%) 
[NR-eGR]      C4 ( 6)         0( 0.00%)   ( 0.00%) 
[NR-eGR]      BA ( 7)         0( 0.00%)   ( 0.00%) 
[NR-eGR]      BB ( 8)         0( 0.00%)   ( 0.00%) 
[NR-eGR]      JA ( 9)         0( 0.00%)   ( 0.00%) 
[NR-eGR]      JB (10)         0( 0.00%)   ( 0.00%) 
[NR-eGR]      LB (11)         0( 0.00%)   ( 0.00%) 
[NR-eGR] ----------------------------------------------
[NR-eGR]        Total        77( 0.01%)   ( 0.01%) 
[NR-eGR] 
[NR-eGR] Overflow after Early Global Route 0.00% H + 0.00% V
[NR-eGR]             Length (um)    Vias 
[NR-eGR] --------------------------------
[NR-eGR]  M1  (1V)             0  111129 
[NR-eGR]  M2  (2H)         69401  218675 
[NR-eGR]  C1  (3V)        136450   58238 
[NR-eGR]  C2  (4H)         93661   24239 
[NR-eGR]  C3  (5V)        131543    9814 
[NR-eGR]  C4  (6H)         72651    2816 
[NR-eGR]  BA  (7V)         51496    1495 
[NR-eGR]  BB  (8H)         21404      48 
[NR-eGR]  JA  (9V)             5       0 
[NR-eGR]  JB  (10H)            0       0 
[NR-eGR]  LB  (11V)            0       0 
[NR-eGR] --------------------------------
[NR-eGR]      Total       576610  426454 
[NR-eGR] --------------------------------------------------------------------------
[NR-eGR] Total half perimeter of net bounding box: 472620um
[NR-eGR] Total length: 576610um, number of vias: 426454
[NR-eGR] --------------------------------------------------------------------------
[NR-eGR] Total eGR-routed clock nets wire length: 10640um, number of vias: 10939
[NR-eGR] --------------------------------------------------------------------------
[NR-eGR] Report for selected net(s) only.
[NR-eGR]             Length (um)   Vias 
[NR-eGR] -------------------------------
[NR-eGR]  M1  (1V)             0    329 
[NR-eGR]  M2  (2H)           728   6008 
[NR-eGR]  C1  (3V)          5079   4375 
[NR-eGR]  C2  (4H)          4520    227 
[NR-eGR]  C3  (5V)           313      0 
[NR-eGR]  C4  (6H)             0      0 
[NR-eGR]  BA  (7V)             0      0 
[NR-eGR]  BB  (8H)             0      0 
[NR-eGR]  JA  (9V)             0      0 
[NR-eGR]  JB  (10H)            0      0 
[NR-eGR]  LB  (11V)            0      0 
[NR-eGR] -------------------------------
[NR-eGR]      Total        10640  10939 
[NR-eGR] --------------------------------------------------------------------------
[NR-eGR] Total half perimeter of net bounding box: 3461um
[NR-eGR] Total length: 10640um, number of vias: 10939
[NR-eGR] --------------------------------------------------------------------------
[NR-eGR] Total routed clock nets wire length: 10640um, number of vias: 10939
[NR-eGR] --------------------------------------------------------------------------
[NR-eGR] Finished Early Global Route kernel ( CPU: 1.64 sec, Real: 1.11 sec, Curr Mem: 3985.56 MB )
      Early Global Route - eGR->Nr High Frequency step done. (took cpu=0:00:01.8 real=0:00:01.3)
      flow.cputime  flow.realtime  timing.setup.tns  timing.setup.wns  snapshot
UM:*                                                                   Early Global Route - eGR->Nr High Frequency step
    Routing using eGR in eGR->NR Step done.
    Routing using NR in eGR->NR Step...

CCOPT: Preparing to route 59 clock nets with NanoRoute.
  All net are default rule.
  Preferred NanoRoute mode settings: Current
**WARN: (IMPTCM-77):	Option "-grouteExpUseNanoRoute2" for command setNanoRouteMode is obsolete and will be removed in a future release. The obsolete option still works in this release but to avoid this warning and to ensure compatibility with future releases, remove the obsolete option from your script.
**WARN: (IMPDBTCL-321):	The attribute 'route_design_global_exp_use_nano_route2' still works but will be obsolete in a future major release. You should remove it from your script before the next major release to avoid errors.
**WARN: (IMPTCM-77):	Option "-routeExpDeterministicMultiThread" for command setNanoRouteMode is obsolete and will be removed in a future release. The obsolete option still works in this release but to avoid this warning and to ensure compatibility with future releases, remove the obsolete option from your script.
**WARN: (IMPDBTCL-321):	The attribute 'route_design_exp_deterministic_multi_thread' still works but will be obsolete in a future major release. You should remove it from your script before the next major release to avoid errors.
      Clock detailed routing...
        NanoRoute...

route_global_detail

#Start route_global_detail on Sat Jan  3 09:27:32 2026
#
#num needed restored net=0
#need_extraction net=0 (total=58336)
#WARNING (NRDB-2005) SPECIAL_NET VDD has special wires but no definitions for instance pins or top level pins. This will cause routability problems later.
#WARNING (NRDB-2005) SPECIAL_NET VDD has special wires but no definitions for instance pins or top level pins. This will cause routability problems later.
#NanoRoute Version 21.19-s058_1 NR231113-0413/21_19-UB
#
#Wire/Via statistics before line assignment ...
#Total number of nets with non-default rule or having extra spacing = 59
#Total wire length = 10640 um.
#Total half perimeter of net bounding box = 3486 um.
#Total wire length on LAYER M1 = 0 um.
#Total wire length on LAYER M2 = 728 um.
#Total wire length on LAYER C1 = 5079 um.
#Total wire length on LAYER C2 = 4520 um.
#Total wire length on LAYER C3 = 313 um.
#Total wire length on LAYER C4 = 0 um.
#Total wire length on LAYER BA = 0 um.
#Total wire length on LAYER BB = 0 um.
#Total wire length on LAYER JA = 0 um.
#Total wire length on LAYER JB = 0 um.
#Total wire length on LAYER LB = 0 um.
#Total number of vias = 10939
#Up-Via Summary (total 10939):
#           
#-----------------------
# M1                329
# M2               6008
# C1               4375
# C2                227
#-----------------------
#                 10939 
#
#Start routing data preparation on Sat Jan  3 09:27:32 2026
#
#Minimum voltage of a net in the design = 0.000.
#Maximum voltage of a net in the design = 0.800.
#Voltage range [0.000 - 0.800] has 58303 nets.
#Voltage range [0.000 - 0.000] has 32 nets.
#Voltage range [0.720 - 0.800] has 1 net.
#Build and mark too close pins for the same net.
#Initial pin access analysis.
#Detail pin access analysis.
# M1           V   Track-Pitch = 0.10400    Line-2-Via Pitch = 0.08000
# M2           H   Track-Pitch = 0.08000    Line-2-Via Pitch = 0.08000
# C1           V   Track-Pitch = 0.09000    Line-2-Via Pitch = 0.09000
# C2           H   Track-Pitch = 0.09000    Line-2-Via Pitch = 0.09000
# C3           V   Track-Pitch = 0.09000    Line-2-Via Pitch = 0.09000
# C4           H   Track-Pitch = 0.09000    Line-2-Via Pitch = 0.09000
# BA           V   Track-Pitch = 0.18000    Line-2-Via Pitch = 0.18000
# BB           H   Track-Pitch = 0.18000    Line-2-Via Pitch = 0.18000
# JA           V   Track-Pitch = 0.90000    Line-2-Via Pitch = 0.90000
# JB           H   Track-Pitch = 0.90000    Line-2-Via Pitch = 0.90000
# LB           V   Track-Pitch = 3.60000    Line-2-Via Pitch = 4.50000
#WARNING (NRAG-44) Track pitch is too small compared with line-2-via pitch.
#Bottom routing layer index=1(M1), bottom routing layer for shielding=3(C1), bottom shield layer=3(C1)
#shield_bottom_stripe_layer=3(C1), shield_top_stripe_layer=11(LB)
#pin_access_rlayer=2(M2)
#shield_top_dpt_rlayer=2 top_rlayer=11 top_trim_metal_rlayer=-1 rlayer_lowest=3 bottom_rlayer=1
#enable_trim_layer_shield=F enable_dpt_layer_shield=F has_line_end_grid=F
#cpu time = 00:00:00, elapsed time = 00:00:00, memory = 2553.90 (MB), peak = 2786.40 (MB)
#Regenerating Ggrids automatically.
#Auto generating G-grids with size=15 tracks, using layer C1's pitch = 0.09000.
#Using automatically generated G-grids.
#Done routing data preparation.
#cpu time = 00:00:54, elapsed time = 00:00:12, memory = 2607.79 (MB), peak = 2786.40 (MB)
#Minimum voltage of a net in the design = 0.000.
#Maximum voltage of a net in the design = 0.800.
#Voltage range [0.000 - 0.800] has 58303 nets.
#Voltage range [0.000 - 0.000] has 32 nets.
#Voltage range [0.720 - 0.800] has 1 net.
#Start instance access analysis using 8 threads...
#Set layer M1 to be advanced pin access layer.
#Set instance access analysis scope -1.97900, -2.48000, 202.55200, 202.58000
#0 instance pins are hard to access
#Instance access analysis statistics:
#Cpu time = 00:00:01
#Elapsed time = 00:00:01
#Increased memory = 12.22 (MB)
#Total memory = 2620.01 (MB)
#Peak memory = 2826.44 (MB)
Updating RC grid for preRoute extraction ...
Initializing multi-corner resistance tables ...
#
#Distribution of nets:
#Largest net has 5060 pins
#  
# #pin range           #net       %
#------------------------------------
#          2           25318 ( 43.4%)
#          3            5668 (  9.7%)
#          4            2023 (  3.5%)
#          5            2805 (  4.8%)
#          6             337 (  0.6%)
#          7             282 (  0.5%)
#          8             234 (  0.4%)
#          9             198 (  0.3%)
#  10  -  19            1041 (  1.8%)
#  20  -  29             322 (  0.6%)
#  30  -  39              71 (  0.1%)
#  40  -  49              14 (  0.0%)
#  50  -  59              57 (  0.1%)
#  60  -  69             102 (  0.2%)
#  70  -  79               2 (  0.0%)
#  80  -  89               2 (  0.0%)
#  90  -  99              27 (  0.0%)
#  100 - 199              41 (  0.1%)
#  200 - 299              12 (  0.0%)
#  1600-1699               1 (  0.0%)
#     >=2000               1 (  0.0%)
#
#Total: 58336 nets, 38558 non-trivial nets
#                              #net       %
#-------------------------------------------
#  Fully global routed           59 ( 0.2%)
#  Clock                         59
#  Extra space                   59
#  Prefer layer range         38558
#
#Nets in 2 layer ranges:
#  Bottom Pref.Layer    Top Pref.Layer       #net       %
#---------------------------------------------------------
#              -----             8 BB*      38499 ( 99.8%)
#               3 C1             4 C2          59 (  0.2%)
#
#59 nets selected.
#
#Iteration 1.1: cpu:00:00:01, real:00:00:00, mem:2.6 GB, peak:2.8 GB --5.12 [8]--
#Iteration 1.2: cpu:00:00:00, real:00:00:00, mem:2.6 GB, peak:2.8 GB --2.20 [8]--
#Iteration 1.3: cpu:00:00:00, real:00:00:00, mem:2.6 GB, peak:2.8 GB --2.16 [8]--
#Iteration 2.1: cpu:00:00:01, real:00:00:00, mem:2.6 GB, peak:2.8 GB --4.86 [8]--
#Iteration 2.2: cpu:00:00:00, real:00:00:00, mem:2.6 GB, peak:2.8 GB --1.75 [8]--
#Iteration 2.3: cpu:00:00:00, real:00:00:00, mem:2.6 GB, peak:2.8 GB --1.68 [8]--
#Iteration 3.1: cpu:00:00:01, real:00:00:00, mem:2.6 GB, peak:2.8 GB --4.43 [8]--
#
#Line Assignment statistics:
#Cpu time = 00:00:03
#Elapsed time = 00:00:01
#Increased memory = 10.64 (MB)
#Total memory = 2652.16 (MB)
#Peak memory = 2826.44 (MB)
#End Line Assignment: cpu:00:00:03, real:00:00:01, mem:2.6 GB, peak:2.8 GB --3.49 [8]--
#
#Wire/Via statistics after line assignment ...
#Total number of nets with non-default rule or having extra spacing = 59
#Total wire length = 10914 um.
#Total half perimeter of net bounding box = 3486 um.
#Total wire length on LAYER M1 = 0 um.
#Total wire length on LAYER M2 = 1144 um.
#Total wire length on LAYER C1 = 5066 um.
#Total wire length on LAYER C2 = 4409 um.
#Total wire length on LAYER C3 = 295 um.
#Total wire length on LAYER C4 = 0 um.
#Total wire length on LAYER BA = 0 um.
#Total wire length on LAYER BB = 0 um.
#Total wire length on LAYER JA = 0 um.
#Total wire length on LAYER JB = 0 um.
#Total wire length on LAYER LB = 0 um.
#Total number of vias = 9688
#Up-Via Summary (total 9688):
#           
#-----------------------
# M1                329
# M2               5613
# C1               3550
# C2                196
#-----------------------
#                  9688 
#
#Routing data preparation, pin analysis, line assignment statistics:
#Cpu time = 00:00:59
#Elapsed time = 00:00:14
#Increased memory = 127.88 (MB)
#Total memory = 2634.83 (MB)
#Peak memory = 2826.44 (MB)
#Skip comparing routing design signature in db-snapshot flow
#Using multithreading with 8 threads.
#Minimum voltage of a net in the design = 0.000.
#Maximum voltage of a net in the design = 0.800.
#Voltage range [0.000 - 0.800] has 58303 nets.
#Voltage range [0.000 - 0.000] has 32 nets.
#Voltage range [0.720 - 0.800] has 1 net.
#Minimum voltage of a net in the design = 0.000.
#Maximum voltage of a net in the design = 0.800.
#Voltage range [0.000 - 0.800] has 58303 nets.
#Voltage range [0.000 - 0.000] has 32 nets.
#Voltage range [0.720 - 0.800] has 1 net.
#Minimum voltage of a net in the design = 0.000.
#Maximum voltage of a net in the design = 0.800.
#Voltage range [0.000 - 0.800] has 58303 nets.
#Voltage range [0.000 - 0.000] has 32 nets.
#Voltage range [0.720 - 0.800] has 1 net.
#Minimum voltage of a net in the design = 0.000.
#Maximum voltage of a net in the design = 0.800.
#Voltage range [0.000 - 0.800] has 58303 nets.
#Voltage range [0.000 - 0.000] has 32 nets.
#Voltage range [0.720 - 0.800] has 1 net.
#
#Start Detail Routing..
#start initial detail routing ...
#   number of violations = 1
#
#    By Layer and Type :
#	       EOLColor   Totals
#	M1            0        0
#	M2            1        1
#	Totals        1        1
#cpu time = 00:01:25, elapsed time = 00:00:11, memory = 2667.80 (MB), peak = 2972.62 (MB)
#start 1st optimization iteration ...
#   number of violations = 0
#cpu time = 00:00:00, elapsed time = 00:00:00, memory = 2665.26 (MB), peak = 2972.62 (MB)
#Complete Detail Routing.
#Total number of nets with non-default rule or having extra spacing = 59
#Total wire length = 10658 um.
#Total half perimeter of net bounding box = 3486 um.
#Total wire length on LAYER M1 = 0 um.
#Total wire length on LAYER M2 = 181 um.
#Total wire length on LAYER C1 = 5323 um.
#Total wire length on LAYER C2 = 4858 um.
#Total wire length on LAYER C3 = 297 um.
#Total wire length on LAYER C4 = 0 um.
#Total wire length on LAYER BA = 0 um.
#Total wire length on LAYER BB = 0 um.
#Total wire length on LAYER JA = 0 um.
#Total wire length on LAYER JB = 0 um.
#Total wire length on LAYER LB = 0 um.
#Total number of vias = 10693
#Up-Via Summary (total 10693):
#           
#-----------------------
# M1                329
# M2               5182
# C1               4988
# C2                194
#-----------------------
#                 10693 
#
#Total number of DRC violations = 0
#Cpu time = 00:01:26
#Elapsed time = 00:00:12
#Increased memory = 29.88 (MB)
#Total memory = 2665.26 (MB)
#Peak memory = 2972.62 (MB)
#Skip updating routing design signature in db-snapshot flow
#route_detail Statistics:
#Cpu time = 00:01:26
#Elapsed time = 00:00:12
#Increased memory = 30.43 (MB)
#Total memory = 2665.26 (MB)
#Peak memory = 2972.62 (MB)
#
#route_global_detail statistics:
#Cpu time = 00:02:28
#Elapsed time = 00:00:27
#Increased memory = 138.27 (MB)
#Total memory = 2657.05 (MB)
#Peak memory = 2972.62 (MB)
#Number of warnings = 3
#Total number of warnings = 17
#Number of fails = 0
#Total number of fails = 0
#Complete route_global_detail on Sat Jan  3 09:27:59 2026
#
        NanoRoute done. (took cpu=0:02:29 real=0:00:27.2)
      flow.cputime  flow.realtime  timing.setup.tns  timing.setup.wns  snapshot
UM:*                                                                   NanoRoute
      Clock detailed routing done.
Skipping check of guided vs. routed net lengths.
Set FIXED routing status on 59 net(s)
Set FIXED placed status on 58 instance(s)
      Route Remaining Unrouted Nets...
Running route_early_global to complete any remaining unrouted nets.
[NR-eGR] Started Early Global Route kernel ( Curr Mem: 4156.32 MB )
[NR-eGR] Track table information for default rule: 
[NR-eGR] M1 has single uniform track structure
[NR-eGR] M2 has single uniform track structure
[NR-eGR] C1 has single uniform track structure
[NR-eGR] C2 has single uniform track structure
[NR-eGR] C3 has single uniform track structure
[NR-eGR] C4 has single uniform track structure
[NR-eGR] BA has single uniform track structure
[NR-eGR] BB has single uniform track structure
[NR-eGR] JA has single uniform track structure
[NR-eGR] JB has single uniform track structure
[NR-eGR] LB has single uniform track structure
[NR-eGR] Read 21 PG shapes
[NR-eGR] Read 0 clock shapes
[NR-eGR] Read 0 other shapes
[NR-eGR] #Routing Blockages  : 31
[NR-eGR] #Instance Blockages : 100696
[NR-eGR] #PG Blockages       : 21
[NR-eGR] #Halo Blockages     : 0
[NR-eGR] #Boundary Blockages : 0
[NR-eGR] #Clock Blockages    : 0
[NR-eGR] #Other Blockages    : 0
[NR-eGR] Num Prerouted Nets = 59  Num Prerouted Wires = 17813
[NR-eGR] Read 38558 nets ( ignored 59 )
[NR-eGR] ============ Routing rule table ============
[NR-eGR] Rule id: 1  Nets: 38499
[NR-eGR] ========================================
[NR-eGR] 
[NR-eGR] Layer group 1: route 38499 net(s) in layer range [2, 11]
[NR-eGR] Early Global Route overflow of layer group 1: 0.38% H + 0.42% V. EstWL: 5.513747e+05um
[NR-eGR] Congestion Analysis By layer: (blocked Gcells are excluded) 
[NR-eGR]                        OverCon           OverCon           OverCon            
[NR-eGR]                         #Gcell            #Gcell            #Gcell     %Gcell
[NR-eGR]        Layer             (1-4)             (5-8)               (9)    OverCon
[NR-eGR] --------------------------------------------------------------------------------
[NR-eGR]      M1 ( 1)         0( 0.00%)         0( 0.00%)         0( 0.00%)   ( 0.00%) 
[NR-eGR]      M2 ( 2)       885( 0.91%)         0( 0.00%)         0( 0.00%)   ( 0.91%) 
[NR-eGR]      C1 ( 3)       660( 0.68%)         6( 0.01%)         0( 0.00%)   ( 0.68%) 
[NR-eGR]      C2 ( 4)       100( 0.10%)         4( 0.00%)         1( 0.00%)   ( 0.11%) 
[NR-eGR]      C3 ( 5)       212( 0.22%)        11( 0.01%)         0( 0.00%)   ( 0.23%) 
[NR-eGR]      C4 ( 6)       109( 0.11%)        25( 0.03%)         1( 0.00%)   ( 0.14%) 
[NR-eGR]      BA ( 7)        54( 0.06%)         0( 0.00%)         0( 0.00%)   ( 0.06%) 
[NR-eGR]      BB ( 8)        20( 0.02%)        16( 0.02%)         0( 0.00%)   ( 0.04%) 
[NR-eGR]      JA ( 9)         0( 0.00%)         0( 0.00%)         0( 0.00%)   ( 0.00%) 
[NR-eGR]      JB (10)         0( 0.00%)         0( 0.00%)         0( 0.00%)   ( 0.00%) 
[NR-eGR]      LB (11)         0( 0.00%)         0( 0.00%)         0( 0.00%)   ( 0.00%) 
[NR-eGR] --------------------------------------------------------------------------------
[NR-eGR]        Total      2040( 0.27%)        62( 0.01%)         2( 0.00%)   ( 0.28%) 
[NR-eGR] 
[NR-eGR] Overflow after Early Global Route 0.08% H + 0.10% V
[NR-eGR]             Length (um)    Vias 
[NR-eGR] --------------------------------
[NR-eGR]  M1  (1V)             0  111129 
[NR-eGR]  M2  (2H)         69209  217815 
[NR-eGR]  C1  (3V)        137221   58852 
[NR-eGR]  C2  (4H)         94409   24657 
[NR-eGR]  C3  (5V)        131164    9970 
[NR-eGR]  C4  (6H)         72522    2895 
[NR-eGR]  BA  (7V)         51372    1481 
[NR-eGR]  BB  (8H)         20801      46 
[NR-eGR]  JA  (9V)             5       0 
[NR-eGR]  JB  (10H)            0       0 
[NR-eGR]  LB  (11V)            0       0 
[NR-eGR] --------------------------------
[NR-eGR]      Total       576703  426845 
[NR-eGR] --------------------------------------------------------------------------
[NR-eGR] Total half perimeter of net bounding box: 472620um
[NR-eGR] Total length: 576703um, number of vias: 426845
[NR-eGR] --------------------------------------------------------------------------
[NR-eGR] Total eGR-routed clock nets wire length: 0um, number of vias: 0
[NR-eGR] --------------------------------------------------------------------------
[NR-eGR] Finished Early Global Route kernel ( CPU: 6.91 sec, Real: 2.70 sec, Curr Mem: 4195.11 MB )
      Route Remaining Unrouted Nets done. (took cpu=0:00:07.0 real=0:00:02.8)
      flow.cputime  flow.realtime  timing.setup.tns  timing.setup.wns  snapshot
UM:*                                                                   Route Remaining Unrouted Nets
    Routing using NR in eGR->NR Step done.
Net route status summary:
  Clock:        59 (unrouted=0, trialRouted=0, noStatus=0, routed=0, fixed=59, [crossesIlmBoundary=0, tooFewTerms=0, (crossesIlmBoundary AND tooFewTerms=0)])
  Non-clock: 58277 (unrouted=19778, trialRouted=38499, noStatus=0, routed=0, fixed=0, [crossesIlmBoundary=0, tooFewTerms=19778, (crossesIlmBoundary AND tooFewTerms=0)])

CCOPT: Done with clock implementation routing.

    Leaving CCOpt scope - Routing Tools done. (took cpu=0:02:38 real=0:00:32.3)
  Clock implementation routing done.
  Leaving CCOpt scope - extractRC...
  Updating RC parasitics by calling: "extract_rc -noRouteCheck"...
Extraction called for design 'Silago_top_left_corner' of instances=36326 and nets=58336 using extraction engine 'pre_route' .
**WARN: (IMPEXT-3530):	The process node is not set. Use the command set_design_mode -process <process node> prior to extraction for maximum accuracy and optimal automatic threshold setting.
Type 'man IMPEXT-3530' for more detail.
pre_route RC Extraction called for design Silago_top_left_corner.
RC Extraction called in multi-corner(3) mode.
RCMode: PreRoute
      RC Corner Indexes            0       1       2   
Capacitance Scaling Factor   : 1.00000 1.00000 1.00000 
Resistance Scaling Factor    : 1.00000 1.00000 1.00000 
Clock Cap. Scaling Factor    : 1.00000 1.00000 1.00000 
Clock Res. Scaling Factor    : 1.00000 1.00000 1.00000 
Shrink Factor                : 1.00000
PreRoute extraction is honoring NDR/Shielding/ExtraSpace for clock nets.
Using Quantus QRC technology file ...
Updating RC grid for preRoute extraction ...
Initializing multi-corner resistance tables ...
PreRoute RC Extraction DONE (CPU Time: 0:00:01.1  Real Time: 0:00:01.0  MEM: 4156.105M)
  Updating RC parasitics by calling: "extract_rc -noRouteCheck" done.
  Leaving CCOpt scope - extractRC done. (took cpu=0:00:01.1 real=0:00:01.0)
  Clock tree timing engine global stage delay update for WC_dc:setup.late...
  Clock tree timing engine global stage delay update for WC_dc:setup.late done. (took cpu=0:00:00.4 real=0:00:00.1)
  Clock DAG stats after routing clock trees:
    cell counts      : b=58, i=0, icg=0, dcg=0, l=0, total=58
    sink counts      : regular=5059, enable_latch=0, load_capacitance=0, antenna=0, node_sink=0, total=5059
    misc counts      : r=1, pp=0
    cell areas       : b=70.354um^2, i=0.000um^2, icg=0.000um^2, dcg=0.000um^2, l=0.000um^2, total=70.354um^2
    cell capacitance : b=148.300fF, i=0.000fF, icg=0.000fF, dcg=0.000fF, l=0.000fF, total=148.300fF
    sink capacitance : total=3722.117fF, avg=0.736fF, sd=0.034fF, min=0.679fF, max=0.757fF
    wire capacitance : top=0.000fF, trunk=142.906fF, leaf=1363.864fF, total=1506.770fF
    wire lengths     : top=0.000um, trunk=1090.214um, leaf=9568.256um, total=10658.470um
    hp wire lengths  : top=0.000um, trunk=762.248um, leaf=2683.620um, total=3445.868um
  Clock DAG net violations after routing clock trees: none
  Clock DAG primary half-corner transition distribution after routing clock trees:
    Trunk : target=87.8ps count=7 avg=48.3ps sd=21.4ps min=11.2ps max=71.6ps {3 <= 52.7ps, 3 <= 70.2ps, 1 <= 79.0ps, 0 <= 83.4ps, 0 <= 87.8ps}
    Leaf  : target=87.8ps count=52 avg=78.5ps sd=5.9ps min=57.4ps max=86.9ps {0 <= 52.7ps, 2 <= 70.2ps, 23 <= 79.0ps, 16 <= 83.4ps, 11 <= 87.8ps}
  Clock DAG library cell distribution after routing clock trees {count}:
     Bufs: SC8T_BUFX20_CSC28L: 3 SC8T_BUFX16_CSC28L: 2 SC8T_BUFX12_CSC28L: 24 SC8T_BUFX10_CSC28L: 28 SC8T_BUFX6_CSC28L: 1 
  Primary reporting skew groups after routing clock trees:
    skew_group clk/functional: insertion delay [min=209.1, max=258.3, avg=239.5, sd=8.2], skew [49.2 vs 53.8], 100% {209.1, 258.3} (wid=72.7 ws=43.6) (gid=203.4 gs=40.1)
  Skew group summary after routing clock trees:
    skew_group clk/functional: insertion delay [min=209.1, max=258.3, avg=239.5, sd=8.2], skew [49.2 vs 53.8], 100% {209.1, 258.3} (wid=72.7 ws=43.6) (gid=203.4 gs=40.1)
  CCOpt::Phase::Routing done. (took cpu=0:02:40 real=0:00:33.6)
      flow.cputime  flow.realtime  timing.setup.tns  timing.setup.wns  snapshot
UM:*                                                                   CCOpt::Phase::Routing
  CCOpt::Phase::PostConditioning...
  Leaving CCOpt scope - Initializing placement interface...

**Info: (IMPSP-2062): Some of the PG shapes may not be colorized properly in this design, users are required to run command colorizePowerMesh before any placement related commands!
  Leaving CCOpt scope - Initializing placement interface done. (took cpu=0:00:00.3 real=0:00:00.2)
  PostConditioning...
    PostConditioning active optimizations:
     - DRV fixing with initial upsizing, sizing and buffering
     - Skew fixing with sizing
    
    Currently running CTS, using active skew data
    Reset bufferability constraints...
    Resetting previous bufferability status on all nets so that PostConditioning will attempt to fix all clock tree violations.
    Reset bufferability constraints done. (took cpu=0:00:00.0 real=0:00:00.0)
    PostConditioning Upsizing To Fix DRVs...
      Fixing clock tree DRVs with upsizing: ...20% ...40% ...60% ...80% ...100% 
      CCOpt-PostConditioning: considered: 59, tested: 59, violation detected: 0, violation ignored (due to small violation): 0, cannot run: 0, attempted: 0, unsuccessful: 0, sized: 0
      
      Statistics: Fix DRVs (initial upsizing):
      ========================================
      
      Cell changes by Net Type:
      
      -------------------------------------------------------------------------------------------------
      Net Type    Attempted    Upsized     Downsized    Swapped Same Size    Total Changed    Not Sized
      -------------------------------------------------------------------------------------------------
      top                0            0           0            0                    0                0
      trunk              0            0           0            0                    0                0
      leaf               0            0           0            0                    0                0
      -------------------------------------------------------------------------------------------------
      Total              0            0           0            0                    0                0
      -------------------------------------------------------------------------------------------------
      
      Upsized: 0, Downsized: 0, Sized but same area: 0, Unchanged: 0, Area change: 0.000um^2 (0.000%)
      Max. move: 0.000um, Min. move: 0.000um, Avg. move: N/A
      
      Clock DAG stats after 'PostConditioning Upsizing To Fix DRVs':
        cell counts      : b=58, i=0, icg=0, dcg=0, l=0, total=58
        sink counts      : regular=5059, enable_latch=0, load_capacitance=0, antenna=0, node_sink=0, total=5059
        misc counts      : r=1, pp=0
        cell areas       : b=70.354um^2, i=0.000um^2, icg=0.000um^2, dcg=0.000um^2, l=0.000um^2, total=70.354um^2
        cell capacitance : b=148.300fF, i=0.000fF, icg=0.000fF, dcg=0.000fF, l=0.000fF, total=148.300fF
        sink capacitance : total=3722.117fF, avg=0.736fF, sd=0.034fF, min=0.679fF, max=0.757fF
        wire capacitance : top=0.000fF, trunk=142.906fF, leaf=1363.864fF, total=1506.770fF
        wire lengths     : top=0.000um, trunk=1090.214um, leaf=9568.256um, total=10658.470um
        hp wire lengths  : top=0.000um, trunk=762.248um, leaf=2683.620um, total=3445.868um
      Clock DAG net violations after 'PostConditioning Upsizing To Fix DRVs': none
      Clock DAG primary half-corner transition distribution after 'PostConditioning Upsizing To Fix DRVs':
        Trunk : target=87.8ps count=7 avg=48.3ps sd=21.4ps min=11.2ps max=71.6ps {3 <= 52.7ps, 3 <= 70.2ps, 1 <= 79.0ps, 0 <= 83.4ps, 0 <= 87.8ps}
        Leaf  : target=87.8ps count=52 avg=78.5ps sd=5.9ps min=57.4ps max=86.9ps {0 <= 52.7ps, 2 <= 70.2ps, 23 <= 79.0ps, 16 <= 83.4ps, 11 <= 87.8ps}
      Clock DAG library cell distribution after 'PostConditioning Upsizing To Fix DRVs' {count}:
         Bufs: SC8T_BUFX20_CSC28L: 3 SC8T_BUFX16_CSC28L: 2 SC8T_BUFX12_CSC28L: 24 SC8T_BUFX10_CSC28L: 28 SC8T_BUFX6_CSC28L: 1 
      Primary reporting skew groups after 'PostConditioning Upsizing To Fix DRVs':
        skew_group clk/functional: insertion delay [min=209.1, max=258.3], skew [49.2 vs 53.8]
      Skew group summary after 'PostConditioning Upsizing To Fix DRVs':
        skew_group clk/functional: insertion delay [min=209.1, max=258.3], skew [49.2 vs 53.8]
      Legalizer API calls during this step: 0 succeeded with high effort: 0 succeeded with medium effort: 0 succeeded with low effort: 0 succeeded with basic effort: 0 succeeded with basic unbounded effort: 0
    PostConditioning Upsizing To Fix DRVs done. (took cpu=0:00:00.2 real=0:00:00.1)
      flow.cputime  flow.realtime  timing.setup.tns  timing.setup.wns  snapshot
UM:*                                                                   PostConditioning Upsizing To Fix DRVs
    Recomputing CTS skew targets...
    Resolving skew group constraints...
      Solving LP: 1 skew groups; 2 fragments, 2 fraglets and 3 vertices; 25 variables and 66 constraints; tolerance 1
    Resolving skew group constraints done.
    Recomputing CTS skew targets done. (took cpu=0:00:00.5 real=0:00:00.5)
    PostConditioning Fixing DRVs...
      Fixing clock tree DRVs: ...20% ...40% ...60% ...80% ...100% 
      CCOpt-PostConditioning: considered: 59, tested: 59, violation detected: 0, violation ignored (due to small violation): 0, cannot run: 0, attempted: 0, unsuccessful: 0, sized: 0
      
      Statistics: Fix DRVs (cell sizing):
      ===================================
      
      Cell changes by Net Type:
      
      -------------------------------------------------------------------------------------------------
      Net Type    Attempted    Upsized     Downsized    Swapped Same Size    Total Changed    Not Sized
      -------------------------------------------------------------------------------------------------
      top                0            0           0            0                    0                0
      trunk              0            0           0            0                    0                0
      leaf               0            0           0            0                    0                0
      -------------------------------------------------------------------------------------------------
      Total              0            0           0            0                    0                0
      -------------------------------------------------------------------------------------------------
      
      Upsized: 0, Downsized: 0, Sized but same area: 0, Unchanged: 0, Area change: 0.000um^2 (0.000%)
      Max. move: 0.000um, Min. move: 0.000um, Avg. move: N/A
      
      Clock DAG stats after 'PostConditioning Fixing DRVs':
        cell counts      : b=58, i=0, icg=0, dcg=0, l=0, total=58
        sink counts      : regular=5059, enable_latch=0, load_capacitance=0, antenna=0, node_sink=0, total=5059
        misc counts      : r=1, pp=0
        cell areas       : b=70.354um^2, i=0.000um^2, icg=0.000um^2, dcg=0.000um^2, l=0.000um^2, total=70.354um^2
        cell capacitance : b=148.300fF, i=0.000fF, icg=0.000fF, dcg=0.000fF, l=0.000fF, total=148.300fF
        sink capacitance : total=3722.117fF, avg=0.736fF, sd=0.034fF, min=0.679fF, max=0.757fF
        wire capacitance : top=0.000fF, trunk=142.906fF, leaf=1363.864fF, total=1506.770fF
        wire lengths     : top=0.000um, trunk=1090.214um, leaf=9568.256um, total=10658.470um
        hp wire lengths  : top=0.000um, trunk=762.248um, leaf=2683.620um, total=3445.868um
      Clock DAG net violations after 'PostConditioning Fixing DRVs': none
      Clock DAG primary half-corner transition distribution after 'PostConditioning Fixing DRVs':
        Trunk : target=87.8ps count=7 avg=48.3ps sd=21.4ps min=11.2ps max=71.6ps {3 <= 52.7ps, 3 <= 70.2ps, 1 <= 79.0ps, 0 <= 83.4ps, 0 <= 87.8ps}
        Leaf  : target=87.8ps count=52 avg=78.5ps sd=5.9ps min=57.4ps max=86.9ps {0 <= 52.7ps, 2 <= 70.2ps, 23 <= 79.0ps, 16 <= 83.4ps, 11 <= 87.8ps}
      Clock DAG library cell distribution after 'PostConditioning Fixing DRVs' {count}:
         Bufs: SC8T_BUFX20_CSC28L: 3 SC8T_BUFX16_CSC28L: 2 SC8T_BUFX12_CSC28L: 24 SC8T_BUFX10_CSC28L: 28 SC8T_BUFX6_CSC28L: 1 
      Primary reporting skew groups after 'PostConditioning Fixing DRVs':
        skew_group clk/functional: insertion delay [min=209.1, max=258.3], skew [49.2 vs 53.8]
      Skew group summary after 'PostConditioning Fixing DRVs':
        skew_group clk/functional: insertion delay [min=209.1, max=258.3], skew [49.2 vs 53.8]
      Legalizer API calls during this step: 0 succeeded with high effort: 0 succeeded with medium effort: 0 succeeded with low effort: 0 succeeded with basic effort: 0 succeeded with basic unbounded effort: 0
    PostConditioning Fixing DRVs done. (took cpu=0:00:00.1 real=0:00:00.1)
      flow.cputime  flow.realtime  timing.setup.tns  timing.setup.wns  snapshot
UM:*                                                                   PostConditioning Fixing DRVs
    Buffering to fix DRVs...
    Fixing DRVs with route buffering pass 1. Quick buffering: enabled
    Rebuffering to fix clock tree DRVs: ...20% ...40% ...60% ...80% ...100% 
    Inserted 0 buffers and inverters.
    success count. Default: 0, QS: 0, QD: 0, FS: 0, MQS: 0
    CCOpt-PostConditioning: nets considered: 59, nets tested: 59, nets violation detected: 0, nets violation ignored (due to small violation): 0, nets cannot run: 0, nets attempted: 0, nets unsuccessful: 0, buffered: 0
    Clock DAG stats PostConditioning after re-buffering DRV fixing:
      cell counts      : b=58, i=0, icg=0, dcg=0, l=0, total=58
      sink counts      : regular=5059, enable_latch=0, load_capacitance=0, antenna=0, node_sink=0, total=5059
      misc counts      : r=1, pp=0
      cell areas       : b=70.354um^2, i=0.000um^2, icg=0.000um^2, dcg=0.000um^2, l=0.000um^2, total=70.354um^2
      cell capacitance : b=148.300fF, i=0.000fF, icg=0.000fF, dcg=0.000fF, l=0.000fF, total=148.300fF
      sink capacitance : total=3722.117fF, avg=0.736fF, sd=0.034fF, min=0.679fF, max=0.757fF
      wire capacitance : top=0.000fF, trunk=142.906fF, leaf=1363.864fF, total=1506.770fF
      wire lengths     : top=0.000um, trunk=1090.214um, leaf=9568.256um, total=10658.470um
      hp wire lengths  : top=0.000um, trunk=762.248um, leaf=2683.620um, total=3445.868um
    Clock DAG net violations PostConditioning after re-buffering DRV fixing: none
    Clock DAG primary half-corner transition distribution PostConditioning after re-buffering DRV fixing:
      Trunk : target=87.8ps count=7 avg=48.3ps sd=21.4ps min=11.2ps max=71.6ps {3 <= 52.7ps, 3 <= 70.2ps, 1 <= 79.0ps, 0 <= 83.4ps, 0 <= 87.8ps}
      Leaf  : target=87.8ps count=52 avg=78.5ps sd=5.9ps min=57.4ps max=86.9ps {0 <= 52.7ps, 2 <= 70.2ps, 23 <= 79.0ps, 16 <= 83.4ps, 11 <= 87.8ps}
    Clock DAG library cell distribution PostConditioning after re-buffering DRV fixing {count}:
       Bufs: SC8T_BUFX20_CSC28L: 3 SC8T_BUFX16_CSC28L: 2 SC8T_BUFX12_CSC28L: 24 SC8T_BUFX10_CSC28L: 28 SC8T_BUFX6_CSC28L: 1 
    Primary reporting skew groups PostConditioning after re-buffering DRV fixing:
      skew_group clk/functional: insertion delay [min=209.1, max=258.3, avg=239.5, sd=8.2], skew [49.2 vs 53.8], 100% {209.1, 258.3} (wid=72.7 ws=43.6) (gid=203.4 gs=40.1)
    Skew group summary PostConditioning after re-buffering DRV fixing:
      skew_group clk/functional: insertion delay [min=209.1, max=258.3, avg=239.5, sd=8.2], skew [49.2 vs 53.8], 100% {209.1, 258.3} (wid=72.7 ws=43.6) (gid=203.4 gs=40.1)
    Buffering to fix DRVs done. (took cpu=0:00:00.2 real=0:00:00.2)
      flow.cputime  flow.realtime  timing.setup.tns  timing.setup.wns  snapshot
UM:*                                                                   Buffering to fix DRVs
    PostConditioning Fixing Skew by cell sizing...
      Resized 0 clock insts to decrease delay.
      Resized 0 clock insts to increase delay.
      
      Statistics: Fix Skew (cell sizing):
      ===================================
      
      Cell changes by Net Type:
      
      -------------------------------------------------------------------------------------------------
      Net Type    Attempted    Upsized     Downsized    Swapped Same Size    Total Changed    Not Sized
      -------------------------------------------------------------------------------------------------
      top                0            0           0            0                    0                0
      trunk              0            0           0            0                    0                0
      leaf               0            0           0            0                    0                0
      -------------------------------------------------------------------------------------------------
      Total              0            0           0            0                    0                0
      -------------------------------------------------------------------------------------------------
      
      Upsized: 0, Downsized: 0, Sized but same area: 0, Unchanged: 0, Area change: 0.000um^2 (0.000%)
      Max. move: 0.000um, Min. move: 0.000um, Avg. move: N/A
      
      Clock DAG stats after 'PostConditioning Fixing Skew by cell sizing':
        cell counts      : b=58, i=0, icg=0, dcg=0, l=0, total=58
        sink counts      : regular=5059, enable_latch=0, load_capacitance=0, antenna=0, node_sink=0, total=5059
        misc counts      : r=1, pp=0
        cell areas       : b=70.354um^2, i=0.000um^2, icg=0.000um^2, dcg=0.000um^2, l=0.000um^2, total=70.354um^2
        cell capacitance : b=148.300fF, i=0.000fF, icg=0.000fF, dcg=0.000fF, l=0.000fF, total=148.300fF
        sink capacitance : total=3722.117fF, avg=0.736fF, sd=0.034fF, min=0.679fF, max=0.757fF
        wire capacitance : top=0.000fF, trunk=142.906fF, leaf=1363.864fF, total=1506.770fF
        wire lengths     : top=0.000um, trunk=1090.214um, leaf=9568.256um, total=10658.470um
        hp wire lengths  : top=0.000um, trunk=762.248um, leaf=2683.620um, total=3445.868um
      Clock DAG net violations after 'PostConditioning Fixing Skew by cell sizing': none
      Clock DAG primary half-corner transition distribution after 'PostConditioning Fixing Skew by cell sizing':
        Trunk : target=87.8ps count=7 avg=48.3ps sd=21.4ps min=11.2ps max=71.6ps {3 <= 52.7ps, 3 <= 70.2ps, 1 <= 79.0ps, 0 <= 83.4ps, 0 <= 87.8ps}
        Leaf  : target=87.8ps count=52 avg=78.5ps sd=5.9ps min=57.4ps max=86.9ps {0 <= 52.7ps, 2 <= 70.2ps, 23 <= 79.0ps, 16 <= 83.4ps, 11 <= 87.8ps}
      Clock DAG library cell distribution after 'PostConditioning Fixing Skew by cell sizing' {count}:
         Bufs: SC8T_BUFX20_CSC28L: 3 SC8T_BUFX16_CSC28L: 2 SC8T_BUFX12_CSC28L: 24 SC8T_BUFX10_CSC28L: 28 SC8T_BUFX6_CSC28L: 1 
      Primary reporting skew groups after 'PostConditioning Fixing Skew by cell sizing':
        skew_group clk/functional: insertion delay [min=209.1, max=258.3, avg=239.5, sd=8.2], skew [49.2 vs 53.8], 100% {209.1, 258.3} (wid=72.7 ws=43.6) (gid=203.4 gs=40.1)
      Skew group summary after 'PostConditioning Fixing Skew by cell sizing':
        skew_group clk/functional: insertion delay [min=209.1, max=258.3, avg=239.5, sd=8.2], skew [49.2 vs 53.8], 100% {209.1, 258.3} (wid=72.7 ws=43.6) (gid=203.4 gs=40.1)
      Legalizer API calls during this step: 0 succeeded with high effort: 0 succeeded with medium effort: 0 succeeded with low effort: 0 succeeded with basic effort: 0 succeeded with basic unbounded effort: 0
    PostConditioning Fixing Skew by cell sizing done. (took cpu=0:00:00.2 real=0:00:00.2)
      flow.cputime  flow.realtime  timing.setup.tns  timing.setup.wns  snapshot
UM:*                                                                   PostConditioning Fixing Skew by cell sizing
    Reconnecting optimized routes...
    Reset timing graph...
Ignoring AAE DB Resetting ...
    Reset timing graph done.
    Reconnecting optimized routes done. (took cpu=0:00:00.1 real=0:00:00.1)
Skipping place_detail: no changes were made during DRV and/or skew fixing steps so it is unnecessary.
  PostConditioning done.
Net route status summary:
  Clock:        59 (unrouted=0, trialRouted=0, noStatus=0, routed=0, fixed=59, [crossesIlmBoundary=0, tooFewTerms=0, (crossesIlmBoundary AND tooFewTerms=0)])
  Non-clock: 58277 (unrouted=19778, trialRouted=38499, noStatus=0, routed=0, fixed=0, [crossesIlmBoundary=0, tooFewTerms=19778, (crossesIlmBoundary AND tooFewTerms=0)])
  Update timing and DAG stats after post-conditioning...
  Update timing and DAG stats after post-conditioning done. (took cpu=0:00:00.0 real=0:00:00.0)
  Clock tree timing engine global stage delay update for WC_dc:setup.late...
  Clock tree timing engine global stage delay update for WC_dc:setup.late done. (took cpu=0:00:00.3 real=0:00:00.1)
  Clock DAG stats after post-conditioning:
    cell counts      : b=58, i=0, icg=0, dcg=0, l=0, total=58
    sink counts      : regular=5059, enable_latch=0, load_capacitance=0, antenna=0, node_sink=0, total=5059
    misc counts      : r=1, pp=0
    cell areas       : b=70.354um^2, i=0.000um^2, icg=0.000um^2, dcg=0.000um^2, l=0.000um^2, total=70.354um^2
    cell capacitance : b=148.300fF, i=0.000fF, icg=0.000fF, dcg=0.000fF, l=0.000fF, total=148.300fF
    sink capacitance : total=3722.117fF, avg=0.736fF, sd=0.034fF, min=0.679fF, max=0.757fF
    wire capacitance : top=0.000fF, trunk=142.906fF, leaf=1363.864fF, total=1506.770fF
    wire lengths     : top=0.000um, trunk=1090.214um, leaf=9568.256um, total=10658.470um
    hp wire lengths  : top=0.000um, trunk=762.248um, leaf=2683.620um, total=3445.868um
  Clock DAG net violations after post-conditioning: none
  Clock DAG primary half-corner transition distribution after post-conditioning:
    Trunk : target=87.8ps count=7 avg=48.3ps sd=21.4ps min=11.2ps max=71.6ps {3 <= 52.7ps, 3 <= 70.2ps, 1 <= 79.0ps, 0 <= 83.4ps, 0 <= 87.8ps}
    Leaf  : target=87.8ps count=52 avg=78.5ps sd=5.9ps min=57.4ps max=86.9ps {0 <= 52.7ps, 2 <= 70.2ps, 23 <= 79.0ps, 16 <= 83.4ps, 11 <= 87.8ps}
  Clock DAG library cell distribution after post-conditioning {count}:
     Bufs: SC8T_BUFX20_CSC28L: 3 SC8T_BUFX16_CSC28L: 2 SC8T_BUFX12_CSC28L: 24 SC8T_BUFX10_CSC28L: 28 SC8T_BUFX6_CSC28L: 1 
  Primary reporting skew groups after post-conditioning:
    skew_group clk/functional: insertion delay [min=209.1, max=258.3, avg=239.5, sd=8.2], skew [49.2 vs 53.8], 100% {209.1, 258.3} (wid=72.7 ws=43.6) (gid=203.4 gs=40.1)
  Skew group summary after post-conditioning:
    skew_group clk/functional: insertion delay [min=209.1, max=258.3, avg=239.5, sd=8.2], skew [49.2 vs 53.8], 100% {209.1, 258.3} (wid=72.7 ws=43.6) (gid=203.4 gs=40.1)
  CCOpt::Phase::PostConditioning done. (took cpu=0:00:03.1 real=0:00:02.8)
      flow.cputime  flow.realtime  timing.setup.tns  timing.setup.wns  snapshot
UM:*                                                                   CCOpt::Phase::PostConditioning
  Post-balance tidy up or trial balance steps...
  
  Clock DAG stats at end of CTS:
  ==============================
  
  --------------------------------------------------------
  Cell type                 Count    Area      Capacitance
  --------------------------------------------------------
  Buffers                    58      70.354      148.300
  Inverters                   0       0.000        0.000
  Integrated Clock Gates      0       0.000        0.000
  Discrete Clock Gates        0       0.000        0.000
  Clock Logic                 0       0.000        0.000
  All                        58      70.354      148.300
  --------------------------------------------------------
  
  
  Clock DAG sink counts at end of CTS:
  ====================================
  
  -------------------------
  Sink type           Count
  -------------------------
  Regular             5059
  Enable Latch           0
  Load Capacitance       0
  Antenna Diode          0
  Node Sink              0
  Total               5059
  -------------------------
  
  
  Clock DAG wire lengths at end of CTS:
  =====================================
  
  --------------------
  Type     Wire Length
  --------------------
  Top           0.000
  Trunk      1090.214
  Leaf       9568.256
  Total     10658.470
  --------------------
  
  
  Clock DAG hp wire lengths at end of CTS:
  ========================================
  
  -----------------------
  Type     hp Wire Length
  -----------------------
  Top            0.000
  Trunk        762.248
  Leaf        2683.620
  Total       3445.868
  -----------------------
  
  
  Clock DAG capacitances at end of CTS:
  =====================================
  
  -----------------------------------------
  Type     Gate        Wire        Total
  -----------------------------------------
  Top         0.000       0.000       0.000
  Trunk     148.300     142.906     291.207
  Leaf     3722.117    1363.864    5085.981
  Total    3870.417    1506.770    5377.187
  -----------------------------------------
  
  
  Clock DAG sink capacitances at end of CTS:
  ==========================================
  
  --------------------------------------------------
  Total       Average    Std. Dev.    Min      Max
  --------------------------------------------------
  3722.117     0.736       0.034      0.679    0.757
  --------------------------------------------------
  
  
  Clock DAG net violations at end of CTS:
  =======================================
  
  None
  
  
  Clock DAG primary half-corner transition distribution at end of CTS:
  ====================================================================
  
  ----------------------------------------------------------------------------------------------------------------------------------------------------------
  Net Type    Target    Count    Average    Std. Dev.    Min     Max     Distribution                                                            Over Target
  ----------------------------------------------------------------------------------------------------------------------------------------------------------
  Trunk        87.8       7       48.3        21.4       11.2    71.6    {3 <= 52.7ps, 3 <= 70.2ps, 1 <= 79.0ps, 0 <= 83.4ps, 0 <= 87.8ps}            -
  Leaf         87.8      52       78.5         5.9       57.4    86.9    {0 <= 52.7ps, 2 <= 70.2ps, 23 <= 79.0ps, 16 <= 83.4ps, 11 <= 87.8ps}         -
  ----------------------------------------------------------------------------------------------------------------------------------------------------------
  
  
  Clock DAG library cell distribution at end of CTS:
  ==================================================
  
  ---------------------------------------------------
  Name                  Type      Inst     Inst Area 
                                  Count    (um^2)
  ---------------------------------------------------
  SC8T_BUFX20_CSC28L    buffer      3         6.190
  SC8T_BUFX16_CSC28L    buffer      2         3.328
  SC8T_BUFX12_CSC28L    buffer     24        30.351
  SC8T_BUFX10_CSC28L    buffer     28        29.819
  SC8T_BUFX6_CSC28L     buffer      1         0.666
  ---------------------------------------------------
  
  
  Primary reporting skew groups summary at end of CTS:
  ====================================================
  
  ---------------------------------------------------------------------------------------------------------------------------------------------------------------
  Half-corner         Skew Group        Min ID    Max ID    Skew    Skew target    Wire skew    Worst sink skew    Average ID    Std.Dev    Skew window occupancy
  ---------------------------------------------------------------------------------------------------------------------------------------------------------------
  WC_dc:setup.late    clk/functional    209.1     258.3     49.2       53.8          43.6            21.6            239.5         8.2      100% {209.1, 258.3}
  ---------------------------------------------------------------------------------------------------------------------------------------------------------------
  
  
  Skew group summary at end of CTS:
  =================================
  
  ---------------------------------------------------------------------------------------------------------------------------------------------------------------
  Half-corner         Skew Group        Min ID    Max ID    Skew    Skew target    Wire skew    Worst sink skew    Average ID    Std.Dev    Skew window occupancy
  ---------------------------------------------------------------------------------------------------------------------------------------------------------------
  WC_dc:setup.late    clk/functional    209.1     258.3     49.2       53.8          43.6            21.6            239.5         8.2      100% {209.1, 258.3}
  ---------------------------------------------------------------------------------------------------------------------------------------------------------------
  
  
  Found a total of 0 clock tree pins with a slew violation.
  
  Post-balance tidy up or trial balance steps done. (took cpu=0:00:00.2 real=0:00:00.2)
      flow.cputime  flow.realtime  timing.setup.tns  timing.setup.wns  snapshot
UM:*                                                                   Post-balance tidy up or trial balance steps
Synthesizing clock trees done.
Tidy Up And Update Timing...
External - Set all clocks to propagated mode...
Innovus updating I/O latencies
AAE_INFO: opIsDesignInPostRouteState() is 0
#################################################################################
# Design Stage: PreRoute
# Design Name: Silago_top_left_corner
# Design Mode: 90nm
# Analysis Mode: MMMC Non-OCV 
# Parasitics Mode: No SPEF/RCDB 
# Signoff Settings: SI Off 
#################################################################################
Start delay calculation (fullDC) (8 T). (MEM=47950.9)
Total number of fetched objects 38638
AAE_INFO: Total number of nets for which stage creation was skipped for all views 0
Total number of fetched objects 38638
AAE_INFO: Total number of nets for which stage creation was skipped for all views 0
Total number of fetched objects 38638
AAE_INFO: Total number of nets for which stage creation was skipped for all views 0
End delay calculation. (MEM=48361.3 CPU=0:00:03.7 REAL=0:00:01.0)
End delay calculation (fullDC). (MEM=48361.3 CPU=0:00:10.7 REAL=0:00:03.0)
	Clock: clk, View: AVF_RCBEST, Ideal Latency: 0, Propagated Latency: 180.445
	 Executing: set_clock_latency -source -early -min -rise -180.445 [get_pins clk]
	Clock: clk, View: AVF_RCBEST, Ideal Latency: 0, Propagated Latency: 180.445
	 Executing: set_clock_latency -source -late -min -rise -180.445 [get_pins clk]
	Clock: clk, View: AVF_RCBEST, Ideal Latency: 0, Propagated Latency: 167.215
	 Executing: set_clock_latency -source -early -min -fall -167.215 [get_pins clk]
	Clock: clk, View: AVF_RCBEST, Ideal Latency: 0, Propagated Latency: 167.215
	 Executing: set_clock_latency -source -late -min -fall -167.215 [get_pins clk]
	Clock: clk, View: AVF_RCWORST, Ideal Latency: 0, Propagated Latency: 266.52
	 Executing: set_clock_latency -source -early -max -rise -266.52 [get_pins clk]
	Clock: clk, View: AVF_RCWORST, Ideal Latency: 0, Propagated Latency: 266.52
	 Executing: set_clock_latency -source -late -max -rise -266.52 [get_pins clk]
	Clock: clk, View: AVF_RCWORST, Ideal Latency: 0, Propagated Latency: 256.522
	 Executing: set_clock_latency -source -early -max -fall -256.522 [get_pins clk]
	Clock: clk, View: AVF_RCWORST, Ideal Latency: 0, Propagated Latency: 256.522
	 Executing: set_clock_latency -source -late -max -fall -256.522 [get_pins clk]
	Clock: clk, View: AVF_RCTYP, Ideal Latency: 0, Propagated Latency: 185.002
	 Executing: set_clock_latency -source -early -min -rise -185.002 [get_pins clk]
	Clock: clk, View: AVF_RCTYP, Ideal Latency: 0, Propagated Latency: 185.002
	 Executing: set_clock_latency -source -late -min -rise -185.002 [get_pins clk]
	Clock: clk, View: AVF_RCTYP, Ideal Latency: 0, Propagated Latency: 180.625
	 Executing: set_clock_latency -source -early -min -fall -180.625 [get_pins clk]
	Clock: clk, View: AVF_RCTYP, Ideal Latency: 0, Propagated Latency: 180.625
	 Executing: set_clock_latency -source -late -min -fall -180.625 [get_pins clk]
Setting all clocks to propagated mode.
External - Set all clocks to propagated mode done. (took cpu=0:00:21.7 real=0:00:06.0)
Clock DAG stats after update timingGraph:
  cell counts      : b=58, i=0, icg=0, dcg=0, l=0, total=58
  sink counts      : regular=5059, enable_latch=0, load_capacitance=0, antenna=0, node_sink=0, total=5059
  misc counts      : r=1, pp=0
  cell areas       : b=70.354um^2, i=0.000um^2, icg=0.000um^2, dcg=0.000um^2, l=0.000um^2, total=70.354um^2
  cell capacitance : b=148.300fF, i=0.000fF, icg=0.000fF, dcg=0.000fF, l=0.000fF, total=148.300fF
  sink capacitance : total=3722.117fF, avg=0.736fF, sd=0.034fF, min=0.679fF, max=0.757fF
  wire capacitance : top=0.000fF, trunk=142.906fF, leaf=1363.864fF, total=1506.770fF
  wire lengths     : top=0.000um, trunk=1090.214um, leaf=9568.256um, total=10658.470um
  hp wire lengths  : top=0.000um, trunk=762.248um, leaf=2683.620um, total=3445.868um
Clock DAG net violations after update timingGraph: none
Clock DAG primary half-corner transition distribution after update timingGraph:
  Trunk : target=87.8ps count=7 avg=48.3ps sd=21.4ps min=11.2ps max=71.6ps {3 <= 52.7ps, 3 <= 70.2ps, 1 <= 79.0ps, 0 <= 83.4ps, 0 <= 87.8ps}
  Leaf  : target=87.8ps count=52 avg=78.5ps sd=5.9ps min=57.4ps max=86.9ps {0 <= 52.7ps, 2 <= 70.2ps, 23 <= 79.0ps, 16 <= 83.4ps, 11 <= 87.8ps}
Clock DAG library cell distribution after update timingGraph {count}:
   Bufs: SC8T_BUFX20_CSC28L: 3 SC8T_BUFX16_CSC28L: 2 SC8T_BUFX12_CSC28L: 24 SC8T_BUFX10_CSC28L: 28 SC8T_BUFX6_CSC28L: 1 
Primary reporting skew groups after update timingGraph:
  skew_group clk/functional: insertion delay [min=209.1, max=258.3, avg=239.5, sd=8.2], skew [49.2 vs 53.8], 100% {209.1, 258.3} (wid=72.7 ws=43.6) (gid=203.4 gs=40.1)
Skew group summary after update timingGraph:
  skew_group clk/functional: insertion delay [min=209.1, max=258.3, avg=239.5, sd=8.2], skew [49.2 vs 53.8], 100% {209.1, 258.3} (wid=72.7 ws=43.6) (gid=203.4 gs=40.1)
Logging CTS constraint violations...
  No violations found.
Logging CTS constraint violations done.
Tidy Up And Update Timing done. (took cpu=0:00:22.3 real=0:00:06.6)
      flow.cputime  flow.realtime  timing.setup.tns  timing.setup.wns  snapshot
UM:*                                                                   Tidy Up And Update Timing
Copying last skew targets (including wire skew targets) from clk/functional to clk/functional_AVF_RCTYP (the duplicate skew group).
Copying last insertion target (including wire insertion delay target) from clk/functional to clk/functional_AVF_RCTYP (the duplicate skew group).
Copying last skew targets (including wire skew targets) from clk/functional to clk/functional_AVF_RCWORST (the duplicate skew group).
Copying last insertion target (including wire insertion delay target) from clk/functional to clk/functional_AVF_RCWORST (the duplicate skew group).
Runtime done. (took cpu=0:05:22 real=0:02:20)
Runtime Summary
===============
Clock Runtime:  (58%) Core CTS          73.64 (Init 8.28, Construction 19.63, Implementation 36.61, eGRPC 2.89, PostConditioning 2.76, Other 3.47)
Clock Runtime:  (29%) CTS services      37.76 (RefinePlace 4.37, EarlyGlobalClock 3.37, NanoRoute 27.18, ExtractRC 2.84, TimingAnalysis 0.00)
Clock Runtime:  (11%) Other CTS         14.64 (Init 3.06, CongRepair/EGR-DP 5.57, TimingUpdate 6.01, Other 0.00)
Clock Runtime: (100%) Total            126.04

Leaving CCOpt scope - Cleaning up placement interface...
Leaving CCOpt scope - Cleaning up placement interface done. (took cpu=0:00:00.2 real=0:00:00.1)
*** CTS #1 [finish] (ccopt_design #1) : cpu/real = 0:05:09.6/0:02:07.6 (2.4), totSession cpu/real = 0:30:50.7/0:08:59.3 (3.4), mem = 47575.2M
Synthesizing clock trees with CCOpt done.
      flow.cputime  flow.realtime  timing.setup.tns  timing.setup.wns  snapshot
UM:*                                                                   cts
**WARN: (IMPSP-9025):	No scan chain specified/traced.
Type 'man IMPSP-9025' for more detail.
**opt_design ... cpu = 0:00:00, real = 0:00:00, mem = 2668.3M, totSessionCpu=0:30:51 **
GigaOpt running with 8 threads.
*** InitOpt #1 [begin] (ccopt_design #1) : totSession cpu/real = 0:30:50.9/0:08:59.6 (3.4), mem = 10383.2M
**INFO: set_db design_flow_effort standard -> setting 'set_db opt_all_end_points true' for the duration of this command.
Need call spDPlaceInit before registerPrioInstLoc.

**Info: (IMPSP-2062): Some of the PG shapes may not be colorized properly in this design, users are required to run command colorizePowerMesh before any placement related commands!
Setting timing_disable_library_data_to_data_checks to 'true'.
Setting timing_disable_user_data_to_data_checks to 'true'.
**opt_design ... cpu = 0:00:10, real = 0:00:06, mem = 2614.3M, totSessionCpu=0:31:01 **
*** opt_design -post_cts ***
DRC Margin: user margin 0.0; extra margin 0.2
Hold Target Slack: user slack 0
Setup Target Slack: user slack 0; extra slack 0.0
set_db opt_useful_skew_eco_route false
No user sequential activity specified, applying default sequential activity of "0.2" for Dynamic Power reporting.
'set_default_switching_activity' finished successfully.

Multi-VT timing optimization disabled based on library information.
Start to check current routing status for nets...
All nets are already routed correctly.
End to check current routing status for nets (mem=4082.1M)
AAE DB initialization (MEM=4137.69 CPU=0:00:00.0 REAL=0:00:00.0) 

Footprint cell information for calculating maxBufDist
*info: There are 21 candidate Buffer cells
*info: There are 20 candidate Inverter cells

Compute RC Scale Done ...

Starting delay calculation for Setup views
AAE_INFO: opIsDesignInPostRouteState() is 0
#################################################################################
# Design Stage: PreRoute
# Design Name: Silago_top_left_corner
# Design Mode: 90nm
# Analysis Mode: MMMC Non-OCV 
# Parasitics Mode: No SPEF/RCDB 
# Signoff Settings: SI Off 
#################################################################################
Calculate delays in BcWc mode...
Start delay calculation (fullDC) (8 T). (MEM=4279.28)
Total number of fetched objects 38638
AAE_INFO: Total number of nets for which stage creation was skipped for all views 0
End delay calculation. (MEM=4780.67 CPU=0:00:18.0 REAL=0:00:03.0)
End delay calculation (fullDC). (MEM=4780.67 CPU=0:00:22.2 REAL=0:00:05.0)
*** Done Building Timing Graph (cpu=0:00:28.8 real=0:00:07.0 totSessionCpu=0:31:37 mem=4716.7M)

------------------------------------------------------------------
             Initial Summary
------------------------------------------------------------------

Setup views included:
 AVF_RCWORST 

+--------------------+---------+---------+---------+
|     Setup mode     |   all   | reg2reg | default |
+--------------------+---------+---------+---------+
|           WNS (ns):| -9.896  | -9.896  | -7.537  |
|           TNS (ns):|-565.600 |-290.375 |-483.120 |
|    Violating Paths:|   174   |   36    |   172   |
|          All Paths:|  5582   |  4764   |  3869   |
+--------------------+---------+---------+---------+

+----------------+-------------------------------+------------------+
|                |              Real             |       Total      |
|    DRVs        +------------------+------------+------------------|
|                |  Nr nets(terms)  | Worst Vio  |  Nr nets(terms)  |
+----------------+------------------+------------+------------------+
|   max_cap      |    954 (1018)    |   -6.172   |    954 (1018)    |
|   max_tran     |   2590 (29082)   |   -7.440   |   2590 (29155)   |
|   max_fanout   |      0 (0)       |     0      |      0 (0)       |
|   max_length   |      0 (0)       |     0      |      0 (0)       |
+----------------+------------------+------------+------------------+


Density: 55.363%
------------------------------------------------------------------
**opt_design ... cpu = 0:00:49, real = 0:00:21, mem = 2592.7M, totSessionCpu=0:31:39 **
*** InitOpt #1 [finish] (ccopt_design #1) : cpu/real = 0:00:48.6/0:00:20.8 (2.3), totSession cpu/real = 0:31:39.5/0:09:20.4 (3.4), mem = 4446.7M
** INFO : this run is activating low effort ccoptDesign flow

**Info: (IMPSP-2062): Some of the PG shapes may not be colorized properly in this design, users are required to run command colorizePowerMesh before any placement related commands!
OPTC: m1 20.0 20.0
#optDebug: fT-E <X 2 0 0 1>
-congRepairInPostCTS false                 # bool, default=false, private
GigaOpt Checkpoint: Internal congRefineRouteType -postCTS -congThreshold 0.001 -rescheduleForCongestion -numThreads 8 -resetVeryShortNets -resetShortNets -useSpineBased -rescheduleForAdherence -minSlack 21.2
Begin: GigaOpt Route Type Constraints Refinement
*** CongRefineRouteType #1 [begin] (ccopt_design #1) : totSession cpu/real = 0:31:44.9/0:09:22.0 (3.4), mem = 4416.7M
Updated routing constraints on 0 nets.
Bottom Preferred Layer:
+-----------+------------+----------+
|   Layer   |    CLK     |   Rule   |
+-----------+------------+----------+
| C1 (z=3)  |         59 | default  |
+-----------+------------+----------+
Via Pillar Rule:
    None
*** CongRefineRouteType #1 [finish] (ccopt_design #1) : cpu/real = 0:00:00.3/0:00:00.3 (1.2), totSession cpu/real = 0:31:45.2/0:09:22.3 (3.4), mem = 4448.7M
End: GigaOpt Route Type Constraints Refinement
*** SimplifyNetlist #1 [begin] (ccopt_design #1) : totSession cpu/real = 0:31:45.3/0:09:22.3 (3.4), mem = 4449.7M
Info: 59 nets with fixed/cover wires excluded.
Info: 59 clock nets excluded from IPO operation.

**Info: (IMPSP-2062): Some of the PG shapes may not be colorized properly in this design, users are required to run command colorizePowerMesh before any placement related commands!
Usable buffer cells for single buffer setup transform:
SC8T_BUFX0P5_A_CSC28L SC8T_BUFX2_CSC28L SC8T_BUFX1P5_CSC28L SC8T_CKBUFX2_CSC28L SC8T_BUFX3_CSC28L SC8T_BUFX4_MR_CSC28L SC8T_BUFX4_CSC28L SC8T_CKBUFX4_CSC28L SC8T_BUFX6_CSC28L SC8T_CKBUFX6_CSC28L SC8T_BUFX8_CSC28L SC8T_CKBUFX8_CSC28L SC8T_CKBUFX10_CSC28L SC8T_BUFX12_CSC28L SC8T_CKBUFX12_CSC28L SC8T_BUFX16_CSC28L SC8T_CKBUFX16_CSC28L SC8T_BUFX20_CSC28L SC8T_CKBUFX20_CSC28L SC8T_BUFX24_CSC28L SC8T_CKBUFX24_CSC28L 
Number of usable buffer cells above: 21

Netlist preparation processing... 
Removed 138 instances
*info: Marking 0 isolation instances dont touch
*info: Marking 0 level shifter instances dont touch
*** SimplifyNetlist #1 [finish] (ccopt_design #1) : cpu/real = 0:00:06.3/0:00:05.5 (1.1), totSession cpu/real = 0:31:51.6/0:09:27.8 (3.4), mem = 4459.6M
*** Starting optimizing excluded clock nets MEM= 4459.6M) ***
*info: No excluded clock nets to be optimized.
*** Finished optimizing excluded clock nets (CPU Time= 0:00:00.0  MEM= 4459.6M) ***
*** Starting optimizing excluded clock nets MEM= 4459.6M) ***
*info: No excluded clock nets to be optimized.
*** Finished optimizing excluded clock nets (CPU Time= 0:00:00.0  MEM= 4459.6M) ***
Info: Done creating the CCOpt slew target map.
Begin: GigaOpt high fanout net optimization
GigaOpt HFN: use maxLocalDensity 1.2
GigaOpt Checkpoint: Internal optDRV -useLevelizedBufferTreeOnly -auxMaxFanoutCountLimit 500 -largeScaleFixing -maxIter 1 -maxLocalDensity 1.2 -numThreads 8 -postCTS -preRouteDontEndWithRefinePlaceIncrSteinerRouteDC
*** DrvOpt #1 [begin] (ccopt_design #1) : totSession cpu/real = 0:31:51.7/0:09:27.9 (3.4), mem = 4459.6M
Info: 59 nets with fixed/cover wires excluded.
Info: 59 clock nets excluded from IPO operation.

**Info: (IMPSP-2062): Some of the PG shapes may not be colorized properly in this design, users are required to run command colorizePowerMesh before any placement related commands!
+---------+---------+--------+--------+------------+--------+
| Density | Commits |  WNS   |  TNS   |    Real    |  Mem   |
+---------+---------+--------+--------+------------+--------+
|   55.20%|        -|  -9.825|-563.046|   0:00:00.0| 4845.2M|
|   55.35%|      131|  -9.825|-563.052|   0:00:02.0| 5117.7M|
+---------+---------+--------+--------+------------+--------+

*** Finish post-CTS High Fanout Net Fixing (cpu=0:00:07.4 real=0:00:02.0 mem=5117.7M) ***
Bottom Preferred Layer:
+-----------+------------+----------+
|   Layer   |    CLK     |   Rule   |
+-----------+------------+----------+
| C1 (z=3)  |         59 | default  |
+-----------+------------+----------+
Via Pillar Rule:
    None
*** DrvOpt #1 [finish] (ccopt_design #1) : cpu/real = 0:00:13.1/0:00:05.8 (2.2), totSession cpu/real = 0:32:04.8/0:09:33.7 (3.4), mem = 4549.8M
GigaOpt HFN: restore maxLocalDensity to 0.98
End: GigaOpt high fanout net optimization
Begin: GigaOpt DRV Optimization
GigaOpt Checkpoint: Internal optDRV -max_tran -max_cap -maxLocalDensity 0.98 -numThreads 8 -smallScaleFixing -maxIter 3 -setupTNSCostFactor 3.0 -postCTS
*** DrvOpt #2 [begin] (ccopt_design #1) : totSession cpu/real = 0:32:05.8/0:09:34.6 (3.4), mem = 4549.8M
Info: 59 nets with fixed/cover wires excluded.
Info: 59 clock nets excluded from IPO operation.

**Info: (IMPSP-2062): Some of the PG shapes may not be colorized properly in this design, users are required to run command colorizePowerMesh before any placement related commands!
+-------------------------------------------------------------------------------------------------------------------------------------------------------+
|        max-tran       |        max-cap        |  max-fanout |  max-length |       setup       |        |        |        |       |          |         |
+-------------------------------------------------------------------------------------------------------------------------------------------------------+
| nets | terms|  wViol  | nets | terms|  wViol  | nets | terms| nets | terms|   WNS   |   TNS   |  #Buf  |  #Inv  | #Resize|Density|   Real   |   Mem   |
+-------------------------------------------------------------------------------------------------------------------------------------------------------+
|  3455| 35196|    -7.54|  1165|  1165|    -0.23|     0|     0|     0|     0|    -9.82|  -563.05|       0|       0|       0| 55.35%|          |         |
|    63|  1515|    -1.85|    12|    12|    -0.05|     0|     0|     0|     0|    -6.84|  -297.00|    1555|    1040|     313| 57.58%| 0:00:17.0|  5767.6M|
|     2|    65|    -0.10|     0|     0|     0.00|     0|     0|     0|     0|    -6.84|  -288.36|      15|       0|      40| 57.61%| 0:00:01.0|  5767.6M|
|     0|     0|     0.00|     0|     0|     0.00|     0|     0|     0|     0|    -6.84|  -288.36|       0|       0|       2| 57.61%| 0:00:00.0|  5767.6M|
+-------------------------------------------------------------------------------------------------------------------------------------------------------+
Bottom Preferred Layer:
+-----------+------------+----------+
|   Layer   |    CLK     |   Rule   |
+-----------+------------+----------+
| C1 (z=3)  |         59 | default  |
+-----------+------------+----------+
Via Pillar Rule:
    None

*** Finish DRV Fixing (cpu=0:01:47 real=0:00:20.0 mem=5767.6M) ***


*** Starting place_detail (0:33:59 mem=5349.6M) ***
Total net bbox length = 4.874e+05 (2.120e+05 2.754e+05) (ext = 8.943e+04)

**Info: (IMPSP-2062): Some of the PG shapes may not be colorized properly in this design, users are required to run command colorizePowerMesh before any placement related commands!
**WARN: (IMPSP-5140):	Global net connect rules have not been created. Added  insts would have no supply connectivity, and would fail DRC.
Type 'man IMPSP-5140' for more detail.
**WARN: (IMPSP-315):	Found 38929 instances insts with no PG Term connections.
Type 'man IMPSP-315' for more detail.
Move report: Detail placement moves 5210 insts, mean move: 1.14 um, max move: 21.65 um 
	Max move on inst (SILEGO_cell/FE_OFC499_ext_v_input_bus_in_3_12): (74.26, 0.00) --> (53.25, 0.64)
	Runtime: CPU: 0:00:06.8 REAL: 0:00:03.0 MEM: 5357.1MB
Summary Report:
Instances move: 5210 (out of 38871 movable)
Instances flipped: 262
Mean displacement: 1.14 um
Max displacement: 21.65 um (Instance: SILEGO_cell/FE_OFC499_ext_v_input_bus_in_3_12) (74.256, 0) -> (53.248, 0.64)
	Length: 37 sites, height: 1 rows, site name: SC8T_104CPP_CMOS22FDX, cell type: SC8T_BUFX24_CSC28L
Total net bbox length = 4.926e+05 (2.165e+05 2.761e+05) (ext = 9.183e+04)
Runtime: CPU: 0:00:06.9 REAL: 0:00:03.0 MEM: 5357.1MB
*** Finished place_detail (0:34:06 mem=5357.1M) ***
*** maximum move = 21.65 um ***
*** Finished re-routing un-routed nets (5351.1M) ***

**Info: (IMPSP-2062): Some of the PG shapes may not be colorized properly in this design, users are required to run command colorizePowerMesh before any placement related commands!

*** Finish Physical Update (cpu=0:00:09.6 real=0:00:04.0 mem=5351.1M) ***
*** DrvOpt #2 [finish] (ccopt_design #1) : cpu/real = 0:02:04.1/0:00:29.4 (4.2), totSession cpu/real = 0:34:10.0/0:10:04.1 (3.4), mem = 4787.2M
End: GigaOpt DRV Optimization
GigaOpt DRV: restore maxLocalDensity to 0.98
**opt_design ... cpu = 0:03:19, real = 0:01:05, mem = 3089.9M, totSessionCpu=0:34:10 **
Begin: GigaOpt Global Optimization
*info: use new DP (enabled)
GigaOpt Checkpoint: Internal globalOpt -maxLocalDensity 1.2 -numThreads 8 -postCTS -preRouteDontEndWithRefinePlaceIncrSteinerRouteDC -enableHighLayerOpt -maxIter 50 -maxIterForLEPG 50
Info: 59 nets with fixed/cover wires excluded.
Info: 59 clock nets excluded from IPO operation.
*** GlobalOpt #1 [begin] (ccopt_design #1) : totSession cpu/real = 0:34:10.2/0:10:04.2 (3.4), mem = 4787.2M

**Info: (IMPSP-2062): Some of the PG shapes may not be colorized properly in this design, users are required to run command colorizePowerMesh before any placement related commands!
*info: 59 clock nets excluded
*info: 1512 no-driver nets excluded.
*info: 59 nets with fixed/cover wires excluded.
** GigaOpt Global Opt WNS Slack -7.172  TNS Slack -299.613 
+--------+--------+---------+------------+--------+-----------+---------+----------------------------------------------------+
|  WNS   |  TNS   | Density |    Real    |  Mem   |Worst View |Pathgroup|                     End Point                      |
+--------+--------+---------+------------+--------+-----------+---------+----------------------------------------------------+
|  -7.172|-299.613|   57.61%|   0:00:00.0| 5172.8M|AVF_RCWORST|  reg2reg| SILEGO_cell/MTRF_cell/dpu_gen/U_NACU_0/U_divider/d |
|        |        |         |            |        |           |         | ivision/U_DIV/dpu_gen_U_NACU_0_U_divider_division_ |
|        |        |         |            |        |           |         | link211662_r_REG171_S1/D                           |
|  -5.445|-165.694|   57.21%|   0:00:05.0| 5360.3M|AVF_RCWORST|  default| SILEGO_cell/MTRF_cell/dpu_gen/U_NACU_0/U_divider/d |
|        |        |         |            |        |           |         | ivision/U_DIV/dpu_gen_U_NACU_0_U_divider_division_ |
|        |        |         |            |        |           |         | link211662_r_REG171_S1/D                           |
|  -4.658|-135.985|   57.28%|   0:00:03.0| 5400.2M|AVF_RCWORST|  default| SILEGO_cell/MTRF_cell/dpu_gen/U_NACU_0/U_divider/d |
|        |        |         |            |        |           |         | ivision/U_DIV/dpu_gen_U_NACU_0_U_divider_division_ |
|        |        |         |            |        |           |         | link211662_r_REG171_S1/D                           |
|  -4.658|-135.985|   57.28%|   0:00:00.0| 5400.2M|AVF_RCWORST|  default| SILEGO_cell/MTRF_cell/dpu_gen/U_NACU_0/U_divider/d |
|        |        |         |            |        |           |         | ivision/U_DIV/dpu_gen_U_NACU_0_U_divider_division_ |
|        |        |         |            |        |           |         | link211662_r_REG171_S1/D                           |
|  -2.935| -68.499|   57.60%|   0:00:07.0| 5439.5M|AVF_RCWORST|  default| SILEGO_cell/MTRF_cell/dpu_gen/U_NACU_0/U_divider/d |
|        |        |         |            |        |           |         | ivision/U_DIV/dpu_gen_U_NACU_0_U_divider_division_ |
|        |        |         |            |        |           |         | link211662_r_REG171_S1/D                           |
|  -2.865| -63.946|   57.64%|   0:00:04.0| 5442.0M|AVF_RCWORST|  default| SILEGO_cell/MTRF_cell/dpu_gen/U_NACU_0/U_divider/d |
|        |        |         |            |        |           |         | ivision/U_DIV/dpu_gen_U_NACU_0_U_divider_division_ |
|        |        |         |            |        |           |         | link211662_r_REG171_S1/D                           |
|  -2.672| -58.140|   57.70%|   0:00:01.0| 5443.5M|AVF_RCWORST|  default| SILEGO_cell/MTRF_cell/dpu_gen/U_NACU_0/U_divider/d |
|        |        |         |            |        |           |         | ivision/U_DIV/dpu_gen_U_NACU_0_U_divider_division_ |
|        |        |         |            |        |           |         | link211662_r_REG171_S1/D                           |
|  -2.672| -58.140|   57.70%|   0:00:01.0| 5443.5M|AVF_RCWORST|  default| SILEGO_cell/MTRF_cell/dpu_gen/U_NACU_0/U_divider/d |
|        |        |         |            |        |           |         | ivision/U_DIV/dpu_gen_U_NACU_0_U_divider_division_ |
|        |        |         |            |        |           |         | link211662_r_REG171_S1/D                           |
|  -1.817| -31.609|   57.92%|   0:00:02.0| 5443.5M|AVF_RCWORST|  default| SILEGO_cell/MTRF_cell/dpu_gen/U_NACU_0/U_divider/d |
|        |        |         |            |        |           |         | ivision/U_DIV/dpu_gen_U_NACU_0_U_divider_division_ |
|        |        |         |            |        |           |         | link211662_r_REG171_S1/D                           |
|  -1.742| -29.449|   57.94%|   0:00:02.0| 5443.5M|AVF_RCWORST|  default| SILEGO_cell/MTRF_cell/dpu_gen/U_NACU_0/U_divider/d |
|        |        |         |            |        |           |         | ivision/U_DIV/dpu_gen_U_NACU_0_U_divider_division_ |
|        |        |         |            |        |           |         | link211662_r_REG171_S1/D                           |
|  -1.740| -29.391|   57.94%|   0:00:01.0| 5443.5M|AVF_RCWORST|  default| SILEGO_cell/MTRF_cell/dpu_gen/U_NACU_0/U_divider/d |
|        |        |         |            |        |           |         | ivision/U_DIV/dpu_gen_U_NACU_0_U_divider_division_ |
|        |        |         |            |        |           |         | link211662_r_REG171_S1/D                           |
|  -1.740| -29.391|   57.94%|   0:00:00.0| 5443.5M|AVF_RCWORST|  default| SILEGO_cell/MTRF_cell/dpu_gen/U_NACU_0/U_divider/d |
|        |        |         |            |        |           |         | ivision/U_DIV/dpu_gen_U_NACU_0_U_divider_division_ |
|        |        |         |            |        |           |         | link211662_r_REG171_S1/D                           |
|  -1.399| -19.671|   58.03%|   0:00:01.0| 5453.0M|AVF_RCWORST|  default| SILEGO_cell/MTRF_cell/dpu_gen/U_NACU_0/U_divider/d |
|        |        |         |            |        |           |         | ivision/U_DIV/dpu_gen_U_NACU_0_U_divider_division_ |
|        |        |         |            |        |           |         | link211662_r_REG171_S1/D                           |
|  -1.344| -18.099|   58.03%|   0:00:02.0| 5453.0M|AVF_RCWORST|  default| SILEGO_cell/MTRF_cell/dpu_gen/U_NACU_0/U_divider/d |
|        |        |         |            |        |           |         | ivision/U_DIV/dpu_gen_U_NACU_0_U_divider_division_ |
|        |        |         |            |        |           |         | link211662_r_REG171_S1/D                           |
|  -1.217| -14.714|   58.04%|   0:00:00.0| 5453.0M|AVF_RCWORST|  default| SILEGO_cell/MTRF_cell/dpu_gen/U_NACU_0/U_divider/d |
|        |        |         |            |        |           |         | ivision/U_DIV/dpu_gen_U_NACU_0_U_divider_division_ |
|        |        |         |            |        |           |         | link211662_r_REG171_S1/D                           |
|  -1.217| -14.714|   58.04%|   0:00:00.0| 5453.0M|AVF_RCWORST|  default| SILEGO_cell/MTRF_cell/dpu_gen/U_NACU_0/U_divider/d |
|        |        |         |            |        |           |         | ivision/U_DIV/dpu_gen_U_NACU_0_U_divider_division_ |
|        |        |         |            |        |           |         | link211662_r_REG171_S1/D                           |
|  -1.018|  -9.001|   58.07%|   0:00:01.0| 5453.0M|AVF_RCWORST|  default| SILEGO_cell/MTRF_cell/dpu_gen/U_NACU_0/U_divider/d |
|        |        |         |            |        |           |         | ivision/U_DIV/dpu_gen_U_NACU_0_U_divider_division_ |
|        |        |         |            |        |           |         | link211662_r_REG171_S1/D                           |
|  -1.009|  -8.812|   58.07%|   0:00:01.0| 5453.0M|AVF_RCWORST|  default| SILEGO_cell/MTRF_cell/dpu_gen/U_NACU_0/U_divider/d |
|        |        |         |            |        |           |         | ivision/U_DIV/dpu_gen_U_NACU_0_U_divider_division_ |
|        |        |         |            |        |           |         | link211662_r_REG171_S1/D                           |
|  -1.009|  -8.812|   58.07%|   0:00:00.0| 5453.0M|AVF_RCWORST|  default| SILEGO_cell/MTRF_cell/dpu_gen/U_NACU_0/U_divider/d |
|        |        |         |            |        |           |         | ivision/U_DIV/dpu_gen_U_NACU_0_U_divider_division_ |
|        |        |         |            |        |           |         | link211662_r_REG171_S1/D                           |
|  -1.009|  -8.812|   58.07%|   0:00:00.0| 5453.0M|AVF_RCWORST|  default| SILEGO_cell/MTRF_cell/dpu_gen/U_NACU_0/U_divider/d |
|        |        |         |            |        |           |         | ivision/U_DIV/dpu_gen_U_NACU_0_U_divider_division_ |
|        |        |         |            |        |           |         | link211662_r_REG171_S1/D                           |
|  -0.933|  -7.550|   58.09%|   0:00:01.0| 5462.6M|AVF_RCWORST|  default| SILEGO_cell/MTRF_cell/dpu_gen/U_NACU_0/U_divider/d |
|        |        |         |            |        |           |         | ivision/U_DIV/dpu_gen_U_NACU_0_U_divider_division_ |
|        |        |         |            |        |           |         | link211662_r_REG171_S1/D                           |
|  -0.932|  -7.537|   58.09%|   0:00:01.0| 5462.6M|AVF_RCWORST|  default| SILEGO_cell/MTRF_cell/dpu_gen/U_NACU_0/U_divider/d |
|        |        |         |            |        |           |         | ivision/U_DIV/dpu_gen_U_NACU_0_U_divider_division_ |
|        |        |         |            |        |           |         | link211662_r_REG171_S1/D                           |
|  -0.910|  -7.251|   58.09%|   0:00:00.0| 5462.6M|AVF_RCWORST|  default| SILEGO_cell/MTRF_cell/dpu_gen/U_NACU_0/U_divider/d |
|        |        |         |            |        |           |         | ivision/U_DIV/dpu_gen_U_NACU_0_U_divider_division_ |
|        |        |         |            |        |           |         | link211662_r_REG171_S1/D                           |
|  -0.910|  -7.251|   58.09%|   0:00:00.0| 5462.6M|AVF_RCWORST|  default| SILEGO_cell/MTRF_cell/dpu_gen/U_NACU_0/U_divider/d |
|        |        |         |            |        |           |         | ivision/U_DIV/dpu_gen_U_NACU_0_U_divider_division_ |
|        |        |         |            |        |           |         | link211662_r_REG171_S1/D                           |
|  -0.879|  -6.771|   58.11%|   0:00:01.0| 5472.1M|AVF_RCWORST|  default| SILEGO_cell/MTRF_cell/dpu_gen/U_NACU_0/U_divider/d |
|        |        |         |            |        |           |         | ivision/U_DIV/dpu_gen_U_NACU_0_U_divider_division_ |
|        |        |         |            |        |           |         | link211662_r_REG171_S1/D                           |
|  -0.879|  -6.767|   58.11%|   0:00:01.0| 5472.1M|AVF_RCWORST|  default| SILEGO_cell/MTRF_cell/dpu_gen/U_NACU_0/U_divider/d |
|        |        |         |            |        |           |         | ivision/U_DIV/dpu_gen_U_NACU_0_U_divider_division_ |
|        |        |         |            |        |           |         | link211662_r_REG171_S1/D                           |
|  -0.867|  -6.625|   58.11%|   0:00:00.0| 5472.1M|AVF_RCWORST|  default| SILEGO_cell/MTRF_cell/dpu_gen/U_NACU_0/U_divider/d |
|        |        |         |            |        |           |         | ivision/U_DIV/dpu_gen_U_NACU_0_U_divider_division_ |
|        |        |         |            |        |           |         | link211662_r_REG171_S1/D                           |
|  -0.867|  -6.625|   58.11%|   0:00:01.0| 5472.1M|AVF_RCWORST|  default| SILEGO_cell/MTRF_cell/dpu_gen/U_NACU_0/U_divider/d |
|        |        |         |            |        |           |         | ivision/U_DIV/dpu_gen_U_NACU_0_U_divider_division_ |
|        |        |         |            |        |           |         | link211662_r_REG171_S1/D                           |
|  -0.799|  -5.819|   58.13%|   0:00:00.0| 5472.1M|AVF_RCWORST|  default| SILEGO_cell/MTRF_cell/dpu_gen/U_NACU_0/U_divider/d |
|        |        |         |            |        |           |         | ivision/U_DIV/dpu_gen_U_NACU_0_U_divider_division_ |
|        |        |         |            |        |           |         | link211662_r_REG171_S1/D                           |
|  -0.799|  -5.820|   58.13%|   0:00:01.0| 5472.1M|AVF_RCWORST|  default| SILEGO_cell/MTRF_cell/dpu_gen/U_NACU_0/U_divider/d |
|        |        |         |            |        |           |         | ivision/U_DIV/dpu_gen_U_NACU_0_U_divider_division_ |
|        |        |         |            |        |           |         | link211662_r_REG171_S1/D                           |
|  -0.795|  -5.779|   58.14%|   0:00:00.0| 5472.1M|AVF_RCWORST|  default| SILEGO_cell/MTRF_cell/dpu_gen/U_NACU_0/U_divider/d |
|        |        |         |            |        |           |         | ivision/U_DIV/dpu_gen_U_NACU_0_U_divider_division_ |
|        |        |         |            |        |           |         | link211662_r_REG171_S1/D                           |
|  -0.795|  -5.779|   58.14%|   0:00:01.0| 5472.1M|AVF_RCWORST|  default| SILEGO_cell/MTRF_cell/dpu_gen/U_NACU_0/U_divider/d |
|        |        |         |            |        |           |         | ivision/U_DIV/dpu_gen_U_NACU_0_U_divider_division_ |
|        |        |         |            |        |           |         | link211662_r_REG171_S1/D                           |
|  -0.781|  -5.618|   58.14%|   0:00:00.0| 5472.1M|AVF_RCWORST|  default| SILEGO_cell/MTRF_cell/dpu_gen/U_NACU_0/U_divider/d |
|        |        |         |            |        |           |         | ivision/U_DIV/dpu_gen_U_NACU_0_U_divider_division_ |
|        |        |         |            |        |           |         | link211662_r_REG171_S1/D                           |
|  -0.765|  -5.443|   58.14%|   0:00:01.0| 5472.1M|AVF_RCWORST|  default| SILEGO_cell/MTRF_cell/dpu_gen/U_NACU_0/U_divider/d |
|        |        |         |            |        |           |         | ivision/U_DIV/dpu_gen_U_NACU_0_U_divider_division_ |
|        |        |         |            |        |           |         | link211662_r_REG171_S1/D                           |
+--------+--------+---------+------------+--------+-----------+---------+----------------------------------------------------+

*** Finish post-CTS Global Setup Fixing (cpu=0:03:03 real=0:00:39.0 mem=5472.1M) ***

*** Finish post-CTS Setup Fixing (cpu=0:03:03 real=0:00:39.0 mem=5472.1M) ***
Bottom Preferred Layer:
+-----------+------------+----------+
|   Layer   |    CLK     |   Rule   |
+-----------+------------+----------+
| C1 (z=3)  |         59 | default  |
+-----------+------------+----------+
Via Pillar Rule:
    None
** GigaOpt Global Opt End WNS Slack -0.765  TNS Slack -5.443 
*** GlobalOpt #1 [finish] (ccopt_design #1) : cpu/real = 0:03:10.4/0:00:45.7 (4.2), totSession cpu/real = 0:37:20.6/0:10:49.9 (3.4), mem = 4898.3M
End: GigaOpt Global Optimization
*** Timing NOT met, worst failing slack is -0.765
*** Check timing (0:00:00.1)
GigaOpt Checkpoint: Internal reclaim -numThreads 8 -postCTS -doRemoveUselessTerm -tgtSlackMult 3 -routeType -noRouteTypeResizePolish -noViewPrune -weedwhack -nonLegal -nativePathGroupFlow
Info: 59 nets with fixed/cover wires excluded.
Info: 59 clock nets excluded from IPO operation.


**Info: (IMPSP-2062): Some of the PG shapes may not be colorized properly in this design, users are required to run command colorizePowerMesh before any placement related commands!
Begin: Area Reclaim Optimization
*** AreaOpt #1 [begin] (ccopt_design #1) : totSession cpu/real = 0:37:21.6/0:10:50.7 (3.4), mem = 5283.8M
Usable buffer cells for single buffer setup transform:
SC8T_BUFX0P5_A_CSC28L SC8T_BUFX2_CSC28L SC8T_BUFX1P5_CSC28L SC8T_CKBUFX2_CSC28L SC8T_BUFX3_CSC28L SC8T_BUFX4_MR_CSC28L SC8T_BUFX4_CSC28L SC8T_CKBUFX4_CSC28L SC8T_BUFX6_CSC28L SC8T_CKBUFX6_CSC28L SC8T_BUFX8_CSC28L SC8T_CKBUFX8_CSC28L SC8T_CKBUFX10_CSC28L SC8T_BUFX12_CSC28L SC8T_CKBUFX12_CSC28L SC8T_BUFX16_CSC28L SC8T_CKBUFX16_CSC28L SC8T_BUFX20_CSC28L SC8T_CKBUFX20_CSC28L SC8T_BUFX24_CSC28L SC8T_CKBUFX24_CSC28L 
Number of usable buffer cells above: 21
Reclaim Optimization WNS Slack -0.765  TNS Slack -5.443 Density 58.14
+---------+---------+--------+--------+------------+--------+
| Density | Commits |  WNS   |  TNS   |    Real    |  Mem   |
+---------+---------+--------+--------+------------+--------+
|   58.14%|        -|  -0.765|  -5.443|   0:00:00.0| 5285.8M|
|   58.14%|       10|  -0.765|  -5.443|   0:00:06.0| 5457.5M|
|   58.14%|       11|  -0.765|  -5.443|   0:00:04.0| 5476.6M|
|   58.14%|       11|  -0.765|  -5.443|   0:00:04.0| 5476.6M|
|   58.13%|       10|  -0.765|  -5.443|   0:00:04.0| 5476.6M|
|   58.13%|       10|  -0.765|  -5.443|   0:00:04.0| 5476.6M|
|   58.13%|        0|  -0.765|  -5.443|   0:00:00.0| 5476.6M|
|   57.69%|      286|  -0.765|  -5.443|   0:00:03.0| 5476.6M|
|   57.54%|      273|  -0.764|  -5.431|   0:00:03.0| 5476.6M|
|   57.53%|        8|  -0.764|  -5.431|   0:00:00.0| 5476.6M|
|   57.53%|        1|  -0.764|  -5.431|   0:00:01.0| 5476.6M|
|   57.53%|        1|  -0.764|  -5.431|   0:00:00.0| 5476.6M|
|   57.53%|        0|  -0.764|  -5.431|   0:00:00.0| 5476.6M|
|   57.53%|        0|  -0.764|  -5.431|   0:00:00.0| 5476.6M|
+---------+---------+--------+--------+------------+--------+
Reclaim Optimization End WNS Slack -0.764  TNS Slack -5.431 Density 57.53
Bottom Preferred Layer:
+-----------+------------+----------+
|   Layer   |    CLK     |   Rule   |
+-----------+------------+----------+
| C1 (z=3)  |         59 | default  |
+-----------+------------+----------+
Via Pillar Rule:
    None

Number of times islegalLocAvaiable called = 0 skipped = 0, called in commitmove = 0, skipped in commitmove = 0
End: Core Area Reclaim Optimization (cpu = 0:02:57) (real = 0:00:34.0) **
*** AreaOpt #1 [finish] (ccopt_design #1) : cpu/real = 0:02:57.3/0:00:34.1 (5.2), totSession cpu/real = 0:40:18.9/0:11:24.8 (3.5), mem = 5476.6M
Executing incremental physical updates
Executing incremental physical updates
End: Area Reclaim Optimization (cpu=0:02:58, real=0:00:34, mem=4909.75M, totSessionCpu=0:40:19).
Begin: GigaOpt DRV Optimization
GigaOpt Checkpoint: Internal optDRV -max_tran -max_cap -maxLocalDensity 0.98 -numThreads 8 -smallScaleFixing -maxIter 3 -setupTNSCostFactor 3.0 -postCTS
*** DrvOpt #3 [begin] (ccopt_design #1) : totSession cpu/real = 0:40:20.1/0:11:25.7 (3.5), mem = 4909.8M
Info: 59 nets with fixed/cover wires excluded.
Info: 59 clock nets excluded from IPO operation.

**Info: (IMPSP-2062): Some of the PG shapes may not be colorized properly in this design, users are required to run command colorizePowerMesh before any placement related commands!
+-------------------------------------------------------------------------------------------------------------------------------------------------------+
|        max-tran       |        max-cap        |  max-fanout |  max-length |       setup       |        |        |        |       |          |         |
+-------------------------------------------------------------------------------------------------------------------------------------------------------+
| nets | terms|  wViol  | nets | terms|  wViol  | nets | terms| nets | terms|   WNS   |   TNS   |  #Buf  |  #Inv  | #Resize|Density|   Real   |   Mem   |
+-------------------------------------------------------------------------------------------------------------------------------------------------------+
|    13|   158|    -0.09|     6|     6|    -0.00|     0|     0|     0|     0|    -0.76|    -5.43|       0|       0|       0| 57.53%|          |         |
|     0|     0|     0.00|     0|     0|     0.00|     0|     0|     0|     0|    -0.74|    -5.19|      17|       0|       3| 57.54%| 0:00:01.0|  5502.0M|
|     0|     0|     0.00|     0|     0|     0.00|     0|     0|     0|     0|    -0.74|    -5.19|       0|       0|       0| 57.54%| 0:00:00.0|  5502.0M|
+-------------------------------------------------------------------------------------------------------------------------------------------------------+
Bottom Preferred Layer:
+-----------+------------+----------+
|   Layer   |    CLK     |   Rule   |
+-----------+------------+----------+
| C1 (z=3)  |         59 | default  |
+-----------+------------+----------+
Via Pillar Rule:
    None

*** Finish DRV Fixing (cpu=0:00:04.2 real=0:00:02.0 mem=5502.0M) ***


*** Starting place_detail (0:40:30 mem=5464.0M) ***
Total net bbox length = 4.909e+05 (2.158e+05 2.751e+05) (ext = 9.217e+04)

**Info: (IMPSP-2062): Some of the PG shapes may not be colorized properly in this design, users are required to run command colorizePowerMesh before any placement related commands!
**WARN: (IMPSP-5140):	Global net connect rules have not been created. Added  insts would have no supply connectivity, and would fail DRC.
Type 'man IMPSP-5140' for more detail.
**WARN: (IMPSP-315):	Found 38630 instances insts with no PG Term connections.
Type 'man IMPSP-315' for more detail.
Move report: Detail placement moves 2917 insts, mean move: 0.47 um, max move: 5.14 um 
	Max move on inst (FE_OFC2829_h_bus_dpu_in_out1_3_right_1): (198.95, 108.16) --> (195.73, 110.08)
	Runtime: CPU: 0:00:06.5 REAL: 0:00:03.0 MEM: 5467.4MB
Summary Report:
Instances move: 2917 (out of 38572 movable)
Instances flipped: 191
Mean displacement: 0.47 um
Max displacement: 5.14 um (Instance: FE_OFC2829_h_bus_dpu_in_out1_3_right_1) (198.952, 108.16) -> (195.728, 110.08)
	Length: 10 sites, height: 1 rows, site name: SC8T_104CPP_CMOS22FDX, cell type: SC8T_BUFX6_CSC28L
Total net bbox length = 4.919e+05 (2.166e+05 2.753e+05) (ext = 9.260e+04)
Runtime: CPU: 0:00:06.6 REAL: 0:00:03.0 MEM: 5467.4MB
*** Finished place_detail (0:40:37 mem=5467.4M) ***
*** maximum move = 5.14 um ***
*** Finished re-routing un-routed nets (5467.4M) ***

**Info: (IMPSP-2062): Some of the PG shapes may not be colorized properly in this design, users are required to run command colorizePowerMesh before any placement related commands!

*** Finish Physical Update (cpu=0:00:08.3 real=0:00:04.0 mem=5467.4M) ***
*** DrvOpt #3 [finish] (ccopt_design #1) : cpu/real = 0:00:19.2/0:00:11.0 (1.7), totSession cpu/real = 0:40:39.3/0:11:36.7 (3.5), mem = 4930.5M
End: GigaOpt DRV Optimization
GigaOpt DRV: restore maxLocalDensity to 0.98


------------------------------------------------------------------
     Summary (cpu=0.32min real=0.18min mem=4930.5M)
------------------------------------------------------------------

Setup views included:
 AVF_RCWORST 

+--------------------+---------+---------+---------+
|     Setup mode     |   all   | reg2reg | default |
+--------------------+---------+---------+---------+
|           WNS (ns):| -0.744  |  0.571  | -0.744  |
|           TNS (ns):| -5.216  |  0.000  | -5.216  |
|    Violating Paths:|   21    |    0    |   21    |
|          All Paths:|  5582   |  4764   |  3869   |
+--------------------+---------+---------+---------+

+----------------+-------------------------------+------------------+
|                |              Real             |       Total      |
|    DRVs        +------------------+------------+------------------|
|                |  Nr nets(terms)  | Worst Vio  |  Nr nets(terms)  |
+----------------+------------------+------------+------------------+
|   max_cap      |      0 (0)       |   0.000    |      0 (0)       |
|   max_tran     |      0 (0)       |   0.000    |      0 (0)       |
|   max_fanout   |      0 (0)       |     0      |      0 (0)       |
|   max_length   |      0 (0)       |     0      |      0 (0)       |
+----------------+------------------+------------+------------------+


Density: 57.542%
Routing Overflow: 0.08% H and 0.10% V
------------------------------------------------------------------
**opt_design ... cpu = 0:09:51, real = 0:02:38, mem = 3271.8M, totSessionCpu=0:40:42 **

Active setup views:
 AVF_RCWORST
  Dominating endpoints: 0
  Dominating TNS: -0.000

Begin: GigaOpt Optimization in WNS mode
GigaOpt Checkpoint: Internal optTiming -maxLocalDensity 1.0 -maxLocalDensityForHardenOpt 0.92 -numThreads 8 -postCTS -wtns -integratedAreaOpt -pgMode all -ipoTgtSlackCoef 1.5 -effTgtSlackCoef 1 -nativePathGroupFlow -NDROptEffortAuto -usefulSkew -nonLegalPlaceEcoBumpRecoveryInWNSOpt
Info: 59 nets with fixed/cover wires excluded.
Info: 59 clock nets excluded from IPO operation.
*** WnsOpt #1 [begin] (ccopt_design #1) : totSession cpu/real = 0:40:42.5/0:11:38.7 (3.5), mem = 5103.3M

**Info: (IMPSP-2062): Some of the PG shapes may not be colorized properly in this design, users are required to run command colorizePowerMesh before any placement related commands!
*info: 59 clock nets excluded
*info: 1476 no-driver nets excluded.
*info: 59 nets with fixed/cover wires excluded.
** GigaOpt Optimizer WNS Slack -0.744 TNS Slack -5.216 Density 57.54
OptDebug: Start of Optimizer WNS Pass 0:
+----------+------+------+
|Path Group|   WNS|   TNS|
+----------+------+------+
|default   |-0.744|-5.216|
|reg2reg   | 0.571| 0.000|
|HEPG      | 0.571| 0.000|
|All Paths |-0.744|-5.216|
+----------+------+------+

CCOptDebug: Start of Optimizer WNS Pass 0: reg2reg* WNS 571.4ps TNS 0.0ps; HEPG WNS 571.4ps TNS 0.0ps; all paths WNS -744.3ps TNS -5215.9ps; Real time 0:05:05
Active Path Group: default 
+--------+---------+--------+---------+---------+------------+--------+-----------+---------+----------------------------------------------------+
|  WNS   | All WNS |  TNS   | All TNS | Density |    Real    |  Mem   |Worst View |Pathgroup|                     End Point                      |
+--------+---------+--------+---------+---------+------------+--------+-----------+---------+----------------------------------------------------+
|  -0.744|   -0.744|  -5.216|   -5.216|   57.54%|   0:00:00.0| 5317.1M|AVF_RCWORST|  default| SILEGO_cell/MTRF_cell/dpu_gen/U_NACU_0/U_divider/d |
|        |         |        |         |         |            |        |           |         | ivision/U_DIV/dpu_gen_U_NACU_0_U_divider_division_ |
|        |         |        |         |         |            |        |           |         | link211662_r_REG171_S1/D                           |
|  -0.716|   -0.716|  -4.914|   -4.914|   57.54%|   0:00:01.0| 5471.8M|AVF_RCWORST|  default| SILEGO_cell/MTRF_cell/dpu_gen/U_NACU_0/U_divider/d |
|        |         |        |         |         |            |        |           |         | ivision/U_DIV/dpu_gen_U_NACU_0_U_divider_division_ |
|        |         |        |         |         |            |        |           |         | link211662_r_REG171_S1/D                           |
|  -0.701|   -0.701|  -4.770|   -4.770|   57.54%|   0:00:00.0| 5471.8M|AVF_RCWORST|  default| SILEGO_cell/MTRF_cell/dpu_gen/U_NACU_0/U_divider/d |
|        |         |        |         |         |            |        |           |         | ivision/U_DIV/dpu_gen_U_NACU_0_U_divider_division_ |
|        |         |        |         |         |            |        |           |         | link211662_r_REG171_S1/D                           |
|  -0.676|   -0.676|  -4.513|   -4.513|   57.54%|   0:00:00.0| 5471.8M|AVF_RCWORST|  default| SILEGO_cell/MTRF_cell/dpu_gen/U_NACU_0/U_divider/d |
|        |         |        |         |         |            |        |           |         | ivision/U_DIV/dpu_gen_U_NACU_0_U_divider_division_ |
|        |         |        |         |         |            |        |           |         | link211662_r_REG171_S1/D                           |
|  -0.660|   -0.660|  -4.358|   -4.358|   57.54%|   0:00:01.0| 5471.8M|AVF_RCWORST|  default| SILEGO_cell/MTRF_cell/dpu_gen/U_NACU_0/U_divider/d |
|        |         |        |         |         |            |        |           |         | ivision/U_DIV/dpu_gen_U_NACU_0_U_divider_division_ |
|        |         |        |         |         |            |        |           |         | link211662_r_REG171_S1/D                           |
|  -0.614|   -0.614|  -3.924|   -3.924|   57.55%|   0:00:00.0| 5471.8M|AVF_RCWORST|  default| SILEGO_cell/MTRF_cell/dpu_gen/U_NACU_0/U_divider/d |
|        |         |        |         |         |            |        |           |         | ivision/U_DIV/dpu_gen_U_NACU_0_U_divider_division_ |
|        |         |        |         |         |            |        |           |         | link211662_r_REG171_S1/D                           |
|  -0.577|   -0.577|  -3.586|   -3.586|   57.55%|   0:00:01.0| 5471.8M|AVF_RCWORST|  default| SILEGO_cell/MTRF_cell/dpu_gen/U_NACU_0/U_divider/d |
|        |         |        |         |         |            |        |           |         | ivision/U_DIV/dpu_gen_U_NACU_0_U_divider_division_ |
|        |         |        |         |         |            |        |           |         | link211662_r_REG171_S1/D                           |
|  -0.566|   -0.566|  -3.490|   -3.490|   57.55%|   0:00:00.0| 5471.8M|AVF_RCWORST|  default| SILEGO_cell/MTRF_cell/dpu_gen/U_NACU_0/U_divider/d |
|        |         |        |         |         |            |        |           |         | ivision/U_DIV/dpu_gen_U_NACU_0_U_divider_division_ |
|        |         |        |         |         |            |        |           |         | link211662_r_REG171_S1/D                           |
|  -0.552|   -0.552|  -3.371|   -3.371|   57.55%|   0:00:00.0| 5474.1M|AVF_RCWORST|  default| SILEGO_cell/MTRF_cell/dpu_gen/U_NACU_0/U_divider/d |
|        |         |        |         |         |            |        |           |         | ivision/U_DIV/dpu_gen_U_NACU_0_U_divider_division_ |
|        |         |        |         |         |            |        |           |         | link211662_r_REG171_S1/D                           |
|  -0.511|   -0.511|  -3.046|   -3.046|   57.55%|   0:00:00.0| 5475.6M|AVF_RCWORST|  default| SILEGO_cell/MTRF_cell/dpu_gen/U_NACU_0/U_divider/d |
|        |         |        |         |         |            |        |           |         | ivision/U_DIV/dpu_gen_U_NACU_0_U_divider_division_ |
|        |         |        |         |         |            |        |           |         | link211662_r_REG171_S1/D                           |
|  -0.492|   -0.492|  -2.887|   -2.887|   57.56%|   0:00:01.0| 5476.7M|AVF_RCWORST|  default| SILEGO_cell/MTRF_cell/dpu_gen/U_NACU_0/U_divider/d |
|        |         |        |         |         |            |        |           |         | ivision/U_DIV/dpu_gen_U_NACU_0_U_divider_division_ |
|        |         |        |         |         |            |        |           |         | link211662_r_REG171_S1/D                           |
|  -0.481|   -0.481|  -2.803|   -2.803|   57.56%|   0:00:00.0| 5476.7M|AVF_RCWORST|  default| SILEGO_cell/MTRF_cell/dpu_gen/U_NACU_0/U_divider/d |
|        |         |        |         |         |            |        |           |         | ivision/U_DIV/dpu_gen_U_NACU_0_U_divider_division_ |
|        |         |        |         |         |            |        |           |         | link211662_r_REG171_S1/D                           |
|  -0.459|   -0.459|  -2.649|   -2.649|   57.56%|   0:00:00.0| 5476.7M|AVF_RCWORST|  default| SILEGO_cell/MTRF_cell/dpu_gen/U_NACU_0/U_divider/d |
|        |         |        |         |         |            |        |           |         | ivision/U_DIV/dpu_gen_U_NACU_0_U_divider_division_ |
|        |         |        |         |         |            |        |           |         | link211662_r_REG171_S1/D                           |
|  -0.403|   -0.403|  -2.257|   -2.257|   57.56%|   0:00:01.0| 5476.7M|AVF_RCWORST|  default| SILEGO_cell/MTRF_cell/dpu_gen/U_NACU_0/U_divider/d |
|        |         |        |         |         |            |        |           |         | ivision/U_DIV/dpu_gen_U_NACU_0_U_divider_division_ |
|        |         |        |         |         |            |        |           |         | link211662_r_REG171_S1/D                           |
|  -0.394|   -0.394|  -2.202|   -2.202|   57.56%|   0:00:00.0| 5476.7M|AVF_RCWORST|  default| SILEGO_cell/MTRF_cell/dpu_gen/U_NACU_0/U_divider/d |
|        |         |        |         |         |            |        |           |         | ivision/U_DIV/dpu_gen_U_NACU_0_U_divider_division_ |
|        |         |        |         |         |            |        |           |         | link211662_r_REG171_S1/D                           |
|  -0.354|   -0.354|  -1.963|   -1.963|   57.57%|   0:00:00.0| 5476.7M|AVF_RCWORST|  default| SILEGO_cell/MTRF_cell/dpu_gen/U_NACU_0/U_divider/d |
|        |         |        |         |         |            |        |           |         | ivision/U_DIV/dpu_gen_U_NACU_0_U_divider_division_ |
|        |         |        |         |         |            |        |           |         | link211662_r_REG171_S1/D                           |
|  -0.338|   -0.338|  -1.869|   -1.869|   57.58%|   0:00:01.0| 5476.7M|AVF_RCWORST|  default| SILEGO_cell/MTRF_cell/dpu_gen/U_NACU_0/U_divider/d |
|        |         |        |         |         |            |        |           |         | ivision/U_DIV/dpu_gen_U_NACU_0_U_divider_division_ |
|        |         |        |         |         |            |        |           |         | link211662_r_REG171_S1/D                           |
|  -0.325|   -0.325|  -1.786|   -1.786|   57.58%|   0:00:00.0| 5476.7M|AVF_RCWORST|  default| SILEGO_cell/MTRF_cell/dpu_gen/U_NACU_0/U_divider/d |
|        |         |        |         |         |            |        |           |         | ivision/U_DIV/dpu_gen_U_NACU_0_U_divider_division_ |
|        |         |        |         |         |            |        |           |         | link211662_r_REG171_S1/D                           |
|  -0.315|   -0.315|  -1.735|   -1.735|   57.59%|   0:00:00.0| 5476.7M|AVF_RCWORST|  default| SILEGO_cell/MTRF_cell/dpu_gen/U_NACU_0/U_divider/d |
|        |         |        |         |         |            |        |           |         | ivision/U_DIV/dpu_gen_U_NACU_0_U_divider_division_ |
|        |         |        |         |         |            |        |           |         | link211662_r_REG171_S1/D                           |
|  -0.304|   -0.304|  -1.679|   -1.679|   57.59%|   0:00:00.0| 5476.7M|AVF_RCWORST|  default| SILEGO_cell/MTRF_cell/dpu_gen/U_NACU_0/U_divider/d |
|        |         |        |         |         |            |        |           |         | ivision/U_DIV/dpu_gen_U_NACU_0_U_divider_division_ |
|        |         |        |         |         |            |        |           |         | link211662_r_REG171_S1/D                           |
|  -0.292|   -0.292|  -1.622|   -1.622|   57.59%|   0:00:01.0| 5476.7M|AVF_RCWORST|  default| SILEGO_cell/MTRF_cell/dpu_gen/U_NACU_0/U_divider/d |
|        |         |        |         |         |            |        |           |         | ivision/U_DIV/dpu_gen_U_NACU_0_U_divider_division_ |
|        |         |        |         |         |            |        |           |         | link211662_r_REG171_S1/D                           |
|  -0.267|   -0.267|  -1.496|   -1.496|   57.60%|   0:00:00.0| 5476.7M|AVF_RCWORST|  default| SILEGO_cell/MTRF_cell/dpu_gen/U_NACU_0/U_divider/d |
|        |         |        |         |         |            |        |           |         | ivision/U_DIV/dpu_gen_U_NACU_0_U_divider_division_ |
|        |         |        |         |         |            |        |           |         | link211662_r_REG171_S1/D                           |
|  -0.255|   -0.255|  -1.434|   -1.434|   57.60%|   0:00:00.0| 5476.7M|AVF_RCWORST|  default| SILEGO_cell/MTRF_cell/dpu_gen/U_NACU_0/U_divider/d |
|        |         |        |         |         |            |        |           |         | ivision/U_DIV/dpu_gen_U_NACU_0_U_divider_division_ |
|        |         |        |         |         |            |        |           |         | link211662_r_REG171_S1/D                           |
|  -0.249|   -0.249|  -1.403|   -1.403|   57.60%|   0:00:01.0| 5476.7M|AVF_RCWORST|  default| SILEGO_cell/MTRF_cell/dpu_gen/U_NACU_0/U_divider/d |
|        |         |        |         |         |            |        |           |         | ivision/U_DIV/dpu_gen_U_NACU_0_U_divider_division_ |
|        |         |        |         |         |            |        |           |         | link211662_r_REG171_S1/D                           |
|  -0.241|   -0.241|  -1.366|   -1.366|   57.61%|   0:00:00.0| 5476.7M|AVF_RCWORST|  default| SILEGO_cell/MTRF_cell/dpu_gen/U_NACU_0/U_divider/d |
|        |         |        |         |         |            |        |           |         | ivision/U_DIV/dpu_gen_U_NACU_0_U_divider_division_ |
|        |         |        |         |         |            |        |           |         | link211662_r_REG171_S1/D                           |
|  -0.177|   -0.177|  -1.107|   -1.107|   57.62%|   0:00:00.0| 5476.7M|AVF_RCWORST|  default| SILEGO_cell/MTRF_cell/dpu_gen/U_NACU_0/U_divider/d |
|        |         |        |         |         |            |        |           |         | ivision/U_DIV/dpu_gen_U_NACU_0_U_divider_division_ |
|        |         |        |         |         |            |        |           |         | link211662_r_REG171_S1/D                           |
|  -0.153|   -0.153|  -1.015|   -1.015|   57.62%|   0:00:01.0| 5476.7M|AVF_RCWORST|  default| SILEGO_cell/MTRF_cell/dpu_gen/U_NACU_0/U_divider/d |
|        |         |        |         |         |            |        |           |         | ivision/U_DIV/dpu_gen_U_NACU_0_U_divider_division_ |
|        |         |        |         |         |            |        |           |         | link211662_r_REG171_S1/D                           |
|  -0.145|   -0.145|  -0.991|   -0.991|   57.63%|   0:00:00.0| 5476.7M|AVF_RCWORST|  default| SILEGO_cell/MTRF_cell/dpu_gen/U_NACU_0/U_divider/d |
|        |         |        |         |         |            |        |           |         | ivision/U_DIV/dpu_gen_U_NACU_0_U_divider_division_ |
|        |         |        |         |         |            |        |           |         | link211662_r_REG171_S1/D                           |
|  -0.126|   -0.126|  -0.933|   -0.933|   57.63%|   0:00:00.0| 5476.7M|AVF_RCWORST|  default| SILEGO_cell/MTRF_cell/dpu_gen/U_NACU_0/U_divider/d |
|        |         |        |         |         |            |        |           |         | ivision/U_DIV/dpu_gen_U_NACU_0_U_divider_division_ |
|        |         |        |         |         |            |        |           |         | link211662_r_REG171_S1/D                           |
|  -0.114|   -0.114|  -0.897|   -0.897|   57.64%|   0:00:01.0| 5477.9M|AVF_RCWORST|  default| SILEGO_cell/MTRF_cell/dpu_gen/U_NACU_0/U_divider/d |
|        |         |        |         |         |            |        |           |         | ivision/U_DIV/dpu_gen_U_NACU_0_U_divider_division_ |
|        |         |        |         |         |            |        |           |         | link211662_r_REG171_S1/D                           |
|  -0.098|   -0.098|  -0.850|   -0.850|   57.64%|   0:00:00.0| 5477.9M|AVF_RCWORST|  default| SILEGO_cell/MTRF_cell/dpu_gen/U_NACU_0/U_divider/d |
|        |         |        |         |         |            |        |           |         | ivision/U_DIV/dpu_gen_U_NACU_0_U_divider_division_ |
|        |         |        |         |         |            |        |           |         | link211662_r_REG171_S1/D                           |
|  -0.083|   -0.083|  -0.758|   -0.758|   57.65%|   0:00:00.0| 5498.1M|AVF_RCWORST|  default| sel_r_ext_out_3[0]                                 |
|  -0.076|   -0.076|  -0.683|   -0.683|   57.65%|   0:00:00.0| 5500.7M|AVF_RCWORST|  default| sel_r_ext_out_3[3]                                 |
|  -0.066|   -0.066|  -0.637|   -0.637|   57.65%|   0:00:01.0| 5500.7M|AVF_RCWORST|  default| sel_r_ext_out_3[0]                                 |
|  -0.061|   -0.061|  -0.584|   -0.584|   57.65%|   0:00:00.0| 5500.7M|AVF_RCWORST|  default| sel_r_ext_out_3[3]                                 |
|  -0.061|   -0.061|  -0.555|   -0.555|   57.65%|   0:00:00.0| 5500.7M|AVF_RCWORST|  default| sel_r_ext_out_3[3]                                 |
|  -0.061|   -0.061|  -0.555|   -0.555|   57.65%|   0:00:00.0| 5500.7M|AVF_RCWORST|  default| sel_r_ext_out_3[3]                                 |
+--------+---------+--------+---------+---------+------------+--------+-----------+---------+----------------------------------------------------+

*** Finish Core Optimize Step (cpu=0:00:38.4 real=0:00:11.0 mem=5500.7M) ***

*** Finished Optimize Step Cumulative (cpu=0:00:38.4 real=0:00:11.0 mem=5500.7M) ***
OptDebug: End of Optimizer WNS Pass 0:
+----------+------+------+
|Path Group|   WNS|   TNS|
+----------+------+------+
|default   |-0.061|-0.555|
|reg2reg   | 1.292| 0.000|
|HEPG      | 1.292| 0.000|
|All Paths |-0.061|-0.555|
+----------+------+------+

CCOptDebug: End of Optimizer WNS Pass 0: reg2reg* WNS 1291.9ps TNS 0.0ps; HEPG WNS 1291.9ps TNS 0.0ps; all paths WNS -61.0ps TNS -554.4ps; Real time 0:05:17
** GigaOpt Optimizer WNS Slack -0.061 TNS Slack -0.555 Density 57.65

*** Starting place_detail (0:41:29 mem=5500.7M) ***
Total net bbox length = 4.922e+05 (2.167e+05 2.755e+05) (ext = 9.261e+04)

**Info: (IMPSP-2062): Some of the PG shapes may not be colorized properly in this design, users are required to run command colorizePowerMesh before any placement related commands!
**WARN: (IMPSP-5140):	Global net connect rules have not been created. Added  insts would have no supply connectivity, and would fail DRC.
Type 'man IMPSP-5140' for more detail.
**WARN: (IMPSP-315):	Found 38690 instances insts with no PG Term connections.
Type 'man IMPSP-315' for more detail.

Starting Small incrNP...
Density distribution unevenness ratio = 7.756%

Density distribution unevenness ratio = 7.747%
Move report: incrNP moves 551 insts, mean move: 1.81 um, max move: 7.08 um 
	Max move on inst (SILEGO_cell/swb/FE_OFC3734_h_bus_dpu_in_out0_4_right_13): (182.73, 104.96) --> (180.13, 100.48)
Finished incrNP (cpu=0:00:02.2, real=0:00:01.0, mem=5534.5M)
End of Small incrNP (cpu=0:00:02.2, real=0:00:01.0)
Move report: Detail placement moves 279 insts, mean move: 0.43 um, max move: 2.20 um 
	Max move on inst (SILEGO_cell/MTRF_cell/dpu_gen/U_NACU_0/U_Recon_adder/U_add_3/FE_RC_95_0): (153.09, 92.80) --> (154.65, 93.44)
	Runtime: CPU: 0:00:01.5 REAL: 0:00:01.0 MEM: 5502.5MB
Summary Report:
Instances move: 711 (out of 38632 movable)
Instances flipped: 6
Mean displacement: 1.52 um
Max displacement: 7.08 um (Instance: SILEGO_cell/swb/FE_OFC3734_h_bus_dpu_in_out0_4_right_13) (182.728, 104.96) -> (180.128, 100.48)
	Length: 7 sites, height: 1 rows, site name: SC8T_104CPP_CMOS22FDX, cell type: SC8T_BUFX4_MR_CSC28L
Total net bbox length = 4.918e+05 (2.165e+05 2.753e+05) (ext = 9.259e+04)
Runtime: CPU: 0:00:03.8 REAL: 0:00:02.0 MEM: 5502.5MB
*** Finished place_detail (0:41:33 mem=5502.5M) ***
*** maximum move = 7.08 um ***
*** Finished re-routing un-routed nets (5520.5M) ***

**Info: (IMPSP-2062): Some of the PG shapes may not be colorized properly in this design, users are required to run command colorizePowerMesh before any placement related commands!

*** Finish Physical Update (cpu=0:00:05.6 real=0:00:03.0 mem=5520.5M) ***
** GigaOpt Optimizer WNS Slack -0.061 TNS Slack -0.559 Density 57.65
OptDebug: Start of Optimizer WNS Pass 1:
+----------+------+------+
|Path Group|   WNS|   TNS|
+----------+------+------+
|default   |-0.061|-0.559|
|reg2reg   | 1.288| 0.000|
|HEPG      | 1.288| 0.000|
|All Paths |-0.061|-0.559|
+----------+------+------+

CCOptDebug: Start of Optimizer WNS Pass 1: reg2reg* WNS 1287.7ps TNS 0.0ps; HEPG WNS 1287.7ps TNS 0.0ps; all paths WNS -61.0ps TNS -559.3ps; Real time 0:05:20
Active Path Group: default 
+--------+---------+--------+---------+---------+------------+--------+-----------+---------+----------------------------------------------------+
|  WNS   | All WNS |  TNS   | All TNS | Density |    Real    |  Mem   |Worst View |Pathgroup|                     End Point                      |
+--------+---------+--------+---------+---------+------------+--------+-----------+---------+----------------------------------------------------+
|  -0.061|   -0.061|  -0.559|   -0.559|   57.65%|   0:00:01.0| 5520.5M|AVF_RCWORST|  default| sel_r_ext_out_3[3]                                 |
|  -0.061|   -0.061|  -0.558|   -0.558|   57.65%|   0:00:00.0| 5522.0M|AVF_RCWORST|  default| sel_r_ext_out_3[3]                                 |
+--------+---------+--------+---------+---------+------------+--------+-----------+---------+----------------------------------------------------+

*** Finish Core Optimize Step (cpu=0:00:00.3 real=0:00:01.0 mem=5522.0M) ***

*** Finished Optimize Step Cumulative (cpu=0:00:00.4 real=0:00:01.0 mem=5522.0M) ***
OptDebug: End of Optimizer WNS Pass 1:
+----------+------+------+
|Path Group|   WNS|   TNS|
+----------+------+------+
|default   |-0.061|-0.558|
|reg2reg   | 1.288| 0.000|
|HEPG      | 1.288| 0.000|
|All Paths |-0.061|-0.558|
+----------+------+------+

CCOptDebug: End of Optimizer WNS Pass 1: reg2reg* WNS 1287.7ps TNS 0.0ps; HEPG WNS 1287.7ps TNS 0.0ps; all paths WNS -61.0ps TNS -557.8ps; Real time 0:05:22
** GigaOpt Optimizer WNS Slack -0.061 TNS Slack -0.558 Density 57.65

*** Starting place_detail (0:41:38 mem=5520.0M) ***
Total net bbox length = 4.918e+05 (2.165e+05 2.753e+05) (ext = 9.259e+04)

**Info: (IMPSP-2062): Some of the PG shapes may not be colorized properly in this design, users are required to run command colorizePowerMesh before any placement related commands!
**WARN: (IMPSP-5140):	Global net connect rules have not been created. Added  insts would have no supply connectivity, and would fail DRC.
Type 'man IMPSP-5140' for more detail.
**WARN: (IMPSP-315):	Found 38691 instances insts with no PG Term connections.
Type 'man IMPSP-315' for more detail.

Starting Small incrNP...
Density distribution unevenness ratio = 7.736%
Skipped incrNP (cpu=0:00:00.0, real=0:00:00.0, mem=5520.0M)
End of Small incrNP (cpu=0:00:00.0, real=0:00:00.0)
Move report: Detail placement moves 739 insts, mean move: 0.20 um, max move: 3.24 um 
	Max move on inst (SILEGO_cell/MTRF_cell/dpu_gen/U_NACU_0/U_divider/division/U_DIV/FE_OFC3949_BInv_8): (191.15, 124.80) --> (188.55, 124.16)
	Runtime: CPU: 0:00:05.0 REAL: 0:00:02.0 MEM: 5528.6MB
Summary Report:
Instances move: 739 (out of 38633 movable)
Instances flipped: 295
Mean displacement: 0.20 um
Max displacement: 3.24 um (Instance: SILEGO_cell/MTRF_cell/dpu_gen/U_NACU_0/U_divider/division/U_DIV/FE_OFC3949_BInv_8) (191.152, 124.8) -> (188.552, 124.16)
	Length: 7 sites, height: 1 rows, site name: SC8T_104CPP_CMOS22FDX, cell type: SC8T_BUFX4_MR_CSC28L
Total net bbox length = 4.919e+05 (2.166e+05 2.753e+05) (ext = 9.260e+04)
Runtime: CPU: 0:00:05.1 REAL: 0:00:02.0 MEM: 5528.6MB
*** Finished place_detail (0:41:43 mem=5528.6M) ***
*** maximum move = 3.24 um ***
*** Finished re-routing un-routed nets (5517.6M) ***

**Info: (IMPSP-2062): Some of the PG shapes may not be colorized properly in this design, users are required to run command colorizePowerMesh before any placement related commands!

*** Finish Physical Update (cpu=0:00:06.7 real=0:00:03.0 mem=5517.6M) ***
** GigaOpt Optimizer WNS Slack -0.061 TNS Slack -0.558 Density 57.65
OptDebug: End of Setup Fixing:
+----------+------+------+
|Path Group|   WNS|   TNS|
+----------+------+------+
|default   |-0.061|-0.558|
|reg2reg   | 1.288| 0.000|
|HEPG      | 1.288| 0.000|
|All Paths |-0.061|-0.558|
+----------+------+------+

Bottom Preferred Layer:
+-----------+------------+----------+
|   Layer   |    CLK     |   Rule   |
+-----------+------------+----------+
| C1 (z=3)  |         59 | default  |
+-----------+------------+----------+
Via Pillar Rule:
    None

*** Finish post-CTS Setup Fixing (cpu=0:00:56.8 real=0:00:22.0 mem=5517.6M) ***

*** WnsOpt #1 [finish] (ccopt_design #1) : cpu/real = 0:01:02.3/0:00:26.6 (2.3), totSession cpu/real = 0:41:44.9/0:12:05.3 (3.5), mem = 4959.7M
End: GigaOpt Optimization in WNS mode
Begin: GigaOpt Optimization in TNS mode
GigaOpt Checkpoint: Internal optTiming -allEndPoints -maxLocalDensity 0.95 -maxLocalDensityForHardenOpt 0.92 -numThreads 8 -postCTS -pgMode all -nativePathGroupFlow -wtns -nonLegalPlaceEcoBumpRecoveryInTNSOpt -NDROptEffortAuto -ipoTgtSlackCoef 1.5 -effTgtSlackCoef 1
Info: 59 nets with fixed/cover wires excluded.
Info: 59 clock nets excluded from IPO operation.
*** TnsOpt #1 [begin] (ccopt_design #1) : totSession cpu/real = 0:41:45.1/0:12:05.6 (3.5), mem = 4959.7M

**Info: (IMPSP-2062): Some of the PG shapes may not be colorized properly in this design, users are required to run command colorizePowerMesh before any placement related commands!
*info: 59 clock nets excluded
*info: 1476 no-driver nets excluded.
*info: 59 nets with fixed/cover wires excluded.
** GigaOpt Optimizer WNS Slack -0.061 TNS Slack -0.558 Density 57.65
OptDebug: Start of Optimizer TNS Pass:
+----------+------+------+
|Path Group|   WNS|   TNS|
+----------+------+------+
|default   |-0.061|-0.558|
|reg2reg   | 1.288| 0.000|
|HEPG      | 1.288| 0.000|
|All Paths |-0.061|-0.558|
+----------+------+------+

CCOptDebug: Start of Optimizer TNS Pass: reg2reg* WNS 1287.7ps TNS 0.0ps; HEPG WNS 1287.7ps TNS 0.0ps; all paths WNS -61.0ps TNS -557.8ps; Real time 0:05:31
Active Path Group: default 
+--------+---------+--------+---------+---------+------------+--------+-----------+---------+----------------------------------------------------+
|  WNS   | All WNS |  TNS   | All TNS | Density |    Real    |  Mem   |Worst View |Pathgroup|                     End Point                      |
+--------+---------+--------+---------+---------+------------+--------+-----------+---------+----------------------------------------------------+
|  -0.061|   -0.061|  -0.558|   -0.558|   57.65%|   0:00:00.0| 5347.3M|AVF_RCWORST|  default| sel_r_ext_out_3[3]                                 |
|  -0.061|   -0.061|  -0.517|   -0.517|   57.65%|   0:00:02.0| 5524.0M|AVF_RCWORST|  default| sel_r_ext_out_3[3]                                 |
+--------+---------+--------+---------+---------+------------+--------+-----------+---------+----------------------------------------------------+

*** Finish Core Optimize Step (cpu=0:00:07.1 real=0:00:02.0 mem=5524.0M) ***

*** Finished Optimize Step Cumulative (cpu=0:00:07.2 real=0:00:02.0 mem=5524.0M) ***
OptDebug: End of Optimizer TNS Pass:
+----------+------+------+
|Path Group|   WNS|   TNS|
+----------+------+------+
|default   |-0.061|-0.517|
|reg2reg   | 1.346| 0.000|
|HEPG      | 1.346| 0.000|
|All Paths |-0.061|-0.517|
+----------+------+------+

CCOptDebug: End of Optimizer TNS Pass: reg2reg* WNS 1346.4ps TNS 0.0ps; HEPG WNS 1346.4ps TNS 0.0ps; all paths WNS -61.0ps TNS -516.4ps; Real time 0:05:34

*** Starting place_detail (0:42:00 mem=5524.0M) ***
Total net bbox length = 4.920e+05 (2.166e+05 2.753e+05) (ext = 9.260e+04)

**Info: (IMPSP-2062): Some of the PG shapes may not be colorized properly in this design, users are required to run command colorizePowerMesh before any placement related commands!
**WARN: (IMPSP-5140):	Global net connect rules have not been created. Added  insts would have no supply connectivity, and would fail DRC.
Type 'man IMPSP-5140' for more detail.
**WARN: (IMPSP-315):	Found 38701 instances insts with no PG Term connections.
Type 'man IMPSP-315' for more detail.

Starting Small incrNP...
Density distribution unevenness ratio = 7.738%
Skipped incrNP (cpu=0:00:00.0, real=0:00:00.0, mem=5524.0M)
End of Small incrNP (cpu=0:00:00.0, real=0:00:00.0)
Move report: Detail placement moves 563 insts, mean move: 0.15 um, max move: 2.87 um 
	Max move on inst (SILEGO_cell/MTRF_cell/dpu_gen/U_NACU_0/U_divider/division/U_DIV/FE_OCPC3996_CryTmp_19__32): (191.67, 134.40) --> (191.36, 131.84)
	Runtime: CPU: 0:00:04.4 REAL: 0:00:02.0 MEM: 5525.3MB
Summary Report:
Instances move: 563 (out of 38643 movable)
Instances flipped: 20
Mean displacement: 0.15 um
Max displacement: 2.87 um (Instance: SILEGO_cell/MTRF_cell/dpu_gen/U_NACU_0/U_divider/division/U_DIV/FE_OCPC3996_CryTmp_19__32) (191.672, 134.4) -> (191.36, 131.84)
	Length: 7 sites, height: 1 rows, site name: SC8T_104CPP_CMOS22FDX, cell type: SC8T_BUFX4_MR_CSC28L
Total net bbox length = 4.920e+05 (2.167e+05 2.753e+05) (ext = 9.259e+04)
Runtime: CPU: 0:00:04.6 REAL: 0:00:02.0 MEM: 5525.3MB
*** Finished place_detail (0:42:04 mem=5525.3M) ***
*** maximum move = 2.87 um ***
*** Finished re-routing un-routed nets (5525.3M) ***


*** Finish Physical Update (cpu=0:00:06.2 real=0:00:04.0 mem=5525.3M) ***
** GigaOpt Optimizer WNS Slack -0.061 TNS Slack -0.517 Density 57.65
OptDebug: End of Setup Fixing:
+----------+------+------+
|Path Group|   WNS|   TNS|
+----------+------+------+
|default   |-0.061|-0.517|
|reg2reg   | 1.346| 0.000|
|HEPG      | 1.346| 0.000|
|All Paths |-0.061|-0.517|
+----------+------+------+

Bottom Preferred Layer:
+-----------+------------+----------+
|   Layer   |    CLK     |   Rule   |
+-----------+------------+----------+
| C1 (z=3)  |         59 | default  |
+-----------+------------+----------+
Via Pillar Rule:
    None

*** Finish post-CTS Setup Fixing (cpu=0:00:16.4 real=0:00:08.0 mem=5525.3M) ***

*** TnsOpt #1 [finish] (ccopt_design #1) : cpu/real = 0:00:21.3/0:00:12.3 (1.7), totSession cpu/real = 0:42:06.4/0:12:17.9 (3.4), mem = 4985.5M
End: GigaOpt Optimization in TNS mode
GigaOpt Checkpoint: Internal reclaim -numThreads 8 -customPhyUpdate -noGCompAndPhase -force -svrReclaim -rtrShortNets -allowDegradingShortNetRemoval -postCTS -tgtSlackMult 2 -wtns -noRouteTypeResizePolish -noViewPrune -nativePathGroupFlow
Info: 59 nets with fixed/cover wires excluded.
Info: 59 clock nets excluded from IPO operation.

**Info: (IMPSP-2062): Some of the PG shapes may not be colorized properly in this design, users are required to run command colorizePowerMesh before any placement related commands!
Begin: Area Reclaim Optimization
*** AreaOpt #2 [begin] (ccopt_design #1) : totSession cpu/real = 0:42:07.6/0:12:18.8 (3.4), mem = 5371.0M
Usable buffer cells for single buffer setup transform:
SC8T_BUFX0P5_A_CSC28L SC8T_BUFX2_CSC28L SC8T_BUFX1P5_CSC28L SC8T_CKBUFX2_CSC28L SC8T_BUFX3_CSC28L SC8T_BUFX4_MR_CSC28L SC8T_BUFX4_CSC28L SC8T_CKBUFX4_CSC28L SC8T_BUFX6_CSC28L SC8T_CKBUFX6_CSC28L SC8T_BUFX8_CSC28L SC8T_CKBUFX8_CSC28L SC8T_CKBUFX10_CSC28L SC8T_BUFX12_CSC28L SC8T_CKBUFX12_CSC28L SC8T_BUFX16_CSC28L SC8T_CKBUFX16_CSC28L SC8T_BUFX20_CSC28L SC8T_CKBUFX20_CSC28L SC8T_BUFX24_CSC28L SC8T_CKBUFX24_CSC28L 
Number of usable buffer cells above: 21
Reclaim Optimization WNS Slack -0.061  TNS Slack -0.517 Density 57.65
+---------+---------+--------+--------+------------+--------+
| Density | Commits |  WNS   |  TNS   |    Real    |  Mem   |
+---------+---------+--------+--------+------------+--------+
|   57.65%|        -|  -0.061|  -0.517|   0:00:00.0| 5371.0M|
|   57.65%|       13|  -0.061|  -0.517|   0:00:05.0| 5535.2M|
|   57.65%|        9|  -0.061|  -0.517|   0:00:03.0| 5535.2M|
|   57.65%|        9|  -0.061|  -0.517|   0:00:04.0| 5535.2M|
|   57.65%|        9|  -0.061|  -0.517|   0:00:03.0| 5535.2M|
|   57.65%|       10|  -0.061|  -0.517|   0:00:03.0| 5535.2M|
|   57.65%|        0|  -0.061|  -0.517|   0:00:00.0| 5535.2M|
|   57.62%|       36|  -0.061|  -0.517|   0:00:02.0| 5542.0M|
|   57.62%|        8|  -0.061|  -0.517|   0:00:00.0| 5542.0M|
|   57.62%|        1|  -0.061|  -0.517|   0:00:01.0| 5542.0M|
|   57.62%|        0|  -0.061|  -0.517|   0:00:00.0| 5542.0M|
|   57.62%|        0|  -0.061|  -0.517|   0:00:00.0| 5542.0M|
+---------+---------+--------+--------+------------+--------+
Reclaim Optimization End WNS Slack -0.061  TNS Slack -0.517 Density 57.62
Bottom Preferred Layer:
+-----------+------------+----------+
|   Layer   |    CLK     |   Rule   |
+-----------+------------+----------+
| C1 (z=3)  |         59 | default  |
+-----------+------------+----------+
Via Pillar Rule:
    None

Number of times islegalLocAvaiable called = 24 skipped = 0, called in commitmove = 9, skipped in commitmove = 0
End: Core Area Reclaim Optimization (cpu = 0:02:15) (real = 0:00:23.0) **

*** Starting place_detail (0:44:23 mem=5542.0M) ***
Total net bbox length = 4.917e+05 (2.165e+05 2.752e+05) (ext = 9.259e+04)

**Info: (IMPSP-2062): Some of the PG shapes may not be colorized properly in this design, users are required to run command colorizePowerMesh before any placement related commands!
**WARN: (IMPSP-5140):	Global net connect rules have not been created. Added  insts would have no supply connectivity, and would fail DRC.
Type 'man IMPSP-5140' for more detail.
**WARN: (IMPSP-315):	Found 38662 instances insts with no PG Term connections.
Type 'man IMPSP-315' for more detail.
Move report: Detail placement moves 4 insts, mean move: 0.10 um, max move: 0.10 um 
	Max move on inst (SILEGO_cell/swb/FE_OFC993_h_bus_dpu_in_out1_3_right_5): (156.94, 19.84) --> (156.83, 19.84)
	Runtime: CPU: 0:00:03.4 REAL: 0:00:01.0 MEM: 5510.0MB
Summary Report:
Instances move: 4 (out of 38604 movable)
Instances flipped: 0
Mean displacement: 0.10 um
Max displacement: 0.10 um (Instance: SILEGO_cell/swb/FE_OFC993_h_bus_dpu_in_out1_3_right_5) (156.936, 19.84) -> (156.832, 19.84)
	Length: 2 sites, height: 1 rows, site name: SC8T_104CPP_CMOS22FDX, cell type: SC8T_INVX0P5_CSC28L
Total net bbox length = 4.917e+05 (2.165e+05 2.752e+05) (ext = 9.259e+04)
Runtime: CPU: 0:00:03.4 REAL: 0:00:01.0 MEM: 5510.0MB
*** Finished place_detail (0:44:26 mem=5510.0M) ***
*** maximum move = 0.10 um ***
*** Finished re-routing un-routed nets (5542.0M) ***


*** Finish Physical Update (cpu=0:00:05.0 real=0:00:03.0 mem=5542.0M) ***
*** AreaOpt #2 [finish] (ccopt_design #1) : cpu/real = 0:02:20.0/0:00:25.2 (5.6), totSession cpu/real = 0:44:27.6/0:12:44.0 (3.5), mem = 5542.0M
End: Area Reclaim Optimization (cpu=0:02:20, real=0:00:26, mem=5003.19M, totSessionCpu=0:44:28).
postCtsLateCongRepair #1 0
postCtsLateCongRepair #1 0
postCtsLateCongRepair #1 0
postCtsLateCongRepair #1 0
Starting local wire reclaim

**Info: (IMPSP-2062): Some of the PG shapes may not be colorized properly in this design, users are required to run command colorizePowerMesh before any placement related commands!
*** Starting place_detail (0:44:28 mem=5003.2M) ***

**Info: (IMPSP-2062): Some of the PG shapes may not be colorized properly in this design, users are required to run command colorizePowerMesh before any placement related commands!
**WARN: (IMPSP-5140):	Global net connect rules have not been created. Added  insts would have no supply connectivity, and would fail DRC.
Type 'man IMPSP-5140' for more detail.
**WARN: (IMPSP-315):	Found 38662 instances insts with no PG Term connections.
Type 'man IMPSP-315' for more detail.
*** Finished SKP initialization (cpu=0:00:08.9, real=0:00:05.0)***
Timing cost in AAE based: 968433.3663933819625527
Move report: Detail placement moves 17147 insts, mean move: 1.41 um, max move: 13.33 um 
	Max move on inst (u_bus_selector/FE_OFC1650_noc_bus_in_INSTRUCTION__27): (65.62, 0.64) --> (78.31, 1.28)
	Runtime: CPU: 0:00:38.6 REAL: 0:00:18.0 MEM: 5193.9MB
Summary Report:
Instances move: 17147 (out of 38604 movable)
Instances flipped: 105
Mean displacement: 1.41 um
Max displacement: 13.33 um (Instance: u_bus_selector/FE_OFC1650_noc_bus_in_INSTRUCTION__27) (65.624, 0.64) -> (78.312, 1.28)
	Length: 2 sites, height: 1 rows, site name: SC8T_104CPP_CMOS22FDX, cell type: SC8T_INVX0P5_CSC28L
Runtime: CPU: 0:00:38.7 REAL: 0:00:18.0 MEM: 5193.9MB
*** Finished place_detail (0:45:07 mem=5193.9M) ***
AAE_INFO: opIsDesignInPostRouteState() is 0
#################################################################################
# Design Stage: PreRoute
# Design Name: Silago_top_left_corner
# Design Mode: 90nm
# Analysis Mode: MMMC Non-OCV 
# Parasitics Mode: No SPEF/RCDB 
# Signoff Settings: SI Off 
#################################################################################
Calculate delays in BcWc mode...
Start delay calculation (fullDC) (8 T). (MEM=4997.41)
Total number of fetched objects 40969
AAE_INFO: Total number of nets for which stage creation was skipped for all views 0
End delay calculation. (MEM=5299.71 CPU=0:00:18.8 REAL=0:00:02.0)
End delay calculation (fullDC). (MEM=5299.71 CPU=0:00:21.2 REAL=0:00:03.0)
eGR doReRoute: optGuide
[NR-eGR] Track table information for default rule: 
[NR-eGR] M1 has single uniform track structure
[NR-eGR] M2 has single uniform track structure
[NR-eGR] C1 has single uniform track structure
[NR-eGR] C2 has single uniform track structure
[NR-eGR] C3 has single uniform track structure
[NR-eGR] C4 has single uniform track structure
[NR-eGR] BA has single uniform track structure
[NR-eGR] BB has single uniform track structure
[NR-eGR] JA has single uniform track structure
[NR-eGR] JB has single uniform track structure
[NR-eGR] LB has single uniform track structure
[NR-eGR] Read 21 PG shapes
[NR-eGR] Read 0 clock shapes
[NR-eGR] Read 0 other shapes
[NR-eGR] #Routing Blockages  : 31
[NR-eGR] #Instance Blockages : 102006
[NR-eGR] #PG Blockages       : 21
[NR-eGR] #Halo Blockages     : 0
[NR-eGR] #Boundary Blockages : 0
[NR-eGR] #Clock Blockages    : 0
[NR-eGR] #Other Blockages    : 0
[NR-eGR] Num Prerouted Nets = 59  Num Prerouted Wires = 17813
[NR-eGR] Read 40919 nets ( ignored 59 )
[NR-eGR] ============ Routing rule table ============
[NR-eGR] Rule id: 0  Nets: 40860
[NR-eGR] ========================================
[NR-eGR] 
[NR-eGR] Layer group 1: route 40860 net(s) in layer range [2, 11]
[NR-eGR] Early Global Route overflow of layer group 1: 0.49% H + 0.17% V. EstWL: 5.538592e+05um
[NR-eGR] Congestion Analysis By layer: (blocked Gcells are excluded) 
[NR-eGR]                        OverCon           OverCon           OverCon           OverCon            
[NR-eGR]                         #Gcell            #Gcell            #Gcell            #Gcell     %Gcell
[NR-eGR]        Layer             (1-2)             (3-4)             (5-6)             (7-8)    OverCon
[NR-eGR] -------------------------------------------------------------------------------------------------
[NR-eGR]      M1 ( 1)         0( 0.00%)         0( 0.00%)         0( 0.00%)         0( 0.00%)   ( 0.00%) 
[NR-eGR]      M2 ( 2)      1086( 1.11%)        42( 0.04%)         2( 0.00%)         0( 0.00%)   ( 1.16%) 
[NR-eGR]      C1 ( 3)       522( 0.53%)        21( 0.02%)         1( 0.00%)         0( 0.00%)   ( 0.56%) 
[NR-eGR]      C2 ( 4)        84( 0.09%)        31( 0.03%)         6( 0.01%)         0( 0.00%)   ( 0.12%) 
[NR-eGR]      C3 ( 5)        98( 0.10%)         8( 0.01%)         7( 0.01%)         0( 0.00%)   ( 0.12%) 
[NR-eGR]      C4 ( 6)        87( 0.09%)        33( 0.03%)        16( 0.02%)         6( 0.01%)   ( 0.15%) 
[NR-eGR]      BA ( 7)        29( 0.03%)         5( 0.01%)         0( 0.00%)         0( 0.00%)   ( 0.03%) 
[NR-eGR]      BB ( 8)        15( 0.02%)        12( 0.01%)        13( 0.01%)         0( 0.00%)   ( 0.04%) 
[NR-eGR]      JA ( 9)         0( 0.00%)         0( 0.00%)         0( 0.00%)         0( 0.00%)   ( 0.00%) 
[NR-eGR]      JB (10)         0( 0.00%)         0( 0.00%)         0( 0.00%)         0( 0.00%)   ( 0.00%) 
[NR-eGR]      LB (11)         0( 0.00%)         0( 0.00%)         0( 0.00%)         0( 0.00%)   ( 0.00%) 
[NR-eGR] -------------------------------------------------------------------------------------------------
[NR-eGR]        Total      1921( 0.26%)       152( 0.02%)        45( 0.01%)         6( 0.00%)   ( 0.28%) 
[NR-eGR] 
[NR-eGR] Overflow after Early Global Route 0.08% H + 0.05% V
[NR-eGR]             Length (um)    Vias 
[NR-eGR] --------------------------------
[NR-eGR]  M1  (1V)             0  113383 
[NR-eGR]  M2  (2H)         67101  218632 
[NR-eGR]  C1  (3V)        133730   61648 
[NR-eGR]  C2  (4H)         96033   26068 
[NR-eGR]  C3  (5V)        133902   10864 
[NR-eGR]  C4  (6H)         72900    3227 
[NR-eGR]  BA  (7V)         52963    1692 
[NR-eGR]  BB  (8H)         22798      46 
[NR-eGR]  JA  (9V)             6       0 
[NR-eGR]  JB  (10H)            0       0 
[NR-eGR]  LB  (11V)            0       0 
[NR-eGR] --------------------------------
[NR-eGR]      Total       579433  435560 
[NR-eGR] --------------------------------------------------------------------------
[NR-eGR] Total half perimeter of net bounding box: 486025um
[NR-eGR] Total length: 579433um, number of vias: 435560
[NR-eGR] --------------------------------------------------------------------------
[NR-eGR] Total eGR-routed clock nets wire length: 0um, number of vias: 0
[NR-eGR] --------------------------------------------------------------------------
[NR-eGR] Finished Early Global Route kernel ( CPU: 7.67 sec, Real: 3.52 sec, Curr Mem: 4951.55 MB )
Extraction called for design 'Silago_top_left_corner' of instances=38662 and nets=42434 using extraction engine 'pre_route' .
**WARN: (IMPEXT-3530):	The process node is not set. Use the command set_design_mode -process <process node> prior to extraction for maximum accuracy and optimal automatic threshold setting.
Type 'man IMPEXT-3530' for more detail.
pre_route RC Extraction called for design Silago_top_left_corner.
RC Extraction called in multi-corner(3) mode.
RCMode: PreRoute
      RC Corner Indexes            0       1       2   
Capacitance Scaling Factor   : 1.00000 1.00000 1.00000 
Resistance Scaling Factor    : 1.00000 1.00000 1.00000 
Clock Cap. Scaling Factor    : 1.00000 1.00000 1.00000 
Clock Res. Scaling Factor    : 1.00000 1.00000 1.00000 
Shrink Factor                : 1.00000
PreRoute extraction is honoring NDR/Shielding/ExtraSpace for clock nets.
Using Quantus QRC technology file ...
Updating RC grid for preRoute extraction ...
Initializing multi-corner resistance tables ...
PreRoute RC Extraction DONE (CPU Time: 0:00:01.1  Real Time: 0:00:01.0  MEM: 4910.551M)
Compute RC Scale Done ...
[hotspot] +------------+---------------+---------------+
[hotspot] |            |   max hotspot | total hotspot |
[hotspot] +------------+---------------+---------------+
[hotspot] | normalized |          5.38 |         13.77 |
[hotspot] +------------+---------------+---------------+
Local HotSpot Analysis: normalized max congestion hotspot area = 5.38, normalized total congestion hotspot area = 13.77 (area is in unit of 4 std-cell row bins)
[hotspot] top 5 congestion hotspot bounding boxes and scores of normalized hotspot
[hotspot] +-----+-------------------------------------+---------------+
[hotspot] | top |            hotspot bbox             | hotspot score |
[hotspot] +-----+-------------------------------------+---------------+
[hotspot] |  1  |    97.28     0.00   107.52    10.24 |        3.67   |
[hotspot] +-----+-------------------------------------+---------------+
[hotspot] |  2  |    76.80     0.00    87.04    10.24 |        3.02   |
[hotspot] +-----+-------------------------------------+---------------+
[hotspot] |  3  |    87.04     0.00    97.28    10.24 |        0.79   |
[hotspot] +-----+-------------------------------------+---------------+
[hotspot] |  4  |     0.00   158.72    10.24   168.96 |        0.79   |
[hotspot] +-----+-------------------------------------+---------------+
[hotspot] |  5  |   107.52     0.00   117.76    10.24 |        0.26   |
[hotspot] +-----+-------------------------------------+---------------+
GigaOpt Checkpoint: Internal congRefineRouteType -postCTS -numThreads 8 -resetVeryShortNets -rescheduleForAdherence  
Begin: GigaOpt Route Type Constraints Refinement
*** CongRefineRouteType #2 [begin] (ccopt_design #1) : totSession cpu/real = 0:45:49.5/0:13:16.2 (3.5), mem = 4929.6M
Updated routing constraints on 0 nets.
Bottom Preferred Layer:
+-----------+------------+----------+
|   Layer   |    CLK     |   Rule   |
+-----------+------------+----------+
| C1 (z=3)  |         59 | default  |
+-----------+------------+----------+
Via Pillar Rule:
    None
*** CongRefineRouteType #2 [finish] (ccopt_design #1) : cpu/real = 0:00:00.4/0:00:00.3 (1.2), totSession cpu/real = 0:45:49.9/0:13:16.5 (3.5), mem = 4929.6M
End: GigaOpt Route Type Constraints Refinement
skip EGR on cluster skew clock nets.
OPTC: user 20.0
AAE_INFO: opIsDesignInPostRouteState() is 0
#################################################################################
# Design Stage: PreRoute
# Design Name: Silago_top_left_corner
# Design Mode: 90nm
# Analysis Mode: MMMC Non-OCV 
# Parasitics Mode: No SPEF/RCDB 
# Signoff Settings: SI Off 
#################################################################################
Calculate delays in BcWc mode...
Start delay calculation (fullDC) (8 T). (MEM=4965.04)
Total number of fetched objects 40969
AAE_INFO: Total number of nets for which stage creation was skipped for all views 0
End delay calculation. (MEM=5307.04 CPU=0:00:18.6 REAL=0:00:03.0)
End delay calculation (fullDC). (MEM=5307.04 CPU=0:00:21.4 REAL=0:00:04.0)
Begin: GigaOpt postEco DRV Optimization
GigaOpt Checkpoint: Internal optDRV -inPostEcoStage -smallScaleFixing -maxIter 3 -max_tran -max_cap -maxLocalDensity 0.98 -numThreads 8 -preRouteDontEndWithRefinePlaceIncrSteinerRouteDC -postCTS
*** DrvOpt #4 [begin] (ccopt_design #1) : totSession cpu/real = 0:46:18.6/0:13:21.5 (3.5), mem = 5307.0M
Info: 59 nets with fixed/cover wires excluded.
Info: 59 clock nets excluded from IPO operation.

**Info: (IMPSP-2062): Some of the PG shapes may not be colorized properly in this design, users are required to run command colorizePowerMesh before any placement related commands!
+-------------------------------------------------------------------------------------------------------------------------------------------------------+
|        max-tran       |        max-cap        |  max-fanout |  max-length |       setup       |        |        |        |       |          |         |
+-------------------------------------------------------------------------------------------------------------------------------------------------------+
| nets | terms|  wViol  | nets | terms|  wViol  | nets | terms| nets | terms|   WNS   |   TNS   |  #Buf  |  #Inv  | #Resize|Density|   Real   |   Mem   |
+-------------------------------------------------------------------------------------------------------------------------------------------------------+
|    28|   458|    -0.09|    52|    52|    -0.00|     0|     0|     0|     0|    -0.12|    -0.75|       0|       0|       0| 57.62%|          |         |
|     0|     0|     0.00|     0|     0|     0.00|     0|     0|     0|     0|    -0.14|    -0.83|      62|      10|      13| 57.66%| 0:00:00.0|  5610.1M|
|     0|     0|     0.00|     0|     0|     0.00|     0|     0|     0|     0|    -0.14|    -0.83|       0|       0|       0| 57.66%| 0:00:00.0|  5610.1M|
+-------------------------------------------------------------------------------------------------------------------------------------------------------+
Bottom Preferred Layer:
+-----------+------------+----------+
|   Layer   |    CLK     |   Rule   |
+-----------+------------+----------+
| C1 (z=3)  |         59 | default  |
+-----------+------------+----------+
Via Pillar Rule:
    None

*** Finish DRV Fixing (cpu=0:00:07.9 real=0:00:02.0 mem=5610.1M) ***

*** DrvOpt #4 [finish] (ccopt_design #1) : cpu/real = 0:00:10.9/0:00:04.5 (2.4), totSession cpu/real = 0:46:29.5/0:13:26.1 (3.5), mem = 5032.3M
End: GigaOpt postEco DRV Optimization
GigaOpt: WNS changes after postEco optimization: -0.006 -> -0.014 (bump = 0.008)
GigaOpt: Skipping nonLegal postEco optimization
Design TNS changes after trial route: -0.513 -> -0.830
Begin: GigaOpt TNS non-legal recovery
GigaOpt Checkpoint: Internal optTiming -setupRecovery -newSetupRecovery -allEndPoints -maxLocalDensity 0.92 -numThreads 8 -nativePathGroupFlow  -NDROptEffortAuto  -ipoTgtSlackCoef 0 -effTgtSlackCoef 0 -tnsBumpRecoveryInTNS -integratedAreaOpt
Info: 59 nets with fixed/cover wires excluded.
Info: 59 clock nets excluded from IPO operation.
*** TnsOpt #2 [begin] (ccopt_design #1) : totSession cpu/real = 0:46:31.5/0:13:28.0 (3.5), mem = 5032.3M

**Info: (IMPSP-2062): Some of the PG shapes may not be colorized properly in this design, users are required to run command colorizePowerMesh before any placement related commands!
*info: 59 clock nets excluded
*info: 1476 no-driver nets excluded.
*info: 59 nets with fixed/cover wires excluded.
** GigaOpt Optimizer WNS Slack -0.144 TNS Slack -0.830 Density 57.66
OptDebug: Start of Optimizer TNS Pass:
+----------+------+------+
|Path Group|   WNS|   TNS|
+----------+------+------+
|default   |-0.144|-0.830|
|reg2reg   | 1.168| 0.000|
|HEPG      | 1.168| 0.000|
|All Paths |-0.144|-0.830|
+----------+------+------+

CCOptDebug: Start of Optimizer TNS Pass: reg2reg* WNS 1168.3ps TNS 0.0ps; HEPG WNS 1168.3ps TNS 0.0ps; all paths WNS -144.0ps TNS -830.0ps; Real time 0:06:51
Active Path Group: default 
+--------+---------+--------+---------+---------+------------+--------+-----------+---------+----------------------------------------------------+
|  WNS   | All WNS |  TNS   | All TNS | Density |    Real    |  Mem   |Worst View |Pathgroup|                     End Point                      |
+--------+---------+--------+---------+---------+------------+--------+-----------+---------+----------------------------------------------------+
|  -0.144|   -0.144|  -0.830|   -0.830|   57.66%|   0:00:00.0| 5419.8M|AVF_RCWORST|  default| SILEGO_cell/MTRF_cell/dpu_gen/U_NACU_0/U_divider/d |
|        |         |        |         |         |            |        |           |         | ivision/U_DIV/dpu_gen_U_NACU_0_U_divider_division_ |
|        |         |        |         |         |            |        |           |         | link211662_r_REG171_S1/D                           |
|  -0.062|   -0.062|  -0.546|   -0.546|   57.68%|   0:00:03.0| 5596.6M|AVF_RCWORST|  default| sel_r_ext_out_2[0]                                 |
|  -0.062|   -0.062|  -0.521|   -0.521|   57.68%|   0:00:01.0| 5604.6M|         NA|       NA| NA                                                 |
|  -0.062|   -0.062|  -0.521|   -0.521|   57.68%|   0:00:00.0| 5604.6M|AVF_RCWORST|  default| sel_r_ext_out_3[3]                                 |
+--------+---------+--------+---------+---------+------------+--------+-----------+---------+----------------------------------------------------+

*** Finish Core Optimize Step (cpu=0:00:12.8 real=0:00:04.0 mem=5604.6M) ***

*** Finished Optimize Step Cumulative (cpu=0:00:12.9 real=0:00:04.0 mem=5604.6M) ***
OptDebug: End of Optimizer TNS Pass:
+----------+------+------+
|Path Group|   WNS|   TNS|
+----------+------+------+
|default   |-0.062|-0.521|
|reg2reg   | 1.333| 0.000|
|HEPG      | 1.333| 0.000|
|All Paths |-0.062|-0.521|
+----------+------+------+

CCOptDebug: End of Optimizer TNS Pass: reg2reg* WNS 1332.7ps TNS 0.0ps; HEPG WNS 1332.7ps TNS 0.0ps; all paths WNS -62.1ps TNS -520.6ps; Real time 0:06:56

*** Starting place_detail (0:46:49 mem=5604.6M) ***
Total net bbox length = 4.862e+05 (2.123e+05 2.739e+05) (ext = 9.185e+04)

**Info: (IMPSP-2062): Some of the PG shapes may not be colorized properly in this design, users are required to run command colorizePowerMesh before any placement related commands!
**WARN: (IMPSP-5140):	Global net connect rules have not been created. Added  insts would have no supply connectivity, and would fail DRC.
Type 'man IMPSP-5140' for more detail.
**WARN: (IMPSP-315):	Found 38770 instances insts with no PG Term connections.
Type 'man IMPSP-315' for more detail.

Starting Small incrNP...
Density distribution unevenness ratio = 7.622%
Skipped incrNP (cpu=0:00:00.0, real=0:00:00.0, mem=5604.6M)
End of Small incrNP (cpu=0:00:00.0, real=0:00:00.0)
Move report: Detail placement moves 1513 insts, mean move: 0.41 um, max move: 5.31 um 
	Max move on inst (u_data_selector/FE_OFC2071_data_in_next_175): (88.71, 0.00) --> (89.54, 4.48)
	Runtime: CPU: 0:00:06.2 REAL: 0:00:03.0 MEM: 5638.0MB
Summary Report:
Instances move: 1513 (out of 38712 movable)
Instances flipped: 396
Mean displacement: 0.41 um
Max displacement: 5.31 um (Instance: u_data_selector/FE_OFC2071_data_in_next_175) (88.712, 0) -> (89.544, 4.48)
	Length: 2 sites, height: 1 rows, site name: SC8T_104CPP_CMOS22FDX, cell type: SC8T_INVX0P5_CSC28L
Total net bbox length = 4.868e+05 (2.129e+05 2.740e+05) (ext = 9.205e+04)
Runtime: CPU: 0:00:06.4 REAL: 0:00:03.0 MEM: 5638.0MB
*** Finished place_detail (0:46:56 mem=5638.0M) ***
*** maximum move = 5.31 um ***
*** Finished re-routing un-routed nets (5629.0M) ***

**Info: (IMPSP-2062): Some of the PG shapes may not be colorized properly in this design, users are required to run command colorizePowerMesh before any placement related commands!

*** Finish Physical Update (cpu=0:00:08.0 real=0:00:04.0 mem=5629.0M) ***
** GigaOpt Optimizer WNS Slack -0.062 TNS Slack -0.521 Density 57.68
OptDebug: End of Setup Fixing:
+----------+------+------+
|Path Group|   WNS|   TNS|
+----------+------+------+
|default   |-0.062|-0.521|
|reg2reg   | 1.333| 0.000|
|HEPG      | 1.333| 0.000|
|All Paths |-0.062|-0.521|
+----------+------+------+

Bottom Preferred Layer:
+-----------+------------+----------+
|   Layer   |    CLK     |   Rule   |
+-----------+------------+----------+
| C1 (z=3)  |         59 | default  |
+-----------+------------+----------+
Via Pillar Rule:
    None

*** Finish post-CTS Setup Fixing (cpu=0:00:23.8 real=0:00:09.0 mem=5629.0M) ***

*** TnsOpt #2 [finish] (ccopt_design #1) : cpu/real = 0:00:26.2/0:00:11.8 (2.2), totSession cpu/real = 0:46:57.7/0:13:39.8 (3.4), mem = 5090.2M
End: GigaOpt TNS non-legal recovery
Begin: GigaOpt Optimization in post-eco TNS mode
GigaOpt Checkpoint: Internal optTiming -postEco -postEcoLefSafe -maxLocalDensity 1.0 -numThreads 8  -allEndPoints -nativePathGroupFlow
Info: 59 nets with fixed/cover wires excluded.
Info: 59 clock nets excluded from IPO operation.
*** TnsOpt #3 [begin] (ccopt_design #1) : totSession cpu/real = 0:46:57.9/0:13:40.0 (3.4), mem = 5090.2M

**Info: (IMPSP-2062): Some of the PG shapes may not be colorized properly in this design, users are required to run command colorizePowerMesh before any placement related commands!
*info: 59 clock nets excluded
*info: 1476 no-driver nets excluded.
*info: 59 nets with fixed/cover wires excluded.
** GigaOpt Optimizer WNS Slack -0.062 TNS Slack -0.521 Density 57.68
OptDebug: Start of Optimizer TNS Pass:
+----------+------+------+
|Path Group|   WNS|   TNS|
+----------+------+------+
|default   |-0.062|-0.521|
|reg2reg   | 1.333| 0.000|
|HEPG      | 1.333| 0.000|
|All Paths |-0.062|-0.521|
+----------+------+------+

CCOptDebug: Start of Optimizer TNS Pass: reg2reg* WNS 1332.7ps TNS 0.0ps; HEPG WNS 1332.7ps TNS 0.0ps; all paths WNS -62.1ps TNS -520.6ps; Real time 0:07:03
Active Path Group: default 
+--------+---------+--------+---------+---------+------------+--------+-----------+---------+----------------------------------------------------+
|  WNS   | All WNS |  TNS   | All TNS | Density |    Real    |  Mem   |Worst View |Pathgroup|                     End Point                      |
+--------+---------+--------+---------+---------+------------+--------+-----------+---------+----------------------------------------------------+
|  -0.062|   -0.062|  -0.521|   -0.521|   57.68%|   0:00:00.0| 5477.7M|AVF_RCWORST|  default| sel_r_ext_out_3[3]                                 |
|  -0.062|   -0.062|  -0.521|   -0.521|   57.68%|   0:00:00.0| 5477.7M|AVF_RCWORST|  default| sel_r_ext_out_3[3]                                 |
+--------+---------+--------+---------+---------+------------+--------+-----------+---------+----------------------------------------------------+

*** Finish Core Optimize Step (cpu=0:00:00.2 real=0:00:00.0 mem=5477.7M) ***

*** Finished Optimize Step Cumulative (cpu=0:00:00.2 real=0:00:01.0 mem=5477.7M) ***
OptDebug: End of Optimizer TNS Pass:
+----------+------+------+
|Path Group|   WNS|   TNS|
+----------+------+------+
|default   |-0.062|-0.521|
|reg2reg   | 1.333| 0.000|
|HEPG      | 1.333| 0.000|
|All Paths |-0.062|-0.521|
+----------+------+------+

CCOptDebug: End of Optimizer TNS Pass: reg2reg* WNS 1332.7ps TNS 0.0ps; HEPG WNS 1332.7ps TNS 0.0ps; all paths WNS -62.1ps TNS -520.6ps; Real time 0:07:05
OptDebug: End of Setup Fixing:
+----------+------+------+
|Path Group|   WNS|   TNS|
+----------+------+------+
|default   |-0.062|-0.521|
|reg2reg   | 1.333| 0.000|
|HEPG      | 1.333| 0.000|
|All Paths |-0.062|-0.521|
+----------+------+------+

Bottom Preferred Layer:
+-----------+------------+----------+
|   Layer   |    CLK     |   Rule   |
+-----------+------------+----------+
| C1 (z=3)  |         59 | default  |
+-----------+------------+----------+
Via Pillar Rule:
    None

*** Finish post-CTS Setup Fixing (cpu=0:00:02.7 real=0:00:02.0 mem=5477.7M) ***

*** TnsOpt #3 [finish] (ccopt_design #1) : cpu/real = 0:00:05.2/0:00:04.3 (1.2), totSession cpu/real = 0:47:03.2/0:13:44.3 (3.4), mem = 5090.9M
End: GigaOpt Optimization in post-eco TNS mode
#optDebug: fT-D <X 1 0 0 0>
Register exp ratio and priority group on 0 nets on 41048 nets : 

Active setup views:
 AVF_RCWORST
  Dominating endpoints: 0
  Dominating TNS: -0.000

Extraction called for design 'Silago_top_left_corner' of instances=38770 and nets=42539 using extraction engine 'pre_route' .
**WARN: (IMPEXT-3530):	The process node is not set. Use the command set_design_mode -process <process node> prior to extraction for maximum accuracy and optimal automatic threshold setting.
Type 'man IMPEXT-3530' for more detail.
pre_route RC Extraction called for design Silago_top_left_corner.
RC Extraction called in multi-corner(3) mode.
RCMode: PreRoute
      RC Corner Indexes            0       1       2   
Capacitance Scaling Factor   : 1.00000 1.00000 1.00000 
Resistance Scaling Factor    : 1.00000 1.00000 1.00000 
Clock Cap. Scaling Factor    : 1.00000 1.00000 1.00000 
Clock Res. Scaling Factor    : 1.00000 1.00000 1.00000 
Shrink Factor                : 1.00000
PreRoute extraction is honoring NDR/Shielding/ExtraSpace for clock nets.
Using Quantus QRC technology file ...
Skipped RC grid update for preRoute extraction.
Initializing multi-corner resistance tables ...
PreRoute RC Extraction DONE (CPU Time: 0:00:01.0  Real Time: 0:00:01.0  MEM: 5029.082M)
Starting delay calculation for Setup views
AAE_INFO: opIsDesignInPostRouteState() is 0
#################################################################################
# Design Stage: PreRoute
# Design Name: Silago_top_left_corner
# Design Mode: 90nm
# Analysis Mode: MMMC Non-OCV 
# Parasitics Mode: No SPEF/RCDB 
# Signoff Settings: SI Off 
#################################################################################
Calculate delays in BcWc mode...
Start delay calculation (fullDC) (8 T). (MEM=5034.21)
Total number of fetched objects 41074
AAE_INFO: Total number of nets for which stage creation was skipped for all views 0
End delay calculation. (MEM=5338.05 CPU=0:00:17.9 REAL=0:00:03.0)
End delay calculation (fullDC). (MEM=5338.05 CPU=0:00:21.0 REAL=0:00:04.0)
*** Done Building Timing Graph (cpu=0:00:28.8 real=0:00:05.0 totSessionCpu=0:47:34 mem=5338.1M)
OPTC: user 20.0
[NR-eGR] Track table information for default rule: 
[NR-eGR] M1 has single uniform track structure
[NR-eGR] M2 has single uniform track structure
[NR-eGR] C1 has single uniform track structure
[NR-eGR] C2 has single uniform track structure
[NR-eGR] C3 has single uniform track structure
[NR-eGR] C4 has single uniform track structure
[NR-eGR] BA has single uniform track structure
[NR-eGR] BB has single uniform track structure
[NR-eGR] JA has single uniform track structure
[NR-eGR] JB has single uniform track structure
[NR-eGR] LB has single uniform track structure
[NR-eGR] Read 21 PG shapes
[NR-eGR] Read 0 clock shapes
[NR-eGR] Read 0 other shapes
[NR-eGR] #Routing Blockages  : 31
[NR-eGR] #Instance Blockages : 102073
[NR-eGR] #PG Blockages       : 21
[NR-eGR] #Halo Blockages     : 0
[NR-eGR] #Boundary Blockages : 0
[NR-eGR] #Clock Blockages    : 0
[NR-eGR] #Other Blockages    : 0
[NR-eGR] Num Prerouted Nets = 59  Num Prerouted Wires = 17813
[NR-eGR] Read 41024 nets ( ignored 59 )
[NR-eGR] ============ Routing rule table ============
[NR-eGR] Rule id: 0  Nets: 40965
[NR-eGR] ========================================
[NR-eGR] 
[NR-eGR] Layer group 1: route 40965 net(s) in layer range [2, 11]
[NR-eGR] Early Global Route overflow of layer group 1: 0.57% H + 0.18% V. EstWL: 5.547642e+05um
[NR-eGR] Congestion Analysis By layer: (blocked Gcells are excluded) 
[NR-eGR]                        OverCon           OverCon           OverCon           OverCon            
[NR-eGR]                         #Gcell            #Gcell            #Gcell            #Gcell     %Gcell
[NR-eGR]        Layer             (1-2)             (3-4)             (5-6)             (7-8)    OverCon
[NR-eGR] -------------------------------------------------------------------------------------------------
[NR-eGR]      M1 ( 1)         0( 0.00%)         0( 0.00%)         0( 0.00%)         0( 0.00%)   ( 0.00%) 
[NR-eGR]      M2 ( 2)      1110( 1.14%)        38( 0.04%)         1( 0.00%)         0( 0.00%)   ( 1.18%) 
[NR-eGR]      C1 ( 3)       598( 0.61%)        28( 0.03%)         1( 0.00%)         0( 0.00%)   ( 0.64%) 
[NR-eGR]      C2 ( 4)        75( 0.08%)        16( 0.02%)         2( 0.00%)         0( 0.00%)   ( 0.10%) 
[NR-eGR]      C3 ( 5)        88( 0.09%)        10( 0.01%)         5( 0.01%)         0( 0.00%)   ( 0.11%) 
[NR-eGR]      C4 ( 6)        82( 0.08%)        38( 0.04%)        15( 0.02%)         6( 0.01%)   ( 0.14%) 
[NR-eGR]      BA ( 7)        34( 0.03%)        11( 0.01%)         0( 0.00%)         0( 0.00%)   ( 0.05%) 
[NR-eGR]      BB ( 8)         7( 0.01%)        13( 0.01%)        14( 0.01%)         0( 0.00%)   ( 0.03%) 
[NR-eGR]      JA ( 9)         0( 0.00%)         0( 0.00%)         0( 0.00%)         0( 0.00%)   ( 0.00%) 
[NR-eGR]      JB (10)         0( 0.00%)         0( 0.00%)         0( 0.00%)         0( 0.00%)   ( 0.00%) 
[NR-eGR]      LB (11)         0( 0.00%)         0( 0.00%)         0( 0.00%)         0( 0.00%)   ( 0.00%) 
[NR-eGR] -------------------------------------------------------------------------------------------------
[NR-eGR]        Total      1994( 0.26%)       154( 0.02%)        38( 0.01%)         6( 0.00%)   ( 0.29%) 
[NR-eGR] 
[NR-eGR] Overflow after Early Global Route 0.07% H + 0.05% V
[NR-eGR] Finished Early Global Route kernel ( CPU: 4.91 sec, Real: 2.27 sec, Curr Mem: 5370.05 MB )
[hotspot] +------------+---------------+---------------+
[hotspot] |            |   max hotspot | total hotspot |
[hotspot] +------------+---------------+---------------+
[hotspot] | normalized |          6.16 |         12.72 |
[hotspot] +------------+---------------+---------------+
Local HotSpot Analysis: normalized max congestion hotspot area = 6.16, normalized total congestion hotspot area = 12.72 (area is in unit of 4 std-cell row bins)
[hotspot] top 5 congestion hotspot bounding boxes and scores of normalized hotspot
[hotspot] +-----+-------------------------------------+---------------+
[hotspot] | top |            hotspot bbox             | hotspot score |
[hotspot] +-----+-------------------------------------+---------------+
[hotspot] |  1  |    76.80     0.00    87.04    10.24 |        3.02   |
[hotspot] +-----+-------------------------------------+---------------+
[hotspot] |  2  |    92.16     0.00   102.40    10.24 |        2.36   |
[hotspot] +-----+-------------------------------------+---------------+
[hotspot] |  3  |     0.00   158.72    10.24   168.96 |        0.79   |
[hotspot] +-----+-------------------------------------+---------------+
[hotspot] |  4  |   102.40     0.00   112.64    10.24 |        0.52   |
[hotspot] +-----+-------------------------------------+---------------+
[hotspot] |  5  |    66.56     0.00    76.80    10.24 |        0.26   |
[hotspot] +-----+-------------------------------------+---------------+
[hotspot] Hotspot report including placement blocked areas
[hotspot] +------------+---------------+---------------+
[hotspot] |            |   max hotspot | total hotspot |
[hotspot] +------------+---------------+---------------+
[hotspot] | normalized |         14.03 |         25.44 |
[hotspot] +------------+---------------+---------------+
Local HotSpot Analysis (blockage included): normalized max congestion hotspot area = 14.03, normalized total congestion hotspot area = 25.44 (area is in unit of 4 std-cell row bins)
[hotspot] top 5 congestion hotspot bounding boxes and scores of normalized hotspot
[hotspot] +-----+-------------------------------------+---------------+
[hotspot] | top |            hotspot bbox             | hotspot score |
[hotspot] +-----+-------------------------------------+---------------+
[hotspot] |  1  |    30.72   194.56    40.96   200.32 |        8.59   |
[hotspot] +-----+-------------------------------------+---------------+
[hotspot] |  2  |   194.56    92.16   200.32   102.40 |        3.41   |
[hotspot] +-----+-------------------------------------+---------------+
[hotspot] |  3  |    76.80     0.00    87.04    10.24 |        3.02   |
[hotspot] +-----+-------------------------------------+---------------+
[hotspot] |  4  |    92.16     0.00   102.40    10.24 |        2.36   |
[hotspot] +-----+-------------------------------------+---------------+
[hotspot] |  5  |   194.56   102.40   200.32   112.64 |        1.84   |
[hotspot] +-----+-------------------------------------+---------------+
Reported timing to dir ./timingReports
**opt_design ... cpu = 0:16:48, real = 0:04:55, mem = 3325.6M, totSessionCpu=0:47:39 **


------------------------------------------------------------------
     opt_design Final Summary
------------------------------------------------------------------

Setup views included:
 AVF_RCWORST 

+--------------------+---------+---------+---------+
|     Setup mode     |   all   | reg2reg | default |
+--------------------+---------+---------+---------+
|           WNS (ns):| -0.062  |  1.336  | -0.062  |
|           TNS (ns):| -0.521  |  0.000  | -0.521  |
|    Violating Paths:|   10    |    0    |   10    |
|          All Paths:|  5582   |  4764   |  3869   |
+--------------------+---------+---------+---------+

+----------------+-------------------------------+------------------+
|                |              Real             |       Total      |
|    DRVs        +------------------+------------+------------------|
|                |  Nr nets(terms)  | Worst Vio  |  Nr nets(terms)  |
+----------------+------------------+------------+------------------+
|   max_cap      |      0 (0)       |   0.000    |      0 (0)       |
|   max_tran     |      0 (0)       |   0.000    |      0 (0)       |
|   max_fanout   |      0 (0)       |     0      |      0 (0)       |
|   max_length   |      0 (0)       |     0      |      0 (0)       |
+----------------+------------------+------------+------------------+


Density: 57.681%
Routing Overflow: 0.07% H and 0.05% V
------------------------------------------------------------------

**opt_design ... cpu = 0:16:56, real = 0:04:59, mem = 3328.4M, totSessionCpu=0:47:47 **
*** Finished opt_design ***
      flow.cputime  flow.realtime  timing.setup.tns  timing.setup.wns  snapshot
UM:*                                      -0.521 ns         -0.062 ns  final
UM: Running design category ...
------------------------------------------------------------
	Current design flip-flop statistics

Single-Bit FF Count          :         5059
Multi-Bit FF Count           :            0
Total Bit Count              :         5059
Total FF Count               :         5059
Bits Per Flop                :        1.000
Total Clock Pin Cap(FF)      :     3122.085
Multibit Conversion Ratio(%) :         0.00
------------------------------------------------------------
------------------------------------------------------------
            Multi-bit cell usage statistics

------------------------------------------------------------
============================================================
Sequential Multibit cells usage statistics
------------------------------------------------------------
            Not Merged-bits         Merged-bits     Multibit Conversion %     Bits Per Flop
------------------------------------------------------------
-FlipFlops             5059                    0        0.00                    1.00
------------------------------------------------------------

------------------------------------------------------------
Seq_Mbit libcell              Bitwidth        Count
------------------------------------------------------------
Total 0
============================================================
------------------------------------------------------------
Category            Num of Insts Rejected     Reasons
------------------------------------------------------------
------------------------------------------------------------
      flow.cputime  flow.realtime  timing.setup.tns  timing.setup.wns  snapshot
UM:        1018.91            302         -0.521 ns         -0.062 ns  opt_design_postcts
Info: Destroy the CCOpt slew target map.
Set place::cacheFPlanSiteMark to 0
(ccopt_design): dumping clock statistics to metric
Clock tree timing engine global stage delay update for WC_dc:setup.early...
Clock tree timing engine global stage delay update for WC_dc:setup.early done. (took cpu=0:00:00.4 real=0:00:00.1)
Clock tree timing engine global stage delay update for WC_dc:setup.late...
Clock tree timing engine global stage delay update for WC_dc:setup.late done. (took cpu=0:00:00.1 real=0:00:00.0)
Clock tree timing engine global stage delay update for BC_dc:hold.early...
Clock tree timing engine global stage delay update for BC_dc:hold.early done. (took cpu=0:00:00.1 real=0:00:00.0)
Clock tree timing engine global stage delay update for BC_dc:hold.late...
Clock tree timing engine global stage delay update for BC_dc:hold.late done. (took cpu=0:00:00.1 real=0:00:00.0)
Clock tree timing engine global stage delay update for TC_dc:hold.early...
Clock tree timing engine global stage delay update for TC_dc:hold.early done. (took cpu=0:00:00.1 real=0:00:00.0)
Clock tree timing engine global stage delay update for TC_dc:hold.late...
Clock tree timing engine global stage delay update for TC_dc:hold.late done. (took cpu=0:00:00.1 real=0:00:00.0)
UM: Running design category ...
------------------------------------------------------------
	Current design flip-flop statistics

Single-Bit FF Count          :         5059
Multi-Bit FF Count           :            0
Total Bit Count              :         5059
Total FF Count               :         5059
Bits Per Flop                :        1.000
Total Clock Pin Cap(FF)      :     3122.085
Multibit Conversion Ratio(%) :         0.00
------------------------------------------------------------
------------------------------------------------------------
            Multi-bit cell usage statistics

------------------------------------------------------------
============================================================
Sequential Multibit cells usage statistics
------------------------------------------------------------
            Not Merged-bits         Merged-bits     Multibit Conversion %     Bits Per Flop
------------------------------------------------------------
-FlipFlops             5059                    0        0.00                    1.00
------------------------------------------------------------

------------------------------------------------------------
Seq_Mbit libcell              Bitwidth        Count
------------------------------------------------------------
Total 0
============================================================
------------------------------------------------------------
Category            Num of Insts Rejected     Reasons
------------------------------------------------------------
------------------------------------------------------------
      flow.cputime  flow.realtime  timing.setup.tns  timing.setup.wns  snapshot
UM:        1332.93            433         -0.521 ns         -0.062 ns  ccopt_design

*** Summary of all messages that are not suppressed in this session:
Severity  ID               Count  Summary                                  
WARNING   IMPDBTCL-321         8  The attribute '%s' still works but will ...
WARNING   IMPEXT-3530          5  The process node is not set. Use the com...
WARNING   IMPSP-5140           8  Global net connect rules have not been c...
WARNING   IMPSP-315            8  Found %d instances insts with no PG Term...
WARNING   IMPSP-9025           1  No scan chain specified/traced.          
WARNING   IMPSP-2041           1  Found %d fixed insts that could not be c...
WARNING   IMPCCOPT-1127        2  The skew group %s has been identified as...
WARNING   IMPTCM-77            2  Option "%s" for command %s is obsolete a...
*** Message Summary: 35 warning(s), 0 error(s)

*** ccopt_design #1 [finish] : cpu/real = 0:22:25.9/0:07:24.8 (3.0), totSession cpu/real = 0:47:54.3/0:14:04.4 (3.4), mem = 5371.0M
#% End ccopt_design (date=01/03 09:33:19, total cpu=0:22:26, real=0:07:25, peak res=3682.5M, current mem=3236.9M)
@@file 8: route_design
#% Begin route_design (date=01/03 09:33:19, mem=3236.9M)
#route_design: cpu time = 00:00:00, elapsed time = 00:00:00, memory = 3236.87 (MB), peak = 3682.51 (MB)
AAE_INFO: Pre Route call back at the beginning of routeDesign
#**INFO: setDesignMode -flowEffort standard
#**INFO: setDesignMode -powerEffort none
**INFO: User settings:
delaycal_default_net_delay                                   1000ps
delaycal_default_net_load                                    0.5pf
delaycal_enable_high_fanout                                  true
delaycal_ignore_net_load                                     false
delaycal_input_transition_delay                              0.1ps
delaycal_socv_accuracy_mode                                  low
delaycal_use_default_delay_limit                             1000
setAnalysisMode -cts                                         postCTS
setAnalysisMode -virtualIPO                                  false
setDelayCalMode -engine                                      aae
extract_rc_engine                                            pre_route
route_design_extract_third_party_compatible                  false
route_design_global_exp_timing_driven_std_delay              10.6
setActiveLogicViewMode -keepHighFanoutCriticalInsts          false
getAnalysisMode -cts                                         postCTS
getAnalysisMode -virtualIPO                                  false
getDelayCalMode -engine                                      aae
getIlmMode -keepHighFanoutCriticalInsts                      false
get_power_analysis_mode -report_power_quiet                  false
getAnalysisMode -cts                                         postCTS
getAnalysisMode -virtualIPO                                  false
#**INFO: multi-cut via swapping will be performed after routing.
#**INFO: All auto set options tuned by route_design will be restored to their original settings on command completion.

**Info: (IMPSP-2062): Some of the PG shapes may not be colorized properly in this design, users are required to run command colorizePowerMesh before any placement related commands!
Begin checking placement ... (start mem=4993.0M, init mem=4993.0M)
*info: Placed = 38770          (Fixed = 58)
*info: Unplaced = 0           
Placement Density:57.68%(23109/40062)
Placement Density (including fixed std cells):57.68%(23109/40062)
Finished check_place (total: cpu=0:00:00.9, real=0:00:00.0; vio checks: cpu=0:00:00.8, real=0:00:00.0; mem=4961.0M)

changeUseClockNetStatus Option :  -noFixedNetWires 
*** Changed status on (59) nets in Clock.
*** End changeUseClockNetStatus (cpu=0:00:00.0, real=0:00:00.0, mem=4961.0M) ***
#Start route 59 clock and analog nets...

route_global_detail

#Start route_global_detail on Sat Jan  3 09:33:26 2026
#
Skipped RC grid update for preRoute extraction.
Initializing multi-corner resistance tables ...
#WARNING (NRIG-1303) The congestion map does not match the GCELL grid. Clearing the map.
#num needed restored net=42480
#need_extraction net=0 (total=42539)
#WARNING (NRDB-2005) SPECIAL_NET VSS has special wires but no definitions for instance pins or top level pins. This will cause routability problems later.
#WARNING (NRDB-2005) SPECIAL_NET VSS has special wires but no definitions for instance pins or top level pins. This will cause routability problems later.
#NanoRoute Version 21.19-s058_1 NR231113-0413/21_19-UB
#Skip comparing routing design signature in db-snapshot flow
#Total number of trivial nets (e.g. < 2 pins) = 1515 (skipped).
#Total number of nets with skipped attribute = 40965 (skipped).
#Total number of routable nets = 59.
#Total number of nets in the design = 42539.
#51 routable nets do not have any wires.
#8 routable nets have routed wires.
#40965 skipped nets have only detail routed wires.
#51 nets will be global routed.
#51 global routed or unrouted (routable) nets have been constrained (e.g. have preferred extra spacing, require shielding etc.)
#8 detail routed (routable) nets have been constrained (e.g. have preferred extra spacing, require shielding etc.)
#Using multithreading with 8 threads.
#Start routing data preparation on Sat Jan  3 09:33:28 2026
#
#Minimum voltage of a net in the design = 0.000.
#Maximum voltage of a net in the design = 0.800.
#Voltage range [0.000 - 0.800] has 42506 nets.
#Voltage range [0.000 - 0.000] has 32 nets.
#Voltage range [0.720 - 0.800] has 1 net.
#Build and mark too close pins for the same net.
#Rebuild pin access data for design.
#Initial pin access analysis.
#Detail pin access analysis.
# M1           V   Track-Pitch = 0.10400    Line-2-Via Pitch = 0.08000
# M2           H   Track-Pitch = 0.08000    Line-2-Via Pitch = 0.08000
# C1           V   Track-Pitch = 0.09000    Line-2-Via Pitch = 0.09000
# C2           H   Track-Pitch = 0.09000    Line-2-Via Pitch = 0.09000
# C3           V   Track-Pitch = 0.09000    Line-2-Via Pitch = 0.09000
# C4           H   Track-Pitch = 0.09000    Line-2-Via Pitch = 0.09000
# BA           V   Track-Pitch = 0.18000    Line-2-Via Pitch = 0.18000
# BB           H   Track-Pitch = 0.18000    Line-2-Via Pitch = 0.18000
# JA           V   Track-Pitch = 0.90000    Line-2-Via Pitch = 0.90000
# JB           H   Track-Pitch = 0.90000    Line-2-Via Pitch = 0.90000
# LB           V   Track-Pitch = 3.60000    Line-2-Via Pitch = 4.50000
#WARNING (NRAG-44) Track pitch is too small compared with line-2-via pitch.
#Bottom routing layer index=1(M1), bottom routing layer for shielding=3(C1), bottom shield layer=3(C1)
#shield_bottom_stripe_layer=3(C1), shield_top_stripe_layer=11(LB)
#pin_access_rlayer=2(M2)
#shield_top_dpt_rlayer=2 top_rlayer=11 top_trim_metal_rlayer=-1 rlayer_lowest=3 bottom_rlayer=1
#enable_trim_layer_shield=F enable_dpt_layer_shield=F has_line_end_grid=F
#cpu time = 00:00:00, elapsed time = 00:00:00, memory = 3303.75 (MB), peak = 3682.51 (MB)
#Regenerating Ggrids automatically.
#Auto generating G-grids with size=15 tracks, using layer C1's pitch = 0.09000.
#Using automatically generated G-grids.
#Done routing data preparation.
#cpu time = 00:02:31, elapsed time = 00:00:23, memory = 3339.16 (MB), peak = 3682.51 (MB)
#Minimum voltage of a net in the design = 0.000.
#Maximum voltage of a net in the design = 0.800.
#Voltage range [0.000 - 0.800] has 42506 nets.
#Voltage range [0.000 - 0.000] has 32 nets.
#Voltage range [0.720 - 0.800] has 1 net.
#Start instance access analysis using 8 threads...
#Set layer M1 to be advanced pin access layer.
#2 out of 38771(0.01%) instances may be difficult to be accessed due to several possibilities, such as power routing over or close to the pin, other pins next to it, or obstruction.
#0 instance pins are hard to access
#Instance access analysis statistics:
#Cpu time = 00:00:03
#Elapsed time = 00:00:02
#Increased memory = 17.32 (MB)
#Total memory = 3356.49 (MB)
#Peak memory = 3682.51 (MB)
#
#Finished routing data preparation on Sat Jan  3 09:33:53 2026
#
#Cpu time = 00:02:35
#Elapsed time = 00:00:25
#Increased memory = 110.82 (MB)
#Total memory = 3356.49 (MB)
#Peak memory = 3682.51 (MB)
#
#
#Start global routing on Sat Jan  3 09:33:53 2026
#
#
#Start global routing initialization on Sat Jan  3 09:33:53 2026
#
#Number of eco nets is 51
#
#Start global routing data preparation on Sat Jan  3 09:33:53 2026
#
#Start routing resource analysis on Sat Jan  3 09:33:53 2026
#
#Routing resource analysis is done on Sat Jan  3 09:33:53 2026
#
#  Resource Analysis:
#
#               Routing  #Avail      #Track     #Total     %Gcell
#  Layer      Direction   Track     Blocked      Gcell    Blocked
#  --------------------------------------------------------------
#  M1             V           0        1923       22052   100.00%
#  M2             H        1720         784       22052     0.00%
#  C1             V        2215           8       22052     0.67%
#  C2             H        2220           6       22052     0.00%
#  C3             V        2220           3       22052     0.67%
#  C4             H        2224           2       22052     0.00%
#  BA             V        1109           2       22052     0.67%
#  BB             H        1112           1       22052     0.00%
#  JA             V         221           1       22052     0.76%
#  JB             H           1         222       22052    99.33%
#  LB             V           0          55       22052   100.00%
#  --------------------------------------------------------------
#  Total                  13045      30.19%      242572    27.46%
#
#  59 nets (0.14%) with 1 preferred extra spacing.
#
#
#
#Global routing data preparation is done on Sat Jan  3 09:33:53 2026
#
#cpu time = 00:00:01, elapsed time = 00:00:00, memory = 3362.04 (MB), peak = 3682.51 (MB)
#
#
#Global routing initialization is done on Sat Jan  3 09:33:53 2026
#
#cpu time = 00:00:01, elapsed time = 00:00:00, memory = 3364.32 (MB), peak = 3682.51 (MB)
#
#start global routing iteration 1...
#cpu time = 00:00:01, elapsed time = 00:00:01, memory = 3377.62 (MB), peak = 3682.51 (MB)
#
#start global routing iteration 2...
#cpu time = 00:00:00, elapsed time = 00:00:00, memory = 3376.02 (MB), peak = 3682.51 (MB)
#
#start global routing iteration 3...
#cpu time = 00:00:00, elapsed time = 00:00:00, memory = 3376.04 (MB), peak = 3682.51 (MB)
#
#
#Total number of trivial nets (e.g. < 2 pins) = 1515 (skipped).
#Total number of nets with skipped attribute = 40965 (skipped).
#Total number of routable nets = 59.
#Total number of nets in the design = 42539.
#
#59 routable nets have routed wires.
#40965 skipped nets have only detail routed wires.
#51 global routed or unrouted (routable) nets have been constrained (e.g. have preferred extra spacing, require shielding etc.)
#8 detail routed (routable) nets have been constrained (e.g. have preferred extra spacing, require shielding etc.)
#
#Routed net constraints summary:
#------------------------------------------------
#        Rules   Pref Extra Space   Unconstrained  
#------------------------------------------------
#      Default                 51               0  
#------------------------------------------------
#        Total                 51               0  
#------------------------------------------------
#
#Routing constraints summary of the whole design:
#------------------------------------------------
#        Rules   Pref Extra Space   Unconstrained  
#------------------------------------------------
#      Default                 59           40965  
#------------------------------------------------
#        Total                 59           40965  
#------------------------------------------------
#
#
#  Congestion Analysis: (blocked Gcells are excluded)
#
#                 OverCon          
#                  #Gcell    %Gcell
#     Layer           (1)   OverCon
#  --------------------------------
#  M2            0(0.00%)   (0.00%)
#  C1            0(0.00%)   (0.00%)
#  C2            0(0.00%)   (0.00%)
#  C3            0(0.00%)   (0.00%)
#  C4            0(0.00%)   (0.00%)
#  BA            0(0.00%)   (0.00%)
#  BB            0(0.00%)   (0.00%)
#  JA            0(0.00%)   (0.00%)
#  JB            0(0.00%)   (0.00%)
#  --------------------------------
#     Total      0(0.00%)   (0.00%)
#
#  The worst congested Gcell overcon (routing demand over resource in number of tracks) = 1
#  Overflow after GR: 0.00% H + 0.00% V
#
#Complete Global Routing.
#Total number of nets with non-default rule or having extra spacing = 59
#Total wire length = 10781 um.
#Total half perimeter of net bounding box = 3519 um.
#Total wire length on LAYER M1 = 0 um.
#Total wire length on LAYER M2 = 171 um.
#Total wire length on LAYER C1 = 5418 um.
#Total wire length on LAYER C2 = 4895 um.
#Total wire length on LAYER C3 = 297 um.
#Total wire length on LAYER C4 = 0 um.
#Total wire length on LAYER BA = 0 um.
#Total wire length on LAYER BB = 0 um.
#Total wire length on LAYER JA = 0 um.
#Total wire length on LAYER JB = 0 um.
#Total wire length on LAYER LB = 0 um.
#Total number of vias = 10564
#Up-Via Summary (total 10564):
#           
#-----------------------
# M1                316
# M2               5129
# C1               4929
# C2                190
#-----------------------
#                 10564 
#
#Total number of involved priority nets 51
#Maximum src to sink distance for priority net 85.8
#Average of max src_to_sink distance for priority net 45.6
#Average of ave src_to_sink distance for priority net 23.6
#Max overcon = 0 track.
#Total overcon = 0.00%.
#Worst layer Gcell overcon rate = 0.00%.
#
#Global routing statistics:
#Cpu time = 00:00:02
#Elapsed time = 00:00:01
#Increased memory = 15.43 (MB)
#Total memory = 3371.92 (MB)
#Peak memory = 3682.51 (MB)
#
#Finished global routing on Sat Jan  3 09:33:54 2026
#
#
#Minimum voltage of a net in the design = 0.000.
#Maximum voltage of a net in the design = 0.800.
#Voltage range [0.000 - 0.800] has 42506 nets.
#Voltage range [0.000 - 0.000] has 32 nets.
#Voltage range [0.720 - 0.800] has 1 net.
#Minimum voltage of a net in the design = 0.000.
#Maximum voltage of a net in the design = 0.800.
#Voltage range [0.000 - 0.800] has 42506 nets.
#Voltage range [0.000 - 0.000] has 32 nets.
#Voltage range [0.720 - 0.800] has 1 net.
#cpu time = 00:00:00, elapsed time = 00:00:00, memory = 3368.43 (MB), peak = 3682.51 (MB)
#Minimum voltage of a net in the design = 0.000.
#Maximum voltage of a net in the design = 0.800.
#Voltage range [0.000 - 0.800] has 42506 nets.
#Voltage range [0.000 - 0.000] has 32 nets.
#Voltage range [0.720 - 0.800] has 1 net.
#Start Track Assignment.
#Done with 36 horizontal wires in 5 hboxes and 96 vertical wires in 5 hboxes.
#Done with 0 horizontal wires in 5 hboxes and 0 vertical wires in 5 hboxes.
#Complete Track Assignment.
#Total number of nets with non-default rule or having extra spacing = 59
#Total wire length = 10777 um.
#Total half perimeter of net bounding box = 3519 um.
#Total wire length on LAYER M1 = 0 um.
#Total wire length on LAYER M2 = 171 um.
#Total wire length on LAYER C1 = 5416 um.
#Total wire length on LAYER C2 = 4894 um.
#Total wire length on LAYER C3 = 297 um.
#Total wire length on LAYER C4 = 0 um.
#Total wire length on LAYER BA = 0 um.
#Total wire length on LAYER BB = 0 um.
#Total wire length on LAYER JA = 0 um.
#Total wire length on LAYER JB = 0 um.
#Total wire length on LAYER LB = 0 um.
#Total number of vias = 10564
#Up-Via Summary (total 10564):
#           
#-----------------------
# M1                316
# M2               5129
# C1               4929
# C2                190
#-----------------------
#                 10564 
#
#cpu time = 00:00:02, elapsed time = 00:00:01, memory = 3367.46 (MB), peak = 3682.51 (MB)
#
#Routing data preparation, pin analysis, global routing and track assignment statistics:
#Cpu time = 00:02:39
#Elapsed time = 00:00:27
#Increased memory = 121.84 (MB)
#Total memory = 3367.46 (MB)
#Peak memory = 3682.51 (MB)
#Using multithreading with 8 threads.
#Minimum voltage of a net in the design = 0.000.
#Maximum voltage of a net in the design = 0.800.
#Voltage range [0.000 - 0.800] has 42506 nets.
#Voltage range [0.000 - 0.000] has 32 nets.
#Voltage range [0.720 - 0.800] has 1 net.
#Minimum voltage of a net in the design = 0.000.
#Maximum voltage of a net in the design = 0.800.
#Voltage range [0.000 - 0.800] has 42506 nets.
#Voltage range [0.000 - 0.000] has 32 nets.
#Voltage range [0.720 - 0.800] has 1 net.
#Minimum voltage of a net in the design = 0.000.
#Maximum voltage of a net in the design = 0.800.
#Voltage range [0.000 - 0.800] has 42506 nets.
#Voltage range [0.000 - 0.000] has 32 nets.
#Voltage range [0.720 - 0.800] has 1 net.
#Minimum voltage of a net in the design = 0.000.
#Maximum voltage of a net in the design = 0.800.
#Voltage range [0.000 - 0.800] has 42506 nets.
#Voltage range [0.000 - 0.000] has 32 nets.
#Voltage range [0.720 - 0.800] has 1 net.
#
#Start Detail Routing..
#start initial detail routing ...
# ECO: 52.96% of the total area was rechecked for DRC, and 31.36% required routing.
#   number of violations = 14
#
#    By Layer and Type :
#	         MetSpc    Color EOLColor   Totals
#	M1            0        0        0        0
#	M2            1        6        7       14
#	Totals        1        6        7       14
#21442 out of 38770 instances (55.3%) need to be verified(marked ipoed), dirty area = 29.0%.
#   number of violations = 14
#
#    By Layer and Type :
#	         MetSpc    Color EOLColor   Totals
#	M1            0        0        0        0
#	M2            1        6        7       14
#	Totals        1        6        7       14
#cpu time = 00:01:21, elapsed time = 00:00:11, memory = 3392.59 (MB), peak = 3803.40 (MB)
#start 1st optimization iteration ...
#   number of violations = 0
#cpu time = 00:00:01, elapsed time = 00:00:00, memory = 3392.36 (MB), peak = 3803.40 (MB)
#Complete Detail Routing.
#Total number of nets with non-default rule or having extra spacing = 59
#Total wire length = 10841 um.
#Total half perimeter of net bounding box = 3519 um.
#Total wire length on LAYER M1 = 0 um.
#Total wire length on LAYER M2 = 187 um.
#Total wire length on LAYER C1 = 5412 um.
#Total wire length on LAYER C2 = 4947 um.
#Total wire length on LAYER C3 = 295 um.
#Total wire length on LAYER C4 = 0 um.
#Total wire length on LAYER BA = 0 um.
#Total wire length on LAYER BB = 0 um.
#Total wire length on LAYER JA = 0 um.
#Total wire length on LAYER JB = 0 um.
#Total wire length on LAYER LB = 0 um.
#Total number of vias = 10847
#Up-Via Summary (total 10847):
#           
#-----------------------
# M1                319
# M2               5184
# C1               5152
# C2                192
#-----------------------
#                 10847 
#
#Total number of DRC violations = 0
#Cpu time = 00:01:23
#Elapsed time = 00:00:12
#Increased memory = 24.89 (MB)
#Total memory = 3392.36 (MB)
#Peak memory = 3803.40 (MB)
#route_detail Statistics:
#Cpu time = 00:01:23
#Elapsed time = 00:00:12
#Increased memory = 24.96 (MB)
#Total memory = 3392.41 (MB)
#Peak memory = 3803.40 (MB)
#Skip updating routing design signature in db-snapshot flow
#
#route_global_detail statistics:
#Cpu time = 00:04:06
#Elapsed time = 00:00:42
#Increased memory = -11.84 (MB)
#Total memory = 3226.73 (MB)
#Peak memory = 3803.40 (MB)
#Number of warnings = 4
#Total number of warnings = 21
#Number of fails = 0
#Total number of fails = 0
#Complete route_global_detail on Sat Jan  3 09:34:09 2026
#
#**INFO: auto set of droutePostRouteSwapVia to multiCut

route_global_detail

#Start route_global_detail on Sat Jan  3 09:34:09 2026
#
#Generating timing data, please wait...
#41048 total nets, 59 already routed, 59 will ignore in trialRoute
**WARN: (IMPEXT-3530):	The process node is not set. Use the command set_design_mode -process <process node> prior to extraction for maximum accuracy and optimal automatic threshold setting.
#View pruning: cpu time = 00:00:00, elapsed time = 00:00:00, memory = 3037.10 (MB), peak = 3803.40 (MB)
#Reporting timing...
###############################################################
#  Generated by:      Cadence Innovus 21.19-s058_1
#  OS:                Linux x86_64(Host ID il2225ht25_jcdavid)
#  Generated on:      Sat Jan  3 09:34:23 2026
#  Design:            Silago_top_left_corner
#  Command:           route_design
###############################################################
#Normalized TNS: -0.564 -> -0.028, r2r 0.000 -> 0.000, unit 1.000, clk period 20.000 (ns)
#Stage 1: cpu time = 00:00:37, elapsed time = 00:00:10, memory = 2837.19 (MB), peak = 3803.40 (MB)
#Library Standard Delay: 10.60ps
#Slack threshold: 21.20ps
#*** Analyzed 0 timing critical paths, and collected 0.
#Stage 2: cpu time = 00:00:03, elapsed time = 00:00:02, memory = 2837.38 (MB), peak = 3803.40 (MB)
#Stage 3: cpu time = 00:00:04, elapsed time = 00:00:04, memory = 3096.35 (MB), peak = 3803.40 (MB)
#Default setup view is reset to AVF_RCWORST.
#Stage 4: cpu time = 00:00:00, elapsed time = 00:00:00, memory = 3096.35 (MB), peak = 3803.40 (MB)
#Current view: AVF_RCWORST 
#Current enabled view: AVF_RCWORST 
#Generating timing data took: cpu time = 00:00:51, elapsed time = 00:00:18, memory = 3093.71 (MB), peak = 3803.40 (MB)
#Done generating timing data.
#WARNING (NRIG-1303) The congestion map does not match the GCELL grid. Clearing the map.
#num needed restored net=0
#need_extraction net=0 (total=42539)
#WARNING (NRDB-2005) SPECIAL_NET VSS has special wires but no definitions for instance pins or top level pins. This will cause routability problems later.
#WARNING (NRDB-2005) SPECIAL_NET VDD has special wires but no definitions for instance pins or top level pins. This will cause routability problems later.
#NanoRoute Version 21.19-s058_1 NR231113-0413/21_19-UB
#Start routing data preparation on Sat Jan  3 09:34:32 2026
#
#Minimum voltage of a net in the design = 0.000.
#Maximum voltage of a net in the design = 0.800.
#Voltage range [0.000 - 0.800] has 42506 nets.
#Voltage range [0.000 - 0.000] has 32 nets.
#Voltage range [0.720 - 0.800] has 1 net.
#Build and mark too close pins for the same net.
#Initial pin access analysis.
#Detail pin access analysis.
# M1           V   Track-Pitch = 0.10400    Line-2-Via Pitch = 0.08000
# M2           H   Track-Pitch = 0.08000    Line-2-Via Pitch = 0.08000
# C1           V   Track-Pitch = 0.09000    Line-2-Via Pitch = 0.09000
# C2           H   Track-Pitch = 0.09000    Line-2-Via Pitch = 0.09000
# C3           V   Track-Pitch = 0.09000    Line-2-Via Pitch = 0.09000
# C4           H   Track-Pitch = 0.09000    Line-2-Via Pitch = 0.09000
# BA           V   Track-Pitch = 0.18000    Line-2-Via Pitch = 0.18000
# BB           H   Track-Pitch = 0.18000    Line-2-Via Pitch = 0.18000
# JA           V   Track-Pitch = 0.90000    Line-2-Via Pitch = 0.90000
# JB           H   Track-Pitch = 0.90000    Line-2-Via Pitch = 0.90000
# LB           V   Track-Pitch = 3.60000    Line-2-Via Pitch = 4.50000
#WARNING (NRAG-44) Track pitch is too small compared with line-2-via pitch.
#Bottom routing layer index=1(M1), bottom routing layer for shielding=3(C1), bottom shield layer=3(C1)
#shield_bottom_stripe_layer=3(C1), shield_top_stripe_layer=11(LB)
#pin_access_rlayer=2(M2)
#shield_top_dpt_rlayer=2 top_rlayer=11 top_trim_metal_rlayer=-1 rlayer_lowest=3 bottom_rlayer=1
#enable_trim_layer_shield=F enable_dpt_layer_shield=F has_line_end_grid=F
#cpu time = 00:00:00, elapsed time = 00:00:00, memory = 3104.25 (MB), peak = 3803.40 (MB)
#Regenerating Ggrids automatically.
#Auto generating G-grids with size=15 tracks, using layer C1's pitch = 0.09000.
#Using automatically generated G-grids.
#Done routing data preparation.
#cpu time = 00:00:04, elapsed time = 00:00:04, memory = 3112.59 (MB), peak = 3803.40 (MB)
#Start instance access analysis using 8 threads...
#Set layer M1 to be advanced pin access layer.
#2 out of 38771(0.01%) instances may be difficult to be accessed due to several possibilities, such as power routing over or close to the pin, other pins next to it, or obstruction.
#0 instance pins are hard to access
#Instance access analysis statistics:
#Cpu time = 00:00:03
#Elapsed time = 00:00:01
#Increased memory = 10.55 (MB)
#Total memory = 3123.14 (MB)
#Peak memory = 3803.40 (MB)
#
#Summary of active signal nets routing constraints set by OPT:
#	preferred routing layers      : 0
#	preferred routing layer effort: 0
#	preferred extra space         : 0
#	preferred multi-cut via       : 0
#	avoid detour                  : 0
#	expansion ratio               : 0
#	net priority                  : 0
#	s2s control                   : 0
#	avoid chaining                : 0
#	inst-based stacking via       : 0
#
#Summary of active signal nets routing constraints set by USER:
#	preferred routing layers      : 0
#	preferred routing layer effort     : 0
#	preferred extra space              : 0
#	preferred multi-cut via            : 0
#	avoid detour                       : 0
#	net weight                         : 0
#	avoid chaining                     : 0
#	cell-based stacking via (required) : 0
#	cell-based stacking via (optional) : 0
#
#Start timing driven prevention iteration...
#
#----------------------------------------------------
# Summary of active signal nets routing constraints
#+--------------------------+-----------+
#+--------------------------+-----------+
#
#----------------------------------------------------
#Done timing-driven prevention
#cpu time = 00:00:00, elapsed time = 00:00:00, memory = 3126.02 (MB), peak = 3803.40 (MB)
#Total number of trivial nets (e.g. < 2 pins) = 1515 (skipped).
#Total number of routable nets = 41024.
#Total number of nets in the design = 42539.
#40965 routable nets do not have any wires.
#59 routable nets have routed wires.
#40965 nets will be global routed.
#59 detail routed (routable) nets have been constrained (e.g. have preferred extra spacing, require shielding etc.)
#Using multithreading with 8 threads.
#Minimum voltage of a net in the design = 0.000.
#Maximum voltage of a net in the design = 0.800.
#Voltage range [0.000 - 0.800] has 42506 nets.
#Voltage range [0.000 - 0.000] has 32 nets.
#Voltage range [0.720 - 0.800] has 1 net.
#Minimum voltage of a net in the design = 0.000.
#Maximum voltage of a net in the design = 0.800.
#Voltage range [0.000 - 0.800] has 42506 nets.
#Voltage range [0.000 - 0.000] has 32 nets.
#Voltage range [0.720 - 0.800] has 1 net.
#
#Finished routing data preparation on Sat Jan  3 09:34:37 2026
#
#Cpu time = 00:00:00
#Elapsed time = 00:00:00
#Increased memory = 0.01 (MB)
#Total memory = 3126.45 (MB)
#Peak memory = 3803.40 (MB)
#
#
#Start global routing on Sat Jan  3 09:34:37 2026
#
#
#Start global routing initialization on Sat Jan  3 09:34:37 2026
#
#Number of eco nets is 0
#
#Start global routing data preparation on Sat Jan  3 09:34:37 2026
#
#Start routing resource analysis on Sat Jan  3 09:34:37 2026
#
#Routing resource analysis is done on Sat Jan  3 09:34:37 2026
#
#  Resource Analysis:
#
#               Routing  #Avail      #Track     #Total     %Gcell
#  Layer      Direction   Track     Blocked      Gcell    Blocked
#  --------------------------------------------------------------
#  M1             V           0        1923       22052   100.00%
#  M2             H        1719         785       22052     0.00%
#  C1             V        2161          62       22052     0.67%
#  C2             H        2188          38       22052     0.00%
#  C3             V        2218           5       22052     0.67%
#  C4             H        2224           2       22052     0.00%
#  BA             V        1109           2       22052     0.67%
#  BB             H        1112           1       22052     0.00%
#  JA             V         221           1       22052     0.76%
#  JB             H           1         222       22052    99.33%
#  LB             V           0          55       22052   100.00%
#  --------------------------------------------------------------
#  Total                  12955      30.56%      242572    27.46%
#
#  59 nets (0.14%) with 1 preferred extra spacing.
#
#
#
#Global routing data preparation is done on Sat Jan  3 09:34:37 2026
#
#cpu time = 00:00:01, elapsed time = 00:00:00, memory = 3133.78 (MB), peak = 3803.40 (MB)
#
#
#Global routing initialization is done on Sat Jan  3 09:34:37 2026
#
#cpu time = 00:00:01, elapsed time = 00:00:00, memory = 3133.78 (MB), peak = 3803.40 (MB)
#
#Skip 1/3 round for no nets in the round...
#Skip 2/3 round for no nets in the round...
#Route nets in 3/3 round...
#start global routing iteration 1...
#cpu time = 00:01:07, elapsed time = 00:01:07, memory = 3210.93 (MB), peak = 3803.40 (MB)
#
#start global routing iteration 2...
#cpu time = 00:00:15, elapsed time = 00:00:15, memory = 3233.28 (MB), peak = 3803.40 (MB)
#
#
#Total number of trivial nets (e.g. < 2 pins) = 1515 (skipped).
#Total number of routable nets = 41024.
#Total number of nets in the design = 42539.
#
#41024 routable nets have routed wires.
#59 detail routed (routable) nets have been constrained (e.g. have preferred extra spacing, require shielding etc.)
#
#Routed nets constraints summary:
#-----------------------------
#        Rules   Unconstrained  
#-----------------------------
#      Default           40965  
#-----------------------------
#        Total           40965  
#-----------------------------
#
#Routing constraints summary of the whole design:
#------------------------------------------------
#        Rules   Pref Extra Space   Unconstrained  
#------------------------------------------------
#      Default                 59           40965  
#------------------------------------------------
#        Total                 59           40965  
#------------------------------------------------
#
#
#  Congestion Analysis: (blocked Gcells are excluded)
#
#                 OverCon       OverCon       OverCon       OverCon          
#                  #Gcell        #Gcell        #Gcell        #Gcell    %Gcell
#     Layer         (1-2)         (3-4)         (5-6)         (7-8)   OverCon
#  --------------------------------------------------------------------------
#  M2           68(0.31%)      4(0.02%)      1(0.00%)      0(0.00%)   (0.33%)
#  C1           20(0.09%)     18(0.08%)      3(0.01%)      2(0.01%)   (0.20%)
#  C2            3(0.01%)      0(0.00%)      0(0.00%)      0(0.00%)   (0.01%)
#  C3            7(0.03%)      0(0.00%)      0(0.00%)      0(0.00%)   (0.03%)
#  C4            0(0.00%)      0(0.00%)      0(0.00%)      0(0.00%)   (0.00%)
#  BA            0(0.00%)      0(0.00%)      0(0.00%)      0(0.00%)   (0.00%)
#  BB            0(0.00%)      0(0.00%)      0(0.00%)      0(0.00%)   (0.00%)
#  JA            0(0.00%)      0(0.00%)      0(0.00%)      0(0.00%)   (0.00%)
#  JB            0(0.00%)      0(0.00%)      0(0.00%)      0(0.00%)   (0.00%)
#  --------------------------------------------------------------------------
#     Total     98(0.06%)     22(0.01%)      4(0.00%)      2(0.00%)   (0.07%)
#
#  The worst congested Gcell overcon (routing demand over resource in number of tracks) = 8
#  Overflow after GR: 0.04% H + 0.03% V
#
#Hotspot report including placement blocked areas
[hotspot] +------------+---------------+---------------+-------------------------------------+
[hotspot] |   layer    |  max hotspot  | total hotspot |            hotspot bbox             |
[hotspot] +------------+---------------+---------------+-------------------------------------+
[hotspot] |   M1(V)    |          0.00 |          0.00 |   (none)                            |
[hotspot] |   M2(H)    |          0.44 |          0.44 |   189.39   122.84   194.51   127.96 |
[hotspot] |   C1(V)    |          9.78 |         18.44 |   107.47    -0.04   122.83     5.08 |
[hotspot] |   C2(H)    |          0.44 |          0.44 |    81.87    -0.04    86.99     5.08 |
[hotspot] |   C3(V)    |          0.44 |          0.44 |    81.87    -0.04    86.99     5.08 |
[hotspot] |   C4(H)    |          0.00 |          0.00 |   (none)                            |
[hotspot] |   BA(V)    |          0.00 |          0.00 |   (none)                            |
[hotspot] |   BB(H)    |          0.00 |          0.00 |   (none)                            |
[hotspot] |   JA(V)    |          0.00 |          0.00 |   (none)                            |
[hotspot] |   JB(H)    |          0.00 |          0.00 |   (none)                            |
[hotspot] |   LB(V)    |          0.00 |          0.00 |   (none)                            |
[hotspot] +------------+---------------+---------------+-------------------------------------+
[hotspot] |   worst    | (C1)     9.78 | (C1)    18.44 |                                     |
[hotspot] +------------+---------------+---------------+-------------------------------------+
[hotspot] | all layers |          5.11 |          6.89 |                                     |
[hotspot] +------------+---------------+---------------+-------------------------------------+
Local HotSpot Analysis (blockage included) (3d): normalized congestion max/total hotspot area = 5.11/6.89 (area is in unit of 4 std-cell row bins)
[hotspot] top 4 congestion hotspot bounding boxes and scores of all layers hotspot
[hotspot] +-----+-------------------------------------+---------------+
[hotspot] | top |            hotspot bbox             | hotspot score |
[hotspot] +-----+-------------------------------------+---------------+
[hotspot] |  1  |    84.43    -0.04    92.11     5.08 |        4.67   |
[hotspot] +-----+-------------------------------------+---------------+
[hotspot] |  2  |   110.03    -0.04   115.15     5.08 |        0.89   |
[hotspot] +-----+-------------------------------------+---------------+
[hotspot] |  3  |   115.15    -0.04   120.27     5.08 |        0.89   |
[hotspot] +-----+-------------------------------------+---------------+
[hotspot] |  4  |    79.31    -0.04    84.43     5.08 |        0.44   |
[hotspot] +-----+-------------------------------------+---------------+
#Complete Global Routing.
#Total number of nets with non-default rule or having extra spacing = 59
#Total wire length = 563598 um.
#Total half perimeter of net bounding box = 507494 um.
#Total wire length on LAYER M1 = 0 um.
#Total wire length on LAYER M2 = 81677 um.
#Total wire length on LAYER C1 = 137993 um.
#Total wire length on LAYER C2 = 107825 um.
#Total wire length on LAYER C3 = 127133 um.
#Total wire length on LAYER C4 = 61935 um.
#Total wire length on LAYER BA = 40008 um.
#Total wire length on LAYER BB = 4942 um.
#Total wire length on LAYER JA = 2086 um.
#Total wire length on LAYER JB = 0 um.
#Total wire length on LAYER LB = 0 um.
#Total number of vias = 264679
#Up-Via Summary (total 264679):
#           
#-----------------------
# M1             110398
# M2             103347
# C1              31820
# C2              12102
# C3               4518
# C4               1943
# BA                437
# BB                114
#-----------------------
#                264679 
#
#Total number of involved regular nets 8031
#Maximum src to sink distance  280.0
#Average of max src_to_sink distance  33.3
#Average of ave src_to_sink distance  24.0
#Max overcon = 8 tracks.
#Total overcon = 0.07%.
#Worst layer Gcell overcon rate = 0.20%.
#
#Global routing statistics:
#Cpu time = 00:01:25
#Elapsed time = 00:01:23
#Increased memory = 76.65 (MB)
#Total memory = 3203.10 (MB)
#Peak memory = 3803.40 (MB)
#
#Finished global routing on Sat Jan  3 09:36:00 2026
#
#
#Minimum voltage of a net in the design = 0.000.
#Maximum voltage of a net in the design = 0.800.
#Voltage range [0.000 - 0.800] has 42506 nets.
#Voltage range [0.000 - 0.000] has 32 nets.
#Voltage range [0.720 - 0.800] has 1 net.
#Minimum voltage of a net in the design = 0.000.
#Maximum voltage of a net in the design = 0.800.
#Voltage range [0.000 - 0.800] has 42506 nets.
#Voltage range [0.000 - 0.000] has 32 nets.
#Voltage range [0.720 - 0.800] has 1 net.
#cpu time = 00:00:00, elapsed time = 00:00:00, memory = 3199.62 (MB), peak = 3803.40 (MB)
#Minimum voltage of a net in the design = 0.000.
#Maximum voltage of a net in the design = 0.800.
#Voltage range [0.000 - 0.800] has 42506 nets.
#Voltage range [0.000 - 0.000] has 32 nets.
#Voltage range [0.720 - 0.800] has 1 net.
#Start Track Assignment.
#Done with 71277 horizontal wires in 5 hboxes and 69014 vertical wires in 5 hboxes.
#Done with 16089 horizontal wires in 5 hboxes and 11685 vertical wires in 5 hboxes.
#Done with 5 horizontal wires in 5 hboxes and 5 vertical wires in 5 hboxes.
#
#Track assignment summary:
# layer   (wire length)   (overlap)     (long ovlp)	(with obs/pg/clk)  
#------------------------------------------------------------------------
# M1             0.00 	  0.00%  	  0.00% 	  0.00%
# M2         81039.17 	  0.17%  	  0.00% 	  0.07%
# C1        131516.56 	  0.10%  	  0.00% 	  0.02%
# C2        102877.75 	  0.02%  	  0.00% 	  0.00%
# C3        126811.33 	  0.01%  	  0.00% 	  0.00%
# C4         61949.25 	  0.00%  	  0.00% 	  0.00%
# BA         40058.14 	  0.00%  	  0.00% 	  0.00%
# BB          4946.84 	  0.00%  	  0.00% 	  0.00%
# JA          2113.95 	  0.00%  	  0.00% 	  0.00%
# JB             0.00 	  0.00%  	  0.00% 	  0.00%
# LB             0.00 	  0.00%  	  0.00% 	  0.00%
#------------------------------------------------------------------------
# All      551312.99  	  0.06% 	  0.00% 	  0.00%
#Complete Track Assignment.
#Total number of nets with non-default rule or having extra spacing = 59
#Total wire length = 558445 um.
#Total half perimeter of net bounding box = 507494 um.
#Total wire length on LAYER M1 = 0 um.
#Total wire length on LAYER M2 = 79991 um.
#Total wire length on LAYER C1 = 135267 um.
#Total wire length on LAYER C2 = 107490 um.
#Total wire length on LAYER C3 = 126898 um.
#Total wire length on LAYER C4 = 61837 um.
#Total wire length on LAYER BA = 39957 um.
#Total wire length on LAYER BB = 4922 um.
#Total wire length on LAYER JA = 2083 um.
#Total wire length on LAYER JB = 0 um.
#Total wire length on LAYER LB = 0 um.
#Total number of vias = 264679
#Up-Via Summary (total 264679):
#           
#-----------------------
# M1             110398
# M2             103347
# C1              31820
# C2              12102
# C3               4518
# C4               1943
# BA                437
# BB                114
#-----------------------
#                264679 
#
#cpu time = 00:00:26, elapsed time = 00:00:13, memory = 3195.91 (MB), peak = 3803.40 (MB)
#
#number of short segments in preferred routing layers
#	
#	
#
#Start post global route fixing for timing critical nets ...
#
#* Updating design timing data...
#Extracting RC...
Un-suppress "**WARN ..." messages.
#
#Start tQuantus RC extraction...
#Finish check_net_pin_list step Enter extract_rc_after_routing
#Extract in track assign mode
#Minimum voltage of a net in the design = 0.000.
#Maximum voltage of a net in the design = 0.800.
#Voltage range [0.000 - 0.800] has 42506 nets.
#Voltage range [0.000 - 0.000] has 32 nets.
#Voltage range [0.720 - 0.800] has 1 net.
#Start building rc corner(s)...
#Number of RC Corner = 3
#Corner rc_typ /opt/pdk/gf22/V1.0_4.1/PEX/QRC/10M_2Mx_4Cx_2Bx_2Jx_LBthick/nominal/qrcTechFile 25.000000 (real) 
#Corner rc_best /opt/pdk/gf22/V1.0_4.1/PEX/QRC/10M_2Mx_4Cx_2Bx_2Jx_LBthick/FuncRCminDP/qrcTechFile 25.000000 (real) 
#Corner rc_worst /opt/pdk/gf22/V1.0_4.1/PEX/QRC/10M_2Mx_4Cx_2Bx_2Jx_LBthick/FuncRCmaxDP/qrcTechFile 25.000000 (real) 
#(i=11, n=11 2000)
#M1 -> M1 (1)
#M2 -> M2 (2)
#C1 -> C1 (3)
#C2 -> C2 (4)
#C3 -> C3 (5)
#C4 -> C4 (6)
#BA -> BA (7)
#BB -> BB (8)
#JA -> JA (9)
#JB -> JB (10)
#LB -> LB (11)
#SADV_On
# Corner(s) : 
#rc_typ [25.00] 
#rc_best [25.00] 
#rc_worst [25.00]
# Corner id: 0
# Layout Scale: 1.000000
# Has Metal Fill model: yes
# Temperature was set
# Temperature : 25.000000
# Ref. Temp   : 25.000000
# Corner id: 1
# Layout Scale: 1.000000
# Has Metal Fill model: yes
# Temperature was set
# Temperature : 25.000000
# Ref. Temp   : 25.000000
# Corner id: 2
# Layout Scale: 1.000000
# Has Metal Fill model: yes
# Temperature was set
# Temperature : 25.000000
# Ref. Temp   : 25.000000
#total pattern=286 [33, 2376]
#Generating the tQuantus model file automatically.
#num_tile=21570 avg_aspect_ratio=1.775073 
#Vertical num_row 51 per_row= 420 halo= 20000 
#hor_num_col = 147 final aspect_ratio= 0.540851
#Build RC corners: cpu time = 00:00:56, elapsed time = 00:00:57, memory = 3319.27 (MB), peak = 3803.40 (MB)
#Finish check_net_pin_list step Enter extract
#Start init net ripin tree building
#Finish init net ripin tree building
#Cpu time = 00:00:00
#Elapsed time = 00:00:00
#Increased memory = 0.00 (MB)
#Total memory = 3331.93 (MB)
#Peak memory = 3803.40 (MB)
#Using multithreading with 8 threads.
#begin processing metal fill model file
#end processing metal fill model file
#Minimum voltage of a net in the design = 0.000.
#Maximum voltage of a net in the design = 0.800.
#Voltage range [0.000 - 0.800] has 42506 nets.
#Voltage range [0.000 - 0.000] has 32 nets.
#Voltage range [0.720 - 0.800] has 1 net.
#Minimum voltage of a net in the design = 0.000.
#Maximum voltage of a net in the design = 0.800.
#Voltage range [0.000 - 0.800] has 42506 nets.
#Voltage range [0.000 - 0.000] has 32 nets.
#Voltage range [0.720 - 0.800] has 1 net.
#Minimum voltage of a net in the design = 0.000.
#Maximum voltage of a net in the design = 0.800.
#Voltage range [0.000 - 0.800] has 42506 nets.
#Voltage range [0.000 - 0.000] has 32 nets.
#Voltage range [0.720 - 0.800] has 1 net.
#
#Start Post Track Assignment Wire Spread.
#Done with 20057 horizontal wires in 5 hboxes and 24226 vertical wires in 5 hboxes.
#Complete Post Track Assignment Wire Spread.
#
#Length limit = 200 pitches
#opt mode = 2
#Minimum voltage of a net in the design = 0.000.
#Maximum voltage of a net in the design = 0.800.
#Voltage range [0.000 - 0.800] has 42506 nets.
#Voltage range [0.000 - 0.000] has 32 nets.
#Voltage range [0.720 - 0.800] has 1 net.
#Minimum voltage of a net in the design = 0.000.
#Maximum voltage of a net in the design = 0.800.
#Voltage range [0.000 - 0.800] has 42506 nets.
#Voltage range [0.000 - 0.000] has 32 nets.
#Voltage range [0.720 - 0.800] has 1 net.
#Finish check_net_pin_list step Fix net pin list
#Start generate extraction boxes.
#
#Extract using 30 x 30 Hboxes
#6x6 initial hboxes
#Use area based hbox pruning.
#0/0 hboxes pruned.
#Complete generating extraction boxes.
#Extract 25 hboxes with 8 threads on machine with  Xeon 3.38GHz 30720KB Cache 48CPU...
#Process 0 special clock nets for rc extraction
#Total 41024 nets were built. 8386 nodes added to break long wires. 0 net(s) have incomplete routes.
#Run Statistics for Extraction:
#   Cpu time = 00:00:18, elapsed time = 00:00:04 .
#   Increased memory =   332.30 (MB), total memory =  3664.17 (MB), peak memory =  3803.40 (MB)
#
#Scale RC for track assignment: res 1.000000; cap 1.000000; clk res 1.000000; clk cap 1.000000, xcap 1.000000
#Simplify RC tree: cpu time = 00:00:00, elapsed time = 00:00:00, memory = 3387.94 (MB), peak = 3803.40 (MB)
#RC Statistics: 0 Res, 138311 Ground Cap, 0 XCap (Edge to Edge)
#Register nets and terms for rcdb /tmp/innovus_temp_984351_il2225ht25_jcdavid_jcdavid_r35Zw9/nr984351_00QJBZ.rcdb.d
#Finish registering nets and terms for rcdb.
#Start writing RC data.
#Finish writing RC data
#Finish writing rcdb with 293765 nodes, 252741 edges, and 0 xcaps
#8386 inserted nodes are removed
#Restored 0 tie nets, 0 tie snets, 0 partial nets
#Minimum voltage of a net in the design = 0.000.
#Maximum voltage of a net in the design = 0.800.
#Voltage range [0.000 - 0.800] has 42506 nets.
#Voltage range [0.000 - 0.000] has 32 nets.
#Voltage range [0.720 - 0.800] has 1 net.
#Minimum voltage of a net in the design = 0.000.
#Maximum voltage of a net in the design = 0.800.
#Voltage range [0.000 - 0.800] has 42506 nets.
#Voltage range [0.000 - 0.000] has 32 nets.
#Voltage range [0.720 - 0.800] has 1 net.
#Minimum voltage of a net in the design = 0.000.
#Maximum voltage of a net in the design = 0.800.
#Voltage range [0.000 - 0.800] has 42506 nets.
#Voltage range [0.000 - 0.000] has 32 nets.
#Voltage range [0.720 - 0.800] has 1 net.
#Remove Post Track Assignment Wire Spread
Restoring parasitic data from file '/tmp/innovus_temp_984351_il2225ht25_jcdavid_jcdavid_r35Zw9/nr984351_00QJBZ.rcdb.d' ...
Reading RCDB with compressed RC data.
Reading RCDB with compressed RC data.
Begin read_parasitics... (cpu: 0:00:00.0 real: 0:00:00.0 mem: 5503.973M)
Following multi-corner parasitics specified:
	/tmp/innovus_temp_984351_il2225ht25_jcdavid_jcdavid_r35Zw9/nr984351_00QJBZ.rcdb.d (rcdb)
Reading RCDB with compressed RC data.
		Cell Silago_top_left_corner has rcdb /tmp/innovus_temp_984351_il2225ht25_jcdavid_jcdavid_r35Zw9/nr984351_00QJBZ.rcdb.d specified
Cell Silago_top_left_corner, hinst 
Reading RCDB with compressed RC data.
Done read_parasitics... (cpu: 0:00:01.1 real: 0:00:01.0 mem: 5503.973M)
#
#Restore RCDB.
#Minimum voltage of a net in the design = 0.000.
#Maximum voltage of a net in the design = 0.800.
#Voltage range [0.000 - 0.800] has 42506 nets.
#Voltage range [0.000 - 0.000] has 32 nets.
#Voltage range [0.720 - 0.800] has 1 net.
#Minimum voltage of a net in the design = 0.000.
#Maximum voltage of a net in the design = 0.800.
#Voltage range [0.000 - 0.800] has 42506 nets.
#Voltage range [0.000 - 0.000] has 32 nets.
#Voltage range [0.720 - 0.800] has 1 net.
#Minimum voltage of a net in the design = 0.000.
#Maximum voltage of a net in the design = 0.800.
#Voltage range [0.000 - 0.800] has 42506 nets.
#Voltage range [0.000 - 0.000] has 32 nets.
#Voltage range [0.720 - 0.800] has 1 net.
#Remove Post Track Assignment Wire Spread
#
#Complete tQuantus RC extraction.
#Cpu time = 00:01:35
#Elapsed time = 00:01:14
#Increased memory = 162.26 (MB)
#Total memory = 3359.15 (MB)
#Peak memory = 3803.40 (MB)
#
Un-suppress "**WARN ..." messages.
#RC Extraction Completed...
AAE_INFO: switching -siAware from false to true ...
AAE_INFO: The setting is changed from false to true in setDelayCalMode -SIAware
#Reporting timing...
###############################################################
#  Generated by:      Cadence Innovus 21.19-s058_1
#  OS:                Linux x86_64(Host ID il2225ht25_jcdavid)
#  Generated on:      Sat Jan  3 09:37:37 2026
#  Design:            Silago_top_left_corner
#  Command:           route_design
###############################################################
#Normalized TNS: -4.047 -> -0.202, r2r 0.000 -> 0.000, unit 1.000, clk period 20.000 (ns)
#Stage 1: cpu time = 00:00:47, elapsed time = 00:00:10, memory = 3373.43 (MB), peak = 3803.40 (MB)
#Library Standard Delay: 10.60ps
#Slack threshold: 0.00ps
#*** Analyzed 0 timing critical paths, and collected 0.
#Stage 2: cpu time = 00:00:02, elapsed time = 00:00:01, memory = 3373.66 (MB), peak = 3803.40 (MB)
#Stage 3: cpu time = 00:00:00, elapsed time = 00:00:00, memory = 3374.93 (MB), peak = 3803.40 (MB)
Worst slack reported in the design = 19085.156250 (late)

*** writeDesignTiming (0:00:05.7) ***
#Stage 4: cpu time = 00:00:06, elapsed time = 00:00:06, memory = 3375.34 (MB), peak = 3803.40 (MB)
Un-suppress "**WARN ..." messages.
#Number of victim nets: 0
#Number of aggressor nets: 0
#Number of weak nets: 0
#Number of critical nets: 0
#	level 1 [   0.0, -1000.0]: 0 nets
#	level 2 [   0.0, -1000.0]: 0 nets
#	level 3 [   0.0, -1000.0]: 0 nets
#Total number of nets: 41024
#Total number of significant detoured timing critical nets is 0
#Total number of selected detoured timing critical nets is 0
#
#----------------------------------------------------
# Summary of active signal nets routing constraints
#+--------------------------+-----------+
#+--------------------------+-----------+
#
#----------------------------------------------------
Current (total cpu=0:57:48, real=0:18:36, peak res=3803.4M, current mem=3191.6M)
Silago_top_left_corner
Ending "Constraint file reading stats" (total cpu=0:00:00.8, real=0:00:00.0, peak res=3205.5M, current mem=3205.5M)
Current (total cpu=0:57:49, real=0:18:36, peak res=3803.4M, current mem=3205.5M)
Current (total cpu=0:57:49, real=0:18:37, peak res=3803.4M, current mem=3205.5M)
Silago_top_left_corner
Ending "Constraint file reading stats" (total cpu=0:00:00.7, real=0:00:00.0, peak res=3205.8M, current mem=3205.8M)
Current (total cpu=0:57:50, real=0:18:37, peak res=3803.4M, current mem=3205.8M)
Current (total cpu=0:57:50, real=0:18:38, peak res=3803.4M, current mem=3205.8M)
Silago_top_left_corner
Ending "Constraint file reading stats" (total cpu=0:00:00.7, real=0:00:00.0, peak res=3206.1M, current mem=3206.1M)
Current (total cpu=0:57:51, real=0:18:39, peak res=3803.4M, current mem=3206.1M)
#Minimum voltage of a net in the design = 0.000.
#Maximum voltage of a net in the design = 0.800.
#Voltage range [0.000 - 0.800] has 42506 nets.
#Voltage range [0.000 - 0.000] has 32 nets.
#Voltage range [0.720 - 0.800] has 1 net.
#Minimum voltage of a net in the design = 0.000.
#Maximum voltage of a net in the design = 0.800.
#Voltage range [0.000 - 0.800] has 42506 nets.
#Voltage range [0.000 - 0.000] has 32 nets.
#Voltage range [0.720 - 0.800] has 1 net.
#cpu time = 00:00:00, elapsed time = 00:00:00, memory = 3206.17 (MB), peak = 3803.40 (MB)
#* Importing design timing data...
#Number of victim nets: 0
#Number of aggressor nets: 0
#Number of weak nets: 0
#Number of critical nets: 0
#	level 1 [   0.0, -1000.0]: 0 nets
#	level 2 [   0.0, -1000.0]: 0 nets
#	level 3 [   0.0, -1000.0]: 0 nets
#Total number of nets: 41024
#Minimum voltage of a net in the design = 0.000.
#Maximum voltage of a net in the design = 0.800.
#Voltage range [0.000 - 0.800] has 42506 nets.
#Voltage range [0.000 - 0.000] has 32 nets.
#Voltage range [0.720 - 0.800] has 1 net.
#
#timing driven effort level: 3
#Start Track Assignment With Timing Driven.
#Done with 2141 horizontal wires in 5 hboxes and 2170 vertical wires in 5 hboxes.
#Done with 526 horizontal wires in 5 hboxes and 718 vertical wires in 5 hboxes.
#Done with 5 horizontal wires in 5 hboxes and 5 vertical wires in 5 hboxes.
#
#Track assignment summary:
# layer   (wire length)   (overlap)     (long ovlp)	(with obs/pg/clk)  
#------------------------------------------------------------------------
# M1             0.00 	  0.00%  	  0.00% 	  0.00%
# M2         80926.41 	  0.15%  	  0.00% 	  0.07%
# C1        131485.25 	  0.09%  	  0.00% 	  0.02%
# C2        102867.18 	  0.01%  	  0.00% 	  0.00%
# C3        126809.41 	  0.01%  	  0.00% 	  0.00%
# C4         61948.41 	  0.00%  	  0.00% 	  0.00%
# BA         40058.86 	  0.01%  	  0.00% 	  0.00%
# BB          4946.84 	  0.00%  	  0.00% 	  0.00%
# JA          2113.23 	  0.00%  	  0.00% 	  0.00%
# JB             0.00 	  0.00%  	  0.00% 	  0.00%
# LB             0.00 	  0.00%  	  0.00% 	  0.00%
#------------------------------------------------------------------------
# All      551155.59  	  0.05% 	  0.00% 	  0.00%
#Complete Track Assignment With Timing Driven.
#Total number of nets with non-default rule or having extra spacing = 59
#Total wire length = 558251 um.
#Total half perimeter of net bounding box = 507494 um.
#Total wire length on LAYER M1 = 0 um.
#Total wire length on LAYER M2 = 79858 um.
#Total wire length on LAYER C1 = 135230 um.
#Total wire length on LAYER C2 = 107471 um.
#Total wire length on LAYER C3 = 126894 um.
#Total wire length on LAYER C4 = 61836 um.
#Total wire length on LAYER BA = 39958 um.
#Total wire length on LAYER BB = 4922 um.
#Total wire length on LAYER JA = 2082 um.
#Total wire length on LAYER JB = 0 um.
#Total wire length on LAYER LB = 0 um.
#Total number of vias = 264679
#Up-Via Summary (total 264679):
#           
#-----------------------
# M1             110398
# M2             103347
# C1              31820
# C2              12102
# C3               4518
# C4               1943
# BA                437
# BB                114
#-----------------------
#                264679 
#
#cpu time = 00:00:14, elapsed time = 00:00:07, memory = 3206.64 (MB), peak = 3803.40 (MB)
#
#Routing data preparation, pin analysis, global routing and track assignment statistics:
#Cpu time = 00:04:56
#Elapsed time = 00:03:29
#Increased memory = 108.26 (MB)
#Total memory = 3206.71 (MB)
#Peak memory = 3803.40 (MB)
#Using multithreading with 8 threads.
#Minimum voltage of a net in the design = 0.000.
#Maximum voltage of a net in the design = 0.800.
#Voltage range [0.000 - 0.800] has 42506 nets.
#Voltage range [0.000 - 0.000] has 32 nets.
#Voltage range [0.720 - 0.800] has 1 net.
#Minimum voltage of a net in the design = 0.000.
#Maximum voltage of a net in the design = 0.800.
#Voltage range [0.000 - 0.800] has 42506 nets.
#Voltage range [0.000 - 0.000] has 32 nets.
#Voltage range [0.720 - 0.800] has 1 net.
#Minimum voltage of a net in the design = 0.000.
#Maximum voltage of a net in the design = 0.800.
#Voltage range [0.000 - 0.800] has 42506 nets.
#Voltage range [0.000 - 0.000] has 32 nets.
#Voltage range [0.720 - 0.800] has 1 net.
#Minimum voltage of a net in the design = 0.000.
#Maximum voltage of a net in the design = 0.800.
#Voltage range [0.000 - 0.800] has 42506 nets.
#Voltage range [0.000 - 0.000] has 32 nets.
#Voltage range [0.720 - 0.800] has 1 net.
#Start reading timing information from file .timing_file_984351.tif.gz ...
#Read in timing information for 1934 ports, 38770 instances from timing file .timing_file_984351.tif.gz.
#
#Start Detail Routing..
#start initial detail routing ...
#   number of violations = 103
#
#    By Layer and Type :
#	          Short    Color EOLColor      Mar   C2MCon      Enc   Others   Totals
#	M1            4        2        0        0        2        3        1       12
#	M2           12       11        7        1        9       12       13       65
#	C1           11        0        0        5        0        0        7       23
#	C2            1        0        0        0        0        0        0        1
#	C3            1        0        0        0        0        0        0        1
#	C4            0        0        0        0        0        0        0        0
#	BA            0        0        0        0        0        0        0        0
#	BB            0        0        0        0        0        0        1        1
#	Totals       29       13        7        6       11       15       22      103
#cpu time = 00:13:38, elapsed time = 00:01:44, memory = 3369.48 (MB), peak = 4169.99 (MB)
#start 1st optimization iteration ...
#   number of violations = 22
#
#    By Layer and Type :
#	         MetSpc    Notch    Short   MinStp    Color      Enc   Others   Totals
#	M1            0        0        4        0        2        0        0        6
#	M2            2        2        1        2        3        3        0       13
#	C1            0        0        1        0        0        0        2        3
#	Totals        2        2        6        2        5        3        2       22
#    number of process antenna violations = 99
#cpu time = 00:00:12, elapsed time = 00:00:03, memory = 3360.90 (MB), peak = 4169.99 (MB)
#start 2nd optimization iteration ...
#   number of violations = 29
#
#    By Layer and Type :
#	         MetSpc    Notch    Short   MinStp    Color   C2MCon      Enc   Totals
#	M1            0        0        2        0        2        4        3       11
#	M2            2        3        2        4        5        0        1       17
#	C1            0        0        1        0        0        0        0        1
#	Totals        2        3        5        4        7        4        4       29
#    number of process antenna violations = 99
#cpu time = 00:00:02, elapsed time = 00:00:01, memory = 3359.99 (MB), peak = 4169.99 (MB)
#start 3rd optimization iteration ...
#   number of violations = 18
#
#    By Layer and Type :
#	         MetSpc    Notch    Short   MinStp    Color      Enc   Others   Totals
#	M1            0        0        2        0        2        1        1        6
#	M2            2        2        1        2        2        1        1       11
#	C1            0        0        0        0        0        0        1        1
#	Totals        2        2        3        2        4        2        3       18
#    number of process antenna violations = 99
#cpu time = 00:00:03, elapsed time = 00:00:02, memory = 3359.15 (MB), peak = 4169.99 (MB)
#start 4th optimization iteration ...
#   number of violations = 29
#
#    By Layer and Type :
#	          Notch    Short   MinStp    Color   C2MCon      Enc   Others   Totals
#	M1            0        1        0        2        4        3        0       10
#	M2            3        2        3        4        0        3        4       19
#	Totals        3        3        3        6        4        6        4       29
#    number of process antenna violations = 99
#cpu time = 00:00:04, elapsed time = 00:00:02, memory = 3359.12 (MB), peak = 4169.99 (MB)
#start 5th optimization iteration ...
#   number of violations = 17
#
#    By Layer and Type :
#	         MetSpc    Notch    Short   MinStp    Color   C2MCon      Enc   Totals
#	M1            0        0        2        0        2        1        1        6
#	M2            2        2        2        2        2        0        1       11
#	Totals        2        2        4        2        4        1        2       17
#    number of process antenna violations = 99
#cpu time = 00:00:05, elapsed time = 00:00:04, memory = 3358.54 (MB), peak = 4169.99 (MB)
#start 6th optimization iteration ...
#   number of violations = 29
#
#    By Layer and Type :
#	          Notch    Short   MinStp    Color   C2MCon      Enc   Others   Totals
#	M1            0        1        0        2        3        2        0        8
#	M2            4        2        4        4        0        3        3       20
#	C1            0        0        0        0        0        0        1        1
#	Totals        4        3        4        6        3        5        4       29
#    number of process antenna violations = 99
#cpu time = 00:00:05, elapsed time = 00:00:03, memory = 3359.06 (MB), peak = 4169.99 (MB)
#start 7th optimization iteration ...
#   number of violations = 19
#
#    By Layer and Type :
#	         MetSpc    Short    Color      Mar   C2MCon      Enc   Others   Totals
#	M1            0        3        2        0        2        2        0        9
#	M2            2        1        2        1        0        1        3       10
#	Totals        2        4        4        1        2        3        3       19
#    number of process antenna violations = 99
#cpu time = 00:00:02, elapsed time = 00:00:02, memory = 3358.24 (MB), peak = 4169.99 (MB)
#start 8th optimization iteration ...
#   number of violations = 28
#
#    By Layer and Type :
#	          Notch    Short   MinStp    Color   C2MCon      Enc   Others   Totals
#	M1            0        1        0        2        3        2        0        8
#	M2            2        2        3        6        0        3        4       20
#	Totals        2        3        3        8        3        5        4       28
#    number of process antenna violations = 99
#cpu time = 00:00:02, elapsed time = 00:00:01, memory = 3358.08 (MB), peak = 4169.99 (MB)
#start 9th optimization iteration ...
#   number of violations = 18
#
#    By Layer and Type :
#	         MetSpc    Notch    Short    Color      Mar      Enc   Others   Totals
#	M1            0        0        3        1        0        1        1        6
#	M2            2        1        1        2        1        3        2       12
#	Totals        2        1        4        3        1        4        3       18
#    number of process antenna violations = 99
#cpu time = 00:00:02, elapsed time = 00:00:02, memory = 3358.64 (MB), peak = 4169.99 (MB)
#start 10th optimization iteration ...
#   number of violations = 27
#
#    By Layer and Type :
#	          Short   MinStp    Color      Mar   C2MCon      Enc   Others   Totals
#	M1            0        0        1        0        3        3        0        7
#	M2            3        3        4        2        0        4        4       20
#	Totals        3        3        5        2        3        7        4       27
#    number of process antenna violations = 99
#cpu time = 00:00:03, elapsed time = 00:00:01, memory = 3358.04 (MB), peak = 4169.99 (MB)
#start 11th optimization iteration ...
#   number of violations = 26
#
#    By Layer and Type :
#	          Notch    Short   MinStp    Color   C2MCon      Enc   Others   Totals
#	M1            0        0        0        2        4        3        0        9
#	M2            2        3        3        4        0        2        3       17
#	Totals        2        3        3        6        4        5        3       26
#    number of process antenna violations = 99
#cpu time = 00:00:04, elapsed time = 00:00:03, memory = 3358.36 (MB), peak = 4169.99 (MB)
#start 12th optimization iteration ...
#   number of violations = 32
#
#    By Layer and Type :
#	         MetSpc    Notch   MinStp    Color   C2MCon      Enc   Others   Totals
#	M1            0        0        0        2        4        3        0        9
#	M2            4        4        4        4        0        3        3       22
#	C1            0        0        0        0        0        0        0        0
#	C2            0        0        0        0        0        0        1        1
#	Totals        4        4        4        6        4        6        4       32
#    number of process antenna violations = 99
#cpu time = 00:00:05, elapsed time = 00:00:03, memory = 3358.13 (MB), peak = 4169.99 (MB)
#start 13th optimization iteration ...
#   number of violations = 28
#
#    By Layer and Type :
#	         MetSpc    Short   MinStp    Color   C2MCon      Enc   Others   Totals
#	M1            0        0        0        2        3        3        0        8
#	M2            2        3        3        4        0        3        5       20
#	Totals        2        3        3        6        3        6        5       28
#    number of process antenna violations = 99
#cpu time = 00:00:03, elapsed time = 00:00:02, memory = 3357.16 (MB), peak = 4169.99 (MB)
#start 14th optimization iteration ...
#   number of violations = 27
#
#    By Layer and Type :
#	          Notch    Short    Color      Mar   C2MCon      Enc   Others   Totals
#	M1            0        0        2        0        4        4        0       10
#	M2            2        3        4        2        0        2        4       17
#	Totals        2        3        6        2        4        6        4       27
#    number of process antenna violations = 99
#cpu time = 00:00:02, elapsed time = 00:00:01, memory = 3356.71 (MB), peak = 4169.99 (MB)
#start 15th optimization iteration ...
#   number of violations = 32
#
#    By Layer and Type :
#	          Notch    Short   MinStp    Color   C2MCon      Enc   Others   Totals
#	M1            0        0        0        2        4        4        0       10
#	M2            3        3        4        4        0        2        4       20
#	C1            0        0        0        0        0        0        2        2
#	Totals        3        3        4        6        4        6        6       32
#    number of process antenna violations = 99
#cpu time = 00:00:02, elapsed time = 00:00:02, memory = 3357.64 (MB), peak = 4169.99 (MB)
#start 16th optimization iteration ...
#   number of violations = 28
#
#    By Layer and Type :
#	          Notch    Short   MinStp    Color   C2MCon      Enc   Others   Totals
#	M1            0        0        0        2        4        4        0       10
#	M2            2        3        3        4        0        2        4       18
#	Totals        2        3        3        6        4        6        4       28
#    number of process antenna violations = 99
#cpu time = 00:00:04, elapsed time = 00:00:02, memory = 3357.20 (MB), peak = 4169.99 (MB)
#start 17th optimization iteration ...
#   number of violations = 34
#
#    By Layer and Type :
#	         MetSpc    Short   MinStp    Color   C2MCon      Enc   Others   Totals
#	M1            0        0        0        2        4        3        0        9
#	M2            4        3        4        3        0        2        4       20
#	C1            1        0        0        0        0        0        3        4
#	C2            0        0        0        0        0        0        1        1
#	Totals        5        3        4        5        4        5        8       34
#    number of process antenna violations = 99
#cpu time = 00:00:04, elapsed time = 00:00:03, memory = 3357.43 (MB), peak = 4169.99 (MB)
#start 18th optimization iteration ...
#   number of violations = 27
#
#    By Layer and Type :
#	          Notch    Short   MinStp    Color   C2MCon      Enc   Others   Totals
#	M1            0        0        0        2        4        3        0        9
#	M2            3        3        4        3        0        2        3       18
#	Totals        3        3        4        5        4        5        3       27
#    number of process antenna violations = 99
#cpu time = 00:00:06, elapsed time = 00:00:03, memory = 3357.37 (MB), peak = 4169.99 (MB)
#start 19th optimization iteration ...
#   number of violations = 33
#
#    By Layer and Type :
#	          Notch    Short   MinStp    Color   C2MCon      Enc   Others   Totals
#	M1            0        0        0        2        4        4        0       10
#	M2            3        3        4        4        1        3        3       21
#	C1            0        0        0        0        0        0        2        2
#	Totals        3        3        4        6        5        7        5       33
#    number of process antenna violations = 99
#cpu time = 00:00:03, elapsed time = 00:00:03, memory = 3357.22 (MB), peak = 4169.99 (MB)
#start 20th optimization iteration ...
#   number of violations = 31
#
#    By Layer and Type :
#	          Notch    Short   MinStp    Color   C2MCon      Enc   Others   Totals
#	M1            0        0        0        2        3        3        0        8
#	M2            2        3        3        4        0        3        4       19
#	C1            0        1        0        0        0        0        3        4
#	Totals        2        4        3        6        3        6        7       31
#    number of process antenna violations = 99
#cpu time = 00:00:03, elapsed time = 00:00:02, memory = 3356.58 (MB), peak = 4169.99 (MB)
#start 21th optimization iteration ...
#   number of violations = 33
#
#    By Layer and Type :
#	          Notch    Short   MinStp    Color   C2MCon      Enc   Others   Totals
#	M1            0        0        0        2        3        3        0        8
#	M2            3        3        4        7        0        3        3       23
#	C1            0        1        0        0        0        0        1        2
#	Totals        3        4        4        9        3        6        4       33
#    number of process antenna violations = 99
#cpu time = 00:00:03, elapsed time = 00:00:02, memory = 3357.47 (MB), peak = 4169.99 (MB)
#start 22th optimization iteration ...
#   number of violations = 27
#
#    By Layer and Type :
#	         MetSpc    Notch    Short    Color   C2MCon      Enc   Others   Totals
#	M1            0        0        0        2        3        3        0        8
#	M2            4        2        3        4        0        3        3       19
#	Totals        4        2        3        6        3        6        3       27
#    number of process antenna violations = 99
#cpu time = 00:00:03, elapsed time = 00:00:02, memory = 3357.24 (MB), peak = 4169.99 (MB)
#start 23th optimization iteration ...
#   number of violations = 23
#
#    By Layer and Type :
#	         MetSpc    Notch    Short   MinStp    Color   C2MCon      Enc   Totals
#	M1            0        0        0        0        2        3        2        7
#	M2            2        2        3        2        4        0        3       16
#	Totals        2        2        3        2        6        3        5       23
#    number of process antenna violations = 99
#cpu time = 00:00:04, elapsed time = 00:00:04, memory = 3357.16 (MB), peak = 4169.99 (MB)
#start 24th optimization iteration ...
#   number of violations = 26
#
#    By Layer and Type :
#	          Notch    Short   MinStp    Color   C2MCon      Enc   Others   Totals
#	M1            0        0        0        2        4        3        0        9
#	M2            2        3        3        4        0        2        3       17
#	Totals        2        3        3        6        4        5        3       26
#    number of process antenna violations = 99
#cpu time = 00:00:05, elapsed time = 00:00:03, memory = 3357.63 (MB), peak = 4169.99 (MB)
#start 25th optimization iteration ...
#   number of violations = 28
#
#    By Layer and Type :
#	          Notch    Short   MinStp    Color   C2MCon      Enc   Others   Totals
#	M1            0        0        0        2        4        4        0       10
#	M2            2        3        3        5        0        1        4       18
#	Totals        2        3        3        7        4        5        4       28
#    number of process antenna violations = 99
#cpu time = 00:00:03, elapsed time = 00:00:02, memory = 3358.07 (MB), peak = 4169.99 (MB)
#start 26th optimization iteration ...
#   number of violations = 30
#
#    By Layer and Type :
#	          Short   MinStp    Color      Mar   C2MCon      Enc   Others   Totals
#	M1            0        0        2        0        3        3        0        8
#	M2            3        3        4        2        0        3        4       19
#	C1            0        0        0        0        0        0        3        3
#	Totals        3        3        6        2        3        6        7       30
#    number of process antenna violations = 99
#cpu time = 00:00:03, elapsed time = 00:00:02, memory = 3357.16 (MB), peak = 4169.99 (MB)
#start 27th optimization iteration ...
#   number of violations = 30
#
#    By Layer and Type :
#	         MetSpc    Notch    Short   MinStp    Color      Enc   Others   Totals
#	M1            0        0        0        0        2        3        3        8
#	M2            4        3        3        3        4        4        1       22
#	Totals        4        3        3        3        6        7        4       30
#    number of process antenna violations = 99
#cpu time = 00:00:04, elapsed time = 00:00:03, memory = 3357.74 (MB), peak = 4169.99 (MB)
#start 28th optimization iteration ...
#   number of violations = 29
#
#    By Layer and Type :
#	          Notch    Short   MinStp    Color   C2MCon      Enc   Others   Totals
#	M1            0        0        0        2        4        4        0       10
#	M2            3        3        3        4        0        3        3       19
#	Totals        3        3        3        6        4        7        3       29
#    number of process antenna violations = 99
#cpu time = 00:00:04, elapsed time = 00:00:02, memory = 3356.61 (MB), peak = 4169.99 (MB)
#start 29th optimization iteration ...
#   number of violations = 26
#
#    By Layer and Type :
#	         MetSpc    Notch    Short   MinStp    Color   C2MCon      Enc   Totals
#	M1            0        0        0        0        2        3        2        7
#	M2            2        3        3        4        4        0        3       19
#	Totals        2        3        3        4        6        3        5       26
#    number of process antenna violations = 99
#cpu time = 00:00:04, elapsed time = 00:00:04, memory = 3357.61 (MB), peak = 4169.99 (MB)
#start 30th optimization iteration ...
#   number of violations = 28
#
#    By Layer and Type :
#	          Notch    Short   MinStp    Color   C2MCon      Enc   Others   Totals
#	M1            0        0        0        2        3        2        0        7
#	M2            3        3        4        4        0        3        2       19
#	C1            0        0        0        0        0        0        2        2
#	Totals        3        3        4        6        3        5        4       28
#    number of process antenna violations = 99
#cpu time = 00:00:05, elapsed time = 00:00:03, memory = 3357.53 (MB), peak = 4169.99 (MB)
#start 31th optimization iteration ...
#   number of violations = 31
#
#    By Layer and Type :
#	          Notch    Short   MinStp    Color   C2MCon      Enc   Others   Totals
#	M1            0        0        0        2        4        3        0        9
#	M2            3        3        4        3        1        2        4       20
#	C1            0        1        0        0        0        0        1        2
#	Totals        3        4        4        5        5        5        5       31
#    number of process antenna violations = 99
#cpu time = 00:00:06, elapsed time = 00:00:05, memory = 3356.16 (MB), peak = 4169.99 (MB)
#start 32th optimization iteration ...
#   number of violations = 33
#
#    By Layer and Type :
#	         MetSpc    Notch   MinStp    Color   C2MCon      Enc   Others   Totals
#	M1            0        0        0        2        4        3        0        9
#	M2            6        3        4        4        0        3        4       24
#	Totals        6        3        4        6        4        6        4       33
#    number of process antenna violations = 99
#cpu time = 00:00:04, elapsed time = 00:00:02, memory = 3357.52 (MB), peak = 4169.99 (MB)
#start 33th optimization iteration ...
#   number of violations = 28
#
#    By Layer and Type :
#	         MetSpc    Short   MinStp    Color   C2MCon      Enc   Others   Totals
#	M1            0        0        0        2        4        3        0        9
#	M2            2        3        3        4        0        2        3       17
#	C1            0        0        0        0        0        0        2        2
#	Totals        2        3        3        6        4        5        5       28
#    number of process antenna violations = 99
#cpu time = 00:00:06, elapsed time = 00:00:05, memory = 3358.10 (MB), peak = 4169.99 (MB)
#start 34th optimization iteration ...
#   number of violations = 28
#
#    By Layer and Type :
#	          Notch    Short   MinStp    Color   C2MCon      Enc   Others   Totals
#	M1            0        0        0        2        3        2        0        7
#	M2            3        3        4        4        0        4        3       21
#	Totals        3        3        4        6        3        6        3       28
#    number of process antenna violations = 99
#cpu time = 00:00:06, elapsed time = 00:00:03, memory = 3357.23 (MB), peak = 4169.99 (MB)
#start 35th optimization iteration ...
#   number of violations = 28
#
#    By Layer and Type :
#	          Notch    Short   MinStp    Color   C2MCon      Enc   Others   Totals
#	M1            0        0        0        2        4        3        0        9
#	M2            2        3        3        5        0        2        4       19
#	Totals        2        3        3        7        4        5        4       28
#    number of process antenna violations = 99
#cpu time = 00:00:06, elapsed time = 00:00:05, memory = 3357.90 (MB), peak = 4169.99 (MB)
#start 36th optimization iteration ...
#   number of violations = 28
#
#    By Layer and Type :
#	          Notch    Short   MinStp    Color   C2MCon      Enc   Others   Totals
#	M1            0        0        0        2        4        4        0       10
#	M2            2        3        3        4        0        2        4       18
#	Totals        2        3        3        6        4        6        4       28
#    number of process antenna violations = 99
#cpu time = 00:00:08, elapsed time = 00:00:04, memory = 3358.05 (MB), peak = 4169.99 (MB)
#start 37th optimization iteration ...
#   number of violations = 32
#
#    By Layer and Type :
#	         MetSpc    Notch   MinStp    Color   C2MCon      Enc   Others   Totals
#	M1            0        0        0        2        4        3        0        9
#	M2            4        3        4        4        0        3        4       22
#	C1            0        0        0        0        0        0        1        1
#	Totals        4        3        4        6        4        6        5       32
#    number of process antenna violations = 99
#cpu time = 00:00:07, elapsed time = 00:00:06, memory = 3357.68 (MB), peak = 4169.99 (MB)
#start 38th optimization iteration ...
#   number of violations = 31
#
#    By Layer and Type :
#	          Notch    Short   MinStp    Color   C2MCon      Enc   Others   Totals
#	M1            0        0        0        2        4        3        0        9
#	M2            3        3        4        4        0        3        3       20
#	C1            0        0        0        0        0        0        2        2
#	Totals        3        3        4        6        4        6        5       31
#    number of process antenna violations = 99
#cpu time = 00:00:07, elapsed time = 00:00:04, memory = 3358.00 (MB), peak = 4169.99 (MB)
#start 39th optimization iteration ...
#   number of violations = 26
#
#    By Layer and Type :
#	          Notch    Short   MinStp    Color   C2MCon      Enc   Others   Totals
#	M1            0        0        0        2        4        3        0        9
#	M2            2        3        3        4        0        2        3       17
#	Totals        2        3        3        6        4        5        3       26
#    number of process antenna violations = 99
#cpu time = 00:00:08, elapsed time = 00:00:07, memory = 3357.95 (MB), peak = 4169.99 (MB)
#start 40th optimization iteration ...
#   number of violations = 30
#
#    By Layer and Type :
#	          Notch    Short   MinStp    Color   C2MCon      Enc   Others   Totals
#	M1            0        0        0        2        4        3        0        9
#	M2            3        3        4        4        0        3        3       20
#	C1            0        0        0        0        0        0        0        0
#	C2            0        0        0        0        0        0        0        0
#	C3            0        1        0        0        0        0        0        1
#	Totals        3        4        4        6        4        6        3       30
#    number of process antenna violations = 99
#cpu time = 00:00:08, elapsed time = 00:00:04, memory = 3357.80 (MB), peak = 4169.99 (MB)
#start 41th optimization iteration ...
#   number of violations = 30
#
#    By Layer and Type :
#	         MetSpc    Short   MinStp    Color   C2MCon      Enc   Others   Totals
#	M1            0        0        0        2        4        3        0        9
#	M2            2        3        3        4        0        3        3       18
#	C1            0        1        0        0        0        0        2        3
#	Totals        2        4        3        6        4        6        5       30
#    number of process antenna violations = 99
#cpu time = 00:00:04, elapsed time = 00:00:03, memory = 3358.71 (MB), peak = 4169.99 (MB)
#start 42th optimization iteration ...
#   number of violations = 29
#
#    By Layer and Type :
#	          Notch    Short   MinStp    Color   C2MCon      Enc   Others   Totals
#	M1            0        0        0        2        4        3        0        9
#	M2            3        3        4        4        0        3        3       20
#	Totals        3        3        4        6        4        6        3       29
#    number of process antenna violations = 99
#cpu time = 00:00:05, elapsed time = 00:00:03, memory = 3358.60 (MB), peak = 4169.99 (MB)
#start 43th optimization iteration ...
#   number of violations = 28
#
#    By Layer and Type :
#	         MetSpc    Short   MinStp    Color   C2MCon      Enc   Others   Totals
#	M1            0        0        0        2        4        3        0        9
#	M2            2        3        3        4        0        2        3       17
#	C1            0        0        0        0        0        0        2        2
#	Totals        2        3        3        6        4        5        5       28
#    number of process antenna violations = 99
#cpu time = 00:00:04, elapsed time = 00:00:03, memory = 3358.61 (MB), peak = 4169.99 (MB)
#start 44th optimization iteration ...
#   number of violations = 33
#
#    By Layer and Type :
#	         MetSpc    Notch   MinStp    Color   C2MCon      Enc   Others   Totals
#	M1            0        0        0        2        4        3        0        9
#	M2            4        4        4        3        0        4        5       24
#	Totals        4        4        4        5        4        7        5       33
#    number of process antenna violations = 99
#cpu time = 00:00:04, elapsed time = 00:00:02, memory = 3358.19 (MB), peak = 4169.99 (MB)
#start 45th optimization iteration ...
#   number of violations = 28
#
#    By Layer and Type :
#	          Notch    Short   MinStp    Color   C2MCon      Enc   Others   Totals
#	M1            0        0        0        2        4        3        0        9
#	M2            3        3        4        4        0        2        3       19
#	Totals        3        3        4        6        4        5        3       28
#    number of process antenna violations = 99
#cpu time = 00:00:06, elapsed time = 00:00:05, memory = 3357.21 (MB), peak = 4169.99 (MB)
#start 46th optimization iteration ...
#   number of violations = 27
#
#    By Layer and Type :
#	          Notch    Short   MinStp    Color   C2MCon      Enc   Others   Totals
#	M1            0        0        0        2        4        3        0        9
#	M2            2        3        3        4        0        2        4       18
#	Totals        2        3        3        6        4        5        4       27
#    number of process antenna violations = 99
#cpu time = 00:00:04, elapsed time = 00:00:02, memory = 3357.75 (MB), peak = 4169.99 (MB)
#start 47th optimization iteration ...
#   number of violations = 30
#
#    By Layer and Type :
#	          Notch    Short   MinStp    Color   C2MCon      Enc   Others   Totals
#	M1            0        0        0        2        4        3        0        9
#	M2            4        3        4        4        0        3        2       20
#	C1            0        0        0        0        0        0        1        1
#	Totals        4        3        4        6        4        6        3       30
#    number of process antenna violations = 99
#cpu time = 00:00:05, elapsed time = 00:00:04, memory = 3358.31 (MB), peak = 4169.99 (MB)
#start 48th optimization iteration ...
#   number of violations = 29
#
#    By Layer and Type :
#	          Notch    Short   MinStp    Color   C2MCon      Enc   Others   Totals
#	M1            0        0        0        2        4        3        0        9
#	M2            3        3        3        4        0        4        3       20
#	Totals        3        3        3        6        4        7        3       29
#    number of process antenna violations = 99
#cpu time = 00:00:05, elapsed time = 00:00:03, memory = 3358.25 (MB), peak = 4169.99 (MB)
#start 49th optimization iteration ...
#   number of violations = 28
#
#    By Layer and Type :
#	          Notch    Short    Color     Loop   C2MCon      Enc   Others   Totals
#	M1            0        0        2        0        3        2        0        7
#	M2            2        3        4        0        0        4        5       18
#	C1            0        0        0        2        0        0        1        3
#	Totals        2        3        6        2        3        6        6       28
#    number of process antenna violations = 99
#cpu time = 00:00:05, elapsed time = 00:00:04, memory = 3357.89 (MB), peak = 4169.99 (MB)
#start 50th optimization iteration ...
#   number of violations = 29
#
#    By Layer and Type :
#	          Notch    Short   MinStp    Color   C2MCon      Enc   Others   Totals
#	M1            0        0        0        2        4        3        0        9
#	M2            3        3        4        4        0        3        3       20
#	Totals        3        3        4        6        4        6        3       29
#    number of process antenna violations = 99
#cpu time = 00:00:05, elapsed time = 00:00:02, memory = 3357.40 (MB), peak = 4169.99 (MB)
#start 51th optimization iteration ...
#   number of violations = 30
#
#    By Layer and Type :
#	          Notch    Short   MinStp    Color   C2MCon      Enc   Others   Totals
#	M1            0        0        0        2        4        3        0        9
#	M2            3        3        4        4        0        3        3       20
#	C1            0        0        0        0        0        0        1        1
#	Totals        3        3        4        6        4        6        4       30
#    number of process antenna violations = 99
#cpu time = 00:00:05, elapsed time = 00:00:04, memory = 3357.38 (MB), peak = 4169.99 (MB)
#start 52th optimization iteration ...
#   number of violations = 29
#
#    By Layer and Type :
#	          Notch    Short   MinStp    Color   C2MCon      Enc   Others   Totals
#	M1            0        0        0        2        4        3        0        9
#	M2            3        3        4        3        0        3        4       20
#	Totals        3        3        4        5        4        6        4       29
#    number of process antenna violations = 99
#cpu time = 00:00:05, elapsed time = 00:00:02, memory = 3357.73 (MB), peak = 4169.99 (MB)
#start 53th optimization iteration ...
#   number of violations = 29
#
#    By Layer and Type :
#	         MetSpc    Short   MinStp    Color   C2MCon      Enc   Others   Totals
#	M1            0        0        0        2        4        3        0        9
#	M2            4        3        3        4        0        3        3       20
#	Totals        4        3        3        6        4        6        3       29
#    number of process antenna violations = 99
#cpu time = 00:00:05, elapsed time = 00:00:04, memory = 3357.70 (MB), peak = 4169.99 (MB)
#start 54th optimization iteration ...
#   number of violations = 31
#
#    By Layer and Type :
#	         MetSpc    Short   MinStp    Color   C2MCon      Enc   Others   Totals
#	M1            0        0        0        2        4        3        0        9
#	M2            4        3        4        3        0        3        5       22
#	Totals        4        3        4        5        4        6        5       31
#    number of process antenna violations = 99
#cpu time = 00:00:05, elapsed time = 00:00:03, memory = 3357.92 (MB), peak = 4169.99 (MB)
#start 55th optimization iteration ...
#   number of violations = 28
#
#    By Layer and Type :
#	          Notch    Short   MinStp    Color   C2MCon      Enc   Others   Totals
#	M1            0        0        0        2        4        3        0        9
#	M2            3        3        4        4        0        2        3       19
#	Totals        3        3        4        6        4        5        3       28
#    number of process antenna violations = 99
#cpu time = 00:00:04, elapsed time = 00:00:03, memory = 3357.99 (MB), peak = 4169.99 (MB)
#start 56th optimization iteration ...
#   number of violations = 32
#
#    By Layer and Type :
#	          Notch    Short   MinStp    Color   C2MCon      Enc   Others   Totals
#	M1            0        0        0        2        4        3        0        9
#	M2            3        3        4        4        2        2        3       21
#	C1            0        0        0        0        0        0        2        2
#	Totals        3        3        4        6        6        5        5       32
#    number of process antenna violations = 99
#cpu time = 00:00:05, elapsed time = 00:00:03, memory = 3357.53 (MB), peak = 4169.99 (MB)
#start 57th optimization iteration ...
#   number of violations = 28
#
#    By Layer and Type :
#	          Notch    Short   MinStp    Color   C2MCon      Enc   Others   Totals
#	M1            0        0        0        2        4        3        0        9
#	M2            3        3        4        4        0        2        3       19
#	Totals        3        3        4        6        4        5        3       28
#    number of process antenna violations = 99
#cpu time = 00:00:04, elapsed time = 00:00:03, memory = 3357.07 (MB), peak = 4169.99 (MB)
#start 58th optimization iteration ...
#   number of violations = 27
#
#    By Layer and Type :
#	          Notch    Short   MinStp    Color   C2MCon      Enc   Others   Totals
#	M1            0        0        0        2        4        3        0        9
#	M2            3        3        4        3        0        2        3       18
#	Totals        3        3        4        5        4        5        3       27
#    number of process antenna violations = 99
#cpu time = 00:00:05, elapsed time = 00:00:03, memory = 3357.35 (MB), peak = 4169.99 (MB)
#start 59th optimization iteration ...
#   number of violations = 28
#
#    By Layer and Type :
#	          Notch    Short   MinStp    Color   C2MCon      Enc   Others   Totals
#	M1            0        0        0        2        4        3        0        9
#	M2            3        3        4        4        0        2        3       19
#	Totals        3        3        4        6        4        5        3       28
#    number of process antenna violations = 99
#cpu time = 00:00:05, elapsed time = 00:00:04, memory = 3357.58 (MB), peak = 4169.99 (MB)
#start 60th optimization iteration ...
#   number of violations = 28
#
#    By Layer and Type :
#	          Notch    Short   MinStp    Color   C2MCon      Enc   Others   Totals
#	M1            0        0        0        2        3        2        0        7
#	M2            3        3        4        3        0        4        4       21
#	Totals        3        3        4        5        3        6        4       28
#    number of process antenna violations = 99
#cpu time = 00:00:05, elapsed time = 00:00:03, memory = 3357.91 (MB), peak = 4169.99 (MB)
#start 61th optimization iteration ...
#   number of violations = 31
#
#    By Layer and Type :
#	          Notch    Short   MinStp    Color   C2MCon      Enc   Others   Totals
#	M1            0        0        0        2        4        3        0        9
#	M2            3        3        4        4        1        2        4       21
#	C1            0        1        0        0        0        0        0        1
#	Totals        3        4        4        6        5        5        4       31
#    number of process antenna violations = 99
#cpu time = 00:00:05, elapsed time = 00:00:04, memory = 3356.90 (MB), peak = 4169.99 (MB)
#start 62th optimization iteration ...
#   number of violations = 33
#
#    By Layer and Type :
#	         MetSpc    Notch   MinStp    Color   C2MCon      Enc   Others   Totals
#	M1            0        0        0        2        4        3        0        9
#	M2            4        3        6        3        0        3        5       24
#	Totals        4        3        6        5        4        6        5       33
#    number of process antenna violations = 99
#cpu time = 00:00:05, elapsed time = 00:00:02, memory = 3357.43 (MB), peak = 4169.99 (MB)
#start 63th optimization iteration ...
#   number of violations = 28
#
#    By Layer and Type :
#	          Notch    Short   MinStp    Color   C2MCon      Enc   Others   Totals
#	M1            0        0        0        2        4        3        0        9
#	M2            3        3        4        3        0        2        4       19
#	Totals        3        3        4        5        4        5        4       28
#    number of process antenna violations = 99
#cpu time = 00:00:05, elapsed time = 00:00:04, memory = 3356.53 (MB), peak = 4169.99 (MB)
#start 64th optimization iteration ...
#   number of violations = 35
#
#    By Layer and Type :
#	         MetSpc    Notch   MinStp    Color   C2MCon      Enc   Others   Totals
#	M1            0        0        0        2        4        3        0        9
#	M2            4        3        6        4        0        4        5       26
#	Totals        4        3        6        6        4        7        5       35
#    number of process antenna violations = 99
#cpu time = 00:00:04, elapsed time = 00:00:02, memory = 3357.86 (MB), peak = 4169.99 (MB)
#start 65th optimization iteration ...
#   number of violations = 29
#
#    By Layer and Type :
#	          Short   MinStp    Color      Mar   C2MCon      Enc   Others   Totals
#	M1            0        0        2        0        4        3        0        9
#	M2            3        3        4        2        0        4        4       20
#	Totals        3        3        6        2        4        7        4       29
#    number of process antenna violations = 99
#cpu time = 00:00:05, elapsed time = 00:00:04, memory = 3357.75 (MB), peak = 4169.99 (MB)
#start 66th optimization iteration ...
#   number of violations = 30
#
#    By Layer and Type :
#	          Notch    Short   MinStp    Color   C2MCon      Enc   Others   Totals
#	M1            0        0        0        2        4        3        0        9
#	M2            3        3        4        3        0        3        4       20
#	C1            0        0        0        0        0        0        1        1
#	Totals        3        3        4        5        4        6        5       30
#    number of process antenna violations = 99
#cpu time = 00:00:06, elapsed time = 00:00:03, memory = 3357.52 (MB), peak = 4169.99 (MB)
#start 67th optimization iteration ...
#   number of violations = 34
#
#    By Layer and Type :
#	          Notch    Short   MinStp    Color   C2MCon      Enc   Others   Totals
#	M1            0        0        0        2        4        3        0        9
#	M2            3        3        4        6        0        4        5       25
#	Totals        3        3        4        8        4        7        5       34
#    number of process antenna violations = 99
#cpu time = 00:00:04, elapsed time = 00:00:03, memory = 3357.54 (MB), peak = 4169.99 (MB)
#start 68th optimization iteration ...
#   number of violations = 29
#
#    By Layer and Type :
#	          Short   MinStp    Color      Mar   C2MCon      Enc   Others   Totals
#	M1            0        0        2        0        4        3        0        9
#	M2            3        3        4        2        0        4        4       20
#	Totals        3        3        6        2        4        7        4       29
#    number of process antenna violations = 99
#cpu time = 00:00:05, elapsed time = 00:00:03, memory = 3357.34 (MB), peak = 4169.99 (MB)
#start 69th optimization iteration ...
#   number of violations = 27
#
#    By Layer and Type :
#	          Notch    Short   MinStp    Color   C2MCon      Enc   Others   Totals
#	M1            0        0        0        2        3        2        0        7
#	M2            3        3        4        3        0        3        4       20
#	Totals        3        3        4        5        3        5        4       27
#    number of process antenna violations = 99
#cpu time = 00:00:04, elapsed time = 00:00:03, memory = 3357.24 (MB), peak = 4169.99 (MB)
#start 70th optimization iteration ...
#   number of violations = 29
#
#    By Layer and Type :
#	          Notch    Short   MinStp    Color   C2MCon      Enc   Others   Totals
#	M1            0        0        0        2        4        3        0        9
#	M2            3        3        4        3        0        2        5       20
#	Totals        3        3        4        5        4        5        5       29
#    number of process antenna violations = 99
#cpu time = 00:00:05, elapsed time = 00:00:02, memory = 3357.51 (MB), peak = 4169.99 (MB)
#start 71th optimization iteration ...
#   number of violations = 24
#
#    By Layer and Type :
#	         MetSpc    Notch    Short    Color   C2MCon      Enc   Others   Totals
#	M1            0        0        0        2        2        2        0        6
#	M2            2        2        3        2        2        1        4       16
#	C1            0        0        2        0        0        0        0        2
#	Totals        2        2        5        4        4        3        4       24
#    number of process antenna violations = 99
#cpu time = 00:00:06, elapsed time = 00:00:05, memory = 3358.23 (MB), peak = 4169.99 (MB)
#start 72th optimization iteration ...
#   number of violations = 24
#
#    By Layer and Type :
#	         MetSpc    Notch    Short    Color   C2MCon      Enc   Others   Totals
#	M1            0        0        0        2        1        1        0        4
#	M2            4        2        3        2        2        2        3       18
#	C1            0        0        2        0        0        0        0        2
#	Totals        4        2        5        4        3        3        3       24
#    number of process antenna violations = 99
#cpu time = 00:00:05, elapsed time = 00:00:03, memory = 3357.71 (MB), peak = 4169.99 (MB)
#start 73th optimization iteration ...
#   number of violations = 26
#
#    By Layer and Type :
#	         MetSpc    Notch    Short   MinStp    Color   C2MCon      Enc   Totals
#	M1            0        0        0        0        2        3        2        7
#	M2            2        3        3        4        4        0        3       19
#	Totals        2        3        3        4        6        3        5       26
#    number of process antenna violations = 99
#cpu time = 00:00:05, elapsed time = 00:00:04, memory = 3357.46 (MB), peak = 4169.99 (MB)
#start 74th optimization iteration ...
#   number of violations = 27
#
#    By Layer and Type :
#	         MetSpc    Notch    Short   MinStp    Color   C2MCon      Enc   Totals
#	M1            0        0        0        0        2        3        2        7
#	M2            2        3        3        4        4        0        4       20
#	Totals        2        3        3        4        6        3        6       27
#    number of process antenna violations = 99
#cpu time = 00:00:05, elapsed time = 00:00:02, memory = 3357.37 (MB), peak = 4169.99 (MB)
#start 75th optimization iteration ...
#   number of violations = 27
#
#    By Layer and Type :
#	          Notch    Short   MinStp    Color   C2MCon      Enc   Others   Totals
#	M1            0        0        0        2        3        2        0        7
#	M2            3        3        4        4        0        3        2       19
#	C1            0        0        0        0        0        0        1        1
#	Totals        3        3        4        6        3        5        3       27
#    number of process antenna violations = 99
#cpu time = 00:00:04, elapsed time = 00:00:03, memory = 3356.48 (MB), peak = 4169.99 (MB)
#start 76th optimization iteration ...
#   number of violations = 27
#
#    By Layer and Type :
#	          Notch    Short   MinStp    Color   C2MCon      Enc   Others   Totals
#	M1            0        0        0        2        3        3        0        8
#	M2            3        3        4        3        0        3        3       19
#	Totals        3        3        4        5        3        6        3       27
#    number of process antenna violations = 99
#cpu time = 00:00:05, elapsed time = 00:00:03, memory = 3356.78 (MB), peak = 4169.99 (MB)
#Complete Detail Routing.
#Total number of nets with non-default rule or having extra spacing = 59
#Total wire length = 590145 um.
#Total half perimeter of net bounding box = 507494 um.
#Total wire length on LAYER M1 = 2268 um.
#Total wire length on LAYER M2 = 84806 um.
#Total wire length on LAYER C1 = 133074 um.
#Total wire length on LAYER C2 = 118471 um.
#Total wire length on LAYER C3 = 138852 um.
#Total wire length on LAYER C4 = 64931 um.
#Total wire length on LAYER BA = 40607 um.
#Total wire length on LAYER BB = 4995 um.
#Total wire length on LAYER JA = 2142 um.
#Total wire length on LAYER JB = 0 um.
#Total wire length on LAYER LB = 0 um.
#Total number of vias = 351947
#Total number of multi-cut vias = 66 (  0.0%)
#Total number of single cut vias = 351881 (100.0%)
#Up-Via Summary (total 351947):
#                   single-cut          multi-cut      Total
#-----------------------------------------------------------
# M1            113286 (100.0%)         0 (  0.0%)     113286
# M2            150010 (100.0%)         0 (  0.0%)     150010
# C1             58446 (100.0%)         0 (  0.0%)      58446
# C2             21445 (100.0%)         0 (  0.0%)      21445
# C3              6070 (100.0%)         0 (  0.0%)       6070
# C4              2016 (100.0%)         0 (  0.0%)       2016
# BA               499 ( 88.3%)        66 ( 11.7%)        565
# BB               109 (100.0%)         0 (  0.0%)        109
#-----------------------------------------------------------
#               351881 (100.0%)        66 (  0.0%)     351947 
#
#Total number of DRC violations = 27
#Total number of violations on LAYER M1 = 8
#Total number of violations on LAYER M2 = 19
#Total number of violations on LAYER C1 = 0
#Total number of violations on LAYER C2 = 0
#Total number of violations on LAYER C3 = 0
#Total number of violations on LAYER C4 = 0
#Total number of violations on LAYER BA = 0
#Total number of violations on LAYER BB = 0
#Total number of violations on LAYER JA = 0
#Total number of violations on LAYER JB = 0
#Total number of violations on LAYER LB = 0
#Cpu time = 00:19:43
#Elapsed time = 00:05:39
#Increased memory = 150.22 (MB)
#Total memory = 3356.93 (MB)
#Peak memory = 4169.99 (MB)
#
#start routing for process antenna violation fix ...
#Minimum voltage of a net in the design = 0.000.
#Maximum voltage of a net in the design = 0.800.
#Voltage range [0.000 - 0.800] has 42506 nets.
#Voltage range [0.000 - 0.000] has 32 nets.
#Voltage range [0.720 - 0.800] has 1 net.
#Minimum voltage of a net in the design = 0.000.
#Maximum voltage of a net in the design = 0.800.
#Voltage range [0.000 - 0.800] has 42506 nets.
#Voltage range [0.000 - 0.000] has 32 nets.
#Voltage range [0.720 - 0.800] has 1 net.
#
#    By Layer and Type :
#	          Notch    Short   MinStp    Color   C2MCon      Enc   Others   Totals
#	M1            0        0        0        2        3        3        0        8
#	M2            3        3        4        3        0        3        3       19
#	Totals        3        3        4        5        3        6        3       27
#cpu time = 00:00:07, elapsed time = 00:00:01, memory = 3356.98 (MB), peak = 4169.99 (MB)
#
#Total number of nets with non-default rule or having extra spacing = 59
#Total wire length = 590151 um.
#Total half perimeter of net bounding box = 507494 um.
#Total wire length on LAYER M1 = 2268 um.
#Total wire length on LAYER M2 = 84806 um.
#Total wire length on LAYER C1 = 133074 um.
#Total wire length on LAYER C2 = 118471 um.
#Total wire length on LAYER C3 = 138852 um.
#Total wire length on LAYER C4 = 64931 um.
#Total wire length on LAYER BA = 40595 um.
#Total wire length on LAYER BB = 5000 um.
#Total wire length on LAYER JA = 2154 um.
#Total wire length on LAYER JB = 0 um.
#Total wire length on LAYER LB = 0 um.
#Total number of vias = 351971
#Total number of multi-cut vias = 72 (  0.0%)
#Total number of single cut vias = 351899 (100.0%)
#Up-Via Summary (total 351971):
#                   single-cut          multi-cut      Total
#-----------------------------------------------------------
# M1            113286 (100.0%)         0 (  0.0%)     113286
# M2            150010 (100.0%)         0 (  0.0%)     150010
# C1             58446 (100.0%)         0 (  0.0%)      58446
# C2             21445 (100.0%)         0 (  0.0%)      21445
# C3              6070 (100.0%)         0 (  0.0%)       6070
# C4              2016 (100.0%)         0 (  0.0%)       2016
# BA               511 ( 87.7%)        72 ( 12.3%)        583
# BB               115 (100.0%)         0 (  0.0%)        115
#-----------------------------------------------------------
#               351899 (100.0%)        72 (  0.0%)     351971 
#
#Total number of DRC violations = 27
#Total number of process antenna violations = 39
#Total number of net violated process antenna rule = 26
#Total number of violations on LAYER M1 = 8
#Total number of violations on LAYER M2 = 19
#Total number of violations on LAYER C1 = 0
#Total number of violations on LAYER C2 = 0
#Total number of violations on LAYER C3 = 0
#Total number of violations on LAYER C4 = 0
#Total number of violations on LAYER BA = 0
#Total number of violations on LAYER BB = 0
#Total number of violations on LAYER JA = 0
#Total number of violations on LAYER JB = 0
#Total number of violations on LAYER LB = 0
#
#
#start delete and reroute for process antenna violation fix ...
#cpu time = 00:00:53, elapsed time = 00:00:14, memory = 3359.22 (MB), peak = 4169.99 (MB)
#Total number of nets with non-default rule or having extra spacing = 59
#Total wire length = 590267 um.
#Total half perimeter of net bounding box = 507494 um.
#Total wire length on LAYER M1 = 2269 um.
#Total wire length on LAYER M2 = 84820 um.
#Total wire length on LAYER C1 = 133095 um.
#Total wire length on LAYER C2 = 118480 um.
#Total wire length on LAYER C3 = 139095 um.
#Total wire length on LAYER C4 = 65034 um.
#Total wire length on LAYER BA = 41428 um.
#Total wire length on LAYER BB = 4971 um.
#Total wire length on LAYER JA = 1075 um.
#Total wire length on LAYER JB = 0 um.
#Total wire length on LAYER LB = 0 um.
#Total number of vias = 352092
#Total number of multi-cut vias = 57 (  0.0%)
#Total number of single cut vias = 352035 (100.0%)
#Up-Via Summary (total 352092):
#                   single-cut          multi-cut      Total
#-----------------------------------------------------------
# M1            113289 (100.0%)         0 (  0.0%)     113289
# M2            150016 (100.0%)         0 (  0.0%)     150016
# C1             58456 (100.0%)         0 (  0.0%)      58456
# C2             21464 (100.0%)         0 (  0.0%)      21464
# C3              6103 (100.0%)         0 (  0.0%)       6103
# C4              2061 (100.0%)         0 (  0.0%)       2061
# BA               560 ( 90.8%)        57 (  9.2%)        617
# BB                86 (100.0%)         0 (  0.0%)         86
#-----------------------------------------------------------
#               352035 (100.0%)        57 (  0.0%)     352092 
#
#Total number of DRC violations = 17
#Total number of process antenna violations = 12
#Total number of net violated process antenna rule = 12
#Total number of violations on LAYER M1 = 4
#Total number of violations on LAYER M2 = 13
#Total number of violations on LAYER C1 = 0
#Total number of violations on LAYER C2 = 0
#Total number of violations on LAYER C3 = 0
#Total number of violations on LAYER C4 = 0
#Total number of violations on LAYER BA = 0
#Total number of violations on LAYER BB = 0
#Total number of violations on LAYER JA = 0
#Total number of violations on LAYER JB = 0
#Total number of violations on LAYER LB = 0
#
#
#Total number of nets with non-default rule or having extra spacing = 59
#Total wire length = 590267 um.
#Total half perimeter of net bounding box = 507494 um.
#Total wire length on LAYER M1 = 2269 um.
#Total wire length on LAYER M2 = 84820 um.
#Total wire length on LAYER C1 = 133095 um.
#Total wire length on LAYER C2 = 118480 um.
#Total wire length on LAYER C3 = 139095 um.
#Total wire length on LAYER C4 = 65034 um.
#Total wire length on LAYER BA = 41428 um.
#Total wire length on LAYER BB = 4971 um.
#Total wire length on LAYER JA = 1075 um.
#Total wire length on LAYER JB = 0 um.
#Total wire length on LAYER LB = 0 um.
#Total number of vias = 352092
#Total number of multi-cut vias = 57 (  0.0%)
#Total number of single cut vias = 352035 (100.0%)
#Up-Via Summary (total 352092):
#                   single-cut          multi-cut      Total
#-----------------------------------------------------------
# M1            113289 (100.0%)         0 (  0.0%)     113289
# M2            150016 (100.0%)         0 (  0.0%)     150016
# C1             58456 (100.0%)         0 (  0.0%)      58456
# C2             21464 (100.0%)         0 (  0.0%)      21464
# C3              6103 (100.0%)         0 (  0.0%)       6103
# C4              2061 (100.0%)         0 (  0.0%)       2061
# BA               560 ( 90.8%)        57 (  9.2%)        617
# BB                86 (100.0%)         0 (  0.0%)         86
#-----------------------------------------------------------
#               352035 (100.0%)        57 (  0.0%)     352092 
#
#Total number of DRC violations = 17
#Total number of process antenna violations = 12
#Total number of net violated process antenna rule = 12
#Total number of violations on LAYER M1 = 4
#Total number of violations on LAYER M2 = 13
#Total number of violations on LAYER C1 = 0
#Total number of violations on LAYER C2 = 0
#Total number of violations on LAYER C3 = 0
#Total number of violations on LAYER C4 = 0
#Total number of violations on LAYER BA = 0
#Total number of violations on LAYER BB = 0
#Total number of violations on LAYER JA = 0
#Total number of violations on LAYER JB = 0
#Total number of violations on LAYER LB = 0
#
#Minimum voltage of a net in the design = 0.000.
#Maximum voltage of a net in the design = 0.800.
#Voltage range [0.000 - 0.800] has 42506 nets.
#Voltage range [0.000 - 0.000] has 32 nets.
#Voltage range [0.720 - 0.800] has 1 net.
#Minimum voltage of a net in the design = 0.000.
#Maximum voltage of a net in the design = 0.800.
#Voltage range [0.000 - 0.800] has 42506 nets.
#Voltage range [0.000 - 0.000] has 32 nets.
#Voltage range [0.720 - 0.800] has 1 net.
#
#Start Post Route via swapping...
#99.93% of area are rerouted by ECO routing.
#   number of violations = 27
#
#    By Layer and Type :
#	          Notch    Short   MinStp    Color   C2MCon      Enc   Others   Totals
#	M1            0        0        0        2        3        3        0        8
#	M2            3        3        4        3        0        3        3       19
#	Totals        3        3        4        5        3        6        3       27
#cpu time = 00:02:48, elapsed time = 00:00:22, memory = 3398.62 (MB), peak = 4169.99 (MB)
#CELL_VIEW Silago_top_left_corner,init has 27 DRC violations
#Total number of DRC violations = 27
#Total number of process antenna violations = 12
#Total number of net violated process antenna rule = 12
#Total number of violations on LAYER M1 = 8
#Total number of violations on LAYER M2 = 19
#Total number of violations on LAYER C1 = 0
#Total number of violations on LAYER C2 = 0
#Total number of violations on LAYER C3 = 0
#Total number of violations on LAYER C4 = 0
#Total number of violations on LAYER BA = 0
#Total number of violations on LAYER BB = 0
#Total number of violations on LAYER JA = 0
#Total number of violations on LAYER JB = 0
#Total number of violations on LAYER LB = 0
#Post Route via swapping is done.
#Total number of nets with non-default rule or having extra spacing = 59
#Total wire length = 590267 um.
#Total half perimeter of net bounding box = 507494 um.
#Total wire length on LAYER M1 = 2269 um.
#Total wire length on LAYER M2 = 84820 um.
#Total wire length on LAYER C1 = 133095 um.
#Total wire length on LAYER C2 = 118480 um.
#Total wire length on LAYER C3 = 139095 um.
#Total wire length on LAYER C4 = 65034 um.
#Total wire length on LAYER BA = 41428 um.
#Total wire length on LAYER BB = 4971 um.
#Total wire length on LAYER JA = 1075 um.
#Total wire length on LAYER JB = 0 um.
#Total wire length on LAYER LB = 0 um.
#Total number of vias = 352092
#Total number of multi-cut vias = 235015 ( 66.7%)
#Total number of single cut vias = 117077 ( 33.3%)
#Up-Via Summary (total 352092):
#                   single-cut          multi-cut      Total
#-----------------------------------------------------------
# M1             60072 ( 53.0%)     53217 ( 47.0%)     113289
# M2             39730 ( 26.5%)    110286 ( 73.5%)     150016
# C1             12121 ( 20.7%)     46335 ( 79.3%)      58456
# C2              4018 ( 18.7%)     17446 ( 81.3%)      21464
# C3               576 (  9.4%)      5527 ( 90.6%)       6103
# C4               427 ( 20.7%)      1634 ( 79.3%)       2061
# BA                86 ( 13.9%)       531 ( 86.1%)        617
# BB                47 ( 54.7%)        39 ( 45.3%)         86
#-----------------------------------------------------------
#               117077 ( 33.3%)    235015 ( 66.7%)     352092 
#
#Minimum voltage of a net in the design = 0.000.
#Maximum voltage of a net in the design = 0.800.
#Voltage range [0.000 - 0.800] has 42506 nets.
#Voltage range [0.000 - 0.000] has 32 nets.
#Voltage range [0.720 - 0.800] has 1 net.
#Minimum voltage of a net in the design = 0.000.
#Maximum voltage of a net in the design = 0.800.
#Voltage range [0.000 - 0.800] has 42506 nets.
#Voltage range [0.000 - 0.000] has 32 nets.
#Voltage range [0.720 - 0.800] has 1 net.
#
#Start Post Route wire spreading..
#Minimum voltage of a net in the design = 0.000.
#Maximum voltage of a net in the design = 0.800.
#Voltage range [0.000 - 0.800] has 42506 nets.
#Voltage range [0.000 - 0.000] has 32 nets.
#Voltage range [0.720 - 0.800] has 1 net.
#Minimum voltage of a net in the design = 0.000.
#Maximum voltage of a net in the design = 0.800.
#Voltage range [0.000 - 0.800] has 42506 nets.
#Voltage range [0.000 - 0.000] has 32 nets.
#Voltage range [0.720 - 0.800] has 1 net.
#
#Start DRC checking..
#   number of violations = 27
#
#    By Layer and Type :
#	          Notch    Short   MinStp    Color   C2MCon      Enc   Others   Totals
#	M1            0        0        0        2        3        3        0        8
#	M2            3        3        4        3        0        3        3       19
#	Totals        3        3        4        5        3        6        3       27
#cpu time = 00:01:32, elapsed time = 00:00:12, memory = 3398.39 (MB), peak = 4169.99 (MB)
#CELL_VIEW Silago_top_left_corner,init has 27 DRC violations
#Total number of DRC violations = 27
#Total number of process antenna violations = 12
#Total number of net violated process antenna rule = 12
#Total number of violations on LAYER M1 = 8
#Total number of violations on LAYER M2 = 19
#Total number of violations on LAYER C1 = 0
#Total number of violations on LAYER C2 = 0
#Total number of violations on LAYER C3 = 0
#Total number of violations on LAYER C4 = 0
#Total number of violations on LAYER BA = 0
#Total number of violations on LAYER BB = 0
#Total number of violations on LAYER JA = 0
#Total number of violations on LAYER JB = 0
#Total number of violations on LAYER LB = 0
#Minimum voltage of a net in the design = 0.000.
#Maximum voltage of a net in the design = 0.800.
#Voltage range [0.000 - 0.800] has 42506 nets.
#Voltage range [0.000 - 0.000] has 32 nets.
#Voltage range [0.720 - 0.800] has 1 net.
#Minimum voltage of a net in the design = 0.000.
#Maximum voltage of a net in the design = 0.800.
#Voltage range [0.000 - 0.800] has 42506 nets.
#Voltage range [0.000 - 0.000] has 32 nets.
#Voltage range [0.720 - 0.800] has 1 net.
#
#Start data preparation for wire spreading...
#
#Data preparation is done on Sat Jan  3 09:44:31 2026
#
#Minimum voltage of a net in the design = 0.000.
#Maximum voltage of a net in the design = 0.800.
#Voltage range [0.000 - 0.800] has 42506 nets.
#Voltage range [0.000 - 0.000] has 32 nets.
#Voltage range [0.720 - 0.800] has 1 net.
#
#Start Post Route Wire Spread.
#Done with 14103 horizontal wires in 9 hboxes and 13982 vertical wires in 9 hboxes.
#Complete Post Route Wire Spread.
#
#Total number of nets with non-default rule or having extra spacing = 59
#Total wire length = 595564 um.
#Total half perimeter of net bounding box = 507494 um.
#Total wire length on LAYER M1 = 2269 um.
#Total wire length on LAYER M2 = 85116 um.
#Total wire length on LAYER C1 = 134072 um.
#Total wire length on LAYER C2 = 120304 um.
#Total wire length on LAYER C3 = 140581 um.
#Total wire length on LAYER C4 = 65462 um.
#Total wire length on LAYER BA = 41638 um.
#Total wire length on LAYER BB = 5017 um.
#Total wire length on LAYER JA = 1105 um.
#Total wire length on LAYER JB = 0 um.
#Total wire length on LAYER LB = 0 um.
#Total number of vias = 352092
#Total number of multi-cut vias = 235015 ( 66.7%)
#Total number of single cut vias = 117077 ( 33.3%)
#Up-Via Summary (total 352092):
#                   single-cut          multi-cut      Total
#-----------------------------------------------------------
# M1             60072 ( 53.0%)     53217 ( 47.0%)     113289
# M2             39730 ( 26.5%)    110286 ( 73.5%)     150016
# C1             12121 ( 20.7%)     46335 ( 79.3%)      58456
# C2              4018 ( 18.7%)     17446 ( 81.3%)      21464
# C3               576 (  9.4%)      5527 ( 90.6%)       6103
# C4               427 ( 20.7%)      1634 ( 79.3%)       2061
# BA                86 ( 13.9%)       531 ( 86.1%)        617
# BB                47 ( 54.7%)        39 ( 45.3%)         86
#-----------------------------------------------------------
#               117077 ( 33.3%)    235015 ( 66.7%)     352092 
#
#Minimum voltage of a net in the design = 0.000.
#Maximum voltage of a net in the design = 0.800.
#Voltage range [0.000 - 0.800] has 42506 nets.
#Voltage range [0.000 - 0.000] has 32 nets.
#Voltage range [0.720 - 0.800] has 1 net.
#Minimum voltage of a net in the design = 0.000.
#Maximum voltage of a net in the design = 0.800.
#Voltage range [0.000 - 0.800] has 42506 nets.
#Voltage range [0.000 - 0.000] has 32 nets.
#Voltage range [0.720 - 0.800] has 1 net.
#
#Start DRC checking..
#   number of violations = 42
#
#    By Layer and Type :
#	          Notch    Short   MinStp    Color      Enc   JCSCol   Others   Totals
#	M1            0        0        0        2        3        0        3        8
#	M2            3        3        4        3        3       15        3       34
#	Totals        3        3        4        5        6       15        6       42
#cpu time = 00:01:43, elapsed time = 00:00:13, memory = 3396.44 (MB), peak = 4169.99 (MB)
#CELL_VIEW Silago_top_left_corner,init has 42 DRC violations
#Total number of DRC violations = 42
#Total number of process antenna violations = 12
#Total number of net violated process antenna rule = 12
#Total number of violations on LAYER M1 = 8
#Total number of violations on LAYER M2 = 34
#Total number of violations on LAYER C1 = 0
#Total number of violations on LAYER C2 = 0
#Total number of violations on LAYER C3 = 0
#Total number of violations on LAYER C4 = 0
#Total number of violations on LAYER BA = 0
#Total number of violations on LAYER BB = 0
#Total number of violations on LAYER JA = 0
#Total number of violations on LAYER JB = 0
#Total number of violations on LAYER LB = 0
#   number of violations = 42
#
#    By Layer and Type :
#	          Notch    Short   MinStp    Color      Enc   JCSCol   Others   Totals
#	M1            0        0        0        2        3        0        3        8
#	M2            3        3        4        3        3       15        3       34
#	Totals        3        3        4        5        6       15        6       42
#cpu time = 00:02:02, elapsed time = 00:00:18, memory = 3393.89 (MB), peak = 4169.99 (MB)
#CELL_VIEW Silago_top_left_corner,init has 42 DRC violations
#Total number of DRC violations = 42
#Total number of process antenna violations = 16
#Total number of net violated process antenna rule = 14
#Total number of violations on LAYER M1 = 8
#Total number of violations on LAYER M2 = 34
#Total number of violations on LAYER C1 = 0
#Total number of violations on LAYER C2 = 0
#Total number of violations on LAYER C3 = 0
#Total number of violations on LAYER C4 = 0
#Total number of violations on LAYER BA = 0
#Total number of violations on LAYER BB = 0
#Total number of violations on LAYER JA = 0
#Total number of violations on LAYER JB = 0
#Total number of violations on LAYER LB = 0
#Post Route wire spread is done.
#Total number of nets with non-default rule or having extra spacing = 59
#Total wire length = 595564 um.
#Total half perimeter of net bounding box = 507494 um.
#Total wire length on LAYER M1 = 2269 um.
#Total wire length on LAYER M2 = 85116 um.
#Total wire length on LAYER C1 = 134072 um.
#Total wire length on LAYER C2 = 120304 um.
#Total wire length on LAYER C3 = 140581 um.
#Total wire length on LAYER C4 = 65462 um.
#Total wire length on LAYER BA = 41638 um.
#Total wire length on LAYER BB = 5017 um.
#Total wire length on LAYER JA = 1105 um.
#Total wire length on LAYER JB = 0 um.
#Total wire length on LAYER LB = 0 um.
#Total number of vias = 352092
#Total number of multi-cut vias = 235015 ( 66.7%)
#Total number of single cut vias = 117077 ( 33.3%)
#Up-Via Summary (total 352092):
#                   single-cut          multi-cut      Total
#-----------------------------------------------------------
# M1             60072 ( 53.0%)     53217 ( 47.0%)     113289
# M2             39730 ( 26.5%)    110286 ( 73.5%)     150016
# C1             12121 ( 20.7%)     46335 ( 79.3%)      58456
# C2              4018 ( 18.7%)     17446 ( 81.3%)      21464
# C3               576 (  9.4%)      5527 ( 90.6%)       6103
# C4               427 ( 20.7%)      1634 ( 79.3%)       2061
# BA                86 ( 13.9%)       531 ( 86.1%)        617
# BB                47 ( 54.7%)        39 ( 45.3%)         86
#-----------------------------------------------------------
#               117077 ( 33.3%)    235015 ( 66.7%)     352092 
#
#route_detail Statistics:
#Cpu time = 00:27:17
#Elapsed time = 00:06:49
#Increased memory = 181.92 (MB)
#Total memory = 3388.63 (MB)
#Peak memory = 4169.99 (MB)
#
#route_global_detail statistics:
#Cpu time = 00:33:17
#Elapsed time = 00:10:42
#Increased memory = 102.05 (MB)
#Total memory = 3323.20 (MB)
#Peak memory = 4169.99 (MB)
#Number of warnings = 5
#Total number of warnings = 27
#Number of fails = 0
#Total number of fails = 0
#Complete route_global_detail on Sat Jan  3 09:44:51 2026
#
#Default setup view is reset to AVF_RCWORST.
#Default setup view is reset to AVF_RCWORST.
AAE_INFO: Post Route call back at the end of routeDesign
#route_design: cpu time = 00:37:32, elapsed time = 00:11:32, memory = 3201.37 (MB), peak = 4169.99 (MB)
#% End route_design (date=01/03 09:44:52, total cpu=0:37:32, real=0:11:33, peak res=4170.0M, current mem=3201.4M)
@file 9:
@@file 10: write_db ./pnr/
cond_typ cond_worst cond_best
#% Begin save design ... (date=01/03 09:44:52, mem=3204.5M)
% Begin Save ccopt configuration ... (date=01/03 09:44:52, mem=3204.5M)
% End Save ccopt configuration ... (date=01/03 09:44:52, total cpu=0:00:00.3, real=0:00:01.0, peak res=3205.1M, current mem=3205.1M)
% Begin Save netlist data ... (date=01/03 09:44:53, mem=3205.1M)
Writing Binary DB to ./pnr.tmp/vbin/Silago_top_left_corner.v.bin in multi-threaded mode...
% End Save netlist data ... (date=01/03 09:44:53, total cpu=0:00:00.3, real=0:00:00.0, peak res=3205.2M, current mem=3205.2M)
Saving symbol-table file in separate thread ...
Saving congestion map file in separate thread ...
Saving congestion map file ./pnr.tmp/Silago_top_left_corner.route.congmap.gz ...
% Begin Save AAE data ... (date=01/03 09:44:53, mem=3206.6M)
Saving AAE Data ...
AAE DB initialization (MEM=5227.68 CPU=0:00:00.1 REAL=0:00:00.0) 
% End Save AAE data ... (date=01/03 09:44:53, total cpu=0:00:00.3, real=0:00:00.0, peak res=3222.8M, current mem=3222.8M)
Saving preference file ./pnr.tmp/gui.pref.tcl ...
Saving mode setting ...
Saving root attributes to be loaded post write_db ...
Saving global file ...
Saving root attributes to be loaded previous write_db ...
Saving Drc markers ...
... 58 markers are saved ...
... 42 geometry drc markers are saved ...
... 16 antenna drc markers are saved ...
Convert 0 swires and 0 svias from compressed groups
13 swires and 0 svias were compressed
3 swires and 0 svias were decompressed from small or sparse groups
Saving special route data file in separate thread ...
Saving PG file in separate thread ...
Saving placement file in separate thread ...
Saving route file in separate thread ...
Saving property file in separate thread ...
Convert 0 swires and 0 svias from compressed groups
** Saving stdCellPlacement_binary (version# 2) ...
Saving property file ./pnr.tmp/Silago_top_left_corner.prop
Saving PG file ./pnr.tmp/Silago_top_left_corner.pg.gz, version#2, (Created by Innovus v21.19-s058_1 on Sat Jan  3 09:44:57 2026)
Save Adaptive View Pruning View Names to Binary file
*** Completed saveProperty (cpu=0:00:00.2 real=0:00:00.0 mem=5282.2M) ***
*** Completed savePGFile (cpu=0:00:00.4 real=0:00:01.0 mem=5282.2M) ***
TAT_INFO: ::saveSpecialRoute REAL = 1 : CPU = 0 : MEM = 0.
TAT_INFO: ::savePGFile REAL = 1 : CPU = 0 : MEM = 0.
TAT_INFO: ::savePlace REAL = 0 : CPU = 0 : MEM = 0.
*** Completed saveRoute (cpu=0:00:01.0 real=0:00:01.0 mem=5282.2M) ***
TAT_INFO: ::saveRoute REAL = 1 : CPU = 0 : MEM = 0.
TAT_INFO: ::db::saveAnnotationAndProp REAL = 0 : CPU = 0 : MEM = 0.
#Saving pin access data to file ./pnr.tmp/Silago_top_left_corner.apa ...
#
Saving preRoute extracted patterns in file './pnr.tmp/Silago_top_left_corner.techData.gz' ...
Saving preRoute extraction data in directory './pnr.tmp/extraction/' ...
TAT_INFO: ::db::saveSymbolTable REAL = 0 : CPU = 0 : MEM = 0.
TAT_INFO: ::saveCongMap REAL = 0 : CPU = 0 : MEM = 0.
% Begin Save power constraints data ... (date=01/03 09:44:59, mem=3260.1M)
% End Save power constraints data ... (date=01/03 09:44:59, total cpu=0:00:00.1, real=0:00:00.0, peak res=3260.1M, current mem=3260.1M)
rc_typ rc_best rc_worst
rc_typ rc_best rc_worst
rc_typ rc_best rc_worst
rc_typ rc_best rc_worst
rc_typ rc_best rc_worst
rc_typ rc_best rc_worst
rc_typ rc_best rc_worst
Generated self-contained design pnr.tmp
#% End save design ... (date=01/03 09:45:00, total cpu=0:00:07.2, real=0:00:08.0, peak res=3260.8M, current mem=3260.8M)
*** Message Summary: 0 warning(s), 0 error(s)

@file 11:
@@file 12: write_ilm
**WARN: (IMPILM-365):	SI data will not be generated in this run since extraction needs to be done in postRoute mode.
	 To enable SI data creation, invoke SI aware optimization and then rerun write_ilm.
*Info: Derive Interface Logic in Multi-constraint Mode
*Info: set_db ilm_keep_async false conflicts with set_db timing_analysis_async_checks async setting. set_db ilm_keep_async false will be used in the ILM flow.
*Info: Using CTE mode ...
AAE_INFO: opIsDesignInPostRouteState() is 1
AAE_INFO: deleting AAE DB due to opIsDesignInPostRouteState() is changed ...
AAE DB initialization (MEM=5235.26 CPU=0:00:00.1 REAL=0:00:00.0) 
#################################################################################
# Design Stage: PostRoute
# Design Name: Silago_top_left_corner
# Design Mode: 90nm
# Analysis Mode: MMMC Non-OCV 
# Parasitics Mode: No SPEF/RCDB 
# Signoff Settings: SI Off 
#################################################################################
Extraction called for design 'Silago_top_left_corner' of instances=38770 and nets=42539 using extraction engine 'pre_route' .
**WARN: (IMPEXT-3530):	The process node is not set. Use the command set_design_mode -process <process node> prior to extraction for maximum accuracy and optimal automatic threshold setting.
Type 'man IMPEXT-3530' for more detail.
pre_route RC Extraction called for design Silago_top_left_corner.
RC Extraction called in multi-corner(3) mode.
RCMode: PreRoute
      RC Corner Indexes            0       1       2   
Capacitance Scaling Factor   : 1.00000 1.00000 1.00000 
Resistance Scaling Factor    : 1.00000 1.00000 1.00000 
Clock Cap. Scaling Factor    : 1.00000 1.00000 1.00000 
Clock Res. Scaling Factor    : 1.00000 1.00000 1.00000 
Shrink Factor                : 1.00000
PreRoute extraction is honoring NDR/Shielding/ExtraSpace for clock nets.
Using Quantus QRC technology file ...
Updating RC grid for preRoute extraction ...
Initializing multi-corner resistance tables ...
PreRoute RC Extraction DONE (CPU Time: 0:00:01.6  Real Time: 0:00:01.0  MEM: 5233.262M)
Start delay calculation (fullDC) (8 T). (MEM=5354.32)
Total number of fetched objects 41074
AAE_INFO: Total number of nets for which stage creation was skipped for all views 0
Total number of fetched objects 41074
AAE_INFO: Total number of nets for which stage creation was skipped for all views 0
Total number of fetched objects 41074
AAE_INFO: Total number of nets for which stage creation was skipped for all views 0
End delay calculation. (MEM=5946.34 CPU=0:00:54.7 REAL=0:00:07.0)
End delay calculation (fullDC). (MEM=5946.34 CPU=0:01:05 REAL=0:00:12.0)
Multi-CPU acceleration using 8 CPU(s).
**WARN: (PRL-848):	"set_multi_cpu_usage" can't be used in added command/script of queueCommandThreaded, the settings will be ignored.
**WARN: (PRL-848):	"set_multi_cpu_usage" can't be used in added command/script of queueCommandThreaded, the settings will be ignored.
**WARN: (PRL-848):	"set_multi_cpu_usage" can't be used in added command/script of queueCommandThreaded, the settings will be ignored.
Ending "collect_all_best_worst_latency_reg" (total cpu=0:00:00.8, real=0:00:01.0, peak res=3260.8M, current mem=2746.1M)
Ending "collect_all_best_worst_latency_reg" (total cpu=0:00:00.8, real=0:00:01.0, peak res=3260.8M, current mem=2743.4M)
Ending "collect_all_best_worst_latency_reg" (total cpu=0:00:00.8, real=0:00:01.0, peak res=3260.8M, current mem=2743.4M)
Multi-CPU acceleration using 8 CPU(s).
**WARN: (PRL-848):	"set_multi_cpu_usage" can't be used in added command/script of queueCommandThreaded, the settings will be ignored.
**WARN: (PRL-848):	"set_multi_cpu_usage" can't be used in added command/script of queueCommandThreaded, the settings will be ignored.
**WARN: (PRL-848):	"set_multi_cpu_usage" can't be used in added command/script of queueCommandThreaded, the settings will be ignored.
Ending "generate_inter_clock_paths_OLD" (total cpu=0:00:00.6, real=0:00:01.0, peak res=3260.8M, current mem=2736.7M)
Ending "generate_inter_clock_paths_OLD" (total cpu=0:00:00.6, real=0:00:01.0, peak res=3260.8M, current mem=2736.7M)
Ending "generate_inter_clock_paths_OLD" (total cpu=0:00:00.7, real=0:00:00.0, peak res=3260.8M, current mem=2736.7M)
Ending "collect_all_inter_clock_paths" (total cpu=0:00:00.6, real=0:00:02.0, peak res=3260.8M, current mem=3183.8M)
*** Constant Propagation Marking in Setup Analysis Mode Begin (mem=5590.3M) ***
*** Found 2495 constant pins (0:00:00.1) ***
*** Constant Propagation Marking End (cpu=0:00:00.1 mem=5590.3M) ***
*** Clear Unused Logic Marking (cpu=0:00:00.0, mem=5590.3M) ***
*** Non CTE Mark Clock Nets Begin (mem=5590.3M) ***
*** Non CTE Mark Clock Nets End (cpu=0:00:00.1 mem=5590.3M) ***
Deriving Virtual Partition of (Silago_top_left_corner) using constraint mode functional_AVF_RCWORST ...
*** Clear Unused Logic Marking (cpu=0:00:00.0, mem=5590.3M) ***
*** Non CTE Mark Clock Nets Begin (mem=5590.3M) ***
*** Non CTE Mark Clock Nets End (cpu=0:00:00.1 mem=5590.3M) ***
Deriving Virtual Partition of (Silago_top_left_corner) using constraint mode functional ...
*** Clear Unused Logic Marking (cpu=0:00:00.0, mem=5590.3M) ***
*** Non CTE Mark Clock Nets Begin (mem=5590.3M) ***
*** Non CTE Mark Clock Nets End (cpu=0:00:00.1 mem=5590.3M) ***
Deriving Virtual Partition of (Silago_top_left_corner) using constraint mode functional_AVF_RCTYP ...
*Info: Derive Interface Logic for SI in Multi-constraint Mode
*Info: Save Interface Logic -- Timing Model (Hold Analysis Views)
Creating directory ilm/mmmc/ilm_data.
Creating directory ilm/mmmc/ilm_data/Silago_top_left_corner/.
*Info: Output core boundary SDC for view AVF_RCBEST ....
Writing constant & min slew constraints to file ilm/mmmc/ilm_data/Silago_top_left_corner/Silago_top_left_corner_postRoute_AVF_RCBEST.core.sdc.gz
*Info: Total 195 terms are set as logic 1.
*Info: Total 1143 terms are set as logic 0.
*Info: Total 14388 terms are unused input.
*Info: Total 13704 terms has min slew annotated.
*Info: Output core boundary SDC for view AVF_RCTYP ....
Writing constant & min slew constraints to file ilm/mmmc/ilm_data/Silago_top_left_corner/Silago_top_left_corner_postRoute_AVF_RCTYP.core.sdc.gz
*Info: Total 195 terms are set as logic 1.
*Info: Total 1143 terms are set as logic 0.
*Info: Total 14388 terms are unused input.
*Info: Total 13704 terms has min slew annotated.
*** Commit Timing View Marking (cpu=0:00:00.0, mem=5590.3M) ***
*** Clear Unused Logic Marking (cpu=0:00:00.0, mem=5590.3M) ***
*Info: Save Interface Logic -- Timing Model (Setup Analysis Views)
*Info: Output core boundary SDC for view AVF_RCWORST ....
Writing constant & max slew constraints to file ilm/mmmc/ilm_data/Silago_top_left_corner/Silago_top_left_corner_postRoute_AVF_RCWORST.core.sdc.gz
*Info: Total 195 terms are set as logic 1.
*Info: Total 1143 terms are set as logic 0.
*Info: Total 14388 terms are unused input.
*Info: Total 13704 terms has max slew annotated.
*** Marking 18501/38770 (47%) insts as TAIgnored.
*** Marking 20009/41048 (48%) nets as TAIgnored.
*** Commit Timing View Marking (cpu=0:00:00.0, mem=5590.3M) ***
*Info: Output ILM verilog netlist ....
write_netlist Option: -hier ilm/mmmc/ilm_data/Silago_top_left_corner/Silago_top_left_corner_postRoute.v.gz
Processing hierarchical netlist marking ...
*** Hierarhical netlist marking finished (cpu=0:00:00.0, mem=5590.3M) ***
Dumping netlist ...
Processing hierarchical netlist marking ...
Hierarchical netlist marking finished (cpu=0:00:00.0, mem=5590.3M)
*: Write Placement file (cpu=0:00:00.0, mem=5590.3M)
*Info: Output ILM design DEF ....
Writing DEF file 'ilm/mmmc/ilm_data/Silago_top_left_corner/Silago_top_left_corner_postRoute.def.gz', current time is Sat Jan  3 09:45:22 2026 ...
unitPerMicron=1000, dbgMicronPerDBU=0.001000, unitPerDBU=1.000000
DEF file 'ilm/mmmc/ilm_data/Silago_top_left_corner/Silago_top_left_corner_postRoute.def.gz' is written, current time is Sat Jan  3 09:45:22 2026 ...
*Info: Output ILM parasitic SPEF ....
*** Clear Unused Logic Marking (cpu=0:00:00.0, mem=5590.3M) ***
-----------------------------------------------------------------------------------
	write_ilm Summary
-----------------------------------------------------------------------------------
Model      	Reduced Instances         Reduced Registers
-----------------------------------------------------------------------------------
ilm_data	18501/38770 (47%) 	1581/5059 (31%)
si_data 	0/0 (N/A%) 	0/0 (N/A%)
-----------------------------------------------------------------------------------
Info: ILM generated data will be saved into the ilm directory.
Ending "write_ilm" (total cpu=0:01:27, real=0:00:29.0, peak res=3344.1M, current mem=3335.0M)
#@ End verbose source: ../../../scr/pnr_partition.tcl

*** Memory Usage v#1 (Current mem = 5482.543M, initial mem = 494.961M) ***
*** Message Summary: 1172 warning(s), 0 error(s)

--- Ending "Innovus" (totcpu=1:27:03, real=0:26:15, mem=5482.5M) ---
