** NOTE: Created directory path '../../../../ex/log/pnr' for file '../../../../ex/log/pnr/pnr_Silago_bot_left_corner_2026-01-03_09-19-13.log'.

Cadence Innovus(TM) Implementation System.
Copyright 2021 Cadence Design Systems, Inc. All rights reserved worldwide.

Version:	v21.19-s058_1, built Thu Apr 4 09:59:17 PDT 2024
Options:	-stylus -no_gui -batch -files ../../../scr/pnr_partition.tcl -log ../../../../ex/log/pnr/pnr_Silago_bot_left_corner_2026-01-03_09-19-13.log                             ../../../../exe/log/pnr/pnr_part_Silago_bot_left_corner_2026-01-03_09-19-13.cmd                             ../../../../exe/log/pnr/pnr_part_Silago_bot_left_corner_2026-01-03_09-19-13.logv -overwrite 
Date:		Sat Jan  3 09:19:14 2026
Host:		il2225ht25_jcdavid (x86_64 w/Linux 5.15.0-164-generic) (12cores*48cpus*Intel(R) Xeon(R) CPU E7-8857 v2 @ 3.00GHz 30720KB)
OS:		Rocky Linux 8.10 (Green Obsidian)

License:
		[09:19:14.443844] Configured Lic search path (21.01-s002): 27020@lic04.ug.kth.se:27020@lic05.ug.kth.se:3000@lic08.ug.kth.se:29000@lic06.ug.kth.se

		invs	Innovus Implementation System	21.1	checkout succeeded
		8 CPU jobs allowed with the current license(s). Use set_multi_cpu_usage to set your required CPU count.


**WARN: (IMPOPT-801):	Genus executable not found in PATH. Install Genus, add the path to the genus executable in the PATH variable and rerun Innovus.
Create and set the environment variable TMPDIR to /tmp/innovus_temp_984321_il2225ht25_jcdavid_jcdavid_2krElk.

Change the soft stacksize limit to 0.2%RAM (6192 mbytes). Set global soft_stack_size_limit to change the value.

**INFO:  MMMC transition support version v31-84 

#@ Processing -files option
@innovus 1> source ../../../scr/pnr_partition.tcl
#@ Begin verbose source (pre): source ../../../scr/pnr_partition.tcl
@file 1: source ../../../scr/global_variables.tcl
#@ Begin verbose source ../../../scr/global_variables.tcl (pre)
@file 1: set NUM_CPUS 8
@file 2: #set the top name of the design
@file 3: set TOP_NAME drra_wrapper
@file 4:
@file 5: # Directories
@file 6: set OUTPUT_DIR "../phy/db"
@file 7: set RPT_DIR    "../phy/rpt"
@file 8: set SCR_DIR    "../phy/scr"
@file 9: #we need a part directory where partitions are created
@file 10: set PART_DIR   "../phy/db/part"
@file 11: set SRC_DIR    "../syn/db"
@file 12:
@file 13: set STDC_CCS_DIR  "/opt/pdk/gfip/22FDX-EXT/GF22FDX_SC8T_104CPP_BASE_CSC28L_FDK_RELV06R60/model/timing/ccs"
@file 14: set TECH_LEF_DIR  "/opt/pdk/gf22/V1.0_4.1/PlaceRoute/Innovus/Techfiles/10M_2Mx_4Cx_2Bx_2Jx_LB"
@file 15: set STDC_LEF_DIR  "/opt/pdk/gfip/22FDX-EXT/GF22FDX_SC8T_104CPP_BASE_CSC28L_FDK_RELV06R60/lef"
@file 16:
@file 17: set LEF_FILE "${TECH_LEF_DIR}/22FDSOI_10M_2Mx_4Cx_2Bx_2Jx_LB_104cpp_tech.lef \
        ${STDC_LEF_DIR}/GF22FDX_SC8T_104CPP_BASE_CSC28L.lef"
@file 19:
@file 20: set STDC_QRC_DIR  "/opt/pdk/gf22/V1.0_4.1/PEX/QRC/10M_2Mx_4Cx_2Bx_2Jx_LBthick"
@file 21:
@file 22: set OP_COD_LIB_BC "GF22FDX_SC8T_104CPP_BASE_CSC28L_FFG_0P72V_0P00V_0P00V_0P00V_M40C"
@file 23: set OP_COD_LIB_TC "GF22FDX_SC8T_104CPP_BASE_CSC28L_TT_0P80V_0P00V_0P00V_0P00V_25C"
@file 24: set OP_COD_LIB_WC "GF22FDX_SC8T_104CPP_BASE_CSC28L_SSG_0P72V_0P00V_0P00V_0P00V_125C"
@file 25: set OP_COD_LIB_SRAM_BC "IN22FDX_S1DV_NFVG_W00064B256M04C128_116cpp_TT_0P800V_0P800V_0P000V_0P000V_025C"
@file 26: set OP_COD_LIB_SRAM_TC "IN22FDX_S1DV_NFVG_W00064B256M04C128_116cpp_TT_0P800V_0P800V_0P000V_0P000V_025C"
@file 27: set OP_COD_LIB_SRAM_WC "IN22FDX_S1DV_NFVG_W00064B256M04C128_116cpp_SSG_0P720V_0P720V_0P000V_0P000V_125C"
@file 28: set OP_COD_LIB_IO_BC "dwc_io_gf22fdx_1p8v_gpio_i_ull_ffg0p945v1p320vm40c_funccmin"
@file 29: set OP_COD_LIB_IO_TC "dwc_io_gf22fdx_1p8v_gpio_i_ull_tt0p800v1p500v25c"
@file 30: set OP_COD_LIB_IO_WC "dwc_io_gf22fdx_1p8v_gpio_i_ull_ssg0p720v1p620v125c_funccmax"
@file 31: set LIB_FILES_BC "${STDC_CCS_DIR}/${OP_COD_LIB_BC}_ccs.lib.gz"
@file 32: set LIB_FILES_TC "${STDC_CCS_DIR}/${OP_COD_LIB_TC}_ccs.lib.gz"
@file 33: set LIB_FILES_WC "${STDC_CCS_DIR}/${OP_COD_LIB_WC}_ccs.lib.gz"
@file 34: set OP_COD_BC "FFG_0P72V_0P00V_0P00V_0P00V_M40C"
@file 35: set OP_COD_TC "TT_0P80V_0P00V_0P00V_0P00V_25C"
@file 36: set OP_COD_WC "SSG_0P72V_0P00V_0P00V_0P00V_125C"
@file 37: set OP_COD_SRAM_BC "TT_0P800V_0P800V_0P000V_0P000V_025C"
@file 38: set OP_COD_SRAM_TC "TT_0P800V_0P800V_0P000V_0P000V_025C"
@file 39: set OP_COD_SRAM_WC "SSG_0P720V_0P720V_0P000V_0P000V_125C"
@file 40: set OP_COD_IO_BC "ffg0p945v1p320vm40c"
@file 41: set OP_COD_IO_TC "TT_0P8_1P5_25"
@file 42: set OP_COD_IO_WC "SSG_0P59_1P08_125"
@file 43: set QRC_FILE_BC "${STDC_QRC_DIR}/FuncRCminDP/qrcTechFile"
@file 44: set QRC_FILE_TC "${STDC_QRC_DIR}/nominal/qrcTechFile"
@file 45: set QRC_FILE_WC "${STDC_QRC_DIR}/FuncRCmaxDP/qrcTechFile"
@file 46:
@file 47: set MMMC_FILE          "${SCR_DIR}/mmmc.tcl"
@file 48: set NETLIST_FILE       "${SRC_DIR}/${TOP_NAME}.v"
@file 49: set SDC_FILES          "${SRC_DIR}/${TOP_NAME}.sdc"
#@ End verbose source ../../../scr/global_variables.tcl
@file 2: source ../../../scr/design_variables.tcl
#@ Begin verbose source ../../../scr/design_variables.tcl (pre)
@@file 1: set_multi_cpu_usage -local_cpu ${NUM_CPUS} -cpu_per_remote_host 1 -remote_host 0 -keep_license true
Setting releaseMultiCpuLicenseMode to false.
@@file 2: set_distributed_hosts -local
The timeout for a remote job to respond is 3600 seconds.
Submit command for task runs will be: local
@file 3:
@file 4: set all_partition_hinst_list {
	Silago_top_l_corner_inst_0_0 \
	Silago_top_inst_1_0 \
	Silago_top_inst_2_0 \
	Silago_top_inst_3_0 \
	Silago_top_inst_4_0 \
	Silago_top_inst_5_0 \
	Silago_top_inst_6_0 \
	Silago_top_r_corner_inst_7_0 \
	Silago_bot_l_corner_inst_0_1 \
	Silago_bot_inst_1_1 \
	Silago_bot_inst_2_1 \
	Silago_bot_inst_3_1 \
	Silago_bot_inst_4_1 \
	Silago_bot_inst_5_1 \
	Silago_bot_inst_6_1 \
	Silago_bot_r_corner_inst_7_1 }
@file 21:
@file 22: set master_partition_hinst_list {
	Silago_top_l_corner_inst_0_0 \
	Silago_top_inst_1_0 \
	Silago_top_r_corner_inst_7_0 \
	Silago_bot_l_corner_inst_0_1 \
	Silago_bot_inst_1_1 \
	Silago_bot_r_corner_inst_7_1 }
@file 29:
@file 30: set clone_partition_bot_hinst_list {
	Silago_bot_inst_2_1 \
	Silago_bot_inst_3_1 \
	Silago_bot_inst_4_1 \
	Silago_bot_inst_5_1 \
	Silago_bot_inst_6_1 }
@file 36:
@file 37: set clone_partition_top_hinst_list {
	Silago_top_inst_2_0 \
	Silago_top_inst_3_0 \
	Silago_top_inst_4_0 \
	Silago_top_inst_5_0 \
	Silago_top_inst_6_0 }
@file 43:
@file 44: set all_partition_module_list {
	Silago_top_left_corner \
	Silago_top \
	Silago_top_right_corner \
	Silago_bot_left_corner \
	Silago_bot \
	Silago_bot_right_corner }
@file 51:
@file 52: set master_partition_module_list {
	Silago_top_left_corner \
	Silago_top \
	Silago_top_right_corner \
	Silago_bot_left_corner \
	Silago_bot \
	Silago_bot_right_corner }
#@ End verbose source ../../../scr/design_variables.tcl
@file 3:
@@file 4: read_db .
#% Begin load design ... (date=01/03 09:19:35, mem=841.4M)
Starting library reading in 'Multi-threaded flow' (with '8' threads)

Threads Configured:8
Reading LIBSET_WC timing library /opt/pdk/gfip/22FDX-EXT/GF22FDX_SC8T_104CPP_BASE_CSC28L_FDK_RELV06R60/model/timing/ccs/GF22FDX_SC8T_104CPP_BASE_CSC28L_SSG_0P72V_0P00V_0P00V_0P00V_125C_ccs.lib.gz.
**WARN: (TECHLIB-302):	No function defined for cell 'SC8T_TAPZBX8_CSC28L'. The cell will only be used for analysis. (File /opt/pdk/gfip/22FDX-EXT/GF22FDX_SC8T_104CPP_BASE_CSC28L_FDK_RELV06R60/model/timing/ccs/GF22FDX_SC8T_104CPP_BASE_CSC28L_SSG_0P72V_0P00V_0P00V_0P00V_125C_ccs.lib.gz)
**WARN: (TECHLIB-302):	No function defined for cell 'SC8T_TAPX8_CSC28L'. The cell will only be used for analysis. (File /opt/pdk/gfip/22FDX-EXT/GF22FDX_SC8T_104CPP_BASE_CSC28L_FDK_RELV06R60/model/timing/ccs/GF22FDX_SC8T_104CPP_BASE_CSC28L_SSG_0P72V_0P00V_0P00V_0P00V_125C_ccs.lib.gz)
**WARN: (TECHLIB-302):	No function defined for cell 'SC8T_NOM1COLCAPPX1_CSC28L'. The cell will only be used for analysis. (File /opt/pdk/gfip/22FDX-EXT/GF22FDX_SC8T_104CPP_BASE_CSC28L_FDK_RELV06R60/model/timing/ccs/GF22FDX_SC8T_104CPP_BASE_CSC28L_SSG_0P72V_0P00V_0P00V_0P00V_125C_ccs.lib.gz)
**WARN: (TECHLIB-302):	No function defined for cell 'SC8T_NOM1COLCAPNX1_CSC28L'. The cell will only be used for analysis. (File /opt/pdk/gfip/22FDX-EXT/GF22FDX_SC8T_104CPP_BASE_CSC28L_FDK_RELV06R60/model/timing/ccs/GF22FDX_SC8T_104CPP_BASE_CSC28L_SSG_0P72V_0P00V_0P00V_0P00V_125C_ccs.lib.gz)
**WARN: (TECHLIB-302):	No function defined for cell 'SC8T_FILLX8_CSC28L'. The cell will only be used for analysis. (File /opt/pdk/gfip/22FDX-EXT/GF22FDX_SC8T_104CPP_BASE_CSC28L_FDK_RELV06R60/model/timing/ccs/GF22FDX_SC8T_104CPP_BASE_CSC28L_SSG_0P72V_0P00V_0P00V_0P00V_125C_ccs.lib.gz)
**WARN: (TECHLIB-302):	No function defined for cell 'SC8T_FILLX64_CSC28L'. The cell will only be used for analysis. (File /opt/pdk/gfip/22FDX-EXT/GF22FDX_SC8T_104CPP_BASE_CSC28L_FDK_RELV06R60/model/timing/ccs/GF22FDX_SC8T_104CPP_BASE_CSC28L_SSG_0P72V_0P00V_0P00V_0P00V_125C_ccs.lib.gz)
**WARN: (TECHLIB-302):	No function defined for cell 'SC8T_FILLX5_CSC28L'. The cell will only be used for analysis. (File /opt/pdk/gfip/22FDX-EXT/GF22FDX_SC8T_104CPP_BASE_CSC28L_FDK_RELV06R60/model/timing/ccs/GF22FDX_SC8T_104CPP_BASE_CSC28L_SSG_0P72V_0P00V_0P00V_0P00V_125C_ccs.lib.gz)
**WARN: (TECHLIB-302):	No function defined for cell 'SC8T_FILLX4_CSC28L'. The cell will only be used for analysis. (File /opt/pdk/gfip/22FDX-EXT/GF22FDX_SC8T_104CPP_BASE_CSC28L_FDK_RELV06R60/model/timing/ccs/GF22FDX_SC8T_104CPP_BASE_CSC28L_SSG_0P72V_0P00V_0P00V_0P00V_125C_ccs.lib.gz)
**WARN: (TECHLIB-302):	No function defined for cell 'SC8T_FILLX3_CSC28L'. The cell will only be used for analysis. (File /opt/pdk/gfip/22FDX-EXT/GF22FDX_SC8T_104CPP_BASE_CSC28L_FDK_RELV06R60/model/timing/ccs/GF22FDX_SC8T_104CPP_BASE_CSC28L_SSG_0P72V_0P00V_0P00V_0P00V_125C_ccs.lib.gz)
**WARN: (TECHLIB-302):	No function defined for cell 'SC8T_FILLX32_CSC28L'. The cell will only be used for analysis. (File /opt/pdk/gfip/22FDX-EXT/GF22FDX_SC8T_104CPP_BASE_CSC28L_FDK_RELV06R60/model/timing/ccs/GF22FDX_SC8T_104CPP_BASE_CSC28L_SSG_0P72V_0P00V_0P00V_0P00V_125C_ccs.lib.gz)
**WARN: (TECHLIB-302):	No function defined for cell 'SC8T_FILLX2_CSC28L'. The cell will only be used for analysis. (File /opt/pdk/gfip/22FDX-EXT/GF22FDX_SC8T_104CPP_BASE_CSC28L_FDK_RELV06R60/model/timing/ccs/GF22FDX_SC8T_104CPP_BASE_CSC28L_SSG_0P72V_0P00V_0P00V_0P00V_125C_ccs.lib.gz)
**WARN: (TECHLIB-302):	No function defined for cell 'SC8T_FILLX1_CSC28L'. The cell will only be used for analysis. (File /opt/pdk/gfip/22FDX-EXT/GF22FDX_SC8T_104CPP_BASE_CSC28L_FDK_RELV06R60/model/timing/ccs/GF22FDX_SC8T_104CPP_BASE_CSC28L_SSG_0P72V_0P00V_0P00V_0P00V_125C_ccs.lib.gz)
**WARN: (TECHLIB-302):	No function defined for cell 'SC8T_FILLX16_CSC28L'. The cell will only be used for analysis. (File /opt/pdk/gfip/22FDX-EXT/GF22FDX_SC8T_104CPP_BASE_CSC28L_FDK_RELV06R60/model/timing/ccs/GF22FDX_SC8T_104CPP_BASE_CSC28L_SSG_0P72V_0P00V_0P00V_0P00V_125C_ccs.lib.gz)
**WARN: (TECHLIB-302):	No function defined for cell 'SC8T_FILLX128_CSC28L'. The cell will only be used for analysis. (File /opt/pdk/gfip/22FDX-EXT/GF22FDX_SC8T_104CPP_BASE_CSC28L_FDK_RELV06R60/model/timing/ccs/GF22FDX_SC8T_104CPP_BASE_CSC28L_SSG_0P72V_0P00V_0P00V_0P00V_125C_ccs.lib.gz)
**WARN: (TECHLIB-302):	No function defined for cell 'SC8T_CONCAVEPRX9_CSC28L'. The cell will only be used for analysis. (File /opt/pdk/gfip/22FDX-EXT/GF22FDX_SC8T_104CPP_BASE_CSC28L_FDK_RELV06R60/model/timing/ccs/GF22FDX_SC8T_104CPP_BASE_CSC28L_SSG_0P72V_0P00V_0P00V_0P00V_125C_ccs.lib.gz)
**WARN: (TECHLIB-302):	No function defined for cell 'SC8T_CONCAVEPRX11_CSC28L'. The cell will only be used for analysis. (File /opt/pdk/gfip/22FDX-EXT/GF22FDX_SC8T_104CPP_BASE_CSC28L_FDK_RELV06R60/model/timing/ccs/GF22FDX_SC8T_104CPP_BASE_CSC28L_SSG_0P72V_0P00V_0P00V_0P00V_125C_ccs.lib.gz)
**WARN: (TECHLIB-302):	No function defined for cell 'SC8T_CONCAVEPLX9_CSC28L'. The cell will only be used for analysis. (File /opt/pdk/gfip/22FDX-EXT/GF22FDX_SC8T_104CPP_BASE_CSC28L_FDK_RELV06R60/model/timing/ccs/GF22FDX_SC8T_104CPP_BASE_CSC28L_SSG_0P72V_0P00V_0P00V_0P00V_125C_ccs.lib.gz)
**WARN: (TECHLIB-302):	No function defined for cell 'SC8T_CONCAVEPLX11_CSC28L'. The cell will only be used for analysis. (File /opt/pdk/gfip/22FDX-EXT/GF22FDX_SC8T_104CPP_BASE_CSC28L_FDK_RELV06R60/model/timing/ccs/GF22FDX_SC8T_104CPP_BASE_CSC28L_SSG_0P72V_0P00V_0P00V_0P00V_125C_ccs.lib.gz)
**WARN: (TECHLIB-302):	No function defined for cell 'SC8T_CONCAVENRX9_CSC28L'. The cell will only be used for analysis. (File /opt/pdk/gfip/22FDX-EXT/GF22FDX_SC8T_104CPP_BASE_CSC28L_FDK_RELV06R60/model/timing/ccs/GF22FDX_SC8T_104CPP_BASE_CSC28L_SSG_0P72V_0P00V_0P00V_0P00V_125C_ccs.lib.gz)
**WARN: (TECHLIB-302):	No function defined for cell 'SC8T_CONCAVENRX11_CSC28L'. The cell will only be used for analysis. (File /opt/pdk/gfip/22FDX-EXT/GF22FDX_SC8T_104CPP_BASE_CSC28L_FDK_RELV06R60/model/timing/ccs/GF22FDX_SC8T_104CPP_BASE_CSC28L_SSG_0P72V_0P00V_0P00V_0P00V_125C_ccs.lib.gz)
Message <TECHLIB-302> has exceeded the message display limit of '20'. Use 'set_message -no_limit -id list_of_msgIDs' to reset the message limit.
Read 959 cells in library GF22FDX_SC8T_104CPP_BASE_CSC28L_SSG_0P72V_0P00V_0P00V_0P00V_125C.
Library reading multithread flow ended.
Starting library reading in 'Multi-threaded flow' (with '8' threads)

Threads Configured:8
Reading LIBSET_BC timing library /opt/pdk/gfip/22FDX-EXT/GF22FDX_SC8T_104CPP_BASE_CSC28L_FDK_RELV06R60/model/timing/ccs/GF22FDX_SC8T_104CPP_BASE_CSC28L_FFG_0P72V_0P00V_0P00V_0P00V_M40C_ccs.lib.gz.
Read 959 cells in library GF22FDX_SC8T_104CPP_BASE_CSC28L_FFG_0P72V_0P00V_0P00V_0P00V_M40C.
Library reading multithread flow ended.
cond_typ cond_worst cond_best
rc_typ rc_best rc_worst

Loading LEF file /home/jcdavid/IL2225-Project/SiLagoNN/phy/db/part/Silago_bot_left_corner/libs/lef/22FDSOI_10M_2Mx_4Cx_2Bx_2Jx_LB_104cpp_tech.lef ...

Loading LEF file /home/jcdavid/IL2225-Project/SiLagoNN/phy/db/part/Silago_bot_left_corner/libs/lef/GF22FDX_SC8T_104CPP_BASE_CSC28L.lef ...
**WARN: (IMPLF-378):	The spacing for cell edge type 'SC8T_104CPP_BASE_CSC_SOURCE' and 'SC8T_104CPP_BASE_CSC_SOURCE' is already defined. It will be overwritten by the new definition in LEF file '/home/jcdavid/IL2225-Project/SiLagoNN/phy/db/part/Silago_bot_left_corner/libs/lef/GF22FDX_SC8T_104CPP_BASE_CSC28L.lef'.
If it's defined multiple times for the same pair of types, only the last one
will be kept. Check all definitions in all LEF files to remove any duplicated
definitions to avoid this warning message.
**WARN: (IMPLF-378):	The spacing for cell edge type 'SC8T_104CPP_BASE_CSC_DRAIN' and 'SC8T_104CPP_BASE_CSC_SOURCE' is already defined. It will be overwritten by the new definition in LEF file '/home/jcdavid/IL2225-Project/SiLagoNN/phy/db/part/Silago_bot_left_corner/libs/lef/GF22FDX_SC8T_104CPP_BASE_CSC28L.lef'.
If it's defined multiple times for the same pair of types, only the last one
will be kept. Check all definitions in all LEF files to remove any duplicated
definitions to avoid this warning message.
**WARN: (IMPLF-378):	The spacing for cell edge type 'SC8T_104CPP_BASE_CSC_DRAIN' and 'SC8T_104CPP_BASE_CSC_DRAIN' is already defined. It will be overwritten by the new definition in LEF file '/home/jcdavid/IL2225-Project/SiLagoNN/phy/db/part/Silago_bot_left_corner/libs/lef/GF22FDX_SC8T_104CPP_BASE_CSC28L.lef'.
If it's defined multiple times for the same pair of types, only the last one
will be kept. Check all definitions in all LEF files to remove any duplicated
definitions to avoid this warning message.
**WARN: (IMPLF-378):	The spacing for cell edge type 'SC8T_104CPP_BASE_CSC_SOURCE2CPP' and 'SC8T_104CPP_BASE_CSC_SOURCE2CPP' is already defined. It will be overwritten by the new definition in LEF file '/home/jcdavid/IL2225-Project/SiLagoNN/phy/db/part/Silago_bot_left_corner/libs/lef/GF22FDX_SC8T_104CPP_BASE_CSC28L.lef'.
If it's defined multiple times for the same pair of types, only the last one
will be kept. Check all definitions in all LEF files to remove any duplicated
definitions to avoid this warning message.
**WARN: (IMPLF-378):	The spacing for cell edge type 'SC8T_104CPP_BASE_CSC_SOURCE' and 'SC8T_104CPP_BASE_CSC_SOURCE2CPP' is already defined. It will be overwritten by the new definition in LEF file '/home/jcdavid/IL2225-Project/SiLagoNN/phy/db/part/Silago_bot_left_corner/libs/lef/GF22FDX_SC8T_104CPP_BASE_CSC28L.lef'.
If it's defined multiple times for the same pair of types, only the last one
will be kept. Check all definitions in all LEF files to remove any duplicated
definitions to avoid this warning message.
**WARN: (IMPLF-378):	The spacing for cell edge type 'SC8T_104CPP_BASE_CSC_SOURCE2CPP' and 'SC8T_104CPP_BASE_CSC_DRAIN' is already defined. It will be overwritten by the new definition in LEF file '/home/jcdavid/IL2225-Project/SiLagoNN/phy/db/part/Silago_bot_left_corner/libs/lef/GF22FDX_SC8T_104CPP_BASE_CSC28L.lef'.
If it's defined multiple times for the same pair of types, only the last one
will be kept. Check all definitions in all LEF files to remove any duplicated
definitions to avoid this warning message.
Set DBUPerIGU to M1 pitch 104.
[09:21:35.156722] Periodic Lic check successful
[09:21:35.156745] Feature usage summary:
[09:21:35.156746] Innovus_Impl_System
[09:21:35.156747] Innovus_20nm_Opt

This command "read_db ." required an extra checkout of license invs_20nm.
Additional license(s) checked out: 1 'Innovus_20nm_Opt' license(s)
**WARN: (IMPLF-201):	Pin 'Z' in macro 'SC8T_XOR3X8_CSC28L' has no ANTENNADIFFAREA value defined. The library data is incomplete and some process antenna rules will not be checked correctly.
Type 'man IMPLF-201' for more detail.
**WARN: (IMPLF-201):	Pin 'Z' in macro 'SC8T_XOR3X4_CSC28L' has no ANTENNADIFFAREA value defined. The library data is incomplete and some process antenna rules will not be checked correctly.
Type 'man IMPLF-201' for more detail.
**WARN: (IMPLF-201):	Pin 'Z' in macro 'SC8T_XOR3X2_CSC28L' has no ANTENNADIFFAREA value defined. The library data is incomplete and some process antenna rules will not be checked correctly.
Type 'man IMPLF-201' for more detail.
**WARN: (IMPLF-201):	Pin 'Z' in macro 'SC8T_XOR3X1_MR_CSC28L' has no ANTENNADIFFAREA value defined. The library data is incomplete and some process antenna rules will not be checked correctly.
Type 'man IMPLF-201' for more detail.
**WARN: (IMPLF-201):	Pin 'Z' in macro 'SC8T_XOR3X1_CSC28L' has no ANTENNADIFFAREA value defined. The library data is incomplete and some process antenna rules will not be checked correctly.
Type 'man IMPLF-201' for more detail.
**WARN: (IMPLF-201):	Pin 'Z' in macro 'SC8T_XOR2X8_CSC28L' has no ANTENNADIFFAREA value defined. The library data is incomplete and some process antenna rules will not be checked correctly.
Type 'man IMPLF-201' for more detail.
**WARN: (IMPLF-201):	Pin 'Z' in macro 'SC8T_XOR2X4_CSC28L' has no ANTENNADIFFAREA value defined. The library data is incomplete and some process antenna rules will not be checked correctly.
Type 'man IMPLF-201' for more detail.
**WARN: (IMPLF-201):	Pin 'Z' in macro 'SC8T_XOR2X2_CSC28L' has no ANTENNADIFFAREA value defined. The library data is incomplete and some process antenna rules will not be checked correctly.
Type 'man IMPLF-201' for more detail.
**WARN: (IMPLF-201):	Pin 'Z' in macro 'SC8T_XOR2X1_MR_CSC28L' has no ANTENNADIFFAREA value defined. The library data is incomplete and some process antenna rules will not be checked correctly.
Type 'man IMPLF-201' for more detail.
**WARN: (IMPLF-201):	Pin 'Z' in macro 'SC8T_XOR2X1_CSC28L' has no ANTENNADIFFAREA value defined. The library data is incomplete and some process antenna rules will not be checked correctly.
Type 'man IMPLF-201' for more detail.
**WARN: (IMPLF-201):	Pin 'Z' in macro 'SC8T_XOR2X0P5_CSC28L' has no ANTENNADIFFAREA value defined. The library data is incomplete and some process antenna rules will not be checked correctly.
Type 'man IMPLF-201' for more detail.
**WARN: (IMPLF-201):	Pin 'Z' in macro 'SC8T_XNR3X8_CSC28L' has no ANTENNADIFFAREA value defined. The library data is incomplete and some process antenna rules will not be checked correctly.
Type 'man IMPLF-201' for more detail.
**WARN: (IMPLF-201):	Pin 'Z' in macro 'SC8T_XNR3X4_CSC28L' has no ANTENNADIFFAREA value defined. The library data is incomplete and some process antenna rules will not be checked correctly.
Type 'man IMPLF-201' for more detail.
**WARN: (IMPLF-201):	Pin 'Z' in macro 'SC8T_XNR3X2_CSC28L' has no ANTENNADIFFAREA value defined. The library data is incomplete and some process antenna rules will not be checked correctly.
Type 'man IMPLF-201' for more detail.
**WARN: (IMPLF-201):	Pin 'Z' in macro 'SC8T_XNR3X1_MR_CSC28L' has no ANTENNADIFFAREA value defined. The library data is incomplete and some process antenna rules will not be checked correctly.
Type 'man IMPLF-201' for more detail.
**WARN: (IMPLF-201):	Pin 'Z' in macro 'SC8T_XNR3X1_CSC28L' has no ANTENNADIFFAREA value defined. The library data is incomplete and some process antenna rules will not be checked correctly.
Type 'man IMPLF-201' for more detail.
**WARN: (IMPLF-201):	Pin 'Z' in macro 'SC8T_XNR2X8_CSC28L' has no ANTENNADIFFAREA value defined. The library data is incomplete and some process antenna rules will not be checked correctly.
Type 'man IMPLF-201' for more detail.
**WARN: (IMPLF-201):	Pin 'Z' in macro 'SC8T_XNR2X4_CSC28L' has no ANTENNADIFFAREA value defined. The library data is incomplete and some process antenna rules will not be checked correctly.
Type 'man IMPLF-201' for more detail.
**WARN: (IMPLF-201):	Pin 'Z' in macro 'SC8T_XNR2X2_CSC28L' has no ANTENNADIFFAREA value defined. The library data is incomplete and some process antenna rules will not be checked correctly.
Type 'man IMPLF-201' for more detail.
**WARN: (IMPLF-201):	Pin 'Z' in macro 'SC8T_XNR2X1_MR_CSC28L' has no ANTENNADIFFAREA value defined. The library data is incomplete and some process antenna rules will not be checked correctly.
Type 'man IMPLF-201' for more detail.
**WARN: (EMS-27):	Message (IMPLF-201) has exceeded the current message display limit of 20.
To increase the message display limit, refer to the product command reference manual.
**WARN: (IMPLF-200):	Pin 'A' in macro 'SC8T_ANTENNAX11_CSC28L' has no ANTENNAGATEAREA value defined. The library data is incomplete and some process antenna rules will not be checked correctly.
Type 'man IMPLF-200' for more detail.

##  Check design process and node:  
##  Both design process and tech node are not set.

Loading view definition file from /home/jcdavid/IL2225-Project/SiLagoNN/phy/db/part/Silago_bot_left_corner/viewDefinition.tcl
% Begin Load netlist data ... (date=01/03 09:21:35, mem=934.5M)
*** Begin netlist parsing (mem=1784.3M) ***
Created 959 new cells from 2 timing libraries.
Reading netlist ...
Backslashed names will retain backslash and a trailing blank character.
Reading verilogBinary netlist '/home/jcdavid/IL2225-Project/SiLagoNN/phy/db/part/Silago_bot_left_corner/vbin/Silago_bot_left_corner.v.bin'
Reading binary database version 2 in multi-threaded mode

*** Memory Usage v#1 (Current mem = 1820.359M, initial mem = 502.961M) ***
*** End netlist parsing (cpu=0:00:00.4, real=0:00:00.0, mem=1820.4M) ***
% End Load netlist data ... (date=01/03 09:21:35, total cpu=0:00:00.4, real=0:00:00.0, peak res=1057.2M, current mem=1057.2M)
Set top cell to Silago_bot_left_corner.
Hooked 1918 DB cells to tlib cells.
Starting recursive module instantiation check.
No recursion found.
Building hierarchical netlist for Cell Silago_bot_left_corner ...
*** Netlist is unique.
** info: there are 2147 modules.
** info: there are 36390 stdCell insts.

*** Memory Usage v#1 (Current mem = 1819.273M, initial mem = 502.961M) ***

Honor LEF defined pitches for advanced node
Start create_tracks
**WARN: (IMPTR-9998):	The mode setting command for route_trial is obsolete and should not be used anymore.  It still works in this release but will be removed in a future release.  You should change to use set_db route_early_global_<attr_name> to set modes for route_early_global which is the replacement tool for route_trial.
add_rings command will ignore shorts while creating rings.
add_rings command will disallow rings to go over rows.
add_rings command will consider rows while creating rings.
The ring targets are set to core/block ring wires.
**WARN: (IMPTB-413):	Option "budget_virtual_opt_engine" of the set_db command doesn't regenerate Timing Graph, if it already exists.
add_stripes will allow jog to connect padcore ring and block ring.

Stripes will not extend to closest target.
When breaking rings, the power planner will consider the existence of blocks.
add_stripes will break automatically at non-default domains when generating global stripes over the core area or default domain.
The entire stripe set will break at the domain if one of the nets is not in the domain.
Stripes will not be created over regions without power planning wires.
Offset for stripe breaking is set to 0.
Stripes will stop at the boundary of the specified area.
The power planner will set stripe antenna targets to none (no trimming allowed).

Loading LEF file /home/jcdavid/IL2225-Project/SiLagoNN/phy/db/part/Silago_bot_left_corner/Silago_bot_left_corner.lef.info.gz ...
*Info: initialize multi-corner CTS.
Starting library reading in 'Multi-threaded flow' (with '8' threads)

Threads Configured:8
Reading LIBSET_TC timing library /opt/pdk/gfip/22FDX-EXT/GF22FDX_SC8T_104CPP_BASE_CSC28L_FDK_RELV06R60/model/timing/ccs/GF22FDX_SC8T_104CPP_BASE_CSC28L_TT_0P80V_0P00V_0P00V_0P00V_25C_ccs.lib.gz.
Read 959 cells in library GF22FDX_SC8T_104CPP_BASE_CSC28L_TT_0P80V_0P00V_0P00V_0P00V_25C.
Library reading multithread flow ended.
Total number of combinational cells: 808
Total number of sequential cells: 101
Total number of tristate cells: 4
Total number of level shifter cells: 0
Total number of power gating cells: 0
Total number of isolation cells: 0
Total number of power switch cells: 0
Total number of pulse generator cells: 0
Total number of always on buffers: 0
Total number of retention cells: 0
Total number of physical cells: 46
List of usable buffers: SC8T_BUFX0P5_A_CSC28L SC8T_BUFX0P5_CSC28L SC8T_BUFX10_CSC28L SC8T_BUFX12_CSC28L SC8T_BUFX16_CSC28L SC8T_BUFX1P5_CSC28L SC8T_BUFX1_A_CSC28L SC8T_BUFX1_MR_CSC28L SC8T_BUFX1_CSC28L SC8T_BUFX20_CSC28L SC8T_BUFX24_CSC28L SC8T_BUFX2_CSC28L SC8T_BUFX3_CSC28L SC8T_BUFX4_MR_CSC28L SC8T_BUFX4_CSC28L SC8T_BUFX6_CSC28L SC8T_BUFX8_CSC28L SC8T_CKBUFX10_CSC28L SC8T_CKBUFX12_CSC28L SC8T_CKBUFX16_CSC28L SC8T_CKBUFX1_MR_CSC28L SC8T_CKBUFX1_CSC28L SC8T_CKBUFX20_CSC28L SC8T_CKBUFX24_CSC28L SC8T_CKBUFX2_CSC28L SC8T_CKBUFX4_CSC28L SC8T_CKBUFX6_CSC28L SC8T_CKBUFX8_CSC28L
Total number of usable buffers: 28
List of unusable buffers:
Total number of unusable buffers: 0
List of usable inverters: SC8T_INVX0P5_CSC28L SC8T_INVX10_CSC28L SC8T_INVX12_CSC28L SC8T_INVX16_CSC28L SC8T_INVX1P5_CSC28L SC8T_INVX1_3CPP_CSC28L SC8T_INVX1_MR_CSC28L SC8T_INVX1_CSC28L SC8T_INVX20_CSC28L SC8T_INVX24_CSC28L SC8T_INVX2_CSC28L SC8T_INVX3_CSC28L SC8T_INVX4_CSC28L SC8T_INVX6_CSC28L SC8T_INVX8_CSC28L SC8T_CKINVX10_CSC28L SC8T_CKINVX12_CSC28L SC8T_CKINVX16_CSC28L SC8T_CKINVX1_MR_CSC28L SC8T_CKINVX1_CSC28L SC8T_CKINVX20_CSC28L SC8T_CKINVX24_CSC28L SC8T_CKINVX2_CSC28L SC8T_CKINVX4_CSC28L SC8T_CKINVX6_CSC28L SC8T_CKINVX8_CSC28L
Total number of usable inverters: 26
List of unusable inverters:
Total number of unusable inverters: 0
List of identified usable delay cells: SC8T_DLY100X1_CSC28L SC8T_DLY40X1_CSC28L SC8T_DLY60X1_CSC28L SC8T_DLY80X1_CSC28L
Total number of identified usable delay cells: 4
List of identified unusable delay cells:
Total number of identified unusable delay cells: 0
Reading floorplan file - /home/jcdavid/IL2225-Project/SiLagoNN/phy/db/part/Silago_bot_left_corner/Silago_bot_left_corner.fp.gz (mem = 2128.0M).
% Begin Load floorplan data ... (date=01/03 09:22:36, mem=1305.8M)
*info: reset 39436 existing net BottomPreferredLayer and AvoidDetour
Deleting old partition specification.
Set FPlanBox to (0 0 199992 200320)

Honor LEF defined pitches for advanced node
Start create_tracks
 ... processed partition successfully.
Reading binary special route file /home/jcdavid/IL2225-Project/SiLagoNN/phy/db/part/Silago_bot_left_corner/Silago_bot_left_corner.fp.spr.gz (Created by Innovus v21.19-s058_1 on Sat Jan  3 09:18:01 2026, version: 1)
Convert 0 swires and 0 svias from compressed groups
4 swires and 0 svias were compressed
13 swires and 0 svias were decompressed from small or sparse groups
Ending "Read special route file" (total cpu=0:00:00.1, real=0:00:00.0, peak res=1307.3M, current mem=1307.3M)
Extracting standard cell pins and blockage ...... 
Pin and blockage extraction finished
Delete all existing relative floorplan constraints.
% End Load floorplan data ... (date=01/03 09:22:36, total cpu=0:00:00.2, real=0:00:01.0, peak res=1308.5M, current mem=1308.5M)
% Begin Load SymbolTable ... (date=01/03 09:22:37, mem=1308.5M)
% End Load SymbolTable ... (date=01/03 09:22:37, total cpu=0:00:00.2, real=0:00:00.0, peak res=1311.5M, current mem=1311.5M)
Loading place ...
% Begin Load placement data ... (date=01/03 09:22:37, mem=1311.5M)
Reading placement file - /home/jcdavid/IL2225-Project/SiLagoNN/phy/db/part/Silago_bot_left_corner/Silago_bot_left_corner.place.gz.
** Reading stdCellPlacement_binary (Created by Innovus v21.19-s058_1 on Sat Jan  3 09:18:01 2026, version# 1) ...
Read Views for adaptive view pruning ...
Read 0 views from Binary DB for adaptive view pruning
*** Completed restorePlace (cpu=0:00:00.0 real=0:00:00.0 mem=2129.0M) ***
Total net length = 1.579e+02 (3.722e+01 1.207e+02) (ext = 8.347e+01)
% End Load placement data ... (date=01/03 09:22:37, total cpu=0:00:00.1, real=0:00:00.0, peak res=1311.7M, current mem=1311.7M)
Reading PG file /home/jcdavid/IL2225-Project/SiLagoNN/phy/db/part/Silago_bot_left_corner/Silago_bot_left_corner.pg.gz, version#2, (Created by Innovus v21.19-s058_1 on       Sat Jan  3 09:18:01 2026)
*** Completed restorePGFile (cpu=0:00:00.0 real=0:00:00.0 mem=2126.0M) ***
% Begin Load routing data ... (date=01/03 09:22:37, mem=1311.5M)
Reading routing file - /home/jcdavid/IL2225-Project/SiLagoNN/phy/db/part/Silago_bot_left_corner/Silago_bot_left_corner.route.gz.
Reading Innovus routing data (Created by Innovus v21.19-s058_1 on Sat Jan  3 09:18:01 2026 Format: 20.1) ...
*** Total 38378 nets are successfully restored.
*** Completed restoreRoute (cpu=0:00:00.1 real=0:00:00.0 mem=2126.0M) ***
% End Load routing data ... (date=01/03 09:22:37, total cpu=0:00:00.1, real=0:00:00.0, peak res=1312.1M, current mem=1312.1M)
Reading property file /home/jcdavid/IL2225-Project/SiLagoNN/phy/db/part/Silago_bot_left_corner/Silago_bot_left_corner.prop
*** Completed restoreProperty (cpu=0:00:00.0 real=0:00:00.0 mem=2129.0M) ***
% Begin Loading timing constraints ... (date=01/03 09:22:37, mem=1312.6M)
Reading timing constraints file '/home/jcdavid/IL2225-Project/SiLagoNN/phy/db/part/Silago_bot_left_corner/Silago_bot_left_corner_AVF_RCWORST.constr.pt' ...
Current (total cpu=0:18:39, real=0:03:24, peak res=2112.8M, current mem=1603.3M)
**WARN: (TCLCMD-1602):	The clock '_INN_superClk' has been asserted with zero period (File /home/jcdavid/IL2225-Project/SiLagoNN/phy/db/part/Silago_bot_left_corner/Silago_bot_left_corner_AVF_RCWORST.constr.pt, Line 5).

**WARN: (TCLCMD-1530):	Clock '_INN_superClk' has clock waveform with rise & fall edges defined at the same time. (File /home/jcdavid/IL2225-Project/SiLagoNN/phy/db/part/Silago_bot_left_corner/Silago_bot_left_corner_AVF_RCWORST.constr.pt, Line 5).

**WARN: (TCLCMD-1142):	Virtual clock '_INN_superClk' is being created with no source objects. (File /home/jcdavid/IL2225-Project/SiLagoNN/phy/db/part/Silago_bot_left_corner/Silago_bot_left_corner_AVF_RCWORST.constr.pt, Line 5).

INFO (CTE): Reading of timing constraints file /home/jcdavid/IL2225-Project/SiLagoNN/phy/db/part/Silago_bot_left_corner/Silago_bot_left_corner_AVF_RCWORST.constr.pt completed, with 3 WARNING
Ending "Constraint file reading stats" (total cpu=0:00:00.6, real=0:00:01.0, peak res=1645.1M, current mem=1645.1M)
Current (total cpu=0:18:39, real=0:03:25, peak res=2112.8M, current mem=1645.1M)
Reading timing constraints file '/home/jcdavid/IL2225-Project/SiLagoNN/phy/db/part/Silago_bot_left_corner/Silago_bot_left_corner_AVF_RCTYP.constr.pt' ...
Current (total cpu=0:18:39, real=0:03:25, peak res=2112.8M, current mem=1645.2M)
**WARN: (TCLCMD-1602):	The clock '_INN_superClk' has been asserted with zero period (File /home/jcdavid/IL2225-Project/SiLagoNN/phy/db/part/Silago_bot_left_corner/Silago_bot_left_corner_AVF_RCTYP.constr.pt, Line 5).

**WARN: (TCLCMD-1530):	Clock '_INN_superClk' has clock waveform with rise & fall edges defined at the same time. (File /home/jcdavid/IL2225-Project/SiLagoNN/phy/db/part/Silago_bot_left_corner/Silago_bot_left_corner_AVF_RCTYP.constr.pt, Line 5).

**WARN: (TCLCMD-1142):	Virtual clock '_INN_superClk' is being created with no source objects. (File /home/jcdavid/IL2225-Project/SiLagoNN/phy/db/part/Silago_bot_left_corner/Silago_bot_left_corner_AVF_RCTYP.constr.pt, Line 5).

INFO (CTE): Reading of timing constraints file /home/jcdavid/IL2225-Project/SiLagoNN/phy/db/part/Silago_bot_left_corner/Silago_bot_left_corner_AVF_RCTYP.constr.pt completed, with 3 WARNING
Ending "Constraint file reading stats" (total cpu=0:00:00.5, real=0:00:00.0, peak res=1645.5M, current mem=1645.5M)
Current (total cpu=0:18:40, real=0:03:25, peak res=2112.8M, current mem=1645.5M)
Reading timing constraints file '/home/jcdavid/IL2225-Project/SiLagoNN/phy/db/part/Silago_bot_left_corner/Silago_bot_left_corner_AVF_RCBEST.constr.pt' ...
Current (total cpu=0:18:40, real=0:03:26, peak res=2112.8M, current mem=1645.5M)
**WARN: (TCLCMD-1602):	The clock '_INN_superClk' has been asserted with zero period (File /home/jcdavid/IL2225-Project/SiLagoNN/phy/db/part/Silago_bot_left_corner/Silago_bot_left_corner_AVF_RCBEST.constr.pt, Line 5).

**WARN: (TCLCMD-1530):	Clock '_INN_superClk' has clock waveform with rise & fall edges defined at the same time. (File /home/jcdavid/IL2225-Project/SiLagoNN/phy/db/part/Silago_bot_left_corner/Silago_bot_left_corner_AVF_RCBEST.constr.pt, Line 5).

**WARN: (TCLCMD-1142):	Virtual clock '_INN_superClk' is being created with no source objects. (File /home/jcdavid/IL2225-Project/SiLagoNN/phy/db/part/Silago_bot_left_corner/Silago_bot_left_corner_AVF_RCBEST.constr.pt, Line 5).

INFO (CTE): Reading of timing constraints file /home/jcdavid/IL2225-Project/SiLagoNN/phy/db/part/Silago_bot_left_corner/Silago_bot_left_corner_AVF_RCBEST.constr.pt completed, with 3 WARNING
Ending "Constraint file reading stats" (total cpu=0:00:00.5, real=0:00:00.0, peak res=1645.9M, current mem=1645.9M)
Current (total cpu=0:18:41, real=0:03:26, peak res=2112.8M, current mem=1645.9M)
% End Loading timing constraints ... (date=01/03 09:22:40, total cpu=0:00:02.7, real=0:00:02.0, peak res=1646.0M, current mem=1646.0M)
**WARN: (IMPIMEX-10014):	The current design data being restored: '/home/jcdavid/IL2225-Project/SiLagoNN/phy/db/part/Silago_bot_left_corner' has been saved with an older structure. When restoring a subset of views for this database, derate information for inactive delay corners may be inaccesible in the current session. A newer database structure allows more flexibility for change the active view list in-session. To update the current database, you need to restore the design with all views active - and then the next save will update it to the new model.
add_rings command will ignore shorts while creating rings.
add_rings command will disallow rings to go over rows.
add_rings command will consider rows while creating rings.
The ring targets are set to core/block ring wires.
add_stripes will allow jog to connect padcore ring and block ring.

Stripes will not extend to closest target.
When breaking rings, the power planner will consider the existence of blocks.
add_stripes will break automatically at non-default domains when generating global stripes over the core area or default domain.
The entire stripe set will break at the domain if one of the nets is not in the domain.
Stripes will not be created over regions without power planning wires.
Offset for stripe breaking is set to 0.
Stripes will stop at the boundary of the specified area.
The power planner will set stripe antenna targets to none (no trimming allowed).
**WARN: (IMPTB-413):	Option "budget_virtual_opt_engine" of the set_db command doesn't regenerate Timing Graph, if it already exists.
**WARN: (IMPTR-9998):	The mode setting command for route_trial is obsolete and should not be used anymore.  It still works in this release but will be removed in a future release.  You should change to use set_db route_early_global_<attr_name> to set modes for route_early_global which is the replacement tool for route_trial.
Extraction setup Started 
Initializing multi-corner RC extraction with 3 active RC Corners ...
Captable file(s) not specified in multi-corner setup. PreRoute extraction will use technology file. For post_route extraction, default value for effort level would be 'medium' and effort level 'low' would not be allowed.
Generating auto layer map file.
Importing multi-corner technology file(s) for preRoute extraction...
/home/jcdavid/IL2225-Project/SiLagoNN/phy/db/part/Silago_bot_left_corner/libs/mmmc/rc_worst/qrcTechFile
/home/jcdavid/IL2225-Project/SiLagoNN/phy/db/part/Silago_bot_left_corner/libs/mmmc/rc_best/qrcTechFile
/home/jcdavid/IL2225-Project/SiLagoNN/phy/db/part/Silago_bot_left_corner/libs/mmmc/rc_typ/qrcTechFile
Generating auto layer map file.
Generating auto layer map file.
Generating auto layer map file.
Completed (cpu: 0:00:16.5 real: 0:00:10.0)
Set Shrink Factor to 1.00000
Summary of Active RC-Corners : 
 
 Analysis View: AVF_RCWORST
    RC-Corner Name        : rc_worst
    RC-Corner Index       : 0
    RC-Corner Temperature : 25 Celsius
    RC-Corner Cap Table   : ''
    RC-Corner PreRoute Res Factor         : 1
    RC-Corner PreRoute Cap Factor         : 1
    RC-Corner PostRoute Res Factor        : 1 {1 1 1}
    RC-Corner PostRoute Cap Factor        : 1 {1 1 1}
    RC-Corner PostRoute XCap Factor       : 1 {1 1 1}
    RC-Corner PreRoute Clock Res Factor   : 1	[Derived from postRoute_res (effortLevel low)]
    RC-Corner PreRoute Clock Cap Factor   : 1	[Derived from postRoute_cap (effortLevel low)]
    RC-Corner PostRoute Clock Cap Factor  : 1 {1 1 1} 	[Derived from postRoute_cap (effortLevel low)]
    RC-Corner PostRoute Clock Res Factor  : 1 {1 1 1} 	[Derived from postRoute_res (effortLevel low)]
    RC-Corner PostRoute Clock coupling capacitance Factor : 1 {1 1 1} 
    RC-Corner Technology file: '/home/jcdavid/IL2225-Project/SiLagoNN/phy/db/part/Silago_bot_left_corner/libs/mmmc/rc_worst/qrcTechFile'
 
 Analysis View: AVF_RCBEST
    RC-Corner Name        : rc_best
    RC-Corner Index       : 1
    RC-Corner Temperature : 25 Celsius
    RC-Corner Cap Table   : ''
    RC-Corner PreRoute Res Factor         : 1
    RC-Corner PreRoute Cap Factor         : 1
    RC-Corner PostRoute Res Factor        : 1 {1 1 1}
    RC-Corner PostRoute Cap Factor        : 1 {1 1 1}
    RC-Corner PostRoute XCap Factor       : 1 {1 1 1}
    RC-Corner PreRoute Clock Res Factor   : 1	[Derived from postRoute_res (effortLevel low)]
    RC-Corner PreRoute Clock Cap Factor   : 1	[Derived from postRoute_cap (effortLevel low)]
    RC-Corner PostRoute Clock Cap Factor  : 1 {1 1 1} 	[Derived from postRoute_cap (effortLevel low)]
    RC-Corner PostRoute Clock Res Factor  : 1 {1 1 1} 	[Derived from postRoute_res (effortLevel low)]
    RC-Corner PostRoute Clock coupling capacitance Factor : 1 {1 1 1} 
    RC-Corner Technology file: '/home/jcdavid/IL2225-Project/SiLagoNN/phy/db/part/Silago_bot_left_corner/libs/mmmc/rc_best/qrcTechFile'
 
 Analysis View: AVF_RCTYP
    RC-Corner Name        : rc_typ
    RC-Corner Index       : 2
    RC-Corner Temperature : 25 Celsius
    RC-Corner Cap Table   : ''
    RC-Corner PreRoute Res Factor         : 1
    RC-Corner PreRoute Cap Factor         : 1
    RC-Corner PostRoute Res Factor        : 1 {1 1 1}
    RC-Corner PostRoute Cap Factor        : 1 {1 1 1}
    RC-Corner PostRoute XCap Factor       : 1 {1 1 1}
    RC-Corner PreRoute Clock Res Factor   : 1	[Derived from postRoute_res (effortLevel low)]
    RC-Corner PreRoute Clock Cap Factor   : 1	[Derived from postRoute_cap (effortLevel low)]
    RC-Corner PostRoute Clock Cap Factor  : 1 {1 1 1} 	[Derived from postRoute_cap (effortLevel low)]
    RC-Corner PostRoute Clock Res Factor  : 1 {1 1 1} 	[Derived from postRoute_res (effortLevel low)]
    RC-Corner PostRoute Clock coupling capacitance Factor : 1 {1 1 1} 
    RC-Corner Technology file: '/home/jcdavid/IL2225-Project/SiLagoNN/phy/db/part/Silago_bot_left_corner/libs/mmmc/rc_typ/qrcTechFile'
Updating RC grid for preRoute extraction ...
Initializing multi-corner resistance tables ...
Default value for post_route extraction mode's extract_rc_effort_level (extract_rc_effort_level option of set_db) changed to 'medium'.
Start generating vias ..
Extracting standard cell pins and blockage ...... 
Pin and blockage extraction finished
Via generation completed successfully.
Generating auto layer map file.
Initializing preRoute extraction patterns for new vias... Generating auto layer map file.
Generating auto layer map file.
Generating auto layer map file.
Completed (cpu: 0:00:05.6 real: 0:00:07.0)
% Begin Load power constraints ... (date=01/03 09:22:57, mem=1735.1M)
% End Load power constraints ... (date=01/03 09:22:57, total cpu=0:00:00.1, real=0:00:00.0, peak res=1735.1M, current mem=1735.1M)
% Begin load AAE data ... (date=01/03 09:22:57, mem=1735.1M)
**WARN: (IMPESI-621):	Timing window restoration data eosdb.dat not found. PBA-SI results may not match in save/restore flow.
% End load AAE data ... (date=01/03 09:22:57, total cpu=0:00:00.1, real=0:00:00.0, peak res=1735.1M, current mem=1735.1M)
Total number of combinational cells: 808
Total number of sequential cells: 101
Total number of tristate cells: 4
Total number of level shifter cells: 0
Total number of power gating cells: 0
Total number of isolation cells: 0
Total number of power switch cells: 0
Total number of pulse generator cells: 0
Total number of always on buffers: 0
Total number of retention cells: 0
Total number of physical cells: 46
List of usable buffers: SC8T_BUFX0P5_A_CSC28L SC8T_BUFX0P5_CSC28L SC8T_BUFX10_CSC28L SC8T_BUFX12_CSC28L SC8T_BUFX16_CSC28L SC8T_BUFX1P5_CSC28L SC8T_BUFX1_A_CSC28L SC8T_BUFX1_MR_CSC28L SC8T_BUFX1_CSC28L SC8T_BUFX20_CSC28L SC8T_BUFX24_CSC28L SC8T_BUFX2_CSC28L SC8T_BUFX3_CSC28L SC8T_BUFX4_MR_CSC28L SC8T_BUFX4_CSC28L SC8T_BUFX6_CSC28L SC8T_BUFX8_CSC28L SC8T_CKBUFX10_CSC28L SC8T_CKBUFX12_CSC28L SC8T_CKBUFX16_CSC28L SC8T_CKBUFX1_MR_CSC28L SC8T_CKBUFX1_CSC28L SC8T_CKBUFX20_CSC28L SC8T_CKBUFX24_CSC28L SC8T_CKBUFX2_CSC28L SC8T_CKBUFX4_CSC28L SC8T_CKBUFX6_CSC28L SC8T_CKBUFX8_CSC28L
Total number of usable buffers: 28
List of unusable buffers:
Total number of unusable buffers: 0
List of usable inverters: SC8T_INVX0P5_CSC28L SC8T_INVX10_CSC28L SC8T_INVX12_CSC28L SC8T_INVX16_CSC28L SC8T_INVX1P5_CSC28L SC8T_INVX1_3CPP_CSC28L SC8T_INVX1_MR_CSC28L SC8T_INVX1_CSC28L SC8T_INVX20_CSC28L SC8T_INVX24_CSC28L SC8T_INVX2_CSC28L SC8T_INVX3_CSC28L SC8T_INVX4_CSC28L SC8T_INVX6_CSC28L SC8T_INVX8_CSC28L SC8T_CKINVX10_CSC28L SC8T_CKINVX12_CSC28L SC8T_CKINVX16_CSC28L SC8T_CKINVX1_MR_CSC28L SC8T_CKINVX1_CSC28L SC8T_CKINVX20_CSC28L SC8T_CKINVX24_CSC28L SC8T_CKINVX2_CSC28L SC8T_CKINVX4_CSC28L SC8T_CKINVX6_CSC28L SC8T_CKINVX8_CSC28L
Total number of usable inverters: 26
List of unusable inverters:
Total number of unusable inverters: 0
List of identified usable delay cells: SC8T_DLY100X1_CSC28L SC8T_DLY40X1_CSC28L SC8T_DLY60X1_CSC28L SC8T_DLY80X1_CSC28L
Total number of identified usable delay cells: 4
List of identified unusable delay cells:
Total number of identified unusable delay cells: 0
#% End load design ... (date=01/03 09:22:57, total cpu=0:18:43, real=0:03:22, peak res=2137.9M, current mem=1733.4M)

*** Summary of all messages that are not suppressed in this session:
Severity  ID               Count  Summary                                  
WARNING   IMPLF-200            1  Pin '%s' in macro '%s' has no ANTENNAGAT...
WARNING   IMPLF-201          944  Pin '%s' in macro '%s' has no ANTENNADIF...
WARNING   IMPLF-378            6  The spacing for cell edge type '%s' and ...
WARNING   IMPESI-621           1  Timing window restoration data eosdb.dat...
WARNING   IMPTB-413            2  Option "%s" of the set_db command doesn'...
WARNING   IMPTR-9998           2  The mode setting command for route_trial...
WARNING   NRFL-374             6  %s spacing table is not monotonically in...
WARNING   IMPIMEX-10014        1  The current design data being restored: ...
WARNING   TCLCMD-1142          3  Virtual clock '%s' is being created with...
WARNING   TCLCMD-1530          3  Clock '%s' has clock waveform with rise ...
WARNING   TCLCMD-1602          3  The clock '%s' has been asserted with ze...
WARNING   TECHLIB-302        141  No function defined for cell '%s'. The c...
*** Message Summary: 1113 warning(s), 0 error(s)

@file 5:
@@file 6: place_design
*** placeDesign #1 [begin] : totSession cpu/real = 0:19:04.4/0:03:42.6 (5.1), mem = 2492.4M
*** Starting place_design default flow ***
*** Start delete_buffer_trees ***
Multithreaded Timing Analysis is initialized with 8 threads

Info: Detect buffers to remove automatically.
Analyzing netlist ...
Updating netlist

*summary: 834 instances (buffers/inverters) removed
*** Finish delete_buffer_trees (0:00:04.1) ***
**INFO: Enable pre-place timing setting for timing analysis
Set Using Default Delay Limit as 101.
**WARN: (IMPDC-1629):	The default delay limit was set to 101. This is less than the default of 1000 and may result in inaccurate delay calculation for nets with a fanout higher than the setting.  If needed, the default delay limit may be adjusted by running the command 'set delaycal_use_default_delay_limit'.
Set Default Net Delay as 0 ps.
Set Default Net Load as 0 pF. 
Set Default Input Pin Transition as 1 ps.
**INFO: Analyzing IO path groups for slack adjustment
Effort level <high> specified for reg2reg_tmp.984321 path_group
AAE_INFO: opIsDesignInPostRouteState() is 0
AAE DB initialization (MEM=2735.77 CPU=0:00:00.0 REAL=0:00:00.0) 
#################################################################################
# Design Stage: PreRoute
# Design Name: Silago_bot_left_corner
# Design Mode: 90nm
# Analysis Mode: MMMC Non-OCV 
# Parasitics Mode: No SPEF/RCDB 
# Signoff Settings: SI Off 
#################################################################################
Calculate delays in BcWc mode...
Start delay calculation (fullDC) (8 T). (MEM=2747.78)
Total number of fetched objects 37586
AAE_INFO: Total number of nets for which stage creation was skipped for all views 0
End delay calculation. (MEM=3364.33 CPU=0:00:13.0 REAL=0:00:02.0)
End delay calculation (fullDC). (MEM=3364.33 CPU=0:00:18.6 REAL=0:00:24.0)
**INFO: Disable pre-place timing setting for timing analysis
Set Using Default Delay Limit as 1000.
Set Default Net Delay as 1000 ps.
Set Default Input Pin Transition as 0.1 ps.
Set Default Net Load as 0.5 pF. 
**INFO: Pre-place timing setting for timing analysis already disabled
Deleted 0 physical inst  (cell - / prefix -).
INFO: #ExclusiveGroups=0
INFO: There are no Exclusive Groups.
*** Starting "NanoPlace(TM) placement v#2 (mem=3290.8M)" ...
*** Build Buffered Sizing Timing Model
(cpu=0:00:21.1 mem=3362.8M) ***
*** Build Virtual Sizing Timing Model
(cpu=0:00:23.0 mem=3362.8M) ***
No user-set net weight.
Net fanout histogram:
2		: 24421 (65.1%) nets
3		: 5446 (14.5%) nets
4     -	14	: 6383 (17.0%) nets
15    -	39	: 1051 (2.8%) nets
40    -	79	: 174 (0.5%) nets
80    -	159	: 18 (0.0%) nets
160   -	319	: 11 (0.0%) nets
320   -	639	: 0 (0.0%) nets
640   -	1279	: 0 (0.0%) nets
1280  -	2559	: 1 (0.0%) nets
2560  -	5119	: 2 (0.0%) nets
5120+		: 0 (0.0%) nets
Options: timingDriven clkGateAware ignoreScan pinGuide congEffort=auto gpeffort=medium 
Scan chains were not defined.
#std cell=35588 (0 fixed + 35588 movable) #buf cell=181 #inv cell=4177 #block=0 (0 floating + 0 preplaced)
#ioInst=0 #net=37507 #term=147333 #term/net=3.93, #fixedIo=0, #floatIo=0, #fixedPin=1309, #floatPin=0
stdCell: 35588 single + 0 double + 0 multi
Total standard cell length = 33.7010 (mm), area = 0.0216 (mm^2)
Estimated cell power/ground rail width = 0.090 um

**Info: (IMPSP-2062): Some of the PG shapes may not be colorized properly in this design, users are required to run command colorizePowerMesh before any placement related commands!

**Info: (IMPSP-2062): Some of the PG shapes may not be colorized properly in this design, users are required to run command colorizePowerMesh before any placement related commands!
Average module density = 0.538.
Density for the design = 0.538.
       = stdcell_area 324048 sites (21569 um^2) / alloc_area 601899 sites (40062 um^2).
Pin Density = 0.2448.
            = total # of pins 147333 / total area 601899.
Identified 18 spare or floating instances, with no clusters.
Enabling multi-CPU acceleration with 8 CPU(s) for placement
=== lastAutoLevel = 10 
Clock gating cells determined by native netlist tracing.
Iteration  1: Total net bbox = 2.373e+05 (8.34e+04 1.54e+05)
              Est.  stn bbox = 2.629e+05 (9.67e+04 1.66e+05)
              cpu = 0:00:01.7 real = 0:00:01.0 mem = 3919.2M
Iteration  2: Total net bbox = 2.373e+05 (8.34e+04 1.54e+05)
              Est.  stn bbox = 2.629e+05 (9.67e+04 1.66e+05)
              cpu = 0:00:00.0 real = 0:00:00.0 mem = 3919.2M
Iteration  3: Total net bbox = 1.767e+05 (6.06e+04 1.16e+05)
              Est.  stn bbox = 2.163e+05 (7.79e+04 1.38e+05)
              cpu = 0:00:08.3 real = 0:00:02.0 mem = 4207.9M
Active setup views:
    AVF_RCWORST
Iteration  4: Total net bbox = 2.734e+05 (1.17e+05 1.56e+05)
              Est.  stn bbox = 3.363e+05 (1.49e+05 1.87e+05)
              cpu = 0:00:14.5 real = 0:00:02.0 mem = 4207.7M
Iteration  5: Total net bbox = 3.024e+05 (1.32e+05 1.70e+05)
              Est.  stn bbox = 3.851e+05 (1.70e+05 2.15e+05)
              cpu = 0:00:19.3 real = 0:00:03.0 mem = 4208.5M
Iteration  6: Total net bbox = 3.250e+05 (1.46e+05 1.79e+05)
              Est.  stn bbox = 4.232e+05 (1.93e+05 2.30e+05)
              cpu = 0:00:22.7 real = 0:00:04.0 mem = 4352.6M

Iteration  7: Total net bbox = 3.386e+05 (1.59e+05 1.79e+05)
              Est.  stn bbox = 4.369e+05 (2.06e+05 2.31e+05)
              cpu = 0:00:01.4 real = 0:00:01.0 mem = 4180.7M
Iteration  8: Total net bbox = 3.390e+05 (1.59e+05 1.80e+05)
              Est.  stn bbox = 4.374e+05 (2.07e+05 2.31e+05)
              cpu = 0:00:33.7 real = 0:00:20.0 mem = 4148.7M
Iteration  9: Total net bbox = 3.517e+05 (1.68e+05 1.84e+05)
              Est.  stn bbox = 4.542e+05 (2.19e+05 2.35e+05)
              cpu = 0:00:21.6 real = 0:00:05.0 mem = 4180.7M
Iteration 10: Total net bbox = 3.517e+05 (1.68e+05 1.84e+05)
              Est.  stn bbox = 4.542e+05 (2.19e+05 2.35e+05)
              cpu = 0:00:30.3 real = 0:00:19.0 mem = 4148.7M
Iteration 11: Total net bbox = 3.572e+05 (1.73e+05 1.84e+05)
              Est.  stn bbox = 4.614e+05 (2.26e+05 2.36e+05)
              cpu = 0:00:17.9 real = 0:00:04.0 mem = 4180.7M
Iteration 12: Total net bbox = 3.572e+05 (1.73e+05 1.84e+05)
              Est.  stn bbox = 4.614e+05 (2.26e+05 2.36e+05)
              cpu = 0:00:30.9 real = 0:00:19.0 mem = 4148.7M
Iteration 13: Total net bbox = 3.675e+05 (1.76e+05 1.91e+05)
              Est.  stn bbox = 4.705e+05 (2.28e+05 2.42e+05)
              cpu = 0:00:25.4 real = 0:00:04.0 mem = 4180.7M
Iteration 14: Total net bbox = 3.675e+05 (1.76e+05 1.91e+05)
              Est.  stn bbox = 4.705e+05 (2.28e+05 2.42e+05)
              cpu = 0:00:00.1 real = 0:00:00.0 mem = 4180.7M
Iteration 15: Total net bbox = 3.675e+05 (1.76e+05 1.91e+05)
              Est.  stn bbox = 4.705e+05 (2.28e+05 2.42e+05)
              cpu = 0:00:00.1 real = 0:00:01.0 mem = 4180.7M
*** cost = 3.675e+05 (1.76e+05 1.91e+05) (cpu for global=0:03:54) real=0:01:27***
Placement multithread real runtime: 0:01:27 with 8 threads.
Info: 185 clock gating cells identified, 0 (on average) moved 0/7
Solver runtime cpu: 0:02:01 real: 0:00:18.6
Core Placement runtime cpu: 0:02:11 real: 0:00:26.0
**WARN: (IMPSP-9025):	No scan chain specified/traced.
Type 'man IMPSP-9025' for more detail.

**Info: (IMPSP-2062): Some of the PG shapes may not be colorized properly in this design, users are required to run command colorizePowerMesh before any placement related commands!
*** Starting place_detail (0:24:15 mem=4116.7M) ***
Total net bbox length = 3.675e+05 (1.761e+05 1.914e+05) (ext = 6.033e+04)

**Info: (IMPSP-2062): Some of the PG shapes may not be colorized properly in this design, users are required to run command colorizePowerMesh before any placement related commands!
Move report: Detail placement moves 35579 insts, mean move: 0.31 um, max move: 30.20 um 
	Max move on inst (SILEGO_cell/MTRF_cell/reg_top/RegisterFile/U3408): (114.78, 145.76) --> (130.10, 160.64)
	Runtime: CPU: 0:00:09.2 REAL: 0:00:04.0 MEM: 4212.7MB
Summary Report:
Instances move: 35579 (out of 35588 movable)
Instances flipped: 4
Mean displacement: 0.31 um
Max displacement: 30.20 um (Instance: SILEGO_cell/MTRF_cell/reg_top/RegisterFile/U3408) (114.783, 145.762) -> (130.104, 160.64)
	Length: 2 sites, height: 1 rows, site name: SC8T_104CPP_CMOS22FDX, cell type: SC8T_INVX0P5_CSC28L
Total net bbox length = 3.546e+05 (1.632e+05 1.914e+05) (ext = 6.020e+04)
Runtime: CPU: 0:00:09.3 REAL: 0:00:04.0 MEM: 4212.7MB
*** Finished place_detail (0:24:24 mem=4212.7M) ***
*** End of Placement (cpu=0:04:45, real=0:02:06, mem=4081.7M) ***

**Info: (IMPSP-2062): Some of the PG shapes may not be colorized properly in this design, users are required to run command colorizePowerMesh before any placement related commands!
default core: bins with density > 0.750 =  1.56 % ( 16 / 1024 )
Density distribution unevenness ratio = 8.272%
*** Free Virtual Timing Model ...(mem=4081.7M)
UM:   flow.cputime  flow.realtime  timing.setup.tns  timing.setup.wns  snapshot
UM:*                                                                   final
      flow.cputime  flow.realtime  timing.setup.tns  timing.setup.wns  snapshot
UM:*                                                                   global_place
**INFO: Enable pre-place timing setting for timing analysis
Set Using Default Delay Limit as 101.
**WARN: (IMPDC-1629):	The default delay limit was set to 101. This is less than the default of 1000 and may result in inaccurate delay calculation for nets with a fanout higher than the setting.  If needed, the default delay limit may be adjusted by running the command 'set delaycal_use_default_delay_limit'.
Set Default Net Delay as 0 ps.
Set Default Net Load as 0 pF. 
**INFO: Analyzing IO path groups for slack adjustment
Effort level <high> specified for reg2reg_tmp.984321 path_group
AAE_INFO: opIsDesignInPostRouteState() is 0
#################################################################################
# Design Stage: PreRoute
# Design Name: Silago_bot_left_corner
# Design Mode: 90nm
# Analysis Mode: MMMC Non-OCV 
# Parasitics Mode: No SPEF/RCDB 
# Signoff Settings: SI Off 
#################################################################################
Calculate delays in BcWc mode...
Start delay calculation (fullDC) (8 T). (MEM=4070.21)
Total number of fetched objects 37586
AAE_INFO: Total number of nets for which stage creation was skipped for all views 0
End delay calculation. (MEM=4420.21 CPU=0:00:12.5 REAL=0:00:01.0)
End delay calculation (fullDC). (MEM=4420.21 CPU=0:00:14.1 REAL=0:00:02.0)
**INFO: Disable pre-place timing setting for timing analysis
Set Using Default Delay Limit as 1000.
Set Default Net Delay as 1000 ps.
Set Default Net Load as 0.5 pF. 
Info: Disable timing driven in postCTS congRepair.

Starting congRepair ...
[NR-eGR] Track table information for default rule: 
[NR-eGR] M1 has single uniform track structure
[NR-eGR] M2 has single uniform track structure
[NR-eGR] C1 has single uniform track structure
[NR-eGR] C2 has single uniform track structure
[NR-eGR] C3 has single uniform track structure
[NR-eGR] C4 has single uniform track structure
[NR-eGR] BA has single uniform track structure
[NR-eGR] BB has single uniform track structure
[NR-eGR] JA has single uniform track structure
[NR-eGR] JB has single uniform track structure
[NR-eGR] LB has single uniform track structure
[NR-eGR] Read 21 PG shapes
[NR-eGR] Read 0 clock shapes
[NR-eGR] Read 0 other shapes
[NR-eGR] #Routing Blockages  : 31
[NR-eGR] #Instance Blockages : 99095
[NR-eGR] #PG Blockages       : 21
[NR-eGR] #Halo Blockages     : 0
[NR-eGR] #Boundary Blockages : 0
[NR-eGR] #Clock Blockages    : 0
[NR-eGR] #Other Blockages    : 0
[NR-eGR] Num Prerouted Nets = 0  Num Prerouted Wires = 0
[NR-eGR] Read 37507 nets ( ignored 0 )
[NR-eGR] There are 186 clock nets ( 0 with NDR ).
[NR-eGR] ============ Routing rule table ============
[NR-eGR] Rule id: 0  Nets: 37507
[NR-eGR] ========================================
[NR-eGR] 
[NR-eGR] Layer group 1: route 37507 net(s) in layer range [2, 11]
[NR-eGR] Early Global Route overflow of layer group 1: 0.10% H + 0.10% V. EstWL: 4.261370e+05um
[NR-eGR] Congestion Analysis By layer: (blocked Gcells are excluded) 
[NR-eGR]                        OverCon           OverCon           OverCon            
[NR-eGR]                         #Gcell            #Gcell            #Gcell     %Gcell
[NR-eGR]        Layer             (1-4)             (5-8)            (9-10)    OverCon
[NR-eGR] --------------------------------------------------------------------------------
[NR-eGR]      M1 ( 1)         0( 0.00%)         0( 0.00%)         0( 0.00%)   ( 0.00%) 
[NR-eGR]      M2 ( 2)       768( 0.79%)         0( 0.00%)         0( 0.00%)   ( 0.79%) 
[NR-eGR]      C1 ( 3)       204( 0.21%)         0( 0.00%)         0( 0.00%)   ( 0.21%) 
[NR-eGR]      C2 ( 4)        64( 0.07%)         0( 0.00%)         0( 0.00%)   ( 0.07%) 
[NR-eGR]      C3 ( 5)        23( 0.02%)         0( 0.00%)         0( 0.00%)   ( 0.02%) 
[NR-eGR]      C4 ( 6)        62( 0.06%)         9( 0.01%)         1( 0.00%)   ( 0.07%) 
[NR-eGR]      BA ( 7)         9( 0.01%)         0( 0.00%)         0( 0.00%)   ( 0.01%) 
[NR-eGR]      BB ( 8)        10( 0.01%)        17( 0.02%)         0( 0.00%)   ( 0.03%) 
[NR-eGR]      JA ( 9)         0( 0.00%)         0( 0.00%)         0( 0.00%)   ( 0.00%) 
[NR-eGR]      JB (10)         0( 0.00%)         0( 0.00%)         0( 0.00%)   ( 0.00%) 
[NR-eGR]      LB (11)         0( 0.00%)         0( 0.00%)         0( 0.00%)   ( 0.00%) 
[NR-eGR] --------------------------------------------------------------------------------
[NR-eGR]        Total      1140( 0.15%)        26( 0.00%)         1( 0.00%)   ( 0.16%) 
[NR-eGR] 
[NR-eGR] Overflow after Early Global Route 0.05% H + 0.02% V
Early Global Route congestion estimation runtime: 1.55 seconds, mem = 3915.7M
Local HotSpot Analysis: normalized max congestion hotspot area = 9.18, normalized total congestion hotspot area = 16.39 (area is in unit of 4 std-cell row bins)
Skipped repairing congestion.
[NR-eGR]             Length (um)    Vias 
[NR-eGR] --------------------------------
[NR-eGR]  M1  (1V)             0  108596 
[NR-eGR]  M2  (2H)         71825  218080 
[NR-eGR]  C1  (3V)        129221   52279 
[NR-eGR]  C2  (4H)         87655   17498 
[NR-eGR]  C3  (5V)         86149    5590 
[NR-eGR]  C4  (6H)         36736    2039 
[NR-eGR]  BA  (7V)         20510     855 
[NR-eGR]  BB  (8H)          8292      32 
[NR-eGR]  JA  (9V)             3       0 
[NR-eGR]  JB  (10H)            0       0 
[NR-eGR]  LB  (11V)            0       0 
[NR-eGR] --------------------------------
[NR-eGR]      Total       440390  404969 
[NR-eGR] --------------------------------------------------------------------------
[NR-eGR] Total half perimeter of net bounding box: 354584um
[NR-eGR] Total length: 440390um, number of vias: 404969
[NR-eGR] --------------------------------------------------------------------------
[NR-eGR] Total eGR-routed clock nets wire length: 10922um, number of vias: 12204
[NR-eGR] --------------------------------------------------------------------------
Early Global Route wiring runtime: 0.33 seconds, mem = 3921.9M
Tdgp not successfully inited but do clear! skip clearing
End of congRepair (cpu=0:00:05.8, real=0:00:02.0)
*** Finishing place_design default flow ***
***** Total cpu  0:5:51
***** Total real time  0:3:1
**place_design ... cpu = 0: 5:51, real = 0: 3: 1, mem = 3877.9M **
Tdgp not successfully inited but do clear! skip clearing

*** Summary of all messages that are not suppressed in this session:
Severity  ID               Count  Summary                                  
WARNING   IMPDC-1629           2  The default delay limit was set to %d. T...
WARNING   IMPSP-9025           1  No scan chain specified/traced.          
WARNING   NRDB-733             2  %s %s in %s %s does not have a physical ...
WARNING   NRFL-374             6  %s spacing table is not monotonically in...
*** Message Summary: 11 warning(s), 0 error(s)

      flow.cputime  flow.realtime  timing.setup.tns  timing.setup.wns  snapshot
UM:*                                                                   final
UM: Running design category ...
------------------------------------------------------------
	Current design flip-flop statistics

Single-Bit FF Count          :         4808
Multi-Bit FF Count           :            0
Total Bit Count              :         4808
Total FF Count               :         4808
Bits Per Flop                :        1.000
Total Clock Pin Cap(FF)      :     2962.542
Multibit Conversion Ratio(%) :         0.00
------------------------------------------------------------
------------------------------------------------------------
            Multi-bit cell usage statistics

------------------------------------------------------------
============================================================
Sequential Multibit cells usage statistics
------------------------------------------------------------
            Not Merged-bits         Merged-bits     Multibit Conversion %     Bits Per Flop
------------------------------------------------------------
-FlipFlops             4808                    0        0.00                    1.00
------------------------------------------------------------

------------------------------------------------------------
Seq_Mbit libcell              Bitwidth        Count
------------------------------------------------------------
Total 0
============================================================
------------------------------------------------------------
Category            Num of Insts Rejected     Reasons
------------------------------------------------------------
------------------------------------------------------------
      flow.cputime  flow.realtime  timing.setup.tns  timing.setup.wns  snapshot
UM:        1497.53            406                                      place_design
*** placeDesign #1 [finish] : cpu/real = 0:05:53.1/0:03:03.3 (1.9), totSession cpu/real = 0:24:57.5/0:06:45.9 (3.7), mem = 3877.9M
@@file 7: ccopt_design
#% Begin ccopt_design (date=01/03 09:26:00, mem=2359.9M)
*** ccopt_design #1 [begin] : totSession cpu/real = 0:24:57.7/0:06:46.0 (3.7), mem = 3877.9M
Runtime...
**INFO: User's settings:
delaycal_default_net_delay                               1000ps
delaycal_default_net_load                                0.5pf
delaycal_ignore_net_load                                 false
delaycal_input_transition_delay                          0.1ps
delaycal_use_default_delay_limit                         1000
setAnalysisMode -cts                                     postCTS
setAnalysisMode -virtualIPO                              false
setDelayCalMode -engine                                  aae
extract_rc_engine                                        pre_route
opt_preserve_all_sequential                              true
place_detail_dpt_flow                                    true
route_design_extract_third_party_compatible              false
setActiveLogicViewMode -keepHighFanoutCriticalInsts      false
getAnalysisMode -cts                                     postCTS
getAnalysisMode -virtualIPO                              false
getDelayCalMode -engine                                  aae
getIlmMode -keepHighFanoutCriticalInsts                  false
getAnalysisMode -cts                                     postCTS
getAnalysisMode -virtualIPO                              false
(ccopt_design): CTS Engine: auto. Used Spec: CCOPT spec from create_ccopt_clock_tree_spec.
(ccopt_design): create_ccopt_clock_tree_spec
Creating clock tree spec for modes (timing configs): functional_AVF_RCWORST functional functional_AVF_RCTYP
cts_spec_config_create_generator_skew_groups=true: create_clock_tree_spec will generate skew groups with a name prefix of "_clock_gen" to balance clock generator connected flops with the clock generator they drive.
Reset timing graph...
Ignoring AAE DB Resetting ...
Reset timing graph done.
Ignoring AAE DB Resetting ...
Analyzing clock structure...
Analyzing clock structure done.
Reset timing graph...
Ignoring AAE DB Resetting ...
Reset timing graph done.
Extracting original clock gating for clk...
  clock_tree clk contains 4808 sinks and 0 clock gates.
Extracting original clock gating for clk done.
The skew group clk/functional_AVF_RCWORST was created. It contains 4808 sinks and 1 sources.
The skew group clk/functional was created. It contains 4808 sinks and 1 sources.
The skew group clk/functional_AVF_RCTYP was created. It contains 4808 sinks and 1 sources.
Checking clock tree convergence...
Checking clock tree convergence done.
Placement constraints of type 'region' or 'fence' will not be downgraded to 'guide' because the attribute cts_change_fences_to_guides has been set to false.
Set place::cacheFPlanSiteMark to 1
'setDesignMode -flowEffort standard' => 'setOptMode -usefulSkewCCOpt standard' 
Using CCOpt effort standard.
CCOpt::Phase::Initialization...
Check Prerequisites...
Leaving CCOpt scope - CheckPlace...

**Info: (IMPSP-2062): Some of the PG shapes may not be colorized properly in this design, users are required to run command colorizePowerMesh before any placement related commands!
Begin checking placement ... (start mem=3904.1M, init mem=3904.1M)
*info: Placed = 35588         
*info: Unplaced = 0           
Placement Density:53.84%(21569/40062)
Placement Density (including fixed std cells):53.84%(21569/40062)
Finished check_place (total: cpu=0:00:00.9, real=0:00:00.0; vio checks: cpu=0:00:00.7, real=0:00:00.0; mem=3872.1M)
Leaving CCOpt scope - CheckPlace done. (took cpu=0:00:00.9 real=0:00:00.4)
Innovus will update I/O latencies
Found 0 ideal nets, 0 pins with transition annotations, 0 instances with delay annotations, 0 nets with delay annotations, refer to logv for details.

Check Prerequisites done. (took cpu=0:00:00.9 real=0:00:00.4)
      flow.cputime  flow.realtime  timing.setup.tns  timing.setup.wns  snapshot
UM:*                                                                   Check Prerequisites
CCOpt::Phase::Initialization done. (took cpu=0:00:01.1 real=0:00:00.6)
      flow.cputime  flow.realtime  timing.setup.tns  timing.setup.wns  snapshot
UM:*                                                                   CCOpt::Phase::Initialization
Executing ccopt post-processing.
Synthesizing clock trees with CCOpt...
*** CTS #1 [begin] (ccopt_design #1) : totSession cpu/real = 0:25:10.6/0:06:58.3 (3.6), mem = 3872.1M
CCOpt::Phase::PreparingToBalance...
Leaving CCOpt scope - Initializing power interface...
Leaving CCOpt scope - Initializing power interface done. (took cpu=0:00:00.0 real=0:00:00.0)
Found 0 advancing pin insertion delay (0.000% of 4808 clock tree sinks)
Found 0 delaying pin insertion delay (0.000% of 4808 clock tree sinks)
**WARN: (IMPCCOPT-1127):	The skew group default.clk/functional_AVF_RCTYP has been identified as a duplicate of: clk/functional
**WARN: (IMPCCOPT-1127):	The skew group default.clk/functional_AVF_RCWORST has been identified as a duplicate of: clk/functional
The skew group clk/functional_AVF_RCTYP has been identified as a duplicate of: clk/functional, so it will not be cloned.
The skew group clk/functional_AVF_RCWORST has been identified as a duplicate of: clk/functional, so it will not be cloned.
Leaving CCOpt scope - optDesignGlobalRouteStep...
Updating RC grid for preRoute extraction ...
Initializing multi-corner resistance tables ...
[NR-eGR] Started Early Global Route kernel ( Curr Mem: 3888.16 MB )
[NR-eGR] Track table information for default rule: 
[NR-eGR] M1 has single uniform track structure
[NR-eGR] M2 has single uniform track structure
[NR-eGR] C1 has single uniform track structure
[NR-eGR] C2 has single uniform track structure
[NR-eGR] C3 has single uniform track structure
[NR-eGR] C4 has single uniform track structure
[NR-eGR] BA has single uniform track structure
[NR-eGR] BB has single uniform track structure
[NR-eGR] JA has single uniform track structure
[NR-eGR] JB has single uniform track structure
[NR-eGR] LB has single uniform track structure
[NR-eGR] Read 21 PG shapes
[NR-eGR] Read 0 clock shapes
[NR-eGR] Read 0 other shapes
[NR-eGR] #Routing Blockages  : 31
[NR-eGR] #Instance Blockages : 99095
[NR-eGR] #PG Blockages       : 21
[NR-eGR] #Halo Blockages     : 0
[NR-eGR] #Boundary Blockages : 0
[NR-eGR] #Clock Blockages    : 0
[NR-eGR] #Other Blockages    : 0
[NR-eGR] Num Prerouted Nets = 0  Num Prerouted Wires = 0
[NR-eGR] Read 37507 nets ( ignored 0 )
[NR-eGR] There are 186 clock nets ( 0 with NDR ).
[NR-eGR] ============ Routing rule table ============
[NR-eGR] Rule id: 0  Nets: 37507
[NR-eGR] ========================================
[NR-eGR] 
[NR-eGR] Layer group 1: route 37507 net(s) in layer range [2, 11]
[NR-eGR] Early Global Route overflow of layer group 1: 0.10% H + 0.10% V. EstWL: 4.261370e+05um
[NR-eGR] Congestion Analysis By layer: (blocked Gcells are excluded) 
[NR-eGR]                        OverCon           OverCon           OverCon            
[NR-eGR]                         #Gcell            #Gcell            #Gcell     %Gcell
[NR-eGR]        Layer             (1-4)             (5-8)            (9-10)    OverCon
[NR-eGR] --------------------------------------------------------------------------------
[NR-eGR]      M1 ( 1)         0( 0.00%)         0( 0.00%)         0( 0.00%)   ( 0.00%) 
[NR-eGR]      M2 ( 2)       768( 0.79%)         0( 0.00%)         0( 0.00%)   ( 0.79%) 
[NR-eGR]      C1 ( 3)       204( 0.21%)         0( 0.00%)         0( 0.00%)   ( 0.21%) 
[NR-eGR]      C2 ( 4)        64( 0.07%)         0( 0.00%)         0( 0.00%)   ( 0.07%) 
[NR-eGR]      C3 ( 5)        23( 0.02%)         0( 0.00%)         0( 0.00%)   ( 0.02%) 
[NR-eGR]      C4 ( 6)        62( 0.06%)         9( 0.01%)         1( 0.00%)   ( 0.07%) 
[NR-eGR]      BA ( 7)         9( 0.01%)         0( 0.00%)         0( 0.00%)   ( 0.01%) 
[NR-eGR]      BB ( 8)        10( 0.01%)        17( 0.02%)         0( 0.00%)   ( 0.03%) 
[NR-eGR]      JA ( 9)         0( 0.00%)         0( 0.00%)         0( 0.00%)   ( 0.00%) 
[NR-eGR]      JB (10)         0( 0.00%)         0( 0.00%)         0( 0.00%)   ( 0.00%) 
[NR-eGR]      LB (11)         0( 0.00%)         0( 0.00%)         0( 0.00%)   ( 0.00%) 
[NR-eGR] --------------------------------------------------------------------------------
[NR-eGR]        Total      1140( 0.15%)        26( 0.00%)         1( 0.00%)   ( 0.16%) 
[NR-eGR] 
[NR-eGR] Overflow after Early Global Route 0.05% H + 0.02% V
[NR-eGR]             Length (um)    Vias 
[NR-eGR] --------------------------------
[NR-eGR]  M1  (1V)             0  108596 
[NR-eGR]  M2  (2H)         71825  218080 
[NR-eGR]  C1  (3V)        129221   52279 
[NR-eGR]  C2  (4H)         87655   17498 
[NR-eGR]  C3  (5V)         86149    5590 
[NR-eGR]  C4  (6H)         36736    2039 
[NR-eGR]  BA  (7V)         20510     855 
[NR-eGR]  BB  (8H)          8292      32 
[NR-eGR]  JA  (9V)             3       0 
[NR-eGR]  JB  (10H)            0       0 
[NR-eGR]  LB  (11V)            0       0 
[NR-eGR] --------------------------------
[NR-eGR]      Total       440390  404969 
[NR-eGR] --------------------------------------------------------------------------
[NR-eGR] Total half perimeter of net bounding box: 354584um
[NR-eGR] Total length: 440390um, number of vias: 404969
[NR-eGR] --------------------------------------------------------------------------
[NR-eGR] Total eGR-routed clock nets wire length: 10922um, number of vias: 12204
[NR-eGR] --------------------------------------------------------------------------
[NR-eGR] Finished Early Global Route kernel ( CPU: 6.30 sec, Real: 1.93 sec, Curr Mem: 3929.70 MB )
Leaving CCOpt scope - optDesignGlobalRouteStep done. (took cpu=0:00:06.5 real=0:00:02.2)
Legalization setup...
Using cell based legalization.
Initializing placement interface...
  Use check_library -place or consult logv if problems occur.
  Leaving CCOpt scope - Initializing placement interface...

**Info: (IMPSP-2062): Some of the PG shapes may not be colorized properly in this design, users are required to run command colorizePowerMesh before any placement related commands!
  Leaving CCOpt scope - Initializing placement interface done. (took cpu=0:00:00.3 real=0:00:00.2)
Initializing placement interface done.
Leaving CCOpt scope - Cleaning up placement interface...
Leaving CCOpt scope - Cleaning up placement interface done. (took cpu=0:00:00.1 real=0:00:00.0)
Leaving CCOpt scope - Initializing placement interface...

**Info: (IMPSP-2062): Some of the PG shapes may not be colorized properly in this design, users are required to run command colorizePowerMesh before any placement related commands!
Leaving CCOpt scope - Initializing placement interface done. (took cpu=0:00:00.2 real=0:00:00.2)
Legalization setup done. (took cpu=0:00:00.8 real=0:00:00.5)
      flow.cputime  flow.realtime  timing.setup.tns  timing.setup.wns  snapshot
UM:*                                                                   Legalization setup
Validating CTS configuration...
Checking module port directions...
Checking module port directions done. (took cpu=0:00:00.0 real=0:00:00.0)
Non-default attributes:
  Public non-default attributes:
    cts_clock_tree_source_max_capacitance is set for at least one object
    cts_merge_clock_gates is set for at least one object
    cts_merge_clock_logic is set for at least one object
    cts_route_type is set for at least one object
  No private non-default attributes
Route type trimming info:
  No route type modifications were made.
Updating RC grid for preRoute extraction ...
Initializing multi-corner resistance tables ...
Clock tree balancer configuration for clock_tree clk:
Non-default attributes:
  Public non-default attributes:
    cts_clock_tree_source_max_capacitance: 162 (default: auto)
    cts_merge_clock_gates: true (default: false)
    cts_merge_clock_logic: true (default: false)
    cts_route_type (leaf): default_route_type_leaf (default: default)
    cts_route_type (top): default_route_type_nonleaf (default: default)
    cts_route_type (trunk): default_route_type_nonleaf (default: default)
  No private non-default attributes
For power domain auto-default:
  Buffers:     {SC8T_BUFX24_CSC28L SC8T_BUFX20_CSC28L SC8T_BUFX16_CSC28L SC8T_BUFX12_CSC28L SC8T_BUFX10_CSC28L SC8T_CKBUFX8_CSC28L SC8T_BUFX8_CSC28L SC8T_BUFX6_CSC28L SC8T_CKBUFX4_CSC28L SC8T_BUFX4_CSC28L SC8T_BUFX3_CSC28L SC8T_BUFX1P5_CSC28L SC8T_BUFX0P5_A_CSC28L}
  Inverters:   {SC8T_INVX24_CSC28L SC8T_INVX20_CSC28L SC8T_INVX16_CSC28L SC8T_CKINVX12_CSC28L SC8T_INVX12_CSC28L SC8T_INVX10_CSC28L SC8T_INVX8_CSC28L SC8T_INVX6_CSC28L SC8T_INVX4_CSC28L SC8T_INVX3_CSC28L SC8T_INVX2_CSC28L SC8T_INVX1_CSC28L SC8T_INVX0P5_CSC28L}
  Clock gates: SC8T_CKGPRELATNX24_CSC28L SC8T_CKGPRELATNX16_CSC28L SC8T_CKGPRELATNX12_CSC28L SC8T_CKGPRELATNX8_CSC28L SC8T_CKGPRELATNX4_CSC28L SC8T_CKGPRELATNX2_CSC28L SC8T_CKGPRELATNX1_CSC28L 
  Unblocked area available for placement of any clock cells in power_domain auto-default: 40062.397um^2
Top Routing info:
  Route-type name: default_route_type_nonleaf; Top/bottom preferred layer name: C2/C1; 
  Unshielded; Mask Constraint: 0; Source: cts_route_type.
Trunk Routing info:
  Route-type name: default_route_type_nonleaf; Top/bottom preferred layer name: C2/C1; 
  Unshielded; Preferred extra space: 1; Mask Constraint: 0; Source: cts_route_type.
Leaf Routing info:
  Route-type name: default_route_type_leaf; Top/bottom preferred layer name: C2/C1; 
  Unshielded; Preferred extra space: 1; Mask Constraint: 0; Source: cts_route_type.
For timing_corner WC_dc:setup, late and power domain auto-default:
  Slew time target (leaf):    87.8ps
  Slew time target (trunk):   87.8ps
  Slew time target (top):     89.4ps (Note: no nets are considered top nets in this clock tree)
  Buffer unit delay: 53.8ps
  Buffer max distance: 319.326um
Fastest wire driving cells and distances:
  Buffer    : {lib_cell:SC8T_BUFX24_CSC28L, fastest_considered_half_corner=WC_dc:setup.late, optimalDrivingDistance=274.400um, saturatedSlew=60.0ps, speed=3232.038um per ns, cellArea=8.975um^2 per 1000um}
  Inverter  : {lib_cell:SC8T_INVX24_CSC28L, fastest_considered_half_corner=WC_dc:setup.late, optimalDrivingDistance=145.917um, saturatedSlew=34.6ps, speed=3790.052um per ns, cellArea=11.404um^2 per 1000um}
  Clock gate: {lib_cell:SC8T_CKGPRELATNX24_CSC28L, fastest_considered_half_corner=WC_dc:setup.late, optimalDrivingDistance=308.700um, saturatedSlew=76.5ps, speed=2670.415um per ns, cellArea=17.896um^2 per 1000um}


Logic Sizing Table:

----------------------------------------------------------
Cell    Instance count    Source    Eligible library cells
----------------------------------------------------------
  (empty table)
----------------------------------------------------------


Clock tree balancer configuration for skew_group clk/functional:
  Sources:                     pin clk
  Total number of sinks:       4808
  Delay constrained sinks:     4808
  Constrains:                  default
  Non-leaf sinks:              0
  Ignore pins:                 0
 Timing corner WC_dc:setup.late:
  Skew target:                 53.8ps
Primary reporting skew groups are:
skew_group clk/functional with 4808 clock sinks

Clock DAG stats initial state:
  cell counts      : b=181, i=4, icg=0, dcg=0, l=0, total=185
  sink counts      : regular=4808, enable_latch=0, load_capacitance=0, antenna=0, node_sink=0, total=4808
  misc counts      : r=1, pp=0
  cell areas       : b=36.142um^2, i=0.599um^2, icg=0.000um^2, dcg=0.000um^2, l=0.000um^2, total=36.741um^2
  hp wire lengths  : top=0.000um, trunk=363.136um, leaf=2570.508um, total=2933.644um
Clock DAG library cell distribution initial state {count}:
   Bufs: SC8T_BUFX1_A_CSC28L: 181 
   Invs: SC8T_INVX2_CSC28L: 1 SC8T_INVX1_CSC28L: 3 
      flow.cputime  flow.realtime  timing.setup.tns  timing.setup.wns  snapshot
UM:*                                                                   InitialState
Have 8 CPUs available for CTS. Selected algorithms will run multithreaded.
No ideal or dont_touch nets found in the clock tree
No dont_touch hnets found in the clock tree
No dont_touch hpins found in the clock network.
Checking for illegal sizes of clock logic instances...
Checking for illegal sizes of clock logic instances done. (took cpu=0:00:00.0 real=0:00:00.0)
      flow.cputime  flow.realtime  timing.setup.tns  timing.setup.wns  snapshot
UM:*                                                                   Checking for illegal sizes of clock logic instances
Validating CTS configuration done. (took cpu=0:00:06.9 real=0:00:06.7)
      flow.cputime  flow.realtime  timing.setup.tns  timing.setup.wns  snapshot
UM:*                                                                   Validating CTS configuration
CCOpt configuration status: all checks passed.
Adding exclusion drivers to pins that are cts_sink_type_effective exclude...
    Adding exclusion drivers (these will be instances of the smallest area library cells).
  No exclusion drivers are needed.
Adding exclusion drivers to pins that are cts_sink_type_effective exclude done.
Antenna diode management...
  Found 0 antenna diodes in the clock trees.
  
Antenna diode management done.
Adding driver cells for primary IOs...
  
  ----------------------------------------------------------------------------------------------
  CCOpt reported the following when adding drivers below input ports and above output ports     
  ----------------------------------------------------------------------------------------------
    (empty table)
  ----------------------------------------------------------------------------------------------
  
  
Adding driver cells for primary IOs done.
Adding driver cell for primary IO roots...
Adding driver cell for primary IO roots done.
Maximizing clock DAG abstraction...
  Removing clock DAG drivers
Maximizing clock DAG abstraction done.
CCOpt::Phase::PreparingToBalance done. (took cpu=0:00:14.6 real=0:00:09.8)
      flow.cputime  flow.realtime  timing.setup.tns  timing.setup.wns  snapshot
UM:*                                                                   CCOpt::Phase::PreparingToBalance
Synthesizing clock trees...
  Preparing To Balance...
  Leaving CCOpt scope - Cleaning up placement interface...
  Leaving CCOpt scope - Cleaning up placement interface done. (took cpu=0:00:00.2 real=0:00:00.0)
  Leaving CCOpt scope - Initializing placement interface...

**Info: (IMPSP-2062): Some of the PG shapes may not be colorized properly in this design, users are required to run command colorizePowerMesh before any placement related commands!
  Leaving CCOpt scope - Initializing placement interface done. (took cpu=0:00:00.2 real=0:00:00.2)
  Merging duplicate siblings in DAG...
    Clock DAG stats before merging:
      cell counts      : b=0, i=0, icg=0, dcg=0, l=0, total=0
      sink counts      : regular=4808, enable_latch=0, load_capacitance=0, antenna=0, node_sink=0, total=4808
      misc counts      : r=1, pp=0
      cell areas       : b=0.000um^2, i=0.000um^2, icg=0.000um^2, dcg=0.000um^2, l=0.000um^2, total=0.000um^2
      hp wire lengths  : top=0.000um, trunk=0.000um, leaf=0.000um, total=0.000um
      flow.cputime  flow.realtime  timing.setup.tns  timing.setup.wns  snapshot
UM:*                                                                   before merging
    Resynthesising clock tree into netlist...
      Reset timing graph...
Ignoring AAE DB Resetting ...
      Reset timing graph done.
    Resynthesising clock tree into netlist done.
    Merging duplicate clock dag driver clones in DAG...
    Merging duplicate clock dag driver clones in DAG done.
    
    Disconnecting clock tree from netlist...
    Disconnecting clock tree from netlist done.
  Merging duplicate siblings in DAG done.
  Applying movement limits...
  Applying movement limits done.
  Preparing To Balance done. (took cpu=0:00:00.6 real=0:00:00.5)
      flow.cputime  flow.realtime  timing.setup.tns  timing.setup.wns  snapshot
UM:*                                                                   Preparing To Balance
  CCOpt::Phase::Construction...
  Stage::Clustering...
  Clustering...
    Initialize for clustering...
    Clock DAG stats before clustering:
      cell counts      : b=0, i=0, icg=0, dcg=0, l=0, total=0
      sink counts      : regular=4808, enable_latch=0, load_capacitance=0, antenna=0, node_sink=0, total=4808
      misc counts      : r=1, pp=0
      cell areas       : b=0.000um^2, i=0.000um^2, icg=0.000um^2, dcg=0.000um^2, l=0.000um^2, total=0.000um^2
      hp wire lengths  : top=0.000um, trunk=0.000um, leaf=0.000um, total=0.000um
      flow.cputime  flow.realtime  timing.setup.tns  timing.setup.wns  snapshot
UM:*                                                                   before clustering
    Computing max distances from locked parents...
      Computing distance_from_locked_parent_restrictions for 0 nodes driven by 0 locked parents
    Computing max distances from locked parents done.
    Computing optimal clock node locations...
    : ...20% ...40% ...60% ...80% ...100% 
    Computing optimal clock node locations done. (took cpu=0:00:00.0 real=0:00:00.0)
    Initialize for clustering done. (took cpu=0:00:00.3 real=0:00:00.2)
      flow.cputime  flow.realtime  timing.setup.tns  timing.setup.wns  snapshot
UM:*                                                                   Initialize for clustering
    Bottom-up phase...
    Clustering bottom-up starting from leaves...
      Clustering clock_tree clk...
          Clock tree timing engine global stage delay update for WC_dc:setup.late...
          Clock tree timing engine global stage delay update for WC_dc:setup.late done. (took cpu=0:00:00.3 real=0:00:00.0)
      Clustering clock_tree clk done.
    Clustering bottom-up starting from leaves done.
    Rebuilding the clock tree after clustering...
    Rebuilding the clock tree after clustering done.
    Clock DAG stats after bottom-up phase:
      cell counts      : b=55, i=0, icg=0, dcg=0, l=0, total=55
      sink counts      : regular=4808, enable_latch=0, load_capacitance=0, antenna=0, node_sink=0, total=4808
      misc counts      : r=1, pp=0
      cell areas       : b=132.255um^2, i=0.000um^2, icg=0.000um^2, dcg=0.000um^2, l=0.000um^2, total=132.255um^2
      hp wire lengths  : top=0.000um, trunk=814.072um, leaf=2627.056um, total=3441.128um
    Clock DAG library cell distribution after bottom-up phase {count}:
       Bufs: SC8T_BUFX24_CSC28L: 47 SC8T_BUFX20_CSC28L: 8 
      flow.cputime  flow.realtime  timing.setup.tns  timing.setup.wns  snapshot
UM:*                                                                   after bottom-up phase
    Bottom-up phase done. (took cpu=0:00:04.6 real=0:00:01.8)
      flow.cputime  flow.realtime  timing.setup.tns  timing.setup.wns  snapshot
UM:*                                                                   Bottom-up phase
    Legalizing clock trees...
    Resynthesising clock tree into netlist...
      Reset timing graph...
Ignoring AAE DB Resetting ...
      Reset timing graph done.
    Resynthesising clock tree into netlist done.
    Commiting net attributes....
    Commiting net attributes. done.
    Leaving CCOpt scope - ClockRefiner...
    Performing a single pass refine place with checks partially disabled for clock sinks and datapath.

**Info: (IMPSP-2062): Some of the PG shapes may not be colorized properly in this design, users are required to run command colorizePowerMesh before any placement related commands!
*** Starting place_detail (0:25:32 mem=47274.3M) ***
Total net bbox length = 3.548e+05 (1.635e+05 1.912e+05) (ext = 6.020e+04)

**Info: (IMPSP-2062): Some of the PG shapes may not be colorized properly in this design, users are required to run command colorizePowerMesh before any placement related commands!
Move report: Detail placement moves 379 insts, mean move: 0.59 um, max move: 2.56 um 
	Max move on inst (SILEGO_cell/MTRF_cell/seq_gen/CTS_ccl_a_buf_00044): (121.26, 92.80) --> (121.26, 90.24)
	Runtime: CPU: 0:00:05.2 REAL: 0:00:01.0 MEM: 47306.1MB
Summary Report:
Instances move: 379 (out of 35458 movable)
Instances flipped: 11
Mean displacement: 0.59 um
Max displacement: 2.56 um (Instance: SILEGO_cell/MTRF_cell/seq_gen/CTS_ccl_a_buf_00044) (121.264, 92.8) -> (121.264, 90.24)
	Length: 37 sites, height: 1 rows, site name: SC8T_104CPP_CMOS22FDX, cell type: SC8T_BUFX24_CSC28L
Total net bbox length = 3.549e+05 (1.636e+05 1.913e+05) (ext = 6.020e+04)
Runtime: CPU: 0:00:05.3 REAL: 0:00:01.0 MEM: 47306.1MB
*** Finished place_detail (0:25:38 mem=47306.1M) ***
    ClockRefiner summary
    All clock instances: Moved 108, flipped 45 and cell swapped 0 (out of a total of 4863).
    The largest move was 2.56 um for SILEGO_cell/MTRF_cell/seq_gen/CTS_ccl_a_buf_00044.

**Info: (IMPSP-2062): Some of the PG shapes may not be colorized properly in this design, users are required to run command colorizePowerMesh before any placement related commands!
    Leaving CCOpt scope - ClockRefiner done. (took cpu=0:00:06.1 real=0:00:02.3)
    Disconnecting clock tree from netlist...
    Disconnecting clock tree from netlist done.
    Leaving CCOpt scope - Cleaning up placement interface...
    Leaving CCOpt scope - Cleaning up placement interface done. (took cpu=0:00:00.1 real=0:00:00.0)
    Leaving CCOpt scope - Initializing placement interface...

**Info: (IMPSP-2062): Some of the PG shapes may not be colorized properly in this design, users are required to run command colorizePowerMesh before any placement related commands!
    Leaving CCOpt scope - Initializing placement interface done. (took cpu=0:00:00.2 real=0:00:00.2)
    Clock tree timing engine global stage delay update for WC_dc:setup.late...
    Clock tree timing engine global stage delay update for WC_dc:setup.late done. (took cpu=0:00:00.4 real=0:00:00.1)
    
    Clock tree legalization - Histogram:
    ====================================
    
    --------------------------------
    Movement (um)    Number of cells
    --------------------------------
    [1.28,1.92)             3
    [1.92,2.56)             1
    --------------------------------
    
    
    Clock tree legalization - Top 10 Movements:
    ===========================================
    
    -----------------------------------------------------------------------------------------------------------------------------------------------------------------
    Movement (um)    Desired              Achieved             Node
                     location             location             
    -----------------------------------------------------------------------------------------------------------------------------------------------------------------
        2.56         (121.264,92.800)     (121.264,90.240)     CTS_ccl_a_buf_00044 (a lib_cell SC8T_BUFX24_CSC28L) at (121.264,90.240), in power domain auto-default
        1.28         (105.768,57.600)     (105.768,58.880)     CTS_ccl_a_buf_00053 (a lib_cell SC8T_BUFX24_CSC28L) at (105.768,58.880), in power domain auto-default
        1.28         (120.952,92.800)     (120.952,94.080)     CTS_ccl_a_buf_00052 (a lib_cell SC8T_BUFX24_CSC28L) at (120.952,94.080), in power domain auto-default
        1.28         (120.952,92.800)     (120.952,91.520)     CTS_ccl_buf_00054 (a lib_cell SC8T_BUFX24_CSC28L) at (120.952,91.520), in power domain auto-default
        0            (44.388,149.390)     (44.388,149.390)     CTS_ccl_a_buf_00013 (a lib_cell SC8T_BUFX24_CSC28L) at (41.808,149.120), in power domain auto-default
        0            (26.124,173.170)     (26.124,173.170)     CTS_ccl_a_buf_00011 (a lib_cell SC8T_BUFX24_CSC28L) at (24.856,172.800), in power domain auto-default
        0            (28.308,151.410)     (28.308,151.410)     CTS_ccl_a_buf_00012 (a lib_cell SC8T_BUFX24_CSC28L) at (27.040,151.040), in power domain auto-default
        0            (68.932,93.070)      (68.932,93.070)      CTS_ccl_a_buf_00050 (a lib_cell SC8T_BUFX24_CSC28L) at (66.352,92.800), in power domain auto-default
        0            (123.532,91.790)     (123.532,91.790)     CTS_ccl_buf_00054 (a lib_cell SC8T_BUFX24_CSC28L) at (120.952,91.520), in power domain auto-default
        0            (197.412,200.050)    (197.412,200.050)    CTS_ccl_a_buf_00055 (a lib_cell SC8T_BUFX24_CSC28L) at (196.144,199.680), in power domain auto-default
    -----------------------------------------------------------------------------------------------------------------------------------------------------------------
    
    Legalizing clock trees done. (took cpu=0:00:07.2 real=0:00:03.0)
      flow.cputime  flow.realtime  timing.setup.tns  timing.setup.wns  snapshot
UM:*                                                                   Legalizing clock trees
    Clock DAG stats after 'Clustering':
      cell counts      : b=55, i=0, icg=0, dcg=0, l=0, total=55
      sink counts      : regular=4808, enable_latch=0, load_capacitance=0, antenna=0, node_sink=0, total=4808
      misc counts      : r=1, pp=0
      cell areas       : b=132.255um^2, i=0.000um^2, icg=0.000um^2, dcg=0.000um^2, l=0.000um^2, total=132.255um^2
      cell capacitance : b=281.096fF, i=0.000fF, icg=0.000fF, dcg=0.000fF, l=0.000fF, total=281.096fF
      sink capacitance : total=3532.075fF, avg=0.735fF, sd=0.034fF, min=0.679fF, max=0.757fF
      wire capacitance : top=0.000fF, trunk=149.188fF, leaf=1327.031fF, total=1476.219fF
      wire lengths     : top=0.000um, trunk=1176.356um, leaf=9596.183um, total=10772.539um
      hp wire lengths  : top=0.000um, trunk=816.632um, leaf=2630.982um, total=3447.614um
    Clock DAG net violations after 'Clustering': none
    Clock DAG primary half-corner transition distribution after 'Clustering':
      Trunk : target=87.8ps count=7 avg=49.7ps sd=21.9ps min=20.0ps max=80.8ps {3 <= 52.7ps, 3 <= 70.2ps, 0 <= 79.0ps, 1 <= 83.4ps, 0 <= 87.8ps}
      Leaf  : target=87.8ps count=49 avg=48.4ps sd=6.8ps min=38.5ps max=70.0ps {40 <= 52.7ps, 9 <= 70.2ps, 0 <= 79.0ps, 0 <= 83.4ps, 0 <= 87.8ps}
    Clock DAG library cell distribution after 'Clustering' {count}:
       Bufs: SC8T_BUFX24_CSC28L: 47 SC8T_BUFX20_CSC28L: 8 
    Primary reporting skew groups after 'Clustering':
      skew_group clk/functional: insertion delay [min=202.4, max=257.4, avg=227.7, sd=13.5], skew [55.0 vs 53.8*], 99.7% {203.9, 257.4} (wid=71.8 ws=47.0) (gid=190.0 gs=19.5)
    Skew group summary after 'Clustering':
      skew_group clk/functional: insertion delay [min=202.4, max=257.4, avg=227.7, sd=13.5], skew [55.0 vs 53.8*], 99.7% {203.9, 257.4} (wid=71.8 ws=47.0) (gid=190.0 gs=19.5)
    Legalizer API calls during this step: 791 succeeded with high effort: 791 succeeded with medium effort: 0 succeeded with low effort: 0 succeeded with basic effort: 0 succeeded with basic unbounded effort: 0
  Clustering done. (took cpu=0:00:12.9 real=0:00:05.9)
      flow.cputime  flow.realtime  timing.setup.tns  timing.setup.wns  snapshot
UM:*                                                                   Clustering
  Looking for fanout violations...
  Looking for fanout violations done.
  CongRepair After Initial Clustering...
  Reset timing graph...
Ignoring AAE DB Resetting ...
  Reset timing graph done.
  Leaving CCOpt scope - Early Global Route...
  Clock implementation routing...
Net route status summary:
  Clock:        56 (unrouted=56, trialRouted=0, noStatus=0, routed=0, fixed=0, [crossesIlmBoundary=0, tooFewTerms=0, (crossesIlmBoundary AND tooFewTerms=0)])
  Non-clock: 57039 (unrouted=19718, trialRouted=37321, noStatus=0, routed=0, fixed=0, [crossesIlmBoundary=0, tooFewTerms=19718, (crossesIlmBoundary AND tooFewTerms=0)])
    Routing using eGR only...
      Early Global Route - eGR only step...
(ccopt eGR): There are 56 nets to be routed. 0 nets have skip routing designation.
(ccopt eGR): There are 56 nets for routing of which 56 have one or more fixed wires.
(ccopt eGR): Start to route 56 all nets
[NR-eGR] Track table information for default rule: 
[NR-eGR] M1 has single uniform track structure
[NR-eGR] M2 has single uniform track structure
[NR-eGR] C1 has single uniform track structure
[NR-eGR] C2 has single uniform track structure
[NR-eGR] C3 has single uniform track structure
[NR-eGR] C4 has single uniform track structure
[NR-eGR] BA has single uniform track structure
[NR-eGR] BB has single uniform track structure
[NR-eGR] JA has single uniform track structure
[NR-eGR] JB has single uniform track structure
[NR-eGR] LB has single uniform track structure
[NR-eGR] Read 21 PG shapes
[NR-eGR] Read 0 clock shapes
[NR-eGR] Read 0 other shapes
[NR-eGR] #Routing Blockages  : 31
[NR-eGR] #Instance Blockages : 99024
[NR-eGR] #PG Blockages       : 21
[NR-eGR] #Halo Blockages     : 0
[NR-eGR] #Boundary Blockages : 0
[NR-eGR] #Clock Blockages    : 0
[NR-eGR] #Other Blockages    : 0
[NR-eGR] Num Prerouted Nets = 0  Num Prerouted Wires = 0
[NR-eGR] Read 37377 nets ( ignored 37321 )
[NR-eGR] Connected 0 must-join pins/ports
[NR-eGR] There are 56 clock nets ( 56 with NDR ).
[NR-eGR] ============ Routing rule table ============
[NR-eGR] Rule id: 0  Nets: 56
[NR-eGR] ========================================
[NR-eGR] 
[NR-eGR] Layer group 1: route 56 net(s) in layer range [3, 4]
[NR-eGR] Early Global Route overflow of layer group 1: 0.00% H + 0.00% V. EstWL: 1.050304e+04um
[NR-eGR] Create a new net group with 12 nets and layer range [3, 6]
[NR-eGR] Layer group 2: route 12 net(s) in layer range [3, 6]
[NR-eGR] Early Global Route overflow of layer group 2: 0.00% H + 0.00% V. EstWL: 1.232832e+04um
[NR-eGR] Create a new net group with 12 nets and layer range [3, 8]
[NR-eGR] Layer group 3: route 12 net(s) in layer range [3, 8]
[NR-eGR] Early Global Route overflow of layer group 3: 0.00% H + 0.00% V. EstWL: 1.417600e+04um
[NR-eGR] Create a new net group with 12 nets and layer range [3, 10]
[NR-eGR] Layer group 4: route 12 net(s) in layer range [3, 10]
[NR-eGR] Early Global Route overflow of layer group 4: 0.00% H + 0.00% V. EstWL: 1.602368e+04um
[NR-eGR] Create a new net group with 11 nets and layer range [3, 11]
[NR-eGR] Layer group 5: route 11 net(s) in layer range [3, 11]
[NR-eGR] Early Global Route overflow of layer group 5: 0.00% H + 0.00% V. EstWL: 1.786944e+04um
[NR-eGR] Congestion Analysis By layer: (blocked Gcells are excluded) 
[NR-eGR]                        OverCon            
[NR-eGR]                         #Gcell     %Gcell
[NR-eGR]        Layer               (1)    OverCon
[NR-eGR] ----------------------------------------------
[NR-eGR]      M1 ( 1)         0( 0.00%)   ( 0.00%) 
[NR-eGR]      M2 ( 2)        82( 0.09%)   ( 0.09%) 
[NR-eGR]      C1 ( 3)         0( 0.00%)   ( 0.00%) 
[NR-eGR]      C2 ( 4)         0( 0.00%)   ( 0.00%) 
[NR-eGR]      C3 ( 5)         0( 0.00%)   ( 0.00%) 
[NR-eGR]      C4 ( 6)         0( 0.00%)   ( 0.00%) 
[NR-eGR]      BA ( 7)         0( 0.00%)   ( 0.00%) 
[NR-eGR]      BB ( 8)         0( 0.00%)   ( 0.00%) 
[NR-eGR]      JA ( 9)         0( 0.00%)   ( 0.00%) 
[NR-eGR]      JB (10)         0( 0.00%)   ( 0.00%) 
[NR-eGR]      LB (11)         0( 0.00%)   ( 0.00%) 
[NR-eGR] ----------------------------------------------
[NR-eGR]        Total        82( 0.01%)   ( 0.01%) 
[NR-eGR] 
[NR-eGR] Overflow after Early Global Route 0.00% H + 0.00% V
[NR-eGR]             Length (um)    Vias 
[NR-eGR] --------------------------------
[NR-eGR]  M1  (1V)             0  108517 
[NR-eGR]  M2  (2H)         69645  214708 
[NR-eGR]  C1  (3V)        128927   53829 
[NR-eGR]  C2  (4H)         89907   17611 
[NR-eGR]  C3  (5V)         86217    5590 
[NR-eGR]  C4  (6H)         36736    2039 
[NR-eGR]  BA  (7V)         20510     855 
[NR-eGR]  BB  (8H)          8292      32 
[NR-eGR]  JA  (9V)             3       0 
[NR-eGR]  JB  (10H)            0       0 
[NR-eGR]  LB  (11V)            0       0 
[NR-eGR] --------------------------------
[NR-eGR]      Total       440236  403181 
[NR-eGR] --------------------------------------------------------------------------
[NR-eGR] Total half perimeter of net bounding box: 354904um
[NR-eGR] Total length: 440236um, number of vias: 403181
[NR-eGR] --------------------------------------------------------------------------
[NR-eGR] Total eGR-routed clock nets wire length: 10767um, number of vias: 10416
[NR-eGR] --------------------------------------------------------------------------
[NR-eGR] Report for selected net(s) only.
[NR-eGR]             Length (um)   Vias 
[NR-eGR] -------------------------------
[NR-eGR]  M1  (1V)             0    352 
[NR-eGR]  M2  (2H)           744   5734 
[NR-eGR]  C1  (3V)          5353   4150 
[NR-eGR]  C2  (4H)          4428    180 
[NR-eGR]  C3  (5V)           242      0 
[NR-eGR]  C4  (6H)             0      0 
[NR-eGR]  BA  (7V)             0      0 
[NR-eGR]  BB  (8H)             0      0 
[NR-eGR]  JA  (9V)             0      0 
[NR-eGR]  JB  (10H)            0      0 
[NR-eGR]  LB  (11V)            0      0 
[NR-eGR] -------------------------------
[NR-eGR]      Total        10767  10416 
[NR-eGR] --------------------------------------------------------------------------
[NR-eGR] Total half perimeter of net bounding box: 3490um
[NR-eGR] Total length: 10767um, number of vias: 10416
[NR-eGR] --------------------------------------------------------------------------
[NR-eGR] Total routed clock nets wire length: 10767um, number of vias: 10416
[NR-eGR] --------------------------------------------------------------------------
[NR-eGR] Finished Early Global Route kernel ( CPU: 1.44 sec, Real: 1.07 sec, Curr Mem: 47320.25 MB )
      Early Global Route - eGR only step done. (took cpu=0:00:01.6 real=0:00:01.2)
      flow.cputime  flow.realtime  timing.setup.tns  timing.setup.wns  snapshot
UM:*                                                                   Early Global Route - eGR only step
    Routing using eGR only done.
Net route status summary:
  Clock:        56 (unrouted=0, trialRouted=0, noStatus=0, routed=56, fixed=0, [crossesIlmBoundary=0, tooFewTerms=0, (crossesIlmBoundary AND tooFewTerms=0)])
  Non-clock: 57039 (unrouted=19718, trialRouted=37321, noStatus=0, routed=0, fixed=0, [crossesIlmBoundary=0, tooFewTerms=19718, (crossesIlmBoundary AND tooFewTerms=0)])

CCOPT: Done with clock implementation routing.

  Clock implementation routing done.
  CCOpt: Starting congestion repair using flow wrapper...
    Congestion Repair...
*** IncrReplace #1 [begin] (CTS #1 / ccopt_design #1) : totSession cpu/real = 0:25:41.9/0:07:17.2 (3.5), mem = 47320.2M
Info: Disable timing driven in postCTS congRepair.

Starting congRepair ...
[NR-eGR] Track table information for default rule: 
[NR-eGR] M1 has single uniform track structure
[NR-eGR] M2 has single uniform track structure
[NR-eGR] C1 has single uniform track structure
[NR-eGR] C2 has single uniform track structure
[NR-eGR] C3 has single uniform track structure
[NR-eGR] C4 has single uniform track structure
[NR-eGR] BA has single uniform track structure
[NR-eGR] BB has single uniform track structure
[NR-eGR] JA has single uniform track structure
[NR-eGR] JB has single uniform track structure
[NR-eGR] LB has single uniform track structure
[NR-eGR] Read 21 PG shapes
[NR-eGR] Read 0 clock shapes
[NR-eGR] Read 0 other shapes
[NR-eGR] #Routing Blockages  : 31
[NR-eGR] #Instance Blockages : 99024
[NR-eGR] #PG Blockages       : 21
[NR-eGR] #Halo Blockages     : 0
[NR-eGR] #Boundary Blockages : 0
[NR-eGR] #Clock Blockages    : 0
[NR-eGR] #Other Blockages    : 0
[NR-eGR] Num Prerouted Nets = 56  Num Prerouted Wires = 19119
[NR-eGR] Read 37377 nets ( ignored 56 )
[NR-eGR] ============ Routing rule table ============
[NR-eGR] Rule id: 1  Nets: 37321
[NR-eGR] ========================================
[NR-eGR] 
[NR-eGR] Layer group 1: route 37321 net(s) in layer range [2, 11]
[NR-eGR] Early Global Route overflow of layer group 1: 0.14% H + 0.14% V. EstWL: 4.161856e+05um
[NR-eGR] Congestion Analysis By layer: (blocked Gcells are excluded) 
[NR-eGR]                        OverCon           OverCon           OverCon            
[NR-eGR]                         #Gcell            #Gcell            #Gcell     %Gcell
[NR-eGR]        Layer             (1-4)             (5-8)               (9)    OverCon
[NR-eGR] --------------------------------------------------------------------------------
[NR-eGR]      M1 ( 1)         0( 0.00%)         0( 0.00%)         0( 0.00%)   ( 0.00%) 
[NR-eGR]      M2 ( 2)       919( 0.94%)         0( 0.00%)         0( 0.00%)   ( 0.94%) 
[NR-eGR]      C1 ( 3)       330( 0.34%)         0( 0.00%)         0( 0.00%)   ( 0.34%) 
[NR-eGR]      C2 ( 4)        49( 0.05%)         2( 0.00%)         0( 0.00%)   ( 0.05%) 
[NR-eGR]      C3 ( 5)        28( 0.03%)         0( 0.00%)         0( 0.00%)   ( 0.03%) 
[NR-eGR]      C4 ( 6)        64( 0.07%)        16( 0.02%)         1( 0.00%)   ( 0.08%) 
[NR-eGR]      BA ( 7)        14( 0.01%)         0( 0.00%)         0( 0.00%)   ( 0.01%) 
[NR-eGR]      BB ( 8)        11( 0.01%)        15( 0.02%)         0( 0.00%)   ( 0.03%) 
[NR-eGR]      JA ( 9)         0( 0.00%)         0( 0.00%)         0( 0.00%)   ( 0.00%) 
[NR-eGR]      JB (10)         0( 0.00%)         0( 0.00%)         0( 0.00%)   ( 0.00%) 
[NR-eGR]      LB (11)         0( 0.00%)         0( 0.00%)         0( 0.00%)   ( 0.00%) 
[NR-eGR] --------------------------------------------------------------------------------
[NR-eGR]        Total      1415( 0.19%)        33( 0.00%)         1( 0.00%)   ( 0.19%) 
[NR-eGR] 
[NR-eGR] Overflow after Early Global Route 0.05% H + 0.02% V
Early Global Route congestion estimation runtime: 2.01 seconds, mem = 47357.9M
Local HotSpot Analysis: normalized max congestion hotspot area = 9.18, normalized total congestion hotspot area = 15.08 (area is in unit of 4 std-cell row bins)
Skipped repairing congestion.
[NR-eGR]             Length (um)    Vias 
[NR-eGR] --------------------------------
[NR-eGR]  M1  (1V)             0  108517 
[NR-eGR]  M2  (2H)         69486  213595 
[NR-eGR]  C1  (3V)        121958   55308 
[NR-eGR]  C2  (4H)         85090   21354 
[NR-eGR]  C3  (5V)         90545    6827 
[NR-eGR]  C4  (6H)         40187    2241 
[NR-eGR]  BA  (7V)         23338     989 
[NR-eGR]  BB  (8H)          9890      28 
[NR-eGR]  JA  (9V)             3       0 
[NR-eGR]  JB  (10H)            0       0 
[NR-eGR]  LB  (11V)            0       0 
[NR-eGR] --------------------------------
[NR-eGR]      Total       440498  408859 
[NR-eGR] --------------------------------------------------------------------------
[NR-eGR] Total half perimeter of net bounding box: 354904um
[NR-eGR] Total length: 440498um, number of vias: 408859
[NR-eGR] --------------------------------------------------------------------------
[NR-eGR] Total eGR-routed clock nets wire length: 0um, number of vias: 0
[NR-eGR] --------------------------------------------------------------------------
Early Global Route wiring runtime: 0.62 seconds, mem = 47370.4M
Tdgp not successfully inited but do clear! skip clearing
End of congRepair (cpu=0:00:08.0, real=0:00:02.0)
*** IncrReplace #1 [finish] (CTS #1 / ccopt_design #1) : cpu/real = 0:00:08.0/0:00:02.7 (2.9), totSession cpu/real = 0:25:49.9/0:07:19.9 (3.5), mem = 47370.4M
    Congestion Repair done. (took cpu=0:00:08.1 real=0:00:02.7)
      flow.cputime  flow.realtime  timing.setup.tns  timing.setup.wns  snapshot
UM:*                                                                   Congestion Repair
  CCOpt: Starting congestion repair using flow wrapper done.

**Info: (IMPSP-2062): Some of the PG shapes may not be colorized properly in this design, users are required to run command colorizePowerMesh before any placement related commands!
  Leaving CCOpt scope - Early Global Route done. (took cpu=0:00:10.8 real=0:00:05.0)
  Leaving CCOpt scope - extractRC...
  Updating RC parasitics by calling: "extract_rc -noRouteCheck"...
Extraction called for design 'Silago_bot_left_corner' of instances=35458 and nets=57095 using extraction engine 'pre_route' .
**WARN: (IMPEXT-3530):	The process node is not set. Use the command set_design_mode -process <process node> prior to extraction for maximum accuracy and optimal automatic threshold setting.
Type 'man IMPEXT-3530' for more detail.
pre_route RC Extraction called for design Silago_bot_left_corner.
RC Extraction called in multi-corner(3) mode.
RCMode: PreRoute
      RC Corner Indexes            0       1       2   
Capacitance Scaling Factor   : 1.00000 1.00000 1.00000 
Resistance Scaling Factor    : 1.00000 1.00000 1.00000 
Clock Cap. Scaling Factor    : 1.00000 1.00000 1.00000 
Clock Res. Scaling Factor    : 1.00000 1.00000 1.00000 
Shrink Factor                : 1.00000
PreRoute extraction is honoring NDR/Shielding/ExtraSpace for clock nets.
Using Quantus QRC technology file ...
Updating RC grid for preRoute extraction ...
Initializing multi-corner resistance tables ...
PreRoute RC Extraction DONE (CPU Time: 0:00:01.1  Real Time: 0:00:01.0  MEM: 47370.363M)
  Updating RC parasitics by calling: "extract_rc -noRouteCheck" done.
  Leaving CCOpt scope - extractRC done. (took cpu=0:00:01.1 real=0:00:01.0)
  Clock tree timing engine global stage delay update for WC_dc:setup.late...
  Clock tree timing engine global stage delay update for WC_dc:setup.late done. (took cpu=0:00:00.3 real=0:00:00.1)
  Clock DAG stats after clustering cong repair call:
    cell counts      : b=55, i=0, icg=0, dcg=0, l=0, total=55
    sink counts      : regular=4808, enable_latch=0, load_capacitance=0, antenna=0, node_sink=0, total=4808
    misc counts      : r=1, pp=0
    cell areas       : b=132.255um^2, i=0.000um^2, icg=0.000um^2, dcg=0.000um^2, l=0.000um^2, total=132.255um^2
    cell capacitance : b=281.096fF, i=0.000fF, icg=0.000fF, dcg=0.000fF, l=0.000fF, total=281.096fF
    sink capacitance : total=3532.075fF, avg=0.735fF, sd=0.034fF, min=0.679fF, max=0.757fF
    wire capacitance : top=0.000fF, trunk=148.425fF, leaf=1317.024fF, total=1465.450fF
    wire lengths     : top=0.000um, trunk=1176.356um, leaf=9596.183um, total=10772.539um
    hp wire lengths  : top=0.000um, trunk=816.632um, leaf=2630.982um, total=3447.614um
  Clock DAG net violations after clustering cong repair call: none
  Clock DAG primary half-corner transition distribution after clustering cong repair call:
    Trunk : target=87.8ps count=7 avg=49.6ps sd=21.8ps min=19.9ps max=80.5ps {3 <= 52.7ps, 3 <= 70.2ps, 0 <= 79.0ps, 1 <= 83.4ps, 0 <= 87.8ps}
    Leaf  : target=87.8ps count=49 avg=48.3ps sd=6.8ps min=38.4ps max=69.8ps {40 <= 52.7ps, 9 <= 70.2ps, 0 <= 79.0ps, 0 <= 83.4ps, 0 <= 87.8ps}
  Clock DAG library cell distribution after clustering cong repair call {count}:
     Bufs: SC8T_BUFX24_CSC28L: 47 SC8T_BUFX20_CSC28L: 8 
  Primary reporting skew groups after clustering cong repair call:
    skew_group clk/functional: insertion delay [min=203.4, max=257.7, avg=228.9, sd=13.3], skew [54.3 vs 53.8*], 100% {203.8, 257.6} (wid=71.5 ws=46.7) (gid=190.6 gs=19.5)
  Skew group summary after clustering cong repair call:
    skew_group clk/functional: insertion delay [min=203.4, max=257.7, avg=228.9, sd=13.3], skew [54.3 vs 53.8*], 100% {203.8, 257.6} (wid=71.5 ws=46.7) (gid=190.6 gs=19.5)
  CongRepair After Initial Clustering done. (took cpu=0:00:12.6 real=0:00:06.4)
      flow.cputime  flow.realtime  timing.setup.tns  timing.setup.wns  snapshot
UM:*                                                                   CongRepair After Initial Clustering
  Stage::Clustering done. (took cpu=0:00:26.0 real=0:00:12.8)
      flow.cputime  flow.realtime  timing.setup.tns  timing.setup.wns  snapshot
UM:*                                                                   Stage::Clustering
  Stage::DRV Fixing...
  Fixing clock tree slew time and max cap violations...
    Fixing clock tree overload: ...20% ...40% ...60% ...80% ...100% 
    Clock DAG stats after 'Fixing clock tree slew time and max cap violations':
      cell counts      : b=55, i=0, icg=0, dcg=0, l=0, total=55
      sink counts      : regular=4808, enable_latch=0, load_capacitance=0, antenna=0, node_sink=0, total=4808
      misc counts      : r=1, pp=0
      cell areas       : b=132.255um^2, i=0.000um^2, icg=0.000um^2, dcg=0.000um^2, l=0.000um^2, total=132.255um^2
      cell capacitance : b=281.096fF, i=0.000fF, icg=0.000fF, dcg=0.000fF, l=0.000fF, total=281.096fF
      sink capacitance : total=3532.075fF, avg=0.735fF, sd=0.034fF, min=0.679fF, max=0.757fF
      wire capacitance : top=0.000fF, trunk=148.425fF, leaf=1317.024fF, total=1465.450fF
      wire lengths     : top=0.000um, trunk=1176.356um, leaf=9596.183um, total=10772.539um
      hp wire lengths  : top=0.000um, trunk=816.632um, leaf=2630.982um, total=3447.614um
    Clock DAG net violations after 'Fixing clock tree slew time and max cap violations': none
    Clock DAG primary half-corner transition distribution after 'Fixing clock tree slew time and max cap violations':
      Trunk : target=87.8ps count=7 avg=49.6ps sd=21.8ps min=19.9ps max=80.5ps {3 <= 52.7ps, 3 <= 70.2ps, 0 <= 79.0ps, 1 <= 83.4ps, 0 <= 87.8ps}
      Leaf  : target=87.8ps count=49 avg=48.3ps sd=6.8ps min=38.4ps max=69.8ps {40 <= 52.7ps, 9 <= 70.2ps, 0 <= 79.0ps, 0 <= 83.4ps, 0 <= 87.8ps}
    Clock DAG library cell distribution after 'Fixing clock tree slew time and max cap violations' {count}:
       Bufs: SC8T_BUFX24_CSC28L: 47 SC8T_BUFX20_CSC28L: 8 
    Primary reporting skew groups after 'Fixing clock tree slew time and max cap violations':
      skew_group clk/functional: insertion delay [min=203.4, max=257.7], skew [54.3 vs 53.8*]
    Skew group summary after 'Fixing clock tree slew time and max cap violations':
      skew_group clk/functional: insertion delay [min=203.4, max=257.7], skew [54.3 vs 53.8*]
    Legalizer API calls during this step: 0 succeeded with high effort: 0 succeeded with medium effort: 0 succeeded with low effort: 0 succeeded with basic effort: 0 succeeded with basic unbounded effort: 0
  Fixing clock tree slew time and max cap violations done. (took cpu=0:00:00.1 real=0:00:00.1)
      flow.cputime  flow.realtime  timing.setup.tns  timing.setup.wns  snapshot
UM:*                                                                   Fixing clock tree slew time and max cap violations
  Fixing clock tree slew time and max cap violations - detailed pass...
    Fixing clock tree overload: ...20% ...40% ...60% ...80% ...100% 
    Clock DAG stats after 'Fixing clock tree slew time and max cap violations - detailed pass':
      cell counts      : b=55, i=0, icg=0, dcg=0, l=0, total=55
      sink counts      : regular=4808, enable_latch=0, load_capacitance=0, antenna=0, node_sink=0, total=4808
      misc counts      : r=1, pp=0
      cell areas       : b=132.255um^2, i=0.000um^2, icg=0.000um^2, dcg=0.000um^2, l=0.000um^2, total=132.255um^2
      cell capacitance : b=281.096fF, i=0.000fF, icg=0.000fF, dcg=0.000fF, l=0.000fF, total=281.096fF
      sink capacitance : total=3532.075fF, avg=0.735fF, sd=0.034fF, min=0.679fF, max=0.757fF
      wire capacitance : top=0.000fF, trunk=148.425fF, leaf=1317.024fF, total=1465.450fF
      wire lengths     : top=0.000um, trunk=1176.356um, leaf=9596.183um, total=10772.539um
      hp wire lengths  : top=0.000um, trunk=816.632um, leaf=2630.982um, total=3447.614um
    Clock DAG net violations after 'Fixing clock tree slew time and max cap violations - detailed pass': none
    Clock DAG primary half-corner transition distribution after 'Fixing clock tree slew time and max cap violations - detailed pass':
      Trunk : target=87.8ps count=7 avg=49.6ps sd=21.8ps min=19.9ps max=80.5ps {3 <= 52.7ps, 3 <= 70.2ps, 0 <= 79.0ps, 1 <= 83.4ps, 0 <= 87.8ps}
      Leaf  : target=87.8ps count=49 avg=48.3ps sd=6.8ps min=38.4ps max=69.8ps {40 <= 52.7ps, 9 <= 70.2ps, 0 <= 79.0ps, 0 <= 83.4ps, 0 <= 87.8ps}
    Clock DAG library cell distribution after 'Fixing clock tree slew time and max cap violations - detailed pass' {count}:
       Bufs: SC8T_BUFX24_CSC28L: 47 SC8T_BUFX20_CSC28L: 8 
    Primary reporting skew groups after 'Fixing clock tree slew time and max cap violations - detailed pass':
      skew_group clk/functional: insertion delay [min=203.4, max=257.7, avg=228.9, sd=13.3], skew [54.3 vs 53.8*], 100% {203.8, 257.6} (wid=71.5 ws=46.7) (gid=190.6 gs=19.5)
    Skew group summary after 'Fixing clock tree slew time and max cap violations - detailed pass':
      skew_group clk/functional: insertion delay [min=203.4, max=257.7, avg=228.9, sd=13.3], skew [54.3 vs 53.8*], 100% {203.8, 257.6} (wid=71.5 ws=46.7) (gid=190.6 gs=19.5)
    Legalizer API calls during this step: 0 succeeded with high effort: 0 succeeded with medium effort: 0 succeeded with low effort: 0 succeeded with basic effort: 0 succeeded with basic unbounded effort: 0
  Fixing clock tree slew time and max cap violations - detailed pass done. (took cpu=0:00:00.2 real=0:00:00.2)
      flow.cputime  flow.realtime  timing.setup.tns  timing.setup.wns  snapshot
UM:*                                                                   Fixing clock tree slew time and max cap violations - detailed pass
  Stage::DRV Fixing done. (took cpu=0:00:00.8 real=0:00:00.8)
      flow.cputime  flow.realtime  timing.setup.tns  timing.setup.wns  snapshot
UM:*                                                                   Stage::DRV Fixing
  Stage::Insertion Delay Reduction...
  Removing unnecessary root buffering...
    Clock DAG stats after 'Removing unnecessary root buffering':
      cell counts      : b=55, i=0, icg=0, dcg=0, l=0, total=55
      sink counts      : regular=4808, enable_latch=0, load_capacitance=0, antenna=0, node_sink=0, total=4808
      misc counts      : r=1, pp=0
      cell areas       : b=132.255um^2, i=0.000um^2, icg=0.000um^2, dcg=0.000um^2, l=0.000um^2, total=132.255um^2
      cell capacitance : b=281.096fF, i=0.000fF, icg=0.000fF, dcg=0.000fF, l=0.000fF, total=281.096fF
      sink capacitance : total=3532.075fF, avg=0.735fF, sd=0.034fF, min=0.679fF, max=0.757fF
      wire capacitance : top=0.000fF, trunk=148.425fF, leaf=1317.024fF, total=1465.450fF
      wire lengths     : top=0.000um, trunk=1176.356um, leaf=9596.183um, total=10772.539um
      hp wire lengths  : top=0.000um, trunk=816.632um, leaf=2630.982um, total=3447.614um
    Clock DAG net violations after 'Removing unnecessary root buffering': none
    Clock DAG primary half-corner transition distribution after 'Removing unnecessary root buffering':
      Trunk : target=87.8ps count=7 avg=49.6ps sd=21.8ps min=19.9ps max=80.5ps {3 <= 52.7ps, 3 <= 70.2ps, 0 <= 79.0ps, 1 <= 83.4ps, 0 <= 87.8ps}
      Leaf  : target=87.8ps count=49 avg=48.3ps sd=6.8ps min=38.4ps max=69.8ps {40 <= 52.7ps, 9 <= 70.2ps, 0 <= 79.0ps, 0 <= 83.4ps, 0 <= 87.8ps}
    Clock DAG library cell distribution after 'Removing unnecessary root buffering' {count}:
       Bufs: SC8T_BUFX24_CSC28L: 47 SC8T_BUFX20_CSC28L: 8 
    Primary reporting skew groups after 'Removing unnecessary root buffering':
      skew_group clk/functional: insertion delay [min=203.4, max=257.7], skew [54.3 vs 53.8*]
    Skew group summary after 'Removing unnecessary root buffering':
      skew_group clk/functional: insertion delay [min=203.4, max=257.7], skew [54.3 vs 53.8*]
    Legalizer API calls during this step: 6 succeeded with high effort: 6 succeeded with medium effort: 0 succeeded with low effort: 0 succeeded with basic effort: 0 succeeded with basic unbounded effort: 0
  Removing unnecessary root buffering done. (took cpu=0:00:00.3 real=0:00:00.3)
      flow.cputime  flow.realtime  timing.setup.tns  timing.setup.wns  snapshot
UM:*                                                                   Removing unnecessary root buffering
  Removing unconstrained drivers...
    Clock DAG stats after 'Removing unconstrained drivers':
      cell counts      : b=55, i=0, icg=0, dcg=0, l=0, total=55
      sink counts      : regular=4808, enable_latch=0, load_capacitance=0, antenna=0, node_sink=0, total=4808
      misc counts      : r=1, pp=0
      cell areas       : b=132.255um^2, i=0.000um^2, icg=0.000um^2, dcg=0.000um^2, l=0.000um^2, total=132.255um^2
      cell capacitance : b=281.096fF, i=0.000fF, icg=0.000fF, dcg=0.000fF, l=0.000fF, total=281.096fF
      sink capacitance : total=3532.075fF, avg=0.735fF, sd=0.034fF, min=0.679fF, max=0.757fF
      wire capacitance : top=0.000fF, trunk=148.425fF, leaf=1317.024fF, total=1465.450fF
      wire lengths     : top=0.000um, trunk=1176.356um, leaf=9596.183um, total=10772.539um
      hp wire lengths  : top=0.000um, trunk=816.632um, leaf=2630.982um, total=3447.614um
    Clock DAG net violations after 'Removing unconstrained drivers': none
    Clock DAG primary half-corner transition distribution after 'Removing unconstrained drivers':
      Trunk : target=87.8ps count=7 avg=49.6ps sd=21.8ps min=19.9ps max=80.5ps {3 <= 52.7ps, 3 <= 70.2ps, 0 <= 79.0ps, 1 <= 83.4ps, 0 <= 87.8ps}
      Leaf  : target=87.8ps count=49 avg=48.3ps sd=6.8ps min=38.4ps max=69.8ps {40 <= 52.7ps, 9 <= 70.2ps, 0 <= 79.0ps, 0 <= 83.4ps, 0 <= 87.8ps}
    Clock DAG library cell distribution after 'Removing unconstrained drivers' {count}:
       Bufs: SC8T_BUFX24_CSC28L: 47 SC8T_BUFX20_CSC28L: 8 
    Primary reporting skew groups after 'Removing unconstrained drivers':
      skew_group clk/functional: insertion delay [min=203.4, max=257.7], skew [54.3 vs 53.8*]
    Skew group summary after 'Removing unconstrained drivers':
      skew_group clk/functional: insertion delay [min=203.4, max=257.7], skew [54.3 vs 53.8*]
    Legalizer API calls during this step: 0 succeeded with high effort: 0 succeeded with medium effort: 0 succeeded with low effort: 0 succeeded with basic effort: 0 succeeded with basic unbounded effort: 0
  Removing unconstrained drivers done. (took cpu=0:00:00.1 real=0:00:00.1)
      flow.cputime  flow.realtime  timing.setup.tns  timing.setup.wns  snapshot
UM:*                                                                   Removing unconstrained drivers
  Reducing insertion delay 1...
    Clock DAG stats after 'Reducing insertion delay 1':
      cell counts      : b=55, i=0, icg=0, dcg=0, l=0, total=55
      sink counts      : regular=4808, enable_latch=0, load_capacitance=0, antenna=0, node_sink=0, total=4808
      misc counts      : r=1, pp=0
      cell areas       : b=132.255um^2, i=0.000um^2, icg=0.000um^2, dcg=0.000um^2, l=0.000um^2, total=132.255um^2
      cell capacitance : b=281.096fF, i=0.000fF, icg=0.000fF, dcg=0.000fF, l=0.000fF, total=281.096fF
      sink capacitance : total=3532.075fF, avg=0.735fF, sd=0.034fF, min=0.679fF, max=0.757fF
      wire capacitance : top=0.000fF, trunk=148.425fF, leaf=1317.024fF, total=1465.450fF
      wire lengths     : top=0.000um, trunk=1176.356um, leaf=9596.183um, total=10772.539um
      hp wire lengths  : top=0.000um, trunk=816.632um, leaf=2630.982um, total=3447.614um
    Clock DAG net violations after 'Reducing insertion delay 1': none
    Clock DAG primary half-corner transition distribution after 'Reducing insertion delay 1':
      Trunk : target=87.8ps count=7 avg=49.6ps sd=21.8ps min=19.9ps max=80.5ps {3 <= 52.7ps, 3 <= 70.2ps, 0 <= 79.0ps, 1 <= 83.4ps, 0 <= 87.8ps}
      Leaf  : target=87.8ps count=49 avg=48.3ps sd=6.8ps min=38.4ps max=69.8ps {40 <= 52.7ps, 9 <= 70.2ps, 0 <= 79.0ps, 0 <= 83.4ps, 0 <= 87.8ps}
    Clock DAG library cell distribution after 'Reducing insertion delay 1' {count}:
       Bufs: SC8T_BUFX24_CSC28L: 47 SC8T_BUFX20_CSC28L: 8 
    Primary reporting skew groups after 'Reducing insertion delay 1':
      skew_group clk/functional: insertion delay [min=203.4, max=257.7], skew [54.3 vs 53.8*]
    Skew group summary after 'Reducing insertion delay 1':
      skew_group clk/functional: insertion delay [min=203.4, max=257.7], skew [54.3 vs 53.8*]
    Legalizer API calls during this step: 13 succeeded with high effort: 13 succeeded with medium effort: 0 succeeded with low effort: 0 succeeded with basic effort: 0 succeeded with basic unbounded effort: 0
  Reducing insertion delay 1 done. (took cpu=0:00:00.1 real=0:00:00.1)
      flow.cputime  flow.realtime  timing.setup.tns  timing.setup.wns  snapshot
UM:*                                                                   Reducing insertion delay 1
  Removing longest path buffering...
    Clock DAG stats after 'Removing longest path buffering':
      cell counts      : b=55, i=0, icg=0, dcg=0, l=0, total=55
      sink counts      : regular=4808, enable_latch=0, load_capacitance=0, antenna=0, node_sink=0, total=4808
      misc counts      : r=1, pp=0
      cell areas       : b=132.255um^2, i=0.000um^2, icg=0.000um^2, dcg=0.000um^2, l=0.000um^2, total=132.255um^2
      cell capacitance : b=281.096fF, i=0.000fF, icg=0.000fF, dcg=0.000fF, l=0.000fF, total=281.096fF
      sink capacitance : total=3532.075fF, avg=0.735fF, sd=0.034fF, min=0.679fF, max=0.757fF
      wire capacitance : top=0.000fF, trunk=148.425fF, leaf=1317.024fF, total=1465.450fF
      wire lengths     : top=0.000um, trunk=1176.356um, leaf=9596.183um, total=10772.539um
      hp wire lengths  : top=0.000um, trunk=816.632um, leaf=2630.982um, total=3447.614um
    Clock DAG net violations after 'Removing longest path buffering': none
    Clock DAG primary half-corner transition distribution after 'Removing longest path buffering':
      Trunk : target=87.8ps count=7 avg=49.6ps sd=21.8ps min=19.9ps max=80.5ps {3 <= 52.7ps, 3 <= 70.2ps, 0 <= 79.0ps, 1 <= 83.4ps, 0 <= 87.8ps}
      Leaf  : target=87.8ps count=49 avg=48.3ps sd=6.8ps min=38.4ps max=69.8ps {40 <= 52.7ps, 9 <= 70.2ps, 0 <= 79.0ps, 0 <= 83.4ps, 0 <= 87.8ps}
    Clock DAG library cell distribution after 'Removing longest path buffering' {count}:
       Bufs: SC8T_BUFX24_CSC28L: 47 SC8T_BUFX20_CSC28L: 8 
    Primary reporting skew groups after 'Removing longest path buffering':
      skew_group clk/functional: insertion delay [min=203.4, max=257.7], skew [54.3 vs 53.8*]
    Skew group summary after 'Removing longest path buffering':
      skew_group clk/functional: insertion delay [min=203.4, max=257.7], skew [54.3 vs 53.8*]
    Legalizer API calls during this step: 30 succeeded with high effort: 30 succeeded with medium effort: 0 succeeded with low effort: 0 succeeded with basic effort: 0 succeeded with basic unbounded effort: 0
  Removing longest path buffering done. (took cpu=0:00:01.4 real=0:00:01.4)
      flow.cputime  flow.realtime  timing.setup.tns  timing.setup.wns  snapshot
UM:*                                                                   Removing longest path buffering
  Reducing insertion delay 2...
    Clock DAG stats after 'Reducing insertion delay 2':
      cell counts      : b=55, i=0, icg=0, dcg=0, l=0, total=55
      sink counts      : regular=4808, enable_latch=0, load_capacitance=0, antenna=0, node_sink=0, total=4808
      misc counts      : r=1, pp=0
      cell areas       : b=131.456um^2, i=0.000um^2, icg=0.000um^2, dcg=0.000um^2, l=0.000um^2, total=131.456um^2
      cell capacitance : b=279.378fF, i=0.000fF, icg=0.000fF, dcg=0.000fF, l=0.000fF, total=279.378fF
      sink capacitance : total=3532.075fF, avg=0.735fF, sd=0.034fF, min=0.679fF, max=0.757fF
      wire capacitance : top=0.000fF, trunk=149.926fF, leaf=1322.236fF, total=1472.162fF
      wire lengths     : top=0.000um, trunk=1191.054um, leaf=9636.823um, total=10827.877um
      hp wire lengths  : top=0.000um, trunk=842.840um, leaf=2661.918um, total=3504.758um
    Clock DAG net violations after 'Reducing insertion delay 2': none
    Clock DAG primary half-corner transition distribution after 'Reducing insertion delay 2':
      Trunk : target=87.8ps count=7 avg=45.8ps sd=19.2ps min=22.1ps max=62.9ps {3 <= 52.7ps, 4 <= 70.2ps, 0 <= 79.0ps, 0 <= 83.4ps, 0 <= 87.8ps}
      Leaf  : target=87.8ps count=49 avg=48.1ps sd=6.8ps min=38.3ps max=69.8ps {40 <= 52.7ps, 9 <= 70.2ps, 0 <= 79.0ps, 0 <= 83.4ps, 0 <= 87.8ps}
    Clock DAG library cell distribution after 'Reducing insertion delay 2' {count}:
       Bufs: SC8T_BUFX24_CSC28L: 46 SC8T_BUFX20_CSC28L: 8 SC8T_BUFX16_CSC28L: 1 
    Primary reporting skew groups after 'Reducing insertion delay 2':
      skew_group clk/functional: insertion delay [min=196.9, max=238.2, avg=220.8, sd=9.6], skew [41.3 vs 53.8], 100% {196.9, 238.2} (wid=66.4 ws=41.9) (gid=182.8 gs=14.3)
    Skew group summary after 'Reducing insertion delay 2':
      skew_group clk/functional: insertion delay [min=196.9, max=238.2, avg=220.8, sd=9.6], skew [41.3 vs 53.8], 100% {196.9, 238.2} (wid=66.4 ws=41.9) (gid=182.8 gs=14.3)
    Legalizer API calls during this step: 390 succeeded with high effort: 390 succeeded with medium effort: 0 succeeded with low effort: 0 succeeded with basic effort: 0 succeeded with basic unbounded effort: 0
  Reducing insertion delay 2 done. (took cpu=0:00:06.9 real=0:00:06.8)
      flow.cputime  flow.realtime  timing.setup.tns  timing.setup.wns  snapshot
UM:*                                                                   Reducing insertion delay 2
  Stage::Insertion Delay Reduction done. (took cpu=0:00:10.0 real=0:00:10.0)
      flow.cputime  flow.realtime  timing.setup.tns  timing.setup.wns  snapshot
UM:*                                                                   Stage::Insertion Delay Reduction
  CCOpt::Phase::Construction done. (took cpu=0:00:37.5 real=0:00:24.3)
      flow.cputime  flow.realtime  timing.setup.tns  timing.setup.wns  snapshot
UM:*                                                                   CCOpt::Phase::Construction
  CCOpt::Phase::Implementation...
  Stage::Reducing Power...
  Improving clock tree routing...
    Iteration 1...
    Iteration 1 done.
    Clock DAG stats after 'Improving clock tree routing':
      cell counts      : b=55, i=0, icg=0, dcg=0, l=0, total=55
      sink counts      : regular=4808, enable_latch=0, load_capacitance=0, antenna=0, node_sink=0, total=4808
      misc counts      : r=1, pp=0
      cell areas       : b=131.456um^2, i=0.000um^2, icg=0.000um^2, dcg=0.000um^2, l=0.000um^2, total=131.456um^2
      cell capacitance : b=279.378fF, i=0.000fF, icg=0.000fF, dcg=0.000fF, l=0.000fF, total=279.378fF
      sink capacitance : total=3532.075fF, avg=0.735fF, sd=0.034fF, min=0.679fF, max=0.757fF
      wire capacitance : top=0.000fF, trunk=148.729fF, leaf=1322.236fF, total=1470.966fF
      wire lengths     : top=0.000um, trunk=1181.965um, leaf=9636.823um, total=10818.788um
      hp wire lengths  : top=0.000um, trunk=835.168um, leaf=2661.918um, total=3497.086um
    Clock DAG net violations after 'Improving clock tree routing': none
    Clock DAG primary half-corner transition distribution after 'Improving clock tree routing':
      Trunk : target=87.8ps count=7 avg=46.0ps sd=19.6ps min=22.1ps max=64.8ps {3 <= 52.7ps, 4 <= 70.2ps, 0 <= 79.0ps, 0 <= 83.4ps, 0 <= 87.8ps}
      Leaf  : target=87.8ps count=49 avg=48.1ps sd=6.8ps min=38.3ps max=69.8ps {40 <= 52.7ps, 9 <= 70.2ps, 0 <= 79.0ps, 0 <= 83.4ps, 0 <= 87.8ps}
    Clock DAG library cell distribution after 'Improving clock tree routing' {count}:
       Bufs: SC8T_BUFX24_CSC28L: 46 SC8T_BUFX20_CSC28L: 8 SC8T_BUFX16_CSC28L: 1 
    Primary reporting skew groups after 'Improving clock tree routing':
      skew_group clk/functional: insertion delay [min=196.8, max=239.5], skew [42.7 vs 53.8]
    Skew group summary after 'Improving clock tree routing':
      skew_group clk/functional: insertion delay [min=196.8, max=239.5], skew [42.7 vs 53.8]
    Legalizer API calls during this step: 17 succeeded with high effort: 17 succeeded with medium effort: 0 succeeded with low effort: 0 succeeded with basic effort: 0 succeeded with basic unbounded effort: 0
  Improving clock tree routing done. (took cpu=0:00:00.3 real=0:00:00.3)
      flow.cputime  flow.realtime  timing.setup.tns  timing.setup.wns  snapshot
UM:*                                                                   Improving clock tree routing
  Reducing clock tree power 1...
    Resizing gates:     ...20% ...40% ...60% ...80% ...Legalizing clock trees...
    Legalizing clock trees done. (took cpu=0:00:00.0 real=0:00:00.0)
      flow.cputime  flow.realtime  timing.setup.tns  timing.setup.wns  snapshot
UM:*                                                                   Legalizing clock trees
    100% 
    Clock DAG stats after reducing clock tree power 1 iteration 1:
      cell counts      : b=55, i=0, icg=0, dcg=0, l=0, total=55
      sink counts      : regular=4808, enable_latch=0, load_capacitance=0, antenna=0, node_sink=0, total=4808
      misc counts      : r=1, pp=0
      cell areas       : b=77.742um^2, i=0.000um^2, icg=0.000um^2, dcg=0.000um^2, l=0.000um^2, total=77.742um^2
      cell capacitance : b=164.142fF, i=0.000fF, icg=0.000fF, dcg=0.000fF, l=0.000fF, total=164.142fF
      sink capacitance : total=3532.075fF, avg=0.735fF, sd=0.034fF, min=0.679fF, max=0.757fF
      wire capacitance : top=0.000fF, trunk=148.121fF, leaf=1318.416fF, total=1466.537fF
      wire lengths     : top=0.000um, trunk=1170.653um, leaf=9607.540um, total=10778.193um
      hp wire lengths  : top=0.000um, trunk=835.168um, leaf=2661.918um, total=3497.086um
    Clock DAG net violations after reducing clock tree power 1 iteration 1: none
    Clock DAG primary half-corner transition distribution after reducing clock tree power 1 iteration 1:
      Trunk : target=87.8ps count=7 avg=35.7ps sd=11.8ps min=14.2ps max=45.0ps {7 <= 52.7ps, 0 <= 70.2ps, 0 <= 79.0ps, 0 <= 83.4ps, 0 <= 87.8ps}
      Leaf  : target=87.8ps count=49 avg=75.4ps sd=9.6ps min=54.6ps max=87.7ps {0 <= 52.7ps, 14 <= 70.2ps, 11 <= 79.0ps, 15 <= 83.4ps, 9 <= 87.8ps}
    Clock DAG library cell distribution after reducing clock tree power 1 iteration 1 {count}:
       Bufs: SC8T_BUFX24_CSC28L: 3 SC8T_BUFX20_CSC28L: 2 SC8T_BUFX16_CSC28L: 16 SC8T_BUFX12_CSC28L: 17 SC8T_BUFX10_CSC28L: 17 
    Primary reporting skew groups after reducing clock tree power 1 iteration 1:
      skew_group clk/functional: insertion delay [min=202.7, max=248.7], skew [46.0 vs 53.8]
    Skew group summary after reducing clock tree power 1 iteration 1:
      skew_group clk/functional: insertion delay [min=202.7, max=248.7], skew [46.0 vs 53.8]
    Resizing gates:     ...20% ...40% ...60% ...80% ...Legalizing clock trees...
    Legalizing clock trees done. (took cpu=0:00:00.0 real=0:00:00.0)
      flow.cputime  flow.realtime  timing.setup.tns  timing.setup.wns  snapshot
UM:*                                                                   Legalizing clock trees
    100% 
    Clock DAG stats after reducing clock tree power 1 iteration 2:
      cell counts      : b=55, i=0, icg=0, dcg=0, l=0, total=55
      sink counts      : regular=4808, enable_latch=0, load_capacitance=0, antenna=0, node_sink=0, total=4808
      misc counts      : r=1, pp=0
      cell areas       : b=69.955um^2, i=0.000um^2, icg=0.000um^2, dcg=0.000um^2, l=0.000um^2, total=69.955um^2
      cell capacitance : b=147.574fF, i=0.000fF, icg=0.000fF, dcg=0.000fF, l=0.000fF, total=147.574fF
      sink capacitance : total=3532.075fF, avg=0.735fF, sd=0.034fF, min=0.679fF, max=0.757fF
      wire capacitance : top=0.000fF, trunk=147.853fF, leaf=1318.730fF, total=1466.583fF
      wire lengths     : top=0.000um, trunk=1169.533um, leaf=9608.358um, total=10777.891um
      hp wire lengths  : top=0.000um, trunk=835.168um, leaf=2661.918um, total=3497.086um
    Clock DAG net violations after reducing clock tree power 1 iteration 2: none
    Clock DAG primary half-corner transition distribution after reducing clock tree power 1 iteration 2:
      Trunk : target=87.8ps count=7 avg=34.5ps sd=11.2ps min=14.2ps max=43.0ps {7 <= 52.7ps, 0 <= 70.2ps, 0 <= 79.0ps, 0 <= 83.4ps, 0 <= 87.8ps}
      Leaf  : target=87.8ps count=49 avg=81.9ps sd=4.0ps min=70.2ps max=87.7ps {0 <= 52.7ps, 1 <= 70.2ps, 10 <= 79.0ps, 20 <= 83.4ps, 18 <= 87.8ps}
    Clock DAG library cell distribution after reducing clock tree power 1 iteration 2 {count}:
       Bufs: SC8T_BUFX24_CSC28L: 1 SC8T_BUFX20_CSC28L: 4 SC8T_BUFX16_CSC28L: 3 SC8T_BUFX12_CSC28L: 21 SC8T_BUFX10_CSC28L: 26 
    Primary reporting skew groups after reducing clock tree power 1 iteration 2:
      skew_group clk/functional: insertion delay [min=196.1, max=245.9], skew [49.8 vs 53.8]
    Skew group summary after reducing clock tree power 1 iteration 2:
      skew_group clk/functional: insertion delay [min=196.1, max=245.9], skew [49.8 vs 53.8]
    Resizing gates:     ..Legalizing clock trees...
    Legalizing clock trees done. (took cpu=0:00:00.0 real=0:00:00.0)
      flow.cputime  flow.realtime  timing.setup.tns  timing.setup.wns  snapshot
UM:*                                                                   Legalizing clock trees
    .20% ...40% ...60% ...80% ...100% 
    Clock DAG stats after 'Reducing clock tree power 1':
      cell counts      : b=55, i=0, icg=0, dcg=0, l=0, total=55
      sink counts      : regular=4808, enable_latch=0, load_capacitance=0, antenna=0, node_sink=0, total=4808
      misc counts      : r=1, pp=0
      cell areas       : b=69.955um^2, i=0.000um^2, icg=0.000um^2, dcg=0.000um^2, l=0.000um^2, total=69.955um^2
      cell capacitance : b=147.574fF, i=0.000fF, icg=0.000fF, dcg=0.000fF, l=0.000fF, total=147.574fF
      sink capacitance : total=3532.075fF, avg=0.735fF, sd=0.034fF, min=0.679fF, max=0.757fF
      wire capacitance : top=0.000fF, trunk=147.853fF, leaf=1318.730fF, total=1466.583fF
      wire lengths     : top=0.000um, trunk=1169.533um, leaf=9608.358um, total=10777.891um
      hp wire lengths  : top=0.000um, trunk=835.168um, leaf=2661.918um, total=3497.086um
    Clock DAG net violations after 'Reducing clock tree power 1': none
    Clock DAG primary half-corner transition distribution after 'Reducing clock tree power 1':
      Trunk : target=87.8ps count=7 avg=34.5ps sd=11.2ps min=14.2ps max=43.0ps {7 <= 52.7ps, 0 <= 70.2ps, 0 <= 79.0ps, 0 <= 83.4ps, 0 <= 87.8ps}
      Leaf  : target=87.8ps count=49 avg=81.9ps sd=4.0ps min=70.2ps max=87.7ps {0 <= 52.7ps, 1 <= 70.2ps, 10 <= 79.0ps, 20 <= 83.4ps, 18 <= 87.8ps}
    Clock DAG library cell distribution after 'Reducing clock tree power 1' {count}:
       Bufs: SC8T_BUFX24_CSC28L: 1 SC8T_BUFX20_CSC28L: 4 SC8T_BUFX16_CSC28L: 3 SC8T_BUFX12_CSC28L: 21 SC8T_BUFX10_CSC28L: 26 
    Primary reporting skew groups after 'Reducing clock tree power 1':
      skew_group clk/functional: insertion delay [min=196.1, max=245.9], skew [49.8 vs 53.8]
    Skew group summary after 'Reducing clock tree power 1':
      skew_group clk/functional: insertion delay [min=196.1, max=245.9], skew [49.8 vs 53.8]
    Legalizer API calls during this step: 451 succeeded with high effort: 451 succeeded with medium effort: 0 succeeded with low effort: 0 succeeded with basic effort: 0 succeeded with basic unbounded effort: 0
  Reducing clock tree power 1 done. (took cpu=0:00:08.1 real=0:00:03.8)
      flow.cputime  flow.realtime  timing.setup.tns  timing.setup.wns  snapshot
UM:*                                                                   Reducing clock tree power 1
  Reducing clock tree power 2...
    Clock DAG stats after 'Reducing clock tree power 2':
      cell counts      : b=55, i=0, icg=0, dcg=0, l=0, total=55
      sink counts      : regular=4808, enable_latch=0, load_capacitance=0, antenna=0, node_sink=0, total=4808
      misc counts      : r=1, pp=0
      cell areas       : b=69.955um^2, i=0.000um^2, icg=0.000um^2, dcg=0.000um^2, l=0.000um^2, total=69.955um^2
      cell capacitance : b=147.574fF, i=0.000fF, icg=0.000fF, dcg=0.000fF, l=0.000fF, total=147.574fF
      sink capacitance : total=3532.075fF, avg=0.735fF, sd=0.034fF, min=0.679fF, max=0.757fF
      wire capacitance : top=0.000fF, trunk=147.853fF, leaf=1318.730fF, total=1466.583fF
      wire lengths     : top=0.000um, trunk=1169.533um, leaf=9608.358um, total=10777.891um
      hp wire lengths  : top=0.000um, trunk=835.168um, leaf=2661.918um, total=3497.086um
    Clock DAG net violations after 'Reducing clock tree power 2': none
    Clock DAG primary half-corner transition distribution after 'Reducing clock tree power 2':
      Trunk : target=87.8ps count=7 avg=34.5ps sd=11.2ps min=14.2ps max=43.0ps {7 <= 52.7ps, 0 <= 70.2ps, 0 <= 79.0ps, 0 <= 83.4ps, 0 <= 87.8ps}
      Leaf  : target=87.8ps count=49 avg=81.9ps sd=4.0ps min=70.2ps max=87.7ps {0 <= 52.7ps, 1 <= 70.2ps, 10 <= 79.0ps, 20 <= 83.4ps, 18 <= 87.8ps}
    Clock DAG library cell distribution after 'Reducing clock tree power 2' {count}:
       Bufs: SC8T_BUFX24_CSC28L: 1 SC8T_BUFX20_CSC28L: 4 SC8T_BUFX16_CSC28L: 3 SC8T_BUFX12_CSC28L: 21 SC8T_BUFX10_CSC28L: 26 
    Primary reporting skew groups after 'Reducing clock tree power 2':
      skew_group clk/functional: insertion delay [min=196.1, max=245.9, avg=233.6, sd=7.3], skew [49.8 vs 53.8], 100% {196.1, 245.9} (wid=61.9 ws=37.7) (gid=201.9 gs=36.9)
    Skew group summary after 'Reducing clock tree power 2':
      skew_group clk/functional: insertion delay [min=196.1, max=245.9, avg=233.6, sd=7.3], skew [49.8 vs 53.8], 100% {196.1, 245.9} (wid=61.9 ws=37.7) (gid=201.9 gs=36.9)
    Legalizer API calls during this step: 0 succeeded with high effort: 0 succeeded with medium effort: 0 succeeded with low effort: 0 succeeded with basic effort: 0 succeeded with basic unbounded effort: 0
  Reducing clock tree power 2 done. (took cpu=0:00:00.1 real=0:00:00.1)
      flow.cputime  flow.realtime  timing.setup.tns  timing.setup.wns  snapshot
UM:*                                                                   Reducing clock tree power 2
  Stage::Reducing Power done. (took cpu=0:00:09.1 real=0:00:04.9)
      flow.cputime  flow.realtime  timing.setup.tns  timing.setup.wns  snapshot
UM:*                                                                   Stage::Reducing Power
  Stage::Balancing...
  Approximately balancing fragments step...
    Resolve constraints - Approximately balancing fragments...
    Resolving skew group constraints...
      Solving LP: 1 skew groups; 2 fragments, 2 fraglets and 3 vertices; 25 variables and 66 constraints; tolerance 1
    Resolving skew group constraints done.
    Resolve constraints - Approximately balancing fragments done. (took cpu=0:00:00.4 real=0:00:00.4)
      flow.cputime  flow.realtime  timing.setup.tns  timing.setup.wns  snapshot
UM:*                                                                   Resolve constraints - Approximately balancing fragments
    Estimate delay to be added in balancing - Approximately balancing fragments...
    Trial balancer estimated the amount of delay to be added in balancing: 0.0ps
    Estimate delay to be added in balancing - Approximately balancing fragments done. (took cpu=0:00:00.2 real=0:00:00.2)
      flow.cputime  flow.realtime  timing.setup.tns  timing.setup.wns  snapshot
UM:*                                                                   Estimate delay to be added in balancing - Approximately balancing fragments
    Approximately balancing fragments...
      Moving gates to improve sub-tree skew...
        Tried: 57 Succeeded: 0
        Topology Tried: 0 Succeeded: 0
        0 Succeeded with SS ratio
        0 Succeeded with Lollipop: 0 with tier one, 0 with tier two. 
        Total reducing skew: 0 Average reducing skew for 0 nets : 0
        Clock DAG stats after 'Moving gates to improve sub-tree skew':
          cell counts      : b=55, i=0, icg=0, dcg=0, l=0, total=55
          sink counts      : regular=4808, enable_latch=0, load_capacitance=0, antenna=0, node_sink=0, total=4808
          misc counts      : r=1, pp=0
          cell areas       : b=69.955um^2, i=0.000um^2, icg=0.000um^2, dcg=0.000um^2, l=0.000um^2, total=69.955um^2
          cell capacitance : b=147.574fF, i=0.000fF, icg=0.000fF, dcg=0.000fF, l=0.000fF, total=147.574fF
          sink capacitance : total=3532.075fF, avg=0.735fF, sd=0.034fF, min=0.679fF, max=0.757fF
          wire capacitance : top=0.000fF, trunk=147.853fF, leaf=1318.730fF, total=1466.583fF
          wire lengths     : top=0.000um, trunk=1169.533um, leaf=9608.358um, total=10777.891um
          hp wire lengths  : top=0.000um, trunk=835.168um, leaf=2661.918um, total=3497.086um
        Clock DAG net violations after 'Moving gates to improve sub-tree skew': none
        Clock DAG primary half-corner transition distribution after 'Moving gates to improve sub-tree skew':
          Trunk : target=87.8ps count=7 avg=34.5ps sd=11.2ps min=14.2ps max=43.0ps {7 <= 52.7ps, 0 <= 70.2ps, 0 <= 79.0ps, 0 <= 83.4ps, 0 <= 87.8ps}
          Leaf  : target=87.8ps count=49 avg=81.9ps sd=4.0ps min=70.2ps max=87.7ps {0 <= 52.7ps, 1 <= 70.2ps, 10 <= 79.0ps, 20 <= 83.4ps, 18 <= 87.8ps}
        Clock DAG library cell distribution after 'Moving gates to improve sub-tree skew' {count}:
           Bufs: SC8T_BUFX24_CSC28L: 1 SC8T_BUFX20_CSC28L: 4 SC8T_BUFX16_CSC28L: 3 SC8T_BUFX12_CSC28L: 21 SC8T_BUFX10_CSC28L: 26 
        Legalizer API calls during this step: 0 succeeded with high effort: 0 succeeded with medium effort: 0 succeeded with low effort: 0 succeeded with basic effort: 0 succeeded with basic unbounded effort: 0
      Moving gates to improve sub-tree skew done. (took cpu=0:00:00.1 real=0:00:00.1)
      flow.cputime  flow.realtime  timing.setup.tns  timing.setup.wns  snapshot
UM:*                                                                   Moving gates to improve sub-tree skew
      Approximately balancing fragments bottom up...
        bottom up balancing: ...20% ...40% ...60% ...80% ...100% 
        Clock DAG stats after 'Approximately balancing fragments bottom up':
          cell counts      : b=55, i=0, icg=0, dcg=0, l=0, total=55
          sink counts      : regular=4808, enable_latch=0, load_capacitance=0, antenna=0, node_sink=0, total=4808
          misc counts      : r=1, pp=0
          cell areas       : b=69.955um^2, i=0.000um^2, icg=0.000um^2, dcg=0.000um^2, l=0.000um^2, total=69.955um^2
          cell capacitance : b=147.574fF, i=0.000fF, icg=0.000fF, dcg=0.000fF, l=0.000fF, total=147.574fF
          sink capacitance : total=3532.075fF, avg=0.735fF, sd=0.034fF, min=0.679fF, max=0.757fF
          wire capacitance : top=0.000fF, trunk=147.853fF, leaf=1318.730fF, total=1466.583fF
          wire lengths     : top=0.000um, trunk=1169.533um, leaf=9608.358um, total=10777.891um
          hp wire lengths  : top=0.000um, trunk=835.168um, leaf=2661.918um, total=3497.086um
        Clock DAG net violations after 'Approximately balancing fragments bottom up': none
        Clock DAG primary half-corner transition distribution after 'Approximately balancing fragments bottom up':
          Trunk : target=87.8ps count=7 avg=34.5ps sd=11.2ps min=14.2ps max=43.0ps {7 <= 52.7ps, 0 <= 70.2ps, 0 <= 79.0ps, 0 <= 83.4ps, 0 <= 87.8ps}
          Leaf  : target=87.8ps count=49 avg=81.9ps sd=4.0ps min=70.2ps max=87.7ps {0 <= 52.7ps, 1 <= 70.2ps, 10 <= 79.0ps, 20 <= 83.4ps, 18 <= 87.8ps}
        Clock DAG library cell distribution after 'Approximately balancing fragments bottom up' {count}:
           Bufs: SC8T_BUFX24_CSC28L: 1 SC8T_BUFX20_CSC28L: 4 SC8T_BUFX16_CSC28L: 3 SC8T_BUFX12_CSC28L: 21 SC8T_BUFX10_CSC28L: 26 
        Legalizer API calls during this step: 9 succeeded with high effort: 9 succeeded with medium effort: 0 succeeded with low effort: 0 succeeded with basic effort: 0 succeeded with basic unbounded effort: 0
      Approximately balancing fragments bottom up done. (took cpu=0:00:01.3 real=0:00:01.3)
      flow.cputime  flow.realtime  timing.setup.tns  timing.setup.wns  snapshot
UM:*                                                                   Approximately balancing fragments bottom up
      Approximately balancing fragments, wire and cell delays...
      Approximately balancing fragments, wire and cell delays, iteration 1...
        Clock DAG stats after Approximately balancing fragments, wire and cell delays, iteration 1:
          cell counts      : b=55, i=0, icg=0, dcg=0, l=0, total=55
          sink counts      : regular=4808, enable_latch=0, load_capacitance=0, antenna=0, node_sink=0, total=4808
          misc counts      : r=1, pp=0
          cell areas       : b=69.955um^2, i=0.000um^2, icg=0.000um^2, dcg=0.000um^2, l=0.000um^2, total=69.955um^2
          cell capacitance : b=147.574fF, i=0.000fF, icg=0.000fF, dcg=0.000fF, l=0.000fF, total=147.574fF
          sink capacitance : total=3532.075fF, avg=0.735fF, sd=0.034fF, min=0.679fF, max=0.757fF
          wire capacitance : top=0.000fF, trunk=147.853fF, leaf=1318.730fF, total=1466.583fF
          wire lengths     : top=0.000um, trunk=1169.533um, leaf=9608.358um, total=10777.891um
          hp wire lengths  : top=0.000um, trunk=835.168um, leaf=2661.918um, total=3497.086um
        Clock DAG net violations after Approximately balancing fragments, wire and cell delays, iteration 1: none
        Clock DAG primary half-corner transition distribution after Approximately balancing fragments, wire and cell delays, iteration 1:
          Trunk : target=87.8ps count=7 avg=34.5ps sd=11.2ps min=14.2ps max=43.0ps {7 <= 52.7ps, 0 <= 70.2ps, 0 <= 79.0ps, 0 <= 83.4ps, 0 <= 87.8ps}
          Leaf  : target=87.8ps count=49 avg=81.9ps sd=4.0ps min=70.2ps max=87.7ps {0 <= 52.7ps, 1 <= 70.2ps, 10 <= 79.0ps, 20 <= 83.4ps, 18 <= 87.8ps}
        Clock DAG library cell distribution after Approximately balancing fragments, wire and cell delays, iteration 1 {count}:
           Bufs: SC8T_BUFX24_CSC28L: 1 SC8T_BUFX20_CSC28L: 4 SC8T_BUFX16_CSC28L: 3 SC8T_BUFX12_CSC28L: 21 SC8T_BUFX10_CSC28L: 26 
      Approximately balancing fragments, wire and cell delays, iteration 1 done.
      Approximately balancing fragments, wire and cell delays done. (took cpu=0:00:00.1 real=0:00:00.1)
      flow.cputime  flow.realtime  timing.setup.tns  timing.setup.wns  snapshot
UM:*                                                                   Approximately balancing fragments, wire and cell delays
    Approximately balancing fragments done.
    Clock DAG stats after 'Approximately balancing fragments step':
      cell counts      : b=55, i=0, icg=0, dcg=0, l=0, total=55
      sink counts      : regular=4808, enable_latch=0, load_capacitance=0, antenna=0, node_sink=0, total=4808
      misc counts      : r=1, pp=0
      cell areas       : b=69.955um^2, i=0.000um^2, icg=0.000um^2, dcg=0.000um^2, l=0.000um^2, total=69.955um^2
      cell capacitance : b=147.574fF, i=0.000fF, icg=0.000fF, dcg=0.000fF, l=0.000fF, total=147.574fF
      sink capacitance : total=3532.075fF, avg=0.735fF, sd=0.034fF, min=0.679fF, max=0.757fF
      wire capacitance : top=0.000fF, trunk=147.853fF, leaf=1318.730fF, total=1466.583fF
      wire lengths     : top=0.000um, trunk=1169.533um, leaf=9608.358um, total=10777.891um
      hp wire lengths  : top=0.000um, trunk=835.168um, leaf=2661.918um, total=3497.086um
    Clock DAG net violations after 'Approximately balancing fragments step': none
    Clock DAG primary half-corner transition distribution after 'Approximately balancing fragments step':
      Trunk : target=87.8ps count=7 avg=34.5ps sd=11.2ps min=14.2ps max=43.0ps {7 <= 52.7ps, 0 <= 70.2ps, 0 <= 79.0ps, 0 <= 83.4ps, 0 <= 87.8ps}
      Leaf  : target=87.8ps count=49 avg=81.9ps sd=4.0ps min=70.2ps max=87.7ps {0 <= 52.7ps, 1 <= 70.2ps, 10 <= 79.0ps, 20 <= 83.4ps, 18 <= 87.8ps}
    Clock DAG library cell distribution after 'Approximately balancing fragments step' {count}:
       Bufs: SC8T_BUFX24_CSC28L: 1 SC8T_BUFX20_CSC28L: 4 SC8T_BUFX16_CSC28L: 3 SC8T_BUFX12_CSC28L: 21 SC8T_BUFX10_CSC28L: 26 
    Legalizer API calls during this step: 9 succeeded with high effort: 9 succeeded with medium effort: 0 succeeded with low effort: 0 succeeded with basic effort: 0 succeeded with basic unbounded effort: 0
  Approximately balancing fragments step done. (took cpu=0:00:03.3 real=0:00:03.3)
      flow.cputime  flow.realtime  timing.setup.tns  timing.setup.wns  snapshot
UM:*                                                                   Approximately balancing fragments step
  Clock DAG stats after Approximately balancing fragments:
    cell counts      : b=55, i=0, icg=0, dcg=0, l=0, total=55
    sink counts      : regular=4808, enable_latch=0, load_capacitance=0, antenna=0, node_sink=0, total=4808
    misc counts      : r=1, pp=0
    cell areas       : b=69.955um^2, i=0.000um^2, icg=0.000um^2, dcg=0.000um^2, l=0.000um^2, total=69.955um^2
    cell capacitance : b=147.574fF, i=0.000fF, icg=0.000fF, dcg=0.000fF, l=0.000fF, total=147.574fF
    sink capacitance : total=3532.075fF, avg=0.735fF, sd=0.034fF, min=0.679fF, max=0.757fF
    wire capacitance : top=0.000fF, trunk=147.853fF, leaf=1318.730fF, total=1466.583fF
    wire lengths     : top=0.000um, trunk=1169.533um, leaf=9608.358um, total=10777.891um
    hp wire lengths  : top=0.000um, trunk=835.168um, leaf=2661.918um, total=3497.086um
  Clock DAG net violations after Approximately balancing fragments: none
  Clock DAG primary half-corner transition distribution after Approximately balancing fragments:
    Trunk : target=87.8ps count=7 avg=34.5ps sd=11.2ps min=14.2ps max=43.0ps {7 <= 52.7ps, 0 <= 70.2ps, 0 <= 79.0ps, 0 <= 83.4ps, 0 <= 87.8ps}
    Leaf  : target=87.8ps count=49 avg=81.9ps sd=4.0ps min=70.2ps max=87.7ps {0 <= 52.7ps, 1 <= 70.2ps, 10 <= 79.0ps, 20 <= 83.4ps, 18 <= 87.8ps}
  Clock DAG library cell distribution after Approximately balancing fragments {count}:
     Bufs: SC8T_BUFX24_CSC28L: 1 SC8T_BUFX20_CSC28L: 4 SC8T_BUFX16_CSC28L: 3 SC8T_BUFX12_CSC28L: 21 SC8T_BUFX10_CSC28L: 26 
  Primary reporting skew groups after Approximately balancing fragments:
    skew_group clk/functional: insertion delay [min=196.1, max=245.9], skew [49.8 vs 53.8]
  Skew group summary after Approximately balancing fragments:
    skew_group clk/functional: insertion delay [min=196.1, max=245.9], skew [49.8 vs 53.8]
  Improving fragments clock skew...
    Clock DAG stats after 'Improving fragments clock skew':
      cell counts      : b=55, i=0, icg=0, dcg=0, l=0, total=55
      sink counts      : regular=4808, enable_latch=0, load_capacitance=0, antenna=0, node_sink=0, total=4808
      misc counts      : r=1, pp=0
      cell areas       : b=69.955um^2, i=0.000um^2, icg=0.000um^2, dcg=0.000um^2, l=0.000um^2, total=69.955um^2
      cell capacitance : b=147.574fF, i=0.000fF, icg=0.000fF, dcg=0.000fF, l=0.000fF, total=147.574fF
      sink capacitance : total=3532.075fF, avg=0.735fF, sd=0.034fF, min=0.679fF, max=0.757fF
      wire capacitance : top=0.000fF, trunk=147.853fF, leaf=1318.730fF, total=1466.583fF
      wire lengths     : top=0.000um, trunk=1169.533um, leaf=9608.358um, total=10777.891um
      hp wire lengths  : top=0.000um, trunk=835.168um, leaf=2661.918um, total=3497.086um
    Clock DAG net violations after 'Improving fragments clock skew': none
    Clock DAG primary half-corner transition distribution after 'Improving fragments clock skew':
      Trunk : target=87.8ps count=7 avg=34.5ps sd=11.2ps min=14.2ps max=43.0ps {7 <= 52.7ps, 0 <= 70.2ps, 0 <= 79.0ps, 0 <= 83.4ps, 0 <= 87.8ps}
      Leaf  : target=87.8ps count=49 avg=81.9ps sd=4.0ps min=70.2ps max=87.7ps {0 <= 52.7ps, 1 <= 70.2ps, 10 <= 79.0ps, 20 <= 83.4ps, 18 <= 87.8ps}
    Clock DAG library cell distribution after 'Improving fragments clock skew' {count}:
       Bufs: SC8T_BUFX24_CSC28L: 1 SC8T_BUFX20_CSC28L: 4 SC8T_BUFX16_CSC28L: 3 SC8T_BUFX12_CSC28L: 21 SC8T_BUFX10_CSC28L: 26 
    Primary reporting skew groups after 'Improving fragments clock skew':
      skew_group clk/functional: insertion delay [min=196.1, max=245.9], skew [49.8 vs 53.8]
    Skew group summary after 'Improving fragments clock skew':
      skew_group clk/functional: insertion delay [min=196.1, max=245.9], skew [49.8 vs 53.8]
    Legalizer API calls during this step: 0 succeeded with high effort: 0 succeeded with medium effort: 0 succeeded with low effort: 0 succeeded with basic effort: 0 succeeded with basic unbounded effort: 0
  Improving fragments clock skew done. (took cpu=0:00:00.1 real=0:00:00.1)
      flow.cputime  flow.realtime  timing.setup.tns  timing.setup.wns  snapshot
UM:*                                                                   Improving fragments clock skew
  Approximately balancing step...
    Resolve constraints - Approximately balancing...
    Resolving skew group constraints...
      Solving LP: 1 skew groups; 2 fragments, 2 fraglets and 3 vertices; 25 variables and 66 constraints; tolerance 1
    Resolving skew group constraints done.
    Resolve constraints - Approximately balancing done. (took cpu=0:00:00.2 real=0:00:00.2)
      flow.cputime  flow.realtime  timing.setup.tns  timing.setup.wns  snapshot
UM:*                                                                   Resolve constraints - Approximately balancing
    Approximately balancing...
      Approximately balancing, wire and cell delays...
      Approximately balancing, wire and cell delays, iteration 1...
        Clock DAG stats after Approximately balancing, wire and cell delays, iteration 1:
          cell counts      : b=55, i=0, icg=0, dcg=0, l=0, total=55
          sink counts      : regular=4808, enable_latch=0, load_capacitance=0, antenna=0, node_sink=0, total=4808
          misc counts      : r=1, pp=0
          cell areas       : b=69.955um^2, i=0.000um^2, icg=0.000um^2, dcg=0.000um^2, l=0.000um^2, total=69.955um^2
          cell capacitance : b=147.574fF, i=0.000fF, icg=0.000fF, dcg=0.000fF, l=0.000fF, total=147.574fF
          sink capacitance : total=3532.075fF, avg=0.735fF, sd=0.034fF, min=0.679fF, max=0.757fF
          wire capacitance : top=0.000fF, trunk=147.853fF, leaf=1318.730fF, total=1466.583fF
          wire lengths     : top=0.000um, trunk=1169.533um, leaf=9608.358um, total=10777.891um
          hp wire lengths  : top=0.000um, trunk=835.168um, leaf=2661.918um, total=3497.086um
        Clock DAG net violations after Approximately balancing, wire and cell delays, iteration 1: none
        Clock DAG primary half-corner transition distribution after Approximately balancing, wire and cell delays, iteration 1:
          Trunk : target=87.8ps count=7 avg=34.5ps sd=11.2ps min=14.2ps max=43.0ps {7 <= 52.7ps, 0 <= 70.2ps, 0 <= 79.0ps, 0 <= 83.4ps, 0 <= 87.8ps}
          Leaf  : target=87.8ps count=49 avg=81.9ps sd=4.0ps min=70.2ps max=87.7ps {0 <= 52.7ps, 1 <= 70.2ps, 10 <= 79.0ps, 20 <= 83.4ps, 18 <= 87.8ps}
        Clock DAG library cell distribution after Approximately balancing, wire and cell delays, iteration 1 {count}:
           Bufs: SC8T_BUFX24_CSC28L: 1 SC8T_BUFX20_CSC28L: 4 SC8T_BUFX16_CSC28L: 3 SC8T_BUFX12_CSC28L: 21 SC8T_BUFX10_CSC28L: 26 
      Approximately balancing, wire and cell delays, iteration 1 done.
      Approximately balancing, wire and cell delays done. (took cpu=0:00:00.1 real=0:00:00.1)
      flow.cputime  flow.realtime  timing.setup.tns  timing.setup.wns  snapshot
UM:*                                                                   Approximately balancing, wire and cell delays
    Approximately balancing done.
    Clock DAG stats after 'Approximately balancing step':
      cell counts      : b=55, i=0, icg=0, dcg=0, l=0, total=55
      sink counts      : regular=4808, enable_latch=0, load_capacitance=0, antenna=0, node_sink=0, total=4808
      misc counts      : r=1, pp=0
      cell areas       : b=69.955um^2, i=0.000um^2, icg=0.000um^2, dcg=0.000um^2, l=0.000um^2, total=69.955um^2
      cell capacitance : b=147.574fF, i=0.000fF, icg=0.000fF, dcg=0.000fF, l=0.000fF, total=147.574fF
      sink capacitance : total=3532.075fF, avg=0.735fF, sd=0.034fF, min=0.679fF, max=0.757fF
      wire capacitance : top=0.000fF, trunk=147.853fF, leaf=1318.730fF, total=1466.583fF
      wire lengths     : top=0.000um, trunk=1169.533um, leaf=9608.358um, total=10777.891um
      hp wire lengths  : top=0.000um, trunk=835.168um, leaf=2661.918um, total=3497.086um
    Clock DAG net violations after 'Approximately balancing step': none
    Clock DAG primary half-corner transition distribution after 'Approximately balancing step':
      Trunk : target=87.8ps count=7 avg=34.5ps sd=11.2ps min=14.2ps max=43.0ps {7 <= 52.7ps, 0 <= 70.2ps, 0 <= 79.0ps, 0 <= 83.4ps, 0 <= 87.8ps}
      Leaf  : target=87.8ps count=49 avg=81.9ps sd=4.0ps min=70.2ps max=87.7ps {0 <= 52.7ps, 1 <= 70.2ps, 10 <= 79.0ps, 20 <= 83.4ps, 18 <= 87.8ps}
    Clock DAG library cell distribution after 'Approximately balancing step' {count}:
       Bufs: SC8T_BUFX24_CSC28L: 1 SC8T_BUFX20_CSC28L: 4 SC8T_BUFX16_CSC28L: 3 SC8T_BUFX12_CSC28L: 21 SC8T_BUFX10_CSC28L: 26 
    Primary reporting skew groups after 'Approximately balancing step':
      skew_group clk/functional: insertion delay [min=196.1, max=245.9], skew [49.8 vs 53.8]
    Skew group summary after 'Approximately balancing step':
      skew_group clk/functional: insertion delay [min=196.1, max=245.9], skew [49.8 vs 53.8]
    Legalizer API calls during this step: 0 succeeded with high effort: 0 succeeded with medium effort: 0 succeeded with low effort: 0 succeeded with basic effort: 0 succeeded with basic unbounded effort: 0
  Approximately balancing step done. (took cpu=0:00:00.8 real=0:00:00.8)
      flow.cputime  flow.realtime  timing.setup.tns  timing.setup.wns  snapshot
UM:*                                                                   Approximately balancing step
  Fixing clock tree overload...
    Fixing clock tree overload: ...20% ...40% ...60% ...80% ...100% 
    Clock DAG stats after 'Fixing clock tree overload':
      cell counts      : b=55, i=0, icg=0, dcg=0, l=0, total=55
      sink counts      : regular=4808, enable_latch=0, load_capacitance=0, antenna=0, node_sink=0, total=4808
      misc counts      : r=1, pp=0
      cell areas       : b=69.955um^2, i=0.000um^2, icg=0.000um^2, dcg=0.000um^2, l=0.000um^2, total=69.955um^2
      cell capacitance : b=147.574fF, i=0.000fF, icg=0.000fF, dcg=0.000fF, l=0.000fF, total=147.574fF
      sink capacitance : total=3532.075fF, avg=0.735fF, sd=0.034fF, min=0.679fF, max=0.757fF
      wire capacitance : top=0.000fF, trunk=147.853fF, leaf=1318.730fF, total=1466.583fF
      wire lengths     : top=0.000um, trunk=1169.533um, leaf=9608.358um, total=10777.891um
      hp wire lengths  : top=0.000um, trunk=835.168um, leaf=2661.918um, total=3497.086um
    Clock DAG net violations after 'Fixing clock tree overload': none
    Clock DAG primary half-corner transition distribution after 'Fixing clock tree overload':
      Trunk : target=87.8ps count=7 avg=34.5ps sd=11.2ps min=14.2ps max=43.0ps {7 <= 52.7ps, 0 <= 70.2ps, 0 <= 79.0ps, 0 <= 83.4ps, 0 <= 87.8ps}
      Leaf  : target=87.8ps count=49 avg=81.9ps sd=4.0ps min=70.2ps max=87.7ps {0 <= 52.7ps, 1 <= 70.2ps, 10 <= 79.0ps, 20 <= 83.4ps, 18 <= 87.8ps}
    Clock DAG library cell distribution after 'Fixing clock tree overload' {count}:
       Bufs: SC8T_BUFX24_CSC28L: 1 SC8T_BUFX20_CSC28L: 4 SC8T_BUFX16_CSC28L: 3 SC8T_BUFX12_CSC28L: 21 SC8T_BUFX10_CSC28L: 26 
    Primary reporting skew groups after 'Fixing clock tree overload':
      skew_group clk/functional: insertion delay [min=196.1, max=245.9], skew [49.8 vs 53.8]
    Skew group summary after 'Fixing clock tree overload':
      skew_group clk/functional: insertion delay [min=196.1, max=245.9], skew [49.8 vs 53.8]
    Legalizer API calls during this step: 0 succeeded with high effort: 0 succeeded with medium effort: 0 succeeded with low effort: 0 succeeded with basic effort: 0 succeeded with basic unbounded effort: 0
  Fixing clock tree overload done. (took cpu=0:00:00.1 real=0:00:00.1)
      flow.cputime  flow.realtime  timing.setup.tns  timing.setup.wns  snapshot
UM:*                                                                   Fixing clock tree overload
  Approximately balancing paths...
    Added 0 buffers.
    Clock DAG stats after 'Approximately balancing paths':
      cell counts      : b=55, i=0, icg=0, dcg=0, l=0, total=55
      sink counts      : regular=4808, enable_latch=0, load_capacitance=0, antenna=0, node_sink=0, total=4808
      misc counts      : r=1, pp=0
      cell areas       : b=69.955um^2, i=0.000um^2, icg=0.000um^2, dcg=0.000um^2, l=0.000um^2, total=69.955um^2
      cell capacitance : b=147.574fF, i=0.000fF, icg=0.000fF, dcg=0.000fF, l=0.000fF, total=147.574fF
      sink capacitance : total=3532.075fF, avg=0.735fF, sd=0.034fF, min=0.679fF, max=0.757fF
      wire capacitance : top=0.000fF, trunk=147.853fF, leaf=1318.730fF, total=1466.583fF
      wire lengths     : top=0.000um, trunk=1169.533um, leaf=9608.358um, total=10777.891um
      hp wire lengths  : top=0.000um, trunk=835.168um, leaf=2661.918um, total=3497.086um
    Clock DAG net violations after 'Approximately balancing paths': none
    Clock DAG primary half-corner transition distribution after 'Approximately balancing paths':
      Trunk : target=87.8ps count=7 avg=34.5ps sd=11.2ps min=14.2ps max=43.0ps {7 <= 52.7ps, 0 <= 70.2ps, 0 <= 79.0ps, 0 <= 83.4ps, 0 <= 87.8ps}
      Leaf  : target=87.8ps count=49 avg=81.9ps sd=4.0ps min=70.2ps max=87.7ps {0 <= 52.7ps, 1 <= 70.2ps, 10 <= 79.0ps, 20 <= 83.4ps, 18 <= 87.8ps}
    Clock DAG library cell distribution after 'Approximately balancing paths' {count}:
       Bufs: SC8T_BUFX24_CSC28L: 1 SC8T_BUFX20_CSC28L: 4 SC8T_BUFX16_CSC28L: 3 SC8T_BUFX12_CSC28L: 21 SC8T_BUFX10_CSC28L: 26 
    Primary reporting skew groups after 'Approximately balancing paths':
      skew_group clk/functional: insertion delay [min=196.1, max=245.9, avg=233.6, sd=7.3], skew [49.8 vs 53.8], 100% {196.1, 245.9} (wid=61.9 ws=37.7) (gid=201.9 gs=36.9)
    Skew group summary after 'Approximately balancing paths':
      skew_group clk/functional: insertion delay [min=196.1, max=245.9, avg=233.6, sd=7.3], skew [49.8 vs 53.8], 100% {196.1, 245.9} (wid=61.9 ws=37.7) (gid=201.9 gs=36.9)
    Legalizer API calls during this step: 0 succeeded with high effort: 0 succeeded with medium effort: 0 succeeded with low effort: 0 succeeded with basic effort: 0 succeeded with basic unbounded effort: 0
  Approximately balancing paths done. (took cpu=0:00:00.1 real=0:00:00.1)
      flow.cputime  flow.realtime  timing.setup.tns  timing.setup.wns  snapshot
UM:*                                                                   Approximately balancing paths
  Stage::Balancing done. (took cpu=0:00:05.7 real=0:00:05.7)
      flow.cputime  flow.realtime  timing.setup.tns  timing.setup.wns  snapshot
UM:*                                                                   Stage::Balancing
  Stage::Polishing...
  Clock tree timing engine global stage delay update for WC_dc:setup.late...
  Clock tree timing engine global stage delay update for WC_dc:setup.late done. (took cpu=0:00:00.3 real=0:00:00.1)
  Clock DAG stats before polishing:
    cell counts      : b=55, i=0, icg=0, dcg=0, l=0, total=55
    sink counts      : regular=4808, enable_latch=0, load_capacitance=0, antenna=0, node_sink=0, total=4808
    misc counts      : r=1, pp=0
    cell areas       : b=69.955um^2, i=0.000um^2, icg=0.000um^2, dcg=0.000um^2, l=0.000um^2, total=69.955um^2
    cell capacitance : b=147.574fF, i=0.000fF, icg=0.000fF, dcg=0.000fF, l=0.000fF, total=147.574fF
    sink capacitance : total=3532.075fF, avg=0.735fF, sd=0.034fF, min=0.679fF, max=0.757fF
    wire capacitance : top=0.000fF, trunk=147.853fF, leaf=1318.730fF, total=1466.583fF
    wire lengths     : top=0.000um, trunk=1169.533um, leaf=9608.358um, total=10777.891um
    hp wire lengths  : top=0.000um, trunk=835.168um, leaf=2661.918um, total=3497.086um
  Clock DAG net violations before polishing: none
  Clock DAG primary half-corner transition distribution before polishing:
    Trunk : target=87.8ps count=7 avg=34.5ps sd=11.2ps min=14.2ps max=43.0ps {7 <= 52.7ps, 0 <= 70.2ps, 0 <= 79.0ps, 0 <= 83.4ps, 0 <= 87.8ps}
    Leaf  : target=87.8ps count=49 avg=81.9ps sd=4.0ps min=70.2ps max=87.7ps {0 <= 52.7ps, 1 <= 70.2ps, 10 <= 79.0ps, 20 <= 83.4ps, 18 <= 87.8ps}
  Clock DAG library cell distribution before polishing {count}:
     Bufs: SC8T_BUFX24_CSC28L: 1 SC8T_BUFX20_CSC28L: 4 SC8T_BUFX16_CSC28L: 3 SC8T_BUFX12_CSC28L: 21 SC8T_BUFX10_CSC28L: 26 
  Primary reporting skew groups before polishing:
    skew_group clk/functional: insertion delay [min=198.2, max=249.5], skew [51.3 vs 53.8]
  Skew group summary before polishing:
    skew_group clk/functional: insertion delay [min=198.2, max=249.5], skew [51.3 vs 53.8]
  Merging balancing drivers for power...
    Tried: 57 Succeeded: 0
    Clock DAG stats after 'Merging balancing drivers for power':
      cell counts      : b=55, i=0, icg=0, dcg=0, l=0, total=55
      sink counts      : regular=4808, enable_latch=0, load_capacitance=0, antenna=0, node_sink=0, total=4808
      misc counts      : r=1, pp=0
      cell areas       : b=69.955um^2, i=0.000um^2, icg=0.000um^2, dcg=0.000um^2, l=0.000um^2, total=69.955um^2
      cell capacitance : b=147.574fF, i=0.000fF, icg=0.000fF, dcg=0.000fF, l=0.000fF, total=147.574fF
      sink capacitance : total=3532.075fF, avg=0.735fF, sd=0.034fF, min=0.679fF, max=0.757fF
      wire capacitance : top=0.000fF, trunk=147.853fF, leaf=1318.730fF, total=1466.583fF
      wire lengths     : top=0.000um, trunk=1169.533um, leaf=9608.358um, total=10777.891um
      hp wire lengths  : top=0.000um, trunk=835.168um, leaf=2661.918um, total=3497.086um
    Clock DAG net violations after 'Merging balancing drivers for power': none
    Clock DAG primary half-corner transition distribution after 'Merging balancing drivers for power':
      Trunk : target=87.8ps count=7 avg=34.5ps sd=11.2ps min=14.2ps max=43.0ps {7 <= 52.7ps, 0 <= 70.2ps, 0 <= 79.0ps, 0 <= 83.4ps, 0 <= 87.8ps}
      Leaf  : target=87.8ps count=49 avg=81.9ps sd=4.0ps min=70.2ps max=87.7ps {0 <= 52.7ps, 1 <= 70.2ps, 10 <= 79.0ps, 20 <= 83.4ps, 18 <= 87.8ps}
    Clock DAG library cell distribution after 'Merging balancing drivers for power' {count}:
       Bufs: SC8T_BUFX24_CSC28L: 1 SC8T_BUFX20_CSC28L: 4 SC8T_BUFX16_CSC28L: 3 SC8T_BUFX12_CSC28L: 21 SC8T_BUFX10_CSC28L: 26 
    Primary reporting skew groups after 'Merging balancing drivers for power':
      skew_group clk/functional: insertion delay [min=198.2, max=249.5], skew [51.3 vs 53.8]
    Skew group summary after 'Merging balancing drivers for power':
      skew_group clk/functional: insertion delay [min=198.2, max=249.5], skew [51.3 vs 53.8]
    Legalizer API calls during this step: 0 succeeded with high effort: 0 succeeded with medium effort: 0 succeeded with low effort: 0 succeeded with basic effort: 0 succeeded with basic unbounded effort: 0
  Merging balancing drivers for power done. (took cpu=0:00:00.1 real=0:00:00.1)
      flow.cputime  flow.realtime  timing.setup.tns  timing.setup.wns  snapshot
UM:*                                                                   Merging balancing drivers for power
  Improving clock skew...
    Clock DAG stats after 'Improving clock skew':
      cell counts      : b=55, i=0, icg=0, dcg=0, l=0, total=55
      sink counts      : regular=4808, enable_latch=0, load_capacitance=0, antenna=0, node_sink=0, total=4808
      misc counts      : r=1, pp=0
      cell areas       : b=69.955um^2, i=0.000um^2, icg=0.000um^2, dcg=0.000um^2, l=0.000um^2, total=69.955um^2
      cell capacitance : b=147.574fF, i=0.000fF, icg=0.000fF, dcg=0.000fF, l=0.000fF, total=147.574fF
      sink capacitance : total=3532.075fF, avg=0.735fF, sd=0.034fF, min=0.679fF, max=0.757fF
      wire capacitance : top=0.000fF, trunk=147.853fF, leaf=1318.730fF, total=1466.583fF
      wire lengths     : top=0.000um, trunk=1169.533um, leaf=9608.358um, total=10777.891um
      hp wire lengths  : top=0.000um, trunk=835.168um, leaf=2661.918um, total=3497.086um
    Clock DAG net violations after 'Improving clock skew': none
    Clock DAG primary half-corner transition distribution after 'Improving clock skew':
      Trunk : target=87.8ps count=7 avg=34.5ps sd=11.2ps min=14.2ps max=43.0ps {7 <= 52.7ps, 0 <= 70.2ps, 0 <= 79.0ps, 0 <= 83.4ps, 0 <= 87.8ps}
      Leaf  : target=87.8ps count=49 avg=81.9ps sd=4.0ps min=70.2ps max=87.7ps {0 <= 52.7ps, 1 <= 70.2ps, 10 <= 79.0ps, 20 <= 83.4ps, 18 <= 87.8ps}
    Clock DAG library cell distribution after 'Improving clock skew' {count}:
       Bufs: SC8T_BUFX24_CSC28L: 1 SC8T_BUFX20_CSC28L: 4 SC8T_BUFX16_CSC28L: 3 SC8T_BUFX12_CSC28L: 21 SC8T_BUFX10_CSC28L: 26 
    Primary reporting skew groups after 'Improving clock skew':
      skew_group clk/functional: insertion delay [min=198.2, max=249.5, avg=235.1, sd=7.4], skew [51.3 vs 53.8], 100% {198.2, 249.5} (wid=61.9 ws=37.7) (gid=202.6 gs=35.5)
    Skew group summary after 'Improving clock skew':
      skew_group clk/functional: insertion delay [min=198.2, max=249.5, avg=235.1, sd=7.4], skew [51.3 vs 53.8], 100% {198.2, 249.5} (wid=61.9 ws=37.7) (gid=202.6 gs=35.5)
    Legalizer API calls during this step: 0 succeeded with high effort: 0 succeeded with medium effort: 0 succeeded with low effort: 0 succeeded with basic effort: 0 succeeded with basic unbounded effort: 0
  Improving clock skew done. (took cpu=0:00:00.2 real=0:00:00.2)
      flow.cputime  flow.realtime  timing.setup.tns  timing.setup.wns  snapshot
UM:*                                                                   Improving clock skew
  Moving gates to reduce wire capacitance...
    Modified slew target multipliers. Leaf=(1 to 0.9) Trunk=(1 to 0.95) Top=(1 to 0.95)
    Iteration 1...
      Artificially removing short and long paths...
        Legalizer API calls during this step: 0 succeeded with high effort: 0 succeeded with medium effort: 0 succeeded with low effort: 0 succeeded with basic effort: 0 succeeded with basic unbounded effort: 0
      Artificially removing short and long paths done. (took cpu=0:00:00.1 real=0:00:00.1)
      Moving gates to reduce wire capacitance - iteration 1: WireCapReduction...
        Legalizing clock trees...
        Legalizing clock trees done. (took cpu=0:00:00.0 real=0:00:00.0)
      flow.cputime  flow.realtime  timing.setup.tns  timing.setup.wns  snapshot
UM:*                                                                   Legalizing clock trees
        Legalizer API calls during this step: 375 succeeded with high effort: 375 succeeded with medium effort: 0 succeeded with low effort: 0 succeeded with basic effort: 0 succeeded with basic unbounded effort: 0
      Moving gates to reduce wire capacitance - iteration 1: WireCapReduction done. (took cpu=0:00:02.5 real=0:00:02.1)
      Moving gates to reduce wire capacitance - iteration 1: MoveGates...
        Moving gates:         ..Legalizing clock trees...
        Legalizing clock trees done. (took cpu=0:00:00.0 real=0:00:00.0)
      flow.cputime  flow.realtime  timing.setup.tns  timing.setup.wns  snapshot
UM:*                                                                   Legalizing clock trees
        .20% ...40% ...60% ...80% ...100% 
        Legalizer API calls during this step: 770 succeeded with high effort: 770 succeeded with medium effort: 0 succeeded with low effort: 0 succeeded with basic effort: 0 succeeded with basic unbounded effort: 0
      Moving gates to reduce wire capacitance - iteration 1: MoveGates done. (took cpu=0:00:10.0 real=0:00:03.0)
    Iteration 1 done.
    Iteration 2...
      Artificially removing short and long paths...
        Legalizer API calls during this step: 0 succeeded with high effort: 0 succeeded with medium effort: 0 succeeded with low effort: 0 succeeded with basic effort: 0 succeeded with basic unbounded effort: 0
      Artificially removing short and long paths done. (took cpu=0:00:00.1 real=0:00:00.1)
      Moving gates to reduce wire capacitance - iteration 2: WireCapReduction...
        Legalizing clock trees...
        Legalizing clock trees done. (took cpu=0:00:00.0 real=0:00:00.0)
      flow.cputime  flow.realtime  timing.setup.tns  timing.setup.wns  snapshot
UM:*                                                                   Legalizing clock trees
        Legalizer API calls during this step: 315 succeeded with high effort: 315 succeeded with medium effort: 0 succeeded with low effort: 0 succeeded with basic effort: 0 succeeded with basic unbounded effort: 0
      Moving gates to reduce wire capacitance - iteration 2: WireCapReduction done. (took cpu=0:00:02.0 real=0:00:01.6)
      Moving gates to reduce wire capacitance - iteration 2: MoveGates...
        Moving gates:         ...20% ...40% ...60% ...80% ...Legalizing clock trees...
        Legalizing clock trees done. (took cpu=0:00:00.0 real=0:00:00.0)
      flow.cputime  flow.realtime  timing.setup.tns  timing.setup.wns  snapshot
UM:*                                                                   Legalizing clock trees
        100% 
        Legalizer API calls during this step: 770 succeeded with high effort: 770 succeeded with medium effort: 0 succeeded with low effort: 0 succeeded with basic effort: 0 succeeded with basic unbounded effort: 0
      Moving gates to reduce wire capacitance - iteration 2: MoveGates done. (took cpu=0:00:04.3 real=0:00:01.6)
    Iteration 2 done.
    Reverted slew target multipliers. Leaf=(0.9 to 1) Trunk=(0.95 to 1) Top=(0.95 to 1)
    Clock DAG stats after 'Moving gates to reduce wire capacitance':
      cell counts      : b=55, i=0, icg=0, dcg=0, l=0, total=55
      sink counts      : regular=4808, enable_latch=0, load_capacitance=0, antenna=0, node_sink=0, total=4808
      misc counts      : r=1, pp=0
      cell areas       : b=69.955um^2, i=0.000um^2, icg=0.000um^2, dcg=0.000um^2, l=0.000um^2, total=69.955um^2
      cell capacitance : b=147.574fF, i=0.000fF, icg=0.000fF, dcg=0.000fF, l=0.000fF, total=147.574fF
      sink capacitance : total=3532.075fF, avg=0.735fF, sd=0.034fF, min=0.679fF, max=0.757fF
      wire capacitance : top=0.000fF, trunk=132.983fF, leaf=1298.407fF, total=1431.390fF
      wire lengths     : top=0.000um, trunk=1057.122um, leaf=9454.084um, total=10511.206um
      hp wire lengths  : top=0.000um, trunk=803.136um, leaf=2651.264um, total=3454.400um
    Clock DAG net violations after 'Moving gates to reduce wire capacitance': none
    Clock DAG primary half-corner transition distribution after 'Moving gates to reduce wire capacitance':
      Trunk : target=87.8ps count=7 avg=33.6ps sd=10.5ps min=14.6ps max=41.1ps {7 <= 52.7ps, 0 <= 70.2ps, 0 <= 79.0ps, 0 <= 83.4ps, 0 <= 87.8ps}
      Leaf  : target=87.8ps count=49 avg=80.3ps sd=4.3ps min=70.5ps max=87.4ps {0 <= 52.7ps, 0 <= 70.2ps, 13 <= 79.0ps, 24 <= 83.4ps, 12 <= 87.8ps}
    Clock DAG library cell distribution after 'Moving gates to reduce wire capacitance' {count}:
       Bufs: SC8T_BUFX24_CSC28L: 1 SC8T_BUFX20_CSC28L: 4 SC8T_BUFX16_CSC28L: 3 SC8T_BUFX12_CSC28L: 21 SC8T_BUFX10_CSC28L: 26 
    Primary reporting skew groups after 'Moving gates to reduce wire capacitance':
      skew_group clk/functional: insertion delay [min=198.0, max=245.1, avg=230.7, sd=7.9], skew [47.1 vs 53.8], 100% {198.0, 245.1} (wid=60.2 ws=39.0) (gid=204.0 gs=36.8)
    Skew group summary after 'Moving gates to reduce wire capacitance':
      skew_group clk/functional: insertion delay [min=198.0, max=245.1, avg=230.7, sd=7.9], skew [47.1 vs 53.8], 100% {198.0, 245.1} (wid=60.2 ws=39.0) (gid=204.0 gs=36.8)
    Legalizer API calls during this step: 2230 succeeded with high effort: 2230 succeeded with medium effort: 0 succeeded with low effort: 0 succeeded with basic effort: 0 succeeded with basic unbounded effort: 0
  Moving gates to reduce wire capacitance done. (took cpu=0:00:19.1 real=0:00:08.7)
      flow.cputime  flow.realtime  timing.setup.tns  timing.setup.wns  snapshot
UM:*                                                                   Moving gates to reduce wire capacitance
  Reducing clock tree power 3...
    Artificially removing short and long paths...
      Legalizer API calls during this step: 0 succeeded with high effort: 0 succeeded with medium effort: 0 succeeded with low effort: 0 succeeded with basic effort: 0 succeeded with basic unbounded effort: 0
    Artificially removing short and long paths done. (took cpu=0:00:00.1 real=0:00:00.1)
    Initial gate capacitance is (rise=2538.155fF fall=3679.649fF).
    Resizing gates:     ..Legalizing clock trees...
    Legalizing clock trees done. (took cpu=0:00:00.0 real=0:00:00.0)
      flow.cputime  flow.realtime  timing.setup.tns  timing.setup.wns  snapshot
UM:*                                                                   Legalizing clock trees
    .20% ...40% ...60% ...80% ...100% 
    Stopping in iteration 1: unable to make further power recovery in this step.
    Iteration 1: gate capacitance is (rise=2534.840fF fall=3676.293fF).
    Clock DAG stats after 'Reducing clock tree power 3':
      cell counts      : b=55, i=0, icg=0, dcg=0, l=0, total=55
      sink counts      : regular=4808, enable_latch=0, load_capacitance=0, antenna=0, node_sink=0, total=4808
      misc counts      : r=1, pp=0
      cell areas       : b=68.357um^2, i=0.000um^2, icg=0.000um^2, dcg=0.000um^2, l=0.000um^2, total=68.357um^2
      cell capacitance : b=144.217fF, i=0.000fF, icg=0.000fF, dcg=0.000fF, l=0.000fF, total=144.217fF
      sink capacitance : total=3532.075fF, avg=0.735fF, sd=0.034fF, min=0.679fF, max=0.757fF
      wire capacitance : top=0.000fF, trunk=133.013fF, leaf=1298.389fF, total=1431.402fF
      wire lengths     : top=0.000um, trunk=1057.400um, leaf=9454.132um, total=10511.532um
      hp wire lengths  : top=0.000um, trunk=803.136um, leaf=2651.264um, total=3454.400um
    Clock DAG net violations after 'Reducing clock tree power 3': none
    Clock DAG primary half-corner transition distribution after 'Reducing clock tree power 3':
      Trunk : target=87.8ps count=7 avg=33.7ps sd=11.5ps min=12.2ps max=42.2ps {7 <= 52.7ps, 0 <= 70.2ps, 0 <= 79.0ps, 0 <= 83.4ps, 0 <= 87.8ps}
      Leaf  : target=87.8ps count=49 avg=81.9ps sd=3.4ps min=74.2ps max=87.4ps {0 <= 52.7ps, 0 <= 70.2ps, 7 <= 79.0ps, 25 <= 83.4ps, 17 <= 87.8ps}
    Clock DAG library cell distribution after 'Reducing clock tree power 3' {count}:
       Bufs: SC8T_BUFX24_CSC28L: 1 SC8T_BUFX20_CSC28L: 4 SC8T_BUFX16_CSC28L: 2 SC8T_BUFX12_CSC28L: 17 SC8T_BUFX10_CSC28L: 30 SC8T_BUFX8_CSC28L: 1 
    Primary reporting skew groups after 'Reducing clock tree power 3':
      skew_group clk/functional: insertion delay [min=204.6, max=249.0, avg=235.5, sd=7.7], skew [44.4 vs 53.8], 100% {204.6, 249.0} (wid=60.2 ws=38.8) (gid=207.6 gs=30.8)
    Skew group summary after 'Reducing clock tree power 3':
      skew_group clk/functional: insertion delay [min=204.6, max=249.0, avg=235.5, sd=7.7], skew [44.4 vs 53.8], 100% {204.6, 249.0} (wid=60.2 ws=38.8) (gid=207.6 gs=30.8)
    Legalizer API calls during this step: 126 succeeded with high effort: 126 succeeded with medium effort: 0 succeeded with low effort: 0 succeeded with basic effort: 0 succeeded with basic unbounded effort: 0
  Reducing clock tree power 3 done. (took cpu=0:00:02.7 real=0:00:01.4)
      flow.cputime  flow.realtime  timing.setup.tns  timing.setup.wns  snapshot
UM:*                                                                   Reducing clock tree power 3
  Improving insertion delay...
    Clock DAG stats after 'Improving insertion delay':
      cell counts      : b=55, i=0, icg=0, dcg=0, l=0, total=55
      sink counts      : regular=4808, enable_latch=0, load_capacitance=0, antenna=0, node_sink=0, total=4808
      misc counts      : r=1, pp=0
      cell areas       : b=68.557um^2, i=0.000um^2, icg=0.000um^2, dcg=0.000um^2, l=0.000um^2, total=68.557um^2
      cell capacitance : b=144.676fF, i=0.000fF, icg=0.000fF, dcg=0.000fF, l=0.000fF, total=144.676fF
      sink capacitance : total=3532.075fF, avg=0.735fF, sd=0.034fF, min=0.679fF, max=0.757fF
      wire capacitance : top=0.000fF, trunk=132.990fF, leaf=1298.389fF, total=1431.379fF
      wire lengths     : top=0.000um, trunk=1057.434um, leaf=9454.132um, total=10511.566um
      hp wire lengths  : top=0.000um, trunk=803.136um, leaf=2651.264um, total=3454.400um
    Clock DAG net violations after 'Improving insertion delay': none
    Clock DAG primary half-corner transition distribution after 'Improving insertion delay':
      Trunk : target=87.8ps count=7 avg=33.3ps sd=10.3ps min=14.6ps max=41.1ps {7 <= 52.7ps, 0 <= 70.2ps, 0 <= 79.0ps, 0 <= 83.4ps, 0 <= 87.8ps}
      Leaf  : target=87.8ps count=49 avg=81.9ps sd=3.4ps min=74.2ps max=87.4ps {0 <= 52.7ps, 0 <= 70.2ps, 7 <= 79.0ps, 25 <= 83.4ps, 17 <= 87.8ps}
    Clock DAG library cell distribution after 'Improving insertion delay' {count}:
       Bufs: SC8T_BUFX24_CSC28L: 1 SC8T_BUFX20_CSC28L: 4 SC8T_BUFX16_CSC28L: 2 SC8T_BUFX12_CSC28L: 17 SC8T_BUFX10_CSC28L: 31 
    Primary reporting skew groups after 'Improving insertion delay':
      skew_group clk/functional: insertion delay [min=200.6, max=244.9, avg=231.4, sd=7.7], skew [44.3 vs 53.8], 100% {200.6, 244.9} (wid=59.9 ws=38.7) (gid=203.8 gs=30.8)
    Skew group summary after 'Improving insertion delay':
      skew_group clk/functional: insertion delay [min=200.6, max=244.9, avg=231.4, sd=7.7], skew [44.3 vs 53.8], 100% {200.6, 244.9} (wid=59.9 ws=38.7) (gid=203.8 gs=30.8)
    Legalizer API calls during this step: 26 succeeded with high effort: 26 succeeded with medium effort: 0 succeeded with low effort: 0 succeeded with basic effort: 0 succeeded with basic unbounded effort: 0
  Improving insertion delay done. (took cpu=0:00:00.2 real=0:00:00.2)
      flow.cputime  flow.realtime  timing.setup.tns  timing.setup.wns  snapshot
UM:*                                                                   Improving insertion delay
  Wire Opt OverFix...
    Wire Reduction extra effort...
      Modified slew target multipliers. Leaf=(1 to 0.95) Trunk=(1 to 1) Top=(1 to 1)
      Artificially removing short and long paths...
        Legalizer API calls during this step: 0 succeeded with high effort: 0 succeeded with medium effort: 0 succeeded with low effort: 0 succeeded with basic effort: 0 succeeded with basic unbounded effort: 0
      Artificially removing short and long paths done. (took cpu=0:00:00.1 real=0:00:00.1)
      Global shorten wires A0...
        Legalizer API calls during this step: 29 succeeded with high effort: 29 succeeded with medium effort: 0 succeeded with low effort: 0 succeeded with basic effort: 0 succeeded with basic unbounded effort: 0
      Global shorten wires A0 done. (took cpu=0:00:00.0 real=0:00:00.0)
      Move For Wirelength - core...
        Move for wirelength. considered=56, filtered=56, permitted=55, cannotCompute=3, computed=52, moveTooSmall=55, resolved=0, predictFail=4, currentlyIllegal=0, legalizationFail=1, legalizedMoveTooSmall=10, ignoredLeafDriver=0, worse=199, accepted=9
        Max accepted move=6.888um, total accepted move=34.904um, average move=3.878um
        Move for wirelength. considered=56, filtered=56, permitted=55, cannotCompute=4, computed=51, moveTooSmall=56, resolved=0, predictFail=11, currentlyIllegal=0, legalizationFail=0, legalizedMoveTooSmall=9, ignoredLeafDriver=0, worse=214, accepted=1
        Max accepted move=5.832um, total accepted move=5.832um, average move=5.832um
        Move for wirelength. considered=56, filtered=56, permitted=55, cannotCompute=4, computed=51, moveTooSmall=49, resolved=0, predictFail=10, currentlyIllegal=0, legalizationFail=0, legalizedMoveTooSmall=9, ignoredLeafDriver=0, worse=218, accepted=2
        Max accepted move=2.560um, total accepted move=4.584um, average move=2.292um
        Legalizer API calls during this step: 697 succeeded with high effort: 697 succeeded with medium effort: 0 succeeded with low effort: 0 succeeded with basic effort: 0 succeeded with basic unbounded effort: 0
      Move For Wirelength - core done. (took cpu=0:00:03.3 real=0:00:03.3)
      Global shorten wires A1...
        Legalizer API calls during this step: 27 succeeded with high effort: 27 succeeded with medium effort: 0 succeeded with low effort: 0 succeeded with basic effort: 0 succeeded with basic unbounded effort: 0
      Global shorten wires A1 done. (took cpu=0:00:00.0 real=0:00:00.0)
      Move For Wirelength - core...
        Move for wirelength. considered=56, filtered=56, permitted=55, cannotCompute=44, computed=11, moveTooSmall=95, resolved=0, predictFail=2, currentlyIllegal=0, legalizationFail=0, legalizedMoveTooSmall=2, ignoredLeafDriver=0, worse=10, accepted=1
        Max accepted move=1.456um, total accepted move=1.456um, average move=1.456um
        Move for wirelength. considered=56, filtered=56, permitted=55, cannotCompute=44, computed=11, moveTooSmall=95, resolved=0, predictFail=2, currentlyIllegal=0, legalizationFail=0, legalizedMoveTooSmall=2, ignoredLeafDriver=0, worse=11, accepted=0
        Max accepted move=0.000um, total accepted move=0.000um
        Legalizer API calls during this step: 30 succeeded with high effort: 30 succeeded with medium effort: 0 succeeded with low effort: 0 succeeded with basic effort: 0 succeeded with basic unbounded effort: 0
      Move For Wirelength - core done. (took cpu=0:00:00.3 real=0:00:00.3)
      Global shorten wires B...
        Legalizer API calls during this step: 231 succeeded with high effort: 231 succeeded with medium effort: 0 succeeded with low effort: 0 succeeded with basic effort: 0 succeeded with basic unbounded effort: 0
      Global shorten wires B done. (took cpu=0:00:00.6 real=0:00:00.6)
      Move For Wirelength - branch...
        Move for wirelength. considered=56, filtered=56, permitted=55, cannotCompute=0, computed=55, moveTooSmall=0, resolved=0, predictFail=2, currentlyIllegal=0, legalizationFail=0, legalizedMoveTooSmall=0, ignoredLeafDriver=0, worse=62, accepted=4
        Max accepted move=0.312um, total accepted move=0.832um, average move=0.208um
        Move for wirelength. considered=56, filtered=56, permitted=55, cannotCompute=49, computed=6, moveTooSmall=0, resolved=0, predictFail=103, currentlyIllegal=0, legalizationFail=0, legalizedMoveTooSmall=0, ignoredLeafDriver=0, worse=4, accepted=0
        Max accepted move=0.000um, total accepted move=0.000um
        Legalizer API calls during this step: 74 succeeded with high effort: 74 succeeded with medium effort: 0 succeeded with low effort: 0 succeeded with basic effort: 0 succeeded with basic unbounded effort: 0
      Move For Wirelength - branch done. (took cpu=0:00:00.6 real=0:00:00.4)
      Reverted slew target multipliers. Leaf=(0.95 to 1) Trunk=(1 to 1) Top=(1 to 1)
      Clock DAG stats after 'Wire Reduction extra effort':
        cell counts      : b=55, i=0, icg=0, dcg=0, l=0, total=55
        sink counts      : regular=4808, enable_latch=0, load_capacitance=0, antenna=0, node_sink=0, total=4808
        misc counts      : r=1, pp=0
        cell areas       : b=68.557um^2, i=0.000um^2, icg=0.000um^2, dcg=0.000um^2, l=0.000um^2, total=68.557um^2
        cell capacitance : b=144.676fF, i=0.000fF, icg=0.000fF, dcg=0.000fF, l=0.000fF, total=144.676fF
        sink capacitance : total=3532.075fF, avg=0.735fF, sd=0.034fF, min=0.679fF, max=0.757fF
        wire capacitance : top=0.000fF, trunk=130.213fF, leaf=1299.411fF, total=1429.624fF
        wire lengths     : top=0.000um, trunk=1033.339um, leaf=9462.963um, total=10496.302um
        hp wire lengths  : top=0.000um, trunk=799.048um, leaf=2657.958um, total=3457.006um
      Clock DAG net violations after 'Wire Reduction extra effort': none
      Clock DAG primary half-corner transition distribution after 'Wire Reduction extra effort':
        Trunk : target=87.8ps count=7 avg=33.6ps sd=10.8ps min=14.6ps max=42.7ps {7 <= 52.7ps, 0 <= 70.2ps, 0 <= 79.0ps, 0 <= 83.4ps, 0 <= 87.8ps}
        Leaf  : target=87.8ps count=49 avg=82.0ps sd=3.7ps min=74.2ps max=87.4ps {0 <= 52.7ps, 0 <= 70.2ps, 8 <= 79.0ps, 23 <= 83.4ps, 18 <= 87.8ps}
      Clock DAG library cell distribution after 'Wire Reduction extra effort' {count}:
         Bufs: SC8T_BUFX24_CSC28L: 1 SC8T_BUFX20_CSC28L: 4 SC8T_BUFX16_CSC28L: 2 SC8T_BUFX12_CSC28L: 17 SC8T_BUFX10_CSC28L: 31 
      Primary reporting skew groups after 'Wire Reduction extra effort':
        skew_group clk/functional: insertion delay [min=198.9, max=246.3, avg=231.2, sd=8.4], skew [47.4 vs 53.8], 100% {198.9, 246.3} (wid=60.8 ws=40.0) (gid=202.2 gs=30.8)
      Skew group summary after 'Wire Reduction extra effort':
        skew_group clk/functional: insertion delay [min=198.9, max=246.3, avg=231.2, sd=8.4], skew [47.4 vs 53.8], 100% {198.9, 246.3} (wid=60.8 ws=40.0) (gid=202.2 gs=30.8)
      Legalizer API calls during this step: 1088 succeeded with high effort: 1088 succeeded with medium effort: 0 succeeded with low effort: 0 succeeded with basic effort: 0 succeeded with basic unbounded effort: 0
    Wire Reduction extra effort done. (took cpu=0:00:05.1 real=0:00:05.0)
      flow.cputime  flow.realtime  timing.setup.tns  timing.setup.wns  snapshot
UM:*                                                                   Wire Reduction extra effort
    Optimizing orientation...
    FlipOpt...
    Disconnecting clock tree from netlist...
    Disconnecting clock tree from netlist done.
    Performing Single Threaded FlipOpt
    Optimizing orientation on clock cells...
      Orientation Wirelength Optimization: Attempted = 57 , Succeeded = 2 , Constraints Broken = 51 , CannotMove = 2 , Illegal = 2 , Other = 0
    Optimizing orientation on clock cells done.
    Resynthesising clock tree into netlist...
      Reset timing graph...
Ignoring AAE DB Resetting ...
      Reset timing graph done.
    Resynthesising clock tree into netlist done.
    FlipOpt done. (took cpu=0:00:00.4 real=0:00:00.4)
      flow.cputime  flow.realtime  timing.setup.tns  timing.setup.wns  snapshot
UM:*                                                                   FlipOpt
    Optimizing orientation done. (took cpu=0:00:00.6 real=0:00:00.6)
      flow.cputime  flow.realtime  timing.setup.tns  timing.setup.wns  snapshot
UM:*                                                                   Optimizing orientation
    Clock DAG stats after 'Wire Opt OverFix':
      cell counts      : b=55, i=0, icg=0, dcg=0, l=0, total=55
      sink counts      : regular=4808, enable_latch=0, load_capacitance=0, antenna=0, node_sink=0, total=4808
      misc counts      : r=1, pp=0
      cell areas       : b=68.557um^2, i=0.000um^2, icg=0.000um^2, dcg=0.000um^2, l=0.000um^2, total=68.557um^2
      cell capacitance : b=144.676fF, i=0.000fF, icg=0.000fF, dcg=0.000fF, l=0.000fF, total=144.676fF
      sink capacitance : total=3532.075fF, avg=0.735fF, sd=0.034fF, min=0.679fF, max=0.757fF
      wire capacitance : top=0.000fF, trunk=130.205fF, leaf=1299.527fF, total=1429.732fF
      wire lengths     : top=0.000um, trunk=1033.339um, leaf=9462.747um, total=10496.086um
      hp wire lengths  : top=0.000um, trunk=799.048um, leaf=2657.958um, total=3457.006um
    Clock DAG net violations after 'Wire Opt OverFix': none
    Clock DAG primary half-corner transition distribution after 'Wire Opt OverFix':
      Trunk : target=87.8ps count=7 avg=33.5ps sd=10.7ps min=14.6ps max=42.7ps {7 <= 52.7ps, 0 <= 70.2ps, 0 <= 79.0ps, 0 <= 83.4ps, 0 <= 87.8ps}
      Leaf  : target=87.8ps count=49 avg=81.9ps sd=3.6ps min=74.2ps max=87.4ps {0 <= 52.7ps, 0 <= 70.2ps, 8 <= 79.0ps, 24 <= 83.4ps, 17 <= 87.8ps}
    Clock DAG library cell distribution after 'Wire Opt OverFix' {count}:
       Bufs: SC8T_BUFX24_CSC28L: 1 SC8T_BUFX20_CSC28L: 4 SC8T_BUFX16_CSC28L: 2 SC8T_BUFX12_CSC28L: 17 SC8T_BUFX10_CSC28L: 31 
    Primary reporting skew groups after 'Wire Opt OverFix':
      skew_group clk/functional: insertion delay [min=198.9, max=246.3, avg=231.0, sd=8.2], skew [47.4 vs 53.8], 100% {198.9, 246.3} (wid=60.2 ws=39.4) (gid=202.2 gs=30.8)
    Skew group summary after 'Wire Opt OverFix':
      skew_group clk/functional: insertion delay [min=198.9, max=246.3, avg=231.0, sd=8.2], skew [47.4 vs 53.8], 100% {198.9, 246.3} (wid=60.2 ws=39.4) (gid=202.2 gs=30.8)
    Legalizer API calls during this step: 1088 succeeded with high effort: 1088 succeeded with medium effort: 0 succeeded with low effort: 0 succeeded with basic effort: 0 succeeded with basic unbounded effort: 0
  Wire Opt OverFix done. (took cpu=0:00:06.7 real=0:00:06.3)
      flow.cputime  flow.realtime  timing.setup.tns  timing.setup.wns  snapshot
UM:*                                                                   Wire Opt OverFix
  Total capacitance is (rise=3965.021fF fall=5106.483fF), of which (rise=1429.732fF fall=1429.732fF) is wire, and (rise=2535.290fF fall=3676.751fF) is gate.
  Stage::Polishing done. (took cpu=0:00:30.6 real=0:00:18.4)
      flow.cputime  flow.realtime  timing.setup.tns  timing.setup.wns  snapshot
UM:*                                                                   Stage::Polishing
  Stage::Updating netlist...
  Reset timing graph...
Ignoring AAE DB Resetting ...
  Reset timing graph done.
  Setting non-default rules before calling refine place.
  Leaving CCOpt scope - Cleaning up placement interface...
  Leaving CCOpt scope - Cleaning up placement interface done. (took cpu=0:00:00.2 real=0:00:00.1)
  Leaving CCOpt scope - ClockRefiner...
  Soft fixed 55 clock instances.
  Performing Clock Only Refine Place.

**Info: (IMPSP-2062): Some of the PG shapes may not be colorized properly in this design, users are required to run command colorizePowerMesh before any placement related commands!
*** Starting place_detail (0:26:51 mem=47352.6M) ***
Total net bbox length = 3.549e+05 (1.636e+05 1.913e+05) (ext = 6.020e+04)

**Info: (IMPSP-2062): Some of the PG shapes may not be colorized properly in this design, users are required to run command colorizePowerMesh before any placement related commands!
**WARN: (IMPSP-2041):	Found 55 fixed insts that could not be colored.
Type 'man IMPSP-2041' for more detail.
Move report: Detail placement moves 0 insts, mean move: 0.00 um, max move: 0.00 um 
	Runtime: CPU: 0:00:00.0 REAL: 0:00:00.0 MEM: 47352.6MB
Summary Report:
Instances move: 0 (out of 35458 movable)
Instances flipped: 0
Mean displacement: 0.00 um
Max displacement: 0.00 um 
Total net bbox length = 3.549e+05 (1.636e+05 1.913e+05) (ext = 6.020e+04)
Runtime: CPU: 0:00:00.1 REAL: 0:00:00.0 MEM: 47352.6MB
*** Finished place_detail (0:26:51 mem=47352.6M) ***
  ClockRefiner summary
  All clock instances: Moved 0, flipped 0 and cell swapped 0 (out of a total of 4863).
  Restoring place_status_cts on 55 clock instances.
  Leaving CCOpt scope - ClockRefiner done. (took cpu=0:00:00.5 real=0:00:00.3)
  Stage::Updating netlist done. (took cpu=0:00:00.7 real=0:00:00.5)
      flow.cputime  flow.realtime  timing.setup.tns  timing.setup.wns  snapshot
UM:*                                                                   Stage::Updating netlist
  CCOpt::Phase::Implementation done. (took cpu=0:00:47.0 real=0:00:30.3)
      flow.cputime  flow.realtime  timing.setup.tns  timing.setup.wns  snapshot
UM:*                                                                   CCOpt::Phase::Implementation
  CCOpt::Phase::eGRPC...
  eGR Post Conditioning loop iteration 0...
    Clock implementation routing...
      Leaving CCOpt scope - Routing Tools...
Net route status summary:
  Clock:        56 (unrouted=56, trialRouted=0, noStatus=0, routed=0, fixed=0, [crossesIlmBoundary=0, tooFewTerms=0, (crossesIlmBoundary AND tooFewTerms=0)])
  Non-clock: 57039 (unrouted=19718, trialRouted=37321, noStatus=0, routed=0, fixed=0, [crossesIlmBoundary=0, tooFewTerms=19718, (crossesIlmBoundary AND tooFewTerms=0)])
      Routing using eGR only...
        Early Global Route - eGR only step...
(ccopt eGR): There are 56 nets to be routed. 0 nets have skip routing designation.
(ccopt eGR): There are 56 nets for routing of which 56 have one or more fixed wires.
(ccopt eGR): Start to route 56 all nets
[NR-eGR] Track table information for default rule: 
[NR-eGR] M1 has single uniform track structure
[NR-eGR] M2 has single uniform track structure
[NR-eGR] C1 has single uniform track structure
[NR-eGR] C2 has single uniform track structure
[NR-eGR] C3 has single uniform track structure
[NR-eGR] C4 has single uniform track structure
[NR-eGR] BA has single uniform track structure
[NR-eGR] BB has single uniform track structure
[NR-eGR] JA has single uniform track structure
[NR-eGR] JB has single uniform track structure
[NR-eGR] LB has single uniform track structure
[NR-eGR] Read 21 PG shapes
[NR-eGR] Read 0 clock shapes
[NR-eGR] Read 0 other shapes
[NR-eGR] #Routing Blockages  : 31
[NR-eGR] #Instance Blockages : 98957
[NR-eGR] #PG Blockages       : 21
[NR-eGR] #Halo Blockages     : 0
[NR-eGR] #Boundary Blockages : 0
[NR-eGR] #Clock Blockages    : 0
[NR-eGR] #Other Blockages    : 0
[NR-eGR] Num Prerouted Nets = 0  Num Prerouted Wires = 0
[NR-eGR] Read 37377 nets ( ignored 37321 )
[NR-eGR] Connected 0 must-join pins/ports
[NR-eGR] There are 56 clock nets ( 56 with NDR ).
[NR-eGR] ============ Routing rule table ============
[NR-eGR] Rule id: 0  Nets: 56
[NR-eGR] ========================================
[NR-eGR] 
[NR-eGR] Layer group 1: route 56 net(s) in layer range [3, 4]
[NR-eGR] Early Global Route overflow of layer group 1: 0.00% H + 0.00% V. EstWL: 1.029056e+04um
[NR-eGR] Create a new net group with 23 nets and layer range [3, 6]
[NR-eGR] Layer group 2: route 23 net(s) in layer range [3, 6]
[NR-eGR] Early Global Route overflow of layer group 2: 0.00% H + 0.00% V. EstWL: 1.417344e+04um
[NR-eGR] Create a new net group with 22 nets and layer range [3, 8]
[NR-eGR] Layer group 3: route 22 net(s) in layer range [3, 8]
[NR-eGR] Early Global Route overflow of layer group 3: 0.00% H + 0.00% V. EstWL: 1.789952e+04um
[NR-eGR] Create a new net group with 22 nets and layer range [3, 10]
[NR-eGR] Layer group 4: route 22 net(s) in layer range [3, 10]
[NR-eGR] Early Global Route overflow of layer group 4: 0.00% H + 0.00% V. EstWL: 2.162304e+04um
[NR-eGR] Create a new net group with 21 nets and layer range [3, 11]
[NR-eGR] Layer group 5: route 21 net(s) in layer range [3, 11]
[NR-eGR] Early Global Route overflow of layer group 5: 0.00% H + 0.00% V. EstWL: 2.514240e+04um
[NR-eGR] Congestion Analysis By layer: (blocked Gcells are excluded) 
[NR-eGR]                        OverCon            
[NR-eGR]                         #Gcell     %Gcell
[NR-eGR]        Layer               (1)    OverCon
[NR-eGR] ----------------------------------------------
[NR-eGR]      M1 ( 1)         0( 0.00%)   ( 0.00%) 
[NR-eGR]      M2 ( 2)        89( 0.09%)   ( 0.09%) 
[NR-eGR]      C1 ( 3)         0( 0.00%)   ( 0.00%) 
[NR-eGR]      C2 ( 4)         0( 0.00%)   ( 0.00%) 
[NR-eGR]      C3 ( 5)         0( 0.00%)   ( 0.00%) 
[NR-eGR]      C4 ( 6)         0( 0.00%)   ( 0.00%) 
[NR-eGR]      BA ( 7)         0( 0.00%)   ( 0.00%) 
[NR-eGR]      BB ( 8)         0( 0.00%)   ( 0.00%) 
[NR-eGR]      JA ( 9)         0( 0.00%)   ( 0.00%) 
[NR-eGR]      JB (10)         0( 0.00%)   ( 0.00%) 
[NR-eGR]      LB (11)         0( 0.00%)   ( 0.00%) 
[NR-eGR] ----------------------------------------------
[NR-eGR]        Total        89( 0.01%)   ( 0.01%) 
[NR-eGR] 
[NR-eGR] Overflow after Early Global Route 0.00% H + 0.00% V
[NR-eGR]             Length (um)    Vias 
[NR-eGR] --------------------------------
[NR-eGR]  M1  (1V)             0  108486 
[NR-eGR]  M2  (2H)         69451  213525 
[NR-eGR]  C1  (3V)        121635   55237 
[NR-eGR]  C2  (4H)         84944   21500 
[NR-eGR]  C3  (5V)         90822    6827 
[NR-eGR]  C4  (6H)         40187    2241 
[NR-eGR]  BA  (7V)         23338     989 
[NR-eGR]  BB  (8H)          9890      28 
[NR-eGR]  JA  (9V)             3       0 
[NR-eGR]  JB  (10H)            0       0 
[NR-eGR]  LB  (11V)            0       0 
[NR-eGR] --------------------------------
[NR-eGR]      Total       440271  408833 
[NR-eGR] --------------------------------------------------------------------------
[NR-eGR] Total half perimeter of net bounding box: 354867um
[NR-eGR] Total length: 440271um, number of vias: 408833
[NR-eGR] --------------------------------------------------------------------------
[NR-eGR] Total eGR-routed clock nets wire length: 10539um, number of vias: 10390
[NR-eGR] --------------------------------------------------------------------------
[NR-eGR] Report for selected net(s) only.
[NR-eGR]             Length (um)   Vias 
[NR-eGR] -------------------------------
[NR-eGR]  M1  (1V)             0    321 
[NR-eGR]  M2  (2H)           709   5664 
[NR-eGR]  C1  (3V)          5030   4079 
[NR-eGR]  C2  (4H)          4282    326 
[NR-eGR]  C3  (5V)           519      0 
[NR-eGR]  C4  (6H)             0      0 
[NR-eGR]  BA  (7V)             0      0 
[NR-eGR]  BB  (8H)             0      0 
[NR-eGR]  JA  (9V)             0      0 
[NR-eGR]  JB  (10H)            0      0 
[NR-eGR]  LB  (11V)            0      0 
[NR-eGR] -------------------------------
[NR-eGR]      Total        10539  10390 
[NR-eGR] --------------------------------------------------------------------------
[NR-eGR] Total half perimeter of net bounding box: 3453um
[NR-eGR] Total length: 10539um, number of vias: 10390
[NR-eGR] --------------------------------------------------------------------------
[NR-eGR] Total routed clock nets wire length: 10539um, number of vias: 10390
[NR-eGR] --------------------------------------------------------------------------
[NR-eGR] Finished Early Global Route kernel ( CPU: 1.50 sec, Real: 1.03 sec, Curr Mem: 47366.99 MB )
        Early Global Route - eGR only step done. (took cpu=0:00:01.6 real=0:00:01.2)
      flow.cputime  flow.realtime  timing.setup.tns  timing.setup.wns  snapshot
UM:*                                                                   Early Global Route - eGR only step
      Routing using eGR only done.
Net route status summary:
  Clock:        56 (unrouted=0, trialRouted=0, noStatus=0, routed=56, fixed=0, [crossesIlmBoundary=0, tooFewTerms=0, (crossesIlmBoundary AND tooFewTerms=0)])
  Non-clock: 57039 (unrouted=19718, trialRouted=37321, noStatus=0, routed=0, fixed=0, [crossesIlmBoundary=0, tooFewTerms=19718, (crossesIlmBoundary AND tooFewTerms=0)])

CCOPT: Done with clock implementation routing.

      Leaving CCOpt scope - Routing Tools done. (took cpu=0:00:02.1 real=0:00:01.6)
    Clock implementation routing done.
    Leaving CCOpt scope - extractRC...
    Updating RC parasitics by calling: "extract_rc -noRouteCheck"...
Extraction called for design 'Silago_bot_left_corner' of instances=35458 and nets=57095 using extraction engine 'pre_route' .
**WARN: (IMPEXT-3530):	The process node is not set. Use the command set_design_mode -process <process node> prior to extraction for maximum accuracy and optimal automatic threshold setting.
Type 'man IMPEXT-3530' for more detail.
pre_route RC Extraction called for design Silago_bot_left_corner.
RC Extraction called in multi-corner(3) mode.
RCMode: PreRoute
      RC Corner Indexes            0       1       2   
Capacitance Scaling Factor   : 1.00000 1.00000 1.00000 
Resistance Scaling Factor    : 1.00000 1.00000 1.00000 
Clock Cap. Scaling Factor    : 1.00000 1.00000 1.00000 
Clock Res. Scaling Factor    : 1.00000 1.00000 1.00000 
Shrink Factor                : 1.00000
PreRoute extraction is honoring NDR/Shielding/ExtraSpace for clock nets.
Using Quantus QRC technology file ...
Updating RC grid for preRoute extraction ...
Initializing multi-corner resistance tables ...
PreRoute RC Extraction DONE (CPU Time: 0:00:00.9  Real Time: 0:00:01.0  MEM: 47366.988M)
    Updating RC parasitics by calling: "extract_rc -noRouteCheck" done.
    Leaving CCOpt scope - extractRC done. (took cpu=0:00:00.9 real=0:00:00.8)
    Leaving CCOpt scope - Initializing placement interface...

**Info: (IMPSP-2062): Some of the PG shapes may not be colorized properly in this design, users are required to run command colorizePowerMesh before any placement related commands!
    Leaving CCOpt scope - Initializing placement interface done. (took cpu=0:00:00.2 real=0:00:00.2)
    Calling post conditioning for eGRPC...
      eGRPC...
        eGRPC active optimizations:
         - Move Down
         - Downsizing before DRV sizing
         - DRV fixing with sizing
         - Move to fanout
         - Cloning
        
        Currently running CTS, using active skew data
        Reset bufferability constraints...
        Resetting previous bufferability status on all nets so that eGRPC will attempt to fix all clock tree violations.
        Clock tree timing engine global stage delay update for WC_dc:setup.late...
        Clock tree timing engine global stage delay update for WC_dc:setup.late done. (took cpu=0:00:00.2 real=0:00:00.0)
        Reset bufferability constraints done. (took cpu=0:00:00.2 real=0:00:00.0)
        Clock DAG stats eGRPC initial state:
          cell counts      : b=55, i=0, icg=0, dcg=0, l=0, total=55
          sink counts      : regular=4808, enable_latch=0, load_capacitance=0, antenna=0, node_sink=0, total=4808
          misc counts      : r=1, pp=0
          cell areas       : b=68.557um^2, i=0.000um^2, icg=0.000um^2, dcg=0.000um^2, l=0.000um^2, total=68.557um^2
          cell capacitance : b=144.676fF, i=0.000fF, icg=0.000fF, dcg=0.000fF, l=0.000fF, total=144.676fF
          sink capacitance : total=3532.075fF, avg=0.735fF, sd=0.034fF, min=0.679fF, max=0.757fF
          wire capacitance : top=0.000fF, trunk=131.115fF, leaf=1297.589fF, total=1428.704fF
          wire lengths     : top=0.000um, trunk=1035.162um, leaf=9504.192um, total=10539.354um
          hp wire lengths  : top=0.000um, trunk=799.048um, leaf=2657.958um, total=3457.006um
        Clock DAG net violations eGRPC initial state:
          Remaining Transition : {count=1, worst=[0.5ps]} avg=0.5ps sd=0.0ps sum=0.5ps
        Clock DAG primary half-corner transition distribution eGRPC initial state:
          Trunk : target=87.8ps count=7 avg=33.3ps sd=10.6ps min=14.6ps max=42.2ps {7 <= 52.7ps, 0 <= 70.2ps, 0 <= 79.0ps, 0 <= 83.4ps, 0 <= 87.8ps}
          Leaf  : target=87.8ps count=49 avg=80.6ps sd=4.5ps min=68.0ps max=88.3ps {0 <= 52.7ps, 1 <= 70.2ps, 15 <= 79.0ps, 19 <= 83.4ps, 13 <= 87.8ps} {1 <= 92.2ps, 0 <= 96.6ps, 0 <= 105.4ps, 0 <= 131.7ps, 0 > 131.7ps}
        Clock DAG library cell distribution eGRPC initial state {count}:
           Bufs: SC8T_BUFX24_CSC28L: 1 SC8T_BUFX20_CSC28L: 4 SC8T_BUFX16_CSC28L: 2 SC8T_BUFX12_CSC28L: 17 SC8T_BUFX10_CSC28L: 31 
        Primary reporting skew groups eGRPC initial state:
          skew_group clk/functional: insertion delay [min=201.1, max=245.9, avg=231.4, sd=7.9], skew [44.8 vs 53.8], 100% {201.1, 245.9} (wid=59.2 ws=39.2) (gid=203.3 gs=29.2)
        Skew group summary eGRPC initial state:
          skew_group clk/functional: insertion delay [min=201.1, max=245.9, avg=231.4, sd=7.9], skew [44.8 vs 53.8], 100% {201.1, 245.9} (wid=59.2 ws=39.2) (gid=203.3 gs=29.2)
        eGRPC Moving buffers...
          Violation analysis...
          Violation analysis done. (took cpu=0:00:00.0 real=0:00:00.0)
      flow.cputime  flow.realtime  timing.setup.tns  timing.setup.wns  snapshot
UM:*                                                                   Violation analysis
          Clock DAG stats after 'eGRPC Moving buffers':
            cell counts      : b=55, i=0, icg=0, dcg=0, l=0, total=55
            sink counts      : regular=4808, enable_latch=0, load_capacitance=0, antenna=0, node_sink=0, total=4808
            misc counts      : r=1, pp=0
            cell areas       : b=68.557um^2, i=0.000um^2, icg=0.000um^2, dcg=0.000um^2, l=0.000um^2, total=68.557um^2
            cell capacitance : b=144.676fF, i=0.000fF, icg=0.000fF, dcg=0.000fF, l=0.000fF, total=144.676fF
            sink capacitance : total=3532.075fF, avg=0.735fF, sd=0.034fF, min=0.679fF, max=0.757fF
            wire capacitance : top=0.000fF, trunk=131.115fF, leaf=1297.589fF, total=1428.704fF
            wire lengths     : top=0.000um, trunk=1035.162um, leaf=9504.192um, total=10539.354um
            hp wire lengths  : top=0.000um, trunk=799.048um, leaf=2657.958um, total=3457.006um
          Clock DAG net violations after 'eGRPC Moving buffers':
            Remaining Transition : {count=1, worst=[0.5ps]} avg=0.5ps sd=0.0ps sum=0.5ps
          Clock DAG primary half-corner transition distribution after 'eGRPC Moving buffers':
            Trunk : target=87.8ps count=7 avg=33.3ps sd=10.6ps min=14.6ps max=42.2ps {7 <= 52.7ps, 0 <= 70.2ps, 0 <= 79.0ps, 0 <= 83.4ps, 0 <= 87.8ps}
            Leaf  : target=87.8ps count=49 avg=80.6ps sd=4.5ps min=68.0ps max=88.3ps {0 <= 52.7ps, 1 <= 70.2ps, 15 <= 79.0ps, 19 <= 83.4ps, 13 <= 87.8ps} {1 <= 92.2ps, 0 <= 96.6ps, 0 <= 105.4ps, 0 <= 131.7ps, 0 > 131.7ps}
          Clock DAG library cell distribution after 'eGRPC Moving buffers' {count}:
             Bufs: SC8T_BUFX24_CSC28L: 1 SC8T_BUFX20_CSC28L: 4 SC8T_BUFX16_CSC28L: 2 SC8T_BUFX12_CSC28L: 17 SC8T_BUFX10_CSC28L: 31 
          Primary reporting skew groups after 'eGRPC Moving buffers':
            skew_group clk/functional: insertion delay [min=201.1, max=245.9], skew [44.8 vs 53.8]
          Skew group summary after 'eGRPC Moving buffers':
            skew_group clk/functional: insertion delay [min=201.1, max=245.9], skew [44.8 vs 53.8]
          Legalizer API calls during this step: 0 succeeded with high effort: 0 succeeded with medium effort: 0 succeeded with low effort: 0 succeeded with basic effort: 0 succeeded with basic unbounded effort: 0
        eGRPC Moving buffers done. (took cpu=0:00:00.3 real=0:00:00.3)
      flow.cputime  flow.realtime  timing.setup.tns  timing.setup.wns  snapshot
UM:*                                                                   eGRPC Moving buffers
        eGRPC Initial Pass of Downsizing Clock Tree cells...
          Artificially removing long paths...
            Legalizer API calls during this step: 0 succeeded with high effort: 0 succeeded with medium effort: 0 succeeded with low effort: 0 succeeded with basic effort: 0 succeeded with basic unbounded effort: 0
          Artificially removing long paths done. (took cpu=0:00:00.0 real=0:00:00.0)
          Modifying slew-target multiplier from 1 to 0.9
          Downsizing prefiltering...
          Downsizing prefiltering done.
          Downsizing: ...20% ...40% ...60% ...80% ...Library trimming buffers in power domain auto-default and half-corner WC_dc:setup.late removed 0 of 11 cells
          Original list had 11 cells:
          SC8T_BUFX24_CSC28L SC8T_BUFX20_CSC28L SC8T_BUFX16_CSC28L SC8T_BUFX12_CSC28L SC8T_BUFX10_CSC28L SC8T_BUFX8_CSC28L SC8T_BUFX6_CSC28L SC8T_BUFX4_CSC28L SC8T_BUFX3_CSC28L SC8T_BUFX1P5_CSC28L SC8T_BUFX0P5_A_CSC28L 
          Library trimming was not able to trim any cells:
          SC8T_BUFX24_CSC28L SC8T_BUFX20_CSC28L SC8T_BUFX16_CSC28L SC8T_BUFX12_CSC28L SC8T_BUFX10_CSC28L SC8T_BUFX8_CSC28L SC8T_BUFX6_CSC28L SC8T_BUFX4_CSC28L SC8T_BUFX3_CSC28L SC8T_BUFX1P5_CSC28L SC8T_BUFX0P5_A_CSC28L 
          100% 
          DoDownSizing Summary : numSized = 0, numUnchanged = 1, numSkippedDueToOther = 0, numSkippedDueToCloseToSlewTarget = 48, numSkippedDueToCloseToSkewTarget = 7
          CCOpt-eGRPC Downsizing: considered: 1, tested: 0, violation detected: 0, violation ignored (due to small violation): 0, cannot run: 0, attempted: 1, unsuccessful: 0, sized: 0
          Reverting slew-target multiplier from 0.9 to 1
          Clock DAG stats after 'eGRPC Initial Pass of Downsizing Clock Tree cells':
            cell counts      : b=55, i=0, icg=0, dcg=0, l=0, total=55
            sink counts      : regular=4808, enable_latch=0, load_capacitance=0, antenna=0, node_sink=0, total=4808
            misc counts      : r=1, pp=0
            cell areas       : b=68.557um^2, i=0.000um^2, icg=0.000um^2, dcg=0.000um^2, l=0.000um^2, total=68.557um^2
            cell capacitance : b=144.676fF, i=0.000fF, icg=0.000fF, dcg=0.000fF, l=0.000fF, total=144.676fF
            sink capacitance : total=3532.075fF, avg=0.735fF, sd=0.034fF, min=0.679fF, max=0.757fF
            wire capacitance : top=0.000fF, trunk=131.115fF, leaf=1297.589fF, total=1428.704fF
            wire lengths     : top=0.000um, trunk=1035.162um, leaf=9504.192um, total=10539.354um
            hp wire lengths  : top=0.000um, trunk=799.048um, leaf=2657.958um, total=3457.006um
          Clock DAG net violations after 'eGRPC Initial Pass of Downsizing Clock Tree cells':
            Remaining Transition : {count=1, worst=[0.5ps]} avg=0.5ps sd=0.0ps sum=0.5ps
          Clock DAG primary half-corner transition distribution after 'eGRPC Initial Pass of Downsizing Clock Tree cells':
            Trunk : target=87.8ps count=7 avg=33.3ps sd=10.6ps min=14.6ps max=42.2ps {7 <= 52.7ps, 0 <= 70.2ps, 0 <= 79.0ps, 0 <= 83.4ps, 0 <= 87.8ps}
            Leaf  : target=87.8ps count=49 avg=80.6ps sd=4.5ps min=68.0ps max=88.3ps {0 <= 52.7ps, 1 <= 70.2ps, 15 <= 79.0ps, 19 <= 83.4ps, 13 <= 87.8ps} {1 <= 92.2ps, 0 <= 96.6ps, 0 <= 105.4ps, 0 <= 131.7ps, 0 > 131.7ps}
          Clock DAG library cell distribution after 'eGRPC Initial Pass of Downsizing Clock Tree cells' {count}:
             Bufs: SC8T_BUFX24_CSC28L: 1 SC8T_BUFX20_CSC28L: 4 SC8T_BUFX16_CSC28L: 2 SC8T_BUFX12_CSC28L: 17 SC8T_BUFX10_CSC28L: 31 
          Primary reporting skew groups after 'eGRPC Initial Pass of Downsizing Clock Tree cells':
            skew_group clk/functional: insertion delay [min=201.1, max=245.9], skew [44.8 vs 53.8]
          Skew group summary after 'eGRPC Initial Pass of Downsizing Clock Tree cells':
            skew_group clk/functional: insertion delay [min=201.1, max=245.9], skew [44.8 vs 53.8]
          Legalizer API calls during this step: 1 succeeded with high effort: 1 succeeded with medium effort: 0 succeeded with low effort: 0 succeeded with basic effort: 0 succeeded with basic unbounded effort: 0
        eGRPC Initial Pass of Downsizing Clock Tree cells done. (took cpu=0:00:00.2 real=0:00:00.2)
      flow.cputime  flow.realtime  timing.setup.tns  timing.setup.wns  snapshot
UM:*                                                                   eGRPC Initial Pass of Downsizing Clock Tree cells
        eGRPC Fixing DRVs...
          Fixing clock tree DRVs: ...20% ...40% ...60% ...80% ...100% 
          CCOpt-eGRPC: considered: 56, tested: 56, violation detected: 1, violation ignored (due to small violation): 1, cannot run: 0, attempted: 0, unsuccessful: 0, sized: 0
          
          Statistics: Fix DRVs (cell sizing):
          ===================================
          
          Cell changes by Net Type:
          
          -------------------------------------------------------------------------------------------------
          Net Type    Attempted    Upsized     Downsized    Swapped Same Size    Total Changed    Not Sized
          -------------------------------------------------------------------------------------------------
          top                0            0           0            0                    0                0
          trunk              0            0           0            0                    0                0
          leaf               0            0           0            0                    0                0
          -------------------------------------------------------------------------------------------------
          Total              0            0           0            0                    0                0
          -------------------------------------------------------------------------------------------------
          
          Upsized: 0, Downsized: 0, Sized but same area: 0, Unchanged: 0, Area change: 0.000um^2 (0.000%)
          Max. move: 0.000um, Min. move: 0.000um, Avg. move: N/A
          
          Clock DAG stats after 'eGRPC Fixing DRVs':
            cell counts      : b=55, i=0, icg=0, dcg=0, l=0, total=55
            sink counts      : regular=4808, enable_latch=0, load_capacitance=0, antenna=0, node_sink=0, total=4808
            misc counts      : r=1, pp=0
            cell areas       : b=68.557um^2, i=0.000um^2, icg=0.000um^2, dcg=0.000um^2, l=0.000um^2, total=68.557um^2
            cell capacitance : b=144.676fF, i=0.000fF, icg=0.000fF, dcg=0.000fF, l=0.000fF, total=144.676fF
            sink capacitance : total=3532.075fF, avg=0.735fF, sd=0.034fF, min=0.679fF, max=0.757fF
            wire capacitance : top=0.000fF, trunk=131.115fF, leaf=1297.589fF, total=1428.704fF
            wire lengths     : top=0.000um, trunk=1035.162um, leaf=9504.192um, total=10539.354um
            hp wire lengths  : top=0.000um, trunk=799.048um, leaf=2657.958um, total=3457.006um
          Clock DAG net violations after 'eGRPC Fixing DRVs':
            Remaining Transition : {count=1, worst=[0.5ps]} avg=0.5ps sd=0.0ps sum=0.5ps
          Clock DAG primary half-corner transition distribution after 'eGRPC Fixing DRVs':
            Trunk : target=87.8ps count=7 avg=33.3ps sd=10.6ps min=14.6ps max=42.2ps {7 <= 52.7ps, 0 <= 70.2ps, 0 <= 79.0ps, 0 <= 83.4ps, 0 <= 87.8ps}
            Leaf  : target=87.8ps count=49 avg=80.6ps sd=4.5ps min=68.0ps max=88.3ps {0 <= 52.7ps, 1 <= 70.2ps, 15 <= 79.0ps, 19 <= 83.4ps, 13 <= 87.8ps} {1 <= 92.2ps, 0 <= 96.6ps, 0 <= 105.4ps, 0 <= 131.7ps, 0 > 131.7ps}
          Clock DAG library cell distribution after 'eGRPC Fixing DRVs' {count}:
             Bufs: SC8T_BUFX24_CSC28L: 1 SC8T_BUFX20_CSC28L: 4 SC8T_BUFX16_CSC28L: 2 SC8T_BUFX12_CSC28L: 17 SC8T_BUFX10_CSC28L: 31 
          Primary reporting skew groups after 'eGRPC Fixing DRVs':
            skew_group clk/functional: insertion delay [min=201.1, max=245.9], skew [44.8 vs 53.8]
          Skew group summary after 'eGRPC Fixing DRVs':
            skew_group clk/functional: insertion delay [min=201.1, max=245.9], skew [44.8 vs 53.8]
          Legalizer API calls during this step: 0 succeeded with high effort: 0 succeeded with medium effort: 0 succeeded with low effort: 0 succeeded with basic effort: 0 succeeded with basic unbounded effort: 0
        eGRPC Fixing DRVs done. (took cpu=0:00:00.1 real=0:00:00.1)
      flow.cputime  flow.realtime  timing.setup.tns  timing.setup.wns  snapshot
UM:*                                                                   eGRPC Fixing DRVs
        Reconnecting optimized routes...
        Reset timing graph...
Ignoring AAE DB Resetting ...
        Reset timing graph done.
        Reconnecting optimized routes done. (took cpu=0:00:00.0 real=0:00:00.0)
        Violation analysis...
        Violation analysis done. (took cpu=0:00:00.0 real=0:00:00.0)
      flow.cputime  flow.realtime  timing.setup.tns  timing.setup.wns  snapshot
UM:*                                                                   Violation analysis
        Moving clock insts towards fanout...
        Move to sink centre: considered=1, unsuccessful=0, alreadyClose=0, noImprovementFound=1, degradedSlew=0, degradedSkew=0, insufficientImprovement=0, accepted=0
        Moving clock insts towards fanout done. (took cpu=0:00:00.2 real=0:00:00.2)
      flow.cputime  flow.realtime  timing.setup.tns  timing.setup.wns  snapshot
UM:*                                                                   Moving clock insts towards fanout
        Reset timing graph...
Ignoring AAE DB Resetting ...
        Reset timing graph done.
        Clock DAG stats before routing clock trees:
          cell counts      : b=55, i=0, icg=0, dcg=0, l=0, total=55
          sink counts      : regular=4808, enable_latch=0, load_capacitance=0, antenna=0, node_sink=0, total=4808
          misc counts      : r=1, pp=0
          cell areas       : b=68.557um^2, i=0.000um^2, icg=0.000um^2, dcg=0.000um^2, l=0.000um^2, total=68.557um^2
          cell capacitance : b=144.676fF, i=0.000fF, icg=0.000fF, dcg=0.000fF, l=0.000fF, total=144.676fF
          sink capacitance : total=3532.075fF, avg=0.735fF, sd=0.034fF, min=0.679fF, max=0.757fF
          wire capacitance : top=0.000fF, trunk=131.115fF, leaf=1297.589fF, total=1428.704fF
          wire lengths     : top=0.000um, trunk=1035.162um, leaf=9504.192um, total=10539.354um
          hp wire lengths  : top=0.000um, trunk=799.048um, leaf=2657.958um, total=3457.006um
        Clock DAG net violations before routing clock trees:
          Remaining Transition : {count=1, worst=[0.5ps]} avg=0.5ps sd=0.0ps sum=0.5ps
        Clock DAG primary half-corner transition distribution before routing clock trees:
          Trunk : target=87.8ps count=7 avg=33.3ps sd=10.6ps min=14.6ps max=42.2ps {7 <= 52.7ps, 0 <= 70.2ps, 0 <= 79.0ps, 0 <= 83.4ps, 0 <= 87.8ps}
          Leaf  : target=87.8ps count=49 avg=80.6ps sd=4.5ps min=68.0ps max=88.3ps {0 <= 52.7ps, 1 <= 70.2ps, 15 <= 79.0ps, 19 <= 83.4ps, 13 <= 87.8ps} {1 <= 92.2ps, 0 <= 96.6ps, 0 <= 105.4ps, 0 <= 131.7ps, 0 > 131.7ps}
        Clock DAG library cell distribution before routing clock trees {count}:
           Bufs: SC8T_BUFX24_CSC28L: 1 SC8T_BUFX20_CSC28L: 4 SC8T_BUFX16_CSC28L: 2 SC8T_BUFX12_CSC28L: 17 SC8T_BUFX10_CSC28L: 31 
        Primary reporting skew groups before routing clock trees:
          skew_group clk/functional: insertion delay [min=201.1, max=245.9, avg=231.4, sd=7.9], skew [44.8 vs 53.8], 100% {201.1, 245.9} (wid=59.2 ws=39.2) (gid=203.3 gs=29.2)
        Skew group summary before routing clock trees:
          skew_group clk/functional: insertion delay [min=201.1, max=245.9, avg=231.4, sd=7.9], skew [44.8 vs 53.8], 100% {201.1, 245.9} (wid=59.2 ws=39.2) (gid=203.3 gs=29.2)
      eGRPC done.
    Calling post conditioning for eGRPC done.
  eGR Post Conditioning loop iteration 0 done.
  Refine place not called during Post Conditioning. Calling it now the eGR->PC Loop is complete.
  Leaving CCOpt scope - Cleaning up placement interface...
  Leaving CCOpt scope - Cleaning up placement interface done. (took cpu=0:00:00.2 real=0:00:00.1)
  Leaving CCOpt scope - ClockRefiner...
  Soft fixed 55 clock instances.
  Performing Single Pass Refine Place.

**Info: (IMPSP-2062): Some of the PG shapes may not be colorized properly in this design, users are required to run command colorizePowerMesh before any placement related commands!
*** Starting place_detail (0:26:57 mem=4012.2M) ***
Total net bbox length = 3.549e+05 (1.636e+05 1.913e+05) (ext = 6.020e+04)

**Info: (IMPSP-2062): Some of the PG shapes may not be colorized properly in this design, users are required to run command colorizePowerMesh before any placement related commands!
Move report: Detail placement moves 158 insts, mean move: 0.52 um, max move: 3.26 um 
	Max move on inst (SILEGO_cell/MTRF_cell/reg_top/RegisterFile/register_array_0/U9): (63.23, 168.96) --> (65.21, 167.68)
	Runtime: CPU: 0:00:04.4 REAL: 0:00:01.0 MEM: 3980.2MB
Summary Report:
Instances move: 158 (out of 35458 movable)
Instances flipped: 3
Mean displacement: 0.52 um
Max displacement: 3.26 um (Instance: SILEGO_cell/MTRF_cell/reg_top/RegisterFile/register_array_0/U9) (63.232, 168.96) -> (65.208, 167.68)
	Length: 8 sites, height: 1 rows, site name: SC8T_104CPP_CMOS22FDX, cell type: SC8T_MUX2X1_A_CSC28L
Total net bbox length = 3.549e+05 (1.636e+05 1.914e+05) (ext = 6.020e+04)
Runtime: CPU: 0:00:04.5 REAL: 0:00:01.0 MEM: 3980.2MB
*** Finished place_detail (0:27:02 mem=3980.2M) ***
  ClockRefiner summary
  All clock instances: Moved 28, flipped 3 and cell swapped 0 (out of a total of 4863).
  The largest move was 1.16 um for SILEGO_cell/MTRF_cell/seq_gen/instr_reg_reg[42][26].
  Restoring place_status_cts on 55 clock instances.
  Leaving CCOpt scope - ClockRefiner done. (took cpu=0:00:04.9 real=0:00:01.7)
  CCOpt::Phase::eGRPC done. (took cpu=0:00:10.9 real=0:00:06.9)
      flow.cputime  flow.realtime  timing.setup.tns  timing.setup.wns  snapshot
UM:*                                                                   CCOpt::Phase::eGRPC
  CCOpt::Phase::Routing...
  Clock implementation routing...
    Leaving CCOpt scope - Routing Tools...
Net route status summary:
  Clock:        56 (unrouted=0, trialRouted=0, noStatus=0, routed=56, fixed=0, [crossesIlmBoundary=0, tooFewTerms=0, (crossesIlmBoundary AND tooFewTerms=0)])
  Non-clock: 57039 (unrouted=19718, trialRouted=37321, noStatus=0, routed=0, fixed=0, [crossesIlmBoundary=0, tooFewTerms=19718, (crossesIlmBoundary AND tooFewTerms=0)])
    Routing using eGR in eGR->NR Step...
      Early Global Route - eGR->Nr High Frequency step...
(ccopt eGR): There are 56 nets to be routed. 0 nets have skip routing designation.
(ccopt eGR): There are 56 nets for routing of which 56 have one or more fixed wires.
(ccopt eGR): Start to route 56 all nets
[NR-eGR] Track table information for default rule: 
[NR-eGR] M1 has single uniform track structure
[NR-eGR] M2 has single uniform track structure
[NR-eGR] C1 has single uniform track structure
[NR-eGR] C2 has single uniform track structure
[NR-eGR] C3 has single uniform track structure
[NR-eGR] C4 has single uniform track structure
[NR-eGR] BA has single uniform track structure
[NR-eGR] BB has single uniform track structure
[NR-eGR] JA has single uniform track structure
[NR-eGR] JB has single uniform track structure
[NR-eGR] LB has single uniform track structure
[NR-eGR] Read 21 PG shapes
[NR-eGR] Read 0 clock shapes
[NR-eGR] Read 0 other shapes
[NR-eGR] #Routing Blockages  : 31
[NR-eGR] #Instance Blockages : 98957
[NR-eGR] #PG Blockages       : 21
[NR-eGR] #Halo Blockages     : 0
[NR-eGR] #Boundary Blockages : 0
[NR-eGR] #Clock Blockages    : 0
[NR-eGR] #Other Blockages    : 0
[NR-eGR] Num Prerouted Nets = 0  Num Prerouted Wires = 0
[NR-eGR] Read 37377 nets ( ignored 37321 )
[NR-eGR] Connected 0 must-join pins/ports
[NR-eGR] There are 56 clock nets ( 56 with NDR ).
[NR-eGR] ============ Routing rule table ============
[NR-eGR] Rule id: 0  Nets: 56
[NR-eGR] ========================================
[NR-eGR] 
[NR-eGR] Layer group 1: route 56 net(s) in layer range [3, 4]
[NR-eGR] Early Global Route overflow of layer group 1: 0.00% H + 0.00% V. EstWL: 1.028928e+04um
[NR-eGR] Create a new net group with 22 nets and layer range [3, 6]
[NR-eGR] Layer group 2: route 22 net(s) in layer range [3, 6]
[NR-eGR] Early Global Route overflow of layer group 2: 0.00% H + 0.00% V. EstWL: 1.398016e+04um
[NR-eGR] Create a new net group with 21 nets and layer range [3, 8]
[NR-eGR] Layer group 3: route 21 net(s) in layer range [3, 8]
[NR-eGR] Early Global Route overflow of layer group 3: 0.00% H + 0.00% V. EstWL: 1.751808e+04um
[NR-eGR] Create a new net group with 21 nets and layer range [3, 10]
[NR-eGR] Layer group 4: route 21 net(s) in layer range [3, 10]
[NR-eGR] Early Global Route overflow of layer group 4: 0.00% H + 0.00% V. EstWL: 2.105280e+04um
[NR-eGR] Create a new net group with 20 nets and layer range [3, 11]
[NR-eGR] Layer group 5: route 20 net(s) in layer range [3, 11]
[NR-eGR] Early Global Route overflow of layer group 5: 0.00% H + 0.00% V. EstWL: 2.438400e+04um
[NR-eGR] Congestion Analysis By layer: (blocked Gcells are excluded) 
[NR-eGR]                        OverCon            
[NR-eGR]                         #Gcell     %Gcell
[NR-eGR]        Layer               (1)    OverCon
[NR-eGR] ----------------------------------------------
[NR-eGR]      M1 ( 1)         0( 0.00%)   ( 0.00%) 
[NR-eGR]      M2 ( 2)        82( 0.09%)   ( 0.09%) 
[NR-eGR]      C1 ( 3)         0( 0.00%)   ( 0.00%) 
[NR-eGR]      C2 ( 4)         0( 0.00%)   ( 0.00%) 
[NR-eGR]      C3 ( 5)         0( 0.00%)   ( 0.00%) 
[NR-eGR]      C4 ( 6)         0( 0.00%)   ( 0.00%) 
[NR-eGR]      BA ( 7)         0( 0.00%)   ( 0.00%) 
[NR-eGR]      BB ( 8)         0( 0.00%)   ( 0.00%) 
[NR-eGR]      JA ( 9)         0( 0.00%)   ( 0.00%) 
[NR-eGR]      JB (10)         0( 0.00%)   ( 0.00%) 
[NR-eGR]      LB (11)         0( 0.00%)   ( 0.00%) 
[NR-eGR] ----------------------------------------------
[NR-eGR]        Total        82( 0.01%)   ( 0.01%) 
[NR-eGR] 
[NR-eGR] Overflow after Early Global Route 0.00% H + 0.00% V
[NR-eGR]             Length (um)    Vias 
[NR-eGR] --------------------------------
[NR-eGR]  M1  (1V)             0  108486 
[NR-eGR]  M2  (2H)         69462  213544 
[NR-eGR]  C1  (3V)        121658   55238 
[NR-eGR]  C2  (4H)         84933   21482 
[NR-eGR]  C3  (5V)         90801    6827 
[NR-eGR]  C4  (6H)         40187    2241 
[NR-eGR]  BA  (7V)         23338     989 
[NR-eGR]  BB  (8H)          9890      28 
[NR-eGR]  JA  (9V)             3       0 
[NR-eGR]  JB  (10H)            0       0 
[NR-eGR]  LB  (11V)            0       0 
[NR-eGR] --------------------------------
[NR-eGR]      Total       440273  408835 
[NR-eGR] --------------------------------------------------------------------------
[NR-eGR] Total half perimeter of net bounding box: 354932um
[NR-eGR] Total length: 440273um, number of vias: 408835
[NR-eGR] --------------------------------------------------------------------------
[NR-eGR] Total eGR-routed clock nets wire length: 10542um, number of vias: 10392
[NR-eGR] --------------------------------------------------------------------------
[NR-eGR] Report for selected net(s) only.
[NR-eGR]             Length (um)   Vias 
[NR-eGR] -------------------------------
[NR-eGR]  M1  (1V)             0    321 
[NR-eGR]  M2  (2H)           719   5683 
[NR-eGR]  C1  (3V)          5053   4080 
[NR-eGR]  C2  (4H)          4271    308 
[NR-eGR]  C3  (5V)           498      0 
[NR-eGR]  C4  (6H)             0      0 
[NR-eGR]  BA  (7V)             0      0 
[NR-eGR]  BB  (8H)             0      0 
[NR-eGR]  JA  (9V)             0      0 
[NR-eGR]  JB  (10H)            0      0 
[NR-eGR]  LB  (11V)            0      0 
[NR-eGR] -------------------------------
[NR-eGR]      Total        10542  10392 
[NR-eGR] --------------------------------------------------------------------------
[NR-eGR] Total half perimeter of net bounding box: 3452um
[NR-eGR] Total length: 10542um, number of vias: 10392
[NR-eGR] --------------------------------------------------------------------------
[NR-eGR] Total routed clock nets wire length: 10542um, number of vias: 10392
[NR-eGR] --------------------------------------------------------------------------
[NR-eGR] Finished Early Global Route kernel ( CPU: 1.45 sec, Real: 1.01 sec, Curr Mem: 3994.61 MB )
      Early Global Route - eGR->Nr High Frequency step done. (took cpu=0:00:01.6 real=0:00:01.1)
      flow.cputime  flow.realtime  timing.setup.tns  timing.setup.wns  snapshot
UM:*                                                                   Early Global Route - eGR->Nr High Frequency step
    Routing using eGR in eGR->NR Step done.
    Routing using NR in eGR->NR Step...

CCOPT: Preparing to route 56 clock nets with NanoRoute.
  All net are default rule.
  Preferred NanoRoute mode settings: Current
**WARN: (IMPTCM-77):	Option "-grouteExpUseNanoRoute2" for command setNanoRouteMode is obsolete and will be removed in a future release. The obsolete option still works in this release but to avoid this warning and to ensure compatibility with future releases, remove the obsolete option from your script.
**WARN: (IMPDBTCL-321):	The attribute 'route_design_global_exp_use_nano_route2' still works but will be obsolete in a future major release. You should remove it from your script before the next major release to avoid errors.
**WARN: (IMPTCM-77):	Option "-routeExpDeterministicMultiThread" for command setNanoRouteMode is obsolete and will be removed in a future release. The obsolete option still works in this release but to avoid this warning and to ensure compatibility with future releases, remove the obsolete option from your script.
**WARN: (IMPDBTCL-321):	The attribute 'route_design_exp_deterministic_multi_thread' still works but will be obsolete in a future major release. You should remove it from your script before the next major release to avoid errors.
      Clock detailed routing...
        NanoRoute...

route_global_detail

#Start route_global_detail on Sat Jan  3 09:27:27 2026
#
#num needed restored net=0
#need_extraction net=0 (total=57095)
#WARNING (NRDB-2005) SPECIAL_NET VSS has special wires but no definitions for instance pins or top level pins. This will cause routability problems later.
#WARNING (NRDB-2005) SPECIAL_NET VSS has special wires but no definitions for instance pins or top level pins. This will cause routability problems later.
#NanoRoute Version 21.19-s058_1 NR231113-0413/21_19-UB
#
#Wire/Via statistics before line assignment ...
#Total number of nets with non-default rule or having extra spacing = 56
#Total wire length = 10542 um.
#Total half perimeter of net bounding box = 3478 um.
#Total wire length on LAYER M1 = 0 um.
#Total wire length on LAYER M2 = 719 um.
#Total wire length on LAYER C1 = 5053 um.
#Total wire length on LAYER C2 = 4271 um.
#Total wire length on LAYER C3 = 498 um.
#Total wire length on LAYER C4 = 0 um.
#Total wire length on LAYER BA = 0 um.
#Total wire length on LAYER BB = 0 um.
#Total wire length on LAYER JA = 0 um.
#Total wire length on LAYER JB = 0 um.
#Total wire length on LAYER LB = 0 um.
#Total number of vias = 10392
#Up-Via Summary (total 10392):
#           
#-----------------------
# M1                321
# M2               5683
# C1               4080
# C2                308
#-----------------------
#                 10392 
#
#Start routing data preparation on Sat Jan  3 09:27:28 2026
#
#Minimum voltage of a net in the design = 0.000.
#Maximum voltage of a net in the design = 0.800.
#Voltage range [0.000 - 0.800] has 57062 nets.
#Voltage range [0.000 - 0.000] has 32 nets.
#Voltage range [0.720 - 0.800] has 1 net.
#Build and mark too close pins for the same net.
#Initial pin access analysis.
#Detail pin access analysis.
# M1           V   Track-Pitch = 0.10400    Line-2-Via Pitch = 0.08000
# M2           H   Track-Pitch = 0.08000    Line-2-Via Pitch = 0.08000
# C1           V   Track-Pitch = 0.09000    Line-2-Via Pitch = 0.09000
# C2           H   Track-Pitch = 0.09000    Line-2-Via Pitch = 0.09000
# C3           V   Track-Pitch = 0.09000    Line-2-Via Pitch = 0.09000
# C4           H   Track-Pitch = 0.09000    Line-2-Via Pitch = 0.09000
# BA           V   Track-Pitch = 0.18000    Line-2-Via Pitch = 0.18000
# BB           H   Track-Pitch = 0.18000    Line-2-Via Pitch = 0.18000
# JA           V   Track-Pitch = 0.90000    Line-2-Via Pitch = 0.90000
# JB           H   Track-Pitch = 0.90000    Line-2-Via Pitch = 0.90000
# LB           V   Track-Pitch = 3.60000    Line-2-Via Pitch = 4.50000
#WARNING (NRAG-44) Track pitch is too small compared with line-2-via pitch.
#Bottom routing layer index=1(M1), bottom routing layer for shielding=3(C1), bottom shield layer=3(C1)
#shield_bottom_stripe_layer=3(C1), shield_top_stripe_layer=11(LB)
#pin_access_rlayer=2(M2)
#shield_top_dpt_rlayer=2 top_rlayer=11 top_trim_metal_rlayer=-1 rlayer_lowest=3 bottom_rlayer=1
#enable_trim_layer_shield=F enable_dpt_layer_shield=F has_line_end_grid=F
#cpu time = 00:00:00, elapsed time = 00:00:00, memory = 2549.66 (MB), peak = 2782.71 (MB)
#Regenerating Ggrids automatically.
#Auto generating G-grids with size=15 tracks, using layer C1's pitch = 0.09000.
#Using automatically generated G-grids.
#Done routing data preparation.
#cpu time = 00:00:55, elapsed time = 00:00:11, memory = 2603.41 (MB), peak = 2782.71 (MB)
#Minimum voltage of a net in the design = 0.000.
#Maximum voltage of a net in the design = 0.800.
#Voltage range [0.000 - 0.800] has 57062 nets.
#Voltage range [0.000 - 0.000] has 32 nets.
#Voltage range [0.720 - 0.800] has 1 net.
#Start instance access analysis using 8 threads...
#Set layer M1 to be advanced pin access layer.
#Set instance access analysis scope -2.08300, -2.28000, 202.07500, 202.88000
#0 instance pins are hard to access
#Instance access analysis statistics:
#Cpu time = 00:00:01
#Elapsed time = 00:00:01
#Increased memory = 12.27 (MB)
#Total memory = 2615.68 (MB)
#Peak memory = 2821.86 (MB)
Updating RC grid for preRoute extraction ...
Initializing multi-corner resistance tables ...
#
#Distribution of nets:
#Largest net has 4809 pins
#  
# #pin range           #net       %
#------------------------------------
#          2           24413 ( 42.8%)
#          3            5393 (  9.4%)
#          4            2024 (  3.5%)
#          5            2807 (  4.9%)
#          6             338 (  0.6%)
#          7             282 (  0.5%)
#          8             235 (  0.4%)
#          9             199 (  0.3%)
#  10  -  19            1041 (  1.8%)
#  20  -  29             322 (  0.6%)
#  30  -  39              71 (  0.1%)
#  40  -  49              14 (  0.0%)
#  50  -  59              57 (  0.1%)
#  60  -  69             100 (  0.2%)
#  70  -  79               2 (  0.0%)
#  90  -  99              20 (  0.0%)
#  100 - 199              47 (  0.1%)
#  200 - 299              10 (  0.0%)
#  1600-1699               1 (  0.0%)
#     >=2000               1 (  0.0%)
#
#Total: 57095 nets, 37377 non-trivial nets
#                              #net       %
#-------------------------------------------
#  Fully global routed           56 ( 0.1%)
#  Clock                         56
#  Extra space                   56
#  Prefer layer range         37377
#
#Nets in 2 layer ranges:
#  Bottom Pref.Layer    Top Pref.Layer       #net       %
#---------------------------------------------------------
#              -----             8 BB*      37321 ( 99.9%)
#               3 C1             4 C2          56 (  0.1%)
#
#56 nets selected.
#
#Iteration 1.1: cpu:00:00:01, real:00:00:00, mem:2.6 GB, peak:2.8 GB --4.77 [8]--
#Iteration 1.2: cpu:00:00:00, real:00:00:00, mem:2.6 GB, peak:2.8 GB --1.94 [8]--
#Iteration 1.3: cpu:00:00:00, real:00:00:00, mem:2.6 GB, peak:2.8 GB --1.95 [8]--
#Iteration 1.4: cpu:00:00:00, real:00:00:00, mem:2.6 GB, peak:2.8 GB --1.79 [8]--
#Iteration 2.1: cpu:00:00:01, real:00:00:00, mem:2.6 GB, peak:2.8 GB --4.69 [8]--
#Iteration 3.1: cpu:00:00:01, real:00:00:00, mem:2.6 GB, peak:2.8 GB --4.52 [8]--
#Iteration 3.2: cpu:00:00:00, real:00:00:00, mem:2.6 GB, peak:2.8 GB --1.72 [8]--
#
#Line Assignment statistics:
#Cpu time = 00:00:02
#Elapsed time = 00:00:01
#Increased memory = 11.20 (MB)
#Total memory = 2647.36 (MB)
#Peak memory = 2821.86 (MB)
#End Line Assignment: cpu:00:00:03, real:00:00:01, mem:2.6 GB, peak:2.8 GB --3.52 [8]--
#
#Wire/Via statistics after line assignment ...
#Total number of nets with non-default rule or having extra spacing = 56
#Total wire length = 10801 um.
#Total half perimeter of net bounding box = 3478 um.
#Total wire length on LAYER M1 = 0 um.
#Total wire length on LAYER M2 = 1105 um.
#Total wire length on LAYER C1 = 5052 um.
#Total wire length on LAYER C2 = 4168 um.
#Total wire length on LAYER C3 = 475 um.
#Total wire length on LAYER C4 = 0 um.
#Total wire length on LAYER BA = 0 um.
#Total wire length on LAYER BB = 0 um.
#Total wire length on LAYER JA = 0 um.
#Total wire length on LAYER JB = 0 um.
#Total wire length on LAYER LB = 0 um.
#Total number of vias = 9230
#Up-Via Summary (total 9230):
#           
#-----------------------
# M1                321
# M2               5298
# C1               3335
# C2                276
#-----------------------
#                  9230 
#
#Routing data preparation, pin analysis, line assignment statistics:
#Cpu time = 00:00:59
#Elapsed time = 00:00:13
#Increased memory = 126.87 (MB)
#Total memory = 2630.02 (MB)
#Peak memory = 2821.86 (MB)
#Skip comparing routing design signature in db-snapshot flow
#Using multithreading with 8 threads.
#Minimum voltage of a net in the design = 0.000.
#Maximum voltage of a net in the design = 0.800.
#Voltage range [0.000 - 0.800] has 57062 nets.
#Voltage range [0.000 - 0.000] has 32 nets.
#Voltage range [0.720 - 0.800] has 1 net.
#Minimum voltage of a net in the design = 0.000.
#Maximum voltage of a net in the design = 0.800.
#Voltage range [0.000 - 0.800] has 57062 nets.
#Voltage range [0.000 - 0.000] has 32 nets.
#Voltage range [0.720 - 0.800] has 1 net.
#Minimum voltage of a net in the design = 0.000.
#Maximum voltage of a net in the design = 0.800.
#Voltage range [0.000 - 0.800] has 57062 nets.
#Voltage range [0.000 - 0.000] has 32 nets.
#Voltage range [0.720 - 0.800] has 1 net.
#Minimum voltage of a net in the design = 0.000.
#Maximum voltage of a net in the design = 0.800.
#Voltage range [0.000 - 0.800] has 57062 nets.
#Voltage range [0.000 - 0.000] has 32 nets.
#Voltage range [0.720 - 0.800] has 1 net.
#
#Start Detail Routing..
#start initial detail routing ...
#   number of violations = 1
#
#    By Layer and Type :
#	          Short   Totals
#	M1            0        0
#	M2            1        1
#	Totals        1        1
#cpu time = 00:01:19, elapsed time = 00:00:10, memory = 2660.12 (MB), peak = 2959.20 (MB)
#start 1st optimization iteration ...
#   number of violations = 0
#cpu time = 00:00:00, elapsed time = 00:00:00, memory = 2656.64 (MB), peak = 2959.20 (MB)
#Complete Detail Routing.
#Total number of nets with non-default rule or having extra spacing = 56
#Total wire length = 10554 um.
#Total half perimeter of net bounding box = 3478 um.
#Total wire length on LAYER M1 = 0 um.
#Total wire length on LAYER M2 = 186 um.
#Total wire length on LAYER C1 = 5280 um.
#Total wire length on LAYER C2 = 4612 um.
#Total wire length on LAYER C3 = 476 um.
#Total wire length on LAYER C4 = 0 um.
#Total wire length on LAYER BA = 0 um.
#Total wire length on LAYER BB = 0 um.
#Total wire length on LAYER JA = 0 um.
#Total wire length on LAYER JB = 0 um.
#Total wire length on LAYER LB = 0 um.
#Total number of vias = 10199
#Up-Via Summary (total 10199):
#           
#-----------------------
# M1                321
# M2               4928
# C1               4681
# C2                269
#-----------------------
#                 10199 
#
#Total number of DRC violations = 0
#Cpu time = 00:01:20
#Elapsed time = 00:00:11
#Increased memory = 26.38 (MB)
#Total memory = 2656.64 (MB)
#Peak memory = 2959.20 (MB)
#Skip updating routing design signature in db-snapshot flow
#route_detail Statistics:
#Cpu time = 00:01:20
#Elapsed time = 00:00:11
#Increased memory = 26.62 (MB)
#Total memory = 2656.64 (MB)
#Peak memory = 2959.20 (MB)
#
#route_global_detail statistics:
#Cpu time = 00:02:22
#Elapsed time = 00:00:25
#Increased memory = 134.27 (MB)
#Total memory = 2649.30 (MB)
#Peak memory = 2959.20 (MB)
#Number of warnings = 3
#Total number of warnings = 17
#Number of fails = 0
#Total number of fails = 0
#Complete route_global_detail on Sat Jan  3 09:27:53 2026
#
        NanoRoute done. (took cpu=0:02:22 real=0:00:25.4)
      flow.cputime  flow.realtime  timing.setup.tns  timing.setup.wns  snapshot
UM:*                                                                   NanoRoute
      Clock detailed routing done.
Skipping check of guided vs. routed net lengths.
Set FIXED routing status on 56 net(s)
Set FIXED placed status on 55 instance(s)
      Route Remaining Unrouted Nets...
Running route_early_global to complete any remaining unrouted nets.
[NR-eGR] Started Early Global Route kernel ( Curr Mem: 4154.20 MB )
[NR-eGR] Track table information for default rule: 
[NR-eGR] M1 has single uniform track structure
[NR-eGR] M2 has single uniform track structure
[NR-eGR] C1 has single uniform track structure
[NR-eGR] C2 has single uniform track structure
[NR-eGR] C3 has single uniform track structure
[NR-eGR] C4 has single uniform track structure
[NR-eGR] BA has single uniform track structure
[NR-eGR] BB has single uniform track structure
[NR-eGR] JA has single uniform track structure
[NR-eGR] JB has single uniform track structure
[NR-eGR] LB has single uniform track structure
[NR-eGR] Read 21 PG shapes
[NR-eGR] Read 0 clock shapes
[NR-eGR] Read 0 other shapes
[NR-eGR] #Routing Blockages  : 31
[NR-eGR] #Instance Blockages : 98957
[NR-eGR] #PG Blockages       : 21
[NR-eGR] #Halo Blockages     : 0
[NR-eGR] #Boundary Blockages : 0
[NR-eGR] #Clock Blockages    : 0
[NR-eGR] #Other Blockages    : 0
[NR-eGR] Num Prerouted Nets = 56  Num Prerouted Wires = 16988
[NR-eGR] Read 37377 nets ( ignored 56 )
[NR-eGR] ============ Routing rule table ============
[NR-eGR] Rule id: 1  Nets: 37321
[NR-eGR] ========================================
[NR-eGR] 
[NR-eGR] Layer group 1: route 37321 net(s) in layer range [2, 11]
[NR-eGR] Early Global Route overflow of layer group 1: 0.15% H + 0.12% V. EstWL: 4.163142e+05um
[NR-eGR] Congestion Analysis By layer: (blocked Gcells are excluded) 
[NR-eGR]                        OverCon           OverCon           OverCon           OverCon            
[NR-eGR]                         #Gcell            #Gcell            #Gcell            #Gcell     %Gcell
[NR-eGR]        Layer             (1-2)             (3-4)             (5-6)             (7-8)    OverCon
[NR-eGR] -------------------------------------------------------------------------------------------------
[NR-eGR]      M1 ( 1)         0( 0.00%)         0( 0.00%)         0( 0.00%)         0( 0.00%)   ( 0.00%) 
[NR-eGR]      M2 ( 2)       793( 0.81%)        19( 0.02%)         0( 0.00%)         0( 0.00%)   ( 0.83%) 
[NR-eGR]      C1 ( 3)       305( 0.31%)         5( 0.01%)         0( 0.00%)         0( 0.00%)   ( 0.32%) 
[NR-eGR]      C2 ( 4)        55( 0.06%)        10( 0.01%)         0( 0.00%)         0( 0.00%)   ( 0.07%) 
[NR-eGR]      C3 ( 5)        25( 0.03%)         5( 0.01%)         0( 0.00%)         0( 0.00%)   ( 0.03%) 
[NR-eGR]      C4 ( 6)        53( 0.05%)        22( 0.02%)         6( 0.01%)         3( 0.00%)   ( 0.09%) 
[NR-eGR]      BA ( 7)        14( 0.01%)         1( 0.00%)         0( 0.00%)         0( 0.00%)   ( 0.02%) 
[NR-eGR]      BB ( 8)         7( 0.01%)        19( 0.02%)         2( 0.00%)         1( 0.00%)   ( 0.03%) 
[NR-eGR]      JA ( 9)         0( 0.00%)         0( 0.00%)         0( 0.00%)         0( 0.00%)   ( 0.00%) 
[NR-eGR]      JB (10)         0( 0.00%)         0( 0.00%)         0( 0.00%)         0( 0.00%)   ( 0.00%) 
[NR-eGR]      LB (11)         0( 0.00%)         0( 0.00%)         0( 0.00%)         0( 0.00%)   ( 0.00%) 
[NR-eGR] -------------------------------------------------------------------------------------------------
[NR-eGR]        Total      1252( 0.17%)        81( 0.01%)         8( 0.00%)         4( 0.00%)   ( 0.18%) 
[NR-eGR] 
[NR-eGR] Overflow after Early Global Route 0.05% H + 0.02% V
[NR-eGR]             Length (um)    Vias 
[NR-eGR] --------------------------------
[NR-eGR]  M1  (1V)             0  108486 
[NR-eGR]  M2  (2H)         69014  212859 
[NR-eGR]  C1  (3V)        121379   55477 
[NR-eGR]  C2  (4H)         84085   21680 
[NR-eGR]  C3  (5V)         91613    6979 
[NR-eGR]  C4  (6H)         42012    2232 
[NR-eGR]  BA  (7V)         23083     993 
[NR-eGR]  BB  (8H)          9181      30 
[NR-eGR]  JA  (9V)             2       0 
[NR-eGR]  JB  (10H)            0       0 
[NR-eGR]  LB  (11V)            0       0 
[NR-eGR] --------------------------------
[NR-eGR]      Total       440370  408736 
[NR-eGR] --------------------------------------------------------------------------
[NR-eGR] Total half perimeter of net bounding box: 354932um
[NR-eGR] Total length: 440370um, number of vias: 408736
[NR-eGR] --------------------------------------------------------------------------
[NR-eGR] Total eGR-routed clock nets wire length: 0um, number of vias: 0
[NR-eGR] --------------------------------------------------------------------------
[NR-eGR] Finished Early Global Route kernel ( CPU: 7.42 sec, Real: 2.52 sec, Curr Mem: 4195.69 MB )
      Route Remaining Unrouted Nets done. (took cpu=0:00:07.5 real=0:00:02.6)
      flow.cputime  flow.realtime  timing.setup.tns  timing.setup.wns  snapshot
UM:*                                                                   Route Remaining Unrouted Nets
    Routing using NR in eGR->NR Step done.
Net route status summary:
  Clock:        56 (unrouted=0, trialRouted=0, noStatus=0, routed=0, fixed=56, [crossesIlmBoundary=0, tooFewTerms=0, (crossesIlmBoundary AND tooFewTerms=0)])
  Non-clock: 57039 (unrouted=19718, trialRouted=37321, noStatus=0, routed=0, fixed=0, [crossesIlmBoundary=0, tooFewTerms=19718, (crossesIlmBoundary AND tooFewTerms=0)])

CCOPT: Done with clock implementation routing.

    Leaving CCOpt scope - Routing Tools done. (took cpu=0:02:32 real=0:00:30.2)
  Clock implementation routing done.
  Leaving CCOpt scope - extractRC...
  Updating RC parasitics by calling: "extract_rc -noRouteCheck"...
Extraction called for design 'Silago_bot_left_corner' of instances=35458 and nets=57095 using extraction engine 'pre_route' .
**WARN: (IMPEXT-3530):	The process node is not set. Use the command set_design_mode -process <process node> prior to extraction for maximum accuracy and optimal automatic threshold setting.
Type 'man IMPEXT-3530' for more detail.
pre_route RC Extraction called for design Silago_bot_left_corner.
RC Extraction called in multi-corner(3) mode.
RCMode: PreRoute
      RC Corner Indexes            0       1       2   
Capacitance Scaling Factor   : 1.00000 1.00000 1.00000 
Resistance Scaling Factor    : 1.00000 1.00000 1.00000 
Clock Cap. Scaling Factor    : 1.00000 1.00000 1.00000 
Clock Res. Scaling Factor    : 1.00000 1.00000 1.00000 
Shrink Factor                : 1.00000
PreRoute extraction is honoring NDR/Shielding/ExtraSpace for clock nets.
Using Quantus QRC technology file ...
Updating RC grid for preRoute extraction ...
Initializing multi-corner resistance tables ...
PreRoute RC Extraction DONE (CPU Time: 0:00:01.1  Real Time: 0:00:01.0  MEM: 4152.691M)
  Updating RC parasitics by calling: "extract_rc -noRouteCheck" done.
  Leaving CCOpt scope - extractRC done. (took cpu=0:00:01.1 real=0:00:01.0)
  Clock tree timing engine global stage delay update for WC_dc:setup.late...
  Clock tree timing engine global stage delay update for WC_dc:setup.late done. (took cpu=0:00:00.4 real=0:00:00.1)
  Clock DAG stats after routing clock trees:
    cell counts      : b=55, i=0, icg=0, dcg=0, l=0, total=55
    sink counts      : regular=4808, enable_latch=0, load_capacitance=0, antenna=0, node_sink=0, total=4808
    misc counts      : r=1, pp=0
    cell areas       : b=68.557um^2, i=0.000um^2, icg=0.000um^2, dcg=0.000um^2, l=0.000um^2, total=68.557um^2
    cell capacitance : b=144.676fF, i=0.000fF, icg=0.000fF, dcg=0.000fF, l=0.000fF, total=144.676fF
    sink capacitance : total=3532.075fF, avg=0.735fF, sd=0.034fF, min=0.679fF, max=0.757fF
    wire capacitance : top=0.000fF, trunk=130.689fF, leaf=1304.821fF, total=1435.510fF
    wire lengths     : top=0.000um, trunk=1036.832um, leaf=9517.312um, total=10554.144um
    hp wire lengths  : top=0.000um, trunk=799.048um, leaf=2657.854um, total=3456.902um
  Clock DAG net violations after routing clock trees:
    Remaining Transition : {count=1, worst=[2.4ps]} avg=2.4ps sd=0.0ps sum=2.4ps
  Clock DAG primary half-corner transition distribution after routing clock trees:
    Trunk : target=87.8ps count=7 avg=33.2ps sd=10.4ps min=14.7ps max=42.0ps {7 <= 52.7ps, 0 <= 70.2ps, 0 <= 79.0ps, 0 <= 83.4ps, 0 <= 87.8ps}
    Leaf  : target=87.8ps count=49 avg=80.6ps sd=4.3ps min=69.7ps max=90.2ps {0 <= 52.7ps, 1 <= 70.2ps, 15 <= 79.0ps, 21 <= 83.4ps, 11 <= 87.8ps} {1 <= 92.2ps, 0 <= 96.6ps, 0 <= 105.4ps, 0 <= 131.7ps, 0 > 131.7ps}
  Clock DAG library cell distribution after routing clock trees {count}:
     Bufs: SC8T_BUFX24_CSC28L: 1 SC8T_BUFX20_CSC28L: 4 SC8T_BUFX16_CSC28L: 2 SC8T_BUFX12_CSC28L: 17 SC8T_BUFX10_CSC28L: 31 
  Primary reporting skew groups after routing clock trees:
    skew_group clk/functional: insertion delay [min=200.8, max=245.7, avg=231.5, sd=7.5], skew [44.9 vs 53.8], 100% {200.8, 245.7} (wid=58.3 ws=35.7) (gid=202.0 gs=27.0)
  Skew group summary after routing clock trees:
    skew_group clk/functional: insertion delay [min=200.8, max=245.7, avg=231.5, sd=7.5], skew [44.9 vs 53.8], 100% {200.8, 245.7} (wid=58.3 ws=35.7) (gid=202.0 gs=27.0)
  CCOpt::Phase::Routing done. (took cpu=0:02:34 real=0:00:31.6)
      flow.cputime  flow.realtime  timing.setup.tns  timing.setup.wns  snapshot
UM:*                                                                   CCOpt::Phase::Routing
  CCOpt::Phase::PostConditioning...
  Leaving CCOpt scope - Initializing placement interface...

**Info: (IMPSP-2062): Some of the PG shapes may not be colorized properly in this design, users are required to run command colorizePowerMesh before any placement related commands!
  Leaving CCOpt scope - Initializing placement interface done. (took cpu=0:00:00.2 real=0:00:00.2)
  PostConditioning...
    PostConditioning active optimizations:
     - DRV fixing with initial upsizing, sizing and buffering
     - Skew fixing with sizing
    
    Currently running CTS, using active skew data
    Reset bufferability constraints...
    Resetting previous bufferability status on all nets so that PostConditioning will attempt to fix all clock tree violations.
    Reset bufferability constraints done. (took cpu=0:00:00.0 real=0:00:00.0)
    PostConditioning Upsizing To Fix DRVs...
      Fixing clock tree DRVs with upsizing: ...20% ...40% ...60% ...80% ...100% 
      CCOpt-PostConditioning: considered: 56, tested: 56, violation detected: 1, violation ignored (due to small violation): 0, cannot run: 0, attempted: 1, unsuccessful: 0, sized: 1
      
      Statistics: Fix DRVs (initial upsizing):
      ========================================
      
      Cell changes by Net Type:
      
      ----------------------------------------------------------------------------------------------------------------------------
      Net Type    Attempted            Upsized              Downsized    Swapped Same Size    Total Changed        Not Sized
      ----------------------------------------------------------------------------------------------------------------------------
      top                0                    0                    0            0                    0                    0
      trunk              0                    0                    0            0                    0                    0
      leaf               1 [100.0%]           1 (100.0%)           0            0                    1 (100.0%)           0 (0.0%)
      ----------------------------------------------------------------------------------------------------------------------------
      Total              1 [100.0%]           1 (100.0%)           0            0                    1 (100.0%)           0 (0.0%)
      ----------------------------------------------------------------------------------------------------------------------------
      
      Upsized: 1, Downsized: 0, Sized but same area: 0, Unchanged: 0, Area change: 0.200um^2 (0.291%)
      Max. move: 0.000um, Min. move: 0.000um, Avg. move: 0.000um
      
      Clock DAG stats after 'PostConditioning Upsizing To Fix DRVs':
        cell counts      : b=55, i=0, icg=0, dcg=0, l=0, total=55
        sink counts      : regular=4808, enable_latch=0, load_capacitance=0, antenna=0, node_sink=0, total=4808
        misc counts      : r=1, pp=0
        cell areas       : b=68.756um^2, i=0.000um^2, icg=0.000um^2, dcg=0.000um^2, l=0.000um^2, total=68.756um^2
        cell capacitance : b=145.083fF, i=0.000fF, icg=0.000fF, dcg=0.000fF, l=0.000fF, total=145.083fF
        sink capacitance : total=3532.075fF, avg=0.735fF, sd=0.034fF, min=0.679fF, max=0.757fF
        wire capacitance : top=0.000fF, trunk=130.689fF, leaf=1304.821fF, total=1435.510fF
        wire lengths     : top=0.000um, trunk=1036.832um, leaf=9517.312um, total=10554.144um
        hp wire lengths  : top=0.000um, trunk=799.048um, leaf=2657.854um, total=3456.902um
      Clock DAG net violations after 'PostConditioning Upsizing To Fix DRVs': none
      Clock DAG primary half-corner transition distribution after 'PostConditioning Upsizing To Fix DRVs':
        Trunk : target=87.8ps count=7 avg=33.2ps sd=10.4ps min=14.7ps max=42.0ps {7 <= 52.7ps, 0 <= 70.2ps, 0 <= 79.0ps, 0 <= 83.4ps, 0 <= 87.8ps}
        Leaf  : target=87.8ps count=49 avg=80.3ps sd=4.1ps min=69.7ps max=86.5ps {0 <= 52.7ps, 1 <= 70.2ps, 16 <= 79.0ps, 21 <= 83.4ps, 11 <= 87.8ps}
      Clock DAG library cell distribution after 'PostConditioning Upsizing To Fix DRVs' {count}:
         Bufs: SC8T_BUFX24_CSC28L: 1 SC8T_BUFX20_CSC28L: 4 SC8T_BUFX16_CSC28L: 2 SC8T_BUFX12_CSC28L: 18 SC8T_BUFX10_CSC28L: 30 
      Primary reporting skew groups after 'PostConditioning Upsizing To Fix DRVs':
        skew_group clk/functional: insertion delay [min=200.8, max=245.7], skew [44.9 vs 53.8]
      Skew group summary after 'PostConditioning Upsizing To Fix DRVs':
        skew_group clk/functional: insertion delay [min=200.8, max=245.7], skew [44.9 vs 53.8]
      Legalizer API calls during this step: 5 succeeded with high effort: 5 succeeded with medium effort: 0 succeeded with low effort: 0 succeeded with basic effort: 0 succeeded with basic unbounded effort: 0
    PostConditioning Upsizing To Fix DRVs done. (took cpu=0:00:00.4 real=0:00:00.4)
      flow.cputime  flow.realtime  timing.setup.tns  timing.setup.wns  snapshot
UM:*                                                                   PostConditioning Upsizing To Fix DRVs
    Recomputing CTS skew targets...
    Resolving skew group constraints...
      Solving LP: 1 skew groups; 2 fragments, 2 fraglets and 3 vertices; 25 variables and 66 constraints; tolerance 1
    Resolving skew group constraints done.
    Recomputing CTS skew targets done. (took cpu=0:00:00.5 real=0:00:00.5)
    PostConditioning Fixing DRVs...
      Fixing clock tree DRVs: ...20% ...40% ...60% ...80% ...100% 
      CCOpt-PostConditioning: considered: 56, tested: 56, violation detected: 0, violation ignored (due to small violation): 0, cannot run: 0, attempted: 0, unsuccessful: 0, sized: 0
      
      Statistics: Fix DRVs (cell sizing):
      ===================================
      
      Cell changes by Net Type:
      
      -------------------------------------------------------------------------------------------------
      Net Type    Attempted    Upsized     Downsized    Swapped Same Size    Total Changed    Not Sized
      -------------------------------------------------------------------------------------------------
      top                0            0           0            0                    0                0
      trunk              0            0           0            0                    0                0
      leaf               0            0           0            0                    0                0
      -------------------------------------------------------------------------------------------------
      Total              0            0           0            0                    0                0
      -------------------------------------------------------------------------------------------------
      
      Upsized: 0, Downsized: 0, Sized but same area: 0, Unchanged: 0, Area change: 0.000um^2 (0.000%)
      Max. move: 0.000um, Min. move: 0.000um, Avg. move: N/A
      
      Clock DAG stats after 'PostConditioning Fixing DRVs':
        cell counts      : b=55, i=0, icg=0, dcg=0, l=0, total=55
        sink counts      : regular=4808, enable_latch=0, load_capacitance=0, antenna=0, node_sink=0, total=4808
        misc counts      : r=1, pp=0
        cell areas       : b=68.756um^2, i=0.000um^2, icg=0.000um^2, dcg=0.000um^2, l=0.000um^2, total=68.756um^2
        cell capacitance : b=145.083fF, i=0.000fF, icg=0.000fF, dcg=0.000fF, l=0.000fF, total=145.083fF
        sink capacitance : total=3532.075fF, avg=0.735fF, sd=0.034fF, min=0.679fF, max=0.757fF
        wire capacitance : top=0.000fF, trunk=130.689fF, leaf=1304.821fF, total=1435.510fF
        wire lengths     : top=0.000um, trunk=1036.832um, leaf=9517.312um, total=10554.144um
        hp wire lengths  : top=0.000um, trunk=799.048um, leaf=2657.854um, total=3456.902um
      Clock DAG net violations after 'PostConditioning Fixing DRVs': none
      Clock DAG primary half-corner transition distribution after 'PostConditioning Fixing DRVs':
        Trunk : target=87.8ps count=7 avg=33.2ps sd=10.4ps min=14.7ps max=42.0ps {7 <= 52.7ps, 0 <= 70.2ps, 0 <= 79.0ps, 0 <= 83.4ps, 0 <= 87.8ps}
        Leaf  : target=87.8ps count=49 avg=80.3ps sd=4.1ps min=69.7ps max=86.5ps {0 <= 52.7ps, 1 <= 70.2ps, 16 <= 79.0ps, 21 <= 83.4ps, 11 <= 87.8ps}
      Clock DAG library cell distribution after 'PostConditioning Fixing DRVs' {count}:
         Bufs: SC8T_BUFX24_CSC28L: 1 SC8T_BUFX20_CSC28L: 4 SC8T_BUFX16_CSC28L: 2 SC8T_BUFX12_CSC28L: 18 SC8T_BUFX10_CSC28L: 30 
      Primary reporting skew groups after 'PostConditioning Fixing DRVs':
        skew_group clk/functional: insertion delay [min=200.8, max=245.7], skew [44.9 vs 53.8]
      Skew group summary after 'PostConditioning Fixing DRVs':
        skew_group clk/functional: insertion delay [min=200.8, max=245.7], skew [44.9 vs 53.8]
      Legalizer API calls during this step: 0 succeeded with high effort: 0 succeeded with medium effort: 0 succeeded with low effort: 0 succeeded with basic effort: 0 succeeded with basic unbounded effort: 0
    PostConditioning Fixing DRVs done. (took cpu=0:00:00.1 real=0:00:00.1)
      flow.cputime  flow.realtime  timing.setup.tns  timing.setup.wns  snapshot
UM:*                                                                   PostConditioning Fixing DRVs
    Buffering to fix DRVs...
    Fixing DRVs with route buffering pass 1. Quick buffering: enabled
    Rebuffering to fix clock tree DRVs: ...20% ...40% ...60% ...80% ...100% 
    Inserted 0 buffers and inverters.
    success count. Default: 0, QS: 0, QD: 0, FS: 0, MQS: 0
    CCOpt-PostConditioning: nets considered: 56, nets tested: 56, nets violation detected: 0, nets violation ignored (due to small violation): 0, nets cannot run: 0, nets attempted: 0, nets unsuccessful: 0, buffered: 0
    Clock DAG stats PostConditioning after re-buffering DRV fixing:
      cell counts      : b=55, i=0, icg=0, dcg=0, l=0, total=55
      sink counts      : regular=4808, enable_latch=0, load_capacitance=0, antenna=0, node_sink=0, total=4808
      misc counts      : r=1, pp=0
      cell areas       : b=68.756um^2, i=0.000um^2, icg=0.000um^2, dcg=0.000um^2, l=0.000um^2, total=68.756um^2
      cell capacitance : b=145.083fF, i=0.000fF, icg=0.000fF, dcg=0.000fF, l=0.000fF, total=145.083fF
      sink capacitance : total=3532.075fF, avg=0.735fF, sd=0.034fF, min=0.679fF, max=0.757fF
      wire capacitance : top=0.000fF, trunk=130.689fF, leaf=1304.821fF, total=1435.510fF
      wire lengths     : top=0.000um, trunk=1036.832um, leaf=9517.312um, total=10554.144um
      hp wire lengths  : top=0.000um, trunk=799.048um, leaf=2657.854um, total=3456.902um
    Clock DAG net violations PostConditioning after re-buffering DRV fixing: none
    Clock DAG primary half-corner transition distribution PostConditioning after re-buffering DRV fixing:
      Trunk : target=87.8ps count=7 avg=33.2ps sd=10.4ps min=14.7ps max=42.0ps {7 <= 52.7ps, 0 <= 70.2ps, 0 <= 79.0ps, 0 <= 83.4ps, 0 <= 87.8ps}
      Leaf  : target=87.8ps count=49 avg=80.3ps sd=4.1ps min=69.7ps max=86.5ps {0 <= 52.7ps, 1 <= 70.2ps, 16 <= 79.0ps, 21 <= 83.4ps, 11 <= 87.8ps}
    Clock DAG library cell distribution PostConditioning after re-buffering DRV fixing {count}:
       Bufs: SC8T_BUFX24_CSC28L: 1 SC8T_BUFX20_CSC28L: 4 SC8T_BUFX16_CSC28L: 2 SC8T_BUFX12_CSC28L: 18 SC8T_BUFX10_CSC28L: 30 
    Primary reporting skew groups PostConditioning after re-buffering DRV fixing:
      skew_group clk/functional: insertion delay [min=200.8, max=245.7, avg=231.3, sd=7.4], skew [44.9 vs 53.8], 100% {200.8, 245.7} (wid=58.3 ws=35.7) (gid=202.1 gs=27.1)
    Skew group summary PostConditioning after re-buffering DRV fixing:
      skew_group clk/functional: insertion delay [min=200.8, max=245.7, avg=231.3, sd=7.4], skew [44.9 vs 53.8], 100% {200.8, 245.7} (wid=58.3 ws=35.7) (gid=202.1 gs=27.1)
    Buffering to fix DRVs done. (took cpu=0:00:00.1 real=0:00:00.1)
      flow.cputime  flow.realtime  timing.setup.tns  timing.setup.wns  snapshot
UM:*                                                                   Buffering to fix DRVs
    PostConditioning Fixing Skew by cell sizing...
      Resized 0 clock insts to decrease delay.
      Resized 0 clock insts to increase delay.
      
      Statistics: Fix Skew (cell sizing):
      ===================================
      
      Cell changes by Net Type:
      
      -------------------------------------------------------------------------------------------------
      Net Type    Attempted    Upsized     Downsized    Swapped Same Size    Total Changed    Not Sized
      -------------------------------------------------------------------------------------------------
      top                0            0           0            0                    0                0
      trunk              0            0           0            0                    0                0
      leaf               0            0           0            0                    0                0
      -------------------------------------------------------------------------------------------------
      Total              0            0           0            0                    0                0
      -------------------------------------------------------------------------------------------------
      
      Upsized: 0, Downsized: 0, Sized but same area: 0, Unchanged: 0, Area change: 0.000um^2 (0.000%)
      Max. move: 0.000um, Min. move: 0.000um, Avg. move: N/A
      
      Clock DAG stats after 'PostConditioning Fixing Skew by cell sizing':
        cell counts      : b=55, i=0, icg=0, dcg=0, l=0, total=55
        sink counts      : regular=4808, enable_latch=0, load_capacitance=0, antenna=0, node_sink=0, total=4808
        misc counts      : r=1, pp=0
        cell areas       : b=68.756um^2, i=0.000um^2, icg=0.000um^2, dcg=0.000um^2, l=0.000um^2, total=68.756um^2
        cell capacitance : b=145.083fF, i=0.000fF, icg=0.000fF, dcg=0.000fF, l=0.000fF, total=145.083fF
        sink capacitance : total=3532.075fF, avg=0.735fF, sd=0.034fF, min=0.679fF, max=0.757fF
        wire capacitance : top=0.000fF, trunk=130.689fF, leaf=1304.821fF, total=1435.510fF
        wire lengths     : top=0.000um, trunk=1036.832um, leaf=9517.312um, total=10554.144um
        hp wire lengths  : top=0.000um, trunk=799.048um, leaf=2657.854um, total=3456.902um
      Clock DAG net violations after 'PostConditioning Fixing Skew by cell sizing': none
      Clock DAG primary half-corner transition distribution after 'PostConditioning Fixing Skew by cell sizing':
        Trunk : target=87.8ps count=7 avg=33.2ps sd=10.4ps min=14.7ps max=42.0ps {7 <= 52.7ps, 0 <= 70.2ps, 0 <= 79.0ps, 0 <= 83.4ps, 0 <= 87.8ps}
        Leaf  : target=87.8ps count=49 avg=80.3ps sd=4.1ps min=69.7ps max=86.5ps {0 <= 52.7ps, 1 <= 70.2ps, 16 <= 79.0ps, 21 <= 83.4ps, 11 <= 87.8ps}
      Clock DAG library cell distribution after 'PostConditioning Fixing Skew by cell sizing' {count}:
         Bufs: SC8T_BUFX24_CSC28L: 1 SC8T_BUFX20_CSC28L: 4 SC8T_BUFX16_CSC28L: 2 SC8T_BUFX12_CSC28L: 18 SC8T_BUFX10_CSC28L: 30 
      Primary reporting skew groups after 'PostConditioning Fixing Skew by cell sizing':
        skew_group clk/functional: insertion delay [min=200.8, max=245.7, avg=231.3, sd=7.4], skew [44.9 vs 53.8], 100% {200.8, 245.7} (wid=58.3 ws=35.7) (gid=202.1 gs=27.1)
      Skew group summary after 'PostConditioning Fixing Skew by cell sizing':
        skew_group clk/functional: insertion delay [min=200.8, max=245.7, avg=231.3, sd=7.4], skew [44.9 vs 53.8], 100% {200.8, 245.7} (wid=58.3 ws=35.7) (gid=202.1 gs=27.1)
      Legalizer API calls during this step: 0 succeeded with high effort: 0 succeeded with medium effort: 0 succeeded with low effort: 0 succeeded with basic effort: 0 succeeded with basic unbounded effort: 0
    PostConditioning Fixing Skew by cell sizing done. (took cpu=0:00:00.1 real=0:00:00.1)
      flow.cputime  flow.realtime  timing.setup.tns  timing.setup.wns  snapshot
UM:*                                                                   PostConditioning Fixing Skew by cell sizing
    Reconnecting optimized routes...
    Reset timing graph...
Ignoring AAE DB Resetting ...
    Reset timing graph done.
    Reconnecting optimized routes done. (took cpu=0:00:00.1 real=0:00:00.1)
    Leaving CCOpt scope - Cleaning up placement interface...
    Leaving CCOpt scope - Cleaning up placement interface done. (took cpu=0:00:00.2 real=0:00:00.1)
    Leaving CCOpt scope - ClockRefiner...
    Soft fixed 55 clock instances.
    Performing Single Pass Refine Place.

**Info: (IMPSP-2062): Some of the PG shapes may not be colorized properly in this design, users are required to run command colorizePowerMesh before any placement related commands!
*** Starting place_detail (0:29:39 mem=4151.9M) ***
Total net bbox length = 3.549e+05 (1.636e+05 1.914e+05) (ext = 6.020e+04)

**Info: (IMPSP-2062): Some of the PG shapes may not be colorized properly in this design, users are required to run command colorizePowerMesh before any placement related commands!
Move report: Detail placement moves 1 insts, mean move: 0.64 um, max move: 0.64 um 
	Max move on inst (SILEGO_cell/MTRF_cell/seq_gen/U7907): (69.89, 86.40) --> (69.89, 87.04)
	Runtime: CPU: 0:00:03.4 REAL: 0:00:02.0 MEM: 4127.2MB
Summary Report:
Instances move: 1 (out of 35458 movable)
Instances flipped: 0
Mean displacement: 0.64 um
Max displacement: 0.64 um (Instance: SILEGO_cell/MTRF_cell/seq_gen/U7907) (69.888, 86.4) -> (69.888, 87.04)
	Length: 2 sites, height: 1 rows, site name: SC8T_104CPP_CMOS22FDX, cell type: SC8T_INVX0P5_CSC28L
Total net bbox length = 3.549e+05 (1.636e+05 1.914e+05) (ext = 6.020e+04)
Runtime: CPU: 0:00:03.4 REAL: 0:00:02.0 MEM: 4127.2MB
*** Finished place_detail (0:29:43 mem=4127.2M) ***
    ClockRefiner summary
    All clock instances: Moved 0, flipped 0 and cell swapped 0 (out of a total of 4863).
    Restoring place_status_cts on 55 clock instances.
    Leaving CCOpt scope - ClockRefiner done. (took cpu=0:00:03.8 real=0:00:01.6)
  PostConditioning done.
Net route status summary:
  Clock:        56 (unrouted=0, trialRouted=0, noStatus=0, routed=0, fixed=56, [crossesIlmBoundary=0, tooFewTerms=0, (crossesIlmBoundary AND tooFewTerms=0)])
  Non-clock: 57039 (unrouted=19718, trialRouted=37321, noStatus=0, routed=0, fixed=0, [crossesIlmBoundary=0, tooFewTerms=19718, (crossesIlmBoundary AND tooFewTerms=0)])
  Update timing and DAG stats after post-conditioning...
  Update timing and DAG stats after post-conditioning done. (took cpu=0:00:00.0 real=0:00:00.0)
  Clock tree timing engine global stage delay update for WC_dc:setup.late...
  Clock tree timing engine global stage delay update for WC_dc:setup.late done. (took cpu=0:00:00.3 real=0:00:00.1)
  Clock DAG stats after post-conditioning:
    cell counts      : b=55, i=0, icg=0, dcg=0, l=0, total=55
    sink counts      : regular=4808, enable_latch=0, load_capacitance=0, antenna=0, node_sink=0, total=4808
    misc counts      : r=1, pp=0
    cell areas       : b=68.756um^2, i=0.000um^2, icg=0.000um^2, dcg=0.000um^2, l=0.000um^2, total=68.756um^2
    cell capacitance : b=145.083fF, i=0.000fF, icg=0.000fF, dcg=0.000fF, l=0.000fF, total=145.083fF
    sink capacitance : total=3532.075fF, avg=0.735fF, sd=0.034fF, min=0.679fF, max=0.757fF
    wire capacitance : top=0.000fF, trunk=130.689fF, leaf=1304.821fF, total=1435.510fF
    wire lengths     : top=0.000um, trunk=1036.832um, leaf=9517.312um, total=10554.144um
    hp wire lengths  : top=0.000um, trunk=799.048um, leaf=2657.854um, total=3456.902um
  Clock DAG net violations after post-conditioning: none
  Clock DAG primary half-corner transition distribution after post-conditioning:
    Trunk : target=87.8ps count=7 avg=33.2ps sd=10.4ps min=14.7ps max=42.0ps {7 <= 52.7ps, 0 <= 70.2ps, 0 <= 79.0ps, 0 <= 83.4ps, 0 <= 87.8ps}
    Leaf  : target=87.8ps count=49 avg=80.3ps sd=4.1ps min=69.7ps max=86.5ps {0 <= 52.7ps, 1 <= 70.2ps, 16 <= 79.0ps, 21 <= 83.4ps, 11 <= 87.8ps}
  Clock DAG library cell distribution after post-conditioning {count}:
     Bufs: SC8T_BUFX24_CSC28L: 1 SC8T_BUFX20_CSC28L: 4 SC8T_BUFX16_CSC28L: 2 SC8T_BUFX12_CSC28L: 18 SC8T_BUFX10_CSC28L: 30 
  Primary reporting skew groups after post-conditioning:
    skew_group clk/functional: insertion delay [min=200.8, max=245.7, avg=231.3, sd=7.4], skew [44.9 vs 53.8], 100% {200.8, 245.7} (wid=58.3 ws=35.7) (gid=202.1 gs=27.1)
  Skew group summary after post-conditioning:
    skew_group clk/functional: insertion delay [min=200.8, max=245.7, avg=231.3, sd=7.4], skew [44.9 vs 53.8], 100% {200.8, 245.7} (wid=58.3 ws=35.7) (gid=202.1 gs=27.1)
  CCOpt::Phase::PostConditioning done. (took cpu=0:00:07.1 real=0:00:04.4)
      flow.cputime  flow.realtime  timing.setup.tns  timing.setup.wns  snapshot
UM:*                                                                   CCOpt::Phase::PostConditioning
  Post-balance tidy up or trial balance steps...
  
  Clock DAG stats at end of CTS:
  ==============================
  
  --------------------------------------------------------
  Cell type                 Count    Area      Capacitance
  --------------------------------------------------------
  Buffers                    55      68.756      145.083
  Inverters                   0       0.000        0.000
  Integrated Clock Gates      0       0.000        0.000
  Discrete Clock Gates        0       0.000        0.000
  Clock Logic                 0       0.000        0.000
  All                        55      68.756      145.083
  --------------------------------------------------------
  
  
  Clock DAG sink counts at end of CTS:
  ====================================
  
  -------------------------
  Sink type           Count
  -------------------------
  Regular             4808
  Enable Latch           0
  Load Capacitance       0
  Antenna Diode          0
  Node Sink              0
  Total               4808
  -------------------------
  
  
  Clock DAG wire lengths at end of CTS:
  =====================================
  
  --------------------
  Type     Wire Length
  --------------------
  Top           0.000
  Trunk      1036.832
  Leaf       9517.312
  Total     10554.144
  --------------------
  
  
  Clock DAG hp wire lengths at end of CTS:
  ========================================
  
  -----------------------
  Type     hp Wire Length
  -----------------------
  Top            0.000
  Trunk        799.048
  Leaf        2657.854
  Total       3456.902
  -----------------------
  
  
  Clock DAG capacitances at end of CTS:
  =====================================
  
  -----------------------------------------
  Type     Gate        Wire        Total
  -----------------------------------------
  Top         0.000       0.000       0.000
  Trunk     145.083     130.689     275.772
  Leaf     3532.075    1304.821    4836.896
  Total    3677.159    1435.510    5112.668
  -----------------------------------------
  
  
  Clock DAG sink capacitances at end of CTS:
  ==========================================
  
  --------------------------------------------------
  Total       Average    Std. Dev.    Min      Max
  --------------------------------------------------
  3532.075     0.735       0.034      0.679    0.757
  --------------------------------------------------
  
  
  Clock DAG net violations at end of CTS:
  =======================================
  
  None
  
  
  Clock DAG primary half-corner transition distribution at end of CTS:
  ====================================================================
  
  ----------------------------------------------------------------------------------------------------------------------------------------------------------
  Net Type    Target    Count    Average    Std. Dev.    Min     Max     Distribution                                                            Over Target
  ----------------------------------------------------------------------------------------------------------------------------------------------------------
  Trunk        87.8       7       33.2        10.4       14.7    42.0    {7 <= 52.7ps, 0 <= 70.2ps, 0 <= 79.0ps, 0 <= 83.4ps, 0 <= 87.8ps}            -
  Leaf         87.8      49       80.3         4.1       69.7    86.5    {0 <= 52.7ps, 1 <= 70.2ps, 16 <= 79.0ps, 21 <= 83.4ps, 11 <= 87.8ps}         -
  ----------------------------------------------------------------------------------------------------------------------------------------------------------
  
  
  Clock DAG library cell distribution at end of CTS:
  ==================================================
  
  ---------------------------------------------------
  Name                  Type      Inst     Inst Area 
                                  Count    (um^2)
  ---------------------------------------------------
  SC8T_BUFX24_CSC28L    buffer      1         2.463
  SC8T_BUFX20_CSC28L    buffer      4         8.253
  SC8T_BUFX16_CSC28L    buffer      2         3.328
  SC8T_BUFX12_CSC28L    buffer     18        22.764
  SC8T_BUFX10_CSC28L    buffer     30        31.949
  ---------------------------------------------------
  
  
  Primary reporting skew groups summary at end of CTS:
  ====================================================
  
  ---------------------------------------------------------------------------------------------------------------------------------------------------------------
  Half-corner         Skew Group        Min ID    Max ID    Skew    Skew target    Wire skew    Worst sink skew    Average ID    Std.Dev    Skew window occupancy
  ---------------------------------------------------------------------------------------------------------------------------------------------------------------
  WC_dc:setup.late    clk/functional    200.8     245.7     44.9       53.8          35.7            26.4            231.3         7.4      100% {200.8, 245.7}
  ---------------------------------------------------------------------------------------------------------------------------------------------------------------
  
  
  Skew group summary at end of CTS:
  =================================
  
  ---------------------------------------------------------------------------------------------------------------------------------------------------------------
  Half-corner         Skew Group        Min ID    Max ID    Skew    Skew target    Wire skew    Worst sink skew    Average ID    Std.Dev    Skew window occupancy
  ---------------------------------------------------------------------------------------------------------------------------------------------------------------
  WC_dc:setup.late    clk/functional    200.8     245.7     44.9       53.8          35.7            26.4            231.3         7.4      100% {200.8, 245.7}
  ---------------------------------------------------------------------------------------------------------------------------------------------------------------
  
  
  Found a total of 0 clock tree pins with a slew violation.
  
  Post-balance tidy up or trial balance steps done. (took cpu=0:00:00.2 real=0:00:00.2)
      flow.cputime  flow.realtime  timing.setup.tns  timing.setup.wns  snapshot
UM:*                                                                   Post-balance tidy up or trial balance steps
Synthesizing clock trees done.
Tidy Up And Update Timing...
External - Set all clocks to propagated mode...
Innovus updating I/O latencies
AAE_INFO: opIsDesignInPostRouteState() is 0
#################################################################################
# Design Stage: PreRoute
# Design Name: Silago_bot_left_corner
# Design Mode: 90nm
# Analysis Mode: MMMC Non-OCV 
# Parasitics Mode: No SPEF/RCDB 
# Signoff Settings: SI Off 
#################################################################################
Start delay calculation (fullDC) (8 T). (MEM=47966)
Total number of fetched objects 37456
AAE_INFO: Total number of nets for which stage creation was skipped for all views 0
Total number of fetched objects 37456
AAE_INFO: Total number of nets for which stage creation was skipped for all views 0
Total number of fetched objects 37456
AAE_INFO: Total number of nets for which stage creation was skipped for all views 0
End delay calculation. (MEM=48344.4 CPU=0:00:03.7 REAL=0:00:01.0)
End delay calculation (fullDC). (MEM=48344.4 CPU=0:00:10.3 REAL=0:00:03.0)
	Clock: clk, View: AVF_RCTYP, Ideal Latency: 0, Propagated Latency: 170.49
	 Executing: set_clock_latency -source -early -min -rise -170.49 [get_pins clk]
	Clock: clk, View: AVF_RCTYP, Ideal Latency: 0, Propagated Latency: 170.49
	 Executing: set_clock_latency -source -late -min -rise -170.49 [get_pins clk]
	Clock: clk, View: AVF_RCTYP, Ideal Latency: 0, Propagated Latency: 165.623
	 Executing: set_clock_latency -source -early -min -fall -165.623 [get_pins clk]
	Clock: clk, View: AVF_RCTYP, Ideal Latency: 0, Propagated Latency: 165.623
	 Executing: set_clock_latency -source -late -min -fall -165.623 [get_pins clk]
	Clock: clk, View: AVF_RCBEST, Ideal Latency: 0, Propagated Latency: 171.827
	 Executing: set_clock_latency -source -early -min -rise -171.827 [get_pins clk]
	Clock: clk, View: AVF_RCBEST, Ideal Latency: 0, Propagated Latency: 171.827
	 Executing: set_clock_latency -source -late -min -rise -171.827 [get_pins clk]
	Clock: clk, View: AVF_RCBEST, Ideal Latency: 0, Propagated Latency: 158.816
	 Executing: set_clock_latency -source -early -min -fall -158.816 [get_pins clk]
	Clock: clk, View: AVF_RCBEST, Ideal Latency: 0, Propagated Latency: 158.816
	 Executing: set_clock_latency -source -late -min -fall -158.816 [get_pins clk]
	Clock: clk, View: AVF_RCWORST, Ideal Latency: 0, Propagated Latency: 245.676
	 Executing: set_clock_latency -source -early -max -rise -245.676 [get_pins clk]
	Clock: clk, View: AVF_RCWORST, Ideal Latency: 0, Propagated Latency: 245.676
	 Executing: set_clock_latency -source -late -max -rise -245.676 [get_pins clk]
	Clock: clk, View: AVF_RCWORST, Ideal Latency: 0, Propagated Latency: 240.195
	 Executing: set_clock_latency -source -early -max -fall -240.195 [get_pins clk]
	Clock: clk, View: AVF_RCWORST, Ideal Latency: 0, Propagated Latency: 240.195
	 Executing: set_clock_latency -source -late -max -fall -240.195 [get_pins clk]
Setting all clocks to propagated mode.
External - Set all clocks to propagated mode done. (took cpu=0:00:20.8 real=0:00:05.6)
Clock DAG stats after update timingGraph:
  cell counts      : b=55, i=0, icg=0, dcg=0, l=0, total=55
  sink counts      : regular=4808, enable_latch=0, load_capacitance=0, antenna=0, node_sink=0, total=4808
  misc counts      : r=1, pp=0
  cell areas       : b=68.756um^2, i=0.000um^2, icg=0.000um^2, dcg=0.000um^2, l=0.000um^2, total=68.756um^2
  cell capacitance : b=145.083fF, i=0.000fF, icg=0.000fF, dcg=0.000fF, l=0.000fF, total=145.083fF
  sink capacitance : total=3532.075fF, avg=0.735fF, sd=0.034fF, min=0.679fF, max=0.757fF
  wire capacitance : top=0.000fF, trunk=130.689fF, leaf=1304.821fF, total=1435.510fF
  wire lengths     : top=0.000um, trunk=1036.832um, leaf=9517.312um, total=10554.144um
  hp wire lengths  : top=0.000um, trunk=799.048um, leaf=2657.854um, total=3456.902um
Clock DAG net violations after update timingGraph: none
Clock DAG primary half-corner transition distribution after update timingGraph:
  Trunk : target=87.8ps count=7 avg=33.2ps sd=10.4ps min=14.7ps max=42.0ps {7 <= 52.7ps, 0 <= 70.2ps, 0 <= 79.0ps, 0 <= 83.4ps, 0 <= 87.8ps}
  Leaf  : target=87.8ps count=49 avg=80.3ps sd=4.1ps min=69.7ps max=86.5ps {0 <= 52.7ps, 1 <= 70.2ps, 16 <= 79.0ps, 21 <= 83.4ps, 11 <= 87.8ps}
Clock DAG library cell distribution after update timingGraph {count}:
   Bufs: SC8T_BUFX24_CSC28L: 1 SC8T_BUFX20_CSC28L: 4 SC8T_BUFX16_CSC28L: 2 SC8T_BUFX12_CSC28L: 18 SC8T_BUFX10_CSC28L: 30 
Primary reporting skew groups after update timingGraph:
  skew_group clk/functional: insertion delay [min=200.8, max=245.7, avg=231.3, sd=7.4], skew [44.9 vs 53.8], 100% {200.8, 245.7} (wid=58.3 ws=35.7) (gid=202.1 gs=27.1)
Skew group summary after update timingGraph:
  skew_group clk/functional: insertion delay [min=200.8, max=245.7, avg=231.3, sd=7.4], skew [44.9 vs 53.8], 100% {200.8, 245.7} (wid=58.3 ws=35.7) (gid=202.1 gs=27.1)
Logging CTS constraint violations...
  No violations found.
Logging CTS constraint violations done.
Tidy Up And Update Timing done. (took cpu=0:00:21.5 real=0:00:06.3)
      flow.cputime  flow.realtime  timing.setup.tns  timing.setup.wns  snapshot
UM:*                                                                   Tidy Up And Update Timing
Copying last skew targets (including wire skew targets) from clk/functional to clk/functional_AVF_RCTYP (the duplicate skew group).
Copying last insertion target (including wire insertion delay target) from clk/functional to clk/functional_AVF_RCTYP (the duplicate skew group).
Copying last skew targets (including wire skew targets) from clk/functional to clk/functional_AVF_RCWORST (the duplicate skew group).
Copying last insertion target (including wire insertion delay target) from clk/functional to clk/functional_AVF_RCWORST (the duplicate skew group).
Runtime done. (took cpu=0:05:08 real=0:02:09)
Runtime Summary
===============
Clock Runtime:  (55%) Core CTS          63.74 (Init 8.37, Construction 15.98, Implementation 29.94, eGRPC 3.16, PostConditioning 2.87, Other 3.40)
Clock Runtime:  (32%) CTS services      37.60 (RefinePlace 5.94, EarlyGlobalClock 3.43, NanoRoute 25.44, ExtractRC 2.79, TimingAnalysis 0.00)
Clock Runtime:  (11%) Other CTS         13.49 (Init 2.53, CongRepair/EGR-DP 5.32, TimingUpdate 5.64, Other 0.00)
Clock Runtime: (100%) Total            114.83

*** CTS #1 [finish] (ccopt_design #1) : cpu/real = 0:04:55.3/0:01:56.2 (2.5), totSession cpu/real = 0:30:06.0/0:08:54.6 (3.4), mem = 48260.3M
Synthesizing clock trees with CCOpt done.
      flow.cputime  flow.realtime  timing.setup.tns  timing.setup.wns  snapshot
UM:*                                                                   cts
**WARN: (IMPSP-9025):	No scan chain specified/traced.
Type 'man IMPSP-9025' for more detail.
**opt_design ... cpu = 0:00:00, real = 0:00:00, mem = 2662.8M, totSessionCpu=0:30:06 **
GigaOpt running with 8 threads.
*** InitOpt #1 [begin] (ccopt_design #1) : totSession cpu/real = 0:30:06.4/0:08:54.8 (3.4), mem = 10365.3M
**INFO: set_db design_flow_effort standard -> setting 'set_db opt_all_end_points true' for the duration of this command.
Need call spDPlaceInit before registerPrioInstLoc.

**Info: (IMPSP-2062): Some of the PG shapes may not be colorized properly in this design, users are required to run command colorizePowerMesh before any placement related commands!
Setting timing_disable_library_data_to_data_checks to 'true'.
Setting timing_disable_user_data_to_data_checks to 'true'.
**opt_design ... cpu = 0:00:11, real = 0:00:06, mem = 2606.2M, totSessionCpu=0:30:17 **
*** opt_design -post_cts ***
DRC Margin: user margin 0.0; extra margin 0.2
Hold Target Slack: user slack 0
Setup Target Slack: user slack 0; extra slack 0.0
set_db opt_useful_skew_eco_route false
No user sequential activity specified, applying default sequential activity of "0.2" for Dynamic Power reporting.
'set_default_switching_activity' finished successfully.

Multi-VT timing optimization disabled based on library information.
Start to check current routing status for nets...
All nets are already routed correctly.
End to check current routing status for nets (mem=4072.2M)
AAE DB initialization (MEM=4127.85 CPU=0:00:00.1 REAL=0:00:00.0) 

Footprint cell information for calculating maxBufDist
*info: There are 21 candidate Buffer cells
*info: There are 20 candidate Inverter cells

Compute RC Scale Done ...

Starting delay calculation for Setup views
AAE_INFO: opIsDesignInPostRouteState() is 0
#################################################################################
# Design Stage: PreRoute
# Design Name: Silago_bot_left_corner
# Design Mode: 90nm
# Analysis Mode: MMMC Non-OCV 
# Parasitics Mode: No SPEF/RCDB 
# Signoff Settings: SI Off 
#################################################################################
Calculate delays in BcWc mode...
Start delay calculation (fullDC) (8 T). (MEM=4275.68)
Total number of fetched objects 37456
AAE_INFO: Total number of nets for which stage creation was skipped for all views 0
End delay calculation. (MEM=4764.46 CPU=0:00:16.6 REAL=0:00:03.0)
End delay calculation (fullDC). (MEM=4764.46 CPU=0:00:20.6 REAL=0:00:05.0)
*** Done Building Timing Graph (cpu=0:00:27.5 real=0:00:07.0 totSessionCpu=0:30:52 mem=4700.5M)

------------------------------------------------------------------
             Initial Summary
------------------------------------------------------------------

Setup views included:
 AVF_RCWORST 

+--------------------+---------+---------+---------+
|     Setup mode     |   all   | reg2reg | default |
+--------------------+---------+---------+---------+
|           WNS (ns):| -9.472  | -9.472  | -7.223  |
|           TNS (ns):|-531.390 |-273.868 |-453.845 |
|    Violating Paths:|   174   |   36    |   171   |
|          All Paths:|  5042   |  4770   |  3329   |
+--------------------+---------+---------+---------+

+----------------+-------------------------------+------------------+
|                |              Real             |       Total      |
|    DRVs        +------------------+------------+------------------|
|                |  Nr nets(terms)  | Worst Vio  |  Nr nets(terms)  |
+----------------+------------------+------------+------------------+
|   max_cap      |    763 (827)     |   -5.804   |    763 (827)     |
|   max_tran     |   2692 (28647)   |   -7.199   |   2692 (28748)   |
|   max_fanout   |      0 (0)       |     0      |      0 (0)       |
|   max_length   |      0 (0)       |     0      |      0 (0)       |
+----------------+------------------+------------+------------------+


Density: 53.918%
------------------------------------------------------------------
**opt_design ... cpu = 0:00:48, real = 0:00:21, mem = 2590.8M, totSessionCpu=0:30:54 **
*** InitOpt #1 [finish] (ccopt_design #1) : cpu/real = 0:00:47.6/0:00:20.3 (2.3), totSession cpu/real = 0:30:54.0/0:09:15.1 (3.3), mem = 4438.5M
** INFO : this run is activating low effort ccoptDesign flow

**Info: (IMPSP-2062): Some of the PG shapes may not be colorized properly in this design, users are required to run command colorizePowerMesh before any placement related commands!
OPTC: m1 20.0 20.0
#optDebug: fT-E <X 2 0 0 1>
-congRepairInPostCTS false                 # bool, default=false, private
GigaOpt Checkpoint: Internal congRefineRouteType -postCTS -congThreshold 0.001 -rescheduleForCongestion -numThreads 8 -resetVeryShortNets -resetShortNets -useSpineBased -rescheduleForAdherence -minSlack 21.2
Begin: GigaOpt Route Type Constraints Refinement
*** CongRefineRouteType #1 [begin] (ccopt_design #1) : totSession cpu/real = 0:30:59.4/0:09:16.8 (3.3), mem = 4406.5M
Updated routing constraints on 0 nets.
Bottom Preferred Layer:
+-----------+------------+----------+
|   Layer   |    CLK     |   Rule   |
+-----------+------------+----------+
| C1 (z=3)  |         56 | default  |
+-----------+------------+----------+
Via Pillar Rule:
    None
*** CongRefineRouteType #1 [finish] (ccopt_design #1) : cpu/real = 0:00:00.4/0:00:00.3 (1.3), totSession cpu/real = 0:30:59.8/0:09:17.1 (3.3), mem = 4438.5M
End: GigaOpt Route Type Constraints Refinement
*** SimplifyNetlist #1 [begin] (ccopt_design #1) : totSession cpu/real = 0:30:59.8/0:09:17.1 (3.3), mem = 4438.5M
Info: 56 nets with fixed/cover wires excluded.
Info: 56 clock nets excluded from IPO operation.

**Info: (IMPSP-2062): Some of the PG shapes may not be colorized properly in this design, users are required to run command colorizePowerMesh before any placement related commands!
Usable buffer cells for single buffer setup transform:
SC8T_BUFX0P5_A_CSC28L SC8T_BUFX2_CSC28L SC8T_BUFX1P5_CSC28L SC8T_CKBUFX2_CSC28L SC8T_BUFX3_CSC28L SC8T_BUFX4_MR_CSC28L SC8T_BUFX4_CSC28L SC8T_CKBUFX4_CSC28L SC8T_BUFX6_CSC28L SC8T_CKBUFX6_CSC28L SC8T_BUFX8_CSC28L SC8T_CKBUFX8_CSC28L SC8T_CKBUFX10_CSC28L SC8T_BUFX12_CSC28L SC8T_CKBUFX12_CSC28L SC8T_BUFX16_CSC28L SC8T_CKBUFX16_CSC28L SC8T_BUFX20_CSC28L SC8T_CKBUFX20_CSC28L SC8T_BUFX24_CSC28L SC8T_CKBUFX24_CSC28L 
Number of usable buffer cells above: 21

Netlist preparation processing... 
Removed 137 instances
*info: Marking 0 isolation instances dont touch
*info: Marking 0 level shifter instances dont touch
*** SimplifyNetlist #1 [finish] (ccopt_design #1) : cpu/real = 0:00:06.4/0:00:05.6 (1.1), totSession cpu/real = 0:31:06.2/0:09:22.7 (3.3), mem = 4454.4M
*** Starting optimizing excluded clock nets MEM= 4454.4M) ***
*info: No excluded clock nets to be optimized.
*** Finished optimizing excluded clock nets (CPU Time= 0:00:00.0  MEM= 4454.4M) ***
*** Starting optimizing excluded clock nets MEM= 4454.4M) ***
*info: No excluded clock nets to be optimized.
*** Finished optimizing excluded clock nets (CPU Time= 0:00:00.0  MEM= 4454.4M) ***
Info: Done creating the CCOpt slew target map.
Begin: GigaOpt high fanout net optimization
GigaOpt HFN: use maxLocalDensity 1.2
GigaOpt Checkpoint: Internal optDRV -useLevelizedBufferTreeOnly -auxMaxFanoutCountLimit 500 -largeScaleFixing -maxIter 1 -maxLocalDensity 1.2 -numThreads 8 -postCTS -preRouteDontEndWithRefinePlaceIncrSteinerRouteDC
*** DrvOpt #1 [begin] (ccopt_design #1) : totSession cpu/real = 0:31:06.3/0:09:22.8 (3.3), mem = 4454.4M
Info: 56 nets with fixed/cover wires excluded.
Info: 56 clock nets excluded from IPO operation.

**Info: (IMPSP-2062): Some of the PG shapes may not be colorized properly in this design, users are required to run command colorizePowerMesh before any placement related commands!
+---------+---------+--------+--------+------------+--------+
| Density | Commits |  WNS   |  TNS   |    Real    |  Mem   |
+---------+---------+--------+--------+------------+--------+
|   53.75%|        -|  -9.329|-526.260|   0:00:00.0| 4840.0M|
|   53.89%|      121|  -9.330|-526.269|   0:00:03.0| 5103.4M|
+---------+---------+--------+--------+------------+--------+

*** Finish post-CTS High Fanout Net Fixing (cpu=0:00:06.8 real=0:00:03.0 mem=5103.4M) ***
Bottom Preferred Layer:
+-----------+------------+----------+
|   Layer   |    CLK     |   Rule   |
+-----------+------------+----------+
| C1 (z=3)  |         56 | default  |
+-----------+------------+----------+
Via Pillar Rule:
    None
*** DrvOpt #1 [finish] (ccopt_design #1) : cpu/real = 0:00:12.2/0:00:05.4 (2.2), totSession cpu/real = 0:31:18.6/0:09:28.3 (3.3), mem = 4542.6M
GigaOpt HFN: restore maxLocalDensity to 0.98
End: GigaOpt high fanout net optimization
Begin: GigaOpt DRV Optimization
GigaOpt Checkpoint: Internal optDRV -max_tran -max_cap -maxLocalDensity 0.98 -numThreads 8 -smallScaleFixing -maxIter 3 -setupTNSCostFactor 3.0 -postCTS
*** DrvOpt #2 [begin] (ccopt_design #1) : totSession cpu/real = 0:31:19.7/0:09:29.2 (3.3), mem = 4542.6M
Info: 56 nets with fixed/cover wires excluded.
Info: 56 clock nets excluded from IPO operation.

**Info: (IMPSP-2062): Some of the PG shapes may not be colorized properly in this design, users are required to run command colorizePowerMesh before any placement related commands!
+-------------------------------------------------------------------------------------------------------------------------------------------------------+
|        max-tran       |        max-cap        |  max-fanout |  max-length |       setup       |        |        |        |       |          |         |
+-------------------------------------------------------------------------------------------------------------------------------------------------------+
| nets | terms|  wViol  | nets | terms|  wViol  | nets | terms| nets | terms|   WNS   |   TNS   |  #Buf  |  #Inv  | #Resize|Density|   Real   |   Mem   |
+-------------------------------------------------------------------------------------------------------------------------------------------------------+
|  3066| 33034|    -7.30|  1009|  1009|    -0.22|     0|     0|     0|     0|    -9.33|  -526.27|       0|       0|       0| 53.89%|          |         |
|   130|  3532|    -1.35|     5|     5|    -0.04|     0|     0|     0|     0|    -6.36|  -251.78|    1403|     514|     325| 55.67%| 0:00:18.0|  5927.8M|
|     0|     0|     0.00|     0|     0|     0.00|     0|     0|     0|     0|    -6.35|  -248.65|       5|       0|     115| 55.70%| 0:00:02.0|  5927.8M|
|     0|     0|     0.00|     0|     0|     0.00|     0|     0|     0|     0|    -6.35|  -248.65|       0|       0|       0| 55.70%| 0:00:00.0|  5927.8M|
+-------------------------------------------------------------------------------------------------------------------------------------------------------+
Bottom Preferred Layer:
+-----------+------------+----------+
|   Layer   |    CLK     |   Rule   |
+-----------+------------+----------+
| C1 (z=3)  |         56 | default  |
+-----------+------------+----------+
Via Pillar Rule:
    None

*** Finish DRV Fixing (cpu=0:01:52 real=0:00:21.0 mem=5927.8M) ***


*** Starting place_detail (0:33:17 mem=5370.8M) ***
Total net bbox length = 3.660e+05 (1.702e+05 1.958e+05) (ext = 3.183e+04)

**Info: (IMPSP-2062): Some of the PG shapes may not be colorized properly in this design, users are required to run command colorizePowerMesh before any placement related commands!
**WARN: (IMPSP-5140):	Global net connect rules have not been created. Added  insts would have no supply connectivity, and would fail DRC.
Type 'man IMPSP-5140' for more detail.
**WARN: (IMPSP-315):	Found 37364 instances insts with no PG Term connections.
Type 'man IMPSP-315' for more detail.
Move report: Detail placement moves 4022 insts, mean move: 0.69 um, max move: 8.84 um 
	Max move on inst (SILEGO_cell/swb/FE_OFC1150_h_bus_dpu_in_out0_4_right_1): (199.78, 94.72) --> (190.94, 94.72)
	Runtime: CPU: 0:00:06.8 REAL: 0:00:03.0 MEM: 5367.8MB
Summary Report:
Instances move: 4022 (out of 37309 movable)
Instances flipped: 253
Mean displacement: 0.69 um
Max displacement: 8.84 um (Instance: SILEGO_cell/swb/FE_OFC1150_h_bus_dpu_in_out0_4_right_1) (199.784, 94.72) -> (190.944, 94.72)
	Length: 2 sites, height: 1 rows, site name: SC8T_104CPP_CMOS22FDX, cell type: SC8T_INVX0P5_CSC28L
Total net bbox length = 3.682e+05 (1.719e+05 1.963e+05) (ext = 3.287e+04)
Runtime: CPU: 0:00:06.9 REAL: 0:00:04.0 MEM: 5367.8MB
*** Finished place_detail (0:33:24 mem=5367.8M) ***
*** maximum move = 8.84 um ***
*** Finished re-routing un-routed nets (5371.8M) ***

**Info: (IMPSP-2062): Some of the PG shapes may not be colorized properly in this design, users are required to run command colorizePowerMesh before any placement related commands!

*** Finish Physical Update (cpu=0:00:09.1 real=0:00:05.0 mem=5371.8M) ***
*** DrvOpt #2 [finish] (ccopt_design #1) : cpu/real = 0:02:07.3/0:00:30.7 (4.2), totSession cpu/real = 0:33:27.0/0:09:59.9 (3.3), mem = 4806.0M
End: GigaOpt DRV Optimization
GigaOpt DRV: restore maxLocalDensity to 0.98
**opt_design ... cpu = 0:03:21, real = 0:01:05, mem = 3072.6M, totSessionCpu=0:33:27 **
Begin: GigaOpt Global Optimization
*info: use new DP (enabled)
GigaOpt Checkpoint: Internal globalOpt -maxLocalDensity 1.2 -numThreads 8 -postCTS -preRouteDontEndWithRefinePlaceIncrSteinerRouteDC -enableHighLayerOpt -maxIter 50 -maxIterForLEPG 50
Info: 56 nets with fixed/cover wires excluded.
Info: 56 clock nets excluded from IPO operation.
*** GlobalOpt #1 [begin] (ccopt_design #1) : totSession cpu/real = 0:33:27.2/0:10:00.1 (3.3), mem = 4806.0M

**Info: (IMPSP-2062): Some of the PG shapes may not be colorized properly in this design, users are required to run command colorizePowerMesh before any placement related commands!
*info: 56 clock nets excluded
*info: 1190 no-driver nets excluded.
*info: 56 nets with fixed/cover wires excluded.
** GigaOpt Global Opt WNS Slack -6.354  TNS Slack -248.652 
+--------+--------+---------+------------+--------+-----------+---------+----------------------------------------------------+
|  WNS   |  TNS   | Density |    Real    |  Mem   |Worst View |Pathgroup|                     End Point                      |
+--------+--------+---------+------------+--------+-----------+---------+----------------------------------------------------+
|  -6.354|-248.652|   55.70%|   0:00:00.0| 5191.5M|AVF_RCWORST|  reg2reg| SILEGO_cell/MTRF_cell/dpu_gen/U_NACU_0/U_divider/d |
|        |        |         |            |        |           |         | ivision/U_DIV/dpu_gen_U_NACU_0_U_divider_division_ |
|        |        |         |            |        |           |         | link211662_r_REG171_S1/D                           |
|  -4.905|-153.577|   55.40%|   0:00:04.0| 5387.7M|AVF_RCWORST|  default| SILEGO_cell/MTRF_cell/dpu_gen/U_NACU_0/U_divider/d |
|        |        |         |            |        |           |         | ivision/U_DIV/dpu_gen_U_NACU_0_U_divider_division_ |
|        |        |         |            |        |           |         | link211662_r_REG171_S1/D                           |
|  -4.141|-123.209|   55.49%|   0:00:03.0| 5390.2M|AVF_RCWORST|  default| SILEGO_cell/MTRF_cell/dpu_gen/U_NACU_0/U_divider/d |
|        |        |         |            |        |           |         | ivision/U_DIV/dpu_gen_U_NACU_0_U_divider_division_ |
|        |        |         |            |        |           |         | link211662_r_REG171_S1/D                           |
|  -4.141|-123.209|   55.49%|   0:00:01.0| 5390.2M|AVF_RCWORST|  default| SILEGO_cell/MTRF_cell/dpu_gen/U_NACU_0/U_divider/d |
|        |        |         |            |        |           |         | ivision/U_DIV/dpu_gen_U_NACU_0_U_divider_division_ |
|        |        |         |            |        |           |         | link211662_r_REG171_S1/D                           |
|  -2.374| -50.812|   55.80%|   0:00:06.0| 5452.3M|AVF_RCWORST|  default| SILEGO_cell/MTRF_cell/dpu_gen/U_NACU_0/U_divider/d |
|        |        |         |            |        |           |         | ivision/U_DIV/dpu_gen_U_NACU_0_U_divider_division_ |
|        |        |         |            |        |           |         | link211662_r_REG171_S1/D                           |
|  -2.188| -44.498|   55.83%|   0:00:04.0| 5454.0M|AVF_RCWORST|  default| SILEGO_cell/MTRF_cell/dpu_gen/U_NACU_0/U_divider/d |
|        |        |         |            |        |           |         | ivision/U_DIV/dpu_gen_U_NACU_0_U_divider_division_ |
|        |        |         |            |        |           |         | link211662_r_REG171_S1/D                           |
|  -2.112| -42.030|   55.87%|   0:00:01.0| 5454.0M|AVF_RCWORST|  default| SILEGO_cell/MTRF_cell/dpu_gen/U_NACU_0/U_divider/d |
|        |        |         |            |        |           |         | ivision/U_DIV/dpu_gen_U_NACU_0_U_divider_division_ |
|        |        |         |            |        |           |         | link211662_r_REG171_S1/D                           |
|  -2.112| -42.030|   55.87%|   0:00:01.0| 5454.0M|AVF_RCWORST|  default| SILEGO_cell/MTRF_cell/dpu_gen/U_NACU_0/U_divider/d |
|        |        |         |            |        |           |         | ivision/U_DIV/dpu_gen_U_NACU_0_U_divider_division_ |
|        |        |         |            |        |           |         | link211662_r_REG171_S1/D                           |
|  -1.562| -23.462|   56.02%|   0:00:02.0| 5454.0M|AVF_RCWORST|  default| SILEGO_cell/MTRF_cell/dpu_gen/U_NACU_0/U_divider/d |
|        |        |         |            |        |           |         | ivision/U_DIV/dpu_gen_U_NACU_0_U_divider_division_ |
|        |        |         |            |        |           |         | link211662_r_REG171_S1/D                           |
|  -1.388| -18.524|   56.03%|   0:00:02.0| 5454.0M|AVF_RCWORST|  default| SILEGO_cell/MTRF_cell/dpu_gen/U_NACU_0/U_divider/d |
|        |        |         |            |        |           |         | ivision/U_DIV/dpu_gen_U_NACU_0_U_divider_division_ |
|        |        |         |            |        |           |         | link211662_r_REG171_S1/D                           |
|  -1.371| -18.060|   56.03%|   0:00:00.0| 5454.0M|AVF_RCWORST|  default| SILEGO_cell/MTRF_cell/dpu_gen/U_NACU_0/U_divider/d |
|        |        |         |            |        |           |         | ivision/U_DIV/dpu_gen_U_NACU_0_U_divider_division_ |
|        |        |         |            |        |           |         | link211662_r_REG171_S1/D                           |
|  -1.371| -18.060|   56.03%|   0:00:01.0| 5454.0M|AVF_RCWORST|  default| SILEGO_cell/MTRF_cell/dpu_gen/U_NACU_0/U_divider/d |
|        |        |         |            |        |           |         | ivision/U_DIV/dpu_gen_U_NACU_0_U_divider_division_ |
|        |        |         |            |        |           |         | link211662_r_REG171_S1/D                           |
|  -1.108| -10.521|   56.09%|   0:00:01.0| 5454.0M|AVF_RCWORST|  default| SILEGO_cell/MTRF_cell/dpu_gen/U_NACU_0/U_divider/d |
|        |        |         |            |        |           |         | ivision/U_DIV/dpu_gen_U_NACU_0_U_divider_division_ |
|        |        |         |            |        |           |         | link211662_r_REG171_S1/D                           |
|  -1.072|  -9.551|   56.10%|   0:00:01.0| 5454.0M|AVF_RCWORST|  default| SILEGO_cell/MTRF_cell/dpu_gen/U_NACU_0/U_divider/d |
|        |        |         |            |        |           |         | ivision/U_DIV/dpu_gen_U_NACU_0_U_divider_division_ |
|        |        |         |            |        |           |         | link211662_r_REG171_S1/D                           |
|  -1.051|  -9.352|   56.10%|   0:00:00.0| 5454.0M|AVF_RCWORST|  default| SILEGO_cell/MTRF_cell/dpu_gen/U_NACU_0/U_divider/d |
|        |        |         |            |        |           |         | ivision/U_DIV/dpu_gen_U_NACU_0_U_divider_division_ |
|        |        |         |            |        |           |         | link211662_r_REG171_S1/D                           |
|  -1.051|  -9.352|   56.10%|   0:00:01.0| 5454.0M|AVF_RCWORST|  default| SILEGO_cell/MTRF_cell/dpu_gen/U_NACU_0/U_divider/d |
|        |        |         |            |        |           |         | ivision/U_DIV/dpu_gen_U_NACU_0_U_divider_division_ |
|        |        |         |            |        |           |         | link211662_r_REG171_S1/D                           |
|  -0.968|  -7.890|   56.12%|   0:00:00.0| 5463.6M|AVF_RCWORST|  default| SILEGO_cell/MTRF_cell/dpu_gen/U_NACU_0/U_divider/d |
|        |        |         |            |        |           |         | ivision/U_DIV/dpu_gen_U_NACU_0_U_divider_division_ |
|        |        |         |            |        |           |         | link211662_r_REG171_S1/D                           |
|  -0.955|  -7.719|   56.13%|   0:00:02.0| 5463.6M|AVF_RCWORST|  default| SILEGO_cell/MTRF_cell/dpu_gen/U_NACU_0/U_divider/d |
|        |        |         |            |        |           |         | ivision/U_DIV/dpu_gen_U_NACU_0_U_divider_division_ |
|        |        |         |            |        |           |         | link211662_r_REG171_S1/D                           |
|  -0.942|  -7.551|   56.14%|   0:00:01.0| 5463.6M|AVF_RCWORST|  default| SILEGO_cell/MTRF_cell/dpu_gen/U_NACU_0/U_divider/d |
|        |        |         |            |        |           |         | ivision/U_DIV/dpu_gen_U_NACU_0_U_divider_division_ |
|        |        |         |            |        |           |         | link211662_r_REG171_S1/D                           |
|  -0.942|  -7.551|   56.14%|   0:00:00.0| 5463.6M|AVF_RCWORST|  default| SILEGO_cell/MTRF_cell/dpu_gen/U_NACU_0/U_divider/d |
|        |        |         |            |        |           |         | ivision/U_DIV/dpu_gen_U_NACU_0_U_divider_division_ |
|        |        |         |            |        |           |         | link211662_r_REG171_S1/D                           |
|  -0.906|  -7.054|   56.15%|   0:00:00.0| 5463.6M|AVF_RCWORST|  default| SILEGO_cell/MTRF_cell/dpu_gen/U_NACU_0/U_divider/d |
|        |        |         |            |        |           |         | ivision/U_DIV/dpu_gen_U_NACU_0_U_divider_division_ |
|        |        |         |            |        |           |         | link211662_r_REG171_S1/D                           |
|  -0.901|  -6.989|   56.16%|   0:00:02.0| 5463.6M|AVF_RCWORST|  default| SILEGO_cell/MTRF_cell/dpu_gen/U_NACU_0/U_divider/d |
|        |        |         |            |        |           |         | ivision/U_DIV/dpu_gen_U_NACU_0_U_divider_division_ |
|        |        |         |            |        |           |         | link211662_r_REG171_S1/D                           |
|  -0.900|  -6.976|   56.16%|   0:00:00.0| 5463.6M|AVF_RCWORST|  default| SILEGO_cell/MTRF_cell/dpu_gen/U_NACU_0/U_divider/d |
|        |        |         |            |        |           |         | ivision/U_DIV/dpu_gen_U_NACU_0_U_divider_division_ |
|        |        |         |            |        |           |         | link211662_r_REG171_S1/D                           |
|  -0.900|  -6.976|   56.16%|   0:00:00.0| 5463.6M|AVF_RCWORST|  default| SILEGO_cell/MTRF_cell/dpu_gen/U_NACU_0/U_divider/d |
|        |        |         |            |        |           |         | ivision/U_DIV/dpu_gen_U_NACU_0_U_divider_division_ |
|        |        |         |            |        |           |         | link211662_r_REG171_S1/D                           |
|  -0.903|  -7.007|   56.18%|   0:00:01.0| 5463.6M|AVF_RCWORST|  default| SILEGO_cell/MTRF_cell/dpu_gen/U_NACU_0/U_divider/d |
|        |        |         |            |        |           |         | ivision/U_DIV/dpu_gen_U_NACU_0_U_divider_division_ |
|        |        |         |            |        |           |         | link211662_r_REG171_S1/D                           |
|  -0.902|  -6.992|   56.19%|   0:00:01.0| 5463.6M|AVF_RCWORST|  default| SILEGO_cell/MTRF_cell/dpu_gen/U_NACU_0/U_divider/d |
|        |        |         |            |        |           |         | ivision/U_DIV/dpu_gen_U_NACU_0_U_divider_division_ |
|        |        |         |            |        |           |         | link211662_r_REG171_S1/D                           |
|  -0.896|  -6.923|   56.20%|   0:00:01.0| 5463.6M|AVF_RCWORST|  default| SILEGO_cell/MTRF_cell/dpu_gen/U_NACU_0/U_divider/d |
|        |        |         |            |        |           |         | ivision/U_DIV/dpu_gen_U_NACU_0_U_divider_division_ |
|        |        |         |            |        |           |         | link211662_r_REG171_S1/D                           |
|  -0.896|  -6.923|   56.20%|   0:00:00.0| 5463.6M|AVF_RCWORST|  default| SILEGO_cell/MTRF_cell/dpu_gen/U_NACU_0/U_divider/d |
|        |        |         |            |        |           |         | ivision/U_DIV/dpu_gen_U_NACU_0_U_divider_division_ |
|        |        |         |            |        |           |         | link211662_r_REG171_S1/D                           |
|  -0.823|  -6.058|   56.21%|   0:00:01.0| 5463.6M|AVF_RCWORST|  default| SILEGO_cell/MTRF_cell/dpu_gen/U_NACU_0/U_divider/d |
|        |        |         |            |        |           |         | ivision/U_DIV/dpu_gen_U_NACU_0_U_divider_division_ |
|        |        |         |            |        |           |         | link211662_r_REG171_S1/D                           |
|  -0.823|  -6.058|   56.22%|   0:00:01.0| 5463.6M|AVF_RCWORST|  default| SILEGO_cell/MTRF_cell/dpu_gen/U_NACU_0/U_divider/d |
|        |        |         |            |        |           |         | ivision/U_DIV/dpu_gen_U_NACU_0_U_divider_division_ |
|        |        |         |            |        |           |         | link211662_r_REG171_S1/D                           |
+--------+--------+---------+------------+--------+-----------+---------+----------------------------------------------------+

*** Finish post-CTS Global Setup Fixing (cpu=0:02:53 real=0:00:38.0 mem=5463.6M) ***

*** Finish post-CTS Setup Fixing (cpu=0:02:53 real=0:00:38.0 mem=5463.6M) ***
Bottom Preferred Layer:
+-----------+------------+----------+
|   Layer   |    CLK     |   Rule   |
+-----------+------------+----------+
| C1 (z=3)  |         56 | default  |
+-----------+------------+----------+
Via Pillar Rule:
    None
** GigaOpt Global Opt End WNS Slack -0.823  TNS Slack -6.058 
*** GlobalOpt #1 [finish] (ccopt_design #1) : cpu/real = 0:03:01.6/0:00:45.9 (4.0), totSession cpu/real = 0:36:28.9/0:10:46.0 (3.4), mem = 4899.7M
End: GigaOpt Global Optimization
*** Timing NOT met, worst failing slack is -0.823
*** Check timing (0:00:00.1)
GigaOpt Checkpoint: Internal reclaim -numThreads 8 -postCTS -doRemoveUselessTerm -tgtSlackMult 3 -routeType -noRouteTypeResizePolish -noViewPrune -weedwhack -nonLegal -nativePathGroupFlow
Info: 56 nets with fixed/cover wires excluded.
Info: 56 clock nets excluded from IPO operation.


**Info: (IMPSP-2062): Some of the PG shapes may not be colorized properly in this design, users are required to run command colorizePowerMesh before any placement related commands!
Begin: Area Reclaim Optimization
*** AreaOpt #1 [begin] (ccopt_design #1) : totSession cpu/real = 0:36:30.1/0:10:47.0 (3.4), mem = 5285.3M
Usable buffer cells for single buffer setup transform:
SC8T_BUFX0P5_A_CSC28L SC8T_BUFX2_CSC28L SC8T_BUFX1P5_CSC28L SC8T_CKBUFX2_CSC28L SC8T_BUFX3_CSC28L SC8T_BUFX4_MR_CSC28L SC8T_BUFX4_CSC28L SC8T_CKBUFX4_CSC28L SC8T_BUFX6_CSC28L SC8T_CKBUFX6_CSC28L SC8T_BUFX8_CSC28L SC8T_CKBUFX8_CSC28L SC8T_CKBUFX10_CSC28L SC8T_BUFX12_CSC28L SC8T_CKBUFX12_CSC28L SC8T_BUFX16_CSC28L SC8T_CKBUFX16_CSC28L SC8T_BUFX20_CSC28L SC8T_CKBUFX20_CSC28L SC8T_BUFX24_CSC28L SC8T_CKBUFX24_CSC28L 
Number of usable buffer cells above: 21
Reclaim Optimization WNS Slack -0.823  TNS Slack -6.058 Density 56.22
+---------+---------+--------+--------+------------+--------+
| Density | Commits |  WNS   |  TNS   |    Real    |  Mem   |
+---------+---------+--------+--------+------------+--------+
|   56.22%|        -|  -0.823|  -6.058|   0:00:00.0| 5287.3M|
|   56.21%|       11|  -0.823|  -6.058|   0:00:05.0| 5479.6M|
|   56.21%|       14|  -0.823|  -6.058|   0:00:06.0| 5479.6M|
|   56.21%|        7|  -0.823|  -6.058|   0:00:04.0| 5479.6M|
|   56.21%|        7|  -0.823|  -6.058|   0:00:04.0| 5479.6M|
|   56.21%|       10|  -0.823|  -6.058|   0:00:04.0| 5479.6M|
|   56.21%|        0|  -0.823|  -6.058|   0:00:01.0| 5479.6M|
|   55.92%|      246|  -0.823|  -6.058|   0:00:03.0| 5479.6M|
|   55.69%|      265|  -0.823|  -6.065|   0:00:04.0| 5479.6M|
|   55.68%|        8|  -0.823|  -6.065|   0:00:00.0| 5479.6M|
|   55.68%|        0|  -0.823|  -6.065|   0:00:00.0| 5479.6M|
|   55.68%|        0|  -0.823|  -6.065|   0:00:01.0| 5479.6M|
+---------+---------+--------+--------+------------+--------+
Reclaim Optimization End WNS Slack -0.823  TNS Slack -6.065 Density 55.68
Bottom Preferred Layer:
+-----------+------------+----------+
|   Layer   |    CLK     |   Rule   |
+-----------+------------+----------+
| C1 (z=3)  |         56 | default  |
+-----------+------------+----------+
Via Pillar Rule:
    None

Number of times islegalLocAvaiable called = 0 skipped = 0, called in commitmove = 0, skipped in commitmove = 0
End: Core Area Reclaim Optimization (cpu = 0:03:19) (real = 0:00:37.0) **
*** AreaOpt #1 [finish] (ccopt_design #1) : cpu/real = 0:03:18.8/0:00:37.1 (5.4), totSession cpu/real = 0:39:48.9/0:11:24.1 (3.5), mem = 5479.6M
Executing incremental physical updates
Executing incremental physical updates
End: Area Reclaim Optimization (cpu=0:03:19, real=0:00:37, mem=4910.71M, totSessionCpu=0:39:49).
Begin: GigaOpt DRV Optimization
GigaOpt Checkpoint: Internal optDRV -max_tran -max_cap -maxLocalDensity 0.98 -numThreads 8 -smallScaleFixing -maxIter 3 -setupTNSCostFactor 3.0 -postCTS
*** DrvOpt #3 [begin] (ccopt_design #1) : totSession cpu/real = 0:39:50.5/0:11:25.5 (3.5), mem = 4910.7M
Info: 56 nets with fixed/cover wires excluded.
Info: 56 clock nets excluded from IPO operation.

**Info: (IMPSP-2062): Some of the PG shapes may not be colorized properly in this design, users are required to run command colorizePowerMesh before any placement related commands!
+-------------------------------------------------------------------------------------------------------------------------------------------------------+
|        max-tran       |        max-cap        |  max-fanout |  max-length |       setup       |        |        |        |       |          |         |
+-------------------------------------------------------------------------------------------------------------------------------------------------------+
| nets | terms|  wViol  | nets | terms|  wViol  | nets | terms| nets | terms|   WNS   |   TNS   |  #Buf  |  #Inv  | #Resize|Density|   Real   |   Mem   |
+-------------------------------------------------------------------------------------------------------------------------------------------------------+
|    11|   100|    -0.11|     0|     0|     0.00|     0|     0|     0|     0|    -0.82|    -6.07|       0|       0|       0| 55.68%|          |         |
|     0|     0|     0.00|     0|     0|     0.00|     0|     0|     0|     0|    -0.82|    -6.07|       8|       0|       3| 55.69%| 0:00:00.0|  5459.1M|
|     0|     0|     0.00|     0|     0|     0.00|     0|     0|     0|     0|    -0.82|    -6.07|       0|       0|       0| 55.69%| 0:00:00.0|  5459.1M|
+-------------------------------------------------------------------------------------------------------------------------------------------------------+
Bottom Preferred Layer:
+-----------+------------+----------+
|   Layer   |    CLK     |   Rule   |
+-----------+------------+----------+
| C1 (z=3)  |         56 | default  |
+-----------+------------+----------+
Via Pillar Rule:
    None

*** Finish DRV Fixing (cpu=0:00:03.8 real=0:00:02.0 mem=5459.1M) ***


*** Starting place_detail (0:40:01 mem=5459.1M) ***
Total net bbox length = 3.683e+05 (1.712e+05 1.972e+05) (ext = 3.320e+04)

**Info: (IMPSP-2062): Some of the PG shapes may not be colorized properly in this design, users are required to run command colorizePowerMesh before any placement related commands!
**WARN: (IMPSP-5140):	Global net connect rules have not been created. Added  insts would have no supply connectivity, and would fail DRC.
Type 'man IMPSP-5140' for more detail.
**WARN: (IMPSP-315):	Found 37099 instances insts with no PG Term connections.
Type 'man IMPSP-315' for more detail.
Move report: Detail placement moves 2139 insts, mean move: 0.41 um, max move: 4.40 um 
	Max move on inst (SILEGO_cell/FE_OFC1411_ext_v_input_bus_in_0_13): (125.22, 199.68) --> (122.10, 198.40)
	Runtime: CPU: 0:00:06.3 REAL: 0:00:03.0 MEM: 5459.2MB
Summary Report:
Instances move: 2139 (out of 37044 movable)
Instances flipped: 134
Mean displacement: 0.41 um
Max displacement: 4.40 um (Instance: SILEGO_cell/FE_OFC1411_ext_v_input_bus_in_0_13) (125.216, 199.68) -> (122.096, 198.4)
	Length: 2 sites, height: 1 rows, site name: SC8T_104CPP_CMOS22FDX, cell type: SC8T_INVX0P5_CSC28L
Total net bbox length = 3.689e+05 (1.715e+05 1.973e+05) (ext = 3.345e+04)
Runtime: CPU: 0:00:06.4 REAL: 0:00:03.0 MEM: 5459.2MB
*** Finished place_detail (0:40:07 mem=5459.2M) ***
*** maximum move = 4.40 um ***
*** Finished re-routing un-routed nets (5459.2M) ***

**Info: (IMPSP-2062): Some of the PG shapes may not be colorized properly in this design, users are required to run command colorizePowerMesh before any placement related commands!

*** Finish Physical Update (cpu=0:00:08.4 real=0:00:05.0 mem=5459.2M) ***
*** DrvOpt #3 [finish] (ccopt_design #1) : cpu/real = 0:00:18.5/0:00:11.2 (1.7), totSession cpu/real = 0:40:09.0/0:11:36.7 (3.5), mem = 4922.4M
End: GigaOpt DRV Optimization
GigaOpt DRV: restore maxLocalDensity to 0.98


------------------------------------------------------------------
     Summary (cpu=0.31min real=0.18min mem=4922.4M)
------------------------------------------------------------------

Setup views included:
 AVF_RCWORST 

+--------------------+---------+---------+---------+
|     Setup mode     |   all   | reg2reg | default |
+--------------------+---------+---------+---------+
|           WNS (ns):| -0.823  |  0.382  | -0.823  |
|           TNS (ns):| -6.066  |  0.000  | -6.066  |
|    Violating Paths:|   21    |    0    |   21    |
|          All Paths:|  5042   |  4770   |  3329   |
+--------------------+---------+---------+---------+

+----------------+-------------------------------+------------------+
|                |              Real             |       Total      |
|    DRVs        +------------------+------------+------------------|
|                |  Nr nets(terms)  | Worst Vio  |  Nr nets(terms)  |
+----------------+------------------+------------+------------------+
|   max_cap      |      0 (0)       |   0.000    |      0 (0)       |
|   max_tran     |      0 (0)       |   0.000    |      0 (0)       |
|   max_fanout   |      0 (0)       |     0      |      0 (0)       |
|   max_length   |      0 (0)       |     0      |      0 (0)       |
+----------------+------------------+------------+------------------+


Density: 55.687%
Routing Overflow: 0.05% H and 0.02% V
------------------------------------------------------------------
**opt_design ... cpu = 0:10:05, real = 0:02:43, mem = 3246.0M, totSessionCpu=0:40:11 **

Active setup views:
 AVF_RCWORST
  Dominating endpoints: 0
  Dominating TNS: -0.000

Begin: GigaOpt Optimization in WNS mode
GigaOpt Checkpoint: Internal optTiming -maxLocalDensity 1.0 -maxLocalDensityForHardenOpt 0.92 -numThreads 8 -postCTS -wtns -integratedAreaOpt -pgMode all -ipoTgtSlackCoef 1.5 -effTgtSlackCoef 1 -nativePathGroupFlow -NDROptEffortAuto -usefulSkew -nonLegalPlaceEcoBumpRecoveryInWNSOpt
Info: 56 nets with fixed/cover wires excluded.
Info: 56 clock nets excluded from IPO operation.
*** WnsOpt #1 [begin] (ccopt_design #1) : totSession cpu/real = 0:40:12.4/0:11:38.8 (3.5), mem = 5096.1M

**Info: (IMPSP-2062): Some of the PG shapes may not be colorized properly in this design, users are required to run command colorizePowerMesh before any placement related commands!
*info: 56 clock nets excluded
*info: 1195 no-driver nets excluded.
*info: 56 nets with fixed/cover wires excluded.
** GigaOpt Optimizer WNS Slack -0.823 TNS Slack -6.065 Density 55.69
OptDebug: Start of Optimizer WNS Pass 0:
+----------+------+------+
|Path Group|   WNS|   TNS|
+----------+------+------+
|default   |-0.823|-6.065|
|reg2reg   | 0.382| 0.000|
|HEPG      | 0.382| 0.000|
|All Paths |-0.823|-6.065|
+----------+------+------+

CCOptDebug: Start of Optimizer WNS Pass 0: reg2reg* WNS 382.1ps TNS 0.0ps; HEPG WNS 382.1ps TNS 0.0ps; all paths WNS -823.4ps TNS -6065.8ps; Real time 0:04:58
Active Path Group: default 
+--------+---------+--------+---------+---------+------------+--------+-----------+---------+----------------------------------------------------+
|  WNS   | All WNS |  TNS   | All TNS | Density |    Real    |  Mem   |Worst View |Pathgroup|                     End Point                      |
+--------+---------+--------+---------+---------+------------+--------+-----------+---------+----------------------------------------------------+
|  -0.823|   -0.823|  -6.065|   -6.065|   55.69%|   0:00:00.0| 5310.0M|AVF_RCWORST|  default| SILEGO_cell/MTRF_cell/dpu_gen/U_NACU_0/U_divider/d |
|        |         |        |         |         |            |        |           |         | ivision/U_DIV/dpu_gen_U_NACU_0_U_divider_division_ |
|        |         |        |         |         |            |        |           |         | link211662_r_REG171_S1/D                           |
|  -0.706|   -0.706|  -4.823|   -4.823|   55.69%|   0:00:01.0| 5465.1M|AVF_RCWORST|  default| SILEGO_cell/MTRF_cell/dpu_gen/U_NACU_0/U_divider/d |
|        |         |        |         |         |            |        |           |         | ivision/U_DIV/dpu_gen_U_NACU_0_U_divider_division_ |
|        |         |        |         |         |            |        |           |         | link211662_r_REG171_S1/D                           |
|  -0.655|   -0.655|  -4.323|   -4.323|   55.69%|   0:00:00.0| 5467.7M|AVF_RCWORST|  default| SILEGO_cell/MTRF_cell/dpu_gen/U_NACU_0/U_divider/d |
|        |         |        |         |         |            |        |           |         | ivision/U_DIV/dpu_gen_U_NACU_0_U_divider_division_ |
|        |         |        |         |         |            |        |           |         | link211662_r_REG171_S1/D                           |
|  -0.626|   -0.626|  -4.064|   -4.064|   55.69%|   0:00:01.0| 5469.2M|AVF_RCWORST|  default| SILEGO_cell/MTRF_cell/dpu_gen/U_NACU_0/U_divider/d |
|        |         |        |         |         |            |        |           |         | ivision/U_DIV/dpu_gen_U_NACU_0_U_divider_division_ |
|        |         |        |         |         |            |        |           |         | link211662_r_REG171_S1/D                           |
|  -0.609|   -0.609|  -3.910|   -3.910|   55.69%|   0:00:00.0| 5470.7M|AVF_RCWORST|  default| SILEGO_cell/MTRF_cell/dpu_gen/U_NACU_0/U_divider/d |
|        |         |        |         |         |            |        |           |         | ivision/U_DIV/dpu_gen_U_NACU_0_U_divider_division_ |
|        |         |        |         |         |            |        |           |         | link211662_r_REG171_S1/D                           |
|  -0.586|   -0.586|  -3.704|   -3.704|   55.69%|   0:00:00.0| 5470.7M|AVF_RCWORST|  default| SILEGO_cell/MTRF_cell/dpu_gen/U_NACU_0/U_divider/d |
|        |         |        |         |         |            |        |           |         | ivision/U_DIV/dpu_gen_U_NACU_0_U_divider_division_ |
|        |         |        |         |         |            |        |           |         | link211662_r_REG171_S1/D                           |
|  -0.538|   -0.538|  -3.310|   -3.310|   55.69%|   0:00:01.0| 5481.8M|AVF_RCWORST|  default| SILEGO_cell/MTRF_cell/dpu_gen/U_NACU_0/U_divider/d |
|        |         |        |         |         |            |        |           |         | ivision/U_DIV/dpu_gen_U_NACU_0_U_divider_division_ |
|        |         |        |         |         |            |        |           |         | link211662_r_REG171_S1/D                           |
|  -0.515|   -0.515|  -3.126|   -3.126|   55.69%|   0:00:00.0| 5482.9M|AVF_RCWORST|  default| SILEGO_cell/MTRF_cell/dpu_gen/U_NACU_0/U_divider/d |
|        |         |        |         |         |            |        |           |         | ivision/U_DIV/dpu_gen_U_NACU_0_U_divider_division_ |
|        |         |        |         |         |            |        |           |         | link211662_r_REG171_S1/D                           |
|  -0.497|   -0.497|  -2.987|   -2.987|   55.69%|   0:00:00.0| 5482.9M|AVF_RCWORST|  default| SILEGO_cell/MTRF_cell/dpu_gen/U_NACU_0/U_divider/d |
|        |         |        |         |         |            |        |           |         | ivision/U_DIV/dpu_gen_U_NACU_0_U_divider_division_ |
|        |         |        |         |         |            |        |           |         | link211662_r_REG171_S1/D                           |
|  -0.464|   -0.464|  -2.757|   -2.757|   55.69%|   0:00:01.0| 5482.9M|AVF_RCWORST|  default| SILEGO_cell/MTRF_cell/dpu_gen/U_NACU_0/U_divider/d |
|        |         |        |         |         |            |        |           |         | ivision/U_DIV/dpu_gen_U_NACU_0_U_divider_division_ |
|        |         |        |         |         |            |        |           |         | link211662_r_REG171_S1/D                           |
|  -0.450|   -0.450|  -2.658|   -2.658|   55.69%|   0:00:00.0| 5482.9M|AVF_RCWORST|  default| SILEGO_cell/MTRF_cell/dpu_gen/U_NACU_0/U_divider/d |
|        |         |        |         |         |            |        |           |         | ivision/U_DIV/dpu_gen_U_NACU_0_U_divider_division_ |
|        |         |        |         |         |            |        |           |         | link211662_r_REG171_S1/D                           |
|  -0.417|   -0.417|  -2.430|   -2.430|   55.70%|   0:00:01.0| 5482.9M|AVF_RCWORST|  default| SILEGO_cell/MTRF_cell/dpu_gen/U_NACU_0/U_divider/d |
|        |         |        |         |         |            |        |           |         | ivision/U_DIV/dpu_gen_U_NACU_0_U_divider_division_ |
|        |         |        |         |         |            |        |           |         | link211662_r_REG171_S1/D                           |
|  -0.406|   -0.406|  -2.358|   -2.358|   55.70%|   0:00:00.0| 5482.9M|AVF_RCWORST|  default| SILEGO_cell/MTRF_cell/dpu_gen/U_NACU_0/U_divider/d |
|        |         |        |         |         |            |        |           |         | ivision/U_DIV/dpu_gen_U_NACU_0_U_divider_division_ |
|        |         |        |         |         |            |        |           |         | link211662_r_REG171_S1/D                           |
|  -0.387|   -0.387|  -2.246|   -2.246|   55.70%|   0:00:00.0| 5482.9M|AVF_RCWORST|  default| SILEGO_cell/MTRF_cell/dpu_gen/U_NACU_0/U_divider/d |
|        |         |        |         |         |            |        |           |         | ivision/U_DIV/dpu_gen_U_NACU_0_U_divider_division_ |
|        |         |        |         |         |            |        |           |         | link211662_r_REG171_S1/D                           |
|  -0.380|   -0.380|  -2.199|   -2.199|   55.70%|   0:00:01.0| 5482.9M|AVF_RCWORST|  default| SILEGO_cell/MTRF_cell/dpu_gen/U_NACU_0/U_divider/d |
|        |         |        |         |         |            |        |           |         | ivision/U_DIV/dpu_gen_U_NACU_0_U_divider_division_ |
|        |         |        |         |         |            |        |           |         | link211662_r_REG171_S1/D                           |
|  -0.363|   -0.363|  -2.098|   -2.098|   55.70%|   0:00:00.0| 5482.9M|AVF_RCWORST|  default| SILEGO_cell/MTRF_cell/dpu_gen/U_NACU_0/U_divider/d |
|        |         |        |         |         |            |        |           |         | ivision/U_DIV/dpu_gen_U_NACU_0_U_divider_division_ |
|        |         |        |         |         |            |        |           |         | link211662_r_REG171_S1/D                           |
|  -0.344|   -0.344|  -1.987|   -1.987|   55.70%|   0:00:00.0| 5482.9M|AVF_RCWORST|  default| SILEGO_cell/MTRF_cell/dpu_gen/U_NACU_0/U_divider/d |
|        |         |        |         |         |            |        |           |         | ivision/U_DIV/dpu_gen_U_NACU_0_U_divider_division_ |
|        |         |        |         |         |            |        |           |         | link211662_r_REG171_S1/D                           |
|  -0.324|   -0.324|  -1.871|   -1.871|   55.70%|   0:00:01.0| 5482.9M|AVF_RCWORST|  default| SILEGO_cell/MTRF_cell/dpu_gen/U_NACU_0/U_divider/d |
|        |         |        |         |         |            |        |           |         | ivision/U_DIV/dpu_gen_U_NACU_0_U_divider_division_ |
|        |         |        |         |         |            |        |           |         | link211662_r_REG171_S1/D                           |
|  -0.303|   -0.303|  -1.768|   -1.768|   55.71%|   0:00:00.0| 5482.9M|AVF_RCWORST|  default| SILEGO_cell/MTRF_cell/dpu_gen/U_NACU_0/U_divider/d |
|        |         |        |         |         |            |        |           |         | ivision/U_DIV/dpu_gen_U_NACU_0_U_divider_division_ |
|        |         |        |         |         |            |        |           |         | link211662_r_REG171_S1/D                           |
|  -0.291|   -0.291|  -1.705|   -1.705|   55.71%|   0:00:00.0| 5482.9M|AVF_RCWORST|  default| SILEGO_cell/MTRF_cell/dpu_gen/U_NACU_0/U_divider/d |
|        |         |        |         |         |            |        |           |         | ivision/U_DIV/dpu_gen_U_NACU_0_U_divider_division_ |
|        |         |        |         |         |            |        |           |         | link211662_r_REG171_S1/D                           |
|  -0.290|   -0.290|  -1.703|   -1.703|   55.71%|   0:00:01.0| 5482.9M|AVF_RCWORST|  default| SILEGO_cell/MTRF_cell/dpu_gen/U_NACU_0/U_divider/d |
|        |         |        |         |         |            |        |           |         | ivision/U_DIV/dpu_gen_U_NACU_0_U_divider_division_ |
|        |         |        |         |         |            |        |           |         | link211662_r_REG171_S1/D                           |
|  -0.263|   -0.263|  -1.570|   -1.570|   55.71%|   0:00:00.0| 5482.9M|AVF_RCWORST|  default| SILEGO_cell/MTRF_cell/dpu_gen/U_NACU_0/U_divider/d |
|        |         |        |         |         |            |        |           |         | ivision/U_DIV/dpu_gen_U_NACU_0_U_divider_division_ |
|        |         |        |         |         |            |        |           |         | link211662_r_REG171_S1/D                           |
|  -0.249|   -0.249|  -1.501|   -1.501|   55.71%|   0:00:00.0| 5482.9M|AVF_RCWORST|  default| SILEGO_cell/MTRF_cell/dpu_gen/U_NACU_0/U_divider/d |
|        |         |        |         |         |            |        |           |         | ivision/U_DIV/dpu_gen_U_NACU_0_U_divider_division_ |
|        |         |        |         |         |            |        |           |         | link211662_r_REG171_S1/D                           |
|  -0.206|   -0.206|  -1.321|   -1.321|   55.72%|   0:00:01.0| 5482.9M|AVF_RCWORST|  default| SILEGO_cell/MTRF_cell/dpu_gen/U_NACU_0/U_divider/d |
|        |         |        |         |         |            |        |           |         | ivision/U_DIV/dpu_gen_U_NACU_0_U_divider_division_ |
|        |         |        |         |         |            |        |           |         | link211662_r_REG171_S1/D                           |
|  -0.178|   -0.178|  -1.210|   -1.210|   55.73%|   0:00:00.0| 5482.9M|AVF_RCWORST|  default| SILEGO_cell/MTRF_cell/dpu_gen/U_NACU_0/U_divider/d |
|        |         |        |         |         |            |        |           |         | ivision/U_DIV/dpu_gen_U_NACU_0_U_divider_division_ |
|        |         |        |         |         |            |        |           |         | link211662_r_REG171_S1/D                           |
|  -0.153|   -0.153|  -1.117|   -1.117|   55.73%|   0:00:00.0| 5482.9M|AVF_RCWORST|  default| SILEGO_cell/MTRF_cell/dpu_gen/U_NACU_0/U_divider/d |
|        |         |        |         |         |            |        |           |         | ivision/U_DIV/dpu_gen_U_NACU_0_U_divider_division_ |
|        |         |        |         |         |            |        |           |         | link211662_r_REG171_S1/D                           |
|  -0.123|   -0.123|  -1.027|   -1.027|   55.74%|   0:00:01.0| 5482.9M|AVF_RCWORST|  default| SILEGO_cell/MTRF_cell/dpu_gen/U_NACU_0/U_divider/d |
|        |         |        |         |         |            |        |           |         | ivision/U_DIV/dpu_gen_U_NACU_0_U_divider_division_ |
|        |         |        |         |         |            |        |           |         | link211662_r_REG171_S1/D                           |
|  -0.109|   -0.109|  -0.957|   -0.957|   55.74%|   0:00:00.0| 5482.9M|AVF_RCWORST|  default| sel_r_ext_out_3[2]                                 |
|  -0.100|   -0.100|  -0.921|   -0.921|   55.74%|   0:00:00.0| 5502.0M|AVF_RCWORST|  default| SILEGO_cell/MTRF_cell/dpu_gen/U_NACU_0/U_divider/d |
|        |         |        |         |         |            |        |           |         | ivision/U_DIV/dpu_gen_U_NACU_0_U_divider_division_ |
|        |         |        |         |         |            |        |           |         | link211662_r_REG171_S1/D                           |
|  -0.091|   -0.091|  -0.828|   -0.828|   55.76%|   0:00:01.0| 5502.0M|AVF_RCWORST|  default| sel_r_ext_out_3[2]                                 |
|  -0.082|   -0.082|  -0.779|   -0.779|   55.76%|   0:00:00.0| 5502.0M|AVF_RCWORST|  default| sel_r_ext_out_3[2]                                 |
|  -0.078|   -0.078|  -0.756|   -0.756|   55.76%|   0:00:00.0| 5502.0M|AVF_RCWORST|  default| sel_r_ext_out_3[2]                                 |
|  -0.078|   -0.078|  -0.696|   -0.696|   55.76%|   0:00:00.0| 5502.0M|AVF_RCWORST|  default| sel_r_ext_out_3[2]                                 |
|  -0.078|   -0.078|  -0.696|   -0.696|   55.76%|   0:00:00.0| 5502.0M|AVF_RCWORST|  default| sel_r_ext_out_3[2]                                 |
+--------+---------+--------+---------+---------+------------+--------+-----------+---------+----------------------------------------------------+

*** Finish Core Optimize Step (cpu=0:00:38.1 real=0:00:11.0 mem=5502.0M) ***

*** Finished Optimize Step Cumulative (cpu=0:00:38.2 real=0:00:11.0 mem=5502.0M) ***
OptDebug: End of Optimizer WNS Pass 0:
+----------+------+------+
|Path Group|   WNS|   TNS|
+----------+------+------+
|default   |-0.078|-0.696|
|reg2reg   | 1.084| 0.000|
|HEPG      | 1.084| 0.000|
|All Paths |-0.078|-0.696|
+----------+------+------+

CCOptDebug: End of Optimizer WNS Pass 0: reg2reg* WNS 1083.6ps TNS 0.0ps; HEPG WNS 1083.6ps TNS 0.0ps; all paths WNS -77.6ps TNS -696.5ps; Real time 0:05:10
** GigaOpt Optimizer WNS Slack -0.078 TNS Slack -0.696 Density 55.76

*** Starting place_detail (0:40:58 mem=5502.0M) ***
Total net bbox length = 3.693e+05 (1.718e+05 1.975e+05) (ext = 3.345e+04)

**Info: (IMPSP-2062): Some of the PG shapes may not be colorized properly in this design, users are required to run command colorizePowerMesh before any placement related commands!
**WARN: (IMPSP-5140):	Global net connect rules have not been created. Added  insts would have no supply connectivity, and would fail DRC.
Type 'man IMPSP-5140' for more detail.
**WARN: (IMPSP-315):	Found 37176 instances insts with no PG Term connections.
Type 'man IMPSP-315' for more detail.

Starting Small incrNP...
Density distribution unevenness ratio = 7.715%
Skipped incrNP (cpu=0:00:00.0, real=0:00:00.0, mem=5502.0M)
End of Small incrNP (cpu=0:00:00.0, real=0:00:00.0)
Move report: Detail placement moves 241 insts, mean move: 0.40 um, max move: 1.78 um 
	Max move on inst (SILEGO_cell/MTRF_cell/dpu_gen/U_NACU_0/U_Recon_adder/U8): (154.75, 57.60) --> (155.90, 56.96)
	Runtime: CPU: 0:00:01.6 REAL: 0:00:00.0 MEM: 5477.7MB
Summary Report:
Instances move: 241 (out of 37121 movable)
Instances flipped: 0
Mean displacement: 0.40 um
Max displacement: 1.78 um (Instance: SILEGO_cell/MTRF_cell/dpu_gen/U_NACU_0/U_Recon_adder/U8) (154.752, 57.6) -> (155.896, 56.96)
	Length: 19 sites, height: 1 rows, site name: SC8T_104CPP_CMOS22FDX, cell type: SC8T_XOR3X1_CSC28L
Total net bbox length = 3.694e+05 (1.718e+05 1.975e+05) (ext = 3.345e+04)
Runtime: CPU: 0:00:01.7 REAL: 0:00:00.0 MEM: 5477.7MB
*** Finished place_detail (0:41:00 mem=5477.7M) ***
*** maximum move = 1.78 um ***
*** Finished re-routing un-routed nets (5502.7M) ***


*** Finish Physical Update (cpu=0:00:03.3 real=0:00:02.0 mem=5502.7M) ***
** GigaOpt Optimizer WNS Slack -0.078 TNS Slack -0.696 Density 55.76
OptDebug: Start of Optimizer WNS Pass 1:
+----------+------+------+
|Path Group|   WNS|   TNS|
+----------+------+------+
|default   |-0.078|-0.696|
|reg2reg   | 1.084| 0.000|
|HEPG      | 1.084| 0.000|
|All Paths |-0.078|-0.696|
+----------+------+------+

CCOptDebug: Start of Optimizer WNS Pass 1: reg2reg* WNS 1083.6ps TNS 0.0ps; HEPG WNS 1083.6ps TNS 0.0ps; all paths WNS -77.6ps TNS -696.5ps; Real time 0:05:13
Active Path Group: default 
+--------+---------+--------+---------+---------+------------+--------+-----------+---------+----------------------------------------------------+
|  WNS   | All WNS |  TNS   | All TNS | Density |    Real    |  Mem   |Worst View |Pathgroup|                     End Point                      |
+--------+---------+--------+---------+---------+------------+--------+-----------+---------+----------------------------------------------------+
|  -0.078|   -0.078|  -0.696|   -0.696|   55.76%|   0:00:00.0| 5502.7M|AVF_RCWORST|  default| sel_r_ext_out_3[2]                                 |
|  -0.078|   -0.078|  -0.696|   -0.696|   55.76%|   0:00:00.0| 5502.7M|AVF_RCWORST|  default| sel_r_ext_out_3[2]                                 |
+--------+---------+--------+---------+---------+------------+--------+-----------+---------+----------------------------------------------------+

*** Finish Core Optimize Step (cpu=0:00:00.3 real=0:00:00.0 mem=5502.7M) ***

*** Finished Optimize Step Cumulative (cpu=0:00:00.3 real=0:00:00.0 mem=5502.7M) ***
OptDebug: End of Optimizer WNS Pass 1:
+----------+------+------+
|Path Group|   WNS|   TNS|
+----------+------+------+
|default   |-0.078|-0.696|
|reg2reg   | 1.084| 0.000|
|HEPG      | 1.084| 0.000|
|All Paths |-0.078|-0.696|
+----------+------+------+

CCOptDebug: End of Optimizer WNS Pass 1: reg2reg* WNS 1083.6ps TNS 0.0ps; HEPG WNS 1083.6ps TNS 0.0ps; all paths WNS -77.6ps TNS -696.5ps; Real time 0:05:14
** GigaOpt Optimizer WNS Slack -0.078 TNS Slack -0.696 Density 55.76

*** Starting place_detail (0:41:04 mem=5502.7M) ***
Total net bbox length = 3.694e+05 (1.718e+05 1.975e+05) (ext = 3.345e+04)

**Info: (IMPSP-2062): Some of the PG shapes may not be colorized properly in this design, users are required to run command colorizePowerMesh before any placement related commands!
**WARN: (IMPSP-5140):	Global net connect rules have not been created. Added  insts would have no supply connectivity, and would fail DRC.
Type 'man IMPSP-5140' for more detail.
**WARN: (IMPSP-315):	Found 37176 instances insts with no PG Term connections.
Type 'man IMPSP-315' for more detail.

Starting Small incrNP...
Density distribution unevenness ratio = 7.714%
Skipped incrNP (cpu=0:00:00.0, real=0:00:00.0, mem=5502.7M)
End of Small incrNP (cpu=0:00:00.0, real=0:00:00.0)
Move report: Detail placement moves 612 insts, mean move: 0.19 um, max move: 1.89 um 
	Max move on inst (SILEGO_cell/MTRF_cell/dpu_gen/U_NACU_0/U_divider/division/U_DIV/u_mx_PartRem_1_26_1): (168.27, 45.44) --> (167.02, 46.08)
	Runtime: CPU: 0:00:04.6 REAL: 0:00:03.0 MEM: 5505.8MB
Summary Report:
Instances move: 612 (out of 37121 movable)
Instances flipped: 78
Mean displacement: 0.19 um
Max displacement: 1.89 um (Instance: SILEGO_cell/MTRF_cell/dpu_gen/U_NACU_0/U_divider/division/U_DIV/u_mx_PartRem_1_26_1) (168.272, 45.44) -> (167.024, 46.08)
	Length: 8 sites, height: 1 rows, site name: SC8T_104CPP_CMOS22FDX, cell type: SC8T_MUX2X1_A_CSC28L
Total net bbox length = 3.695e+05 (1.719e+05 1.976e+05) (ext = 3.345e+04)
Runtime: CPU: 0:00:04.7 REAL: 0:00:03.0 MEM: 5505.8MB
*** Finished place_detail (0:41:09 mem=5505.8M) ***
*** maximum move = 1.89 um ***
*** Finished re-routing un-routed nets (5503.8M) ***


*** Finish Physical Update (cpu=0:00:06.2 real=0:00:03.0 mem=5503.8M) ***
** GigaOpt Optimizer WNS Slack -0.078 TNS Slack -0.696 Density 55.76
OptDebug: End of Setup Fixing:
+----------+------+------+
|Path Group|   WNS|   TNS|
+----------+------+------+
|default   |-0.078|-0.696|
|reg2reg   | 1.084| 0.000|
|HEPG      | 1.084| 0.000|
|All Paths |-0.078|-0.696|
+----------+------+------+

Bottom Preferred Layer:
+-----------+------------+----------+
|   Layer   |    CLK     |   Rule   |
+-----------+------------+----------+
| C1 (z=3)  |         56 | default  |
+-----------+------------+----------+
Via Pillar Rule:
    None

*** Finish post-CTS Setup Fixing (cpu=0:00:53.2 real=0:00:21.0 mem=5503.8M) ***

*** WnsOpt #1 [finish] (ccopt_design #1) : cpu/real = 0:00:58.6/0:00:25.7 (2.3), totSession cpu/real = 0:41:11.0/0:12:04.5 (3.4), mem = 4945.9M
End: GigaOpt Optimization in WNS mode
Begin: GigaOpt Optimization in TNS mode
GigaOpt Checkpoint: Internal optTiming -allEndPoints -maxLocalDensity 0.95 -maxLocalDensityForHardenOpt 0.92 -numThreads 8 -postCTS -pgMode all -nativePathGroupFlow -wtns -nonLegalPlaceEcoBumpRecoveryInTNSOpt -NDROptEffortAuto -ipoTgtSlackCoef 1.5 -effTgtSlackCoef 1
Info: 56 nets with fixed/cover wires excluded.
Info: 56 clock nets excluded from IPO operation.
*** TnsOpt #1 [begin] (ccopt_design #1) : totSession cpu/real = 0:41:11.3/0:12:04.8 (3.4), mem = 4945.9M

**Info: (IMPSP-2062): Some of the PG shapes may not be colorized properly in this design, users are required to run command colorizePowerMesh before any placement related commands!
*info: 56 clock nets excluded
*info: 1195 no-driver nets excluded.
*info: 56 nets with fixed/cover wires excluded.
** GigaOpt Optimizer WNS Slack -0.078 TNS Slack -0.696 Density 55.76
OptDebug: Start of Optimizer TNS Pass:
+----------+------+------+
|Path Group|   WNS|   TNS|
+----------+------+------+
|default   |-0.078|-0.696|
|reg2reg   | 1.084| 0.000|
|HEPG      | 1.084| 0.000|
|All Paths |-0.078|-0.696|
+----------+------+------+

CCOptDebug: Start of Optimizer TNS Pass: reg2reg* WNS 1083.6ps TNS 0.0ps; HEPG WNS 1083.6ps TNS 0.0ps; all paths WNS -77.6ps TNS -696.5ps; Real time 0:05:23
Active Path Group: default 
+--------+---------+--------+---------+---------+------------+--------+-----------+---------+----------------------------------------------------+
|  WNS   | All WNS |  TNS   | All TNS | Density |    Real    |  Mem   |Worst View |Pathgroup|                     End Point                      |
+--------+---------+--------+---------+---------+------------+--------+-----------+---------+----------------------------------------------------+
|  -0.078|   -0.078|  -0.696|   -0.696|   55.76%|   0:00:01.0| 5333.5M|AVF_RCWORST|  default| sel_r_ext_out_3[2]                                 |
|  -0.078|   -0.078|  -0.618|   -0.618|   55.77%|   0:00:01.0| 5502.3M|AVF_RCWORST|  default| sel_r_ext_out_3[2]                                 |
+--------+---------+--------+---------+---------+------------+--------+-----------+---------+----------------------------------------------------+

*** Finish Core Optimize Step (cpu=0:00:04.9 real=0:00:02.0 mem=5502.3M) ***

*** Finished Optimize Step Cumulative (cpu=0:00:04.9 real=0:00:02.0 mem=5502.3M) ***
OptDebug: End of Optimizer TNS Pass:
+----------+------+------+
|Path Group|   WNS|   TNS|
+----------+------+------+
|default   |-0.078|-0.618|
|reg2reg   | 1.178| 0.000|
|HEPG      | 1.178| 0.000|
|All Paths |-0.078|-0.618|
+----------+------+------+

CCOptDebug: End of Optimizer TNS Pass: reg2reg* WNS 1178.0ps TNS 0.0ps; HEPG WNS 1178.0ps TNS 0.0ps; all paths WNS -77.6ps TNS -618.4ps; Real time 0:05:26

*** Starting place_detail (0:41:24 mem=5502.3M) ***
Total net bbox length = 3.695e+05 (1.719e+05 1.976e+05) (ext = 3.345e+04)

**Info: (IMPSP-2062): Some of the PG shapes may not be colorized properly in this design, users are required to run command colorizePowerMesh before any placement related commands!
**WARN: (IMPSP-5140):	Global net connect rules have not been created. Added  insts would have no supply connectivity, and would fail DRC.
Type 'man IMPSP-5140' for more detail.
**WARN: (IMPSP-315):	Found 37191 instances insts with no PG Term connections.
Type 'man IMPSP-315' for more detail.

Starting Small incrNP...
Density distribution unevenness ratio = 7.712%
Skipped incrNP (cpu=0:00:00.0, real=0:00:01.0, mem=5502.3M)
End of Small incrNP (cpu=0:00:00.0, real=0:00:01.0)
Move report: Detail placement moves 502 insts, mean move: 0.16 um, max move: 2.77 um 
	Max move on inst (SILEGO_cell/MTRF_cell/dpu_gen/U_NACU_0/U_divider/division/U_DIV/FE_OCPC3075_CryTmp_19__32): (164.32, 30.72) --> (164.53, 33.28)
	Runtime: CPU: 0:00:04.5 REAL: 0:00:02.0 MEM: 5505.3MB
Summary Report:
Instances move: 502 (out of 37136 movable)
Instances flipped: 8
Mean displacement: 0.16 um
Max displacement: 2.77 um (Instance: SILEGO_cell/MTRF_cell/dpu_gen/U_NACU_0/U_divider/division/U_DIV/FE_OCPC3075_CryTmp_19__32) (164.32, 30.72) -> (164.528, 33.28)
	Length: 7 sites, height: 1 rows, site name: SC8T_104CPP_CMOS22FDX, cell type: SC8T_BUFX4_MR_CSC28L
Total net bbox length = 3.696e+05 (1.720e+05 1.976e+05) (ext = 3.345e+04)
Runtime: CPU: 0:00:04.6 REAL: 0:00:03.0 MEM: 5505.3MB
*** Finished place_detail (0:41:28 mem=5505.3M) ***
*** maximum move = 2.77 um ***
*** Finished re-routing un-routed nets (5504.3M) ***


*** Finish Physical Update (cpu=0:00:06.1 real=0:00:03.0 mem=5504.3M) ***
** GigaOpt Optimizer WNS Slack -0.078 TNS Slack -0.618 Density 55.77
OptDebug: End of Setup Fixing:
+----------+------+------+
|Path Group|   WNS|   TNS|
+----------+------+------+
|default   |-0.078|-0.618|
|reg2reg   | 1.178| 0.000|
|HEPG      | 1.178| 0.000|
|All Paths |-0.078|-0.618|
+----------+------+------+

Bottom Preferred Layer:
+-----------+------------+----------+
|   Layer   |    CLK     |   Rule   |
+-----------+------------+----------+
| C1 (z=3)  |         56 | default  |
+-----------+------------+----------+
Via Pillar Rule:
    None

*** Finish post-CTS Setup Fixing (cpu=0:00:13.8 real=0:00:07.0 mem=5504.3M) ***

*** TnsOpt #1 [finish] (ccopt_design #1) : cpu/real = 0:00:18.9/0:00:11.7 (1.6), totSession cpu/real = 0:41:30.2/0:12:16.5 (3.4), mem = 4964.5M
End: GigaOpt Optimization in TNS mode
GigaOpt Checkpoint: Internal reclaim -numThreads 8 -customPhyUpdate -noGCompAndPhase -force -svrReclaim -rtrShortNets -allowDegradingShortNetRemoval -postCTS -tgtSlackMult 2 -wtns -noRouteTypeResizePolish -noViewPrune -nativePathGroupFlow
Info: 56 nets with fixed/cover wires excluded.
Info: 56 clock nets excluded from IPO operation.

**Info: (IMPSP-2062): Some of the PG shapes may not be colorized properly in this design, users are required to run command colorizePowerMesh before any placement related commands!
Begin: Area Reclaim Optimization
*** AreaOpt #2 [begin] (ccopt_design #1) : totSession cpu/real = 0:41:31.3/0:12:17.5 (3.4), mem = 5350.0M
Usable buffer cells for single buffer setup transform:
SC8T_BUFX0P5_A_CSC28L SC8T_BUFX2_CSC28L SC8T_BUFX1P5_CSC28L SC8T_CKBUFX2_CSC28L SC8T_BUFX3_CSC28L SC8T_BUFX4_MR_CSC28L SC8T_BUFX4_CSC28L SC8T_CKBUFX4_CSC28L SC8T_BUFX6_CSC28L SC8T_CKBUFX6_CSC28L SC8T_BUFX8_CSC28L SC8T_CKBUFX8_CSC28L SC8T_CKBUFX10_CSC28L SC8T_BUFX12_CSC28L SC8T_CKBUFX12_CSC28L SC8T_BUFX16_CSC28L SC8T_CKBUFX16_CSC28L SC8T_BUFX20_CSC28L SC8T_CKBUFX20_CSC28L SC8T_BUFX24_CSC28L SC8T_CKBUFX24_CSC28L 
Number of usable buffer cells above: 21
Reclaim Optimization WNS Slack -0.078  TNS Slack -0.618 Density 55.77
+---------+---------+--------+--------+------------+--------+
| Density | Commits |  WNS   |  TNS   |    Real    |  Mem   |
+---------+---------+--------+--------+------------+--------+
|   55.77%|        -|  -0.078|  -0.618|   0:00:00.0| 5350.0M|
|   55.77%|       12|  -0.078|  -0.618|   0:00:05.0| 5528.2M|
|   55.77%|       11|  -0.078|  -0.618|   0:00:03.0| 5547.3M|
|   55.76%|       12|  -0.078|  -0.618|   0:00:04.0| 5547.3M|
|   55.76%|       11|  -0.078|  -0.618|   0:00:03.0| 5547.3M|
|   55.76%|       12|  -0.078|  -0.618|   0:00:03.0| 5547.3M|
|   55.76%|        0|  -0.078|  -0.618|   0:00:01.0| 5547.3M|
|   55.71%|       89|  -0.078|  -0.618|   0:00:01.0| 5547.3M|
|   55.71%|        2|  -0.078|  -0.618|   0:00:01.0| 5547.3M|
|   55.71%|        0|  -0.078|  -0.618|   0:00:00.0| 5547.3M|
|   55.71%|        0|  -0.078|  -0.618|   0:00:01.0| 5547.3M|
+---------+---------+--------+--------+------------+--------+
Reclaim Optimization End WNS Slack -0.078  TNS Slack -0.618 Density 55.71
Bottom Preferred Layer:
+-----------+------------+----------+
|   Layer   |    CLK     |   Rule   |
+-----------+------------+----------+
| C1 (z=3)  |         56 | default  |
+-----------+------------+----------+
Via Pillar Rule:
    None

Number of times islegalLocAvaiable called = 5 skipped = 0, called in commitmove = 2, skipped in commitmove = 0
End: Core Area Reclaim Optimization (cpu = 0:02:24) (real = 0:00:24.0) **

*** Starting place_detail (0:43:55 mem=5517.3M) ***
Total net bbox length = 3.688e+05 (1.712e+05 1.976e+05) (ext = 3.344e+04)

**Info: (IMPSP-2062): Some of the PG shapes may not be colorized properly in this design, users are required to run command colorizePowerMesh before any placement related commands!
**WARN: (IMPSP-5140):	Global net connect rules have not been created. Added  insts would have no supply connectivity, and would fail DRC.
Type 'man IMPSP-5140' for more detail.
**WARN: (IMPSP-315):	Found 37095 instances insts with no PG Term connections.
Type 'man IMPSP-315' for more detail.
Move report: Detail placement moves 1 insts, mean move: 0.10 um, max move: 0.10 um 
	Max move on inst (SILEGO_cell/swb/Mux_Generate0_2/FE_RC_183_0): (162.34, 145.28) --> (162.24, 145.28)
	Runtime: CPU: 0:00:03.3 REAL: 0:00:01.0 MEM: 5485.3MB
Summary Report:
Instances move: 1 (out of 37040 movable)
Instances flipped: 0
Mean displacement: 0.10 um
Max displacement: 0.10 um (Instance: SILEGO_cell/swb/Mux_Generate0_2/FE_RC_183_0) (162.344, 145.28) -> (162.24, 145.28)
	Length: 5 sites, height: 1 rows, site name: SC8T_104CPP_CMOS22FDX, cell type: SC8T_OAI21X1_MR_CSC28L
Total net bbox length = 3.688e+05 (1.712e+05 1.976e+05) (ext = 3.344e+04)
Runtime: CPU: 0:00:03.4 REAL: 0:00:01.0 MEM: 5485.3MB
*** Finished place_detail (0:43:59 mem=5485.3M) ***
*** maximum move = 0.10 um ***
*** Finished re-routing un-routed nets (5517.3M) ***


*** Finish Physical Update (cpu=0:00:05.0 real=0:00:02.0 mem=5517.3M) ***
*** AreaOpt #2 [finish] (ccopt_design #1) : cpu/real = 0:02:28.6/0:00:26.0 (5.7), totSession cpu/real = 0:43:59.9/0:12:43.5 (3.5), mem = 5517.3M
End: Area Reclaim Optimization (cpu=0:02:29, real=0:00:26, mem=4980.46M, totSessionCpu=0:44:00).
postCtsLateCongRepair #1 0
postCtsLateCongRepair #1 0
postCtsLateCongRepair #1 0
postCtsLateCongRepair #1 0
Starting local wire reclaim

**Info: (IMPSP-2062): Some of the PG shapes may not be colorized properly in this design, users are required to run command colorizePowerMesh before any placement related commands!
*** Starting place_detail (0:44:00 mem=4980.5M) ***

**Info: (IMPSP-2062): Some of the PG shapes may not be colorized properly in this design, users are required to run command colorizePowerMesh before any placement related commands!
**WARN: (IMPSP-5140):	Global net connect rules have not been created. Added  insts would have no supply connectivity, and would fail DRC.
Type 'man IMPSP-5140' for more detail.
**WARN: (IMPSP-315):	Found 37095 instances insts with no PG Term connections.
Type 'man IMPSP-315' for more detail.
*** Finished SKP initialization (cpu=0:00:08.8, real=0:00:04.0)***
Timing cost in AAE based: 996692.4064733199775219
Move report: Detail placement moves 15655 insts, mean move: 1.27 um, max move: 12.89 um 
	Max move on inst (FE_OFC360_instr_inp_1): (179.30, 130.56) --> (180.02, 142.72)
	Runtime: CPU: 0:00:38.7 REAL: 0:00:20.0 MEM: 5172.0MB
Summary Report:
Instances move: 15655 (out of 37040 movable)
Instances flipped: 73
Mean displacement: 1.27 um
Max displacement: 12.89 um (Instance: FE_OFC360_instr_inp_1) (179.296, 130.56) -> (180.024, 142.72)
	Length: 4 sites, height: 1 rows, site name: SC8T_104CPP_CMOS22FDX, cell type: SC8T_BUFX2_CSC28L
Runtime: CPU: 0:00:38.8 REAL: 0:00:20.0 MEM: 5172.0MB
*** Finished place_detail (0:44:39 mem=5172.0M) ***
AAE_INFO: opIsDesignInPostRouteState() is 0
#################################################################################
# Design Stage: PreRoute
# Design Name: Silago_bot_left_corner
# Design Mode: 90nm
# Analysis Mode: MMMC Non-OCV 
# Parasitics Mode: No SPEF/RCDB 
# Signoff Settings: SI Off 
#################################################################################
Calculate delays in BcWc mode...
Start delay calculation (fullDC) (8 T). (MEM=4979.46)
Total number of fetched objects 39087
AAE_INFO: Total number of nets for which stage creation was skipped for all views 0
End delay calculation. (MEM=5235.61 CPU=0:00:16.4 REAL=0:00:03.0)
End delay calculation (fullDC). (MEM=5235.61 CPU=0:00:19.0 REAL=0:00:04.0)
eGR doReRoute: optGuide
[NR-eGR] Track table information for default rule: 
[NR-eGR] M1 has single uniform track structure
[NR-eGR] M2 has single uniform track structure
[NR-eGR] C1 has single uniform track structure
[NR-eGR] C2 has single uniform track structure
[NR-eGR] C3 has single uniform track structure
[NR-eGR] C4 has single uniform track structure
[NR-eGR] BA has single uniform track structure
[NR-eGR] BB has single uniform track structure
[NR-eGR] JA has single uniform track structure
[NR-eGR] JB has single uniform track structure
[NR-eGR] LB has single uniform track structure
[NR-eGR] Read 21 PG shapes
[NR-eGR] Read 0 clock shapes
[NR-eGR] Read 0 other shapes
[NR-eGR] #Routing Blockages  : 31
[NR-eGR] #Instance Blockages : 100055
[NR-eGR] #PG Blockages       : 21
[NR-eGR] #Halo Blockages     : 0
[NR-eGR] #Boundary Blockages : 0
[NR-eGR] #Clock Blockages    : 0
[NR-eGR] #Other Blockages    : 0
[NR-eGR] Num Prerouted Nets = 56  Num Prerouted Wires = 17038
[NR-eGR] Read 39037 nets ( ignored 56 )
[NR-eGR] ============ Routing rule table ============
[NR-eGR] Rule id: 0  Nets: 38981
[NR-eGR] ========================================
[NR-eGR] 
[NR-eGR] Layer group 1: route 38981 net(s) in layer range [2, 11]
[NR-eGR] Early Global Route overflow of layer group 1: 0.23% H + 0.13% V. EstWL: 4.168486e+05um
[NR-eGR] Congestion Analysis By layer: (blocked Gcells are excluded) 
[NR-eGR]                        OverCon           OverCon           OverCon           OverCon            
[NR-eGR]                         #Gcell            #Gcell            #Gcell            #Gcell     %Gcell
[NR-eGR]        Layer             (1-2)             (3-4)             (5-6)               (7)    OverCon
[NR-eGR] -------------------------------------------------------------------------------------------------
[NR-eGR]      M1 ( 1)         0( 0.00%)         0( 0.00%)         0( 0.00%)         0( 0.00%)   ( 0.00%) 
[NR-eGR]      M2 ( 2)      1137( 1.16%)        48( 0.05%)         1( 0.00%)         0( 0.00%)   ( 1.21%) 
[NR-eGR]      C1 ( 3)       357( 0.37%)        10( 0.01%)         1( 0.00%)         0( 0.00%)   ( 0.38%) 
[NR-eGR]      C2 ( 4)       103( 0.11%)        13( 0.01%)         2( 0.00%)         0( 0.00%)   ( 0.12%) 
[NR-eGR]      C3 ( 5)        38( 0.04%)         4( 0.00%)         1( 0.00%)         0( 0.00%)   ( 0.04%) 
[NR-eGR]      C4 ( 6)        68( 0.07%)        26( 0.03%)        10( 0.01%)         2( 0.00%)   ( 0.11%) 
[NR-eGR]      BA ( 7)        16( 0.02%)         1( 0.00%)         0( 0.00%)         0( 0.00%)   ( 0.02%) 
[NR-eGR]      BB ( 8)        10( 0.01%)         9( 0.01%)        15( 0.02%)         0( 0.00%)   ( 0.03%) 
[NR-eGR]      JA ( 9)         0( 0.00%)         0( 0.00%)         0( 0.00%)         0( 0.00%)   ( 0.00%) 
[NR-eGR]      JB (10)         0( 0.00%)         0( 0.00%)         0( 0.00%)         0( 0.00%)   ( 0.00%) 
[NR-eGR]      LB (11)         0( 0.00%)         0( 0.00%)         0( 0.00%)         0( 0.00%)   ( 0.00%) 
[NR-eGR] -------------------------------------------------------------------------------------------------
[NR-eGR]        Total      1729( 0.23%)       111( 0.01%)        30( 0.00%)         2( 0.00%)   ( 0.25%) 
[NR-eGR] 
[NR-eGR] Overflow after Early Global Route 0.09% H + 0.03% V
[NR-eGR]             Length (um)    Vias 
[NR-eGR] --------------------------------
[NR-eGR]  M1  (1V)             0  109497 
[NR-eGR]  M2  (2H)         66804  212325 
[NR-eGR]  C1  (3V)        119867   57670 
[NR-eGR]  C2  (4H)         85593   22582 
[NR-eGR]  C3  (5V)         93021    7554 
[NR-eGR]  C4  (6H)         41986    2453 
[NR-eGR]  BA  (7V)         24185    1053 
[NR-eGR]  BB  (8H)          9672      26 
[NR-eGR]  JA  (9V)             2       0 
[NR-eGR]  JB  (10H)            0       0 
[NR-eGR]  LB  (11V)            0       0 
[NR-eGR] --------------------------------
[NR-eGR]      Total       441130  413160 
[NR-eGR] --------------------------------------------------------------------------
[NR-eGR] Total half perimeter of net bounding box: 364662um
[NR-eGR] Total length: 441130um, number of vias: 413160
[NR-eGR] --------------------------------------------------------------------------
[NR-eGR] Total eGR-routed clock nets wire length: 0um, number of vias: 0
[NR-eGR] --------------------------------------------------------------------------
[NR-eGR] Finished Early Global Route kernel ( CPU: 7.65 sec, Real: 3.00 sec, Curr Mem: 4928.50 MB )
Extraction called for design 'Silago_bot_left_corner' of instances=37095 and nets=40271 using extraction engine 'pre_route' .
**WARN: (IMPEXT-3530):	The process node is not set. Use the command set_design_mode -process <process node> prior to extraction for maximum accuracy and optimal automatic threshold setting.
Type 'man IMPEXT-3530' for more detail.
pre_route RC Extraction called for design Silago_bot_left_corner.
RC Extraction called in multi-corner(3) mode.
RCMode: PreRoute
      RC Corner Indexes            0       1       2   
Capacitance Scaling Factor   : 1.00000 1.00000 1.00000 
Resistance Scaling Factor    : 1.00000 1.00000 1.00000 
Clock Cap. Scaling Factor    : 1.00000 1.00000 1.00000 
Clock Res. Scaling Factor    : 1.00000 1.00000 1.00000 
Shrink Factor                : 1.00000
PreRoute extraction is honoring NDR/Shielding/ExtraSpace for clock nets.
Using Quantus QRC technology file ...
Updating RC grid for preRoute extraction ...
Initializing multi-corner resistance tables ...
PreRoute RC Extraction DONE (CPU Time: 0:00:01.1  Real Time: 0:00:01.0  MEM: 4886.496M)
Compute RC Scale Done ...
[hotspot] +------------+---------------+---------------+
[hotspot] |            |   max hotspot | total hotspot |
[hotspot] +------------+---------------+---------------+
[hotspot] | normalized |         12.72 |         26.75 |
[hotspot] +------------+---------------+---------------+
Local HotSpot Analysis: normalized max congestion hotspot area = 12.72, normalized total congestion hotspot area = 26.75 (area is in unit of 4 std-cell row bins)
[hotspot] top 3 congestion hotspot bounding boxes and scores of normalized hotspot
[hotspot] +-----+-------------------------------------+---------------+
[hotspot] | top |            hotspot bbox             | hotspot score |
[hotspot] +-----+-------------------------------------+---------------+
[hotspot] |  1  |    97.28   194.56   107.52   200.32 |        7.54   |
[hotspot] +-----+-------------------------------------+---------------+
[hotspot] |  2  |    76.80   194.56    87.04   200.32 |        7.15   |
[hotspot] +-----+-------------------------------------+---------------+
[hotspot] |  3  |    97.28   184.32   107.52   194.56 |        0.26   |
[hotspot] +-----+-------------------------------------+---------------+
GigaOpt Checkpoint: Internal congRefineRouteType -postCTS -numThreads 8 -resetVeryShortNets -rescheduleForAdherence  
Begin: GigaOpt Route Type Constraints Refinement
*** CongRefineRouteType #2 [begin] (ccopt_design #1) : totSession cpu/real = 0:45:19.2/0:13:15.6 (3.4), mem = 4905.6M
Updated routing constraints on 0 nets.
Bottom Preferred Layer:
+-----------+------------+----------+
|   Layer   |    CLK     |   Rule   |
+-----------+------------+----------+
| C1 (z=3)  |         56 | default  |
+-----------+------------+----------+
Via Pillar Rule:
    None
*** CongRefineRouteType #2 [finish] (ccopt_design #1) : cpu/real = 0:00:00.3/0:00:00.3 (1.2), totSession cpu/real = 0:45:19.6/0:13:15.9 (3.4), mem = 4905.6M
End: GigaOpt Route Type Constraints Refinement
skip EGR on cluster skew clock nets.
OPTC: user 20.0
AAE_INFO: opIsDesignInPostRouteState() is 0
#################################################################################
# Design Stage: PreRoute
# Design Name: Silago_bot_left_corner
# Design Mode: 90nm
# Analysis Mode: MMMC Non-OCV 
# Parasitics Mode: No SPEF/RCDB 
# Signoff Settings: SI Off 
#################################################################################
Calculate delays in BcWc mode...
Start delay calculation (fullDC) (8 T). (MEM=4942.99)
Total number of fetched objects 39087
AAE_INFO: Total number of nets for which stage creation was skipped for all views 0
End delay calculation. (MEM=5265.91 CPU=0:00:17.0 REAL=0:00:03.0)
End delay calculation (fullDC). (MEM=5265.91 CPU=0:00:19.8 REAL=0:00:04.0)
Begin: GigaOpt postEco DRV Optimization
GigaOpt Checkpoint: Internal optDRV -inPostEcoStage -smallScaleFixing -maxIter 3 -max_tran -max_cap -maxLocalDensity 0.98 -numThreads 8 -preRouteDontEndWithRefinePlaceIncrSteinerRouteDC -postCTS
*** DrvOpt #4 [begin] (ccopt_design #1) : totSession cpu/real = 0:45:46.1/0:13:20.6 (3.4), mem = 5265.9M
Info: 56 nets with fixed/cover wires excluded.
Info: 56 clock nets excluded from IPO operation.

**Info: (IMPSP-2062): Some of the PG shapes may not be colorized properly in this design, users are required to run command colorizePowerMesh before any placement related commands!
+-------------------------------------------------------------------------------------------------------------------------------------------------------+
|        max-tran       |        max-cap        |  max-fanout |  max-length |       setup       |        |        |        |       |          |         |
+-------------------------------------------------------------------------------------------------------------------------------------------------------+
| nets | terms|  wViol  | nets | terms|  wViol  | nets | terms| nets | terms|   WNS   |   TNS   |  #Buf  |  #Inv  | #Resize|Density|   Real   |   Mem   |
+-------------------------------------------------------------------------------------------------------------------------------------------------------+
|    18|   333|    -0.09|    25|    25|    -0.00|     0|     0|     0|     0|    -0.08|    -0.69|       0|       0|       0| 55.71%|          |         |
|     0|     0|     0.00|     0|     0|     0.00|     0|     0|     0|     0|    -0.09|    -0.75|      32|       8|       7| 55.73%| 0:00:00.0|  5607.2M|
|     0|     0|     0.00|     0|     0|     0.00|     0|     0|     0|     0|    -0.09|    -0.75|       0|       0|       0| 55.73%| 0:00:00.0|  5607.2M|
+-------------------------------------------------------------------------------------------------------------------------------------------------------+
Bottom Preferred Layer:
+-----------+------------+----------+
|   Layer   |    CLK     |   Rule   |
+-----------+------------+----------+
| C1 (z=3)  |         56 | default  |
+-----------+------------+----------+
Via Pillar Rule:
    None

*** Finish DRV Fixing (cpu=0:00:07.0 real=0:00:02.0 mem=5607.2M) ***

*** DrvOpt #4 [finish] (ccopt_design #1) : cpu/real = 0:00:09.9/0:00:04.3 (2.3), totSession cpu/real = 0:45:56.0/0:13:24.9 (3.4), mem = 5006.3M
End: GigaOpt postEco DRV Optimization
GigaOpt: WNS changes after postEco optimization: -0.008 -> -0.009 (bump = 0.001)
GigaOpt: Skipping nonLegal postEco optimization
Design TNS changes after trial route: -0.614 -> -0.752
Begin: GigaOpt TNS non-legal recovery
GigaOpt Checkpoint: Internal optTiming -setupRecovery -newSetupRecovery -allEndPoints -maxLocalDensity 0.92 -numThreads 8 -nativePathGroupFlow  -NDROptEffortAuto  -ipoTgtSlackCoef 0 -effTgtSlackCoef 0 -tnsBumpRecoveryInTNS -integratedAreaOpt
Info: 56 nets with fixed/cover wires excluded.
Info: 56 clock nets excluded from IPO operation.
*** TnsOpt #2 [begin] (ccopt_design #1) : totSession cpu/real = 0:45:57.9/0:13:26.8 (3.4), mem = 5006.3M

**Info: (IMPSP-2062): Some of the PG shapes may not be colorized properly in this design, users are required to run command colorizePowerMesh before any placement related commands!
*info: 56 clock nets excluded
*info: 1193 no-driver nets excluded.
*info: 56 nets with fixed/cover wires excluded.
** GigaOpt Optimizer WNS Slack -0.092 TNS Slack -0.752 Density 55.73
OptDebug: Start of Optimizer TNS Pass:
+----------+------+------+
|Path Group|   WNS|   TNS|
+----------+------+------+
|default   |-0.092|-0.752|
|reg2reg   | 1.044| 0.000|
|HEPG      | 1.044| 0.000|
|All Paths |-0.092|-0.752|
+----------+------+------+

CCOptDebug: Start of Optimizer TNS Pass: reg2reg* WNS 1044.0ps TNS 0.0ps; HEPG WNS 1044.0ps TNS 0.0ps; all paths WNS -91.8ps TNS -752.3ps; Real time 0:06:43
Active Path Group: default 
+--------+---------+--------+---------+---------+------------+--------+-----------+---------+----------------------------------------------------+
|  WNS   | All WNS |  TNS   | All TNS | Density |    Real    |  Mem   |Worst View |Pathgroup|                     End Point                      |
+--------+---------+--------+---------+---------+------------+--------+-----------+---------+----------------------------------------------------+
|  -0.092|   -0.092|  -0.752|   -0.752|   55.73%|   0:00:00.0| 5393.9M|AVF_RCWORST|  default| SILEGO_cell/MTRF_cell/dpu_gen/U_NACU_0/U_divider/d |
|        |         |        |         |         |            |        |           |         | ivision/U_DIV/dpu_gen_U_NACU_0_U_divider_division_ |
|        |         |        |         |         |            |        |           |         | link211662_r_REG171_S1/D                           |
|  -0.078|   -0.078|  -0.637|   -0.637|   55.74%|   0:00:01.0| 5563.2M|AVF_RCWORST|  default| SILEGO_cell/MTRF_cell/dpu_gen/U_NACU_0/U_divider/d |
|        |         |        |         |         |            |        |           |         | ivision/U_DIV/dpu_gen_U_NACU_0_U_divider_division_ |
|        |         |        |         |         |            |        |           |         | link211662_r_REG171_S1/D                           |
|  -0.078|   -0.078|  -0.631|   -0.631|   55.74%|   0:00:01.0| 5563.2M|AVF_RCWORST|  default| SILEGO_cell/MTRF_cell/dpu_gen/U_NACU_0/U_divider/d |
|        |         |        |         |         |            |        |           |         | ivision/U_DIV/dpu_gen_U_NACU_0_U_divider_division_ |
|        |         |        |         |         |            |        |           |         | link211662_r_REG171_S1/D                           |
|  -0.078|   -0.078|  -0.620|   -0.620|   55.73%|   0:00:00.0| 5565.2M|         NA|       NA| NA                                                 |
|  -0.078|   -0.078|  -0.620|   -0.620|   55.73%|   0:00:00.0| 5565.2M|AVF_RCWORST|  default| sel_r_ext_out_3[2]                                 |
+--------+---------+--------+---------+---------+------------+--------+-----------+---------+----------------------------------------------------+

*** Finish Core Optimize Step (cpu=0:00:07.1 real=0:00:02.0 mem=5565.2M) ***

*** Finished Optimize Step Cumulative (cpu=0:00:07.1 real=0:00:02.0 mem=5565.2M) ***
OptDebug: End of Optimizer TNS Pass:
+----------+------+------+
|Path Group|   WNS|   TNS|
+----------+------+------+
|default   |-0.078|-0.620|
|reg2reg   | 1.161| 0.000|
|HEPG      | 1.161| 0.000|
|All Paths |-0.078|-0.620|
+----------+------+------+

CCOptDebug: End of Optimizer TNS Pass: reg2reg* WNS 1161.2ps TNS 0.0ps; HEPG WNS 1161.2ps TNS 0.0ps; all paths WNS -78.2ps TNS -620.1ps; Real time 0:06:46

*** Starting place_detail (0:46:10 mem=5565.2M) ***
Total net bbox length = 3.647e+05 (1.683e+05 1.964e+05) (ext = 3.324e+04)

**Info: (IMPSP-2062): Some of the PG shapes may not be colorized properly in this design, users are required to run command colorizePowerMesh before any placement related commands!
**WARN: (IMPSP-5140):	Global net connect rules have not been created. Added  insts would have no supply connectivity, and would fail DRC.
Type 'man IMPSP-5140' for more detail.
**WARN: (IMPSP-315):	Found 37138 instances insts with no PG Term connections.
Type 'man IMPSP-315' for more detail.

Starting Small incrNP...
Density distribution unevenness ratio = 7.556%

Density distribution unevenness ratio = 7.561%
Move report: incrNP moves 118 insts, mean move: 0.97 um, max move: 4.54 um 
	Max move on inst (SILEGO_cell/MTRF_cell/dpu_gen/U_NACU_0/U_Recon_multiplier/mult_247/U108): (193.96, 89.60) --> (191.98, 87.04)
Finished incrNP (cpu=0:00:02.1, real=0:00:01.0, mem=5598.5M)
End of Small incrNP (cpu=0:00:02.1, real=0:00:01.0)
Move report: Detail placement moves 3152 insts, mean move: 0.73 um, max move: 5.72 um 
	Max move on inst (SILEGO_cell/MTRF_cell/reg_top/RegisterFile/U3416): (106.18, 171.52) --> (111.90, 171.52)
	Runtime: CPU: 0:00:08.3 REAL: 0:00:04.0 MEM: 5587.8MB
Summary Report:
Instances move: 3205 (out of 37083 movable)
Instances flipped: 3576
Mean displacement: 0.74 um
Max displacement: 5.72 um (Instance: SILEGO_cell/MTRF_cell/reg_top/RegisterFile/U3416) (106.184, 171.52) -> (111.904, 171.52)
	Length: 3 sites, height: 1 rows, site name: SC8T_104CPP_CMOS22FDX, cell type: SC8T_INVX2_CSC28L
Total net bbox length = 3.636e+05 (1.672e+05 1.964e+05) (ext = 3.320e+04)
Runtime: CPU: 0:00:10.5 REAL: 0:00:05.0 MEM: 5587.8MB
*** Finished place_detail (0:46:20 mem=5587.8M) ***
*** maximum move = 5.72 um ***
*** Finished re-routing un-routed nets (5575.8M) ***

**Info: (IMPSP-2062): Some of the PG shapes may not be colorized properly in this design, users are required to run command colorizePowerMesh before any placement related commands!

*** Finish Physical Update (cpu=0:00:12.2 real=0:00:06.0 mem=5575.8M) ***
** GigaOpt Optimizer WNS Slack -0.078 TNS Slack -0.620 Density 55.73
OptDebug: End of Setup Fixing:
+----------+------+------+
|Path Group|   WNS|   TNS|
+----------+------+------+
|default   |-0.078|-0.620|
|reg2reg   | 1.161| 0.000|
|HEPG      | 1.161| 0.000|
|All Paths |-0.078|-0.620|
+----------+------+------+

Bottom Preferred Layer:
+-----------+------------+----------+
|   Layer   |    CLK     |   Rule   |
+-----------+------------+----------+
| C1 (z=3)  |         56 | default  |
+-----------+------------+----------+
Via Pillar Rule:
    None

*** Finish post-CTS Setup Fixing (cpu=0:00:22.2 real=0:00:11.0 mem=5575.8M) ***

*** TnsOpt #2 [finish] (ccopt_design #1) : cpu/real = 0:00:24.6/0:00:12.4 (2.0), totSession cpu/real = 0:46:22.5/0:13:39.2 (3.4), mem = 5037.0M
End: GigaOpt TNS non-legal recovery
Begin: GigaOpt Optimization in post-eco TNS mode
GigaOpt Checkpoint: Internal optTiming -postEco -postEcoLefSafe -maxLocalDensity 1.0 -numThreads 8  -allEndPoints -nativePathGroupFlow
Info: 56 nets with fixed/cover wires excluded.
Info: 56 clock nets excluded from IPO operation.
*** TnsOpt #3 [begin] (ccopt_design #1) : totSession cpu/real = 0:46:22.8/0:13:39.4 (3.4), mem = 5037.0M

**Info: (IMPSP-2062): Some of the PG shapes may not be colorized properly in this design, users are required to run command colorizePowerMesh before any placement related commands!
*info: 56 clock nets excluded
*info: 1193 no-driver nets excluded.
*info: 56 nets with fixed/cover wires excluded.
** GigaOpt Optimizer WNS Slack -0.078 TNS Slack -0.620 Density 55.73
OptDebug: Start of Optimizer TNS Pass:
+----------+------+------+
|Path Group|   WNS|   TNS|
+----------+------+------+
|default   |-0.078|-0.620|
|reg2reg   | 1.161| 0.000|
|HEPG      | 1.161| 0.000|
|All Paths |-0.078|-0.620|
+----------+------+------+

CCOptDebug: Start of Optimizer TNS Pass: reg2reg* WNS 1161.2ps TNS 0.0ps; HEPG WNS 1161.2ps TNS 0.0ps; all paths WNS -78.2ps TNS -620.1ps; Real time 0:06:56
Active Path Group: default 
+--------+---------+--------+---------+---------+------------+--------+-----------+---------+----------------------------------------------------+
|  WNS   | All WNS |  TNS   | All TNS | Density |    Real    |  Mem   |Worst View |Pathgroup|                     End Point                      |
+--------+---------+--------+---------+---------+------------+--------+-----------+---------+----------------------------------------------------+
|  -0.078|   -0.078|  -0.620|   -0.620|   55.73%|   0:00:00.0| 5424.6M|AVF_RCWORST|  default| sel_r_ext_out_3[2]                                 |
|  -0.078|   -0.078|  -0.620|   -0.620|   55.73%|   0:00:00.0| 5424.6M|AVF_RCWORST|  default| sel_r_ext_out_3[2]                                 |
+--------+---------+--------+---------+---------+------------+--------+-----------+---------+----------------------------------------------------+

*** Finish Core Optimize Step (cpu=0:00:00.2 real=0:00:00.0 mem=5424.6M) ***

*** Finished Optimize Step Cumulative (cpu=0:00:00.2 real=0:00:00.0 mem=5424.6M) ***
OptDebug: End of Optimizer TNS Pass:
+----------+------+------+
|Path Group|   WNS|   TNS|
+----------+------+------+
|default   |-0.078|-0.620|
|reg2reg   | 1.161| 0.000|
|HEPG      | 1.161| 0.000|
|All Paths |-0.078|-0.620|
+----------+------+------+

CCOptDebug: End of Optimizer TNS Pass: reg2reg* WNS 1161.2ps TNS 0.0ps; HEPG WNS 1161.2ps TNS 0.0ps; all paths WNS -78.2ps TNS -620.1ps; Real time 0:06:57
OptDebug: End of Setup Fixing:
+----------+------+------+
|Path Group|   WNS|   TNS|
+----------+------+------+
|default   |-0.078|-0.620|
|reg2reg   | 1.161| 0.000|
|HEPG      | 1.161| 0.000|
|All Paths |-0.078|-0.620|
+----------+------+------+

Bottom Preferred Layer:
+-----------+------------+----------+
|   Layer   |    CLK     |   Rule   |
+-----------+------------+----------+
| C1 (z=3)  |         56 | default  |
+-----------+------------+----------+
Via Pillar Rule:
    None

*** Finish post-CTS Setup Fixing (cpu=0:00:02.7 real=0:00:02.0 mem=5424.6M) ***

*** TnsOpt #3 [finish] (ccopt_design #1) : cpu/real = 0:00:05.1/0:00:04.2 (1.2), totSession cpu/real = 0:46:27.9/0:13:43.6 (3.4), mem = 5037.7M
End: GigaOpt Optimization in post-eco TNS mode
#optDebug: fT-D <X 1 0 0 0>
Register exp ratio and priority group on 0 nets on 39107 nets : 

Active setup views:
 AVF_RCWORST
  Dominating endpoints: 0
  Dominating TNS: -0.000

Extraction called for design 'Silago_bot_left_corner' of instances=37138 and nets=40312 using extraction engine 'pre_route' .
**WARN: (IMPEXT-3530):	The process node is not set. Use the command set_design_mode -process <process node> prior to extraction for maximum accuracy and optimal automatic threshold setting.
Type 'man IMPEXT-3530' for more detail.
pre_route RC Extraction called for design Silago_bot_left_corner.
RC Extraction called in multi-corner(3) mode.
RCMode: PreRoute
      RC Corner Indexes            0       1       2   
Capacitance Scaling Factor   : 1.00000 1.00000 1.00000 
Resistance Scaling Factor    : 1.00000 1.00000 1.00000 
Clock Cap. Scaling Factor    : 1.00000 1.00000 1.00000 
Clock Res. Scaling Factor    : 1.00000 1.00000 1.00000 
Shrink Factor                : 1.00000
PreRoute extraction is honoring NDR/Shielding/ExtraSpace for clock nets.
Using Quantus QRC technology file ...
Skipped RC grid update for preRoute extraction.
Initializing multi-corner resistance tables ...
PreRoute RC Extraction DONE (CPU Time: 0:00:01.0  Real Time: 0:00:01.0  MEM: 4977.895M)
Starting delay calculation for Setup views
AAE_INFO: opIsDesignInPostRouteState() is 0
#################################################################################
# Design Stage: PreRoute
# Design Name: Silago_bot_left_corner
# Design Mode: 90nm
# Analysis Mode: MMMC Non-OCV 
# Parasitics Mode: No SPEF/RCDB 
# Signoff Settings: SI Off 
#################################################################################
Calculate delays in BcWc mode...
Start delay calculation (fullDC) (8 T). (MEM=5005.26)
Total number of fetched objects 39130
AAE_INFO: Total number of nets for which stage creation was skipped for all views 0
End delay calculation. (MEM=5328.18 CPU=0:00:17.2 REAL=0:00:03.0)
End delay calculation (fullDC). (MEM=5328.18 CPU=0:00:19.9 REAL=0:00:04.0)
*** Done Building Timing Graph (cpu=0:00:27.0 real=0:00:05.0 totSessionCpu=0:46:57 mem=5328.2M)
OPTC: user 20.0
[NR-eGR] Track table information for default rule: 
[NR-eGR] M1 has single uniform track structure
[NR-eGR] M2 has single uniform track structure
[NR-eGR] C1 has single uniform track structure
[NR-eGR] C2 has single uniform track structure
[NR-eGR] C3 has single uniform track structure
[NR-eGR] C4 has single uniform track structure
[NR-eGR] BA has single uniform track structure
[NR-eGR] BB has single uniform track structure
[NR-eGR] JA has single uniform track structure
[NR-eGR] JB has single uniform track structure
[NR-eGR] LB has single uniform track structure
[NR-eGR] Read 21 PG shapes
[NR-eGR] Read 0 clock shapes
[NR-eGR] Read 0 other shapes
[NR-eGR] #Routing Blockages  : 31
[NR-eGR] #Instance Blockages : 100087
[NR-eGR] #PG Blockages       : 21
[NR-eGR] #Halo Blockages     : 0
[NR-eGR] #Boundary Blockages : 0
[NR-eGR] #Clock Blockages    : 0
[NR-eGR] #Other Blockages    : 0
[NR-eGR] Num Prerouted Nets = 56  Num Prerouted Wires = 17038
[NR-eGR] Read 39080 nets ( ignored 56 )
[NR-eGR] ============ Routing rule table ============
[NR-eGR] Rule id: 0  Nets: 39024
[NR-eGR] ========================================
[NR-eGR] 
[NR-eGR] Layer group 1: route 39024 net(s) in layer range [2, 11]
[NR-eGR] Early Global Route overflow of layer group 1: 0.27% H + 0.14% V. EstWL: 4.157165e+05um
[NR-eGR] Congestion Analysis By layer: (blocked Gcells are excluded) 
[NR-eGR]                        OverCon           OverCon           OverCon            
[NR-eGR]                         #Gcell            #Gcell            #Gcell     %Gcell
[NR-eGR]        Layer             (1-4)             (5-8)            (9-10)    OverCon
[NR-eGR] --------------------------------------------------------------------------------
[NR-eGR]      M1 ( 1)         0( 0.00%)         0( 0.00%)         0( 0.00%)   ( 0.00%) 
[NR-eGR]      M2 ( 2)      1144( 1.17%)         1( 0.00%)         0( 0.00%)   ( 1.17%) 
[NR-eGR]      C1 ( 3)       341( 0.35%)         0( 0.00%)         0( 0.00%)   ( 0.35%) 
[NR-eGR]      C2 ( 4)       102( 0.10%)         1( 0.00%)         0( 0.00%)   ( 0.11%) 
[NR-eGR]      C3 ( 5)        48( 0.05%)         1( 0.00%)         0( 0.00%)   ( 0.05%) 
[NR-eGR]      C4 ( 6)        94( 0.10%)        10( 0.01%)         1( 0.00%)   ( 0.11%) 
[NR-eGR]      BA ( 7)        23( 0.02%)         0( 0.00%)         0( 0.00%)   ( 0.02%) 
[NR-eGR]      BB ( 8)        16( 0.02%)        19( 0.02%)         0( 0.00%)   ( 0.04%) 
[NR-eGR]      JA ( 9)         0( 0.00%)         0( 0.00%)         0( 0.00%)   ( 0.00%) 
[NR-eGR]      JB (10)         0( 0.00%)         0( 0.00%)         0( 0.00%)   ( 0.00%) 
[NR-eGR]      LB (11)         0( 0.00%)         0( 0.00%)         0( 0.00%)   ( 0.00%) 
[NR-eGR] --------------------------------------------------------------------------------
[NR-eGR]        Total      1768( 0.23%)        32( 0.00%)         1( 0.00%)   ( 0.24%) 
[NR-eGR] 
[NR-eGR] Overflow after Early Global Route 0.09% H + 0.03% V
[NR-eGR] Finished Early Global Route kernel ( CPU: 4.77 sec, Real: 1.76 sec, Curr Mem: 5360.18 MB )
[hotspot] +------------+---------------+---------------+
[hotspot] |            |   max hotspot | total hotspot |
[hotspot] +------------+---------------+---------------+
[hotspot] | normalized |          5.51 |         15.34 |
[hotspot] +------------+---------------+---------------+
Local HotSpot Analysis: normalized max congestion hotspot area = 5.51, normalized total congestion hotspot area = 15.34 (area is in unit of 4 std-cell row bins)
[hotspot] top 1 congestion hotspot bounding boxes and scores of normalized hotspot
[hotspot] +-----+-------------------------------------+---------------+
[hotspot] | top |            hotspot bbox             | hotspot score |
[hotspot] +-----+-------------------------------------+---------------+
[hotspot] |  1  |    71.68   194.56    81.92   200.32 |        2.23   |
[hotspot] +-----+-------------------------------------+---------------+
[hotspot] Hotspot report including placement blocked areas
[hotspot] +------------+---------------+---------------+
[hotspot] |            |   max hotspot | total hotspot |
[hotspot] +------------+---------------+---------------+
[hotspot] | normalized |         43.67 |         62.03 |
[hotspot] +------------+---------------+---------------+
Local HotSpot Analysis (blockage included): normalized max congestion hotspot area = 43.67, normalized total congestion hotspot area = 62.03 (area is in unit of 4 std-cell row bins)
[hotspot] top 5 congestion hotspot bounding boxes and scores of normalized hotspot
[hotspot] +-----+-------------------------------------+---------------+
[hotspot] | top |            hotspot bbox             | hotspot score |
[hotspot] +-----+-------------------------------------+---------------+
[hotspot] |  1  |    71.68   194.56   112.64   200.32 |       34.62   |
[hotspot] +-----+-------------------------------------+---------------+
[hotspot] |  2  |   194.56    92.16   200.32   107.52 |       12.89   |
[hotspot] +-----+-------------------------------------+---------------+
[hotspot] |  3  |   112.64   194.56   122.88   200.32 |        2.75   |
[hotspot] +-----+-------------------------------------+---------------+
[hotspot] |  4  |   194.56    81.92   200.32    92.16 |        1.84   |
[hotspot] +-----+-------------------------------------+---------------+
[hotspot] |  5  |   122.88   194.56   133.12   200.32 |        0.26   |
[hotspot] +-----+-------------------------------------+---------------+
Reported timing to dir ./timingReports
**opt_design ... cpu = 0:16:56, real = 0:04:58, mem = 3294.9M, totSessionCpu=0:47:02 **


------------------------------------------------------------------
     opt_design Final Summary
------------------------------------------------------------------

Setup views included:
 AVF_RCWORST 

+--------------------+---------+---------+---------+
|     Setup mode     |   all   | reg2reg | default |
+--------------------+---------+---------+---------+
|           WNS (ns):| -0.078  |  1.165  | -0.078  |
|           TNS (ns):| -0.620  |  0.000  | -0.620  |
|    Violating Paths:|   10    |    0    |   10    |
|          All Paths:|  5042   |  4770   |  3329   |
+--------------------+---------+---------+---------+

+----------------+-------------------------------+------------------+
|                |              Real             |       Total      |
|    DRVs        +------------------+------------+------------------|
|                |  Nr nets(terms)  | Worst Vio  |  Nr nets(terms)  |
+----------------+------------------+------------+------------------+
|   max_cap      |      0 (0)       |   0.000    |      0 (0)       |
|   max_tran     |      0 (0)       |   0.000    |      0 (0)       |
|   max_fanout   |      0 (0)       |     0      |      0 (0)       |
|   max_length   |      0 (0)       |     0      |      0 (0)       |
+----------------+------------------+------------+------------------+


Density: 55.734%
Routing Overflow: 0.09% H and 0.03% V
------------------------------------------------------------------

**opt_design ... cpu = 0:17:03, real = 0:05:02, mem = 3297.4M, totSessionCpu=0:47:10 **
*** Finished opt_design ***
      flow.cputime  flow.realtime  timing.setup.tns  timing.setup.wns  snapshot
UM:*                                      -0.620 ns         -0.078 ns  final
UM: Running design category ...
------------------------------------------------------------
	Current design flip-flop statistics

Single-Bit FF Count          :         4808
Multi-Bit FF Count           :            0
Total Bit Count              :         4808
Total FF Count               :         4808
Bits Per Flop                :        1.000
Total Clock Pin Cap(FF)      :     2962.555
Multibit Conversion Ratio(%) :         0.00
------------------------------------------------------------
------------------------------------------------------------
            Multi-bit cell usage statistics

------------------------------------------------------------
============================================================
Sequential Multibit cells usage statistics
------------------------------------------------------------
            Not Merged-bits         Merged-bits     Multibit Conversion %     Bits Per Flop
------------------------------------------------------------
-FlipFlops             4808                    0        0.00                    1.00
------------------------------------------------------------

------------------------------------------------------------
Seq_Mbit libcell              Bitwidth        Count
------------------------------------------------------------
Total 0
============================================================
------------------------------------------------------------
Category            Num of Insts Rejected     Reasons
------------------------------------------------------------
------------------------------------------------------------
      flow.cputime  flow.realtime  timing.setup.tns  timing.setup.wns  snapshot
UM:        1026.09            305         -0.620 ns         -0.078 ns  opt_design_postcts
Info: Destroy the CCOpt slew target map.
Set place::cacheFPlanSiteMark to 0
(ccopt_design): dumping clock statistics to metric
Clock tree timing engine global stage delay update for WC_dc:setup.early...
Clock tree timing engine global stage delay update for WC_dc:setup.early done. (took cpu=0:00:00.4 real=0:00:00.1)
Clock tree timing engine global stage delay update for WC_dc:setup.late...
Clock tree timing engine global stage delay update for WC_dc:setup.late done. (took cpu=0:00:00.1 real=0:00:00.0)
Clock tree timing engine global stage delay update for BC_dc:hold.early...
Clock tree timing engine global stage delay update for BC_dc:hold.early done. (took cpu=0:00:00.1 real=0:00:00.0)
Clock tree timing engine global stage delay update for BC_dc:hold.late...
Clock tree timing engine global stage delay update for BC_dc:hold.late done. (took cpu=0:00:00.1 real=0:00:00.0)
Clock tree timing engine global stage delay update for TC_dc:hold.early...
Clock tree timing engine global stage delay update for TC_dc:hold.early done. (took cpu=0:00:00.1 real=0:00:00.0)
Clock tree timing engine global stage delay update for TC_dc:hold.late...
Clock tree timing engine global stage delay update for TC_dc:hold.late done. (took cpu=0:00:00.1 real=0:00:00.0)
UM: Running design category ...
------------------------------------------------------------
	Current design flip-flop statistics

Single-Bit FF Count          :         4808
Multi-Bit FF Count           :            0
Total Bit Count              :         4808
Total FF Count               :         4808
Bits Per Flop                :        1.000
Total Clock Pin Cap(FF)      :     2962.555
Multibit Conversion Ratio(%) :         0.00
------------------------------------------------------------
------------------------------------------------------------
            Multi-bit cell usage statistics

------------------------------------------------------------
============================================================
Sequential Multibit cells usage statistics
------------------------------------------------------------
            Not Merged-bits         Merged-bits     Multibit Conversion %     Bits Per Flop
------------------------------------------------------------
-FlipFlops             4808                    0        0.00                    1.00
------------------------------------------------------------

------------------------------------------------------------
Seq_Mbit libcell              Bitwidth        Count
------------------------------------------------------------
Total 0
============================================================
------------------------------------------------------------
Category            Num of Insts Rejected     Reasons
------------------------------------------------------------
------------------------------------------------------------
      flow.cputime  flow.realtime  timing.setup.tns  timing.setup.wns  snapshot
UM:        1325.72            424         -0.620 ns         -0.078 ns  ccopt_design

*** Summary of all messages that are not suppressed in this session:
Severity  ID               Count  Summary                                  
WARNING   IMPDBTCL-321         8  The attribute '%s' still works but will ...
WARNING   IMPEXT-3530          5  The process node is not set. Use the com...
WARNING   IMPSP-5140           8  Global net connect rules have not been c...
WARNING   IMPSP-315            8  Found %d instances insts with no PG Term...
WARNING   IMPSP-9025           1  No scan chain specified/traced.          
WARNING   IMPSP-2041           1  Found %d fixed insts that could not be c...
WARNING   IMPCCOPT-1127        2  The skew group %s has been identified as...
WARNING   IMPTCM-77            2  Option "%s" for command %s is obsolete a...
*** Message Summary: 35 warning(s), 0 error(s)

*** ccopt_design #1 [finish] : cpu/real = 0:22:19.0/0:07:16.6 (3.1), totSession cpu/real = 0:47:16.6/0:14:02.6 (3.4), mem = 5314.9M
#% End ccopt_design (date=01/03 09:33:17, total cpu=0:22:19, real=0:07:16, peak res=3711.8M, current mem=3208.1M)
@@file 8: route_design
#% Begin route_design (date=01/03 09:33:17, mem=3208.1M)
#route_design: cpu time = 00:00:00, elapsed time = 00:00:00, memory = 3208.06 (MB), peak = 3711.80 (MB)
AAE_INFO: Pre Route call back at the beginning of routeDesign
#**INFO: setDesignMode -flowEffort standard
#**INFO: setDesignMode -powerEffort none
**INFO: User settings:
delaycal_default_net_delay                                   1000ps
delaycal_default_net_load                                    0.5pf
delaycal_enable_high_fanout                                  true
delaycal_ignore_net_load                                     false
delaycal_input_transition_delay                              0.1ps
delaycal_socv_accuracy_mode                                  low
delaycal_use_default_delay_limit                             1000
setAnalysisMode -cts                                         postCTS
setAnalysisMode -virtualIPO                                  false
setDelayCalMode -engine                                      aae
extract_rc_engine                                            pre_route
route_design_extract_third_party_compatible                  false
route_design_global_exp_timing_driven_std_delay              10.6
setActiveLogicViewMode -keepHighFanoutCriticalInsts          false
getAnalysisMode -cts                                         postCTS
getAnalysisMode -virtualIPO                                  false
getDelayCalMode -engine                                      aae
getIlmMode -keepHighFanoutCriticalInsts                      false
get_power_analysis_mode -report_power_quiet                  false
getAnalysisMode -cts                                         postCTS
getAnalysisMode -virtualIPO                                  false
#**INFO: multi-cut via swapping will be performed after routing.
#**INFO: All auto set options tuned by route_design will be restored to their original settings on command completion.

**Info: (IMPSP-2062): Some of the PG shapes may not be colorized properly in this design, users are required to run command colorizePowerMesh before any placement related commands!
Begin checking placement ... (start mem=4974.9M, init mem=4974.9M)
*info: Placed = 37138          (Fixed = 55)
*info: Unplaced = 0           
Placement Density:55.73%(22329/40062)
Placement Density (including fixed std cells):55.73%(22329/40062)
Finished check_place (total: cpu=0:00:00.8, real=0:00:01.0; vio checks: cpu=0:00:00.6, real=0:00:01.0; mem=4942.9M)

changeUseClockNetStatus Option :  -noFixedNetWires 
*** Changed status on (56) nets in Clock.
*** End changeUseClockNetStatus (cpu=0:00:00.0, real=0:00:00.0, mem=4942.9M) ***
#Start route 56 clock and analog nets...

route_global_detail

#Start route_global_detail on Sat Jan  3 09:33:25 2026
#
Skipped RC grid update for preRoute extraction.
Initializing multi-corner resistance tables ...
#WARNING (NRIG-1303) The congestion map does not match the GCELL grid. Clearing the map.
#num needed restored net=40256
#need_extraction net=0 (total=40312)
#WARNING (NRDB-2005) SPECIAL_NET VSS has special wires but no definitions for instance pins or top level pins. This will cause routability problems later.
#WARNING (NRDB-2005) SPECIAL_NET VSS has special wires but no definitions for instance pins or top level pins. This will cause routability problems later.
#NanoRoute Version 21.19-s058_1 NR231113-0413/21_19-UB
#Skip comparing routing design signature in db-snapshot flow
#Total number of trivial nets (e.g. < 2 pins) = 1232 (skipped).
#Total number of nets with skipped attribute = 39024 (skipped).
#Total number of routable nets = 56.
#Total number of nets in the design = 40312.
#48 routable nets do not have any wires.
#8 routable nets have routed wires.
#39024 skipped nets have only detail routed wires.
#48 nets will be global routed.
#48 global routed or unrouted (routable) nets have been constrained (e.g. have preferred extra spacing, require shielding etc.)
#8 detail routed (routable) nets have been constrained (e.g. have preferred extra spacing, require shielding etc.)
#Using multithreading with 8 threads.
#Start routing data preparation on Sat Jan  3 09:33:26 2026
#
#Minimum voltage of a net in the design = 0.000.
#Maximum voltage of a net in the design = 0.800.
#Voltage range [0.000 - 0.800] has 40279 nets.
#Voltage range [0.000 - 0.000] has 32 nets.
#Voltage range [0.720 - 0.800] has 1 net.
#Build and mark too close pins for the same net.
#Rebuild pin access data for design.
#Initial pin access analysis.
#Detail pin access analysis.
# M1           V   Track-Pitch = 0.10400    Line-2-Via Pitch = 0.08000
# M2           H   Track-Pitch = 0.08000    Line-2-Via Pitch = 0.08000
# C1           V   Track-Pitch = 0.09000    Line-2-Via Pitch = 0.09000
# C2           H   Track-Pitch = 0.09000    Line-2-Via Pitch = 0.09000
# C3           V   Track-Pitch = 0.09000    Line-2-Via Pitch = 0.09000
# C4           H   Track-Pitch = 0.09000    Line-2-Via Pitch = 0.09000
# BA           V   Track-Pitch = 0.18000    Line-2-Via Pitch = 0.18000
# BB           H   Track-Pitch = 0.18000    Line-2-Via Pitch = 0.18000
# JA           V   Track-Pitch = 0.90000    Line-2-Via Pitch = 0.90000
# JB           H   Track-Pitch = 0.90000    Line-2-Via Pitch = 0.90000
# LB           V   Track-Pitch = 3.60000    Line-2-Via Pitch = 4.50000
#WARNING (NRAG-44) Track pitch is too small compared with line-2-via pitch.
#Bottom routing layer index=1(M1), bottom routing layer for shielding=3(C1), bottom shield layer=3(C1)
#shield_bottom_stripe_layer=3(C1), shield_top_stripe_layer=11(LB)
#pin_access_rlayer=2(M2)
#shield_top_dpt_rlayer=2 top_rlayer=11 top_trim_metal_rlayer=-1 rlayer_lowest=3 bottom_rlayer=1
#enable_trim_layer_shield=F enable_dpt_layer_shield=F has_line_end_grid=F
#cpu time = 00:00:00, elapsed time = 00:00:00, memory = 3262.46 (MB), peak = 3711.80 (MB)
#Regenerating Ggrids automatically.
#Auto generating G-grids with size=15 tracks, using layer C1's pitch = 0.09000.
#Using automatically generated G-grids.
#Done routing data preparation.
#cpu time = 00:02:17, elapsed time = 00:00:21, memory = 3298.42 (MB), peak = 3711.80 (MB)
#Minimum voltage of a net in the design = 0.000.
#Maximum voltage of a net in the design = 0.800.
#Voltage range [0.000 - 0.800] has 40279 nets.
#Voltage range [0.000 - 0.000] has 32 nets.
#Voltage range [0.720 - 0.800] has 1 net.
#Start instance access analysis using 8 threads...
#Set layer M1 to be advanced pin access layer.
#0 instance pins are hard to access
#Instance access analysis statistics:
#Cpu time = 00:00:03
#Elapsed time = 00:00:01
#Increased memory = 16.54 (MB)
#Total memory = 3315.21 (MB)
#Peak memory = 3711.80 (MB)
#
#Finished routing data preparation on Sat Jan  3 09:33:48 2026
#
#Cpu time = 00:02:20
#Elapsed time = 00:00:22
#Increased memory = 98.62 (MB)
#Total memory = 3315.21 (MB)
#Peak memory = 3711.80 (MB)
#
#
#Start global routing on Sat Jan  3 09:33:48 2026
#
#
#Start global routing initialization on Sat Jan  3 09:33:48 2026
#
#Number of eco nets is 48
#
#Start global routing data preparation on Sat Jan  3 09:33:48 2026
#
#Start routing resource analysis on Sat Jan  3 09:33:48 2026
#
#Routing resource analysis is done on Sat Jan  3 09:33:48 2026
#
#  Resource Analysis:
#
#               Routing  #Avail      #Track     #Total     %Gcell
#  Layer      Direction   Track     Blocked      Gcell    Blocked
#  --------------------------------------------------------------
#  M1             V           0        1923       22052   100.00%
#  M2             H        1732         772       22052     0.00%
#  C1             V        2216           7       22052     0.67%
#  C2             H        2221           5       22052     0.00%
#  C3             V        2220           3       22052     0.67%
#  C4             H        2225           1       22052     0.00%
#  BA             V        1109           2       22052     0.67%
#  BB             H        1112           1       22052     0.00%
#  JA             V         221           1       22052     0.71%
#  JB             H           1         221       22052    99.33%
#  LB             V           0          55       22052   100.00%
#  --------------------------------------------------------------
#  Total                  13059      30.13%      242572    27.46%
#
#  56 nets (0.14%) with 1 preferred extra spacing.
#
#
#
#Global routing data preparation is done on Sat Jan  3 09:33:48 2026
#
#cpu time = 00:00:01, elapsed time = 00:00:00, memory = 3320.98 (MB), peak = 3711.80 (MB)
#
#
#Global routing initialization is done on Sat Jan  3 09:33:48 2026
#
#cpu time = 00:00:01, elapsed time = 00:00:00, memory = 3323.45 (MB), peak = 3711.80 (MB)
#
#start global routing iteration 1...
#cpu time = 00:00:01, elapsed time = 00:00:00, memory = 3340.08 (MB), peak = 3711.80 (MB)
#
#start global routing iteration 2...
#cpu time = 00:00:00, elapsed time = 00:00:00, memory = 3338.46 (MB), peak = 3711.80 (MB)
#
#start global routing iteration 3...
#cpu time = 00:00:00, elapsed time = 00:00:00, memory = 3338.46 (MB), peak = 3711.80 (MB)
#
#
#Total number of trivial nets (e.g. < 2 pins) = 1232 (skipped).
#Total number of nets with skipped attribute = 39024 (skipped).
#Total number of routable nets = 56.
#Total number of nets in the design = 40312.
#
#56 routable nets have routed wires.
#39024 skipped nets have only detail routed wires.
#48 global routed or unrouted (routable) nets have been constrained (e.g. have preferred extra spacing, require shielding etc.)
#8 detail routed (routable) nets have been constrained (e.g. have preferred extra spacing, require shielding etc.)
#
#Routed net constraints summary:
#------------------------------------------------
#        Rules   Pref Extra Space   Unconstrained  
#------------------------------------------------
#      Default                 48               0  
#------------------------------------------------
#        Total                 48               0  
#------------------------------------------------
#
#Routing constraints summary of the whole design:
#------------------------------------------------
#        Rules   Pref Extra Space   Unconstrained  
#------------------------------------------------
#      Default                 56           39024  
#------------------------------------------------
#        Total                 56           39024  
#------------------------------------------------
#
#
#  Congestion Analysis: (blocked Gcells are excluded)
#
#                 OverCon          
#                  #Gcell    %Gcell
#     Layer           (1)   OverCon
#  --------------------------------
#  M2            0(0.00%)   (0.00%)
#  C1            0(0.00%)   (0.00%)
#  C2            0(0.00%)   (0.00%)
#  C3            0(0.00%)   (0.00%)
#  C4            0(0.00%)   (0.00%)
#  BA            0(0.00%)   (0.00%)
#  BB            0(0.00%)   (0.00%)
#  JA            0(0.00%)   (0.00%)
#  JB            0(0.00%)   (0.00%)
#  --------------------------------
#     Total      0(0.00%)   (0.00%)
#
#  The worst congested Gcell overcon (routing demand over resource in number of tracks) = 1
#  Overflow after GR: 0.00% H + 0.00% V
#
#Complete Global Routing.
#Total number of nets with non-default rule or having extra spacing = 56
#Total wire length = 10609 um.
#Total half perimeter of net bounding box = 3479 um.
#Total wire length on LAYER M1 = 0 um.
#Total wire length on LAYER M2 = 177 um.
#Total wire length on LAYER C1 = 5335 um.
#Total wire length on LAYER C2 = 4623 um.
#Total wire length on LAYER C3 = 476 um.
#Total wire length on LAYER C4 = 0 um.
#Total wire length on LAYER BA = 0 um.
#Total wire length on LAYER BB = 0 um.
#Total wire length on LAYER JA = 0 um.
#Total wire length on LAYER JB = 0 um.
#Total wire length on LAYER LB = 0 um.
#Total number of vias = 10112
#Up-Via Summary (total 10112):
#           
#-----------------------
# M1                307
# M2               4892
# C1               4644
# C2                269
#-----------------------
#                 10112 
#
#Total number of involved priority nets 48
#Maximum src to sink distance for priority net 138.6
#Average of max src_to_sink distance for priority net 48.9
#Average of ave src_to_sink distance for priority net 25.4
#Max overcon = 0 track.
#Total overcon = 0.00%.
#Worst layer Gcell overcon rate = 0.00%.
#
#Global routing statistics:
#Cpu time = 00:00:02
#Elapsed time = 00:00:01
#Increased memory = 16.89 (MB)
#Total memory = 3332.11 (MB)
#Peak memory = 3711.80 (MB)
#
#Finished global routing on Sat Jan  3 09:33:49 2026
#
#
#Minimum voltage of a net in the design = 0.000.
#Maximum voltage of a net in the design = 0.800.
#Voltage range [0.000 - 0.800] has 40279 nets.
#Voltage range [0.000 - 0.000] has 32 nets.
#Voltage range [0.720 - 0.800] has 1 net.
#Minimum voltage of a net in the design = 0.000.
#Maximum voltage of a net in the design = 0.800.
#Voltage range [0.000 - 0.800] has 40279 nets.
#Voltage range [0.000 - 0.000] has 32 nets.
#Voltage range [0.720 - 0.800] has 1 net.
#cpu time = 00:00:00, elapsed time = 00:00:00, memory = 3328.63 (MB), peak = 3711.80 (MB)
#Minimum voltage of a net in the design = 0.000.
#Maximum voltage of a net in the design = 0.800.
#Voltage range [0.000 - 0.800] has 40279 nets.
#Voltage range [0.000 - 0.000] has 32 nets.
#Voltage range [0.720 - 0.800] has 1 net.
#Start Track Assignment.
#Done with 26 horizontal wires in 5 hboxes and 71 vertical wires in 5 hboxes.
#Done with 0 horizontal wires in 5 hboxes and 0 vertical wires in 5 hboxes.
#Complete Track Assignment.
#Total number of nets with non-default rule or having extra spacing = 56
#Total wire length = 10611 um.
#Total half perimeter of net bounding box = 3479 um.
#Total wire length on LAYER M1 = 0 um.
#Total wire length on LAYER M2 = 177 um.
#Total wire length on LAYER C1 = 5335 um.
#Total wire length on LAYER C2 = 4623 um.
#Total wire length on LAYER C3 = 476 um.
#Total wire length on LAYER C4 = 0 um.
#Total wire length on LAYER BA = 0 um.
#Total wire length on LAYER BB = 0 um.
#Total wire length on LAYER JA = 0 um.
#Total wire length on LAYER JB = 0 um.
#Total wire length on LAYER LB = 0 um.
#Total number of vias = 10112
#Up-Via Summary (total 10112):
#           
#-----------------------
# M1                307
# M2               4892
# C1               4644
# C2                269
#-----------------------
#                 10112 
#
#cpu time = 00:00:01, elapsed time = 00:00:01, memory = 3329.44 (MB), peak = 3711.80 (MB)
#
#Routing data preparation, pin analysis, global routing and track assignment statistics:
#Cpu time = 00:02:23
#Elapsed time = 00:00:24
#Increased memory = 112.85 (MB)
#Total memory = 3329.44 (MB)
#Peak memory = 3711.80 (MB)
#Using multithreading with 8 threads.
#Minimum voltage of a net in the design = 0.000.
#Maximum voltage of a net in the design = 0.800.
#Voltage range [0.000 - 0.800] has 40279 nets.
#Voltage range [0.000 - 0.000] has 32 nets.
#Voltage range [0.720 - 0.800] has 1 net.
#Minimum voltage of a net in the design = 0.000.
#Maximum voltage of a net in the design = 0.800.
#Voltage range [0.000 - 0.800] has 40279 nets.
#Voltage range [0.000 - 0.000] has 32 nets.
#Voltage range [0.720 - 0.800] has 1 net.
#Minimum voltage of a net in the design = 0.000.
#Maximum voltage of a net in the design = 0.800.
#Voltage range [0.000 - 0.800] has 40279 nets.
#Voltage range [0.000 - 0.000] has 32 nets.
#Voltage range [0.720 - 0.800] has 1 net.
#Minimum voltage of a net in the design = 0.000.
#Maximum voltage of a net in the design = 0.800.
#Voltage range [0.000 - 0.800] has 40279 nets.
#Voltage range [0.000 - 0.000] has 32 nets.
#Voltage range [0.720 - 0.800] has 1 net.
#
#Start Detail Routing..
#start initial detail routing ...
# ECO: 52.48% of the total area was rechecked for DRC, and 31.84% required routing.
#   number of violations = 20
#
#    By Layer and Type :
#	          Color EOLColor   Totals
#	M1            0        0        0
#	M2            9       11       20
#	Totals        9       11       20
#21107 out of 37138 instances (56.8%) need to be verified(marked ipoed), dirty area = 28.9%.
#   number of violations = 20
#
#    By Layer and Type :
#	          Color EOLColor   Totals
#	M1            0        0        0
#	M2            9       11       20
#	Totals        9       11       20
#cpu time = 00:01:18, elapsed time = 00:00:10, memory = 3355.60 (MB), peak = 3712.86 (MB)
#start 1st optimization iteration ...
#   number of violations = 0
#cpu time = 00:00:02, elapsed time = 00:00:00, memory = 3355.20 (MB), peak = 3712.86 (MB)
#Complete Detail Routing.
#Total number of nets with non-default rule or having extra spacing = 56
#Total wire length = 10664 um.
#Total half perimeter of net bounding box = 3479 um.
#Total wire length on LAYER M1 = 0 um.
#Total wire length on LAYER M2 = 191 um.
#Total wire length on LAYER C1 = 5346 um.
#Total wire length on LAYER C2 = 4651 um.
#Total wire length on LAYER C3 = 476 um.
#Total wire length on LAYER C4 = 0 um.
#Total wire length on LAYER BA = 0 um.
#Total wire length on LAYER BB = 0 um.
#Total wire length on LAYER JA = 0 um.
#Total wire length on LAYER JB = 0 um.
#Total wire length on LAYER LB = 0 um.
#Total number of vias = 10324
#Up-Via Summary (total 10324):
#           
#-----------------------
# M1                312
# M2               4931
# C1               4812
# C2                269
#-----------------------
#                 10324 
#
#Total number of DRC violations = 0
#Cpu time = 00:01:20
#Elapsed time = 00:00:11
#Increased memory = 25.76 (MB)
#Total memory = 3355.20 (MB)
#Peak memory = 3712.86 (MB)
#route_detail Statistics:
#Cpu time = 00:01:20
#Elapsed time = 00:00:11
#Increased memory = 25.76 (MB)
#Total memory = 3355.20 (MB)
#Peak memory = 3712.86 (MB)
#Skip updating routing design signature in db-snapshot flow
#
#route_global_detail statistics:
#Cpu time = 00:03:47
#Elapsed time = 00:00:38
#Increased memory = -20.71 (MB)
#Total memory = 3188.61 (MB)
#Peak memory = 3712.86 (MB)
#Number of warnings = 4
#Total number of warnings = 21
#Number of fails = 0
#Total number of fails = 0
#Complete route_global_detail on Sat Jan  3 09:34:02 2026
#
#**INFO: auto set of droutePostRouteSwapVia to multiCut

route_global_detail

#Start route_global_detail on Sat Jan  3 09:34:03 2026
#
#Generating timing data, please wait...
#39107 total nets, 56 already routed, 56 will ignore in trialRoute
**WARN: (IMPEXT-3530):	The process node is not set. Use the command set_design_mode -process <process node> prior to extraction for maximum accuracy and optimal automatic threshold setting.
#View pruning: cpu time = 00:00:00, elapsed time = 00:00:00, memory = 3016.73 (MB), peak = 3712.86 (MB)
#Reporting timing...
###############################################################
#  Generated by:      Cadence Innovus 21.19-s058_1
#  OS:                Linux x86_64(Host ID il2225ht25_jcdavid)
#  Generated on:      Sat Jan  3 09:34:14 2026
#  Design:            Silago_bot_left_corner
#  Command:           route_design
###############################################################
#Normalized TNS: -0.644 -> -0.032, r2r 0.000 -> 0.000, unit 1.000, clk period 20.000 (ns)
#Stage 1: cpu time = 00:00:33, elapsed time = 00:00:08, memory = 2824.60 (MB), peak = 3712.86 (MB)
#Library Standard Delay: 10.60ps
#Slack threshold: 21.20ps
#*** Analyzed 0 timing critical paths, and collected 0.
#Stage 2: cpu time = 00:00:02, elapsed time = 00:00:01, memory = 2824.66 (MB), peak = 3712.86 (MB)
#Stage 3: cpu time = 00:00:04, elapsed time = 00:00:04, memory = 3083.27 (MB), peak = 3712.86 (MB)
#Default setup view is reset to AVF_RCWORST.
#Stage 4: cpu time = 00:00:00, elapsed time = 00:00:00, memory = 3083.27 (MB), peak = 3712.86 (MB)
#Current view: AVF_RCWORST 
#Current enabled view: AVF_RCWORST 
#Generating timing data took: cpu time = 00:00:45, elapsed time = 00:00:15, memory = 3081.41 (MB), peak = 3712.86 (MB)
#Done generating timing data.
#WARNING (NRIG-1303) The congestion map does not match the GCELL grid. Clearing the map.
#num needed restored net=0
#need_extraction net=0 (total=40312)
#WARNING (NRDB-2005) SPECIAL_NET VSS has special wires but no definitions for instance pins or top level pins. This will cause routability problems later.
#WARNING (NRDB-2005) SPECIAL_NET VSS has special wires but no definitions for instance pins or top level pins. This will cause routability problems later.
#NanoRoute Version 21.19-s058_1 NR231113-0413/21_19-UB
#Start routing data preparation on Sat Jan  3 09:34:22 2026
#
#Minimum voltage of a net in the design = 0.000.
#Maximum voltage of a net in the design = 0.800.
#Voltage range [0.000 - 0.800] has 40279 nets.
#Voltage range [0.000 - 0.000] has 32 nets.
#Voltage range [0.720 - 0.800] has 1 net.
#Build and mark too close pins for the same net.
#Initial pin access analysis.
#Detail pin access analysis.
# M1           V   Track-Pitch = 0.10400    Line-2-Via Pitch = 0.08000
# M2           H   Track-Pitch = 0.08000    Line-2-Via Pitch = 0.08000
# C1           V   Track-Pitch = 0.09000    Line-2-Via Pitch = 0.09000
# C2           H   Track-Pitch = 0.09000    Line-2-Via Pitch = 0.09000
# C3           V   Track-Pitch = 0.09000    Line-2-Via Pitch = 0.09000
# C4           H   Track-Pitch = 0.09000    Line-2-Via Pitch = 0.09000
# BA           V   Track-Pitch = 0.18000    Line-2-Via Pitch = 0.18000
# BB           H   Track-Pitch = 0.18000    Line-2-Via Pitch = 0.18000
# JA           V   Track-Pitch = 0.90000    Line-2-Via Pitch = 0.90000
# JB           H   Track-Pitch = 0.90000    Line-2-Via Pitch = 0.90000
# LB           V   Track-Pitch = 3.60000    Line-2-Via Pitch = 4.50000
#WARNING (NRAG-44) Track pitch is too small compared with line-2-via pitch.
#Bottom routing layer index=1(M1), bottom routing layer for shielding=3(C1), bottom shield layer=3(C1)
#shield_bottom_stripe_layer=3(C1), shield_top_stripe_layer=11(LB)
#pin_access_rlayer=2(M2)
#shield_top_dpt_rlayer=2 top_rlayer=11 top_trim_metal_rlayer=-1 rlayer_lowest=3 bottom_rlayer=1
#enable_trim_layer_shield=F enable_dpt_layer_shield=F has_line_end_grid=F
#cpu time = 00:00:00, elapsed time = 00:00:00, memory = 3091.89 (MB), peak = 3712.86 (MB)
#Regenerating Ggrids automatically.
#Auto generating G-grids with size=15 tracks, using layer C1's pitch = 0.09000.
#Using automatically generated G-grids.
#Done routing data preparation.
#cpu time = 00:00:05, elapsed time = 00:00:04, memory = 3108.77 (MB), peak = 3712.86 (MB)
#Start instance access analysis using 8 threads...
#Set layer M1 to be advanced pin access layer.
#0 instance pins are hard to access
#Instance access analysis statistics:
#Cpu time = 00:00:03
#Elapsed time = 00:00:01
#Increased memory = 10.54 (MB)
#Total memory = 3119.32 (MB)
#Peak memory = 3712.86 (MB)
#
#Summary of active signal nets routing constraints set by OPT:
#	preferred routing layers      : 0
#	preferred routing layer effort: 0
#	preferred extra space         : 0
#	preferred multi-cut via       : 0
#	avoid detour                  : 0
#	expansion ratio               : 0
#	net priority                  : 0
#	s2s control                   : 0
#	avoid chaining                : 0
#	inst-based stacking via       : 0
#
#Summary of active signal nets routing constraints set by USER:
#	preferred routing layers      : 0
#	preferred routing layer effort     : 0
#	preferred extra space              : 0
#	preferred multi-cut via            : 0
#	avoid detour                       : 0
#	net weight                         : 0
#	avoid chaining                     : 0
#	cell-based stacking via (required) : 0
#	cell-based stacking via (optional) : 0
#
#Start timing driven prevention iteration...
#
#----------------------------------------------------
# Summary of active signal nets routing constraints
#+--------------------------+-----------+
#+--------------------------+-----------+
#
#----------------------------------------------------
#Done timing-driven prevention
#cpu time = 00:00:00, elapsed time = 00:00:00, memory = 3121.79 (MB), peak = 3712.86 (MB)
#Total number of trivial nets (e.g. < 2 pins) = 1232 (skipped).
#Total number of routable nets = 39080.
#Total number of nets in the design = 40312.
#39024 routable nets do not have any wires.
#56 routable nets have routed wires.
#39024 nets will be global routed.
#56 detail routed (routable) nets have been constrained (e.g. have preferred extra spacing, require shielding etc.)
#Using multithreading with 8 threads.
#Minimum voltage of a net in the design = 0.000.
#Maximum voltage of a net in the design = 0.800.
#Voltage range [0.000 - 0.800] has 40279 nets.
#Voltage range [0.000 - 0.000] has 32 nets.
#Voltage range [0.720 - 0.800] has 1 net.
#Minimum voltage of a net in the design = 0.000.
#Maximum voltage of a net in the design = 0.800.
#Voltage range [0.000 - 0.800] has 40279 nets.
#Voltage range [0.000 - 0.000] has 32 nets.
#Voltage range [0.720 - 0.800] has 1 net.
#
#Finished routing data preparation on Sat Jan  3 09:34:28 2026
#
#Cpu time = 00:00:00
#Elapsed time = 00:00:00
#Increased memory = 0.26 (MB)
#Total memory = 3122.46 (MB)
#Peak memory = 3712.86 (MB)
#
#
#Start global routing on Sat Jan  3 09:34:28 2026
#
#
#Start global routing initialization on Sat Jan  3 09:34:28 2026
#
#Number of eco nets is 0
#
#Start global routing data preparation on Sat Jan  3 09:34:28 2026
#
#Start routing resource analysis on Sat Jan  3 09:34:28 2026
#
#Routing resource analysis is done on Sat Jan  3 09:34:28 2026
#
#  Resource Analysis:
#
#               Routing  #Avail      #Track     #Total     %Gcell
#  Layer      Direction   Track     Blocked      Gcell    Blocked
#  --------------------------------------------------------------
#  M1             V           0        1923       22052   100.00%
#  M2             H        1731         773       22052     0.00%
#  C1             V        2164          59       22052     0.67%
#  C2             H        2191          35       22052     0.00%
#  C3             V        2217           6       22052     0.67%
#  C4             H        2225           1       22052     0.00%
#  BA             V        1109           2       22052     0.67%
#  BB             H        1112           1       22052     0.00%
#  JA             V         221           1       22052     0.71%
#  JB             H           1         221       22052    99.33%
#  LB             V           0          55       22052   100.00%
#  --------------------------------------------------------------
#  Total                  12973      30.48%      242572    27.46%
#
#  56 nets (0.14%) with 1 preferred extra spacing.
#
#
#
#Global routing data preparation is done on Sat Jan  3 09:34:28 2026
#
#cpu time = 00:00:01, elapsed time = 00:00:00, memory = 3130.07 (MB), peak = 3712.86 (MB)
#
#
#Global routing initialization is done on Sat Jan  3 09:34:28 2026
#
#cpu time = 00:00:01, elapsed time = 00:00:00, memory = 3130.07 (MB), peak = 3712.86 (MB)
#
#Skip 1/3 round for no nets in the round...
#Skip 2/3 round for no nets in the round...
#Route nets in 3/3 round...
#start global routing iteration 1...
#cpu time = 00:00:35, elapsed time = 00:00:34, memory = 3200.61 (MB), peak = 3712.86 (MB)
#
#start global routing iteration 2...
#cpu time = 00:00:10, elapsed time = 00:00:10, memory = 3211.82 (MB), peak = 3712.86 (MB)
#
#
#Total number of trivial nets (e.g. < 2 pins) = 1232 (skipped).
#Total number of routable nets = 39080.
#Total number of nets in the design = 40312.
#
#39080 routable nets have routed wires.
#56 detail routed (routable) nets have been constrained (e.g. have preferred extra spacing, require shielding etc.)
#
#Routed nets constraints summary:
#-----------------------------
#        Rules   Unconstrained  
#-----------------------------
#      Default           39024  
#-----------------------------
#        Total           39024  
#-----------------------------
#
#Routing constraints summary of the whole design:
#------------------------------------------------
#        Rules   Pref Extra Space   Unconstrained  
#------------------------------------------------
#      Default                 56           39024  
#------------------------------------------------
#        Total                 56           39024  
#------------------------------------------------
#
#
#  Congestion Analysis: (blocked Gcells are excluded)
#
#                 OverCon       OverCon       OverCon       OverCon          
#                  #Gcell        #Gcell        #Gcell        #Gcell    %Gcell
#     Layer         (1-2)         (3-4)         (5-6)           (7)   OverCon
#  --------------------------------------------------------------------------
#  M2           53(0.24%)      3(0.01%)      1(0.00%)      0(0.00%)   (0.26%)
#  C1            6(0.03%)     11(0.05%)      4(0.02%)      1(0.00%)   (0.10%)
#  C2            0(0.00%)      0(0.00%)      0(0.00%)      0(0.00%)   (0.00%)
#  C3            0(0.00%)      0(0.00%)      0(0.00%)      0(0.00%)   (0.00%)
#  C4            0(0.00%)      0(0.00%)      0(0.00%)      0(0.00%)   (0.00%)
#  BA            0(0.00%)      0(0.00%)      0(0.00%)      0(0.00%)   (0.00%)
#  BB            0(0.00%)      0(0.00%)      0(0.00%)      0(0.00%)   (0.00%)
#  JA            0(0.00%)      0(0.00%)      0(0.00%)      0(0.00%)   (0.00%)
#  JB            0(0.00%)      0(0.00%)      0(0.00%)      0(0.00%)   (0.00%)
#  --------------------------------------------------------------------------
#     Total     59(0.03%)     14(0.01%)      5(0.00%)      1(0.00%)   (0.04%)
#
#  The worst congested Gcell overcon (routing demand over resource in number of tracks) = 7
#  Overflow after GR: 0.03% H + 0.01% V
#
#Hotspot report including placement blocked areas
[hotspot] +------------+---------------+---------------+-------------------------------------+
[hotspot] |   layer    |  max hotspot  | total hotspot |            hotspot bbox             |
[hotspot] +------------+---------------+---------------+-------------------------------------+
[hotspot] |   M1(V)    |          0.00 |          0.00 |   (none)                            |
[hotspot] |   M2(H)    |          0.44 |          0.44 |    89.55    46.04    94.67    51.16 |
[hotspot] |   C1(V)    |         14.67 |         27.33 |    89.55   197.08   110.03   200.36 |
[hotspot] |   C2(H)    |          0.00 |          0.00 |   (none)                            |
[hotspot] |   C3(V)    |          0.00 |          0.00 |   (none)                            |
[hotspot] |   C4(H)    |          0.00 |          0.00 |   (none)                            |
[hotspot] |   BA(V)    |          0.00 |          0.00 |   (none)                            |
[hotspot] |   BB(H)    |          0.00 |          0.00 |   (none)                            |
[hotspot] |   JA(V)    |          0.00 |          0.00 |   (none)                            |
[hotspot] |   JB(H)    |          0.00 |          0.00 |   (none)                            |
[hotspot] |   LB(V)    |          0.00 |          0.00 |   (none)                            |
[hotspot] +------------+---------------+---------------+-------------------------------------+
[hotspot] |   worst    | (C1)    14.67 | (C1)    27.33 |                                     |
[hotspot] +------------+---------------+---------------+-------------------------------------+
[hotspot] | all layers |          0.89 |          1.33 |                                     |
[hotspot] +------------+---------------+---------------+-------------------------------------+
Local HotSpot Analysis (blockage included) (3d): normalized congestion max/total hotspot area = 0.89/1.33 (area is in unit of 4 std-cell row bins)
[hotspot] top 2 congestion hotspot bounding boxes and scores of all layers hotspot
[hotspot] +-----+-------------------------------------+---------------+
[hotspot] | top |            hotspot bbox             | hotspot score |
[hotspot] +-----+-------------------------------------+---------------+
[hotspot] |  1  |    97.23   197.08   102.35   200.36 |        0.89   |
[hotspot] +-----+-------------------------------------+---------------+
[hotspot] |  2  |    89.55   197.08    94.67   200.36 |        0.44   |
[hotspot] +-----+-------------------------------------+---------------+
#Complete Global Routing.
#Total number of nets with non-default rule or having extra spacing = 56
#Total wire length = 422509 um.
#Total half perimeter of net bounding box = 383941 um.
#Total wire length on LAYER M1 = 0 um.
#Total wire length on LAYER M2 = 80840 um.
#Total wire length on LAYER C1 = 127608 um.
#Total wire length on LAYER C2 = 86878 um.
#Total wire length on LAYER C3 = 85189 um.
#Total wire length on LAYER C4 = 27939 um.
#Total wire length on LAYER BA = 10955 um.
#Total wire length on LAYER BB = 2758 um.
#Total wire length on LAYER JA = 343 um.
#Total wire length on LAYER JB = 0 um.
#Total wire length on LAYER LB = 0 um.
#Total number of vias = 248929
#Up-Via Summary (total 248929):
#           
#-----------------------
# M1             106668
# M2              99705
# C1              28223
# C2              10587
# C3               2396
# C4               1029
# BA                268
# BB                 53
#-----------------------
#                248929 
#
#Total number of involved regular nets 7641
#Maximum src to sink distance  248.2
#Average of max src_to_sink distance  26.6
#Average of ave src_to_sink distance  18.3
#Max overcon = 7 tracks.
#Total overcon = 0.04%.
#Worst layer Gcell overcon rate = 0.10%.
#
#Global routing statistics:
#Cpu time = 00:00:47
#Elapsed time = 00:00:45
#Increased memory = 86.10 (MB)
#Total memory = 3208.56 (MB)
#Peak memory = 3712.86 (MB)
#
#Finished global routing on Sat Jan  3 09:35:13 2026
#
#
#Minimum voltage of a net in the design = 0.000.
#Maximum voltage of a net in the design = 0.800.
#Voltage range [0.000 - 0.800] has 40279 nets.
#Voltage range [0.000 - 0.000] has 32 nets.
#Voltage range [0.720 - 0.800] has 1 net.
#Minimum voltage of a net in the design = 0.000.
#Maximum voltage of a net in the design = 0.800.
#Voltage range [0.000 - 0.800] has 40279 nets.
#Voltage range [0.000 - 0.000] has 32 nets.
#Voltage range [0.720 - 0.800] has 1 net.
#cpu time = 00:00:00, elapsed time = 00:00:00, memory = 3205.29 (MB), peak = 3712.86 (MB)
#Minimum voltage of a net in the design = 0.000.
#Maximum voltage of a net in the design = 0.800.
#Voltage range [0.000 - 0.800] has 40279 nets.
#Voltage range [0.000 - 0.000] has 32 nets.
#Voltage range [0.720 - 0.800] has 1 net.
#Start Track Assignment.
#Done with 65380 horizontal wires in 5 hboxes and 65114 vertical wires in 5 hboxes.
#Done with 14228 horizontal wires in 5 hboxes and 10388 vertical wires in 5 hboxes.
#Done with 5 horizontal wires in 5 hboxes and 5 vertical wires in 5 hboxes.
#
#Track assignment summary:
# layer   (wire length)   (overlap)     (long ovlp)	(with obs/pg/clk)  
#------------------------------------------------------------------------
# M1             0.00 	  0.00%  	  0.00% 	  0.00%
# M2         80185.97 	  0.15%  	  0.00% 	  0.08%
# C1        121286.00 	  0.10%  	  0.00% 	  0.01%
# C2         82024.06 	  0.02%  	  0.00% 	  0.00%
# C3         84774.49 	  0.01%  	  0.00% 	  0.00%
# C4         27921.39 	  0.00%  	  0.00% 	  0.00%
# BA         10964.02 	  0.00%  	  0.00% 	  0.00%
# BB          2770.68 	  0.00%  	  0.00% 	  0.00%
# JA           357.37 	  0.00%  	  0.00% 	  0.00%
# JB             0.00 	  0.00%  	  0.00% 	  0.00%
# LB             0.00 	  0.00%  	  0.00% 	  0.00%
#------------------------------------------------------------------------
# All      410283.98  	  0.07% 	  0.00% 	  0.00%
#Complete Track Assignment.
#Total number of nets with non-default rule or having extra spacing = 56
#Total wire length = 417620 um.
#Total half perimeter of net bounding box = 383941 um.
#Total wire length on LAYER M1 = 0 um.
#Total wire length on LAYER M2 = 79269 um.
#Total wire length on LAYER C1 = 125014 um.
#Total wire length on LAYER C2 = 86334 um.
#Total wire length on LAYER C3 = 85135 um.
#Total wire length on LAYER C4 = 27864 um.
#Total wire length on LAYER BA = 10908 um.
#Total wire length on LAYER BB = 2756 um.
#Total wire length on LAYER JA = 340 um.
#Total wire length on LAYER JB = 0 um.
#Total wire length on LAYER LB = 0 um.
#Total number of vias = 248929
#Up-Via Summary (total 248929):
#           
#-----------------------
# M1             106668
# M2              99705
# C1              28223
# C2              10587
# C3               2396
# C4               1029
# BA                268
# BB                 53
#-----------------------
#                248929 
#
#cpu time = 00:00:23, elapsed time = 00:00:11, memory = 3203.35 (MB), peak = 3712.86 (MB)
#
#number of short segments in preferred routing layers
#	
#	
#
#Start post global route fixing for timing critical nets ...
#
#* Updating design timing data...
#Extracting RC...
Un-suppress "**WARN ..." messages.
#
#Start tQuantus RC extraction...
#Finish check_net_pin_list step Enter extract_rc_after_routing
#Extract in track assign mode
#Minimum voltage of a net in the design = 0.000.
#Maximum voltage of a net in the design = 0.800.
#Voltage range [0.000 - 0.800] has 40279 nets.
#Voltage range [0.000 - 0.000] has 32 nets.
#Voltage range [0.720 - 0.800] has 1 net.
#Start building rc corner(s)...
#Number of RC Corner = 3
#Corner rc_typ /opt/pdk/gf22/V1.0_4.1/PEX/QRC/10M_2Mx_4Cx_2Bx_2Jx_LBthick/nominal/qrcTechFile 25.000000 (real) 
#Corner rc_best /opt/pdk/gf22/V1.0_4.1/PEX/QRC/10M_2Mx_4Cx_2Bx_2Jx_LBthick/FuncRCminDP/qrcTechFile 25.000000 (real) 
#Corner rc_worst /opt/pdk/gf22/V1.0_4.1/PEX/QRC/10M_2Mx_4Cx_2Bx_2Jx_LBthick/FuncRCmaxDP/qrcTechFile 25.000000 (real) 
#(i=11, n=11 2000)
#M1 -> M1 (1)
#M2 -> M2 (2)
#C1 -> C1 (3)
#C2 -> C2 (4)
#C3 -> C3 (5)
#C4 -> C4 (6)
#BA -> BA (7)
#BB -> BB (8)
#JA -> JA (9)
#JB -> JB (10)
#LB -> LB (11)
#SADV_On
# Corner(s) : 
#rc_typ [25.00] 
#rc_best [25.00] 
#rc_worst [25.00]
# Corner id: 0
# Layout Scale: 1.000000
# Has Metal Fill model: yes
# Temperature was set
# Temperature : 25.000000
# Ref. Temp   : 25.000000
# Corner id: 1
# Layout Scale: 1.000000
# Has Metal Fill model: yes
# Temperature was set
# Temperature : 25.000000
# Ref. Temp   : 25.000000
# Corner id: 2
# Layout Scale: 1.000000
# Has Metal Fill model: yes
# Temperature was set
# Temperature : 25.000000
# Ref. Temp   : 25.000000
#total pattern=286 [33, 2376]
#Generating the tQuantus model file automatically.
#num_tile=21570 avg_aspect_ratio=1.775073 
#Vertical num_row 51 per_row= 420 halo= 20000 
#hor_num_col = 147 final aspect_ratio= 0.540851
#Build RC corners: cpu time = 00:00:55, elapsed time = 00:00:56, memory = 3319.30 (MB), peak = 3712.86 (MB)
#Finish check_net_pin_list step Enter extract
#Start init net ripin tree building
#Finish init net ripin tree building
#Cpu time = 00:00:00
#Elapsed time = 00:00:00
#Increased memory = 0.02 (MB)
#Total memory = 3331.98 (MB)
#Peak memory = 3712.86 (MB)
#Using multithreading with 8 threads.
#begin processing metal fill model file
#end processing metal fill model file
#Minimum voltage of a net in the design = 0.000.
#Maximum voltage of a net in the design = 0.800.
#Voltage range [0.000 - 0.800] has 40279 nets.
#Voltage range [0.000 - 0.000] has 32 nets.
#Voltage range [0.720 - 0.800] has 1 net.
#Minimum voltage of a net in the design = 0.000.
#Maximum voltage of a net in the design = 0.800.
#Voltage range [0.000 - 0.800] has 40279 nets.
#Voltage range [0.000 - 0.000] has 32 nets.
#Voltage range [0.720 - 0.800] has 1 net.
#Minimum voltage of a net in the design = 0.000.
#Maximum voltage of a net in the design = 0.800.
#Voltage range [0.000 - 0.800] has 40279 nets.
#Voltage range [0.000 - 0.000] has 32 nets.
#Voltage range [0.720 - 0.800] has 1 net.
#
#Start Post Track Assignment Wire Spread.
#Done with 17049 horizontal wires in 5 hboxes and 21492 vertical wires in 5 hboxes.
#Complete Post Track Assignment Wire Spread.
#
#Length limit = 200 pitches
#opt mode = 2
#Minimum voltage of a net in the design = 0.000.
#Maximum voltage of a net in the design = 0.800.
#Voltage range [0.000 - 0.800] has 40279 nets.
#Voltage range [0.000 - 0.000] has 32 nets.
#Voltage range [0.720 - 0.800] has 1 net.
#Minimum voltage of a net in the design = 0.000.
#Maximum voltage of a net in the design = 0.800.
#Voltage range [0.000 - 0.800] has 40279 nets.
#Voltage range [0.000 - 0.000] has 32 nets.
#Voltage range [0.720 - 0.800] has 1 net.
#Finish check_net_pin_list step Fix net pin list
#Start generate extraction boxes.
#
#Extract using 30 x 30 Hboxes
#6x6 initial hboxes
#Use area based hbox pruning.
#0/0 hboxes pruned.
#Complete generating extraction boxes.
#Extract 25 hboxes with 8 threads on machine with  Xeon 3.39GHz 30720KB Cache 48CPU...
#Process 0 special clock nets for rc extraction
#Total 39080 nets were built. 4225 nodes added to break long wires. 0 net(s) have incomplete routes.
#Run Statistics for Extraction:
#   Cpu time = 00:00:17, elapsed time = 00:00:04 .
#   Increased memory =   268.28 (MB), total memory =  3598.86 (MB), peak memory =  3712.86 (MB)
#
#Scale RC for track assignment: res 1.000000; cap 1.000000; clk res 1.000000; clk cap 1.000000, xcap 1.000000
#Simplify RC tree: cpu time = 00:00:00, elapsed time = 00:00:00, memory = 3382.03 (MB), peak = 3712.86 (MB)
#RC Statistics: 0 Res, 126595 Ground Cap, 0 XCap (Edge to Edge)
#Register nets and terms for rcdb /tmp/innovus_temp_984321_il2225ht25_jcdavid_jcdavid_2krElk/nr984321_rEysfr.rcdb.d
#Finish registering nets and terms for rcdb.
#Start writing RC data.
#Finish writing RC data
#Finish writing rcdb with 276739 nodes, 237659 edges, and 0 xcaps
#4225 inserted nodes are removed
#Restored 0 tie nets, 0 tie snets, 0 partial nets
#Minimum voltage of a net in the design = 0.000.
#Maximum voltage of a net in the design = 0.800.
#Voltage range [0.000 - 0.800] has 40279 nets.
#Voltage range [0.000 - 0.000] has 32 nets.
#Voltage range [0.720 - 0.800] has 1 net.
#Minimum voltage of a net in the design = 0.000.
#Maximum voltage of a net in the design = 0.800.
#Voltage range [0.000 - 0.800] has 40279 nets.
#Voltage range [0.000 - 0.000] has 32 nets.
#Voltage range [0.720 - 0.800] has 1 net.
#Minimum voltage of a net in the design = 0.000.
#Maximum voltage of a net in the design = 0.800.
#Voltage range [0.000 - 0.800] has 40279 nets.
#Voltage range [0.000 - 0.000] has 32 nets.
#Voltage range [0.720 - 0.800] has 1 net.
#Remove Post Track Assignment Wire Spread
Restoring parasitic data from file '/tmp/innovus_temp_984321_il2225ht25_jcdavid_jcdavid_2krElk/nr984321_rEysfr.rcdb.d' ...
Reading RCDB with compressed RC data.
Reading RCDB with compressed RC data.
Begin read_parasitics... (cpu: 0:00:00.0 real: 0:00:00.0 mem: 5519.832M)
Following multi-corner parasitics specified:
	/tmp/innovus_temp_984321_il2225ht25_jcdavid_jcdavid_2krElk/nr984321_rEysfr.rcdb.d (rcdb)
Reading RCDB with compressed RC data.
		Cell Silago_bot_left_corner has rcdb /tmp/innovus_temp_984321_il2225ht25_jcdavid_jcdavid_2krElk/nr984321_rEysfr.rcdb.d specified
Cell Silago_bot_left_corner, hinst 
Reading RCDB with compressed RC data.
Done read_parasitics... (cpu: 0:00:01.2 real: 0:00:01.0 mem: 5519.832M)
#
#Restore RCDB.
#Minimum voltage of a net in the design = 0.000.
#Maximum voltage of a net in the design = 0.800.
#Voltage range [0.000 - 0.800] has 40279 nets.
#Voltage range [0.000 - 0.000] has 32 nets.
#Voltage range [0.720 - 0.800] has 1 net.
#Minimum voltage of a net in the design = 0.000.
#Maximum voltage of a net in the design = 0.800.
#Voltage range [0.000 - 0.800] has 40279 nets.
#Voltage range [0.000 - 0.000] has 32 nets.
#Voltage range [0.720 - 0.800] has 1 net.
#Minimum voltage of a net in the design = 0.000.
#Maximum voltage of a net in the design = 0.800.
#Voltage range [0.000 - 0.800] has 40279 nets.
#Voltage range [0.000 - 0.000] has 32 nets.
#Voltage range [0.720 - 0.800] has 1 net.
#Remove Post Track Assignment Wire Spread
#
#Complete tQuantus RC extraction.
#Cpu time = 00:01:30
#Elapsed time = 00:01:11
#Increased memory = 163.47 (MB)
#Total memory = 3367.67 (MB)
#Peak memory = 3712.86 (MB)
#
Un-suppress "**WARN ..." messages.
#RC Extraction Completed...
AAE_INFO: switching -siAware from false to true ...
AAE_INFO: The setting is changed from false to true in setDelayCalMode -SIAware
#Reporting timing...
###############################################################
#  Generated by:      Cadence Innovus 21.19-s058_1
#  OS:                Linux x86_64(Host ID il2225ht25_jcdavid)
#  Generated on:      Sat Jan  3 09:36:47 2026
#  Design:            Silago_bot_left_corner
#  Command:           route_design
###############################################################
#Normalized TNS: -3.555 -> -0.178, r2r 0.000 -> 0.000, unit 1.000, clk period 20.000 (ns)
#Stage 1: cpu time = 00:00:49, elapsed time = 00:00:11, memory = 3379.32 (MB), peak = 3712.86 (MB)
#Library Standard Delay: 10.60ps
#Slack threshold: 0.00ps
#*** Analyzed 0 timing critical paths, and collected 0.
#Stage 2: cpu time = 00:00:03, elapsed time = 00:00:01, memory = 3379.68 (MB), peak = 3712.86 (MB)
#Stage 3: cpu time = 00:00:00, elapsed time = 00:00:00, memory = 3380.95 (MB), peak = 3712.86 (MB)
Worst slack reported in the design = 15064.072266 (late)

*** writeDesignTiming (0:00:05.7) ***
#Stage 4: cpu time = 00:00:06, elapsed time = 00:00:06, memory = 3381.35 (MB), peak = 3712.86 (MB)
Un-suppress "**WARN ..." messages.
#Number of victim nets: 0
#Number of aggressor nets: 0
#Number of weak nets: 0
#Number of critical nets: 0
#	level 1 [   0.0, -1000.0]: 0 nets
#	level 2 [   0.0, -1000.0]: 0 nets
#	level 3 [   0.0, -1000.0]: 0 nets
#Total number of nets: 39080
#Total number of significant detoured timing critical nets is 0
#Total number of selected detoured timing critical nets is 0
#
#----------------------------------------------------
# Summary of active signal nets routing constraints
#+--------------------------+-----------+
#+--------------------------+-----------+
#
#----------------------------------------------------
Current (total cpu=0:56:01, real=0:17:46, peak res=3712.9M, current mem=3181.9M)
Silago_bot_left_corner
Ending "Constraint file reading stats" (total cpu=0:00:00.7, real=0:00:01.0, peak res=3195.9M, current mem=3195.9M)
Current (total cpu=0:56:02, real=0:17:47, peak res=3712.9M, current mem=3195.9M)
Current (total cpu=0:56:02, real=0:17:47, peak res=3712.9M, current mem=3195.9M)
Silago_bot_left_corner
Ending "Constraint file reading stats" (total cpu=0:00:00.6, real=0:00:01.0, peak res=3196.2M, current mem=3196.2M)
Current (total cpu=0:56:03, real=0:17:48, peak res=3712.9M, current mem=3196.2M)
Current (total cpu=0:56:03, real=0:17:48, peak res=3712.9M, current mem=3196.2M)
Silago_bot_left_corner
Ending "Constraint file reading stats" (total cpu=0:00:00.6, real=0:00:01.0, peak res=3196.6M, current mem=3196.6M)
Current (total cpu=0:56:04, real=0:17:49, peak res=3712.9M, current mem=3196.6M)
#Minimum voltage of a net in the design = 0.000.
#Maximum voltage of a net in the design = 0.800.
#Voltage range [0.000 - 0.800] has 40279 nets.
#Voltage range [0.000 - 0.000] has 32 nets.
#Voltage range [0.720 - 0.800] has 1 net.
#Minimum voltage of a net in the design = 0.000.
#Maximum voltage of a net in the design = 0.800.
#Voltage range [0.000 - 0.800] has 40279 nets.
#Voltage range [0.000 - 0.000] has 32 nets.
#Voltage range [0.720 - 0.800] has 1 net.
#cpu time = 00:00:00, elapsed time = 00:00:00, memory = 3196.64 (MB), peak = 3712.86 (MB)
#* Importing design timing data...
#Number of victim nets: 0
#Number of aggressor nets: 0
#Number of weak nets: 0
#Number of critical nets: 0
#	level 1 [   0.0, -1000.0]: 0 nets
#	level 2 [   0.0, -1000.0]: 0 nets
#	level 3 [   0.0, -1000.0]: 0 nets
#Total number of nets: 39080
#Minimum voltage of a net in the design = 0.000.
#Maximum voltage of a net in the design = 0.800.
#Voltage range [0.000 - 0.800] has 40279 nets.
#Voltage range [0.000 - 0.000] has 32 nets.
#Voltage range [0.720 - 0.800] has 1 net.
#
#timing driven effort level: 3
#Start Track Assignment With Timing Driven.
#Done with 1734 horizontal wires in 5 hboxes and 1953 vertical wires in 5 hboxes.
#Done with 408 horizontal wires in 5 hboxes and 592 vertical wires in 5 hboxes.
#Done with 5 horizontal wires in 5 hboxes and 5 vertical wires in 5 hboxes.
#
#Track assignment summary:
# layer   (wire length)   (overlap)     (long ovlp)	(with obs/pg/clk)  
#------------------------------------------------------------------------
# M1             0.00 	  0.00%  	  0.00% 	  0.00%
# M2         80094.73 	  0.13%  	  0.00% 	  0.07%
# C1        121245.91 	  0.08%  	  0.00% 	  0.01%
# C2         82029.53 	  0.01%  	  0.00% 	  0.00%
# C3         84760.28 	  0.01%  	  0.00% 	  0.00%
# C4         27922.20 	  0.00%  	  0.00% 	  0.00%
# BA         10964.20 	  0.00%  	  0.00% 	  0.00%
# BB          2770.68 	  0.00%  	  0.00% 	  0.00%
# JA           357.01 	  0.00%  	  0.00% 	  0.00%
# JB             0.00 	  0.00%  	  0.00% 	  0.00%
# LB             0.00 	  0.00%  	  0.00% 	  0.00%
#------------------------------------------------------------------------
# All      410144.53  	  0.05% 	  0.00% 	  0.00%
#Complete Track Assignment With Timing Driven.
#Total number of nets with non-default rule or having extra spacing = 56
#Total wire length = 417451 um.
#Total half perimeter of net bounding box = 383941 um.
#Total wire length on LAYER M1 = 0 um.
#Total wire length on LAYER M2 = 79153 um.
#Total wire length on LAYER C1 = 124973 um.
#Total wire length on LAYER C2 = 86338 um.
#Total wire length on LAYER C3 = 85119 um.
#Total wire length on LAYER C4 = 27865 um.
#Total wire length on LAYER BA = 10909 um.
#Total wire length on LAYER BB = 2756 um.
#Total wire length on LAYER JA = 339 um.
#Total wire length on LAYER JB = 0 um.
#Total wire length on LAYER LB = 0 um.
#Total number of vias = 248929
#Up-Via Summary (total 248929):
#           
#-----------------------
# M1             106668
# M2              99705
# C1              28223
# C2              10587
# C3               2396
# C4               1029
# BA                268
# BB                 53
#-----------------------
#                248929 
#
#cpu time = 00:00:13, elapsed time = 00:00:07, memory = 3197.94 (MB), peak = 3712.86 (MB)
#
#Routing data preparation, pin analysis, global routing and track assignment statistics:
#Cpu time = 00:04:13
#Elapsed time = 00:02:49
#Increased memory = 112.14 (MB)
#Total memory = 3198.01 (MB)
#Peak memory = 3712.86 (MB)
#Using multithreading with 8 threads.
#Minimum voltage of a net in the design = 0.000.
#Maximum voltage of a net in the design = 0.800.
#Voltage range [0.000 - 0.800] has 40279 nets.
#Voltage range [0.000 - 0.000] has 32 nets.
#Voltage range [0.720 - 0.800] has 1 net.
#Minimum voltage of a net in the design = 0.000.
#Maximum voltage of a net in the design = 0.800.
#Voltage range [0.000 - 0.800] has 40279 nets.
#Voltage range [0.000 - 0.000] has 32 nets.
#Voltage range [0.720 - 0.800] has 1 net.
#Minimum voltage of a net in the design = 0.000.
#Maximum voltage of a net in the design = 0.800.
#Voltage range [0.000 - 0.800] has 40279 nets.
#Voltage range [0.000 - 0.000] has 32 nets.
#Voltage range [0.720 - 0.800] has 1 net.
#Minimum voltage of a net in the design = 0.000.
#Maximum voltage of a net in the design = 0.800.
#Voltage range [0.000 - 0.800] has 40279 nets.
#Voltage range [0.000 - 0.000] has 32 nets.
#Voltage range [0.720 - 0.800] has 1 net.
#Start reading timing information from file .timing_file_984321.tif.gz ...
#Read in timing information for 1315 ports, 37138 instances from timing file .timing_file_984321.tif.gz.
#
#Start Detail Routing..
#start initial detail routing ...
#   number of violations = 102
#
#    By Layer and Type :
#	         EOLSpc    Short    Color EOLColor   C2MCvx      Enc   Others   Totals
#	M1            0        1        0        0        0        2        4        7
#	M2            3       11       19       12        0       13       14       72
#	C1            2        4        0        0        5        0        2       13
#	C2            0        3        0        0        0        0        0        3
#	C3            0        3        0        0        0        2        0        5
#	C4            0        0        0        0        0        0        0        0
#	BA            0        0        0        0        0        0        0        0
#	BB            0        1        0        0        0        0        1        2
#	Totals        5       23       19       12        5       17       21      102
#cpu time = 00:12:32, elapsed time = 00:01:35, memory = 3354.82 (MB), peak = 4099.44 (MB)
#start 1st optimization iteration ...
#   number of violations = 18
#
#    By Layer and Type :
#	          Notch   ColChg    Color     Loop      Mar      Enc   Others   Totals
#	M1            0        0        0        0        0        1        1        2
#	M2            3        1        8        1        1        1        1       16
#	Totals        3        1        8        1        1        2        2       18
#    number of process antenna violations = 46
#cpu time = 00:00:11, elapsed time = 00:00:02, memory = 3343.99 (MB), peak = 4099.44 (MB)
#start 2nd optimization iteration ...
#   number of violations = 17
#
#    By Layer and Type :
#	         MetSpc    Notch   ColChg   MinStp    Color   C2MCon      Enc   Totals
#	M1            0        0        0        0        0        1        1        2
#	M2            1        3        1        1        8        0        1       15
#	Totals        1        3        1        1        8        1        2       17
#    number of process antenna violations = 46
#cpu time = 00:00:01, elapsed time = 00:00:01, memory = 3342.55 (MB), peak = 4099.44 (MB)
#start 3rd optimization iteration ...
#   number of violations = 18
#
#    By Layer and Type :
#	          Notch   ColChg   MinStp    Color      Mar      Enc   Others   Totals
#	M1            0        0        0        0        0        1        1        2
#	M2            3        1        1        8        1        1        1       16
#	Totals        3        1        1        8        1        2        2       18
#    number of process antenna violations = 46
#cpu time = 00:00:01, elapsed time = 00:00:01, memory = 3342.30 (MB), peak = 4099.44 (MB)
#start 4th optimization iteration ...
#   number of violations = 16
#
#    By Layer and Type :
#	         MetSpc    Notch   ColChg   MinStp    Color   C2MCon      Enc   Totals
#	M1            0        0        0        0        0        1        1        2
#	M2            1        3        1        1        8        0        0       14
#	Totals        1        3        1        1        8        1        1       16
#    number of process antenna violations = 46
#cpu time = 00:00:01, elapsed time = 00:00:01, memory = 3342.17 (MB), peak = 4099.44 (MB)
#start 5th optimization iteration ...
#   number of violations = 16
#
#    By Layer and Type :
#	         MetSpc    Notch   ColChg   MinStp    Color   C2MCon      Enc   Totals
#	M1            0        0        0        0        0        1        1        2
#	M2            1        3        1        1        8        0        0       14
#	Totals        1        3        1        1        8        1        1       16
#    number of process antenna violations = 46
#cpu time = 00:00:04, elapsed time = 00:00:01, memory = 3343.69 (MB), peak = 4099.44 (MB)
#start 6th optimization iteration ...
#   number of violations = 16
#
#    By Layer and Type :
#	         MetSpc    Notch   ColChg   MinStp    Color   C2MCon      Enc   Totals
#	M1            0        0        0        0        0        1        1        2
#	M2            1        3        1        1        8        0        0       14
#	Totals        1        3        1        1        8        1        1       16
#    number of process antenna violations = 46
#cpu time = 00:00:05, elapsed time = 00:00:02, memory = 3342.41 (MB), peak = 4099.44 (MB)
#start 7th optimization iteration ...
#   number of violations = 18
#
#    By Layer and Type :
#	         MetSpc    Notch    Color EOLColor   C2MCon      Enc   Totals
#	M1            0        0        0        0        1        1        2
#	M2            1        3       10        2        0        0       16
#	Totals        1        3       10        2        1        1       18
#    number of process antenna violations = 46
#cpu time = 00:00:05, elapsed time = 00:00:02, memory = 3342.77 (MB), peak = 4099.44 (MB)
#start 8th optimization iteration ...
#   number of violations = 20
#
#    By Layer and Type :
#	          Notch    Short   ColChg   MinStp    Color      Enc   Others   Totals
#	M1            0        1        0        2        0        2        1        6
#	M2            3        0        1        1        8        0        1       14
#	Totals        3        1        1        3        8        2        2       20
#    number of process antenna violations = 46
#cpu time = 00:00:01, elapsed time = 00:00:01, memory = 3341.91 (MB), peak = 4099.44 (MB)
#start 9th optimization iteration ...
#   number of violations = 15
#
#    By Layer and Type :
#	         MetSpc    Notch    Color   C2MCon      Enc   Totals
#	M1            0        0        0        1        1        2
#	M2            1        3        9        0        0       13
#	Totals        1        3        9        1        1       15
#cpu time = 00:00:01, elapsed time = 00:00:01, memory = 3341.93 (MB), peak = 4099.44 (MB)
#start 10th optimization iteration ...
#   number of violations = 19
#
#    By Layer and Type :
#	          Notch   ColChg    Color EOLColor      Mar      Enc   Others   Totals
#	M1            0        0        0        0        0        1        1        2
#	M2            3        1        8        1        1        1        2       17
#	Totals        3        1        8        1        1        2        3       19
#cpu time = 00:00:01, elapsed time = 00:00:01, memory = 3341.46 (MB), peak = 4099.44 (MB)
#start 11th optimization iteration ...
#   number of violations = 16
#
#    By Layer and Type :
#	         MetSpc    Notch   ColChg   MinStp    Color   C2MCon      Enc   Totals
#	M1            0        0        0        0        0        1        1        2
#	M2            1        3        1        1        8        0        0       14
#	Totals        1        3        1        1        8        1        1       16
#cpu time = 00:00:02, elapsed time = 00:00:02, memory = 3342.11 (MB), peak = 4099.44 (MB)
#start 12th optimization iteration ...
#   number of violations = 18
#
#    By Layer and Type :
#	          Notch   ColChg   MinStp    Color      Mar      Enc   Others   Totals
#	M1            0        0        0        0        0        1        1        2
#	M2            3        1        1        8        1        1        1       16
#	Totals        3        1        1        8        1        2        2       18
#cpu time = 00:00:02, elapsed time = 00:00:02, memory = 3341.31 (MB), peak = 4099.44 (MB)
#start 13th optimization iteration ...
#   number of violations = 14
#
#    By Layer and Type :
#	         MetSpc    Notch    Color      Enc   Totals
#	M1            0        0        0        0        0
#	M2            1        3        9        1       14
#	Totals        1        3        9        1       14
#cpu time = 00:00:01, elapsed time = 00:00:01, memory = 3340.62 (MB), peak = 4099.44 (MB)
#start 14th optimization iteration ...
#   number of violations = 19
#
#    By Layer and Type :
#	          Notch   ColChg   MinStp    Color EOLColor   C2MCon   Others   Totals
#	M1            0        0        0        0        0        1        1        2
#	M2            3        1        1        9        2        0        1       17
#	Totals        3        1        1        9        2        1        2       19
#cpu time = 00:00:01, elapsed time = 00:00:01, memory = 3340.93 (MB), peak = 4099.44 (MB)
#start 15th optimization iteration ...
#   number of violations = 16
#
#    By Layer and Type :
#	         MetSpc    Notch   ColChg    Color   C2MCon      Enc   Totals
#	M1            0        0        0        0        1        1        2
#	M2            1        3        1        9        0        0       14
#	Totals        1        3        1        9        1        1       16
#cpu time = 00:00:01, elapsed time = 00:00:01, memory = 3340.36 (MB), peak = 4099.44 (MB)
#start 16th optimization iteration ...
#   number of violations = 12
#
#    By Layer and Type :
#	         MetSpc    Notch    Color      Mar   C2MCon      Enc   Totals
#	M1            0        0        0        0        1        1        2
#	M2            1        2        6        1        0        0       10
#	Totals        1        2        6        1        1        1       12
#cpu time = 00:00:01, elapsed time = 00:00:01, memory = 3340.87 (MB), peak = 4099.44 (MB)
#start 17th optimization iteration ...
#   number of violations = 12
#
#    By Layer and Type :
#	         MetSpc    Notch    Color      Mar   C2MCon      Enc   Totals
#	M1            0        0        0        0        1        1        2
#	M2            1        2        6        1        0        0       10
#	Totals        1        2        6        1        1        1       12
#cpu time = 00:00:01, elapsed time = 00:00:01, memory = 3341.20 (MB), peak = 4099.44 (MB)
#start 18th optimization iteration ...
#   number of violations = 10
#
#    By Layer and Type :
#	         MetSpc    Notch    Color      Enc   Totals
#	M1            0        0        0        0        0
#	M2            1        2        6        1       10
#	Totals        1        2        6        1       10
#cpu time = 00:00:02, elapsed time = 00:00:02, memory = 3341.43 (MB), peak = 4099.44 (MB)
#start 19th optimization iteration ...
#   number of violations = 12
#
#    By Layer and Type :
#	         MetSpc    Notch    Color      Mar   C2MCon      Enc   Totals
#	M1            0        0        0        0        1        1        2
#	M2            1        2        6        1        0        0       10
#	Totals        1        2        6        1        1        1       12
#cpu time = 00:00:01, elapsed time = 00:00:01, memory = 3340.45 (MB), peak = 4099.44 (MB)
#start 20th optimization iteration ...
#   number of violations = 12
#
#    By Layer and Type :
#	         MetSpc    Notch    Color      Mar   C2MCon      Enc   Totals
#	M1            0        0        0        0        1        1        2
#	M2            1        2        6        1        0        0       10
#	Totals        1        2        6        1        1        1       12
#cpu time = 00:00:01, elapsed time = 00:00:01, memory = 3340.30 (MB), peak = 4099.44 (MB)
#start 21th optimization iteration ...
#   number of violations = 12
#
#    By Layer and Type :
#	         MetSpc    Notch    Color      Mar   C2MCon      Enc   Totals
#	M1            0        0        0        0        1        1        2
#	M2            1        2        6        1        0        0       10
#	Totals        1        2        6        1        1        1       12
#cpu time = 00:00:01, elapsed time = 00:00:01, memory = 3340.07 (MB), peak = 4099.44 (MB)
#start 22th optimization iteration ...
#   number of violations = 12
#
#    By Layer and Type :
#	         MetSpc    Notch    Color      Mar   C2MCon      Enc   Totals
#	M1            0        0        0        0        1        1        2
#	M2            1        2        6        1        0        0       10
#	Totals        1        2        6        1        1        1       12
#cpu time = 00:00:01, elapsed time = 00:00:01, memory = 3340.46 (MB), peak = 4099.44 (MB)
#start 23th optimization iteration ...
#   number of violations = 11
#
#    By Layer and Type :
#	         MetSpc    Notch    Color   C2MCon      Enc   Totals
#	M1            0        0        0        1        1        2
#	M2            1        2        6        0        0        9
#	Totals        1        2        6        1        1       11
#cpu time = 00:00:02, elapsed time = 00:00:01, memory = 3340.43 (MB), peak = 4099.44 (MB)
#start 24th optimization iteration ...
#   number of violations = 10
#
#    By Layer and Type :
#	         MetSpc    Notch    Color      Enc   Totals
#	M1            0        0        0        0        0
#	M2            1        2        6        1       10
#	Totals        1        2        6        1       10
#cpu time = 00:00:02, elapsed time = 00:00:02, memory = 3340.59 (MB), peak = 4099.44 (MB)
#start 25th optimization iteration ...
#   number of violations = 11
#
#    By Layer and Type :
#	         MetSpc    Notch    Color   C2MCon      Enc   Totals
#	M1            0        0        0        1        1        2
#	M2            1        2        6        0        0        9
#	Totals        1        2        6        1        1       11
#cpu time = 00:00:01, elapsed time = 00:00:01, memory = 3340.39 (MB), peak = 4099.44 (MB)
#start 26th optimization iteration ...
#   number of violations = 12
#
#    By Layer and Type :
#	         MetSpc    Notch    Color      Mar   C2MCon      Enc   Totals
#	M1            0        0        0        0        1        1        2
#	M2            1        2        6        1        0        0       10
#	Totals        1        2        6        1        1        1       12
#cpu time = 00:00:01, elapsed time = 00:00:01, memory = 3340.29 (MB), peak = 4099.44 (MB)
#start 27th optimization iteration ...
#   number of violations = 11
#
#    By Layer and Type :
#	         MetSpc    Notch    Color   C2MCon      Enc   Totals
#	M1            0        0        0        1        1        2
#	M2            1        2        6        0        0        9
#	Totals        1        2        6        1        1       11
#cpu time = 00:00:02, elapsed time = 00:00:01, memory = 3340.33 (MB), peak = 4099.44 (MB)
#start 28th optimization iteration ...
#   number of violations = 10
#
#    By Layer and Type :
#	         MetSpc    Notch    Color      Enc   Totals
#	M1            0        0        0        0        0
#	M2            1        2        6        1       10
#	Totals        1        2        6        1       10
#cpu time = 00:00:01, elapsed time = 00:00:01, memory = 3340.64 (MB), peak = 4099.44 (MB)
#start 29th optimization iteration ...
#   number of violations = 11
#
#    By Layer and Type :
#	         MetSpc    Notch    Color   C2MCon      Enc   Totals
#	M1            0        0        0        1        1        2
#	M2            1        2        6        0        0        9
#	Totals        1        2        6        1        1       11
#cpu time = 00:00:02, elapsed time = 00:00:01, memory = 3340.59 (MB), peak = 4099.44 (MB)
#start 30th optimization iteration ...
#   number of violations = 11
#
#    By Layer and Type :
#	         MetSpc    Notch    Color   C2MCon      Enc   Totals
#	M1            0        0        0        1        1        2
#	M2            1        2        6        0        0        9
#	Totals        1        2        6        1        1       11
#cpu time = 00:00:02, elapsed time = 00:00:01, memory = 3340.79 (MB), peak = 4099.44 (MB)
#Complete Detail Routing.
#Total number of nets with non-default rule or having extra spacing = 56
#Total wire length = 447519 um.
#Total half perimeter of net bounding box = 383941 um.
#Total wire length on LAYER M1 = 2292 um.
#Total wire length on LAYER M2 = 81008 um.
#Total wire length on LAYER C1 = 122491 um.
#Total wire length on LAYER C2 = 100670 um.
#Total wire length on LAYER C3 = 96382 um.
#Total wire length on LAYER C4 = 29840 um.
#Total wire length on LAYER BA = 11707 um.
#Total wire length on LAYER BB = 2821 um.
#Total wire length on LAYER JA = 308 um.
#Total wire length on LAYER JB = 0 um.
#Total wire length on LAYER LB = 0 um.
#Total number of vias = 329354
#Total number of multi-cut vias = 39 (  0.0%)
#Total number of single cut vias = 329315 (100.0%)
#Up-Via Summary (total 329354):
#                   single-cut          multi-cut      Total
#-----------------------------------------------------------
# M1            109320 (100.0%)         0 (  0.0%)     109320
# M2            142999 (100.0%)         0 (  0.0%)     142999
# C1             53119 (100.0%)         0 (  0.0%)      53119
# C2             18947 (100.0%)         0 (  0.0%)      18947
# C3              3445 (100.0%)         0 (  0.0%)       3445
# C4              1111 (100.0%)         0 (  0.0%)       1111
# BA               323 ( 89.2%)        39 ( 10.8%)        362
# BB                51 (100.0%)         0 (  0.0%)         51
#-----------------------------------------------------------
#               329315 (100.0%)        39 (  0.0%)     329354 
#
#Total number of DRC violations = 11
#Total number of violations on LAYER M1 = 2
#Total number of violations on LAYER M2 = 9
#Total number of violations on LAYER C1 = 0
#Total number of violations on LAYER C2 = 0
#Total number of violations on LAYER C3 = 0
#Total number of violations on LAYER C4 = 0
#Total number of violations on LAYER BA = 0
#Total number of violations on LAYER BB = 0
#Total number of violations on LAYER JA = 0
#Total number of violations on LAYER JB = 0
#Total number of violations on LAYER LB = 0
#Cpu time = 00:13:39
#Elapsed time = 00:02:11
#Increased memory = 142.46 (MB)
#Total memory = 3340.47 (MB)
#Peak memory = 4099.44 (MB)
#
#start routing for process antenna violation fix ...
#Minimum voltage of a net in the design = 0.000.
#Maximum voltage of a net in the design = 0.800.
#Voltage range [0.000 - 0.800] has 40279 nets.
#Voltage range [0.000 - 0.000] has 32 nets.
#Voltage range [0.720 - 0.800] has 1 net.
#Minimum voltage of a net in the design = 0.000.
#Maximum voltage of a net in the design = 0.800.
#Voltage range [0.000 - 0.800] has 40279 nets.
#Voltage range [0.000 - 0.000] has 32 nets.
#Voltage range [0.720 - 0.800] has 1 net.
#
#    By Layer and Type :
#	         MetSpc    Notch    Color   C2MCon      Enc   Totals
#	M1            0        0        0        1        1        2
#	M2            1        2        6        0        0        9
#	Totals        1        2        6        1        1       11
#cpu time = 00:00:06, elapsed time = 00:00:01, memory = 3339.62 (MB), peak = 4099.44 (MB)
#
#Total number of nets with non-default rule or having extra spacing = 56
#Total wire length = 447519 um.
#Total half perimeter of net bounding box = 383941 um.
#Total wire length on LAYER M1 = 2292 um.
#Total wire length on LAYER M2 = 81008 um.
#Total wire length on LAYER C1 = 122491 um.
#Total wire length on LAYER C2 = 100670 um.
#Total wire length on LAYER C3 = 96382 um.
#Total wire length on LAYER C4 = 29840 um.
#Total wire length on LAYER BA = 11707 um.
#Total wire length on LAYER BB = 2821 um.
#Total wire length on LAYER JA = 308 um.
#Total wire length on LAYER JB = 0 um.
#Total wire length on LAYER LB = 0 um.
#Total number of vias = 329354
#Total number of multi-cut vias = 39 (  0.0%)
#Total number of single cut vias = 329315 (100.0%)
#Up-Via Summary (total 329354):
#                   single-cut          multi-cut      Total
#-----------------------------------------------------------
# M1            109320 (100.0%)         0 (  0.0%)     109320
# M2            142999 (100.0%)         0 (  0.0%)     142999
# C1             53119 (100.0%)         0 (  0.0%)      53119
# C2             18947 (100.0%)         0 (  0.0%)      18947
# C3              3445 (100.0%)         0 (  0.0%)       3445
# C4              1111 (100.0%)         0 (  0.0%)       1111
# BA               323 ( 89.2%)        39 ( 10.8%)        362
# BB                51 (100.0%)         0 (  0.0%)         51
#-----------------------------------------------------------
#               329315 (100.0%)        39 (  0.0%)     329354 
#
#Total number of DRC violations = 11
#Total number of process antenna violations = 23
#Total number of net violated process antenna rule = 22
#Total number of violations on LAYER M1 = 2
#Total number of violations on LAYER M2 = 9
#Total number of violations on LAYER C1 = 0
#Total number of violations on LAYER C2 = 0
#Total number of violations on LAYER C3 = 0
#Total number of violations on LAYER C4 = 0
#Total number of violations on LAYER BA = 0
#Total number of violations on LAYER BB = 0
#Total number of violations on LAYER JA = 0
#Total number of violations on LAYER JB = 0
#Total number of violations on LAYER LB = 0
#
#
#start delete and reroute for process antenna violation fix ...
#cpu time = 00:00:32, elapsed time = 00:00:12, memory = 3343.52 (MB), peak = 4099.44 (MB)
#Total number of nets with non-default rule or having extra spacing = 56
#Total wire length = 447549 um.
#Total half perimeter of net bounding box = 383941 um.
#Total wire length on LAYER M1 = 2292 um.
#Total wire length on LAYER M2 = 81015 um.
#Total wire length on LAYER C1 = 122514 um.
#Total wire length on LAYER C2 = 100677 um.
#Total wire length on LAYER C3 = 96430 um.
#Total wire length on LAYER C4 = 29864 um.
#Total wire length on LAYER BA = 11785 um.
#Total wire length on LAYER BB = 2797 um.
#Total wire length on LAYER JA = 175 um.
#Total wire length on LAYER JB = 0 um.
#Total wire length on LAYER LB = 0 um.
#Total number of vias = 329344
#Total number of multi-cut vias = 26 (  0.0%)
#Total number of single cut vias = 329318 (100.0%)
#Up-Via Summary (total 329344):
#                   single-cut          multi-cut      Total
#-----------------------------------------------------------
# M1            109320 (100.0%)         0 (  0.0%)     109320
# M2            143001 (100.0%)         0 (  0.0%)     143001
# C1             53127 (100.0%)         0 (  0.0%)      53127
# C2             18952 (100.0%)         0 (  0.0%)      18952
# C3              3446 (100.0%)         0 (  0.0%)       3446
# C4              1117 (100.0%)         0 (  0.0%)       1117
# BA               320 ( 92.5%)        26 (  7.5%)        346
# BB                35 (100.0%)         0 (  0.0%)         35
#-----------------------------------------------------------
#               329318 (100.0%)        26 (  0.0%)     329344 
#
#Total number of DRC violations = 11
#Total number of process antenna violations = 14
#Total number of net violated process antenna rule = 14
#Total number of violations on LAYER M1 = 2
#Total number of violations on LAYER M2 = 9
#Total number of violations on LAYER C1 = 0
#Total number of violations on LAYER C2 = 0
#Total number of violations on LAYER C3 = 0
#Total number of violations on LAYER C4 = 0
#Total number of violations on LAYER BA = 0
#Total number of violations on LAYER BB = 0
#Total number of violations on LAYER JA = 0
#Total number of violations on LAYER JB = 0
#Total number of violations on LAYER LB = 0
#
#
#Total number of nets with non-default rule or having extra spacing = 56
#Total wire length = 447549 um.
#Total half perimeter of net bounding box = 383941 um.
#Total wire length on LAYER M1 = 2292 um.
#Total wire length on LAYER M2 = 81015 um.
#Total wire length on LAYER C1 = 122514 um.
#Total wire length on LAYER C2 = 100677 um.
#Total wire length on LAYER C3 = 96430 um.
#Total wire length on LAYER C4 = 29864 um.
#Total wire length on LAYER BA = 11785 um.
#Total wire length on LAYER BB = 2797 um.
#Total wire length on LAYER JA = 175 um.
#Total wire length on LAYER JB = 0 um.
#Total wire length on LAYER LB = 0 um.
#Total number of vias = 329344
#Total number of multi-cut vias = 26 (  0.0%)
#Total number of single cut vias = 329318 (100.0%)
#Up-Via Summary (total 329344):
#                   single-cut          multi-cut      Total
#-----------------------------------------------------------
# M1            109320 (100.0%)         0 (  0.0%)     109320
# M2            143001 (100.0%)         0 (  0.0%)     143001
# C1             53127 (100.0%)         0 (  0.0%)      53127
# C2             18952 (100.0%)         0 (  0.0%)      18952
# C3              3446 (100.0%)         0 (  0.0%)       3446
# C4              1117 (100.0%)         0 (  0.0%)       1117
# BA               320 ( 92.5%)        26 (  7.5%)        346
# BB                35 (100.0%)         0 (  0.0%)         35
#-----------------------------------------------------------
#               329318 (100.0%)        26 (  0.0%)     329344 
#
#Total number of DRC violations = 11
#Total number of process antenna violations = 14
#Total number of net violated process antenna rule = 14
#Total number of violations on LAYER M1 = 2
#Total number of violations on LAYER M2 = 9
#Total number of violations on LAYER C1 = 0
#Total number of violations on LAYER C2 = 0
#Total number of violations on LAYER C3 = 0
#Total number of violations on LAYER C4 = 0
#Total number of violations on LAYER BA = 0
#Total number of violations on LAYER BB = 0
#Total number of violations on LAYER JA = 0
#Total number of violations on LAYER JB = 0
#Total number of violations on LAYER LB = 0
#
#Minimum voltage of a net in the design = 0.000.
#Maximum voltage of a net in the design = 0.800.
#Voltage range [0.000 - 0.800] has 40279 nets.
#Voltage range [0.000 - 0.000] has 32 nets.
#Voltage range [0.720 - 0.800] has 1 net.
#Minimum voltage of a net in the design = 0.000.
#Maximum voltage of a net in the design = 0.800.
#Voltage range [0.000 - 0.800] has 40279 nets.
#Voltage range [0.000 - 0.000] has 32 nets.
#Voltage range [0.720 - 0.800] has 1 net.
#
#Start Post Route via swapping...
#99.91% of area are rerouted by ECO routing.
#   number of violations = 11
#
#    By Layer and Type :
#	         MetSpc    Notch    Color   C2MCon      Enc   Totals
#	M1            0        0        0        1        1        2
#	M2            1        2        6        0        0        9
#	Totals        1        2        6        1        1       11
#cpu time = 00:02:31, elapsed time = 00:00:20, memory = 3376.30 (MB), peak = 4099.44 (MB)
#CELL_VIEW Silago_bot_left_corner,init has 11 DRC violations
#Total number of DRC violations = 11
#Total number of process antenna violations = 14
#Total number of net violated process antenna rule = 14
#Total number of violations on LAYER M1 = 2
#Total number of violations on LAYER M2 = 9
#Total number of violations on LAYER C1 = 0
#Total number of violations on LAYER C2 = 0
#Total number of violations on LAYER C3 = 0
#Total number of violations on LAYER C4 = 0
#Total number of violations on LAYER BA = 0
#Total number of violations on LAYER BB = 0
#Total number of violations on LAYER JA = 0
#Total number of violations on LAYER JB = 0
#Total number of violations on LAYER LB = 0
#Post Route via swapping is done.
#Total number of nets with non-default rule or having extra spacing = 56
#Total wire length = 447549 um.
#Total half perimeter of net bounding box = 383941 um.
#Total wire length on LAYER M1 = 2292 um.
#Total wire length on LAYER M2 = 81015 um.
#Total wire length on LAYER C1 = 122514 um.
#Total wire length on LAYER C2 = 100677 um.
#Total wire length on LAYER C3 = 96430 um.
#Total wire length on LAYER C4 = 29864 um.
#Total wire length on LAYER BA = 11785 um.
#Total wire length on LAYER BB = 2797 um.
#Total wire length on LAYER JA = 175 um.
#Total wire length on LAYER JB = 0 um.
#Total wire length on LAYER LB = 0 um.
#Total number of vias = 329344
#Total number of multi-cut vias = 224331 ( 68.1%)
#Total number of single cut vias = 105013 ( 31.9%)
#Up-Via Summary (total 329344):
#                   single-cut          multi-cut      Total
#-----------------------------------------------------------
# M1             56948 ( 52.1%)     52372 ( 47.9%)     109320
# M2             35737 ( 25.0%)    107264 ( 75.0%)     143001
# C1              8971 ( 16.9%)     44156 ( 83.1%)      53127
# C2              2609 ( 13.8%)     16343 ( 86.2%)      18952
# C3               403 ( 11.7%)      3043 ( 88.3%)       3446
# C4               294 ( 26.3%)       823 ( 73.7%)       1117
# BA                35 ( 10.1%)       311 ( 89.9%)        346
# BB                16 ( 45.7%)        19 ( 54.3%)         35
#-----------------------------------------------------------
#               105013 ( 31.9%)    224331 ( 68.1%)     329344 
#
#Minimum voltage of a net in the design = 0.000.
#Maximum voltage of a net in the design = 0.800.
#Voltage range [0.000 - 0.800] has 40279 nets.
#Voltage range [0.000 - 0.000] has 32 nets.
#Voltage range [0.720 - 0.800] has 1 net.
#Minimum voltage of a net in the design = 0.000.
#Maximum voltage of a net in the design = 0.800.
#Voltage range [0.000 - 0.800] has 40279 nets.
#Voltage range [0.000 - 0.000] has 32 nets.
#Voltage range [0.720 - 0.800] has 1 net.
#
#Start Post Route wire spreading..
#Minimum voltage of a net in the design = 0.000.
#Maximum voltage of a net in the design = 0.800.
#Voltage range [0.000 - 0.800] has 40279 nets.
#Voltage range [0.000 - 0.000] has 32 nets.
#Voltage range [0.720 - 0.800] has 1 net.
#Minimum voltage of a net in the design = 0.000.
#Maximum voltage of a net in the design = 0.800.
#Voltage range [0.000 - 0.800] has 40279 nets.
#Voltage range [0.000 - 0.000] has 32 nets.
#Voltage range [0.720 - 0.800] has 1 net.
#
#Start DRC checking..
#   number of violations = 11
#
#    By Layer and Type :
#	         MetSpc    Notch    Color   C2MCon      Enc   Totals
#	M1            0        0        0        1        1        2
#	M2            1        2        6        0        0        9
#	Totals        1        2        6        1        1       11
#cpu time = 00:01:17, elapsed time = 00:00:10, memory = 3376.80 (MB), peak = 4099.44 (MB)
#CELL_VIEW Silago_bot_left_corner,init has 11 DRC violations
#Total number of DRC violations = 11
#Total number of process antenna violations = 14
#Total number of net violated process antenna rule = 14
#Total number of violations on LAYER M1 = 2
#Total number of violations on LAYER M2 = 9
#Total number of violations on LAYER C1 = 0
#Total number of violations on LAYER C2 = 0
#Total number of violations on LAYER C3 = 0
#Total number of violations on LAYER C4 = 0
#Total number of violations on LAYER BA = 0
#Total number of violations on LAYER BB = 0
#Total number of violations on LAYER JA = 0
#Total number of violations on LAYER JB = 0
#Total number of violations on LAYER LB = 0
#Minimum voltage of a net in the design = 0.000.
#Maximum voltage of a net in the design = 0.800.
#Voltage range [0.000 - 0.800] has 40279 nets.
#Voltage range [0.000 - 0.000] has 32 nets.
#Voltage range [0.720 - 0.800] has 1 net.
#Minimum voltage of a net in the design = 0.000.
#Maximum voltage of a net in the design = 0.800.
#Voltage range [0.000 - 0.800] has 40279 nets.
#Voltage range [0.000 - 0.000] has 32 nets.
#Voltage range [0.720 - 0.800] has 1 net.
#
#Start data preparation for wire spreading...
#
#Data preparation is done on Sat Jan  3 09:40:07 2026
#
#Minimum voltage of a net in the design = 0.000.
#Maximum voltage of a net in the design = 0.800.
#Voltage range [0.000 - 0.800] has 40279 nets.
#Voltage range [0.000 - 0.000] has 32 nets.
#Voltage range [0.720 - 0.800] has 1 net.
#
#Start Post Route Wire Spread.
#Done with 11612 horizontal wires in 9 hboxes and 11435 vertical wires in 9 hboxes.
#Complete Post Route Wire Spread.
#
#Total number of nets with non-default rule or having extra spacing = 56
#Total wire length = 451651 um.
#Total half perimeter of net bounding box = 383941 um.
#Total wire length on LAYER M1 = 2292 um.
#Total wire length on LAYER M2 = 81308 um.
#Total wire length on LAYER C1 = 123459 um.
#Total wire length on LAYER C2 = 102240 um.
#Total wire length on LAYER C3 = 97417 um.
#Total wire length on LAYER C4 = 30052 um.
#Total wire length on LAYER BA = 11878 um.
#Total wire length on LAYER BB = 2827 um.
#Total wire length on LAYER JA = 178 um.
#Total wire length on LAYER JB = 0 um.
#Total wire length on LAYER LB = 0 um.
#Total number of vias = 329344
#Total number of multi-cut vias = 224331 ( 68.1%)
#Total number of single cut vias = 105013 ( 31.9%)
#Up-Via Summary (total 329344):
#                   single-cut          multi-cut      Total
#-----------------------------------------------------------
# M1             56948 ( 52.1%)     52372 ( 47.9%)     109320
# M2             35737 ( 25.0%)    107264 ( 75.0%)     143001
# C1              8971 ( 16.9%)     44156 ( 83.1%)      53127
# C2              2609 ( 13.8%)     16343 ( 86.2%)      18952
# C3               403 ( 11.7%)      3043 ( 88.3%)       3446
# C4               294 ( 26.3%)       823 ( 73.7%)       1117
# BA                35 ( 10.1%)       311 ( 89.9%)        346
# BB                16 ( 45.7%)        19 ( 54.3%)         35
#-----------------------------------------------------------
#               105013 ( 31.9%)    224331 ( 68.1%)     329344 
#
#Minimum voltage of a net in the design = 0.000.
#Maximum voltage of a net in the design = 0.800.
#Voltage range [0.000 - 0.800] has 40279 nets.
#Voltage range [0.000 - 0.000] has 32 nets.
#Voltage range [0.720 - 0.800] has 1 net.
#Minimum voltage of a net in the design = 0.000.
#Maximum voltage of a net in the design = 0.800.
#Voltage range [0.000 - 0.800] has 40279 nets.
#Voltage range [0.000 - 0.000] has 32 nets.
#Voltage range [0.720 - 0.800] has 1 net.
#
#Start DRC checking..
#   number of violations = 21
#
#    By Layer and Type :
#	         MetSpc    Notch    Color   C2MCon      Enc   JCSCol   Totals
#	M1            0        0        0        1        1        0        2
#	M2            1        2        6        0        0       10       19
#	Totals        1        2        6        1        1       10       21
#cpu time = 00:01:26, elapsed time = 00:00:11, memory = 3371.68 (MB), peak = 4099.44 (MB)
#CELL_VIEW Silago_bot_left_corner,init has 21 DRC violations
#Total number of DRC violations = 21
#Total number of process antenna violations = 14
#Total number of net violated process antenna rule = 14
#Total number of violations on LAYER M1 = 2
#Total number of violations on LAYER M2 = 19
#Total number of violations on LAYER C1 = 0
#Total number of violations on LAYER C2 = 0
#Total number of violations on LAYER C3 = 0
#Total number of violations on LAYER C4 = 0
#Total number of violations on LAYER BA = 0
#Total number of violations on LAYER BB = 0
#Total number of violations on LAYER JA = 0
#Total number of violations on LAYER JB = 0
#Total number of violations on LAYER LB = 0
#   number of violations = 21
#
#    By Layer and Type :
#	         MetSpc    Notch    Color   C2MCon      Enc   JCSCol   Totals
#	M1            0        0        0        1        1        0        2
#	M2            1        2        6        0        0       10       19
#	Totals        1        2        6        1        1       10       21
#cpu time = 00:01:44, elapsed time = 00:00:16, memory = 3369.24 (MB), peak = 4099.44 (MB)
#CELL_VIEW Silago_bot_left_corner,init has 21 DRC violations
#Total number of DRC violations = 21
#Total number of process antenna violations = 14
#Total number of net violated process antenna rule = 14
#Total number of violations on LAYER M1 = 2
#Total number of violations on LAYER M2 = 19
#Total number of violations on LAYER C1 = 0
#Total number of violations on LAYER C2 = 0
#Total number of violations on LAYER C3 = 0
#Total number of violations on LAYER C4 = 0
#Total number of violations on LAYER BA = 0
#Total number of violations on LAYER BB = 0
#Total number of violations on LAYER JA = 0
#Total number of violations on LAYER JB = 0
#Total number of violations on LAYER LB = 0
#Post Route wire spread is done.
#Total number of nets with non-default rule or having extra spacing = 56
#Total wire length = 451651 um.
#Total half perimeter of net bounding box = 383941 um.
#Total wire length on LAYER M1 = 2292 um.
#Total wire length on LAYER M2 = 81308 um.
#Total wire length on LAYER C1 = 123459 um.
#Total wire length on LAYER C2 = 102240 um.
#Total wire length on LAYER C3 = 97417 um.
#Total wire length on LAYER C4 = 30052 um.
#Total wire length on LAYER BA = 11878 um.
#Total wire length on LAYER BB = 2827 um.
#Total wire length on LAYER JA = 178 um.
#Total wire length on LAYER JB = 0 um.
#Total wire length on LAYER LB = 0 um.
#Total number of vias = 329344
#Total number of multi-cut vias = 224331 ( 68.1%)
#Total number of single cut vias = 105013 ( 31.9%)
#Up-Via Summary (total 329344):
#                   single-cut          multi-cut      Total
#-----------------------------------------------------------
# M1             56948 ( 52.1%)     52372 ( 47.9%)     109320
# M2             35737 ( 25.0%)    107264 ( 75.0%)     143001
# C1              8971 ( 16.9%)     44156 ( 83.1%)      53127
# C2              2609 ( 13.8%)     16343 ( 86.2%)      18952
# C3               403 ( 11.7%)      3043 ( 88.3%)       3446
# C4               294 ( 26.3%)       823 ( 73.7%)       1117
# BA                35 ( 10.1%)       311 ( 89.9%)        346
# BB                16 ( 45.7%)        19 ( 54.3%)         35
#-----------------------------------------------------------
#               105013 ( 31.9%)    224331 ( 68.1%)     329344 
#
#route_detail Statistics:
#Cpu time = 00:20:00
#Elapsed time = 00:03:13
#Increased memory = 165.14 (MB)
#Total memory = 3363.15 (MB)
#Peak memory = 4099.44 (MB)
#
#route_global_detail statistics:
#Cpu time = 00:25:08
#Elapsed time = 00:06:22
#Increased memory = 111.23 (MB)
#Total memory = 3294.16 (MB)
#Peak memory = 4099.44 (MB)
#Number of warnings = 5
#Total number of warnings = 27
#Number of fails = 0
#Total number of fails = 0
#Complete route_global_detail on Sat Jan  3 09:40:24 2026
#
#Default setup view is reset to AVF_RCWORST.
#Default setup view is reset to AVF_RCWORST.
AAE_INFO: Post Route call back at the end of routeDesign
#route_design: cpu time = 00:29:03, elapsed time = 00:07:08, memory = 3155.75 (MB), peak = 4099.44 (MB)
#% End route_design (date=01/03 09:40:25, total cpu=0:29:04, real=0:07:07, peak res=4099.4M, current mem=3155.8M)
@file 9:
@@file 10: write_db ./pnr/
cond_typ cond_worst cond_best
#% Begin save design ... (date=01/03 09:40:26, mem=3158.8M)
% Begin Save ccopt configuration ... (date=01/03 09:40:26, mem=3158.8M)
% End Save ccopt configuration ... (date=01/03 09:40:26, total cpu=0:00:00.4, real=0:00:00.0, peak res=3159.8M, current mem=3159.8M)
% Begin Save netlist data ... (date=01/03 09:40:26, mem=3159.9M)
Writing Binary DB to ./pnr.tmp/vbin/Silago_bot_left_corner.v.bin in multi-threaded mode...
% End Save netlist data ... (date=01/03 09:40:26, total cpu=0:00:00.3, real=0:00:01.0, peak res=3159.9M, current mem=3159.9M)
Saving symbol-table file in separate thread ...
Saving congestion map file in separate thread ...
Saving congestion map file ./pnr.tmp/Silago_bot_left_corner.route.congmap.gz ...
% Begin Save AAE data ... (date=01/03 09:40:27, mem=3161.3M)
Saving AAE Data ...
AAE DB initialization (MEM=5193.75 CPU=0:00:00.2 REAL=0:00:00.0) 
% End Save AAE data ... (date=01/03 09:40:27, total cpu=0:00:00.4, real=0:00:00.0, peak res=3177.6M, current mem=3177.6M)
Saving preference file ./pnr.tmp/gui.pref.tcl ...
Saving mode setting ...
Saving root attributes to be loaded post write_db ...
Saving global file ...
Saving root attributes to be loaded previous write_db ...
Saving Drc markers ...
... 35 markers are saved ...
... 21 geometry drc markers are saved ...
... 14 antenna drc markers are saved ...
Convert 0 swires and 0 svias from compressed groups
13 swires and 0 svias were compressed
3 swires and 0 svias were decompressed from small or sparse groups
Saving special route data file in separate thread ...
Saving PG file in separate thread ...
Saving placement file in separate thread ...
Saving route file in separate thread ...
Saving property file in separate thread ...
Convert 0 swires and 0 svias from compressed groups
** Saving stdCellPlacement_binary (version# 2) ...
Saving property file ./pnr.tmp/Silago_bot_left_corner.prop
Saving PG file ./pnr.tmp/Silago_bot_left_corner.pg.gz, version#2, (Created by Innovus v21.19-s058_1 on Sat Jan  3 09:40:32 2026)
Save Adaptive View Pruning View Names to Binary file
*** Completed saveProperty (cpu=0:00:00.2 real=0:00:00.0 mem=5248.3M) ***
*** Completed savePGFile (cpu=0:00:00.4 real=0:00:00.0 mem=5248.3M) ***
TAT_INFO: ::saveSpecialRoute REAL = 0 : CPU = 0 : MEM = 0.
TAT_INFO: ::savePGFile REAL = 0 : CPU = 0 : MEM = 0.
TAT_INFO: ::savePlace REAL = 0 : CPU = 0 : MEM = 0.
*** Completed saveRoute (cpu=0:00:01.1 real=0:00:00.0 mem=5248.3M) ***
TAT_INFO: ::saveRoute REAL = 0 : CPU = 0 : MEM = 0.
TAT_INFO: ::db::saveAnnotationAndProp REAL = 0 : CPU = 0 : MEM = 0.
#Saving pin access data to file ./pnr.tmp/Silago_bot_left_corner.apa ...
#
Saving preRoute extracted patterns in file './pnr.tmp/Silago_bot_left_corner.techData.gz' ...
Saving preRoute extraction data in directory './pnr.tmp/extraction/' ...
TAT_INFO: ::db::saveSymbolTable REAL = 0 : CPU = 0 : MEM = 0.
TAT_INFO: ::saveCongMap REAL = 0 : CPU = 0 : MEM = 0.
% Begin Save power constraints data ... (date=01/03 09:40:33, mem=3192.8M)
% End Save power constraints data ... (date=01/03 09:40:34, total cpu=0:00:00.2, real=0:00:00.0, peak res=3192.8M, current mem=3192.8M)
rc_typ rc_best rc_worst
rc_typ rc_best rc_worst
rc_typ rc_best rc_worst
rc_typ rc_best rc_worst
rc_typ rc_best rc_worst
rc_typ rc_best rc_worst
rc_typ rc_best rc_worst
Generated self-contained design pnr.tmp
#% End save design ... (date=01/03 09:40:35, total cpu=0:00:08.1, real=0:00:09.0, peak res=3194.7M, current mem=3194.7M)
*** Message Summary: 0 warning(s), 0 error(s)

@file 11:
@@file 12: write_ilm
**WARN: (IMPILM-365):	SI data will not be generated in this run since extraction needs to be done in postRoute mode.
	 To enable SI data creation, invoke SI aware optimization and then rerun write_ilm.
*Info: Derive Interface Logic in Multi-constraint Mode
*Info: set_db ilm_keep_async false conflicts with set_db timing_analysis_async_checks async setting. set_db ilm_keep_async false will be used in the ILM flow.
*Info: Using CTE mode ...
AAE_INFO: opIsDesignInPostRouteState() is 1
AAE_INFO: deleting AAE DB due to opIsDesignInPostRouteState() is changed ...
AAE DB initialization (MEM=5199.32 CPU=0:00:00.2 REAL=0:00:01.0) 
#################################################################################
# Design Stage: PostRoute
# Design Name: Silago_bot_left_corner
# Design Mode: 90nm
# Analysis Mode: MMMC Non-OCV 
# Parasitics Mode: No SPEF/RCDB 
# Signoff Settings: SI Off 
#################################################################################
Extraction called for design 'Silago_bot_left_corner' of instances=37138 and nets=40312 using extraction engine 'pre_route' .
**WARN: (IMPEXT-3530):	The process node is not set. Use the command set_design_mode -process <process node> prior to extraction for maximum accuracy and optimal automatic threshold setting.
Type 'man IMPEXT-3530' for more detail.
pre_route RC Extraction called for design Silago_bot_left_corner.
RC Extraction called in multi-corner(3) mode.
RCMode: PreRoute
      RC Corner Indexes            0       1       2   
Capacitance Scaling Factor   : 1.00000 1.00000 1.00000 
Resistance Scaling Factor    : 1.00000 1.00000 1.00000 
Clock Cap. Scaling Factor    : 1.00000 1.00000 1.00000 
Clock Res. Scaling Factor    : 1.00000 1.00000 1.00000 
Shrink Factor                : 1.00000
PreRoute extraction is honoring NDR/Shielding/ExtraSpace for clock nets.
Using Quantus QRC technology file ...
Updating RC grid for preRoute extraction ...
Initializing multi-corner resistance tables ...
PreRoute RC Extraction DONE (CPU Time: 0:00:01.7  Real Time: 0:00:01.0  MEM: 5197.324M)
Start delay calculation (fullDC) (8 T). (MEM=5306.07)
Total number of fetched objects 39130
AAE_INFO: Total number of nets for which stage creation was skipped for all views 0
Total number of fetched objects 39130
AAE_INFO: Total number of nets for which stage creation was skipped for all views 0
Total number of fetched objects 39130
AAE_INFO: Total number of nets for which stage creation was skipped for all views 0
End delay calculation. (MEM=5900.17 CPU=0:00:56.4 REAL=0:00:08.0)
End delay calculation (fullDC). (MEM=5900.17 CPU=0:01:07 REAL=0:00:12.0)
Multi-CPU acceleration using 8 CPU(s).
**WARN: (PRL-848):	"set_multi_cpu_usage" can't be used in added command/script of queueCommandThreaded, the settings will be ignored.
**WARN: (PRL-848):	"set_multi_cpu_usage" can't be used in added command/script of queueCommandThreaded, the settings will be ignored.
**WARN: (PRL-848):	"set_multi_cpu_usage" can't be used in added command/script of queueCommandThreaded, the settings will be ignored.
Ending "collect_all_best_worst_latency_reg" (total cpu=0:00:00.7, real=0:00:01.0, peak res=3524.5M, current mem=2678.4M)
Ending "collect_all_best_worst_latency_reg" (total cpu=0:00:00.8, real=0:00:01.0, peak res=3524.5M, current mem=2675.4M)
Ending "collect_all_best_worst_latency_reg" (total cpu=0:00:00.8, real=0:00:00.0, peak res=3524.5M, current mem=2675.4M)
Multi-CPU acceleration using 8 CPU(s).
**WARN: (PRL-848):	"set_multi_cpu_usage" can't be used in added command/script of queueCommandThreaded, the settings will be ignored.
**WARN: (PRL-848):	"set_multi_cpu_usage" can't be used in added command/script of queueCommandThreaded, the settings will be ignored.
**WARN: (PRL-848):	"set_multi_cpu_usage" can't be used in added command/script of queueCommandThreaded, the settings will be ignored.
Ending "generate_inter_clock_paths_OLD" (total cpu=0:00:00.6, real=0:00:00.0, peak res=3524.5M, current mem=2669.1M)
Ending "generate_inter_clock_paths_OLD" (total cpu=0:00:00.6, real=0:00:01.0, peak res=3524.5M, current mem=2669.1M)
Ending "generate_inter_clock_paths_OLD" (total cpu=0:00:00.6, real=0:00:01.0, peak res=3524.5M, current mem=2669.1M)
Ending "collect_all_inter_clock_paths" (total cpu=0:00:00.6, real=0:00:01.0, peak res=3524.5M, current mem=3117.2M)
*** Constant Propagation Marking in Setup Analysis Mode Begin (mem=5554.2M) ***
*** Found 2509 constant pins (0:00:00.1) ***
*** Constant Propagation Marking End (cpu=0:00:00.1 mem=5554.2M) ***
*** Clear Unused Logic Marking (cpu=0:00:00.0, mem=5554.2M) ***
*** Non CTE Mark Clock Nets Begin (mem=5554.2M) ***
*** Non CTE Mark Clock Nets End (cpu=0:00:00.1 mem=5554.2M) ***
Deriving Virtual Partition of (Silago_bot_left_corner) using constraint mode functional_AVF_RCWORST ...
*** Clear Unused Logic Marking (cpu=0:00:00.0, mem=5554.2M) ***
*** Non CTE Mark Clock Nets Begin (mem=5554.2M) ***
*** Non CTE Mark Clock Nets End (cpu=0:00:00.1 mem=5554.2M) ***
Deriving Virtual Partition of (Silago_bot_left_corner) using constraint mode functional ...
*** Clear Unused Logic Marking (cpu=0:00:00.0, mem=5554.2M) ***
*** Non CTE Mark Clock Nets Begin (mem=5554.2M) ***
*** Non CTE Mark Clock Nets End (cpu=0:00:00.1 mem=5554.2M) ***
Deriving Virtual Partition of (Silago_bot_left_corner) using constraint mode functional_AVF_RCTYP ...
*Info: Derive Interface Logic for SI in Multi-constraint Mode
*Info: Save Interface Logic -- Timing Model (Hold Analysis Views)
Creating directory ilm/mmmc/ilm_data.
Creating directory ilm/mmmc/ilm_data/Silago_bot_left_corner/.
*Info: Output core boundary SDC for view AVF_RCBEST ....
Writing constant & min slew constraints to file ilm/mmmc/ilm_data/Silago_bot_left_corner/Silago_bot_left_corner_postRoute_AVF_RCBEST.core.sdc.gz
*Info: Total 200 terms are set as logic 1.
*Info: Total 1087 terms are set as logic 0.
*Info: Total 14530 terms are unused input.
*Info: Total 13844 terms has min slew annotated.
*Info: Output core boundary SDC for view AVF_RCTYP ....
Writing constant & min slew constraints to file ilm/mmmc/ilm_data/Silago_bot_left_corner/Silago_bot_left_corner_postRoute_AVF_RCTYP.core.sdc.gz
*Info: Total 200 terms are set as logic 1.
*Info: Total 1087 terms are set as logic 0.
*Info: Total 14530 terms are unused input.
*Info: Total 13844 terms has min slew annotated.
*** Commit Timing View Marking (cpu=0:00:00.0, mem=5554.2M) ***
*** Clear Unused Logic Marking (cpu=0:00:00.0, mem=5554.2M) ***
*Info: Save Interface Logic -- Timing Model (Setup Analysis Views)
*Info: Output core boundary SDC for view AVF_RCWORST ....
Writing constant & max slew constraints to file ilm/mmmc/ilm_data/Silago_bot_left_corner/Silago_bot_left_corner_postRoute_AVF_RCWORST.core.sdc.gz
*Info: Total 200 terms are set as logic 1.
*Info: Total 1087 terms are set as logic 0.
*Info: Total 14530 terms are unused input.
*Info: Total 13844 terms has max slew annotated.
*** Marking 17483/37138 (47%) insts as TAIgnored.
*** Marking 18675/39107 (47%) nets as TAIgnored.
*** Commit Timing View Marking (cpu=0:00:00.0, mem=5554.2M) ***
*Info: Output ILM verilog netlist ....
write_netlist Option: -hier ilm/mmmc/ilm_data/Silago_bot_left_corner/Silago_bot_left_corner_postRoute.v.gz
Processing hierarchical netlist marking ...
*** Hierarhical netlist marking finished (cpu=0:00:00.0, mem=5554.2M) ***
Dumping netlist ...
Processing hierarchical netlist marking ...
Hierarchical netlist marking finished (cpu=0:00:00.0, mem=5554.2M)
*: Write Placement file (cpu=0:00:00.0, mem=5554.2M)
*Info: Output ILM design DEF ....
Writing DEF file 'ilm/mmmc/ilm_data/Silago_bot_left_corner/Silago_bot_left_corner_postRoute.def.gz', current time is Sat Jan  3 09:40:59 2026 ...
unitPerMicron=1000, dbgMicronPerDBU=0.001000, unitPerDBU=1.000000
DEF file 'ilm/mmmc/ilm_data/Silago_bot_left_corner/Silago_bot_left_corner_postRoute.def.gz' is written, current time is Sat Jan  3 09:40:59 2026 ...
*Info: Output ILM parasitic SPEF ....
*** Clear Unused Logic Marking (cpu=0:00:00.0, mem=5554.2M) ***
-----------------------------------------------------------------------------------
	write_ilm Summary
-----------------------------------------------------------------------------------
Model      	Reduced Instances         Reduced Registers
-----------------------------------------------------------------------------------
ilm_data	17483/37138 (47%) 	1580/4808 (32%)
si_data 	0/0 (N/A%) 	0/0 (N/A%)
-----------------------------------------------------------------------------------
Info: ILM generated data will be saved into the ilm directory.
Ending "write_ilm" (total cpu=0:01:30, real=0:00:31.0, peak res=3524.5M, current mem=3269.2M)
#@ End verbose source: ../../../scr/pnr_partition.tcl

*** Memory Usage v#1 (Current mem = 5454.371M, initial mem = 502.961M) ***
*** Message Summary: 1172 warning(s), 0 error(s)

--- Ending "Innovus" (totcpu=1:18:00, real=0:21:53, mem=5454.4M) ---
