
Cadence Innovus(TM) Implementation System.
Copyright 2021 Cadence Design Systems, Inc. All rights reserved worldwide.

Version:	v21.19-s058_1, built Thu Apr 4 09:59:17 PDT 2024
Options:	-stylus -no_gui -batch -files ../../../scr/pnr_partition.tcl -log ../../../../ex/log/pnr/pnr_Silago_top_right_corner_2026-01-03_09-19-13.log                             ../../../../exe/log/pnr/pnr_part_Silago_top_right_corner_2026-01-03_09-19-13.cmd                             ../../../../exe/log/pnr/pnr_part_Silago_top_right_corner_2026-01-03_09-19-13.logv -overwrite 
Date:		Sat Jan  3 09:19:14 2026
Host:		il2225ht25_jcdavid (x86_64 w/Linux 5.15.0-164-generic) (12cores*48cpus*Intel(R) Xeon(R) CPU E7-8857 v2 @ 3.00GHz 30720KB)
OS:		Rocky Linux 8.10 (Green Obsidian)

License:
		[09:19:14.443844] Configured Lic search path (21.01-s002): 27020@lic04.ug.kth.se:27020@lic05.ug.kth.se:3000@lic08.ug.kth.se:29000@lic06.ug.kth.se

		invs	Innovus Implementation System	21.1	checkout succeeded
		8 CPU jobs allowed with the current license(s). Use set_multi_cpu_usage to set your required CPU count.


**WARN: (IMPOPT-801):	Genus executable not found in PATH. Install Genus, add the path to the genus executable in the PATH variable and rerun Innovus.
Create and set the environment variable TMPDIR to /tmp/innovus_temp_984366_il2225ht25_jcdavid_jcdavid_zWjs5B.

Change the soft stacksize limit to 0.2%RAM (6192 mbytes). Set global soft_stack_size_limit to change the value.

**INFO:  MMMC transition support version v31-84 

#@ Processing -files option
@innovus 1> source ../../../scr/pnr_partition.tcl
#@ Begin verbose source (pre): source ../../../scr/pnr_partition.tcl
@file 1: source ../../../scr/global_variables.tcl
#@ Begin verbose source ../../../scr/global_variables.tcl (pre)
@file 1: set NUM_CPUS 8
@file 2: #set the top name of the design
@file 3: set TOP_NAME drra_wrapper
@file 4:
@file 5: # Directories
@file 6: set OUTPUT_DIR "../phy/db"
@file 7: set RPT_DIR    "../phy/rpt"
@file 8: set SCR_DIR    "../phy/scr"
@file 9: #we need a part directory where partitions are created
@file 10: set PART_DIR   "../phy/db/part"
@file 11: set SRC_DIR    "../syn/db"
@file 12:
@file 13: set STDC_CCS_DIR  "/opt/pdk/gfip/22FDX-EXT/GF22FDX_SC8T_104CPP_BASE_CSC28L_FDK_RELV06R60/model/timing/ccs"
@file 14: set TECH_LEF_DIR  "/opt/pdk/gf22/V1.0_4.1/PlaceRoute/Innovus/Techfiles/10M_2Mx_4Cx_2Bx_2Jx_LB"
@file 15: set STDC_LEF_DIR  "/opt/pdk/gfip/22FDX-EXT/GF22FDX_SC8T_104CPP_BASE_CSC28L_FDK_RELV06R60/lef"
@file 16:
@file 17: set LEF_FILE "${TECH_LEF_DIR}/22FDSOI_10M_2Mx_4Cx_2Bx_2Jx_LB_104cpp_tech.lef \
        ${STDC_LEF_DIR}/GF22FDX_SC8T_104CPP_BASE_CSC28L.lef"
@file 19:
@file 20: set STDC_QRC_DIR  "/opt/pdk/gf22/V1.0_4.1/PEX/QRC/10M_2Mx_4Cx_2Bx_2Jx_LBthick"
@file 21:
@file 22: set OP_COD_LIB_BC "GF22FDX_SC8T_104CPP_BASE_CSC28L_FFG_0P72V_0P00V_0P00V_0P00V_M40C"
@file 23: set OP_COD_LIB_TC "GF22FDX_SC8T_104CPP_BASE_CSC28L_TT_0P80V_0P00V_0P00V_0P00V_25C"
@file 24: set OP_COD_LIB_WC "GF22FDX_SC8T_104CPP_BASE_CSC28L_SSG_0P72V_0P00V_0P00V_0P00V_125C"
@file 25: set OP_COD_LIB_SRAM_BC "IN22FDX_S1DV_NFVG_W00064B256M04C128_116cpp_TT_0P800V_0P800V_0P000V_0P000V_025C"
@file 26: set OP_COD_LIB_SRAM_TC "IN22FDX_S1DV_NFVG_W00064B256M04C128_116cpp_TT_0P800V_0P800V_0P000V_0P000V_025C"
@file 27: set OP_COD_LIB_SRAM_WC "IN22FDX_S1DV_NFVG_W00064B256M04C128_116cpp_SSG_0P720V_0P720V_0P000V_0P000V_125C"
@file 28: set OP_COD_LIB_IO_BC "dwc_io_gf22fdx_1p8v_gpio_i_ull_ffg0p945v1p320vm40c_funccmin"
@file 29: set OP_COD_LIB_IO_TC "dwc_io_gf22fdx_1p8v_gpio_i_ull_tt0p800v1p500v25c"
@file 30: set OP_COD_LIB_IO_WC "dwc_io_gf22fdx_1p8v_gpio_i_ull_ssg0p720v1p620v125c_funccmax"
@file 31: set LIB_FILES_BC "${STDC_CCS_DIR}/${OP_COD_LIB_BC}_ccs.lib.gz"
@file 32: set LIB_FILES_TC "${STDC_CCS_DIR}/${OP_COD_LIB_TC}_ccs.lib.gz"
@file 33: set LIB_FILES_WC "${STDC_CCS_DIR}/${OP_COD_LIB_WC}_ccs.lib.gz"
@file 34: set OP_COD_BC "FFG_0P72V_0P00V_0P00V_0P00V_M40C"
@file 35: set OP_COD_TC "TT_0P80V_0P00V_0P00V_0P00V_25C"
@file 36: set OP_COD_WC "SSG_0P72V_0P00V_0P00V_0P00V_125C"
@file 37: set OP_COD_SRAM_BC "TT_0P800V_0P800V_0P000V_0P000V_025C"
@file 38: set OP_COD_SRAM_TC "TT_0P800V_0P800V_0P000V_0P000V_025C"
@file 39: set OP_COD_SRAM_WC "SSG_0P720V_0P720V_0P000V_0P000V_125C"
@file 40: set OP_COD_IO_BC "ffg0p945v1p320vm40c"
@file 41: set OP_COD_IO_TC "TT_0P8_1P5_25"
@file 42: set OP_COD_IO_WC "SSG_0P59_1P08_125"
@file 43: set QRC_FILE_BC "${STDC_QRC_DIR}/FuncRCminDP/qrcTechFile"
@file 44: set QRC_FILE_TC "${STDC_QRC_DIR}/nominal/qrcTechFile"
@file 45: set QRC_FILE_WC "${STDC_QRC_DIR}/FuncRCmaxDP/qrcTechFile"
@file 46:
@file 47: set MMMC_FILE          "${SCR_DIR}/mmmc.tcl"
@file 48: set NETLIST_FILE       "${SRC_DIR}/${TOP_NAME}.v"
@file 49: set SDC_FILES          "${SRC_DIR}/${TOP_NAME}.sdc"
#@ End verbose source ../../../scr/global_variables.tcl
@file 2: source ../../../scr/design_variables.tcl
#@ Begin verbose source ../../../scr/design_variables.tcl (pre)
@@file 1: set_multi_cpu_usage -local_cpu ${NUM_CPUS} -cpu_per_remote_host 1 -remote_host 0 -keep_license true
Setting releaseMultiCpuLicenseMode to false.
@@file 2: set_distributed_hosts -local
The timeout for a remote job to respond is 3600 seconds.
Submit command for task runs will be: local
@file 3:
@file 4: set all_partition_hinst_list {
	Silago_top_l_corner_inst_0_0 \
	Silago_top_inst_1_0 \
	Silago_top_inst_2_0 \
	Silago_top_inst_3_0 \
	Silago_top_inst_4_0 \
	Silago_top_inst_5_0 \
	Silago_top_inst_6_0 \
	Silago_top_r_corner_inst_7_0 \
	Silago_bot_l_corner_inst_0_1 \
	Silago_bot_inst_1_1 \
	Silago_bot_inst_2_1 \
	Silago_bot_inst_3_1 \
	Silago_bot_inst_4_1 \
	Silago_bot_inst_5_1 \
	Silago_bot_inst_6_1 \
	Silago_bot_r_corner_inst_7_1 }
@file 21:
@file 22: set master_partition_hinst_list {
	Silago_top_l_corner_inst_0_0 \
	Silago_top_inst_1_0 \
	Silago_top_r_corner_inst_7_0 \
	Silago_bot_l_corner_inst_0_1 \
	Silago_bot_inst_1_1 \
	Silago_bot_r_corner_inst_7_1 }
@file 29:
@file 30: set clone_partition_bot_hinst_list {
	Silago_bot_inst_2_1 \
	Silago_bot_inst_3_1 \
	Silago_bot_inst_4_1 \
	Silago_bot_inst_5_1 \
	Silago_bot_inst_6_1 }
@file 36:
@file 37: set clone_partition_top_hinst_list {
	Silago_top_inst_2_0 \
	Silago_top_inst_3_0 \
	Silago_top_inst_4_0 \
	Silago_top_inst_5_0 \
	Silago_top_inst_6_0 }
@file 43:
@file 44: set all_partition_module_list {
	Silago_top_left_corner \
	Silago_top \
	Silago_top_right_corner \
	Silago_bot_left_corner \
	Silago_bot \
	Silago_bot_right_corner }
@file 51:
@file 52: set master_partition_module_list {
	Silago_top_left_corner \
	Silago_top \
	Silago_top_right_corner \
	Silago_bot_left_corner \
	Silago_bot \
	Silago_bot_right_corner }
#@ End verbose source ../../../scr/design_variables.tcl
@file 3:
@@file 4: read_db .
#% Begin load design ... (date=01/03 09:19:35, mem=841.3M)
Starting library reading in 'Multi-threaded flow' (with '8' threads)

Threads Configured:8
Reading LIBSET_WC timing library /opt/pdk/gfip/22FDX-EXT/GF22FDX_SC8T_104CPP_BASE_CSC28L_FDK_RELV06R60/model/timing/ccs/GF22FDX_SC8T_104CPP_BASE_CSC28L_SSG_0P72V_0P00V_0P00V_0P00V_125C_ccs.lib.gz.
**WARN: (TECHLIB-302):	No function defined for cell 'SC8T_TAPZBX8_CSC28L'. The cell will only be used for analysis. (File /opt/pdk/gfip/22FDX-EXT/GF22FDX_SC8T_104CPP_BASE_CSC28L_FDK_RELV06R60/model/timing/ccs/GF22FDX_SC8T_104CPP_BASE_CSC28L_SSG_0P72V_0P00V_0P00V_0P00V_125C_ccs.lib.gz)
**WARN: (TECHLIB-302):	No function defined for cell 'SC8T_TAPX8_CSC28L'. The cell will only be used for analysis. (File /opt/pdk/gfip/22FDX-EXT/GF22FDX_SC8T_104CPP_BASE_CSC28L_FDK_RELV06R60/model/timing/ccs/GF22FDX_SC8T_104CPP_BASE_CSC28L_SSG_0P72V_0P00V_0P00V_0P00V_125C_ccs.lib.gz)
**WARN: (TECHLIB-302):	No function defined for cell 'SC8T_NOM1COLCAPPX1_CSC28L'. The cell will only be used for analysis. (File /opt/pdk/gfip/22FDX-EXT/GF22FDX_SC8T_104CPP_BASE_CSC28L_FDK_RELV06R60/model/timing/ccs/GF22FDX_SC8T_104CPP_BASE_CSC28L_SSG_0P72V_0P00V_0P00V_0P00V_125C_ccs.lib.gz)
**WARN: (TECHLIB-302):	No function defined for cell 'SC8T_NOM1COLCAPNX1_CSC28L'. The cell will only be used for analysis. (File /opt/pdk/gfip/22FDX-EXT/GF22FDX_SC8T_104CPP_BASE_CSC28L_FDK_RELV06R60/model/timing/ccs/GF22FDX_SC8T_104CPP_BASE_CSC28L_SSG_0P72V_0P00V_0P00V_0P00V_125C_ccs.lib.gz)
**WARN: (TECHLIB-302):	No function defined for cell 'SC8T_FILLX8_CSC28L'. The cell will only be used for analysis. (File /opt/pdk/gfip/22FDX-EXT/GF22FDX_SC8T_104CPP_BASE_CSC28L_FDK_RELV06R60/model/timing/ccs/GF22FDX_SC8T_104CPP_BASE_CSC28L_SSG_0P72V_0P00V_0P00V_0P00V_125C_ccs.lib.gz)
**WARN: (TECHLIB-302):	No function defined for cell 'SC8T_FILLX64_CSC28L'. The cell will only be used for analysis. (File /opt/pdk/gfip/22FDX-EXT/GF22FDX_SC8T_104CPP_BASE_CSC28L_FDK_RELV06R60/model/timing/ccs/GF22FDX_SC8T_104CPP_BASE_CSC28L_SSG_0P72V_0P00V_0P00V_0P00V_125C_ccs.lib.gz)
**WARN: (TECHLIB-302):	No function defined for cell 'SC8T_FILLX5_CSC28L'. The cell will only be used for analysis. (File /opt/pdk/gfip/22FDX-EXT/GF22FDX_SC8T_104CPP_BASE_CSC28L_FDK_RELV06R60/model/timing/ccs/GF22FDX_SC8T_104CPP_BASE_CSC28L_SSG_0P72V_0P00V_0P00V_0P00V_125C_ccs.lib.gz)
**WARN: (TECHLIB-302):	No function defined for cell 'SC8T_FILLX4_CSC28L'. The cell will only be used for analysis. (File /opt/pdk/gfip/22FDX-EXT/GF22FDX_SC8T_104CPP_BASE_CSC28L_FDK_RELV06R60/model/timing/ccs/GF22FDX_SC8T_104CPP_BASE_CSC28L_SSG_0P72V_0P00V_0P00V_0P00V_125C_ccs.lib.gz)
**WARN: (TECHLIB-302):	No function defined for cell 'SC8T_FILLX3_CSC28L'. The cell will only be used for analysis. (File /opt/pdk/gfip/22FDX-EXT/GF22FDX_SC8T_104CPP_BASE_CSC28L_FDK_RELV06R60/model/timing/ccs/GF22FDX_SC8T_104CPP_BASE_CSC28L_SSG_0P72V_0P00V_0P00V_0P00V_125C_ccs.lib.gz)
**WARN: (TECHLIB-302):	No function defined for cell 'SC8T_FILLX32_CSC28L'. The cell will only be used for analysis. (File /opt/pdk/gfip/22FDX-EXT/GF22FDX_SC8T_104CPP_BASE_CSC28L_FDK_RELV06R60/model/timing/ccs/GF22FDX_SC8T_104CPP_BASE_CSC28L_SSG_0P72V_0P00V_0P00V_0P00V_125C_ccs.lib.gz)
**WARN: (TECHLIB-302):	No function defined for cell 'SC8T_FILLX2_CSC28L'. The cell will only be used for analysis. (File /opt/pdk/gfip/22FDX-EXT/GF22FDX_SC8T_104CPP_BASE_CSC28L_FDK_RELV06R60/model/timing/ccs/GF22FDX_SC8T_104CPP_BASE_CSC28L_SSG_0P72V_0P00V_0P00V_0P00V_125C_ccs.lib.gz)
**WARN: (TECHLIB-302):	No function defined for cell 'SC8T_FILLX1_CSC28L'. The cell will only be used for analysis. (File /opt/pdk/gfip/22FDX-EXT/GF22FDX_SC8T_104CPP_BASE_CSC28L_FDK_RELV06R60/model/timing/ccs/GF22FDX_SC8T_104CPP_BASE_CSC28L_SSG_0P72V_0P00V_0P00V_0P00V_125C_ccs.lib.gz)
**WARN: (TECHLIB-302):	No function defined for cell 'SC8T_FILLX16_CSC28L'. The cell will only be used for analysis. (File /opt/pdk/gfip/22FDX-EXT/GF22FDX_SC8T_104CPP_BASE_CSC28L_FDK_RELV06R60/model/timing/ccs/GF22FDX_SC8T_104CPP_BASE_CSC28L_SSG_0P72V_0P00V_0P00V_0P00V_125C_ccs.lib.gz)
**WARN: (TECHLIB-302):	No function defined for cell 'SC8T_FILLX128_CSC28L'. The cell will only be used for analysis. (File /opt/pdk/gfip/22FDX-EXT/GF22FDX_SC8T_104CPP_BASE_CSC28L_FDK_RELV06R60/model/timing/ccs/GF22FDX_SC8T_104CPP_BASE_CSC28L_SSG_0P72V_0P00V_0P00V_0P00V_125C_ccs.lib.gz)
**WARN: (TECHLIB-302):	No function defined for cell 'SC8T_CONCAVEPRX9_CSC28L'. The cell will only be used for analysis. (File /opt/pdk/gfip/22FDX-EXT/GF22FDX_SC8T_104CPP_BASE_CSC28L_FDK_RELV06R60/model/timing/ccs/GF22FDX_SC8T_104CPP_BASE_CSC28L_SSG_0P72V_0P00V_0P00V_0P00V_125C_ccs.lib.gz)
**WARN: (TECHLIB-302):	No function defined for cell 'SC8T_CONCAVEPRX11_CSC28L'. The cell will only be used for analysis. (File /opt/pdk/gfip/22FDX-EXT/GF22FDX_SC8T_104CPP_BASE_CSC28L_FDK_RELV06R60/model/timing/ccs/GF22FDX_SC8T_104CPP_BASE_CSC28L_SSG_0P72V_0P00V_0P00V_0P00V_125C_ccs.lib.gz)
**WARN: (TECHLIB-302):	No function defined for cell 'SC8T_CONCAVEPLX9_CSC28L'. The cell will only be used for analysis. (File /opt/pdk/gfip/22FDX-EXT/GF22FDX_SC8T_104CPP_BASE_CSC28L_FDK_RELV06R60/model/timing/ccs/GF22FDX_SC8T_104CPP_BASE_CSC28L_SSG_0P72V_0P00V_0P00V_0P00V_125C_ccs.lib.gz)
**WARN: (TECHLIB-302):	No function defined for cell 'SC8T_CONCAVEPLX11_CSC28L'. The cell will only be used for analysis. (File /opt/pdk/gfip/22FDX-EXT/GF22FDX_SC8T_104CPP_BASE_CSC28L_FDK_RELV06R60/model/timing/ccs/GF22FDX_SC8T_104CPP_BASE_CSC28L_SSG_0P72V_0P00V_0P00V_0P00V_125C_ccs.lib.gz)
**WARN: (TECHLIB-302):	No function defined for cell 'SC8T_CONCAVENRX9_CSC28L'. The cell will only be used for analysis. (File /opt/pdk/gfip/22FDX-EXT/GF22FDX_SC8T_104CPP_BASE_CSC28L_FDK_RELV06R60/model/timing/ccs/GF22FDX_SC8T_104CPP_BASE_CSC28L_SSG_0P72V_0P00V_0P00V_0P00V_125C_ccs.lib.gz)
**WARN: (TECHLIB-302):	No function defined for cell 'SC8T_CONCAVENRX11_CSC28L'. The cell will only be used for analysis. (File /opt/pdk/gfip/22FDX-EXT/GF22FDX_SC8T_104CPP_BASE_CSC28L_FDK_RELV06R60/model/timing/ccs/GF22FDX_SC8T_104CPP_BASE_CSC28L_SSG_0P72V_0P00V_0P00V_0P00V_125C_ccs.lib.gz)
Message <TECHLIB-302> has exceeded the message display limit of '20'. Use 'set_message -no_limit -id list_of_msgIDs' to reset the message limit.
Read 959 cells in library GF22FDX_SC8T_104CPP_BASE_CSC28L_SSG_0P72V_0P00V_0P00V_0P00V_125C.
Library reading multithread flow ended.
Starting library reading in 'Multi-threaded flow' (with '8' threads)

Threads Configured:8
Reading LIBSET_BC timing library /opt/pdk/gfip/22FDX-EXT/GF22FDX_SC8T_104CPP_BASE_CSC28L_FDK_RELV06R60/model/timing/ccs/GF22FDX_SC8T_104CPP_BASE_CSC28L_FFG_0P72V_0P00V_0P00V_0P00V_M40C_ccs.lib.gz.
Read 959 cells in library GF22FDX_SC8T_104CPP_BASE_CSC28L_FFG_0P72V_0P00V_0P00V_0P00V_M40C.
Library reading multithread flow ended.
cond_typ cond_worst cond_best
rc_typ rc_best rc_worst

Loading LEF file /home/jcdavid/IL2225-Project/SiLagoNN/phy/db/part/Silago_top_right_corner/libs/lef/22FDSOI_10M_2Mx_4Cx_2Bx_2Jx_LB_104cpp_tech.lef ...

Loading LEF file /home/jcdavid/IL2225-Project/SiLagoNN/phy/db/part/Silago_top_right_corner/libs/lef/GF22FDX_SC8T_104CPP_BASE_CSC28L.lef ...
**WARN: (IMPLF-378):	The spacing for cell edge type 'SC8T_104CPP_BASE_CSC_SOURCE' and 'SC8T_104CPP_BASE_CSC_SOURCE' is already defined. It will be overwritten by the new definition in LEF file '/home/jcdavid/IL2225-Project/SiLagoNN/phy/db/part/Silago_top_right_corner/libs/lef/GF22FDX_SC8T_104CPP_BASE_CSC28L.lef'.
If it's defined multiple times for the same pair of types, only the last one
will be kept. Check all definitions in all LEF files to remove any duplicated
definitions to avoid this warning message.
**WARN: (IMPLF-378):	The spacing for cell edge type 'SC8T_104CPP_BASE_CSC_DRAIN' and 'SC8T_104CPP_BASE_CSC_SOURCE' is already defined. It will be overwritten by the new definition in LEF file '/home/jcdavid/IL2225-Project/SiLagoNN/phy/db/part/Silago_top_right_corner/libs/lef/GF22FDX_SC8T_104CPP_BASE_CSC28L.lef'.
If it's defined multiple times for the same pair of types, only the last one
will be kept. Check all definitions in all LEF files to remove any duplicated
definitions to avoid this warning message.
**WARN: (IMPLF-378):	The spacing for cell edge type 'SC8T_104CPP_BASE_CSC_DRAIN' and 'SC8T_104CPP_BASE_CSC_DRAIN' is already defined. It will be overwritten by the new definition in LEF file '/home/jcdavid/IL2225-Project/SiLagoNN/phy/db/part/Silago_top_right_corner/libs/lef/GF22FDX_SC8T_104CPP_BASE_CSC28L.lef'.
If it's defined multiple times for the same pair of types, only the last one
will be kept. Check all definitions in all LEF files to remove any duplicated
definitions to avoid this warning message.
**WARN: (IMPLF-378):	The spacing for cell edge type 'SC8T_104CPP_BASE_CSC_SOURCE2CPP' and 'SC8T_104CPP_BASE_CSC_SOURCE2CPP' is already defined. It will be overwritten by the new definition in LEF file '/home/jcdavid/IL2225-Project/SiLagoNN/phy/db/part/Silago_top_right_corner/libs/lef/GF22FDX_SC8T_104CPP_BASE_CSC28L.lef'.
If it's defined multiple times for the same pair of types, only the last one
will be kept. Check all definitions in all LEF files to remove any duplicated
definitions to avoid this warning message.
**WARN: (IMPLF-378):	The spacing for cell edge type 'SC8T_104CPP_BASE_CSC_SOURCE' and 'SC8T_104CPP_BASE_CSC_SOURCE2CPP' is already defined. It will be overwritten by the new definition in LEF file '/home/jcdavid/IL2225-Project/SiLagoNN/phy/db/part/Silago_top_right_corner/libs/lef/GF22FDX_SC8T_104CPP_BASE_CSC28L.lef'.
If it's defined multiple times for the same pair of types, only the last one
will be kept. Check all definitions in all LEF files to remove any duplicated
definitions to avoid this warning message.
**WARN: (IMPLF-378):	The spacing for cell edge type 'SC8T_104CPP_BASE_CSC_SOURCE2CPP' and 'SC8T_104CPP_BASE_CSC_DRAIN' is already defined. It will be overwritten by the new definition in LEF file '/home/jcdavid/IL2225-Project/SiLagoNN/phy/db/part/Silago_top_right_corner/libs/lef/GF22FDX_SC8T_104CPP_BASE_CSC28L.lef'.
If it's defined multiple times for the same pair of types, only the last one
will be kept. Check all definitions in all LEF files to remove any duplicated
definitions to avoid this warning message.
Set DBUPerIGU to M1 pitch 104.
[09:21:35.322851] Periodic Lic check successful
[09:21:35.322875] Feature usage summary:
[09:21:35.322875] Innovus_Impl_System
[09:21:35.322875] Innovus_20nm_Opt

This command "read_db ." required an extra checkout of license invs_20nm.
Additional license(s) checked out: 1 'Innovus_20nm_Opt' license(s)
**WARN: (IMPLF-201):	Pin 'Z' in macro 'SC8T_XOR3X8_CSC28L' has no ANTENNADIFFAREA value defined. The library data is incomplete and some process antenna rules will not be checked correctly.
Type 'man IMPLF-201' for more detail.
**WARN: (IMPLF-201):	Pin 'Z' in macro 'SC8T_XOR3X4_CSC28L' has no ANTENNADIFFAREA value defined. The library data is incomplete and some process antenna rules will not be checked correctly.
Type 'man IMPLF-201' for more detail.
**WARN: (IMPLF-201):	Pin 'Z' in macro 'SC8T_XOR3X2_CSC28L' has no ANTENNADIFFAREA value defined. The library data is incomplete and some process antenna rules will not be checked correctly.
Type 'man IMPLF-201' for more detail.
**WARN: (IMPLF-201):	Pin 'Z' in macro 'SC8T_XOR3X1_MR_CSC28L' has no ANTENNADIFFAREA value defined. The library data is incomplete and some process antenna rules will not be checked correctly.
Type 'man IMPLF-201' for more detail.
**WARN: (IMPLF-201):	Pin 'Z' in macro 'SC8T_XOR3X1_CSC28L' has no ANTENNADIFFAREA value defined. The library data is incomplete and some process antenna rules will not be checked correctly.
Type 'man IMPLF-201' for more detail.
**WARN: (IMPLF-201):	Pin 'Z' in macro 'SC8T_XOR2X8_CSC28L' has no ANTENNADIFFAREA value defined. The library data is incomplete and some process antenna rules will not be checked correctly.
Type 'man IMPLF-201' for more detail.
**WARN: (IMPLF-201):	Pin 'Z' in macro 'SC8T_XOR2X4_CSC28L' has no ANTENNADIFFAREA value defined. The library data is incomplete and some process antenna rules will not be checked correctly.
Type 'man IMPLF-201' for more detail.
**WARN: (IMPLF-201):	Pin 'Z' in macro 'SC8T_XOR2X2_CSC28L' has no ANTENNADIFFAREA value defined. The library data is incomplete and some process antenna rules will not be checked correctly.
Type 'man IMPLF-201' for more detail.
**WARN: (IMPLF-201):	Pin 'Z' in macro 'SC8T_XOR2X1_MR_CSC28L' has no ANTENNADIFFAREA value defined. The library data is incomplete and some process antenna rules will not be checked correctly.
Type 'man IMPLF-201' for more detail.
**WARN: (IMPLF-201):	Pin 'Z' in macro 'SC8T_XOR2X1_CSC28L' has no ANTENNADIFFAREA value defined. The library data is incomplete and some process antenna rules will not be checked correctly.
Type 'man IMPLF-201' for more detail.
**WARN: (IMPLF-201):	Pin 'Z' in macro 'SC8T_XOR2X0P5_CSC28L' has no ANTENNADIFFAREA value defined. The library data is incomplete and some process antenna rules will not be checked correctly.
Type 'man IMPLF-201' for more detail.
**WARN: (IMPLF-201):	Pin 'Z' in macro 'SC8T_XNR3X8_CSC28L' has no ANTENNADIFFAREA value defined. The library data is incomplete and some process antenna rules will not be checked correctly.
Type 'man IMPLF-201' for more detail.
**WARN: (IMPLF-201):	Pin 'Z' in macro 'SC8T_XNR3X4_CSC28L' has no ANTENNADIFFAREA value defined. The library data is incomplete and some process antenna rules will not be checked correctly.
Type 'man IMPLF-201' for more detail.
**WARN: (IMPLF-201):	Pin 'Z' in macro 'SC8T_XNR3X2_CSC28L' has no ANTENNADIFFAREA value defined. The library data is incomplete and some process antenna rules will not be checked correctly.
Type 'man IMPLF-201' for more detail.
**WARN: (IMPLF-201):	Pin 'Z' in macro 'SC8T_XNR3X1_MR_CSC28L' has no ANTENNADIFFAREA value defined. The library data is incomplete and some process antenna rules will not be checked correctly.
Type 'man IMPLF-201' for more detail.
**WARN: (IMPLF-201):	Pin 'Z' in macro 'SC8T_XNR3X1_CSC28L' has no ANTENNADIFFAREA value defined. The library data is incomplete and some process antenna rules will not be checked correctly.
Type 'man IMPLF-201' for more detail.
**WARN: (IMPLF-201):	Pin 'Z' in macro 'SC8T_XNR2X8_CSC28L' has no ANTENNADIFFAREA value defined. The library data is incomplete and some process antenna rules will not be checked correctly.
Type 'man IMPLF-201' for more detail.
**WARN: (IMPLF-201):	Pin 'Z' in macro 'SC8T_XNR2X4_CSC28L' has no ANTENNADIFFAREA value defined. The library data is incomplete and some process antenna rules will not be checked correctly.
Type 'man IMPLF-201' for more detail.
**WARN: (IMPLF-201):	Pin 'Z' in macro 'SC8T_XNR2X2_CSC28L' has no ANTENNADIFFAREA value defined. The library data is incomplete and some process antenna rules will not be checked correctly.
Type 'man IMPLF-201' for more detail.
**WARN: (IMPLF-201):	Pin 'Z' in macro 'SC8T_XNR2X1_MR_CSC28L' has no ANTENNADIFFAREA value defined. The library data is incomplete and some process antenna rules will not be checked correctly.
Type 'man IMPLF-201' for more detail.
**WARN: (EMS-27):	Message (IMPLF-201) has exceeded the current message display limit of 20.
To increase the message display limit, refer to the product command reference manual.
**WARN: (IMPLF-200):	Pin 'A' in macro 'SC8T_ANTENNAX11_CSC28L' has no ANTENNAGATEAREA value defined. The library data is incomplete and some process antenna rules will not be checked correctly.
Type 'man IMPLF-200' for more detail.

##  Check design process and node:  
##  Both design process and tech node are not set.

Loading view definition file from /home/jcdavid/IL2225-Project/SiLagoNN/phy/db/part/Silago_top_right_corner/viewDefinition.tcl
% Begin Load netlist data ... (date=01/03 09:21:36, mem=935.3M)
*** Begin netlist parsing (mem=1770.4M) ***
Created 959 new cells from 2 timing libraries.
Reading netlist ...
Backslashed names will retain backslash and a trailing blank character.
Reading verilogBinary netlist '/home/jcdavid/IL2225-Project/SiLagoNN/phy/db/part/Silago_top_right_corner/vbin/Silago_top_right_corner.v.bin'
Reading binary database version 2 in multi-threaded mode

*** Memory Usage v#1 (Current mem = 1800.391M, initial mem = 502.961M) ***
*** End netlist parsing (cpu=0:00:00.3, real=0:00:00.0, mem=1800.4M) ***
% End Load netlist data ... (date=01/03 09:21:36, total cpu=0:00:00.4, real=0:00:00.0, peak res=1057.4M, current mem=1057.4M)
Set top cell to Silago_top_right_corner.
Hooked 1918 DB cells to tlib cells.
Starting recursive module instantiation check.
No recursion found.
Building hierarchical netlist for Cell Silago_top_right_corner ...
*** Netlist is unique.
** info: there are 2149 modules.
** info: there are 37327 stdCell insts.

*** Memory Usage v#1 (Current mem = 1812.305M, initial mem = 502.961M) ***

Honor LEF defined pitches for advanced node
Start create_tracks
**WARN: (IMPTR-9998):	The mode setting command for route_trial is obsolete and should not be used anymore.  It still works in this release but will be removed in a future release.  You should change to use set_db route_early_global_<attr_name> to set modes for route_early_global which is the replacement tool for route_trial.
add_rings command will ignore shorts while creating rings.
add_rings command will disallow rings to go over rows.
add_rings command will consider rows while creating rings.
The ring targets are set to core/block ring wires.
**WARN: (IMPTB-413):	Option "budget_virtual_opt_engine" of the set_db command doesn't regenerate Timing Graph, if it already exists.
add_stripes will allow jog to connect padcore ring and block ring.

Stripes will not extend to closest target.
When breaking rings, the power planner will consider the existence of blocks.
add_stripes will break automatically at non-default domains when generating global stripes over the core area or default domain.
The entire stripe set will break at the domain if one of the nets is not in the domain.
Stripes will not be created over regions without power planning wires.
Offset for stripe breaking is set to 0.
Stripes will stop at the boundary of the specified area.
The power planner will set stripe antenna targets to none (no trimming allowed).

Loading LEF file /home/jcdavid/IL2225-Project/SiLagoNN/phy/db/part/Silago_top_right_corner/Silago_top_right_corner.lef.info.gz ...
*Info: initialize multi-corner CTS.
Starting library reading in 'Multi-threaded flow' (with '8' threads)

Threads Configured:8
Reading LIBSET_TC timing library /opt/pdk/gfip/22FDX-EXT/GF22FDX_SC8T_104CPP_BASE_CSC28L_FDK_RELV06R60/model/timing/ccs/GF22FDX_SC8T_104CPP_BASE_CSC28L_TT_0P80V_0P00V_0P00V_0P00V_25C_ccs.lib.gz.
Read 959 cells in library GF22FDX_SC8T_104CPP_BASE_CSC28L_TT_0P80V_0P00V_0P00V_0P00V_25C.
Library reading multithread flow ended.
Total number of combinational cells: 808
Total number of sequential cells: 101
Total number of tristate cells: 4
Total number of level shifter cells: 0
Total number of power gating cells: 0
Total number of isolation cells: 0
Total number of power switch cells: 0
Total number of pulse generator cells: 0
Total number of always on buffers: 0
Total number of retention cells: 0
Total number of physical cells: 46
List of usable buffers: SC8T_BUFX0P5_A_CSC28L SC8T_BUFX0P5_CSC28L SC8T_BUFX10_CSC28L SC8T_BUFX12_CSC28L SC8T_BUFX16_CSC28L SC8T_BUFX1P5_CSC28L SC8T_BUFX1_A_CSC28L SC8T_BUFX1_MR_CSC28L SC8T_BUFX1_CSC28L SC8T_BUFX20_CSC28L SC8T_BUFX24_CSC28L SC8T_BUFX2_CSC28L SC8T_BUFX3_CSC28L SC8T_BUFX4_MR_CSC28L SC8T_BUFX4_CSC28L SC8T_BUFX6_CSC28L SC8T_BUFX8_CSC28L SC8T_CKBUFX10_CSC28L SC8T_CKBUFX12_CSC28L SC8T_CKBUFX16_CSC28L SC8T_CKBUFX1_MR_CSC28L SC8T_CKBUFX1_CSC28L SC8T_CKBUFX20_CSC28L SC8T_CKBUFX24_CSC28L SC8T_CKBUFX2_CSC28L SC8T_CKBUFX4_CSC28L SC8T_CKBUFX6_CSC28L SC8T_CKBUFX8_CSC28L
Total number of usable buffers: 28
List of unusable buffers:
Total number of unusable buffers: 0
List of usable inverters: SC8T_INVX0P5_CSC28L SC8T_INVX10_CSC28L SC8T_INVX12_CSC28L SC8T_INVX16_CSC28L SC8T_INVX1P5_CSC28L SC8T_INVX1_3CPP_CSC28L SC8T_INVX1_MR_CSC28L SC8T_INVX1_CSC28L SC8T_INVX20_CSC28L SC8T_INVX24_CSC28L SC8T_INVX2_CSC28L SC8T_INVX3_CSC28L SC8T_INVX4_CSC28L SC8T_INVX6_CSC28L SC8T_INVX8_CSC28L SC8T_CKINVX10_CSC28L SC8T_CKINVX12_CSC28L SC8T_CKINVX16_CSC28L SC8T_CKINVX1_MR_CSC28L SC8T_CKINVX1_CSC28L SC8T_CKINVX20_CSC28L SC8T_CKINVX24_CSC28L SC8T_CKINVX2_CSC28L SC8T_CKINVX4_CSC28L SC8T_CKINVX6_CSC28L SC8T_CKINVX8_CSC28L
Total number of usable inverters: 26
List of unusable inverters:
Total number of unusable inverters: 0
List of identified usable delay cells: SC8T_DLY100X1_CSC28L SC8T_DLY40X1_CSC28L SC8T_DLY60X1_CSC28L SC8T_DLY80X1_CSC28L
Total number of identified usable delay cells: 4
List of identified unusable delay cells:
Total number of identified unusable delay cells: 0
Reading floorplan file - /home/jcdavid/IL2225-Project/SiLagoNN/phy/db/part/Silago_top_right_corner/Silago_top_right_corner.fp.gz (mem = 2126.5M).
% Begin Load floorplan data ... (date=01/03 09:22:36, mem=1305.9M)
*info: reset 40946 existing net BottomPreferredLayer and AvoidDetour
Deleting old partition specification.
Set FPlanBox to (0 0 200096 200320)

Honor LEF defined pitches for advanced node
Start create_tracks
 ... processed partition successfully.
Reading binary special route file /home/jcdavid/IL2225-Project/SiLagoNN/phy/db/part/Silago_top_right_corner/Silago_top_right_corner.fp.spr.gz (Created by Innovus v21.19-s058_1 on Sat Jan  3 09:17:58 2026, version: 1)
Convert 0 swires and 0 svias from compressed groups
4 swires and 0 svias were compressed
13 swires and 0 svias were decompressed from small or sparse groups
Ending "Read special route file" (total cpu=0:00:00.1, real=0:00:00.0, peak res=1307.4M, current mem=1307.4M)
Extracting standard cell pins and blockage ...... 
Pin and blockage extraction finished
Delete all existing relative floorplan constraints.
% End Load floorplan data ... (date=01/03 09:22:37, total cpu=0:00:00.3, real=0:00:01.0, peak res=1308.7M, current mem=1308.7M)
% Begin Load SymbolTable ... (date=01/03 09:22:37, mem=1308.7M)
% End Load SymbolTable ... (date=01/03 09:22:37, total cpu=0:00:00.2, real=0:00:00.0, peak res=1311.8M, current mem=1311.8M)
Loading place ...
% Begin Load placement data ... (date=01/03 09:22:37, mem=1311.8M)
Reading placement file - /home/jcdavid/IL2225-Project/SiLagoNN/phy/db/part/Silago_top_right_corner/Silago_top_right_corner.place.gz.
** Reading stdCellPlacement_binary (Created by Innovus v21.19-s058_1 on Sat Jan  3 09:17:58 2026, version# 1) ...
Read Views for adaptive view pruning ...
Read 0 views from Binary DB for adaptive view pruning
*** Completed restorePlace (cpu=0:00:00.0 real=0:00:00.0 mem=2127.5M) ***
Total net length = 1.739e+02 (3.795e+01 1.359e+02) (ext = 9.796e+01)
% End Load placement data ... (date=01/03 09:22:37, total cpu=0:00:00.1, real=0:00:00.0, peak res=1312.0M, current mem=1312.0M)
Reading PG file /home/jcdavid/IL2225-Project/SiLagoNN/phy/db/part/Silago_top_right_corner/Silago_top_right_corner.pg.gz, version#2, (Created by Innovus v21.19-s058_1 on       Sat Jan  3 09:17:58 2026)
*** Completed restorePGFile (cpu=0:00:00.0 real=0:00:01.0 mem=2124.5M) ***
% Begin Load routing data ... (date=01/03 09:22:38, mem=1311.8M)
Reading routing file - /home/jcdavid/IL2225-Project/SiLagoNN/phy/db/part/Silago_top_right_corner/Silago_top_right_corner.route.gz.
Reading Innovus routing data (Created by Innovus v21.19-s058_1 on Sat Jan  3 09:17:58 2026 Format: 20.1) ...
*** Total 39635 nets are successfully restored.
*** Completed restoreRoute (cpu=0:00:00.1 real=0:00:00.0 mem=2124.5M) ***
% End Load routing data ... (date=01/03 09:22:38, total cpu=0:00:00.1, real=0:00:00.0, peak res=1312.4M, current mem=1312.4M)
Reading property file /home/jcdavid/IL2225-Project/SiLagoNN/phy/db/part/Silago_top_right_corner/Silago_top_right_corner.prop
*** Completed restoreProperty (cpu=0:00:00.0 real=0:00:00.0 mem=2127.5M) ***
% Begin Loading timing constraints ... (date=01/03 09:22:38, mem=1312.9M)
Reading timing constraints file '/home/jcdavid/IL2225-Project/SiLagoNN/phy/db/part/Silago_top_right_corner/Silago_top_right_corner_AVF_RCWORST.constr.pt' ...
Current (total cpu=0:20:24, real=0:03:24, peak res=2123.4M, current mem=1605.2M)
**WARN: (TCLCMD-1602):	The clock '_INN_superClk' has been asserted with zero period (File /home/jcdavid/IL2225-Project/SiLagoNN/phy/db/part/Silago_top_right_corner/Silago_top_right_corner_AVF_RCWORST.constr.pt, Line 5).

**WARN: (TCLCMD-1530):	Clock '_INN_superClk' has clock waveform with rise & fall edges defined at the same time. (File /home/jcdavid/IL2225-Project/SiLagoNN/phy/db/part/Silago_top_right_corner/Silago_top_right_corner_AVF_RCWORST.constr.pt, Line 5).

**WARN: (TCLCMD-1142):	Virtual clock '_INN_superClk' is being created with no source objects. (File /home/jcdavid/IL2225-Project/SiLagoNN/phy/db/part/Silago_top_right_corner/Silago_top_right_corner_AVF_RCWORST.constr.pt, Line 5).

INFO (CTE): Reading of timing constraints file /home/jcdavid/IL2225-Project/SiLagoNN/phy/db/part/Silago_top_right_corner/Silago_top_right_corner_AVF_RCWORST.constr.pt completed, with 3 WARNING
Ending "Constraint file reading stats" (total cpu=0:00:00.8, real=0:00:01.0, peak res=1647.1M, current mem=1647.1M)
Current (total cpu=0:20:25, real=0:03:25, peak res=2123.4M, current mem=1647.1M)
Reading timing constraints file '/home/jcdavid/IL2225-Project/SiLagoNN/phy/db/part/Silago_top_right_corner/Silago_top_right_corner_AVF_RCTYP.constr.pt' ...
Current (total cpu=0:20:25, real=0:03:26, peak res=2123.4M, current mem=1647.2M)
**WARN: (TCLCMD-1602):	The clock '_INN_superClk' has been asserted with zero period (File /home/jcdavid/IL2225-Project/SiLagoNN/phy/db/part/Silago_top_right_corner/Silago_top_right_corner_AVF_RCTYP.constr.pt, Line 5).

**WARN: (TCLCMD-1530):	Clock '_INN_superClk' has clock waveform with rise & fall edges defined at the same time. (File /home/jcdavid/IL2225-Project/SiLagoNN/phy/db/part/Silago_top_right_corner/Silago_top_right_corner_AVF_RCTYP.constr.pt, Line 5).

**WARN: (TCLCMD-1142):	Virtual clock '_INN_superClk' is being created with no source objects. (File /home/jcdavid/IL2225-Project/SiLagoNN/phy/db/part/Silago_top_right_corner/Silago_top_right_corner_AVF_RCTYP.constr.pt, Line 5).

INFO (CTE): Reading of timing constraints file /home/jcdavid/IL2225-Project/SiLagoNN/phy/db/part/Silago_top_right_corner/Silago_top_right_corner_AVF_RCTYP.constr.pt completed, with 3 WARNING
Ending "Constraint file reading stats" (total cpu=0:00:00.7, real=0:00:00.0, peak res=1647.4M, current mem=1647.4M)
Current (total cpu=0:20:26, real=0:03:26, peak res=2123.4M, current mem=1647.4M)
Reading timing constraints file '/home/jcdavid/IL2225-Project/SiLagoNN/phy/db/part/Silago_top_right_corner/Silago_top_right_corner_AVF_RCBEST.constr.pt' ...
Current (total cpu=0:20:26, real=0:03:26, peak res=2123.4M, current mem=1647.4M)
**WARN: (TCLCMD-1602):	The clock '_INN_superClk' has been asserted with zero period (File /home/jcdavid/IL2225-Project/SiLagoNN/phy/db/part/Silago_top_right_corner/Silago_top_right_corner_AVF_RCBEST.constr.pt, Line 5).

**WARN: (TCLCMD-1530):	Clock '_INN_superClk' has clock waveform with rise & fall edges defined at the same time. (File /home/jcdavid/IL2225-Project/SiLagoNN/phy/db/part/Silago_top_right_corner/Silago_top_right_corner_AVF_RCBEST.constr.pt, Line 5).

**WARN: (TCLCMD-1142):	Virtual clock '_INN_superClk' is being created with no source objects. (File /home/jcdavid/IL2225-Project/SiLagoNN/phy/db/part/Silago_top_right_corner/Silago_top_right_corner_AVF_RCBEST.constr.pt, Line 5).

INFO (CTE): Reading of timing constraints file /home/jcdavid/IL2225-Project/SiLagoNN/phy/db/part/Silago_top_right_corner/Silago_top_right_corner_AVF_RCBEST.constr.pt completed, with 3 WARNING
Ending "Constraint file reading stats" (total cpu=0:00:00.7, real=0:00:01.0, peak res=1648.1M, current mem=1648.1M)
Current (total cpu=0:20:27, real=0:03:27, peak res=2123.4M, current mem=1648.1M)
% End Loading timing constraints ... (date=01/03 09:22:41, total cpu=0:00:03.4, real=0:00:03.0, peak res=1648.2M, current mem=1648.2M)
**WARN: (IMPIMEX-10014):	The current design data being restored: '/home/jcdavid/IL2225-Project/SiLagoNN/phy/db/part/Silago_top_right_corner' has been saved with an older structure. When restoring a subset of views for this database, derate information for inactive delay corners may be inaccesible in the current session. A newer database structure allows more flexibility for change the active view list in-session. To update the current database, you need to restore the design with all views active - and then the next save will update it to the new model.
add_rings command will ignore shorts while creating rings.
add_rings command will disallow rings to go over rows.
add_rings command will consider rows while creating rings.
The ring targets are set to core/block ring wires.
add_stripes will allow jog to connect padcore ring and block ring.

Stripes will not extend to closest target.
When breaking rings, the power planner will consider the existence of blocks.
add_stripes will break automatically at non-default domains when generating global stripes over the core area or default domain.
The entire stripe set will break at the domain if one of the nets is not in the domain.
Stripes will not be created over regions without power planning wires.
Offset for stripe breaking is set to 0.
Stripes will stop at the boundary of the specified area.
The power planner will set stripe antenna targets to none (no trimming allowed).
**WARN: (IMPTB-413):	Option "budget_virtual_opt_engine" of the set_db command doesn't regenerate Timing Graph, if it already exists.
**WARN: (IMPTR-9998):	The mode setting command for route_trial is obsolete and should not be used anymore.  It still works in this release but will be removed in a future release.  You should change to use set_db route_early_global_<attr_name> to set modes for route_early_global which is the replacement tool for route_trial.
Extraction setup Started 
Initializing multi-corner RC extraction with 3 active RC Corners ...
Captable file(s) not specified in multi-corner setup. PreRoute extraction will use technology file. For post_route extraction, default value for effort level would be 'medium' and effort level 'low' would not be allowed.
Generating auto layer map file.
Importing multi-corner technology file(s) for preRoute extraction...
/home/jcdavid/IL2225-Project/SiLagoNN/phy/db/part/Silago_top_right_corner/libs/mmmc/rc_worst/qrcTechFile
/home/jcdavid/IL2225-Project/SiLagoNN/phy/db/part/Silago_top_right_corner/libs/mmmc/rc_best/qrcTechFile
/home/jcdavid/IL2225-Project/SiLagoNN/phy/db/part/Silago_top_right_corner/libs/mmmc/rc_typ/qrcTechFile
Generating auto layer map file.
Generating auto layer map file.
Generating auto layer map file.
Completed (cpu: 0:00:17.5 real: 0:00:11.0)
Set Shrink Factor to 1.00000
Summary of Active RC-Corners : 
 
 Analysis View: AVF_RCWORST
    RC-Corner Name        : rc_worst
    RC-Corner Index       : 0
    RC-Corner Temperature : 25 Celsius
    RC-Corner Cap Table   : ''
    RC-Corner PreRoute Res Factor         : 1
    RC-Corner PreRoute Cap Factor         : 1
    RC-Corner PostRoute Res Factor        : 1 {1 1 1}
    RC-Corner PostRoute Cap Factor        : 1 {1 1 1}
    RC-Corner PostRoute XCap Factor       : 1 {1 1 1}
    RC-Corner PreRoute Clock Res Factor   : 1	[Derived from postRoute_res (effortLevel low)]
    RC-Corner PreRoute Clock Cap Factor   : 1	[Derived from postRoute_cap (effortLevel low)]
    RC-Corner PostRoute Clock Cap Factor  : 1 {1 1 1} 	[Derived from postRoute_cap (effortLevel low)]
    RC-Corner PostRoute Clock Res Factor  : 1 {1 1 1} 	[Derived from postRoute_res (effortLevel low)]
    RC-Corner PostRoute Clock coupling capacitance Factor : 1 {1 1 1} 
    RC-Corner Technology file: '/home/jcdavid/IL2225-Project/SiLagoNN/phy/db/part/Silago_top_right_corner/libs/mmmc/rc_worst/qrcTechFile'
 
 Analysis View: AVF_RCBEST
    RC-Corner Name        : rc_best
    RC-Corner Index       : 1
    RC-Corner Temperature : 25 Celsius
    RC-Corner Cap Table   : ''
    RC-Corner PreRoute Res Factor         : 1
    RC-Corner PreRoute Cap Factor         : 1
    RC-Corner PostRoute Res Factor        : 1 {1 1 1}
    RC-Corner PostRoute Cap Factor        : 1 {1 1 1}
    RC-Corner PostRoute XCap Factor       : 1 {1 1 1}
    RC-Corner PreRoute Clock Res Factor   : 1	[Derived from postRoute_res (effortLevel low)]
    RC-Corner PreRoute Clock Cap Factor   : 1	[Derived from postRoute_cap (effortLevel low)]
    RC-Corner PostRoute Clock Cap Factor  : 1 {1 1 1} 	[Derived from postRoute_cap (effortLevel low)]
    RC-Corner PostRoute Clock Res Factor  : 1 {1 1 1} 	[Derived from postRoute_res (effortLevel low)]
    RC-Corner PostRoute Clock coupling capacitance Factor : 1 {1 1 1} 
    RC-Corner Technology file: '/home/jcdavid/IL2225-Project/SiLagoNN/phy/db/part/Silago_top_right_corner/libs/mmmc/rc_best/qrcTechFile'
 
 Analysis View: AVF_RCTYP
    RC-Corner Name        : rc_typ
    RC-Corner Index       : 2
    RC-Corner Temperature : 25 Celsius
    RC-Corner Cap Table   : ''
    RC-Corner PreRoute Res Factor         : 1
    RC-Corner PreRoute Cap Factor         : 1
    RC-Corner PostRoute Res Factor        : 1 {1 1 1}
    RC-Corner PostRoute Cap Factor        : 1 {1 1 1}
    RC-Corner PostRoute XCap Factor       : 1 {1 1 1}
    RC-Corner PreRoute Clock Res Factor   : 1	[Derived from postRoute_res (effortLevel low)]
    RC-Corner PreRoute Clock Cap Factor   : 1	[Derived from postRoute_cap (effortLevel low)]
    RC-Corner PostRoute Clock Cap Factor  : 1 {1 1 1} 	[Derived from postRoute_cap (effortLevel low)]
    RC-Corner PostRoute Clock Res Factor  : 1 {1 1 1} 	[Derived from postRoute_res (effortLevel low)]
    RC-Corner PostRoute Clock coupling capacitance Factor : 1 {1 1 1} 
    RC-Corner Technology file: '/home/jcdavid/IL2225-Project/SiLagoNN/phy/db/part/Silago_top_right_corner/libs/mmmc/rc_typ/qrcTechFile'
Updating RC grid for preRoute extraction ...
Initializing multi-corner resistance tables ...
Default value for post_route extraction mode's extract_rc_effort_level (extract_rc_effort_level option of set_db) changed to 'medium'.
Start generating vias ..
Extracting standard cell pins and blockage ...... 
Pin and blockage extraction finished
Via generation completed successfully.
Generating auto layer map file.
Initializing preRoute extraction patterns for new vias... Generating auto layer map file.
Generating auto layer map file.
Generating auto layer map file.
Completed (cpu: 0:00:05.7 real: 0:00:06.0)
% Begin Load power constraints ... (date=01/03 09:22:59, mem=1739.1M)
% End Load power constraints ... (date=01/03 09:22:59, total cpu=0:00:00.1, real=0:00:00.0, peak res=1739.1M, current mem=1739.1M)
% Begin load AAE data ... (date=01/03 09:22:59, mem=1739.1M)
**WARN: (IMPESI-621):	Timing window restoration data eosdb.dat not found. PBA-SI results may not match in save/restore flow.
% End load AAE data ... (date=01/03 09:22:59, total cpu=0:00:00.1, real=0:00:01.0, peak res=1739.1M, current mem=1739.1M)
Total number of combinational cells: 808
Total number of sequential cells: 101
Total number of tristate cells: 4
Total number of level shifter cells: 0
Total number of power gating cells: 0
Total number of isolation cells: 0
Total number of power switch cells: 0
Total number of pulse generator cells: 0
Total number of always on buffers: 0
Total number of retention cells: 0
Total number of physical cells: 46
List of usable buffers: SC8T_BUFX0P5_A_CSC28L SC8T_BUFX0P5_CSC28L SC8T_BUFX10_CSC28L SC8T_BUFX12_CSC28L SC8T_BUFX16_CSC28L SC8T_BUFX1P5_CSC28L SC8T_BUFX1_A_CSC28L SC8T_BUFX1_MR_CSC28L SC8T_BUFX1_CSC28L SC8T_BUFX20_CSC28L SC8T_BUFX24_CSC28L SC8T_BUFX2_CSC28L SC8T_BUFX3_CSC28L SC8T_BUFX4_MR_CSC28L SC8T_BUFX4_CSC28L SC8T_BUFX6_CSC28L SC8T_BUFX8_CSC28L SC8T_CKBUFX10_CSC28L SC8T_CKBUFX12_CSC28L SC8T_CKBUFX16_CSC28L SC8T_CKBUFX1_MR_CSC28L SC8T_CKBUFX1_CSC28L SC8T_CKBUFX20_CSC28L SC8T_CKBUFX24_CSC28L SC8T_CKBUFX2_CSC28L SC8T_CKBUFX4_CSC28L SC8T_CKBUFX6_CSC28L SC8T_CKBUFX8_CSC28L
Total number of usable buffers: 28
List of unusable buffers:
Total number of unusable buffers: 0
List of usable inverters: SC8T_INVX0P5_CSC28L SC8T_INVX10_CSC28L SC8T_INVX12_CSC28L SC8T_INVX16_CSC28L SC8T_INVX1P5_CSC28L SC8T_INVX1_3CPP_CSC28L SC8T_INVX1_MR_CSC28L SC8T_INVX1_CSC28L SC8T_INVX20_CSC28L SC8T_INVX24_CSC28L SC8T_INVX2_CSC28L SC8T_INVX3_CSC28L SC8T_INVX4_CSC28L SC8T_INVX6_CSC28L SC8T_INVX8_CSC28L SC8T_CKINVX10_CSC28L SC8T_CKINVX12_CSC28L SC8T_CKINVX16_CSC28L SC8T_CKINVX1_MR_CSC28L SC8T_CKINVX1_CSC28L SC8T_CKINVX20_CSC28L SC8T_CKINVX24_CSC28L SC8T_CKINVX2_CSC28L SC8T_CKINVX4_CSC28L SC8T_CKINVX6_CSC28L SC8T_CKINVX8_CSC28L
Total number of usable inverters: 26
List of unusable inverters:
Total number of unusable inverters: 0
List of identified usable delay cells: SC8T_DLY100X1_CSC28L SC8T_DLY40X1_CSC28L SC8T_DLY60X1_CSC28L SC8T_DLY80X1_CSC28L
Total number of identified usable delay cells: 4
List of identified unusable delay cells:
Total number of identified unusable delay cells: 0
#% End load design ... (date=01/03 09:23:00, total cpu=0:20:30, real=0:03:25, peak res=2123.4M, current mem=1737.3M)

*** Summary of all messages that are not suppressed in this session:
Severity  ID               Count  Summary                                  
WARNING   IMPLF-200            1  Pin '%s' in macro '%s' has no ANTENNAGAT...
WARNING   IMPLF-201          944  Pin '%s' in macro '%s' has no ANTENNADIF...
WARNING   IMPLF-378            6  The spacing for cell edge type '%s' and ...
WARNING   IMPESI-621           1  Timing window restoration data eosdb.dat...
WARNING   IMPTB-413            2  Option "%s" of the set_db command doesn'...
WARNING   IMPTR-9998           2  The mode setting command for route_trial...
WARNING   NRFL-374             6  %s spacing table is not monotonically in...
WARNING   IMPIMEX-10014        1  The current design data being restored: ...
WARNING   TCLCMD-1142          3  Virtual clock '%s' is being created with...
WARNING   TCLCMD-1530          3  Clock '%s' has clock waveform with rise ...
WARNING   TCLCMD-1602          3  The clock '%s' has been asserted with ze...
WARNING   TECHLIB-302        141  No function defined for cell '%s'. The c...
*** Message Summary: 1113 warning(s), 0 error(s)

@file 5:
@@file 6: place_design
*** placeDesign #1 [begin] : totSession cpu/real = 0:20:52.0/0:03:45.4 (5.6), mem = 2501.5M
*** Starting place_design default flow ***
*** Start delete_buffer_trees ***
Multithreaded Timing Analysis is initialized with 8 threads

Info: Detect buffers to remove automatically.
Analyzing netlist ...
Updating netlist

*summary: 914 instances (buffers/inverters) removed
*** Finish delete_buffer_trees (0:00:04.5) ***
**INFO: Enable pre-place timing setting for timing analysis
Set Using Default Delay Limit as 101.
**WARN: (IMPDC-1629):	The default delay limit was set to 101. This is less than the default of 1000 and may result in inaccurate delay calculation for nets with a fanout higher than the setting.  If needed, the default delay limit may be adjusted by running the command 'set delaycal_use_default_delay_limit'.
Set Default Net Delay as 0 ps.
Set Default Net Load as 0 pF. 
Set Default Input Pin Transition as 1 ps.
**INFO: Analyzing IO path groups for slack adjustment
Effort level <high> specified for reg2reg_tmp.984366 path_group
AAE_INFO: opIsDesignInPostRouteState() is 0
AAE DB initialization (MEM=2748.34 CPU=0:00:00.1 REAL=0:00:01.0) 
#################################################################################
# Design Stage: PreRoute
# Design Name: Silago_top_right_corner
# Design Mode: 90nm
# Analysis Mode: MMMC Non-OCV 
# Parasitics Mode: No SPEF/RCDB 
# Signoff Settings: SI Off 
#################################################################################
Calculate delays in BcWc mode...
Start delay calculation (fullDC) (8 T). (MEM=2760.34)
Total number of fetched objects 38763
AAE_INFO: Total number of nets for which stage creation was skipped for all views 0
End delay calculation. (MEM=3384.43 CPU=0:00:14.5 REAL=0:00:02.0)
End delay calculation (fullDC). (MEM=3384.43 CPU=0:00:20.3 REAL=0:00:22.0)
**INFO: Disable pre-place timing setting for timing analysis
Set Using Default Delay Limit as 1000.
Set Default Net Delay as 1000 ps.
Set Default Input Pin Transition as 0.1 ps.
Set Default Net Load as 0.5 pF. 
**INFO: Pre-place timing setting for timing analysis already disabled
Deleted 0 physical inst  (cell - / prefix -).
INFO: #ExclusiveGroups=0
INFO: There are no Exclusive Groups.
*** Starting "NanoPlace(TM) placement v#2 (mem=3310.9M)" ...
*** Build Buffered Sizing Timing Model
(cpu=0:00:21.5 mem=3382.9M) ***
*** Build Virtual Sizing Timing Model
(cpu=0:00:23.5 mem=3382.9M) ***
No user-set net weight.
Net fanout histogram:
2		: 25348 (65.5%) nets
3		: 5693 (14.7%) nets
4     -	14	: 6382 (16.5%) nets
15    -	39	: 1051 (2.7%) nets
40    -	79	: 176 (0.5%) nets
80    -	159	: 18 (0.0%) nets
160   -	319	: 13 (0.0%) nets
320   -	639	: 0 (0.0%) nets
640   -	1279	: 0 (0.0%) nets
1280  -	2559	: 1 (0.0%) nets
2560  -	5119	: 2 (0.0%) nets
5120+		: 0 (0.0%) nets
Options: timingDriven clkGateAware ignoreScan pinGuide congEffort=auto gpeffort=medium 
Scan chains were not defined.
#std cell=36445 (0 fixed + 36445 movable) #buf cell=181 #inv cell=4495 #block=0 (0 floating + 0 preplaced)
#ioInst=0 #net=38684 #term=150971 #term/net=3.90, #fixedIo=0, #floatIo=0, #fixedPin=1840, #floatPin=0
stdCell: 36445 single + 0 double + 0 multi
Total standard cell length = 34.5339 (mm), area = 0.0221 (mm^2)
Estimated cell power/ground rail width = 0.090 um

**Info: (IMPSP-2062): Some of the PG shapes may not be colorized properly in this design, users are required to run command colorizePowerMesh before any placement related commands!

**Info: (IMPSP-2062): Some of the PG shapes may not be colorized properly in this design, users are required to run command colorizePowerMesh before any placement related commands!
Average module density = 0.551.
Density for the design = 0.551.
       = stdcell_area 332057 sites (22102 um^2) / alloc_area 602212 sites (40083 um^2).
Pin Density = 0.2507.
            = total # of pins 150971 / total area 602212.
Identified 18 spare or floating instances, with no clusters.
Enabling multi-CPU acceleration with 8 CPU(s) for placement
=== lastAutoLevel = 10 
Clock gating cells determined by native netlist tracing.
Iteration  1: Total net bbox = 3.297e+05 (1.40e+05 1.89e+05)
              Est.  stn bbox = 3.497e+05 (1.53e+05 1.96e+05)
              cpu = 0:00:01.7 real = 0:00:01.0 mem = 3935.8M
Iteration  2: Total net bbox = 3.297e+05 (1.40e+05 1.89e+05)
              Est.  stn bbox = 3.497e+05 (1.53e+05 1.96e+05)
              cpu = 0:00:00.0 real = 0:00:00.0 mem = 3936.8M
Iteration  3: Total net bbox = 2.790e+05 (1.11e+05 1.68e+05)
              Est.  stn bbox = 3.167e+05 (1.33e+05 1.84e+05)
              cpu = 0:00:07.9 real = 0:00:01.0 mem = 4227.0M
Active setup views:
    AVF_RCWORST
Iteration  4: Total net bbox = 3.231e+05 (1.45e+05 1.78e+05)
              Est.  stn bbox = 3.726e+05 (1.72e+05 2.01e+05)
              cpu = 0:00:12.9 real = 0:00:03.0 mem = 4227.9M
Iteration  5: Total net bbox = 3.794e+05 (1.64e+05 2.15e+05)
              Est.  stn bbox = 4.639e+05 (2.08e+05 2.56e+05)
              cpu = 0:00:21.2 real = 0:00:03.0 mem = 4228.8M
Iteration  6: Total net bbox = 4.186e+05 (1.82e+05 2.37e+05)
              Est.  stn bbox = 5.165e+05 (2.33e+05 2.84e+05)
              cpu = 0:00:21.6 real = 0:00:04.0 mem = 4373.2M

Iteration  7: Total net bbox = 4.305e+05 (1.93e+05 2.37e+05)
              Est.  stn bbox = 5.287e+05 (2.45e+05 2.84e+05)
              cpu = 0:00:01.5 real = 0:00:01.0 mem = 4202.6M
Iteration  8: Total net bbox = 4.305e+05 (1.93e+05 2.37e+05)
              Est.  stn bbox = 5.287e+05 (2.45e+05 2.84e+05)
              cpu = 0:00:32.8 real = 0:00:21.0 mem = 4170.6M
Iteration  9: Total net bbox = 4.465e+05 (2.02e+05 2.44e+05)
              Est.  stn bbox = 5.519e+05 (2.58e+05 2.94e+05)
              cpu = 0:00:19.8 real = 0:00:03.0 mem = 4202.6M
Iteration 10: Total net bbox = 4.465e+05 (2.02e+05 2.44e+05)
              Est.  stn bbox = 5.519e+05 (2.58e+05 2.94e+05)
              cpu = 0:00:32.1 real = 0:00:21.0 mem = 4170.6M
Iteration 11: Total net bbox = 4.532e+05 (2.06e+05 2.47e+05)
              Est.  stn bbox = 5.608e+05 (2.63e+05 2.98e+05)
              cpu = 0:00:15.2 real = 0:00:03.0 mem = 4202.6M
Iteration 12: Total net bbox = 4.532e+05 (2.06e+05 2.47e+05)
              Est.  stn bbox = 5.608e+05 (2.63e+05 2.98e+05)
              cpu = 0:00:32.0 real = 0:00:21.0 mem = 4170.6M
Iteration 13: Total net bbox = 4.686e+05 (2.12e+05 2.57e+05)
              Est.  stn bbox = 5.764e+05 (2.68e+05 3.08e+05)
              cpu = 0:00:20.8 real = 0:00:04.0 mem = 4202.6M
Iteration 14: Total net bbox = 4.686e+05 (2.12e+05 2.57e+05)
              Est.  stn bbox = 5.764e+05 (2.68e+05 3.08e+05)
              cpu = 0:00:00.1 real = 0:00:00.0 mem = 4202.6M
Iteration 15: Total net bbox = 4.686e+05 (2.12e+05 2.57e+05)
              Est.  stn bbox = 5.764e+05 (2.68e+05 3.08e+05)
              cpu = 0:00:00.1 real = 0:00:00.0 mem = 4202.6M
*** cost = 4.686e+05 (2.12e+05 2.57e+05) (cpu for global=0:03:46) real=0:01:28***
Placement multithread real runtime: 0:01:28 with 8 threads.
Info: 185 clock gating cells identified, 0 (on average) moved 0/7
Solver runtime cpu: 0:01:51 real: 0:00:16.8
Core Placement runtime cpu: 0:02:01 real: 0:00:22.0
**WARN: (IMPSP-9025):	No scan chain specified/traced.
Type 'man IMPSP-9025' for more detail.

**Info: (IMPSP-2062): Some of the PG shapes may not be colorized properly in this design, users are required to run command colorizePowerMesh before any placement related commands!
*** Starting place_detail (0:25:58 mem=4138.6M) ***
Total net bbox length = 4.686e+05 (2.118e+05 2.568e+05) (ext = 1.500e+05)

**Info: (IMPSP-2062): Some of the PG shapes may not be colorized properly in this design, users are required to run command colorizePowerMesh before any placement related commands!
Move report: Detail placement moves 36439 insts, mean move: 0.31 um, max move: 44.69 um 
	Max move on inst (SILEGO_cell/MTRF_cell/reg_top/RegisterFile/U3381): (170.52, 27.52) --> (126.46, 26.88)
	Runtime: CPU: 0:00:09.9 REAL: 0:00:04.0 MEM: 4234.6MB
Summary Report:
Instances move: 36439 (out of 36445 movable)
Instances flipped: 3
Mean displacement: 0.31 um
Max displacement: 44.69 um (Instance: SILEGO_cell/MTRF_cell/reg_top/RegisterFile/U3381) (170.518, 27.52) -> (126.464, 26.88)
	Length: 2 sites, height: 1 rows, site name: SC8T_104CPP_CMOS22FDX, cell type: SC8T_INVX0P5_CSC28L
Total net bbox length = 4.561e+05 (1.995e+05 2.567e+05) (ext = 1.492e+05)
Runtime: CPU: 0:00:10.0 REAL: 0:00:05.0 MEM: 4234.6MB
*** Finished place_detail (0:26:08 mem=4234.6M) ***
*** End of Placement (cpu=0:04:40, real=0:02:09, mem=4103.6M) ***

**Info: (IMPSP-2062): Some of the PG shapes may not be colorized properly in this design, users are required to run command colorizePowerMesh before any placement related commands!
default core: bins with density > 0.750 =  3.61 % ( 37 / 1024 )
Density distribution unevenness ratio = 8.132%
*** Free Virtual Timing Model ...(mem=4103.6M)
UM:   flow.cputime  flow.realtime  timing.setup.tns  timing.setup.wns  snapshot
UM:*                                                                   final
      flow.cputime  flow.realtime  timing.setup.tns  timing.setup.wns  snapshot
UM:*                                                                   global_place
**INFO: Enable pre-place timing setting for timing analysis
Set Using Default Delay Limit as 101.
**WARN: (IMPDC-1629):	The default delay limit was set to 101. This is less than the default of 1000 and may result in inaccurate delay calculation for nets with a fanout higher than the setting.  If needed, the default delay limit may be adjusted by running the command 'set delaycal_use_default_delay_limit'.
Set Default Net Delay as 0 ps.
Set Default Net Load as 0 pF. 
**INFO: Analyzing IO path groups for slack adjustment
Effort level <high> specified for reg2reg_tmp.984366 path_group
AAE_INFO: opIsDesignInPostRouteState() is 0
#################################################################################
# Design Stage: PreRoute
# Design Name: Silago_top_right_corner
# Design Mode: 90nm
# Analysis Mode: MMMC Non-OCV 
# Parasitics Mode: No SPEF/RCDB 
# Signoff Settings: SI Off 
#################################################################################
Calculate delays in BcWc mode...
Start delay calculation (fullDC) (8 T). (MEM=4092.04)
Total number of fetched objects 38763
AAE_INFO: Total number of nets for which stage creation was skipped for all views 0
End delay calculation. (MEM=4422.96 CPU=0:00:12.9 REAL=0:00:02.0)
End delay calculation (fullDC). (MEM=4422.96 CPU=0:00:14.6 REAL=0:00:03.0)
**INFO: Disable pre-place timing setting for timing analysis
Set Using Default Delay Limit as 1000.
Set Default Net Delay as 1000 ps.
Set Default Net Load as 0.5 pF. 
Info: Disable timing driven in postCTS congRepair.

Starting congRepair ...
[NR-eGR] Track table information for default rule: 
[NR-eGR] M1 has single uniform track structure
[NR-eGR] M2 has single uniform track structure
[NR-eGR] C1 has single uniform track structure
[NR-eGR] C2 has single uniform track structure
[NR-eGR] C3 has single uniform track structure
[NR-eGR] C4 has single uniform track structure
[NR-eGR] BA has single uniform track structure
[NR-eGR] BB has single uniform track structure
[NR-eGR] JA has single uniform track structure
[NR-eGR] JB has single uniform track structure
[NR-eGR] LB has single uniform track structure
[NR-eGR] Read 21 PG shapes
[NR-eGR] Read 0 clock shapes
[NR-eGR] Read 0 other shapes
[NR-eGR] #Routing Blockages  : 31
[NR-eGR] #Instance Blockages : 100621
[NR-eGR] #PG Blockages       : 21
[NR-eGR] #Halo Blockages     : 0
[NR-eGR] #Boundary Blockages : 0
[NR-eGR] #Clock Blockages    : 0
[NR-eGR] #Other Blockages    : 0
[NR-eGR] Num Prerouted Nets = 0  Num Prerouted Wires = 0
[NR-eGR] Read 38684 nets ( ignored 0 )
[NR-eGR] There are 186 clock nets ( 0 with NDR ).
[NR-eGR] ============ Routing rule table ============
[NR-eGR] Rule id: 0  Nets: 38684
[NR-eGR] ========================================
[NR-eGR] 
[NR-eGR] Layer group 1: route 38684 net(s) in layer range [2, 11]
[NR-eGR] Early Global Route overflow of layer group 1: 0.16% H + 0.33% V. EstWL: 5.483194e+05um
[NR-eGR] Congestion Analysis By layer: (blocked Gcells are excluded) 
[NR-eGR]                        OverCon           OverCon           OverCon            
[NR-eGR]                         #Gcell            #Gcell            #Gcell     %Gcell
[NR-eGR]        Layer             (1-4)             (5-8)            (9-12)    OverCon
[NR-eGR] --------------------------------------------------------------------------------
[NR-eGR]      M1 ( 1)         0( 0.00%)         0( 0.00%)         0( 0.00%)   ( 0.00%) 
[NR-eGR]      M2 ( 2)       882( 0.90%)         0( 0.00%)         0( 0.00%)   ( 0.90%) 
[NR-eGR]      C1 ( 3)       377( 0.39%)         4( 0.00%)         0( 0.00%)   ( 0.39%) 
[NR-eGR]      C2 ( 4)        70( 0.07%)         5( 0.01%)         0( 0.00%)   ( 0.08%) 
[NR-eGR]      C3 ( 5)       153( 0.16%)         6( 0.01%)         0( 0.00%)   ( 0.16%) 
[NR-eGR]      C4 ( 6)        79( 0.08%)        29( 0.03%)         6( 0.01%)   ( 0.12%) 
[NR-eGR]      BA ( 7)        32( 0.03%)         1( 0.00%)         0( 0.00%)   ( 0.03%) 
[NR-eGR]      BB ( 8)        13( 0.01%)        16( 0.02%)         0( 0.00%)   ( 0.03%) 
[NR-eGR]      JA ( 9)         0( 0.00%)         0( 0.00%)         0( 0.00%)   ( 0.00%) 
[NR-eGR]      JB (10)         0( 0.00%)         0( 0.00%)         0( 0.00%)   ( 0.00%) 
[NR-eGR]      LB (11)         0( 0.00%)         0( 0.00%)         0( 0.00%)   ( 0.00%) 
[NR-eGR] --------------------------------------------------------------------------------
[NR-eGR]        Total      1606( 0.21%)        61( 0.01%)         6( 0.00%)   ( 0.22%) 
[NR-eGR] 
[NR-eGR] Overflow after Early Global Route 0.08% H + 0.15% V
Early Global Route congestion estimation runtime: 2.77 seconds, mem = 3928.4M
Local HotSpot Analysis: normalized max congestion hotspot area = 3.80, normalized total congestion hotspot area = 11.54 (area is in unit of 4 std-cell row bins)
Skipped repairing congestion.
[NR-eGR]             Length (um)    Vias 
[NR-eGR] --------------------------------
[NR-eGR]  M1  (1V)             0  111267 
[NR-eGR]  M2  (2H)         72145  221372 
[NR-eGR]  C1  (3V)        144765   54997 
[NR-eGR]  C2  (4H)        106872   18976 
[NR-eGR]  C3  (5V)        119839    8135 
[NR-eGR]  C4  (6H)         59797    2350 
[NR-eGR]  BA  (7V)         44750    1178 
[NR-eGR]  BB  (8H)         15124      42 
[NR-eGR]  JA  (9V)            88       0 
[NR-eGR]  JB  (10H)            0       0 
[NR-eGR]  LB  (11V)            0       0 
[NR-eGR] --------------------------------
[NR-eGR]      Total       563380  418317 
[NR-eGR] --------------------------------------------------------------------------
[NR-eGR] Total half perimeter of net bounding box: 456135um
[NR-eGR] Total length: 563380um, number of vias: 418317
[NR-eGR] --------------------------------------------------------------------------
[NR-eGR] Total eGR-routed clock nets wire length: 11201um, number of vias: 12643
[NR-eGR] --------------------------------------------------------------------------
Early Global Route wiring runtime: 0.46 seconds, mem = 3939.7M
Tdgp not successfully inited but do clear! skip clearing
End of congRepair (cpu=0:00:09.0, real=0:00:04.0)
*** Finishing place_design default flow ***
***** Total cpu  0:5:52
***** Total real time  0:3:6
**place_design ... cpu = 0: 5:52, real = 0: 3: 6, mem = 3898.7M **
Tdgp not successfully inited but do clear! skip clearing

*** Summary of all messages that are not suppressed in this session:
Severity  ID               Count  Summary                                  
WARNING   IMPDC-1629           2  The default delay limit was set to %d. T...
WARNING   IMPSP-9025           1  No scan chain specified/traced.          
WARNING   NRDB-733             2  %s %s in %s %s does not have a physical ...
WARNING   NRFL-374             6  %s spacing table is not monotonically in...
*** Message Summary: 11 warning(s), 0 error(s)

      flow.cputime  flow.realtime  timing.setup.tns  timing.setup.wns  snapshot
UM:*                                                                   final
UM: Running design category ...
------------------------------------------------------------
	Current design flip-flop statistics

Single-Bit FF Count          :         5026
Multi-Bit FF Count           :            0
Total Bit Count              :         5026
Total FF Count               :         5026
Bits Per Flop                :        1.000
Total Clock Pin Cap(FF)      :     3101.081
Multibit Conversion Ratio(%) :         0.00
------------------------------------------------------------
------------------------------------------------------------
            Multi-bit cell usage statistics

------------------------------------------------------------
============================================================
Sequential Multibit cells usage statistics
------------------------------------------------------------
            Not Merged-bits         Merged-bits     Multibit Conversion %     Bits Per Flop
------------------------------------------------------------
-FlipFlops             5026                    0        0.00                    1.00
------------------------------------------------------------

------------------------------------------------------------
Seq_Mbit libcell              Bitwidth        Count
------------------------------------------------------------
Total 0
============================================================
------------------------------------------------------------
Category            Num of Insts Rejected     Reasons
------------------------------------------------------------
------------------------------------------------------------
      flow.cputime  flow.realtime  timing.setup.tns  timing.setup.wns  snapshot
UM:        1607.05            414                                      place_design
*** placeDesign #1 [finish] : cpu/real = 0:05:55.1/0:03:08.6 (1.9), totSession cpu/real = 0:26:47.1/0:06:54.0 (3.9), mem = 3898.7M
@@file 7: ccopt_design
#% Begin ccopt_design (date=01/03 09:26:09, mem=2367.2M)
*** ccopt_design #1 [begin] : totSession cpu/real = 0:26:47.2/0:06:54.1 (3.9), mem = 3898.7M
Runtime...
**INFO: User's settings:
delaycal_default_net_delay                               1000ps
delaycal_default_net_load                                0.5pf
delaycal_ignore_net_load                                 false
delaycal_input_transition_delay                          0.1ps
delaycal_use_default_delay_limit                         1000
setAnalysisMode -cts                                     postCTS
setAnalysisMode -virtualIPO                              false
setDelayCalMode -engine                                  aae
extract_rc_engine                                        pre_route
opt_preserve_all_sequential                              true
place_detail_dpt_flow                                    true
route_design_extract_third_party_compatible              false
setActiveLogicViewMode -keepHighFanoutCriticalInsts      false
getAnalysisMode -cts                                     postCTS
getAnalysisMode -virtualIPO                              false
getDelayCalMode -engine                                  aae
getIlmMode -keepHighFanoutCriticalInsts                  false
getAnalysisMode -cts                                     postCTS
getAnalysisMode -virtualIPO                              false
(ccopt_design): CTS Engine: auto. Used Spec: CCOPT spec from create_ccopt_clock_tree_spec.
(ccopt_design): create_ccopt_clock_tree_spec
Creating clock tree spec for modes (timing configs): functional_AVF_RCWORST functional functional_AVF_RCTYP
cts_spec_config_create_generator_skew_groups=true: create_clock_tree_spec will generate skew groups with a name prefix of "_clock_gen" to balance clock generator connected flops with the clock generator they drive.
Reset timing graph...
Ignoring AAE DB Resetting ...
Reset timing graph done.
Ignoring AAE DB Resetting ...
Analyzing clock structure...
Analyzing clock structure done.
Reset timing graph...
Ignoring AAE DB Resetting ...
Reset timing graph done.
Extracting original clock gating for clk...
  clock_tree clk contains 5026 sinks and 0 clock gates.
Extracting original clock gating for clk done.
The skew group clk/functional_AVF_RCWORST was created. It contains 5026 sinks and 1 sources.
The skew group clk/functional was created. It contains 5026 sinks and 1 sources.
The skew group clk/functional_AVF_RCTYP was created. It contains 5026 sinks and 1 sources.
Checking clock tree convergence...
Checking clock tree convergence done.
Placement constraints of type 'region' or 'fence' will not be downgraded to 'guide' because the attribute cts_change_fences_to_guides has been set to false.
Set place::cacheFPlanSiteMark to 1
'setDesignMode -flowEffort standard' => 'setOptMode -usefulSkewCCOpt standard' 
Using CCOpt effort standard.
CCOpt::Phase::Initialization...
Check Prerequisites...
Leaving CCOpt scope - CheckPlace...

**Info: (IMPSP-2062): Some of the PG shapes may not be colorized properly in this design, users are required to run command colorizePowerMesh before any placement related commands!
Begin checking placement ... (start mem=3924.8M, init mem=3924.8M)
*info: Placed = 36445         
*info: Unplaced = 0           
Placement Density:55.14%(22102/40083)
Placement Density (including fixed std cells):55.14%(22102/40083)
Finished check_place (total: cpu=0:00:00.9, real=0:00:00.0; vio checks: cpu=0:00:00.7, real=0:00:00.0; mem=3892.8M)
Leaving CCOpt scope - CheckPlace done. (took cpu=0:00:00.9 real=0:00:00.5)
Innovus will update I/O latencies
Found 0 ideal nets, 0 pins with transition annotations, 0 instances with delay annotations, 0 nets with delay annotations, refer to logv for details.

Check Prerequisites done. (took cpu=0:00:00.9 real=0:00:00.5)
      flow.cputime  flow.realtime  timing.setup.tns  timing.setup.wns  snapshot
UM:*                                                                   Check Prerequisites
CCOpt::Phase::Initialization done. (took cpu=0:00:01.2 real=0:00:00.7)
      flow.cputime  flow.realtime  timing.setup.tns  timing.setup.wns  snapshot
UM:*                                                                   CCOpt::Phase::Initialization
Executing ccopt post-processing.
Synthesizing clock trees with CCOpt...
*** CTS #1 [begin] (ccopt_design #1) : totSession cpu/real = 0:27:00.8/0:07:06.9 (3.8), mem = 3892.8M
CCOpt::Phase::PreparingToBalance...
Leaving CCOpt scope - Initializing power interface...
Leaving CCOpt scope - Initializing power interface done. (took cpu=0:00:00.0 real=0:00:00.0)
Found 0 advancing pin insertion delay (0.000% of 5026 clock tree sinks)
Found 0 delaying pin insertion delay (0.000% of 5026 clock tree sinks)
**WARN: (IMPCCOPT-1127):	The skew group default.clk/functional_AVF_RCTYP has been identified as a duplicate of: clk/functional
**WARN: (IMPCCOPT-1127):	The skew group default.clk/functional_AVF_RCWORST has been identified as a duplicate of: clk/functional
The skew group clk/functional_AVF_RCTYP has been identified as a duplicate of: clk/functional, so it will not be cloned.
The skew group clk/functional_AVF_RCWORST has been identified as a duplicate of: clk/functional, so it will not be cloned.
Leaving CCOpt scope - optDesignGlobalRouteStep...
Updating RC grid for preRoute extraction ...
Initializing multi-corner resistance tables ...
[NR-eGR] Started Early Global Route kernel ( Curr Mem: 3911.04 MB )
[NR-eGR] Track table information for default rule: 
[NR-eGR] M1 has single uniform track structure
[NR-eGR] M2 has single uniform track structure
[NR-eGR] C1 has single uniform track structure
[NR-eGR] C2 has single uniform track structure
[NR-eGR] C3 has single uniform track structure
[NR-eGR] C4 has single uniform track structure
[NR-eGR] BA has single uniform track structure
[NR-eGR] BB has single uniform track structure
[NR-eGR] JA has single uniform track structure
[NR-eGR] JB has single uniform track structure
[NR-eGR] LB has single uniform track structure
[NR-eGR] Read 21 PG shapes
[NR-eGR] Read 0 clock shapes
[NR-eGR] Read 0 other shapes
[NR-eGR] #Routing Blockages  : 31
[NR-eGR] #Instance Blockages : 100621
[NR-eGR] #PG Blockages       : 21
[NR-eGR] #Halo Blockages     : 0
[NR-eGR] #Boundary Blockages : 0
[NR-eGR] #Clock Blockages    : 0
[NR-eGR] #Other Blockages    : 0
[NR-eGR] Num Prerouted Nets = 0  Num Prerouted Wires = 0
[NR-eGR] Read 38684 nets ( ignored 0 )
[NR-eGR] There are 186 clock nets ( 0 with NDR ).
[NR-eGR] ============ Routing rule table ============
[NR-eGR] Rule id: 0  Nets: 38684
[NR-eGR] ========================================
[NR-eGR] 
[NR-eGR] Layer group 1: route 38684 net(s) in layer range [2, 11]
[NR-eGR] Early Global Route overflow of layer group 1: 0.16% H + 0.33% V. EstWL: 5.483194e+05um
[NR-eGR] Congestion Analysis By layer: (blocked Gcells are excluded) 
[NR-eGR]                        OverCon           OverCon           OverCon            
[NR-eGR]                         #Gcell            #Gcell            #Gcell     %Gcell
[NR-eGR]        Layer             (1-4)             (5-8)            (9-12)    OverCon
[NR-eGR] --------------------------------------------------------------------------------
[NR-eGR]      M1 ( 1)         0( 0.00%)         0( 0.00%)         0( 0.00%)   ( 0.00%) 
[NR-eGR]      M2 ( 2)       882( 0.90%)         0( 0.00%)         0( 0.00%)   ( 0.90%) 
[NR-eGR]      C1 ( 3)       377( 0.39%)         4( 0.00%)         0( 0.00%)   ( 0.39%) 
[NR-eGR]      C2 ( 4)        70( 0.07%)         5( 0.01%)         0( 0.00%)   ( 0.08%) 
[NR-eGR]      C3 ( 5)       153( 0.16%)         6( 0.01%)         0( 0.00%)   ( 0.16%) 
[NR-eGR]      C4 ( 6)        79( 0.08%)        29( 0.03%)         6( 0.01%)   ( 0.12%) 
[NR-eGR]      BA ( 7)        32( 0.03%)         1( 0.00%)         0( 0.00%)   ( 0.03%) 
[NR-eGR]      BB ( 8)        13( 0.01%)        16( 0.02%)         0( 0.00%)   ( 0.03%) 
[NR-eGR]      JA ( 9)         0( 0.00%)         0( 0.00%)         0( 0.00%)   ( 0.00%) 
[NR-eGR]      JB (10)         0( 0.00%)         0( 0.00%)         0( 0.00%)   ( 0.00%) 
[NR-eGR]      LB (11)         0( 0.00%)         0( 0.00%)         0( 0.00%)   ( 0.00%) 
[NR-eGR] --------------------------------------------------------------------------------
[NR-eGR]        Total      1606( 0.21%)        61( 0.01%)         6( 0.00%)   ( 0.22%) 
[NR-eGR] 
[NR-eGR] Overflow after Early Global Route 0.08% H + 0.15% V
[NR-eGR]             Length (um)    Vias 
[NR-eGR] --------------------------------
[NR-eGR]  M1  (1V)             0  111267 
[NR-eGR]  M2  (2H)         72145  221372 
[NR-eGR]  C1  (3V)        144765   54997 
[NR-eGR]  C2  (4H)        106872   18976 
[NR-eGR]  C3  (5V)        119839    8135 
[NR-eGR]  C4  (6H)         59797    2350 
[NR-eGR]  BA  (7V)         44750    1178 
[NR-eGR]  BB  (8H)         15124      42 
[NR-eGR]  JA  (9V)            88       0 
[NR-eGR]  JB  (10H)            0       0 
[NR-eGR]  LB  (11V)            0       0 
[NR-eGR] --------------------------------
[NR-eGR]      Total       563380  418317 
[NR-eGR] --------------------------------------------------------------------------
[NR-eGR] Total half perimeter of net bounding box: 456135um
[NR-eGR] Total length: 563380um, number of vias: 418317
[NR-eGR] --------------------------------------------------------------------------
[NR-eGR] Total eGR-routed clock nets wire length: 11201um, number of vias: 12643
[NR-eGR] --------------------------------------------------------------------------
[NR-eGR] Finished Early Global Route kernel ( CPU: 7.88 sec, Real: 2.90 sec, Curr Mem: 3952.86 MB )
Leaving CCOpt scope - optDesignGlobalRouteStep done. (took cpu=0:00:08.1 real=0:00:03.1)
Legalization setup...
Using cell based legalization.
Initializing placement interface...
  Use check_library -place or consult logv if problems occur.
  Leaving CCOpt scope - Initializing placement interface...

**Info: (IMPSP-2062): Some of the PG shapes may not be colorized properly in this design, users are required to run command colorizePowerMesh before any placement related commands!
  Leaving CCOpt scope - Initializing placement interface done. (took cpu=0:00:00.3 real=0:00:00.2)
Initializing placement interface done.
Leaving CCOpt scope - Cleaning up placement interface...
Leaving CCOpt scope - Cleaning up placement interface done. (took cpu=0:00:00.1 real=0:00:00.0)
Leaving CCOpt scope - Initializing placement interface...

**Info: (IMPSP-2062): Some of the PG shapes may not be colorized properly in this design, users are required to run command colorizePowerMesh before any placement related commands!
Leaving CCOpt scope - Initializing placement interface done. (took cpu=0:00:00.2 real=0:00:00.2)
Legalization setup done. (took cpu=0:00:00.7 real=0:00:00.6)
      flow.cputime  flow.realtime  timing.setup.tns  timing.setup.wns  snapshot
UM:*                                                                   Legalization setup
Validating CTS configuration...
Checking module port directions...
Checking module port directions done. (took cpu=0:00:00.0 real=0:00:00.0)
Non-default attributes:
  Public non-default attributes:
    cts_clock_tree_source_max_capacitance is set for at least one object
    cts_merge_clock_gates is set for at least one object
    cts_merge_clock_logic is set for at least one object
    cts_route_type is set for at least one object
  No private non-default attributes
Route type trimming info:
  No route type modifications were made.
Updating RC grid for preRoute extraction ...
Initializing multi-corner resistance tables ...
Clock tree balancer configuration for clock_tree clk:
Non-default attributes:
  Public non-default attributes:
    cts_clock_tree_source_max_capacitance: 162 (default: auto)
    cts_merge_clock_gates: true (default: false)
    cts_merge_clock_logic: true (default: false)
    cts_route_type (leaf): default_route_type_leaf (default: default)
    cts_route_type (top): default_route_type_nonleaf (default: default)
    cts_route_type (trunk): default_route_type_nonleaf (default: default)
  No private non-default attributes
For power domain auto-default:
  Buffers:     {SC8T_BUFX24_CSC28L SC8T_BUFX20_CSC28L SC8T_BUFX16_CSC28L SC8T_BUFX12_CSC28L SC8T_BUFX10_CSC28L SC8T_CKBUFX8_CSC28L SC8T_BUFX8_CSC28L SC8T_BUFX6_CSC28L SC8T_CKBUFX4_CSC28L SC8T_BUFX4_CSC28L SC8T_BUFX3_CSC28L SC8T_BUFX1P5_CSC28L SC8T_BUFX0P5_A_CSC28L}
  Inverters:   {SC8T_INVX24_CSC28L SC8T_INVX20_CSC28L SC8T_INVX16_CSC28L SC8T_CKINVX12_CSC28L SC8T_INVX12_CSC28L SC8T_INVX10_CSC28L SC8T_INVX8_CSC28L SC8T_INVX6_CSC28L SC8T_INVX4_CSC28L SC8T_INVX3_CSC28L SC8T_INVX2_CSC28L SC8T_INVX1_CSC28L SC8T_INVX0P5_CSC28L}
  Clock gates: SC8T_CKGPRELATNX24_CSC28L SC8T_CKGPRELATNX16_CSC28L SC8T_CKGPRELATNX12_CSC28L SC8T_CKGPRELATNX8_CSC28L SC8T_CKGPRELATNX4_CSC28L SC8T_CKGPRELATNX2_CSC28L SC8T_CKGPRELATNX1_CSC28L 
  Unblocked area available for placement of any clock cells in power_domain auto-default: 40083.231um^2
Top Routing info:
  Route-type name: default_route_type_nonleaf; Top/bottom preferred layer name: C2/C1; 
  Unshielded; Mask Constraint: 0; Source: cts_route_type.
Trunk Routing info:
  Route-type name: default_route_type_nonleaf; Top/bottom preferred layer name: C2/C1; 
  Unshielded; Preferred extra space: 1; Mask Constraint: 0; Source: cts_route_type.
Leaf Routing info:
  Route-type name: default_route_type_leaf; Top/bottom preferred layer name: C2/C1; 
  Unshielded; Preferred extra space: 1; Mask Constraint: 0; Source: cts_route_type.
For timing_corner WC_dc:setup, late and power domain auto-default:
  Slew time target (leaf):    87.8ps
  Slew time target (trunk):   87.8ps
  Slew time target (top):     89.4ps (Note: no nets are considered top nets in this clock tree)
  Buffer unit delay: 53.8ps
  Buffer max distance: 319.326um
Fastest wire driving cells and distances:
  Buffer    : {lib_cell:SC8T_BUFX24_CSC28L, fastest_considered_half_corner=WC_dc:setup.late, optimalDrivingDistance=274.400um, saturatedSlew=60.0ps, speed=3232.038um per ns, cellArea=8.975um^2 per 1000um}
  Inverter  : {lib_cell:SC8T_INVX24_CSC28L, fastest_considered_half_corner=WC_dc:setup.late, optimalDrivingDistance=145.917um, saturatedSlew=34.6ps, speed=3790.052um per ns, cellArea=11.404um^2 per 1000um}
  Clock gate: {lib_cell:SC8T_CKGPRELATNX24_CSC28L, fastest_considered_half_corner=WC_dc:setup.late, optimalDrivingDistance=308.700um, saturatedSlew=76.5ps, speed=2670.415um per ns, cellArea=17.896um^2 per 1000um}


Logic Sizing Table:

----------------------------------------------------------
Cell    Instance count    Source    Eligible library cells
----------------------------------------------------------
  (empty table)
----------------------------------------------------------


Clock tree balancer configuration for skew_group clk/functional:
  Sources:                     pin clk
  Total number of sinks:       5026
  Delay constrained sinks:     5026
  Constrains:                  default
  Non-leaf sinks:              0
  Ignore pins:                 0
 Timing corner WC_dc:setup.late:
  Skew target:                 53.8ps
Primary reporting skew groups are:
skew_group clk/functional with 5026 clock sinks

Clock DAG stats initial state:
  cell counts      : b=181, i=4, icg=0, dcg=0, l=0, total=185
  sink counts      : regular=5026, enable_latch=0, load_capacitance=0, antenna=0, node_sink=0, total=5026
  misc counts      : r=1, pp=0
  cell areas       : b=36.142um^2, i=0.599um^2, icg=0.000um^2, dcg=0.000um^2, l=0.000um^2, total=36.741um^2
  hp wire lengths  : top=0.000um, trunk=455.528um, leaf=2546.540um, total=3002.068um
Clock DAG library cell distribution initial state {count}:
   Bufs: SC8T_BUFX1_A_CSC28L: 181 
   Invs: SC8T_INVX2_CSC28L: 1 SC8T_INVX1_CSC28L: 3 
      flow.cputime  flow.realtime  timing.setup.tns  timing.setup.wns  snapshot
UM:*                                                                   InitialState
Have 8 CPUs available for CTS. Selected algorithms will run multithreaded.
No ideal or dont_touch nets found in the clock tree
No dont_touch hnets found in the clock tree
No dont_touch hpins found in the clock network.
Checking for illegal sizes of clock logic instances...
Checking for illegal sizes of clock logic instances done. (took cpu=0:00:00.0 real=0:00:00.0)
      flow.cputime  flow.realtime  timing.setup.tns  timing.setup.wns  snapshot
UM:*                                                                   Checking for illegal sizes of clock logic instances
Validating CTS configuration done. (took cpu=0:00:08.5 real=0:00:08.3)
      flow.cputime  flow.realtime  timing.setup.tns  timing.setup.wns  snapshot
UM:*                                                                   Validating CTS configuration
CCOpt configuration status: all checks passed.
Adding exclusion drivers to pins that are cts_sink_type_effective exclude...
    Adding exclusion drivers (these will be instances of the smallest area library cells).
  No exclusion drivers are needed.
Adding exclusion drivers to pins that are cts_sink_type_effective exclude done.
Antenna diode management...
  Found 0 antenna diodes in the clock trees.
  
Antenna diode management done.
Adding driver cells for primary IOs...
  
  ----------------------------------------------------------------------------------------------
  CCOpt reported the following when adding drivers below input ports and above output ports     
  ----------------------------------------------------------------------------------------------
    (empty table)
  ----------------------------------------------------------------------------------------------
  
  
Adding driver cells for primary IOs done.
Adding driver cell for primary IO roots...
Adding driver cell for primary IO roots done.
Maximizing clock DAG abstraction...
  Removing clock DAG drivers
Maximizing clock DAG abstraction done.
CCOpt::Phase::PreparingToBalance done. (took cpu=0:00:17.9 real=0:00:12.5)
      flow.cputime  flow.realtime  timing.setup.tns  timing.setup.wns  snapshot
UM:*                                                                   CCOpt::Phase::PreparingToBalance
Synthesizing clock trees...
  Preparing To Balance...
  Leaving CCOpt scope - Cleaning up placement interface...
  Leaving CCOpt scope - Cleaning up placement interface done. (took cpu=0:00:00.2 real=0:00:00.1)
  Leaving CCOpt scope - Initializing placement interface...

**Info: (IMPSP-2062): Some of the PG shapes may not be colorized properly in this design, users are required to run command colorizePowerMesh before any placement related commands!
  Leaving CCOpt scope - Initializing placement interface done. (took cpu=0:00:00.2 real=0:00:00.2)
  Merging duplicate siblings in DAG...
    Clock DAG stats before merging:
      cell counts      : b=0, i=0, icg=0, dcg=0, l=0, total=0
      sink counts      : regular=5026, enable_latch=0, load_capacitance=0, antenna=0, node_sink=0, total=5026
      misc counts      : r=1, pp=0
      cell areas       : b=0.000um^2, i=0.000um^2, icg=0.000um^2, dcg=0.000um^2, l=0.000um^2, total=0.000um^2
      hp wire lengths  : top=0.000um, trunk=0.000um, leaf=0.000um, total=0.000um
      flow.cputime  flow.realtime  timing.setup.tns  timing.setup.wns  snapshot
UM:*                                                                   before merging
    Resynthesising clock tree into netlist...
      Reset timing graph...
Ignoring AAE DB Resetting ...
      Reset timing graph done.
    Resynthesising clock tree into netlist done.
    Merging duplicate clock dag driver clones in DAG...
    Merging duplicate clock dag driver clones in DAG done.
    
    Disconnecting clock tree from netlist...
    Disconnecting clock tree from netlist done.
  Merging duplicate siblings in DAG done.
  Applying movement limits...
  Applying movement limits done.
  Preparing To Balance done. (took cpu=0:00:00.8 real=0:00:00.6)
      flow.cputime  flow.realtime  timing.setup.tns  timing.setup.wns  snapshot
UM:*                                                                   Preparing To Balance
  CCOpt::Phase::Construction...
  Stage::Clustering...
  Clustering...
    Initialize for clustering...
    Clock DAG stats before clustering:
      cell counts      : b=0, i=0, icg=0, dcg=0, l=0, total=0
      sink counts      : regular=5026, enable_latch=0, load_capacitance=0, antenna=0, node_sink=0, total=5026
      misc counts      : r=1, pp=0
      cell areas       : b=0.000um^2, i=0.000um^2, icg=0.000um^2, dcg=0.000um^2, l=0.000um^2, total=0.000um^2
      hp wire lengths  : top=0.000um, trunk=0.000um, leaf=0.000um, total=0.000um
      flow.cputime  flow.realtime  timing.setup.tns  timing.setup.wns  snapshot
UM:*                                                                   before clustering
    Computing max distances from locked parents...
      Computing distance_from_locked_parent_restrictions for 0 nodes driven by 0 locked parents
    Computing max distances from locked parents done.
    Computing optimal clock node locations...
    : ...20% ...40% ...60% ...80% ...100% 
    Computing optimal clock node locations done. (took cpu=0:00:00.0 real=0:00:00.0)
    Initialize for clustering done. (took cpu=0:00:00.3 real=0:00:00.3)
      flow.cputime  flow.realtime  timing.setup.tns  timing.setup.wns  snapshot
UM:*                                                                   Initialize for clustering
    Bottom-up phase...
    Clustering bottom-up starting from leaves...
      Clustering clock_tree clk...
          Clock tree timing engine global stage delay update for WC_dc:setup.late...
          Clock tree timing engine global stage delay update for WC_dc:setup.late done. (took cpu=0:00:00.3 real=0:00:00.1)
      Clustering clock_tree clk done.
    Clustering bottom-up starting from leaves done.
    Rebuilding the clock tree after clustering...
    Rebuilding the clock tree after clustering done.
    Clock DAG stats after bottom-up phase:
      cell counts      : b=59, i=0, icg=0, dcg=0, l=0, total=59
      sink counts      : regular=5026, enable_latch=0, load_capacitance=0, antenna=0, node_sink=0, total=5026
      misc counts      : r=1, pp=0
      cell areas       : b=140.908um^2, i=0.000um^2, icg=0.000um^2, dcg=0.000um^2, l=0.000um^2, total=140.908um^2
      hp wire lengths  : top=0.000um, trunk=885.992um, leaf=2716.712um, total=3602.704um
    Clock DAG library cell distribution after bottom-up phase {count}:
       Bufs: SC8T_BUFX24_CSC28L: 48 SC8T_BUFX20_CSC28L: 11 
      flow.cputime  flow.realtime  timing.setup.tns  timing.setup.wns  snapshot
UM:*                                                                   after bottom-up phase
    Bottom-up phase done. (took cpu=0:00:06.2 real=0:00:02.3)
      flow.cputime  flow.realtime  timing.setup.tns  timing.setup.wns  snapshot
UM:*                                                                   Bottom-up phase
    Legalizing clock trees...
    Resynthesising clock tree into netlist...
      Reset timing graph...
Ignoring AAE DB Resetting ...
      Reset timing graph done.
    Resynthesising clock tree into netlist done.
    Commiting net attributes....
    Commiting net attributes. done.
    Leaving CCOpt scope - ClockRefiner...
    Performing a single pass refine place with checks partially disabled for clock sinks and datapath.

**Info: (IMPSP-2062): Some of the PG shapes may not be colorized properly in this design, users are required to run command colorizePowerMesh before any placement related commands!
*** Starting place_detail (0:27:28 mem=47296.5M) ***
Total net bbox length = 4.564e+05 (1.997e+05 2.567e+05) (ext = 1.492e+05)

**Info: (IMPSP-2062): Some of the PG shapes may not be colorized properly in this design, users are required to run command colorizePowerMesh before any placement related commands!
Move report: Detail placement moves 471 insts, mean move: 0.61 um, max move: 3.64 um 
	Max move on inst (SILEGO_cell/MTRF_cell/dpu_gen/U_NACU_0/U_divider/division/U_DIV/u_inc_QInc/U6): (77.79, 61.44) --> (74.15, 61.44)
	Runtime: CPU: 0:00:05.8 REAL: 0:00:02.0 MEM: 47332.5MB
Summary Report:
Instances move: 471 (out of 36319 movable)
Instances flipped: 9
Mean displacement: 0.61 um
Max displacement: 3.64 um (Instance: SILEGO_cell/MTRF_cell/dpu_gen/U_NACU_0/U_divider/division/U_DIV/u_inc_QInc/U6) (77.792, 61.44) -> (74.152, 61.44)
	Length: 16 sites, height: 1 rows, site name: SC8T_104CPP_CMOS22FDX, cell type: SC8T_HAX1_CSC28L
Total net bbox length = 4.566e+05 (1.998e+05 2.568e+05) (ext = 1.492e+05)
Runtime: CPU: 0:00:05.9 REAL: 0:00:02.0 MEM: 47332.5MB
*** Finished place_detail (0:27:34 mem=47332.5M) ***
    ClockRefiner summary
    All clock instances: Moved 158, flipped 75 and cell swapped 0 (out of a total of 5085).
    The largest move was 2.62 um for SILEGO_cell/MTRF_cell/dpu_gen/U_NACU_0/U_divider/division/U_DIV/u_inc_QInc/dpu_gen_U_NACU_0_U_divider_division_link211662_r_REG36_S2.

**Info: (IMPSP-2062): Some of the PG shapes may not be colorized properly in this design, users are required to run command colorizePowerMesh before any placement related commands!
    Leaving CCOpt scope - ClockRefiner done. (took cpu=0:00:06.7 real=0:00:02.6)
    Disconnecting clock tree from netlist...
    Disconnecting clock tree from netlist done.
    Leaving CCOpt scope - Cleaning up placement interface...
    Leaving CCOpt scope - Cleaning up placement interface done. (took cpu=0:00:00.1 real=0:00:00.0)
    Leaving CCOpt scope - Initializing placement interface...

**Info: (IMPSP-2062): Some of the PG shapes may not be colorized properly in this design, users are required to run command colorizePowerMesh before any placement related commands!
    Leaving CCOpt scope - Initializing placement interface done. (took cpu=0:00:00.2 real=0:00:00.2)
    Clock tree timing engine global stage delay update for WC_dc:setup.late...
    Clock tree timing engine global stage delay update for WC_dc:setup.late done. (took cpu=0:00:00.3 real=0:00:00.1)
    
    Clock tree legalization - Histogram:
    ====================================
    
    --------------------------------
    Movement (um)    Number of cells
    --------------------------------
    [0.64,1.12)             2
    [1.12,1.6)              3
    [1.6,2.08)              2
    [2.08,2.56)             1
    --------------------------------
    
    
    Clock tree legalization - Top 10 Movements:
    ===========================================
    
    --------------------------------------------------------------------------------------------------------------------------------------------------------------
    Movement (um)    Desired             Achieved            Node
                     location            location            
    --------------------------------------------------------------------------------------------------------------------------------------------------------------
        2.56         (76.336,56.960)     (76.336,54.400)     CTS_ccl_buf_00058 (a lib_cell SC8T_BUFX24_CSC28L) at (76.336,54.400), in power domain auto-default
        1.92         (76.544,119.040)    (76.544,117.120)    CTS_ccl_a_buf_00028 (a lib_cell SC8T_BUFX20_CSC28L) at (76.544,117.120), in power domain auto-default
        1.92         (145.184,87.040)    (145.184,85.120)    CTS_ccl_a_buf_00024 (a lib_cell SC8T_BUFX24_CSC28L) at (145.184,85.120), in power domain auto-default
        1.28         (76.336,156.160)    (76.336,154.880)    CTS_ccl_a_buf_00041 (a lib_cell SC8T_BUFX24_CSC28L) at (76.336,154.880), in power domain auto-default
        1.28         (143.728,87.680)    (143.728,86.400)    CTS_ccl_a_buf_00052 (a lib_cell SC8T_BUFX24_CSC28L) at (143.728,86.400), in power domain auto-default
        1.28         (76.336,56.960)     (76.336,58.240)     CTS_ccl_buf_00057 (a lib_cell SC8T_BUFX24_CSC28L) at (76.336,58.240), in power domain auto-default
        0.64         (156.936,56.320)    (156.936,55.680)    CTS_ccl_a_buf_00022 (a lib_cell SC8T_BUFX24_CSC28L) at (156.936,55.680), in power domain auto-default
        0.64         (76.336,119.040)    (76.336,119.680)    CTS_ccl_a_buf_00056 (a lib_cell SC8T_BUFX24_CSC28L) at (76.336,119.680), in power domain auto-default
        0            (77.604,54.770)     (77.604,54.770)     CTS_ccl_buf_00058 (a lib_cell SC8T_BUFX24_CSC28L) at (76.336,54.400), in power domain auto-default
        0            (1.268,1.010)       (1.268,1.010)       CTS_ccl_buf_00059 (a lib_cell SC8T_BUFX24_CSC28L) at (0.000,0.640), in power domain auto-default
    --------------------------------------------------------------------------------------------------------------------------------------------------------------
    
    Legalizing clock trees done. (took cpu=0:00:07.9 real=0:00:03.4)
      flow.cputime  flow.realtime  timing.setup.tns  timing.setup.wns  snapshot
UM:*                                                                   Legalizing clock trees
    Clock DAG stats after 'Clustering':
      cell counts      : b=59, i=0, icg=0, dcg=0, l=0, total=59
      sink counts      : regular=5026, enable_latch=0, load_capacitance=0, antenna=0, node_sink=0, total=5026
      misc counts      : r=1, pp=0
      cell areas       : b=140.908um^2, i=0.000um^2, icg=0.000um^2, dcg=0.000um^2, l=0.000um^2, total=140.908um^2
      cell capacitance : b=299.463fF, i=0.000fF, icg=0.000fF, dcg=0.000fF, l=0.000fF, total=299.463fF
      sink capacitance : total=3697.131fF, avg=0.736fF, sd=0.034fF, min=0.679fF, max=0.757fF
      wire capacitance : top=0.000fF, trunk=164.653fF, leaf=1399.656fF, total=1564.309fF
      wire lengths     : top=0.000um, trunk=1248.304um, leaf=9785.208um, total=11033.512um
      hp wire lengths  : top=0.000um, trunk=889.400um, leaf=2720.864um, total=3610.264um
    Clock DAG net violations after 'Clustering': none
    Clock DAG primary half-corner transition distribution after 'Clustering':
      Trunk : target=87.8ps count=9 avg=39.2ps sd=21.7ps min=8.2ps max=73.9ps {6 <= 52.7ps, 2 <= 70.2ps, 1 <= 79.0ps, 0 <= 83.4ps, 0 <= 87.8ps}
      Leaf  : target=87.8ps count=51 avg=48.3ps sd=6.7ps min=38.0ps max=69.1ps {42 <= 52.7ps, 9 <= 70.2ps, 0 <= 79.0ps, 0 <= 83.4ps, 0 <= 87.8ps}
    Clock DAG library cell distribution after 'Clustering' {count}:
       Bufs: SC8T_BUFX24_CSC28L: 48 SC8T_BUFX20_CSC28L: 11 
    Primary reporting skew groups after 'Clustering':
      skew_group clk/functional: insertion delay [min=175.7, max=274.1, avg=236.3, sd=24.0], skew [98.4 vs 53.8*], 74.9% {219.8, 273.6} (wid=63.8 ws=46.6) (gid=215.1 gs=56.9)
    Skew group summary after 'Clustering':
      skew_group clk/functional: insertion delay [min=175.7, max=274.1, avg=236.3, sd=24.0], skew [98.4 vs 53.8*], 74.9% {219.8, 273.6} (wid=63.8 ws=46.6) (gid=215.1 gs=56.9)
    Legalizer API calls during this step: 945 succeeded with high effort: 945 succeeded with medium effort: 0 succeeded with low effort: 0 succeeded with basic effort: 0 succeeded with basic unbounded effort: 0
  Clustering done. (took cpu=0:00:15.4 real=0:00:07.0)
      flow.cputime  flow.realtime  timing.setup.tns  timing.setup.wns  snapshot
UM:*                                                                   Clustering
  Looking for fanout violations...
  Looking for fanout violations done.
  CongRepair After Initial Clustering...
  Reset timing graph...
Ignoring AAE DB Resetting ...
  Reset timing graph done.
  Leaving CCOpt scope - Early Global Route...
  Clock implementation routing...
Net route status summary:
  Clock:        60 (unrouted=60, trialRouted=0, noStatus=0, routed=0, fixed=0, [crossesIlmBoundary=0, tooFewTerms=0, (crossesIlmBoundary AND tooFewTerms=0)])
  Non-clock: 58431 (unrouted=19933, trialRouted=38498, noStatus=0, routed=0, fixed=0, [crossesIlmBoundary=0, tooFewTerms=19933, (crossesIlmBoundary AND tooFewTerms=0)])
    Routing using eGR only...
      Early Global Route - eGR only step...
(ccopt eGR): There are 60 nets to be routed. 0 nets have skip routing designation.
(ccopt eGR): There are 60 nets for routing of which 60 have one or more fixed wires.
(ccopt eGR): Start to route 60 all nets
[NR-eGR] Track table information for default rule: 
[NR-eGR] M1 has single uniform track structure
[NR-eGR] M2 has single uniform track structure
[NR-eGR] C1 has single uniform track structure
[NR-eGR] C2 has single uniform track structure
[NR-eGR] C3 has single uniform track structure
[NR-eGR] C4 has single uniform track structure
[NR-eGR] BA has single uniform track structure
[NR-eGR] BB has single uniform track structure
[NR-eGR] JA has single uniform track structure
[NR-eGR] JB has single uniform track structure
[NR-eGR] LB has single uniform track structure
[NR-eGR] Read 21 PG shapes
[NR-eGR] Read 0 clock shapes
[NR-eGR] Read 0 other shapes
[NR-eGR] #Routing Blockages  : 31
[NR-eGR] #Instance Blockages : 100558
[NR-eGR] #PG Blockages       : 21
[NR-eGR] #Halo Blockages     : 0
[NR-eGR] #Boundary Blockages : 0
[NR-eGR] #Clock Blockages    : 0
[NR-eGR] #Other Blockages    : 0
[NR-eGR] Num Prerouted Nets = 0  Num Prerouted Wires = 0
[NR-eGR] Read 38558 nets ( ignored 38498 )
[NR-eGR] Connected 0 must-join pins/ports
[NR-eGR] There are 60 clock nets ( 60 with NDR ).
[NR-eGR] ============ Routing rule table ============
[NR-eGR] Rule id: 0  Nets: 60
[NR-eGR] ========================================
[NR-eGR] 
[NR-eGR] Layer group 1: route 60 net(s) in layer range [3, 4]
[NR-eGR] Early Global Route overflow of layer group 1: 0.00% H + 0.00% V. EstWL: 1.073088e+04um
[NR-eGR] Create a new net group with 20 nets and layer range [3, 6]
[NR-eGR] Layer group 2: route 20 net(s) in layer range [3, 6]
[NR-eGR] Early Global Route overflow of layer group 2: 0.00% H + 0.00% V. EstWL: 1.397568e+04um
[NR-eGR] Create a new net group with 20 nets and layer range [3, 8]
[NR-eGR] Layer group 3: route 20 net(s) in layer range [3, 8]
[NR-eGR] Early Global Route overflow of layer group 3: 0.00% H + 0.00% V. EstWL: 1.725120e+04um
[NR-eGR] Create a new net group with 20 nets and layer range [3, 10]
[NR-eGR] Layer group 4: route 20 net(s) in layer range [3, 10]
[NR-eGR] Early Global Route overflow of layer group 4: 0.00% H + 0.00% V. EstWL: 2.052480e+04um
[NR-eGR] Create a new net group with 20 nets and layer range [3, 11]
[NR-eGR] Layer group 5: route 20 net(s) in layer range [3, 11]
[NR-eGR] Early Global Route overflow of layer group 5: 0.00% H + 0.00% V. EstWL: 2.379968e+04um
[NR-eGR] Congestion Analysis By layer: (blocked Gcells are excluded) 
[NR-eGR]                        OverCon            
[NR-eGR]                         #Gcell     %Gcell
[NR-eGR]        Layer               (1)    OverCon
[NR-eGR] ----------------------------------------------
[NR-eGR]      M1 ( 1)         0( 0.00%)   ( 0.00%) 
[NR-eGR]      M2 ( 2)        75( 0.08%)   ( 0.08%) 
[NR-eGR]      C1 ( 3)         0( 0.00%)   ( 0.00%) 
[NR-eGR]      C2 ( 4)         0( 0.00%)   ( 0.00%) 
[NR-eGR]      C3 ( 5)         0( 0.00%)   ( 0.00%) 
[NR-eGR]      C4 ( 6)         0( 0.00%)   ( 0.00%) 
[NR-eGR]      BA ( 7)         0( 0.00%)   ( 0.00%) 
[NR-eGR]      BB ( 8)         0( 0.00%)   ( 0.00%) 
[NR-eGR]      JA ( 9)         0( 0.00%)   ( 0.00%) 
[NR-eGR]      JB (10)         0( 0.00%)   ( 0.00%) 
[NR-eGR]      LB (11)         0( 0.00%)   ( 0.00%) 
[NR-eGR] ----------------------------------------------
[NR-eGR]        Total        75( 0.01%)   ( 0.01%) 
[NR-eGR] 
[NR-eGR] Overflow after Early Global Route 0.00% H + 0.00% V
[NR-eGR]             Length (um)    Vias 
[NR-eGR] --------------------------------
[NR-eGR]  M1  (1V)             0  111196 
[NR-eGR]  M2  (2H)         70086  218151 
[NR-eGR]  C1  (3V)        144541   56213 
[NR-eGR]  C2  (4H)        108821   19130 
[NR-eGR]  C3  (5V)        119962    8131 
[NR-eGR]  C4  (6H)         59767    2350 
[NR-eGR]  BA  (7V)         44750    1178 
[NR-eGR]  BB  (8H)         15124      42 
[NR-eGR]  JA  (9V)            88       0 
[NR-eGR]  JB  (10H)            0       0 
[NR-eGR]  LB  (11V)            0       0 
[NR-eGR] --------------------------------
[NR-eGR]      Total       563139  416391 
[NR-eGR] --------------------------------------------------------------------------
[NR-eGR] Total half perimeter of net bounding box: 456569um
[NR-eGR] Total length: 563139um, number of vias: 416391
[NR-eGR] --------------------------------------------------------------------------
[NR-eGR] Total eGR-routed clock nets wire length: 10960um, number of vias: 10717
[NR-eGR] --------------------------------------------------------------------------
[NR-eGR] Report for selected net(s) only.
[NR-eGR]             Length (um)   Vias 
[NR-eGR] -------------------------------
[NR-eGR]  M1  (1V)             0    360 
[NR-eGR]  M2  (2H)           718   5925 
[NR-eGR]  C1  (3V)          5374   4189 
[NR-eGR]  C2  (4H)          4505    243 
[NR-eGR]  C3  (5V)           364      0 
[NR-eGR]  C4  (6H)             0      0 
[NR-eGR]  BA  (7V)             0      0 
[NR-eGR]  BB  (8H)             0      0 
[NR-eGR]  JA  (9V)             0      0 
[NR-eGR]  JB  (10H)            0      0 
[NR-eGR]  LB  (11V)            0      0 
[NR-eGR] -------------------------------
[NR-eGR]      Total        10960  10717 
[NR-eGR] --------------------------------------------------------------------------
[NR-eGR] Total half perimeter of net bounding box: 3638um
[NR-eGR] Total length: 10960um, number of vias: 10717
[NR-eGR] --------------------------------------------------------------------------
[NR-eGR] Total routed clock nets wire length: 10960um, number of vias: 10717
[NR-eGR] --------------------------------------------------------------------------
[NR-eGR] Finished Early Global Route kernel ( CPU: 1.67 sec, Real: 1.17 sec, Curr Mem: 47348.67 MB )
      Early Global Route - eGR only step done. (took cpu=0:00:01.8 real=0:00:01.3)
      flow.cputime  flow.realtime  timing.setup.tns  timing.setup.wns  snapshot
UM:*                                                                   Early Global Route - eGR only step
    Routing using eGR only done.
Net route status summary:
  Clock:        60 (unrouted=0, trialRouted=0, noStatus=0, routed=60, fixed=0, [crossesIlmBoundary=0, tooFewTerms=0, (crossesIlmBoundary AND tooFewTerms=0)])
  Non-clock: 58431 (unrouted=19933, trialRouted=38498, noStatus=0, routed=0, fixed=0, [crossesIlmBoundary=0, tooFewTerms=19933, (crossesIlmBoundary AND tooFewTerms=0)])

CCOPT: Done with clock implementation routing.

  Clock implementation routing done.
  CCOpt: Starting congestion repair using flow wrapper...
    Congestion Repair...
*** IncrReplace #1 [begin] (CTS #1 / ccopt_design #1) : totSession cpu/real = 0:27:38.3/0:07:29.9 (3.7), mem = 47348.7M
Info: Disable timing driven in postCTS congRepair.

Starting congRepair ...
[NR-eGR] Track table information for default rule: 
[NR-eGR] M1 has single uniform track structure
[NR-eGR] M2 has single uniform track structure
[NR-eGR] C1 has single uniform track structure
[NR-eGR] C2 has single uniform track structure
[NR-eGR] C3 has single uniform track structure
[NR-eGR] C4 has single uniform track structure
[NR-eGR] BA has single uniform track structure
[NR-eGR] BB has single uniform track structure
[NR-eGR] JA has single uniform track structure
[NR-eGR] JB has single uniform track structure
[NR-eGR] LB has single uniform track structure
[NR-eGR] Read 21 PG shapes
[NR-eGR] Read 0 clock shapes
[NR-eGR] Read 0 other shapes
[NR-eGR] #Routing Blockages  : 31
[NR-eGR] #Instance Blockages : 100558
[NR-eGR] #PG Blockages       : 21
[NR-eGR] #Halo Blockages     : 0
[NR-eGR] #Boundary Blockages : 0
[NR-eGR] #Clock Blockages    : 0
[NR-eGR] #Other Blockages    : 0
[NR-eGR] Num Prerouted Nets = 60  Num Prerouted Wires = 18608
[NR-eGR] Read 38558 nets ( ignored 60 )
[NR-eGR] ============ Routing rule table ============
[NR-eGR] Rule id: 1  Nets: 38498
[NR-eGR] ========================================
[NR-eGR] 
[NR-eGR] Layer group 1: route 38498 net(s) in layer range [2, 11]
[NR-eGR] Early Global Route overflow of layer group 1: 0.46% H + 0.70% V. EstWL: 5.371821e+05um
[NR-eGR] Congestion Analysis By layer: (blocked Gcells are excluded) 
[NR-eGR]                        OverCon           OverCon           OverCon            
[NR-eGR]                         #Gcell            #Gcell            #Gcell     %Gcell
[NR-eGR]        Layer             (1-4)             (5-8)            (9-10)    OverCon
[NR-eGR] --------------------------------------------------------------------------------
[NR-eGR]      M1 ( 1)         0( 0.00%)         0( 0.00%)         0( 0.00%)   ( 0.00%) 
[NR-eGR]      M2 ( 2)      1033( 1.06%)         0( 0.00%)         0( 0.00%)   ( 1.06%) 
[NR-eGR]      C1 ( 3)       808( 0.83%)         0( 0.00%)         0( 0.00%)   ( 0.83%) 
[NR-eGR]      C2 ( 4)        80( 0.08%)         9( 0.01%)         0( 0.00%)   ( 0.09%) 
[NR-eGR]      C3 ( 5)       175( 0.18%)         0( 0.00%)         0( 0.00%)   ( 0.18%) 
[NR-eGR]      C4 ( 6)        97( 0.10%)        26( 0.03%)         2( 0.00%)   ( 0.13%) 
[NR-eGR]      BA ( 7)        39( 0.04%)         0( 0.00%)         0( 0.00%)   ( 0.04%) 
[NR-eGR]      BB ( 8)        28( 0.03%)        12( 0.01%)         0( 0.00%)   ( 0.04%) 
[NR-eGR]      JA ( 9)         0( 0.00%)         0( 0.00%)         0( 0.00%)   ( 0.00%) 
[NR-eGR]      JB (10)         0( 0.00%)         0( 0.00%)         0( 0.00%)   ( 0.00%) 
[NR-eGR]      LB (11)         0( 0.00%)         0( 0.00%)         0( 0.00%)   ( 0.00%) 
[NR-eGR] --------------------------------------------------------------------------------
[NR-eGR]        Total      2260( 0.30%)        47( 0.01%)         2( 0.00%)   ( 0.31%) 
[NR-eGR] 
[NR-eGR] Overflow after Early Global Route 0.09% H + 0.21% V
Early Global Route congestion estimation runtime: 2.18 seconds, mem = 47386.6M
Local HotSpot Analysis: normalized max congestion hotspot area = 3.93, normalized total congestion hotspot area = 14.95 (area is in unit of 4 std-cell row bins)
Skipped repairing congestion.
[NR-eGR]             Length (um)    Vias 
[NR-eGR] --------------------------------
[NR-eGR]  M1  (1V)             0  111196 
[NR-eGR]  M2  (2H)         69660  216666 
[NR-eGR]  C1  (3V)        138030   57254 
[NR-eGR]  C2  (4H)        100347   22765 
[NR-eGR]  C3  (5V)        125218    9658 
[NR-eGR]  C4  (6H)         66024    2592 
[NR-eGR]  BA  (7V)         46101    1333 
[NR-eGR]  BB  (8H)         17092      48 
[NR-eGR]  JA  (9V)             5       0 
[NR-eGR]  JB  (10H)            0       0 
[NR-eGR]  LB  (11V)            0       0 
[NR-eGR] --------------------------------
[NR-eGR]      Total       562477  421512 
[NR-eGR] --------------------------------------------------------------------------
[NR-eGR] Total half perimeter of net bounding box: 456569um
[NR-eGR] Total length: 562477um, number of vias: 421512
[NR-eGR] --------------------------------------------------------------------------
[NR-eGR] Total eGR-routed clock nets wire length: 0um, number of vias: 0
[NR-eGR] --------------------------------------------------------------------------
Early Global Route wiring runtime: 0.55 seconds, mem = 47397.1M
Tdgp not successfully inited but do clear! skip clearing
End of congRepair (cpu=0:00:07.2, real=0:00:03.0)
*** IncrReplace #1 [finish] (CTS #1 / ccopt_design #1) : cpu/real = 0:00:07.2/0:00:02.8 (2.5), totSession cpu/real = 0:27:45.5/0:07:32.7 (3.7), mem = 47397.1M
    Congestion Repair done. (took cpu=0:00:07.3 real=0:00:02.9)
      flow.cputime  flow.realtime  timing.setup.tns  timing.setup.wns  snapshot
UM:*                                                                   Congestion Repair
  CCOpt: Starting congestion repair using flow wrapper done.

**Info: (IMPSP-2062): Some of the PG shapes may not be colorized properly in this design, users are required to run command colorizePowerMesh before any placement related commands!
  Leaving CCOpt scope - Early Global Route done. (took cpu=0:00:10.3 real=0:00:05.2)
  Leaving CCOpt scope - extractRC...
  Updating RC parasitics by calling: "extract_rc -noRouteCheck"...
Extraction called for design 'Silago_top_right_corner' of instances=36319 and nets=58491 using extraction engine 'pre_route' .
**WARN: (IMPEXT-3530):	The process node is not set. Use the command set_design_mode -process <process node> prior to extraction for maximum accuracy and optimal automatic threshold setting.
Type 'man IMPEXT-3530' for more detail.
pre_route RC Extraction called for design Silago_top_right_corner.
RC Extraction called in multi-corner(3) mode.
RCMode: PreRoute
      RC Corner Indexes            0       1       2   
Capacitance Scaling Factor   : 1.00000 1.00000 1.00000 
Resistance Scaling Factor    : 1.00000 1.00000 1.00000 
Clock Cap. Scaling Factor    : 1.00000 1.00000 1.00000 
Clock Res. Scaling Factor    : 1.00000 1.00000 1.00000 
Shrink Factor                : 1.00000
PreRoute extraction is honoring NDR/Shielding/ExtraSpace for clock nets.
Using Quantus QRC technology file ...
Updating RC grid for preRoute extraction ...
Initializing multi-corner resistance tables ...
PreRoute RC Extraction DONE (CPU Time: 0:00:01.0  Real Time: 0:00:01.0  MEM: 47397.074M)
  Updating RC parasitics by calling: "extract_rc -noRouteCheck" done.
  Leaving CCOpt scope - extractRC done. (took cpu=0:00:01.0 real=0:00:00.9)
  Clock tree timing engine global stage delay update for WC_dc:setup.late...
  Clock tree timing engine global stage delay update for WC_dc:setup.late done. (took cpu=0:00:00.3 real=0:00:00.1)
  Clock DAG stats after clustering cong repair call:
    cell counts      : b=59, i=0, icg=0, dcg=0, l=0, total=59
    sink counts      : regular=5026, enable_latch=0, load_capacitance=0, antenna=0, node_sink=0, total=5026
    misc counts      : r=1, pp=0
    cell areas       : b=140.908um^2, i=0.000um^2, icg=0.000um^2, dcg=0.000um^2, l=0.000um^2, total=140.908um^2
    cell capacitance : b=299.463fF, i=0.000fF, icg=0.000fF, dcg=0.000fF, l=0.000fF, total=299.463fF
    sink capacitance : total=3697.131fF, avg=0.736fF, sd=0.034fF, min=0.679fF, max=0.757fF
    wire capacitance : top=0.000fF, trunk=163.398fF, leaf=1385.118fF, total=1548.516fF
    wire lengths     : top=0.000um, trunk=1248.304um, leaf=9785.208um, total=11033.512um
    hp wire lengths  : top=0.000um, trunk=889.400um, leaf=2720.864um, total=3610.264um
  Clock DAG net violations after clustering cong repair call: none
  Clock DAG primary half-corner transition distribution after clustering cong repair call:
    Trunk : target=87.8ps count=9 avg=39.0ps sd=21.5ps min=8.2ps max=73.2ps {6 <= 52.7ps, 2 <= 70.2ps, 1 <= 79.0ps, 0 <= 83.4ps, 0 <= 87.8ps}
    Leaf  : target=87.8ps count=51 avg=48.1ps sd=6.7ps min=37.8ps max=68.9ps {42 <= 52.7ps, 9 <= 70.2ps, 0 <= 79.0ps, 0 <= 83.4ps, 0 <= 87.8ps}
  Clock DAG library cell distribution after clustering cong repair call {count}:
     Bufs: SC8T_BUFX24_CSC28L: 48 SC8T_BUFX20_CSC28L: 11 
  Primary reporting skew groups after clustering cong repair call:
    skew_group clk/functional: insertion delay [min=177.7, max=275.5, avg=237.2, sd=23.9], skew [97.8 vs 53.8*], 74.2% {221.2, 275.0} (wid=63.2 ws=46.1) (gid=215.9 gs=56.0)
  Skew group summary after clustering cong repair call:
    skew_group clk/functional: insertion delay [min=177.7, max=275.5, avg=237.2, sd=23.9], skew [97.8 vs 53.8*], 74.2% {221.2, 275.0} (wid=63.2 ws=46.1) (gid=215.9 gs=56.0)
  CongRepair After Initial Clustering done. (took cpu=0:00:12.0 real=0:00:06.6)
      flow.cputime  flow.realtime  timing.setup.tns  timing.setup.wns  snapshot
UM:*                                                                   CongRepair After Initial Clustering
  Stage::Clustering done. (took cpu=0:00:27.9 real=0:00:14.1)
      flow.cputime  flow.realtime  timing.setup.tns  timing.setup.wns  snapshot
UM:*                                                                   Stage::Clustering
  Stage::DRV Fixing...
  Fixing clock tree slew time and max cap violations...
    Fixing clock tree overload: ...20% ...40% ...60% ...80% ...100% 
    Clock DAG stats after 'Fixing clock tree slew time and max cap violations':
      cell counts      : b=59, i=0, icg=0, dcg=0, l=0, total=59
      sink counts      : regular=5026, enable_latch=0, load_capacitance=0, antenna=0, node_sink=0, total=5026
      misc counts      : r=1, pp=0
      cell areas       : b=140.908um^2, i=0.000um^2, icg=0.000um^2, dcg=0.000um^2, l=0.000um^2, total=140.908um^2
      cell capacitance : b=299.463fF, i=0.000fF, icg=0.000fF, dcg=0.000fF, l=0.000fF, total=299.463fF
      sink capacitance : total=3697.131fF, avg=0.736fF, sd=0.034fF, min=0.679fF, max=0.757fF
      wire capacitance : top=0.000fF, trunk=163.398fF, leaf=1385.118fF, total=1548.516fF
      wire lengths     : top=0.000um, trunk=1248.304um, leaf=9785.208um, total=11033.512um
      hp wire lengths  : top=0.000um, trunk=889.400um, leaf=2720.864um, total=3610.264um
    Clock DAG net violations after 'Fixing clock tree slew time and max cap violations': none
    Clock DAG primary half-corner transition distribution after 'Fixing clock tree slew time and max cap violations':
      Trunk : target=87.8ps count=9 avg=39.0ps sd=21.5ps min=8.2ps max=73.2ps {6 <= 52.7ps, 2 <= 70.2ps, 1 <= 79.0ps, 0 <= 83.4ps, 0 <= 87.8ps}
      Leaf  : target=87.8ps count=51 avg=48.1ps sd=6.7ps min=37.8ps max=68.9ps {42 <= 52.7ps, 9 <= 70.2ps, 0 <= 79.0ps, 0 <= 83.4ps, 0 <= 87.8ps}
    Clock DAG library cell distribution after 'Fixing clock tree slew time and max cap violations' {count}:
       Bufs: SC8T_BUFX24_CSC28L: 48 SC8T_BUFX20_CSC28L: 11 
    Primary reporting skew groups after 'Fixing clock tree slew time and max cap violations':
      skew_group clk/functional: insertion delay [min=177.7, max=275.5], skew [97.8 vs 53.8*]
    Skew group summary after 'Fixing clock tree slew time and max cap violations':
      skew_group clk/functional: insertion delay [min=177.7, max=275.5], skew [97.8 vs 53.8*]
    Legalizer API calls during this step: 0 succeeded with high effort: 0 succeeded with medium effort: 0 succeeded with low effort: 0 succeeded with basic effort: 0 succeeded with basic unbounded effort: 0
  Fixing clock tree slew time and max cap violations done. (took cpu=0:00:00.1 real=0:00:00.1)
      flow.cputime  flow.realtime  timing.setup.tns  timing.setup.wns  snapshot
UM:*                                                                   Fixing clock tree slew time and max cap violations
  Fixing clock tree slew time and max cap violations - detailed pass...
    Fixing clock tree overload: ...20% ...40% ...60% ...80% ...100% 
    Clock DAG stats after 'Fixing clock tree slew time and max cap violations - detailed pass':
      cell counts      : b=59, i=0, icg=0, dcg=0, l=0, total=59
      sink counts      : regular=5026, enable_latch=0, load_capacitance=0, antenna=0, node_sink=0, total=5026
      misc counts      : r=1, pp=0
      cell areas       : b=140.908um^2, i=0.000um^2, icg=0.000um^2, dcg=0.000um^2, l=0.000um^2, total=140.908um^2
      cell capacitance : b=299.463fF, i=0.000fF, icg=0.000fF, dcg=0.000fF, l=0.000fF, total=299.463fF
      sink capacitance : total=3697.131fF, avg=0.736fF, sd=0.034fF, min=0.679fF, max=0.757fF
      wire capacitance : top=0.000fF, trunk=163.398fF, leaf=1385.118fF, total=1548.516fF
      wire lengths     : top=0.000um, trunk=1248.304um, leaf=9785.208um, total=11033.512um
      hp wire lengths  : top=0.000um, trunk=889.400um, leaf=2720.864um, total=3610.264um
    Clock DAG net violations after 'Fixing clock tree slew time and max cap violations - detailed pass': none
    Clock DAG primary half-corner transition distribution after 'Fixing clock tree slew time and max cap violations - detailed pass':
      Trunk : target=87.8ps count=9 avg=39.0ps sd=21.5ps min=8.2ps max=73.2ps {6 <= 52.7ps, 2 <= 70.2ps, 1 <= 79.0ps, 0 <= 83.4ps, 0 <= 87.8ps}
      Leaf  : target=87.8ps count=51 avg=48.1ps sd=6.7ps min=37.8ps max=68.9ps {42 <= 52.7ps, 9 <= 70.2ps, 0 <= 79.0ps, 0 <= 83.4ps, 0 <= 87.8ps}
    Clock DAG library cell distribution after 'Fixing clock tree slew time and max cap violations - detailed pass' {count}:
       Bufs: SC8T_BUFX24_CSC28L: 48 SC8T_BUFX20_CSC28L: 11 
    Primary reporting skew groups after 'Fixing clock tree slew time and max cap violations - detailed pass':
      skew_group clk/functional: insertion delay [min=177.7, max=275.5, avg=237.2, sd=23.9], skew [97.8 vs 53.8*], 74.2% {221.2, 275.0} (wid=63.2 ws=46.1) (gid=215.9 gs=56.0)
    Skew group summary after 'Fixing clock tree slew time and max cap violations - detailed pass':
      skew_group clk/functional: insertion delay [min=177.7, max=275.5, avg=237.2, sd=23.9], skew [97.8 vs 53.8*], 74.2% {221.2, 275.0} (wid=63.2 ws=46.1) (gid=215.9 gs=56.0)
    Legalizer API calls during this step: 0 succeeded with high effort: 0 succeeded with medium effort: 0 succeeded with low effort: 0 succeeded with basic effort: 0 succeeded with basic unbounded effort: 0
  Fixing clock tree slew time and max cap violations - detailed pass done. (took cpu=0:00:00.2 real=0:00:00.2)
      flow.cputime  flow.realtime  timing.setup.tns  timing.setup.wns  snapshot
UM:*                                                                   Fixing clock tree slew time and max cap violations - detailed pass
  Stage::DRV Fixing done. (took cpu=0:00:00.8 real=0:00:00.8)
      flow.cputime  flow.realtime  timing.setup.tns  timing.setup.wns  snapshot
UM:*                                                                   Stage::DRV Fixing
  Stage::Insertion Delay Reduction...
  Removing unnecessary root buffering...
    Clock DAG stats after 'Removing unnecessary root buffering':
      cell counts      : b=58, i=0, icg=0, dcg=0, l=0, total=58
      sink counts      : regular=5026, enable_latch=0, load_capacitance=0, antenna=0, node_sink=0, total=5026
      misc counts      : r=1, pp=0
      cell areas       : b=138.445um^2, i=0.000um^2, icg=0.000um^2, dcg=0.000um^2, l=0.000um^2, total=138.445um^2
      cell capacitance : b=294.228fF, i=0.000fF, icg=0.000fF, dcg=0.000fF, l=0.000fF, total=294.228fF
      sink capacitance : total=3697.131fF, avg=0.736fF, sd=0.034fF, min=0.679fF, max=0.757fF
      wire capacitance : top=0.000fF, trunk=164.135fF, leaf=1385.118fF, total=1549.253fF
      wire lengths     : top=0.000um, trunk=1247.112um, leaf=9785.208um, total=11032.320um
      hp wire lengths  : top=0.000um, trunk=829.304um, leaf=2720.864um, total=3550.168um
    Clock DAG net violations after 'Removing unnecessary root buffering': none
    Clock DAG primary half-corner transition distribution after 'Removing unnecessary root buffering':
      Trunk : target=87.8ps count=8 avg=48.9ps sd=24.0ps min=19.1ps max=84.1ps {4 <= 52.7ps, 2 <= 70.2ps, 1 <= 79.0ps, 0 <= 83.4ps, 1 <= 87.8ps}
      Leaf  : target=87.8ps count=51 avg=48.1ps sd=6.7ps min=37.8ps max=68.9ps {42 <= 52.7ps, 9 <= 70.2ps, 0 <= 79.0ps, 0 <= 83.4ps, 0 <= 87.8ps}
    Clock DAG library cell distribution after 'Removing unnecessary root buffering' {count}:
       Bufs: SC8T_BUFX24_CSC28L: 47 SC8T_BUFX20_CSC28L: 11 
    Primary reporting skew groups after 'Removing unnecessary root buffering':
      skew_group clk/functional: insertion delay [min=172.7, max=270.4], skew [97.7 vs 53.8*]
    Skew group summary after 'Removing unnecessary root buffering':
      skew_group clk/functional: insertion delay [min=172.7, max=270.4], skew [97.7 vs 53.8*]
    Legalizer API calls during this step: 16 succeeded with high effort: 16 succeeded with medium effort: 0 succeeded with low effort: 0 succeeded with basic effort: 0 succeeded with basic unbounded effort: 0
  Removing unnecessary root buffering done. (took cpu=0:00:00.7 real=0:00:00.7)
      flow.cputime  flow.realtime  timing.setup.tns  timing.setup.wns  snapshot
UM:*                                                                   Removing unnecessary root buffering
  Removing unconstrained drivers...
    Clock DAG stats after 'Removing unconstrained drivers':
      cell counts      : b=58, i=0, icg=0, dcg=0, l=0, total=58
      sink counts      : regular=5026, enable_latch=0, load_capacitance=0, antenna=0, node_sink=0, total=5026
      misc counts      : r=1, pp=0
      cell areas       : b=138.445um^2, i=0.000um^2, icg=0.000um^2, dcg=0.000um^2, l=0.000um^2, total=138.445um^2
      cell capacitance : b=294.228fF, i=0.000fF, icg=0.000fF, dcg=0.000fF, l=0.000fF, total=294.228fF
      sink capacitance : total=3697.131fF, avg=0.736fF, sd=0.034fF, min=0.679fF, max=0.757fF
      wire capacitance : top=0.000fF, trunk=164.135fF, leaf=1385.118fF, total=1549.253fF
      wire lengths     : top=0.000um, trunk=1247.112um, leaf=9785.208um, total=11032.320um
      hp wire lengths  : top=0.000um, trunk=829.304um, leaf=2720.864um, total=3550.168um
    Clock DAG net violations after 'Removing unconstrained drivers': none
    Clock DAG primary half-corner transition distribution after 'Removing unconstrained drivers':
      Trunk : target=87.8ps count=8 avg=48.9ps sd=24.0ps min=19.1ps max=84.1ps {4 <= 52.7ps, 2 <= 70.2ps, 1 <= 79.0ps, 0 <= 83.4ps, 1 <= 87.8ps}
      Leaf  : target=87.8ps count=51 avg=48.1ps sd=6.7ps min=37.8ps max=68.9ps {42 <= 52.7ps, 9 <= 70.2ps, 0 <= 79.0ps, 0 <= 83.4ps, 0 <= 87.8ps}
    Clock DAG library cell distribution after 'Removing unconstrained drivers' {count}:
       Bufs: SC8T_BUFX24_CSC28L: 47 SC8T_BUFX20_CSC28L: 11 
    Primary reporting skew groups after 'Removing unconstrained drivers':
      skew_group clk/functional: insertion delay [min=172.7, max=270.4], skew [97.7 vs 53.8*]
    Skew group summary after 'Removing unconstrained drivers':
      skew_group clk/functional: insertion delay [min=172.7, max=270.4], skew [97.7 vs 53.8*]
    Legalizer API calls during this step: 0 succeeded with high effort: 0 succeeded with medium effort: 0 succeeded with low effort: 0 succeeded with basic effort: 0 succeeded with basic unbounded effort: 0
  Removing unconstrained drivers done. (took cpu=0:00:00.1 real=0:00:00.1)
      flow.cputime  flow.realtime  timing.setup.tns  timing.setup.wns  snapshot
UM:*                                                                   Removing unconstrained drivers
  Reducing insertion delay 1...
    Clock DAG stats after 'Reducing insertion delay 1':
      cell counts      : b=59, i=0, icg=0, dcg=0, l=0, total=59
      sink counts      : regular=5026, enable_latch=0, load_capacitance=0, antenna=0, node_sink=0, total=5026
      misc counts      : r=1, pp=0
      cell areas       : b=139.510um^2, i=0.000um^2, icg=0.000um^2, dcg=0.000um^2, l=0.000um^2, total=139.510um^2
      cell capacitance : b=296.477fF, i=0.000fF, icg=0.000fF, dcg=0.000fF, l=0.000fF, total=296.477fF
      sink capacitance : total=3697.131fF, avg=0.736fF, sd=0.034fF, min=0.679fF, max=0.757fF
      wire capacitance : top=0.000fF, trunk=164.200fF, leaf=1385.118fF, total=1549.318fF
      wire lengths     : top=0.000um, trunk=1247.320um, leaf=9785.208um, total=11032.528um
      hp wire lengths  : top=0.000um, trunk=889.400um, leaf=2720.864um, total=3610.264um
    Clock DAG net violations after 'Reducing insertion delay 1': none
    Clock DAG primary half-corner transition distribution after 'Reducing insertion delay 1':
      Trunk : target=87.8ps count=9 avg=37.5ps sd=22.0ps min=15.2ps max=73.2ps {6 <= 52.7ps, 2 <= 70.2ps, 1 <= 79.0ps, 0 <= 83.4ps, 0 <= 87.8ps}
      Leaf  : target=87.8ps count=51 avg=48.1ps sd=6.7ps min=37.8ps max=68.9ps {42 <= 52.7ps, 9 <= 70.2ps, 0 <= 79.0ps, 0 <= 83.4ps, 0 <= 87.8ps}
    Clock DAG library cell distribution after 'Reducing insertion delay 1' {count}:
       Bufs: SC8T_BUFX24_CSC28L: 47 SC8T_BUFX20_CSC28L: 11 SC8T_BUFX10_CSC28L: 1 
    Primary reporting skew groups after 'Reducing insertion delay 1':
      skew_group clk/functional: insertion delay [min=170.3, max=268.1], skew [97.8 vs 53.8*]
    Skew group summary after 'Reducing insertion delay 1':
      skew_group clk/functional: insertion delay [min=170.3, max=268.1], skew [97.8 vs 53.8*]
    Legalizer API calls during this step: 13 succeeded with high effort: 13 succeeded with medium effort: 0 succeeded with low effort: 0 succeeded with basic effort: 0 succeeded with basic unbounded effort: 0
  Reducing insertion delay 1 done. (took cpu=0:00:00.1 real=0:00:00.1)
      flow.cputime  flow.realtime  timing.setup.tns  timing.setup.wns  snapshot
UM:*                                                                   Reducing insertion delay 1
  Removing longest path buffering...
    Clock DAG stats after 'Removing longest path buffering':
      cell counts      : b=58, i=0, icg=0, dcg=0, l=0, total=58
      sink counts      : regular=5026, enable_latch=0, load_capacitance=0, antenna=0, node_sink=0, total=5026
      misc counts      : r=1, pp=0
      cell areas       : b=137.047um^2, i=0.000um^2, icg=0.000um^2, dcg=0.000um^2, l=0.000um^2, total=137.047um^2
      cell capacitance : b=291.241fF, i=0.000fF, icg=0.000fF, dcg=0.000fF, l=0.000fF, total=291.241fF
      sink capacitance : total=3697.131fF, avg=0.736fF, sd=0.034fF, min=0.679fF, max=0.757fF
      wire capacitance : top=0.000fF, trunk=163.197fF, leaf=1385.118fF, total=1548.315fF
      wire lengths     : top=0.000um, trunk=1243.694um, leaf=9785.208um, total=11028.902um
      hp wire lengths  : top=0.000um, trunk=889.400um, leaf=2720.864um, total=3610.264um
    Clock DAG net violations after 'Removing longest path buffering': none
    Clock DAG primary half-corner transition distribution after 'Removing longest path buffering':
      Trunk : target=87.8ps count=8 avg=43.3ps sd=20.3ps min=15.2ps max=73.2ps {5 <= 52.7ps, 2 <= 70.2ps, 1 <= 79.0ps, 0 <= 83.4ps, 0 <= 87.8ps}
      Leaf  : target=87.8ps count=51 avg=48.1ps sd=6.7ps min=37.8ps max=68.9ps {42 <= 52.7ps, 9 <= 70.2ps, 0 <= 79.0ps, 0 <= 83.4ps, 0 <= 87.8ps}
    Clock DAG library cell distribution after 'Removing longest path buffering' {count}:
       Bufs: SC8T_BUFX24_CSC28L: 46 SC8T_BUFX20_CSC28L: 11 SC8T_BUFX10_CSC28L: 1 
    Primary reporting skew groups after 'Removing longest path buffering':
      skew_group clk/functional: insertion delay [min=159.9, max=259.7], skew [99.8 vs 53.8*]
    Skew group summary after 'Removing longest path buffering':
      skew_group clk/functional: insertion delay [min=159.9, max=259.7], skew [99.8 vs 53.8*]
    Legalizer API calls during this step: 48 succeeded with high effort: 48 succeeded with medium effort: 0 succeeded with low effort: 0 succeeded with basic effort: 0 succeeded with basic unbounded effort: 0
  Removing longest path buffering done. (took cpu=0:00:02.1 real=0:00:02.1)
      flow.cputime  flow.realtime  timing.setup.tns  timing.setup.wns  snapshot
UM:*                                                                   Removing longest path buffering
  Reducing insertion delay 2...
    Clock DAG stats after 'Reducing insertion delay 2':
      cell counts      : b=58, i=0, icg=0, dcg=0, l=0, total=58
      sink counts      : regular=5026, enable_latch=0, load_capacitance=0, antenna=0, node_sink=0, total=5026
      misc counts      : r=1, pp=0
      cell areas       : b=137.047um^2, i=0.000um^2, icg=0.000um^2, dcg=0.000um^2, l=0.000um^2, total=137.047um^2
      cell capacitance : b=291.241fF, i=0.000fF, icg=0.000fF, dcg=0.000fF, l=0.000fF, total=291.241fF
      sink capacitance : total=3697.131fF, avg=0.736fF, sd=0.034fF, min=0.679fF, max=0.757fF
      wire capacitance : top=0.000fF, trunk=160.064fF, leaf=1391.713fF, total=1551.777fF
      wire lengths     : top=0.000um, trunk=1222.221um, leaf=9834.717um, total=11056.938um
      hp wire lengths  : top=0.000um, trunk=898.360um, leaf=2758.742um, total=3657.102um
    Clock DAG net violations after 'Reducing insertion delay 2': none
    Clock DAG primary half-corner transition distribution after 'Reducing insertion delay 2':
      Trunk : target=87.8ps count=8 avg=41.6ps sd=17.2ps min=17.3ps max=62.7ps {5 <= 52.7ps, 3 <= 70.2ps, 0 <= 79.0ps, 0 <= 83.4ps, 0 <= 87.8ps}
      Leaf  : target=87.8ps count=51 avg=48.2ps sd=6.8ps min=37.8ps max=68.9ps {41 <= 52.7ps, 10 <= 70.2ps, 0 <= 79.0ps, 0 <= 83.4ps, 0 <= 87.8ps}
    Clock DAG library cell distribution after 'Reducing insertion delay 2' {count}:
       Bufs: SC8T_BUFX24_CSC28L: 46 SC8T_BUFX20_CSC28L: 11 SC8T_BUFX10_CSC28L: 1 
    Primary reporting skew groups after 'Reducing insertion delay 2':
      skew_group clk/functional: insertion delay [min=157.0, max=248.6, avg=218.1, sd=21.2], skew [91.6 vs 53.8*], 80.1% {193.6, 247.4} (wid=66.4 ws=44.3) (gid=194.3 gs=59.4)
    Skew group summary after 'Reducing insertion delay 2':
      skew_group clk/functional: insertion delay [min=157.0, max=248.6, avg=218.1, sd=21.2], skew [91.6 vs 53.8*], 80.1% {193.6, 247.4} (wid=66.4 ws=44.3) (gid=194.3 gs=59.4)
    Legalizer API calls during this step: 366 succeeded with high effort: 366 succeeded with medium effort: 0 succeeded with low effort: 0 succeeded with basic effort: 0 succeeded with basic unbounded effort: 0
  Reducing insertion delay 2 done. (took cpu=0:00:07.2 real=0:00:07.2)
      flow.cputime  flow.realtime  timing.setup.tns  timing.setup.wns  snapshot
UM:*                                                                   Reducing insertion delay 2
  Stage::Insertion Delay Reduction done. (took cpu=0:00:11.4 real=0:00:11.4)
      flow.cputime  flow.realtime  timing.setup.tns  timing.setup.wns  snapshot
UM:*                                                                   Stage::Insertion Delay Reduction
  CCOpt::Phase::Construction done. (took cpu=0:00:40.8 real=0:00:27.0)
      flow.cputime  flow.realtime  timing.setup.tns  timing.setup.wns  snapshot
UM:*                                                                   CCOpt::Phase::Construction
  CCOpt::Phase::Implementation...
  Stage::Reducing Power...
  Improving clock tree routing...
    Iteration 1...
    Iteration 1 done.
    Clock DAG stats after 'Improving clock tree routing':
      cell counts      : b=58, i=0, icg=0, dcg=0, l=0, total=58
      sink counts      : regular=5026, enable_latch=0, load_capacitance=0, antenna=0, node_sink=0, total=5026
      misc counts      : r=1, pp=0
      cell areas       : b=137.047um^2, i=0.000um^2, icg=0.000um^2, dcg=0.000um^2, l=0.000um^2, total=137.047um^2
      cell capacitance : b=291.241fF, i=0.000fF, icg=0.000fF, dcg=0.000fF, l=0.000fF, total=291.241fF
      sink capacitance : total=3697.131fF, avg=0.736fF, sd=0.034fF, min=0.679fF, max=0.757fF
      wire capacitance : top=0.000fF, trunk=160.064fF, leaf=1391.713fF, total=1551.777fF
      wire lengths     : top=0.000um, trunk=1222.221um, leaf=9834.717um, total=11056.938um
      hp wire lengths  : top=0.000um, trunk=898.360um, leaf=2758.742um, total=3657.102um
    Clock DAG net violations after 'Improving clock tree routing': none
    Clock DAG primary half-corner transition distribution after 'Improving clock tree routing':
      Trunk : target=87.8ps count=8 avg=41.6ps sd=17.2ps min=17.3ps max=62.7ps {5 <= 52.7ps, 3 <= 70.2ps, 0 <= 79.0ps, 0 <= 83.4ps, 0 <= 87.8ps}
      Leaf  : target=87.8ps count=51 avg=48.2ps sd=6.8ps min=37.8ps max=68.9ps {41 <= 52.7ps, 10 <= 70.2ps, 0 <= 79.0ps, 0 <= 83.4ps, 0 <= 87.8ps}
    Clock DAG library cell distribution after 'Improving clock tree routing' {count}:
       Bufs: SC8T_BUFX24_CSC28L: 46 SC8T_BUFX20_CSC28L: 11 SC8T_BUFX10_CSC28L: 1 
    Primary reporting skew groups after 'Improving clock tree routing':
      skew_group clk/functional: insertion delay [min=157.0, max=248.6], skew [91.6 vs 53.8*]
    Skew group summary after 'Improving clock tree routing':
      skew_group clk/functional: insertion delay [min=157.0, max=248.6], skew [91.6 vs 53.8*]
    Legalizer API calls during this step: 25 succeeded with high effort: 25 succeeded with medium effort: 0 succeeded with low effort: 0 succeeded with basic effort: 0 succeeded with basic unbounded effort: 0
  Improving clock tree routing done. (took cpu=0:00:00.4 real=0:00:00.3)
      flow.cputime  flow.realtime  timing.setup.tns  timing.setup.wns  snapshot
UM:*                                                                   Improving clock tree routing
  Reducing clock tree power 1...
    Resizing gates:     ...20% ...40% ...60% ...80% ...Legalizing clock trees...
    Legalizing clock trees done. (took cpu=0:00:00.0 real=0:00:00.0)
      flow.cputime  flow.realtime  timing.setup.tns  timing.setup.wns  snapshot
UM:*                                                                   Legalizing clock trees
    100% 
    Clock DAG stats after reducing clock tree power 1 iteration 1:
      cell counts      : b=58, i=0, icg=0, dcg=0, l=0, total=58
      sink counts      : regular=5026, enable_latch=0, load_capacitance=0, antenna=0, node_sink=0, total=5026
      misc counts      : r=1, pp=0
      cell areas       : b=99.108um^2, i=0.000um^2, icg=0.000um^2, dcg=0.000um^2, l=0.000um^2, total=99.108um^2
      cell capacitance : b=209.708fF, i=0.000fF, icg=0.000fF, dcg=0.000fF, l=0.000fF, total=209.708fF
      sink capacitance : total=3697.131fF, avg=0.736fF, sd=0.034fF, min=0.679fF, max=0.757fF
      wire capacitance : top=0.000fF, trunk=160.311fF, leaf=1391.655fF, total=1551.967fF
      wire lengths     : top=0.000um, trunk=1224.488um, leaf=9833.508um, total=11057.996um
      hp wire lengths  : top=0.000um, trunk=898.360um, leaf=2758.742um, total=3657.102um
    Clock DAG net violations after reducing clock tree power 1 iteration 1: none
    Clock DAG primary half-corner transition distribution after reducing clock tree power 1 iteration 1:
      Trunk : target=87.8ps count=8 avg=41.4ps sd=17.8ps min=14.6ps max=74.1ps {7 <= 52.7ps, 0 <= 70.2ps, 1 <= 79.0ps, 0 <= 83.4ps, 0 <= 87.8ps}
      Leaf  : target=87.8ps count=51 avg=64.6ps sd=13.8ps min=38.3ps max=86.1ps {14 <= 52.7ps, 14 <= 70.2ps, 12 <= 79.0ps, 8 <= 83.4ps, 3 <= 87.8ps}
    Clock DAG library cell distribution after reducing clock tree power 1 iteration 1 {count}:
       Bufs: SC8T_BUFX24_CSC28L: 11 SC8T_BUFX20_CSC28L: 11 SC8T_BUFX16_CSC28L: 15 SC8T_BUFX12_CSC28L: 12 SC8T_BUFX10_CSC28L: 7 SC8T_BUFX8_CSC28L: 2 
    Primary reporting skew groups after reducing clock tree power 1 iteration 1:
      skew_group clk/functional: insertion delay [min=186.4, max=251.0], skew [64.6 vs 53.8*]
    Skew group summary after reducing clock tree power 1 iteration 1:
      skew_group clk/functional: insertion delay [min=186.4, max=251.0], skew [64.6 vs 53.8*]
    Resizing gates:     ...20% ...40% ...60% ...80% ..Legalizing clock trees...
    Legalizing clock trees done. (took cpu=0:00:00.0 real=0:00:00.0)
      flow.cputime  flow.realtime  timing.setup.tns  timing.setup.wns  snapshot
UM:*                                                                   Legalizing clock trees
    .100% 
    Clock DAG stats after reducing clock tree power 1 iteration 2:
      cell counts      : b=58, i=0, icg=0, dcg=0, l=0, total=58
      sink counts      : regular=5026, enable_latch=0, load_capacitance=0, antenna=0, node_sink=0, total=5026
      misc counts      : r=1, pp=0
      cell areas       : b=89.124um^2, i=0.000um^2, icg=0.000um^2, dcg=0.000um^2, l=0.000um^2, total=89.124um^2
      cell capacitance : b=188.305fF, i=0.000fF, icg=0.000fF, dcg=0.000fF, l=0.000fF, total=188.305fF
      sink capacitance : total=3697.131fF, avg=0.736fF, sd=0.034fF, min=0.679fF, max=0.757fF
      wire capacitance : top=0.000fF, trunk=160.059fF, leaf=1391.598fF, total=1551.656fF
      wire lengths     : top=0.000um, trunk=1221.639um, leaf=9832.342um, total=11053.981um
      hp wire lengths  : top=0.000um, trunk=898.360um, leaf=2758.742um, total=3657.102um
    Clock DAG net violations after reducing clock tree power 1 iteration 2: none
    Clock DAG primary half-corner transition distribution after reducing clock tree power 1 iteration 2:
      Trunk : target=87.8ps count=8 avg=40.7ps sd=17.9ps min=11.8ps max=74.2ps {7 <= 52.7ps, 0 <= 70.2ps, 1 <= 79.0ps, 0 <= 83.4ps, 0 <= 87.8ps}
      Leaf  : target=87.8ps count=51 avg=70.5ps sd=12.7ps min=38.3ps max=87.7ps {8 <= 52.7ps, 8 <= 70.2ps, 21 <= 79.0ps, 10 <= 83.4ps, 4 <= 87.8ps}
    Clock DAG library cell distribution after reducing clock tree power 1 iteration 2 {count}:
       Bufs: SC8T_BUFX24_CSC28L: 7 SC8T_BUFX20_CSC28L: 7 SC8T_BUFX16_CSC28L: 12 SC8T_BUFX12_CSC28L: 20 SC8T_BUFX10_CSC28L: 10 SC8T_BUFX8_CSC28L: 1 SC8T_BUFX6_CSC28L: 1 
    Primary reporting skew groups after reducing clock tree power 1 iteration 2:
      skew_group clk/functional: insertion delay [min=195.7, max=259.4], skew [63.7 vs 53.8*]
    Skew group summary after reducing clock tree power 1 iteration 2:
      skew_group clk/functional: insertion delay [min=195.7, max=259.4], skew [63.7 vs 53.8*]
    Resizing gates:     ...20% ...40% ...60% ...80% Legalizing clock trees...
    Legalizing clock trees done. (took cpu=0:00:00.0 real=0:00:00.0)
      flow.cputime  flow.realtime  timing.setup.tns  timing.setup.wns  snapshot
UM:*                                                                   Legalizing clock trees
    ...100% 
    Clock DAG stats after 'Reducing clock tree power 1':
      cell counts      : b=58, i=0, icg=0, dcg=0, l=0, total=58
      sink counts      : regular=5026, enable_latch=0, load_capacitance=0, antenna=0, node_sink=0, total=5026
      misc counts      : r=1, pp=0
      cell areas       : b=87.526um^2, i=0.000um^2, icg=0.000um^2, dcg=0.000um^2, l=0.000um^2, total=87.526um^2
      cell capacitance : b=184.864fF, i=0.000fF, icg=0.000fF, dcg=0.000fF, l=0.000fF, total=184.864fF
      sink capacitance : total=3697.131fF, avg=0.736fF, sd=0.034fF, min=0.679fF, max=0.757fF
      wire capacitance : top=0.000fF, trunk=160.048fF, leaf=1391.495fF, total=1551.543fF
      wire lengths     : top=0.000um, trunk=1221.639um, leaf=9831.662um, total=11053.301um
      hp wire lengths  : top=0.000um, trunk=898.360um, leaf=2758.742um, total=3657.102um
    Clock DAG net violations after 'Reducing clock tree power 1': none
    Clock DAG primary half-corner transition distribution after 'Reducing clock tree power 1':
      Trunk : target=87.8ps count=8 avg=40.1ps sd=17.9ps min=11.8ps max=74.2ps {7 <= 52.7ps, 0 <= 70.2ps, 1 <= 79.0ps, 0 <= 83.4ps, 0 <= 87.8ps}
      Leaf  : target=87.8ps count=51 avg=71.7ps sd=12.5ps min=38.3ps max=87.7ps {8 <= 52.7ps, 5 <= 70.2ps, 22 <= 79.0ps, 12 <= 83.4ps, 4 <= 87.8ps}
    Clock DAG library cell distribution after 'Reducing clock tree power 1' {count}:
       Bufs: SC8T_BUFX24_CSC28L: 7 SC8T_BUFX20_CSC28L: 6 SC8T_BUFX16_CSC28L: 10 SC8T_BUFX12_CSC28L: 23 SC8T_BUFX10_CSC28L: 10 SC8T_BUFX8_CSC28L: 1 SC8T_BUFX6_CSC28L: 1 
    Primary reporting skew groups after 'Reducing clock tree power 1':
      skew_group clk/functional: insertion delay [min=195.7, max=259.4], skew [63.7 vs 53.8*]
    Skew group summary after 'Reducing clock tree power 1':
      skew_group clk/functional: insertion delay [min=195.7, max=259.4], skew [63.7 vs 53.8*]
    Legalizer API calls during this step: 591 succeeded with high effort: 591 succeeded with medium effort: 0 succeeded with low effort: 0 succeeded with basic effort: 0 succeeded with basic unbounded effort: 0
  Reducing clock tree power 1 done. (took cpu=0:00:16.9 real=0:00:06.4)
      flow.cputime  flow.realtime  timing.setup.tns  timing.setup.wns  snapshot
UM:*                                                                   Reducing clock tree power 1
  Reducing clock tree power 2...
    Clock DAG stats after 'Reducing clock tree power 2':
      cell counts      : b=58, i=0, icg=0, dcg=0, l=0, total=58
      sink counts      : regular=5026, enable_latch=0, load_capacitance=0, antenna=0, node_sink=0, total=5026
      misc counts      : r=1, pp=0
      cell areas       : b=86.328um^2, i=0.000um^2, icg=0.000um^2, dcg=0.000um^2, l=0.000um^2, total=86.328um^2
      cell capacitance : b=182.284fF, i=0.000fF, icg=0.000fF, dcg=0.000fF, l=0.000fF, total=182.284fF
      sink capacitance : total=3697.131fF, avg=0.736fF, sd=0.034fF, min=0.679fF, max=0.757fF
      wire capacitance : top=0.000fF, trunk=162.784fF, leaf=1393.202fF, total=1555.986fF
      wire lengths     : top=0.000um, trunk=1245.946um, leaf=9844.394um, total=11090.340um
      hp wire lengths  : top=0.000um, trunk=910.320um, leaf=2758.742um, total=3669.062um
    Clock DAG net violations after 'Reducing clock tree power 2': none
    Clock DAG primary half-corner transition distribution after 'Reducing clock tree power 2':
      Trunk : target=87.8ps count=8 avg=41.4ps sd=21.0ps min=11.8ps max=85.3ps {7 <= 52.7ps, 0 <= 70.2ps, 0 <= 79.0ps, 0 <= 83.4ps, 1 <= 87.8ps}
      Leaf  : target=87.8ps count=51 avg=72.7ps sd=12.1ps min=38.4ps max=87.7ps {7 <= 52.7ps, 4 <= 70.2ps, 23 <= 79.0ps, 12 <= 83.4ps, 5 <= 87.8ps}
    Clock DAG library cell distribution after 'Reducing clock tree power 2' {count}:
       Bufs: SC8T_BUFX24_CSC28L: 7 SC8T_BUFX20_CSC28L: 4 SC8T_BUFX16_CSC28L: 11 SC8T_BUFX12_CSC28L: 24 SC8T_BUFX10_CSC28L: 10 SC8T_BUFX8_CSC28L: 1 SC8T_BUFX6_CSC28L: 1 
    Primary reporting skew groups after 'Reducing clock tree power 2':
      skew_group clk/functional: insertion delay [min=205.1, max=258.5, avg=242.5, sd=11.3], skew [53.4 vs 53.8], 100% {205.1, 258.5} (wid=65.1 ws=40.6) (gid=222.9 gs=52.3)
    Skew group summary after 'Reducing clock tree power 2':
      skew_group clk/functional: insertion delay [min=205.1, max=258.5, avg=242.5, sd=11.3], skew [53.4 vs 53.8], 100% {205.1, 258.5} (wid=65.1 ws=40.6) (gid=222.9 gs=52.3)
    Legalizer API calls during this step: 137 succeeded with high effort: 137 succeeded with medium effort: 0 succeeded with low effort: 0 succeeded with basic effort: 0 succeeded with basic unbounded effort: 0
  Reducing clock tree power 2 done. (took cpu=0:00:03.2 real=0:00:03.2)
      flow.cputime  flow.realtime  timing.setup.tns  timing.setup.wns  snapshot
UM:*                                                                   Reducing clock tree power 2
  Stage::Reducing Power done. (took cpu=0:00:21.2 real=0:00:10.7)
      flow.cputime  flow.realtime  timing.setup.tns  timing.setup.wns  snapshot
UM:*                                                                   Stage::Reducing Power
  Stage::Balancing...
  Approximately balancing fragments step...
    Resolve constraints - Approximately balancing fragments...
    Resolving skew group constraints...
      Solving LP: 1 skew groups; 2 fragments, 2 fraglets and 3 vertices; 25 variables and 66 constraints; tolerance 1
    Resolving skew group constraints done.
    Resolve constraints - Approximately balancing fragments done. (took cpu=0:00:00.5 real=0:00:00.5)
      flow.cputime  flow.realtime  timing.setup.tns  timing.setup.wns  snapshot
UM:*                                                                   Resolve constraints - Approximately balancing fragments
    Estimate delay to be added in balancing - Approximately balancing fragments...
    Trial balancer estimated the amount of delay to be added in balancing: 0.0ps
    Estimate delay to be added in balancing - Approximately balancing fragments done. (took cpu=0:00:00.2 real=0:00:00.2)
      flow.cputime  flow.realtime  timing.setup.tns  timing.setup.wns  snapshot
UM:*                                                                   Estimate delay to be added in balancing - Approximately balancing fragments
    Approximately balancing fragments...
      Moving gates to improve sub-tree skew...
        Tried: 60 Succeeded: 0
        Topology Tried: 0 Succeeded: 0
        0 Succeeded with SS ratio
        0 Succeeded with Lollipop: 0 with tier one, 0 with tier two. 
        Total reducing skew: 0 Average reducing skew for 0 nets : 0
        Clock DAG stats after 'Moving gates to improve sub-tree skew':
          cell counts      : b=58, i=0, icg=0, dcg=0, l=0, total=58
          sink counts      : regular=5026, enable_latch=0, load_capacitance=0, antenna=0, node_sink=0, total=5026
          misc counts      : r=1, pp=0
          cell areas       : b=86.328um^2, i=0.000um^2, icg=0.000um^2, dcg=0.000um^2, l=0.000um^2, total=86.328um^2
          cell capacitance : b=182.284fF, i=0.000fF, icg=0.000fF, dcg=0.000fF, l=0.000fF, total=182.284fF
          sink capacitance : total=3697.131fF, avg=0.736fF, sd=0.034fF, min=0.679fF, max=0.757fF
          wire capacitance : top=0.000fF, trunk=162.784fF, leaf=1393.202fF, total=1555.986fF
          wire lengths     : top=0.000um, trunk=1245.946um, leaf=9844.394um, total=11090.340um
          hp wire lengths  : top=0.000um, trunk=910.320um, leaf=2758.742um, total=3669.062um
        Clock DAG net violations after 'Moving gates to improve sub-tree skew': none
        Clock DAG primary half-corner transition distribution after 'Moving gates to improve sub-tree skew':
          Trunk : target=87.8ps count=8 avg=41.4ps sd=21.0ps min=11.8ps max=85.3ps {7 <= 52.7ps, 0 <= 70.2ps, 0 <= 79.0ps, 0 <= 83.4ps, 1 <= 87.8ps}
          Leaf  : target=87.8ps count=51 avg=72.7ps sd=12.1ps min=38.4ps max=87.7ps {7 <= 52.7ps, 4 <= 70.2ps, 23 <= 79.0ps, 12 <= 83.4ps, 5 <= 87.8ps}
        Clock DAG library cell distribution after 'Moving gates to improve sub-tree skew' {count}:
           Bufs: SC8T_BUFX24_CSC28L: 7 SC8T_BUFX20_CSC28L: 4 SC8T_BUFX16_CSC28L: 11 SC8T_BUFX12_CSC28L: 24 SC8T_BUFX10_CSC28L: 10 SC8T_BUFX8_CSC28L: 1 SC8T_BUFX6_CSC28L: 1 
        Legalizer API calls during this step: 0 succeeded with high effort: 0 succeeded with medium effort: 0 succeeded with low effort: 0 succeeded with basic effort: 0 succeeded with basic unbounded effort: 0
      Moving gates to improve sub-tree skew done. (took cpu=0:00:00.1 real=0:00:00.1)
      flow.cputime  flow.realtime  timing.setup.tns  timing.setup.wns  snapshot
UM:*                                                                   Moving gates to improve sub-tree skew
      Approximately balancing fragments bottom up...
        bottom up balancing: ...20% ...40% ...60% ...80% ...100% 
        Clock DAG stats after 'Approximately balancing fragments bottom up':
          cell counts      : b=58, i=0, icg=0, dcg=0, l=0, total=58
          sink counts      : regular=5026, enable_latch=0, load_capacitance=0, antenna=0, node_sink=0, total=5026
          misc counts      : r=1, pp=0
          cell areas       : b=81.536um^2, i=0.000um^2, icg=0.000um^2, dcg=0.000um^2, l=0.000um^2, total=81.536um^2
          cell capacitance : b=171.969fF, i=0.000fF, icg=0.000fF, dcg=0.000fF, l=0.000fF, total=171.969fF
          sink capacitance : total=3697.131fF, avg=0.736fF, sd=0.034fF, min=0.679fF, max=0.757fF
          wire capacitance : top=0.000fF, trunk=162.607fF, leaf=1392.710fF, total=1555.317fF
          wire lengths     : top=0.000um, trunk=1244.681um, leaf=9840.498um, total=11085.179um
          hp wire lengths  : top=0.000um, trunk=910.320um, leaf=2758.742um, total=3669.062um
        Clock DAG net violations after 'Approximately balancing fragments bottom up': none
        Clock DAG primary half-corner transition distribution after 'Approximately balancing fragments bottom up':
          Trunk : target=87.8ps count=8 avg=40.0ps sd=18.0ps min=11.8ps max=74.6ps {7 <= 52.7ps, 0 <= 70.2ps, 1 <= 79.0ps, 0 <= 83.4ps, 0 <= 87.8ps}
          Leaf  : target=87.8ps count=51 avg=74.6ps sd=8.6ps min=50.2ps max=87.7ps {2 <= 52.7ps, 8 <= 70.2ps, 24 <= 79.0ps, 12 <= 83.4ps, 5 <= 87.8ps}
        Clock DAG library cell distribution after 'Approximately balancing fragments bottom up' {count}:
           Bufs: SC8T_BUFX24_CSC28L: 3 SC8T_BUFX20_CSC28L: 1 SC8T_BUFX16_CSC28L: 17 SC8T_BUFX12_CSC28L: 25 SC8T_BUFX10_CSC28L: 10 SC8T_BUFX8_CSC28L: 1 SC8T_BUFX6_CSC28L: 1 
        Legalizer API calls during this step: 44 succeeded with high effort: 44 succeeded with medium effort: 0 succeeded with low effort: 0 succeeded with basic effort: 0 succeeded with basic unbounded effort: 0
      Approximately balancing fragments bottom up done. (took cpu=0:00:03.4 real=0:00:03.2)
      flow.cputime  flow.realtime  timing.setup.tns  timing.setup.wns  snapshot
UM:*                                                                   Approximately balancing fragments bottom up
      Approximately balancing fragments, wire and cell delays...
      Approximately balancing fragments, wire and cell delays, iteration 1...
        Clock DAG stats after Approximately balancing fragments, wire and cell delays, iteration 1:
          cell counts      : b=59, i=0, icg=0, dcg=0, l=0, total=59
          sink counts      : regular=5026, enable_latch=0, load_capacitance=0, antenna=0, node_sink=0, total=5026
          misc counts      : r=1, pp=0
          cell areas       : b=81.935um^2, i=0.000um^2, icg=0.000um^2, dcg=0.000um^2, l=0.000um^2, total=81.935um^2
          cell capacitance : b=172.890fF, i=0.000fF, icg=0.000fF, dcg=0.000fF, l=0.000fF, total=172.890fF
          sink capacitance : total=3697.131fF, avg=0.736fF, sd=0.034fF, min=0.679fF, max=0.757fF
          wire capacitance : top=0.000fF, trunk=163.161fF, leaf=1392.710fF, total=1555.871fF
          wire lengths     : top=0.000um, trunk=1248.089um, leaf=9840.498um, total=11088.587um
          hp wire lengths  : top=0.000um, trunk=911.600um, leaf=2758.742um, total=3670.342um
        Clock DAG net violations after Approximately balancing fragments, wire and cell delays, iteration 1: none
        Clock DAG primary half-corner transition distribution after Approximately balancing fragments, wire and cell delays, iteration 1:
          Trunk : target=87.8ps count=9 avg=36.7ps sd=18.6ps min=11.8ps max=75.9ps {8 <= 52.7ps, 0 <= 70.2ps, 1 <= 79.0ps, 0 <= 83.4ps, 0 <= 87.8ps}
          Leaf  : target=87.8ps count=51 avg=74.6ps sd=8.6ps min=50.2ps max=87.7ps {2 <= 52.7ps, 8 <= 70.2ps, 24 <= 79.0ps, 12 <= 83.4ps, 5 <= 87.8ps}
        Clock DAG library cell distribution after Approximately balancing fragments, wire and cell delays, iteration 1 {count}:
           Bufs: SC8T_BUFX24_CSC28L: 3 SC8T_BUFX20_CSC28L: 1 SC8T_BUFX16_CSC28L: 17 SC8T_BUFX12_CSC28L: 25 SC8T_BUFX10_CSC28L: 10 SC8T_BUFX8_CSC28L: 1 SC8T_BUFX6_CSC28L: 1 SC8T_BUFX3_CSC28L: 1 
      Approximately balancing fragments, wire and cell delays, iteration 1 done.
      Approximately balancing fragments, wire and cell delays, iteration 2...
        Clock DAG stats after Approximately balancing fragments, wire and cell delays, iteration 2:
          cell counts      : b=59, i=0, icg=0, dcg=0, l=0, total=59
          sink counts      : regular=5026, enable_latch=0, load_capacitance=0, antenna=0, node_sink=0, total=5026
          misc counts      : r=1, pp=0
          cell areas       : b=81.935um^2, i=0.000um^2, icg=0.000um^2, dcg=0.000um^2, l=0.000um^2, total=81.935um^2
          cell capacitance : b=172.890fF, i=0.000fF, icg=0.000fF, dcg=0.000fF, l=0.000fF, total=172.890fF
          sink capacitance : total=3697.131fF, avg=0.736fF, sd=0.034fF, min=0.679fF, max=0.757fF
          wire capacitance : top=0.000fF, trunk=163.161fF, leaf=1392.710fF, total=1555.871fF
          wire lengths     : top=0.000um, trunk=1248.089um, leaf=9840.498um, total=11088.587um
          hp wire lengths  : top=0.000um, trunk=911.600um, leaf=2758.742um, total=3670.342um
        Clock DAG net violations after Approximately balancing fragments, wire and cell delays, iteration 2: none
        Clock DAG primary half-corner transition distribution after Approximately balancing fragments, wire and cell delays, iteration 2:
          Trunk : target=87.8ps count=9 avg=36.7ps sd=18.6ps min=11.8ps max=75.9ps {8 <= 52.7ps, 0 <= 70.2ps, 1 <= 79.0ps, 0 <= 83.4ps, 0 <= 87.8ps}
          Leaf  : target=87.8ps count=51 avg=74.6ps sd=8.6ps min=50.2ps max=87.7ps {2 <= 52.7ps, 8 <= 70.2ps, 24 <= 79.0ps, 12 <= 83.4ps, 5 <= 87.8ps}
        Clock DAG library cell distribution after Approximately balancing fragments, wire and cell delays, iteration 2 {count}:
           Bufs: SC8T_BUFX24_CSC28L: 3 SC8T_BUFX20_CSC28L: 1 SC8T_BUFX16_CSC28L: 17 SC8T_BUFX12_CSC28L: 25 SC8T_BUFX10_CSC28L: 10 SC8T_BUFX8_CSC28L: 1 SC8T_BUFX6_CSC28L: 1 SC8T_BUFX3_CSC28L: 1 
      Approximately balancing fragments, wire and cell delays, iteration 2 done.
      Approximately balancing fragments, wire and cell delays done. (took cpu=0:00:00.2 real=0:00:00.2)
      flow.cputime  flow.realtime  timing.setup.tns  timing.setup.wns  snapshot
UM:*                                                                   Approximately balancing fragments, wire and cell delays
    Approximately balancing fragments done.
    Clock DAG stats after 'Approximately balancing fragments step':
      cell counts      : b=59, i=0, icg=0, dcg=0, l=0, total=59
      sink counts      : regular=5026, enable_latch=0, load_capacitance=0, antenna=0, node_sink=0, total=5026
      misc counts      : r=1, pp=0
      cell areas       : b=81.935um^2, i=0.000um^2, icg=0.000um^2, dcg=0.000um^2, l=0.000um^2, total=81.935um^2
      cell capacitance : b=172.890fF, i=0.000fF, icg=0.000fF, dcg=0.000fF, l=0.000fF, total=172.890fF
      sink capacitance : total=3697.131fF, avg=0.736fF, sd=0.034fF, min=0.679fF, max=0.757fF
      wire capacitance : top=0.000fF, trunk=163.161fF, leaf=1392.710fF, total=1555.871fF
      wire lengths     : top=0.000um, trunk=1248.089um, leaf=9840.498um, total=11088.587um
      hp wire lengths  : top=0.000um, trunk=911.600um, leaf=2758.742um, total=3670.342um
    Clock DAG net violations after 'Approximately balancing fragments step': none
    Clock DAG primary half-corner transition distribution after 'Approximately balancing fragments step':
      Trunk : target=87.8ps count=9 avg=36.7ps sd=18.6ps min=11.8ps max=75.9ps {8 <= 52.7ps, 0 <= 70.2ps, 1 <= 79.0ps, 0 <= 83.4ps, 0 <= 87.8ps}
      Leaf  : target=87.8ps count=51 avg=74.6ps sd=8.6ps min=50.2ps max=87.7ps {2 <= 52.7ps, 8 <= 70.2ps, 24 <= 79.0ps, 12 <= 83.4ps, 5 <= 87.8ps}
    Clock DAG library cell distribution after 'Approximately balancing fragments step' {count}:
       Bufs: SC8T_BUFX24_CSC28L: 3 SC8T_BUFX20_CSC28L: 1 SC8T_BUFX16_CSC28L: 17 SC8T_BUFX12_CSC28L: 25 SC8T_BUFX10_CSC28L: 10 SC8T_BUFX8_CSC28L: 1 SC8T_BUFX6_CSC28L: 1 SC8T_BUFX3_CSC28L: 1 
    Legalizer API calls during this step: 47 succeeded with high effort: 47 succeeded with medium effort: 0 succeeded with low effort: 0 succeeded with basic effort: 0 succeeded with basic unbounded effort: 0
  Approximately balancing fragments step done. (took cpu=0:00:05.7 real=0:00:05.6)
      flow.cputime  flow.realtime  timing.setup.tns  timing.setup.wns  snapshot
UM:*                                                                   Approximately balancing fragments step
  Clock DAG stats after Approximately balancing fragments:
    cell counts      : b=59, i=0, icg=0, dcg=0, l=0, total=59
    sink counts      : regular=5026, enable_latch=0, load_capacitance=0, antenna=0, node_sink=0, total=5026
    misc counts      : r=1, pp=0
    cell areas       : b=81.935um^2, i=0.000um^2, icg=0.000um^2, dcg=0.000um^2, l=0.000um^2, total=81.935um^2
    cell capacitance : b=172.890fF, i=0.000fF, icg=0.000fF, dcg=0.000fF, l=0.000fF, total=172.890fF
    sink capacitance : total=3697.131fF, avg=0.736fF, sd=0.034fF, min=0.679fF, max=0.757fF
    wire capacitance : top=0.000fF, trunk=163.161fF, leaf=1392.710fF, total=1555.871fF
    wire lengths     : top=0.000um, trunk=1248.089um, leaf=9840.498um, total=11088.587um
    hp wire lengths  : top=0.000um, trunk=911.600um, leaf=2758.742um, total=3670.342um
  Clock DAG net violations after Approximately balancing fragments: none
  Clock DAG primary half-corner transition distribution after Approximately balancing fragments:
    Trunk : target=87.8ps count=9 avg=36.7ps sd=18.6ps min=11.8ps max=75.9ps {8 <= 52.7ps, 0 <= 70.2ps, 1 <= 79.0ps, 0 <= 83.4ps, 0 <= 87.8ps}
    Leaf  : target=87.8ps count=51 avg=74.6ps sd=8.6ps min=50.2ps max=87.7ps {2 <= 52.7ps, 8 <= 70.2ps, 24 <= 79.0ps, 12 <= 83.4ps, 5 <= 87.8ps}
  Clock DAG library cell distribution after Approximately balancing fragments {count}:
     Bufs: SC8T_BUFX24_CSC28L: 3 SC8T_BUFX20_CSC28L: 1 SC8T_BUFX16_CSC28L: 17 SC8T_BUFX12_CSC28L: 25 SC8T_BUFX10_CSC28L: 10 SC8T_BUFX8_CSC28L: 1 SC8T_BUFX6_CSC28L: 1 SC8T_BUFX3_CSC28L: 1 
  Primary reporting skew groups after Approximately balancing fragments:
    skew_group clk/functional: insertion delay [min=219.4, max=257.8], skew [38.4 vs 53.8]
  Skew group summary after Approximately balancing fragments:
    skew_group clk/functional: insertion delay [min=219.4, max=257.8], skew [38.4 vs 53.8]
  Improving fragments clock skew...
    Clock DAG stats after 'Improving fragments clock skew':
      cell counts      : b=59, i=0, icg=0, dcg=0, l=0, total=59
      sink counts      : regular=5026, enable_latch=0, load_capacitance=0, antenna=0, node_sink=0, total=5026
      misc counts      : r=1, pp=0
      cell areas       : b=81.935um^2, i=0.000um^2, icg=0.000um^2, dcg=0.000um^2, l=0.000um^2, total=81.935um^2
      cell capacitance : b=172.890fF, i=0.000fF, icg=0.000fF, dcg=0.000fF, l=0.000fF, total=172.890fF
      sink capacitance : total=3697.131fF, avg=0.736fF, sd=0.034fF, min=0.679fF, max=0.757fF
      wire capacitance : top=0.000fF, trunk=163.161fF, leaf=1392.710fF, total=1555.871fF
      wire lengths     : top=0.000um, trunk=1248.089um, leaf=9840.498um, total=11088.587um
      hp wire lengths  : top=0.000um, trunk=911.600um, leaf=2758.742um, total=3670.342um
    Clock DAG net violations after 'Improving fragments clock skew': none
    Clock DAG primary half-corner transition distribution after 'Improving fragments clock skew':
      Trunk : target=87.8ps count=9 avg=36.7ps sd=18.6ps min=11.8ps max=75.9ps {8 <= 52.7ps, 0 <= 70.2ps, 1 <= 79.0ps, 0 <= 83.4ps, 0 <= 87.8ps}
      Leaf  : target=87.8ps count=51 avg=74.6ps sd=8.6ps min=50.2ps max=87.7ps {2 <= 52.7ps, 8 <= 70.2ps, 24 <= 79.0ps, 12 <= 83.4ps, 5 <= 87.8ps}
    Clock DAG library cell distribution after 'Improving fragments clock skew' {count}:
       Bufs: SC8T_BUFX24_CSC28L: 3 SC8T_BUFX20_CSC28L: 1 SC8T_BUFX16_CSC28L: 17 SC8T_BUFX12_CSC28L: 25 SC8T_BUFX10_CSC28L: 10 SC8T_BUFX8_CSC28L: 1 SC8T_BUFX6_CSC28L: 1 SC8T_BUFX3_CSC28L: 1 
    Primary reporting skew groups after 'Improving fragments clock skew':
      skew_group clk/functional: insertion delay [min=219.4, max=257.8], skew [38.4 vs 53.8]
    Skew group summary after 'Improving fragments clock skew':
      skew_group clk/functional: insertion delay [min=219.4, max=257.8], skew [38.4 vs 53.8]
    Legalizer API calls during this step: 0 succeeded with high effort: 0 succeeded with medium effort: 0 succeeded with low effort: 0 succeeded with basic effort: 0 succeeded with basic unbounded effort: 0
  Improving fragments clock skew done. (took cpu=0:00:00.2 real=0:00:00.2)
      flow.cputime  flow.realtime  timing.setup.tns  timing.setup.wns  snapshot
UM:*                                                                   Improving fragments clock skew
  Approximately balancing step...
    Resolve constraints - Approximately balancing...
    Resolving skew group constraints...
      Solving LP: 1 skew groups; 2 fragments, 2 fraglets and 3 vertices; 25 variables and 66 constraints; tolerance 1
    Resolving skew group constraints done.
    Resolve constraints - Approximately balancing done. (took cpu=0:00:00.2 real=0:00:00.2)
      flow.cputime  flow.realtime  timing.setup.tns  timing.setup.wns  snapshot
UM:*                                                                   Resolve constraints - Approximately balancing
    Approximately balancing...
      Approximately balancing, wire and cell delays...
      Approximately balancing, wire and cell delays, iteration 1...
        Clock DAG stats after Approximately balancing, wire and cell delays, iteration 1:
          cell counts      : b=59, i=0, icg=0, dcg=0, l=0, total=59
          sink counts      : regular=5026, enable_latch=0, load_capacitance=0, antenna=0, node_sink=0, total=5026
          misc counts      : r=1, pp=0
          cell areas       : b=81.935um^2, i=0.000um^2, icg=0.000um^2, dcg=0.000um^2, l=0.000um^2, total=81.935um^2
          cell capacitance : b=172.890fF, i=0.000fF, icg=0.000fF, dcg=0.000fF, l=0.000fF, total=172.890fF
          sink capacitance : total=3697.131fF, avg=0.736fF, sd=0.034fF, min=0.679fF, max=0.757fF
          wire capacitance : top=0.000fF, trunk=163.161fF, leaf=1392.710fF, total=1555.871fF
          wire lengths     : top=0.000um, trunk=1248.089um, leaf=9840.498um, total=11088.587um
          hp wire lengths  : top=0.000um, trunk=911.600um, leaf=2758.742um, total=3670.342um
        Clock DAG net violations after Approximately balancing, wire and cell delays, iteration 1: none
        Clock DAG primary half-corner transition distribution after Approximately balancing, wire and cell delays, iteration 1:
          Trunk : target=87.8ps count=9 avg=36.7ps sd=18.6ps min=11.8ps max=75.9ps {8 <= 52.7ps, 0 <= 70.2ps, 1 <= 79.0ps, 0 <= 83.4ps, 0 <= 87.8ps}
          Leaf  : target=87.8ps count=51 avg=74.6ps sd=8.6ps min=50.2ps max=87.7ps {2 <= 52.7ps, 8 <= 70.2ps, 24 <= 79.0ps, 12 <= 83.4ps, 5 <= 87.8ps}
        Clock DAG library cell distribution after Approximately balancing, wire and cell delays, iteration 1 {count}:
           Bufs: SC8T_BUFX24_CSC28L: 3 SC8T_BUFX20_CSC28L: 1 SC8T_BUFX16_CSC28L: 17 SC8T_BUFX12_CSC28L: 25 SC8T_BUFX10_CSC28L: 10 SC8T_BUFX8_CSC28L: 1 SC8T_BUFX6_CSC28L: 1 SC8T_BUFX3_CSC28L: 1 
      Approximately balancing, wire and cell delays, iteration 1 done.
      Approximately balancing, wire and cell delays done. (took cpu=0:00:00.1 real=0:00:00.1)
      flow.cputime  flow.realtime  timing.setup.tns  timing.setup.wns  snapshot
UM:*                                                                   Approximately balancing, wire and cell delays
    Approximately balancing done.
    Clock DAG stats after 'Approximately balancing step':
      cell counts      : b=59, i=0, icg=0, dcg=0, l=0, total=59
      sink counts      : regular=5026, enable_latch=0, load_capacitance=0, antenna=0, node_sink=0, total=5026
      misc counts      : r=1, pp=0
      cell areas       : b=81.935um^2, i=0.000um^2, icg=0.000um^2, dcg=0.000um^2, l=0.000um^2, total=81.935um^2
      cell capacitance : b=172.890fF, i=0.000fF, icg=0.000fF, dcg=0.000fF, l=0.000fF, total=172.890fF
      sink capacitance : total=3697.131fF, avg=0.736fF, sd=0.034fF, min=0.679fF, max=0.757fF
      wire capacitance : top=0.000fF, trunk=163.161fF, leaf=1392.710fF, total=1555.871fF
      wire lengths     : top=0.000um, trunk=1248.089um, leaf=9840.498um, total=11088.587um
      hp wire lengths  : top=0.000um, trunk=911.600um, leaf=2758.742um, total=3670.342um
    Clock DAG net violations after 'Approximately balancing step': none
    Clock DAG primary half-corner transition distribution after 'Approximately balancing step':
      Trunk : target=87.8ps count=9 avg=36.7ps sd=18.6ps min=11.8ps max=75.9ps {8 <= 52.7ps, 0 <= 70.2ps, 1 <= 79.0ps, 0 <= 83.4ps, 0 <= 87.8ps}
      Leaf  : target=87.8ps count=51 avg=74.6ps sd=8.6ps min=50.2ps max=87.7ps {2 <= 52.7ps, 8 <= 70.2ps, 24 <= 79.0ps, 12 <= 83.4ps, 5 <= 87.8ps}
    Clock DAG library cell distribution after 'Approximately balancing step' {count}:
       Bufs: SC8T_BUFX24_CSC28L: 3 SC8T_BUFX20_CSC28L: 1 SC8T_BUFX16_CSC28L: 17 SC8T_BUFX12_CSC28L: 25 SC8T_BUFX10_CSC28L: 10 SC8T_BUFX8_CSC28L: 1 SC8T_BUFX6_CSC28L: 1 SC8T_BUFX3_CSC28L: 1 
    Primary reporting skew groups after 'Approximately balancing step':
      skew_group clk/functional: insertion delay [min=219.4, max=257.8], skew [38.4 vs 53.8]
    Skew group summary after 'Approximately balancing step':
      skew_group clk/functional: insertion delay [min=219.4, max=257.8], skew [38.4 vs 53.8]
    Legalizer API calls during this step: 0 succeeded with high effort: 0 succeeded with medium effort: 0 succeeded with low effort: 0 succeeded with basic effort: 0 succeeded with basic unbounded effort: 0
  Approximately balancing step done. (took cpu=0:00:00.9 real=0:00:00.9)
      flow.cputime  flow.realtime  timing.setup.tns  timing.setup.wns  snapshot
UM:*                                                                   Approximately balancing step
  Fixing clock tree overload...
    Fixing clock tree overload: ...20% ...40% ...60% ...80% ...100% 
    Clock DAG stats after 'Fixing clock tree overload':
      cell counts      : b=59, i=0, icg=0, dcg=0, l=0, total=59
      sink counts      : regular=5026, enable_latch=0, load_capacitance=0, antenna=0, node_sink=0, total=5026
      misc counts      : r=1, pp=0
      cell areas       : b=81.935um^2, i=0.000um^2, icg=0.000um^2, dcg=0.000um^2, l=0.000um^2, total=81.935um^2
      cell capacitance : b=172.890fF, i=0.000fF, icg=0.000fF, dcg=0.000fF, l=0.000fF, total=172.890fF
      sink capacitance : total=3697.131fF, avg=0.736fF, sd=0.034fF, min=0.679fF, max=0.757fF
      wire capacitance : top=0.000fF, trunk=163.161fF, leaf=1392.710fF, total=1555.871fF
      wire lengths     : top=0.000um, trunk=1248.089um, leaf=9840.498um, total=11088.587um
      hp wire lengths  : top=0.000um, trunk=911.600um, leaf=2758.742um, total=3670.342um
    Clock DAG net violations after 'Fixing clock tree overload': none
    Clock DAG primary half-corner transition distribution after 'Fixing clock tree overload':
      Trunk : target=87.8ps count=9 avg=36.7ps sd=18.6ps min=11.8ps max=75.9ps {8 <= 52.7ps, 0 <= 70.2ps, 1 <= 79.0ps, 0 <= 83.4ps, 0 <= 87.8ps}
      Leaf  : target=87.8ps count=51 avg=74.6ps sd=8.6ps min=50.2ps max=87.7ps {2 <= 52.7ps, 8 <= 70.2ps, 24 <= 79.0ps, 12 <= 83.4ps, 5 <= 87.8ps}
    Clock DAG library cell distribution after 'Fixing clock tree overload' {count}:
       Bufs: SC8T_BUFX24_CSC28L: 3 SC8T_BUFX20_CSC28L: 1 SC8T_BUFX16_CSC28L: 17 SC8T_BUFX12_CSC28L: 25 SC8T_BUFX10_CSC28L: 10 SC8T_BUFX8_CSC28L: 1 SC8T_BUFX6_CSC28L: 1 SC8T_BUFX3_CSC28L: 1 
    Primary reporting skew groups after 'Fixing clock tree overload':
      skew_group clk/functional: insertion delay [min=219.4, max=257.8], skew [38.4 vs 53.8]
    Skew group summary after 'Fixing clock tree overload':
      skew_group clk/functional: insertion delay [min=219.4, max=257.8], skew [38.4 vs 53.8]
    Legalizer API calls during this step: 0 succeeded with high effort: 0 succeeded with medium effort: 0 succeeded with low effort: 0 succeeded with basic effort: 0 succeeded with basic unbounded effort: 0
  Fixing clock tree overload done. (took cpu=0:00:00.1 real=0:00:00.1)
      flow.cputime  flow.realtime  timing.setup.tns  timing.setup.wns  snapshot
UM:*                                                                   Fixing clock tree overload
  Approximately balancing paths...
    Added 0 buffers.
    Clock DAG stats after 'Approximately balancing paths':
      cell counts      : b=59, i=0, icg=0, dcg=0, l=0, total=59
      sink counts      : regular=5026, enable_latch=0, load_capacitance=0, antenna=0, node_sink=0, total=5026
      misc counts      : r=1, pp=0
      cell areas       : b=81.935um^2, i=0.000um^2, icg=0.000um^2, dcg=0.000um^2, l=0.000um^2, total=81.935um^2
      cell capacitance : b=172.890fF, i=0.000fF, icg=0.000fF, dcg=0.000fF, l=0.000fF, total=172.890fF
      sink capacitance : total=3697.131fF, avg=0.736fF, sd=0.034fF, min=0.679fF, max=0.757fF
      wire capacitance : top=0.000fF, trunk=163.161fF, leaf=1392.710fF, total=1555.871fF
      wire lengths     : top=0.000um, trunk=1248.089um, leaf=9840.498um, total=11088.587um
      hp wire lengths  : top=0.000um, trunk=911.600um, leaf=2758.742um, total=3670.342um
    Clock DAG net violations after 'Approximately balancing paths': none
    Clock DAG primary half-corner transition distribution after 'Approximately balancing paths':
      Trunk : target=87.8ps count=9 avg=36.7ps sd=18.6ps min=11.8ps max=75.9ps {8 <= 52.7ps, 0 <= 70.2ps, 1 <= 79.0ps, 0 <= 83.4ps, 0 <= 87.8ps}
      Leaf  : target=87.8ps count=51 avg=74.6ps sd=8.6ps min=50.2ps max=87.7ps {2 <= 52.7ps, 8 <= 70.2ps, 24 <= 79.0ps, 12 <= 83.4ps, 5 <= 87.8ps}
    Clock DAG library cell distribution after 'Approximately balancing paths' {count}:
       Bufs: SC8T_BUFX24_CSC28L: 3 SC8T_BUFX20_CSC28L: 1 SC8T_BUFX16_CSC28L: 17 SC8T_BUFX12_CSC28L: 25 SC8T_BUFX10_CSC28L: 10 SC8T_BUFX8_CSC28L: 1 SC8T_BUFX6_CSC28L: 1 SC8T_BUFX3_CSC28L: 1 
    Primary reporting skew groups after 'Approximately balancing paths':
      skew_group clk/functional: insertion delay [min=219.4, max=257.8, avg=243.3, sd=6.6], skew [38.4 vs 53.8], 100% {219.4, 257.8} (wid=63.4 ws=40.3) (gid=219.3 gs=37.8)
    Skew group summary after 'Approximately balancing paths':
      skew_group clk/functional: insertion delay [min=219.4, max=257.8, avg=243.3, sd=6.6], skew [38.4 vs 53.8], 100% {219.4, 257.8} (wid=63.4 ws=40.3) (gid=219.3 gs=37.8)
    Legalizer API calls during this step: 0 succeeded with high effort: 0 succeeded with medium effort: 0 succeeded with low effort: 0 succeeded with basic effort: 0 succeeded with basic unbounded effort: 0
  Approximately balancing paths done. (took cpu=0:00:00.2 real=0:00:00.2)
      flow.cputime  flow.realtime  timing.setup.tns  timing.setup.wns  snapshot
UM:*                                                                   Approximately balancing paths
  Stage::Balancing done. (took cpu=0:00:08.4 real=0:00:08.3)
      flow.cputime  flow.realtime  timing.setup.tns  timing.setup.wns  snapshot
UM:*                                                                   Stage::Balancing
  Stage::Polishing...
  Clock tree timing engine global stage delay update for WC_dc:setup.late...
  Clock tree timing engine global stage delay update for WC_dc:setup.late done. (took cpu=0:00:00.3 real=0:00:00.1)
  Clock DAG stats before polishing:
    cell counts      : b=59, i=0, icg=0, dcg=0, l=0, total=59
    sink counts      : regular=5026, enable_latch=0, load_capacitance=0, antenna=0, node_sink=0, total=5026
    misc counts      : r=1, pp=0
    cell areas       : b=81.935um^2, i=0.000um^2, icg=0.000um^2, dcg=0.000um^2, l=0.000um^2, total=81.935um^2
    cell capacitance : b=172.890fF, i=0.000fF, icg=0.000fF, dcg=0.000fF, l=0.000fF, total=172.890fF
    sink capacitance : total=3697.131fF, avg=0.736fF, sd=0.034fF, min=0.679fF, max=0.757fF
    wire capacitance : top=0.000fF, trunk=163.161fF, leaf=1392.710fF, total=1555.871fF
    wire lengths     : top=0.000um, trunk=1248.089um, leaf=9840.498um, total=11088.587um
    hp wire lengths  : top=0.000um, trunk=911.600um, leaf=2758.742um, total=3670.342um
  Clock DAG net violations before polishing: none
  Clock DAG primary half-corner transition distribution before polishing:
    Trunk : target=87.8ps count=9 avg=36.7ps sd=18.6ps min=11.8ps max=75.9ps {8 <= 52.7ps, 0 <= 70.2ps, 1 <= 79.0ps, 0 <= 83.4ps, 0 <= 87.8ps}
    Leaf  : target=87.8ps count=51 avg=74.6ps sd=8.6ps min=50.2ps max=87.7ps {2 <= 52.7ps, 8 <= 70.2ps, 24 <= 79.0ps, 12 <= 83.4ps, 5 <= 87.8ps}
  Clock DAG library cell distribution before polishing {count}:
     Bufs: SC8T_BUFX24_CSC28L: 3 SC8T_BUFX20_CSC28L: 1 SC8T_BUFX16_CSC28L: 17 SC8T_BUFX12_CSC28L: 25 SC8T_BUFX10_CSC28L: 10 SC8T_BUFX8_CSC28L: 1 SC8T_BUFX6_CSC28L: 1 SC8T_BUFX3_CSC28L: 1 
  Primary reporting skew groups before polishing:
    skew_group clk/functional: insertion delay [min=222.3, max=256.6], skew [34.3 vs 53.8]
  Skew group summary before polishing:
    skew_group clk/functional: insertion delay [min=222.3, max=256.6], skew [34.3 vs 53.8]
  Merging balancing drivers for power...
    Tried: 61 Succeeded: 0
    Clock DAG stats after 'Merging balancing drivers for power':
      cell counts      : b=59, i=0, icg=0, dcg=0, l=0, total=59
      sink counts      : regular=5026, enable_latch=0, load_capacitance=0, antenna=0, node_sink=0, total=5026
      misc counts      : r=1, pp=0
      cell areas       : b=81.935um^2, i=0.000um^2, icg=0.000um^2, dcg=0.000um^2, l=0.000um^2, total=81.935um^2
      cell capacitance : b=172.890fF, i=0.000fF, icg=0.000fF, dcg=0.000fF, l=0.000fF, total=172.890fF
      sink capacitance : total=3697.131fF, avg=0.736fF, sd=0.034fF, min=0.679fF, max=0.757fF
      wire capacitance : top=0.000fF, trunk=163.161fF, leaf=1392.710fF, total=1555.871fF
      wire lengths     : top=0.000um, trunk=1248.089um, leaf=9840.498um, total=11088.587um
      hp wire lengths  : top=0.000um, trunk=911.600um, leaf=2758.742um, total=3670.342um
    Clock DAG net violations after 'Merging balancing drivers for power': none
    Clock DAG primary half-corner transition distribution after 'Merging balancing drivers for power':
      Trunk : target=87.8ps count=9 avg=36.7ps sd=18.6ps min=11.8ps max=75.9ps {8 <= 52.7ps, 0 <= 70.2ps, 1 <= 79.0ps, 0 <= 83.4ps, 0 <= 87.8ps}
      Leaf  : target=87.8ps count=51 avg=74.6ps sd=8.6ps min=50.2ps max=87.7ps {2 <= 52.7ps, 8 <= 70.2ps, 24 <= 79.0ps, 12 <= 83.4ps, 5 <= 87.8ps}
    Clock DAG library cell distribution after 'Merging balancing drivers for power' {count}:
       Bufs: SC8T_BUFX24_CSC28L: 3 SC8T_BUFX20_CSC28L: 1 SC8T_BUFX16_CSC28L: 17 SC8T_BUFX12_CSC28L: 25 SC8T_BUFX10_CSC28L: 10 SC8T_BUFX8_CSC28L: 1 SC8T_BUFX6_CSC28L: 1 SC8T_BUFX3_CSC28L: 1 
    Primary reporting skew groups after 'Merging balancing drivers for power':
      skew_group clk/functional: insertion delay [min=222.3, max=256.6], skew [34.3 vs 53.8]
    Skew group summary after 'Merging balancing drivers for power':
      skew_group clk/functional: insertion delay [min=222.3, max=256.6], skew [34.3 vs 53.8]
    Legalizer API calls during this step: 0 succeeded with high effort: 0 succeeded with medium effort: 0 succeeded with low effort: 0 succeeded with basic effort: 0 succeeded with basic unbounded effort: 0
  Merging balancing drivers for power done. (took cpu=0:00:00.1 real=0:00:00.1)
      flow.cputime  flow.realtime  timing.setup.tns  timing.setup.wns  snapshot
UM:*                                                                   Merging balancing drivers for power
  Improving clock skew...
    Clock DAG stats after 'Improving clock skew':
      cell counts      : b=59, i=0, icg=0, dcg=0, l=0, total=59
      sink counts      : regular=5026, enable_latch=0, load_capacitance=0, antenna=0, node_sink=0, total=5026
      misc counts      : r=1, pp=0
      cell areas       : b=81.935um^2, i=0.000um^2, icg=0.000um^2, dcg=0.000um^2, l=0.000um^2, total=81.935um^2
      cell capacitance : b=172.890fF, i=0.000fF, icg=0.000fF, dcg=0.000fF, l=0.000fF, total=172.890fF
      sink capacitance : total=3697.131fF, avg=0.736fF, sd=0.034fF, min=0.679fF, max=0.757fF
      wire capacitance : top=0.000fF, trunk=163.161fF, leaf=1392.710fF, total=1555.871fF
      wire lengths     : top=0.000um, trunk=1248.089um, leaf=9840.498um, total=11088.587um
      hp wire lengths  : top=0.000um, trunk=911.600um, leaf=2758.742um, total=3670.342um
    Clock DAG net violations after 'Improving clock skew': none
    Clock DAG primary half-corner transition distribution after 'Improving clock skew':
      Trunk : target=87.8ps count=9 avg=36.7ps sd=18.6ps min=11.8ps max=75.9ps {8 <= 52.7ps, 0 <= 70.2ps, 1 <= 79.0ps, 0 <= 83.4ps, 0 <= 87.8ps}
      Leaf  : target=87.8ps count=51 avg=74.6ps sd=8.6ps min=50.2ps max=87.7ps {2 <= 52.7ps, 8 <= 70.2ps, 24 <= 79.0ps, 12 <= 83.4ps, 5 <= 87.8ps}
    Clock DAG library cell distribution after 'Improving clock skew' {count}:
       Bufs: SC8T_BUFX24_CSC28L: 3 SC8T_BUFX20_CSC28L: 1 SC8T_BUFX16_CSC28L: 17 SC8T_BUFX12_CSC28L: 25 SC8T_BUFX10_CSC28L: 10 SC8T_BUFX8_CSC28L: 1 SC8T_BUFX6_CSC28L: 1 SC8T_BUFX3_CSC28L: 1 
    Primary reporting skew groups after 'Improving clock skew':
      skew_group clk/functional: insertion delay [min=222.3, max=256.6, avg=244.6, sd=6.2], skew [34.3 vs 53.8], 100% {222.3, 256.6} (wid=63.3 ws=40.2) (gid=221.1 gs=36.5)
    Skew group summary after 'Improving clock skew':
      skew_group clk/functional: insertion delay [min=222.3, max=256.6, avg=244.6, sd=6.2], skew [34.3 vs 53.8], 100% {222.3, 256.6} (wid=63.3 ws=40.2) (gid=221.1 gs=36.5)
    Legalizer API calls during this step: 0 succeeded with high effort: 0 succeeded with medium effort: 0 succeeded with low effort: 0 succeeded with basic effort: 0 succeeded with basic unbounded effort: 0
  Improving clock skew done. (took cpu=0:00:00.2 real=0:00:00.2)
      flow.cputime  flow.realtime  timing.setup.tns  timing.setup.wns  snapshot
UM:*                                                                   Improving clock skew
  Moving gates to reduce wire capacitance...
    Modified slew target multipliers. Leaf=(1 to 0.9) Trunk=(1 to 0.95) Top=(1 to 0.95)
    Iteration 1...
      Artificially removing short and long paths...
        Legalizer API calls during this step: 0 succeeded with high effort: 0 succeeded with medium effort: 0 succeeded with low effort: 0 succeeded with basic effort: 0 succeeded with basic unbounded effort: 0
      Artificially removing short and long paths done. (took cpu=0:00:00.1 real=0:00:00.1)
      Moving gates to reduce wire capacitance - iteration 1: WireCapReduction...
        Legalizing clock trees...
        Legalizing clock trees done. (took cpu=0:00:00.1 real=0:00:00.1)
      flow.cputime  flow.realtime  timing.setup.tns  timing.setup.wns  snapshot
UM:*                                                                   Legalizing clock trees
        Legalizer API calls during this step: 393 succeeded with high effort: 393 succeeded with medium effort: 0 succeeded with low effort: 0 succeeded with basic effort: 0 succeeded with basic unbounded effort: 0
      Moving gates to reduce wire capacitance - iteration 1: WireCapReduction done. (took cpu=0:00:03.3 real=0:00:01.9)
      Moving gates to reduce wire capacitance - iteration 1: MoveGates...
        Moving gates:         ...20% ...40% ...60% ...80% .Legalizing clock trees...
        Legalizing clock trees done. (took cpu=0:00:00.0 real=0:00:00.0)
      flow.cputime  flow.realtime  timing.setup.tns  timing.setup.wns  snapshot
UM:*                                                                   Legalizing clock trees
        ..100% 
        Legalizer API calls during this step: 826 succeeded with high effort: 826 succeeded with medium effort: 0 succeeded with low effort: 0 succeeded with basic effort: 0 succeeded with basic unbounded effort: 0
      Moving gates to reduce wire capacitance - iteration 1: MoveGates done. (took cpu=0:00:08.4 real=0:00:02.8)
    Iteration 1 done.
    Iteration 2...
      Artificially removing short and long paths...
        Legalizer API calls during this step: 0 succeeded with high effort: 0 succeeded with medium effort: 0 succeeded with low effort: 0 succeeded with basic effort: 0 succeeded with basic unbounded effort: 0
      Artificially removing short and long paths done. (took cpu=0:00:00.1 real=0:00:00.1)
      Moving gates to reduce wire capacitance - iteration 2: WireCapReduction...
        Legalizing clock trees...
        Legalizing clock trees done. (took cpu=0:00:00.0 real=0:00:00.0)
      flow.cputime  flow.realtime  timing.setup.tns  timing.setup.wns  snapshot
UM:*                                                                   Legalizing clock trees
        Legalizer API calls during this step: 313 succeeded with high effort: 313 succeeded with medium effort: 0 succeeded with low effort: 0 succeeded with basic effort: 0 succeeded with basic unbounded effort: 0
      Moving gates to reduce wire capacitance - iteration 2: WireCapReduction done. (took cpu=0:00:02.3 real=0:00:01.2)
      Moving gates to reduce wire capacitance - iteration 2: MoveGates...
        Moving gates:         ...20% ...40% ...60% ...80% Legalizing clock trees...
        Legalizing clock trees done. (took cpu=0:00:00.0 real=0:00:00.0)
      flow.cputime  flow.realtime  timing.setup.tns  timing.setup.wns  snapshot
UM:*                                                                   Legalizing clock trees
        ...100% 
        Legalizer API calls during this step: 826 succeeded with high effort: 826 succeeded with medium effort: 0 succeeded with low effort: 0 succeeded with basic effort: 0 succeeded with basic unbounded effort: 0
      Moving gates to reduce wire capacitance - iteration 2: MoveGates done. (took cpu=0:00:05.4 real=0:00:01.9)
    Iteration 2 done.
    Reverted slew target multipliers. Leaf=(0.9 to 1) Trunk=(0.95 to 1) Top=(0.95 to 1)
    Clock DAG stats after 'Moving gates to reduce wire capacitance':
      cell counts      : b=59, i=0, icg=0, dcg=0, l=0, total=59
      sink counts      : regular=5026, enable_latch=0, load_capacitance=0, antenna=0, node_sink=0, total=5026
      misc counts      : r=1, pp=0
      cell areas       : b=81.935um^2, i=0.000um^2, icg=0.000um^2, dcg=0.000um^2, l=0.000um^2, total=81.935um^2
      cell capacitance : b=172.890fF, i=0.000fF, icg=0.000fF, dcg=0.000fF, l=0.000fF, total=172.890fF
      sink capacitance : total=3697.131fF, avg=0.736fF, sd=0.034fF, min=0.679fF, max=0.757fF
      wire capacitance : top=0.000fF, trunk=154.034fF, leaf=1374.016fF, total=1528.050fF
      wire lengths     : top=0.000um, trunk=1181.012um, leaf=9707.200um, total=10888.212um
      hp wire lengths  : top=0.000um, trunk=898.896um, leaf=2743.890um, total=3642.786um
    Clock DAG net violations after 'Moving gates to reduce wire capacitance': none
    Clock DAG primary half-corner transition distribution after 'Moving gates to reduce wire capacitance':
      Trunk : target=87.8ps count=9 avg=37.2ps sd=18.3ps min=12.7ps max=74.4ps {8 <= 52.7ps, 0 <= 70.2ps, 1 <= 79.0ps, 0 <= 83.4ps, 0 <= 87.8ps}
      Leaf  : target=87.8ps count=51 avg=73.5ps sd=9.4ps min=49.1ps max=85.5ps {2 <= 52.7ps, 14 <= 70.2ps, 15 <= 79.0ps, 15 <= 83.4ps, 5 <= 87.8ps}
    Clock DAG library cell distribution after 'Moving gates to reduce wire capacitance' {count}:
       Bufs: SC8T_BUFX24_CSC28L: 3 SC8T_BUFX20_CSC28L: 1 SC8T_BUFX16_CSC28L: 17 SC8T_BUFX12_CSC28L: 25 SC8T_BUFX10_CSC28L: 10 SC8T_BUFX8_CSC28L: 1 SC8T_BUFX6_CSC28L: 1 SC8T_BUFX3_CSC28L: 1 
    Primary reporting skew groups after 'Moving gates to reduce wire capacitance':
      skew_group clk/functional: insertion delay [min=206.2, max=256.5, avg=242.1, sd=7.8], skew [50.3 vs 53.8], 100% {206.2, 256.5} (wid=67.4 ws=51.5) (gid=213.5 gs=30.2)
    Skew group summary after 'Moving gates to reduce wire capacitance':
      skew_group clk/functional: insertion delay [min=206.2, max=256.5, avg=242.1, sd=7.8], skew [50.3 vs 53.8], 100% {206.2, 256.5} (wid=67.4 ws=51.5) (gid=213.5 gs=30.2)
    Legalizer API calls during this step: 2358 succeeded with high effort: 2358 succeeded with medium effort: 0 succeeded with low effort: 0 succeeded with basic effort: 0 succeeded with basic unbounded effort: 0
  Moving gates to reduce wire capacitance done. (took cpu=0:00:19.9 real=0:00:08.4)
      flow.cputime  flow.realtime  timing.setup.tns  timing.setup.wns  snapshot
UM:*                                                                   Moving gates to reduce wire capacitance
  Reducing clock tree power 3...
    Artificially removing short and long paths...
      Legalizer API calls during this step: 0 succeeded with high effort: 0 succeeded with medium effort: 0 succeeded with low effort: 0 succeeded with basic effort: 0 succeeded with basic unbounded effort: 0
    Artificially removing short and long paths done. (took cpu=0:00:00.1 real=0:00:00.1)
    Initial gate capacitance is (rise=2675.167fF fall=3870.021fF).
    Resizing gates:     ...20% ...40% ...60% ...80% ...Legalizing clock trees...
    Legalizing clock trees done. (took cpu=0:00:00.0 real=0:00:00.0)
      flow.cputime  flow.realtime  timing.setup.tns  timing.setup.wns  snapshot
UM:*                                                                   Legalizing clock trees
    100% 
    Stopping in iteration 1: unable to make further power recovery in this step.
    Iteration 1: gate capacitance is (rise=2662.623fF fall=3857.300fF).
    Clock DAG stats after 'Reducing clock tree power 3':
      cell counts      : b=59, i=0, icg=0, dcg=0, l=0, total=59
      sink counts      : regular=5026, enable_latch=0, load_capacitance=0, antenna=0, node_sink=0, total=5026
      misc counts      : r=1, pp=0
      cell areas       : b=75.945um^2, i=0.000um^2, icg=0.000um^2, dcg=0.000um^2, l=0.000um^2, total=75.945um^2
      cell capacitance : b=160.169fF, i=0.000fF, icg=0.000fF, dcg=0.000fF, l=0.000fF, total=160.169fF
      sink capacitance : total=3697.131fF, avg=0.736fF, sd=0.034fF, min=0.679fF, max=0.757fF
      wire capacitance : top=0.000fF, trunk=154.555fF, leaf=1374.568fF, total=1529.123fF
      wire lengths     : top=0.000um, trunk=1185.137um, leaf=9711.802um, total=10896.939um
      hp wire lengths  : top=0.000um, trunk=898.896um, leaf=2743.890um, total=3642.786um
    Clock DAG net violations after 'Reducing clock tree power 3': none
    Clock DAG primary half-corner transition distribution after 'Reducing clock tree power 3':
      Trunk : target=87.8ps count=9 avg=36.7ps sd=16.6ps min=12.7ps max=68.3ps {8 <= 52.7ps, 1 <= 70.2ps, 0 <= 79.0ps, 0 <= 83.4ps, 0 <= 87.8ps}
      Leaf  : target=87.8ps count=51 avg=78.0ps sd=6.3ps min=61.4ps max=87.7ps {0 <= 52.7ps, 6 <= 70.2ps, 16 <= 79.0ps, 20 <= 83.4ps, 9 <= 87.8ps}
    Clock DAG library cell distribution after 'Reducing clock tree power 3' {count}:
       Bufs: SC8T_BUFX24_CSC28L: 2 SC8T_BUFX20_CSC28L: 1 SC8T_BUFX16_CSC28L: 9 SC8T_BUFX12_CSC28L: 26 SC8T_BUFX10_CSC28L: 18 SC8T_BUFX8_CSC28L: 1 SC8T_BUFX6_CSC28L: 1 SC8T_BUFX3_CSC28L: 1 
    Primary reporting skew groups after 'Reducing clock tree power 3':
      skew_group clk/functional: insertion delay [min=211.6, max=258.6, avg=244.7, sd=7.9], skew [47.0 vs 53.8], 100% {211.6, 258.6} (wid=61.9 ws=45.8) (gid=220.8 gs=33.8)
    Skew group summary after 'Reducing clock tree power 3':
      skew_group clk/functional: insertion delay [min=211.6, max=258.6, avg=244.7, sd=7.9], skew [47.0 vs 53.8], 100% {211.6, 258.6} (wid=61.9 ws=45.8) (gid=220.8 gs=33.8)
    Legalizer API calls during this step: 160 succeeded with high effort: 160 succeeded with medium effort: 0 succeeded with low effort: 0 succeeded with basic effort: 0 succeeded with basic unbounded effort: 0
  Reducing clock tree power 3 done. (took cpu=0:00:03.8 real=0:00:01.7)
      flow.cputime  flow.realtime  timing.setup.tns  timing.setup.wns  snapshot
UM:*                                                                   Reducing clock tree power 3
  Improving insertion delay...
    Clock DAG stats after 'Improving insertion delay':
      cell counts      : b=59, i=0, icg=0, dcg=0, l=0, total=59
      sink counts      : regular=5026, enable_latch=0, load_capacitance=0, antenna=0, node_sink=0, total=5026
      misc counts      : r=1, pp=0
      cell areas       : b=75.945um^2, i=0.000um^2, icg=0.000um^2, dcg=0.000um^2, l=0.000um^2, total=75.945um^2
      cell capacitance : b=160.169fF, i=0.000fF, icg=0.000fF, dcg=0.000fF, l=0.000fF, total=160.169fF
      sink capacitance : total=3697.131fF, avg=0.736fF, sd=0.034fF, min=0.679fF, max=0.757fF
      wire capacitance : top=0.000fF, trunk=154.591fF, leaf=1374.568fF, total=1529.159fF
      wire lengths     : top=0.000um, trunk=1185.137um, leaf=9711.802um, total=10896.939um
      hp wire lengths  : top=0.000um, trunk=902.736um, leaf=2743.890um, total=3646.626um
    Clock DAG net violations after 'Improving insertion delay': none
    Clock DAG primary half-corner transition distribution after 'Improving insertion delay':
      Trunk : target=87.8ps count=9 avg=36.5ps sd=17.2ps min=9.6ps max=68.3ps {8 <= 52.7ps, 1 <= 70.2ps, 0 <= 79.0ps, 0 <= 83.4ps, 0 <= 87.8ps}
      Leaf  : target=87.8ps count=51 avg=78.0ps sd=6.3ps min=61.4ps max=87.7ps {0 <= 52.7ps, 6 <= 70.2ps, 16 <= 79.0ps, 20 <= 83.4ps, 9 <= 87.8ps}
    Clock DAG library cell distribution after 'Improving insertion delay' {count}:
       Bufs: SC8T_BUFX24_CSC28L: 2 SC8T_BUFX20_CSC28L: 1 SC8T_BUFX16_CSC28L: 9 SC8T_BUFX12_CSC28L: 26 SC8T_BUFX10_CSC28L: 18 SC8T_BUFX8_CSC28L: 1 SC8T_BUFX6_CSC28L: 1 SC8T_BUFX3_CSC28L: 1 
    Primary reporting skew groups after 'Improving insertion delay':
      skew_group clk/functional: insertion delay [min=211.2, max=258.2, avg=244.3, sd=7.9], skew [47.0 vs 53.8], 100% {211.2, 258.2} (wid=62.4 ws=45.8) (gid=219.9 gs=33.8)
    Skew group summary after 'Improving insertion delay':
      skew_group clk/functional: insertion delay [min=211.2, max=258.2, avg=244.3, sd=7.9], skew [47.0 vs 53.8], 100% {211.2, 258.2} (wid=62.4 ws=45.8) (gid=219.9 gs=33.8)
    Legalizer API calls during this step: 8 succeeded with high effort: 8 succeeded with medium effort: 0 succeeded with low effort: 0 succeeded with basic effort: 0 succeeded with basic unbounded effort: 0
  Improving insertion delay done. (took cpu=0:00:00.2 real=0:00:00.2)
      flow.cputime  flow.realtime  timing.setup.tns  timing.setup.wns  snapshot
UM:*                                                                   Improving insertion delay
  Wire Opt OverFix...
    Wire Reduction extra effort...
      Modified slew target multipliers. Leaf=(1 to 0.95) Trunk=(1 to 1) Top=(1 to 1)
      Artificially removing short and long paths...
        Legalizer API calls during this step: 0 succeeded with high effort: 0 succeeded with medium effort: 0 succeeded with low effort: 0 succeeded with basic effort: 0 succeeded with basic unbounded effort: 0
      Artificially removing short and long paths done. (took cpu=0:00:00.1 real=0:00:00.1)
      Global shorten wires A0...
        Legalizer API calls during this step: 32 succeeded with high effort: 32 succeeded with medium effort: 0 succeeded with low effort: 0 succeeded with basic effort: 0 succeeded with basic unbounded effort: 0
      Global shorten wires A0 done. (took cpu=0:00:00.0 real=0:00:00.0)
      Move For Wirelength - core...
        Move for wirelength. considered=60, filtered=60, permitted=59, cannotCompute=2, computed=57, moveTooSmall=39, resolved=0, predictFail=15, currentlyIllegal=0, legalizationFail=0, legalizedMoveTooSmall=13, ignoredLeafDriver=0, worse=208, accepted=14
        Max accepted move=12.536um, total accepted move=80.408um, average move=5.743um
        Move for wirelength. considered=60, filtered=60, permitted=59, cannotCompute=3, computed=56, moveTooSmall=44, resolved=0, predictFail=12, currentlyIllegal=0, legalizationFail=0, legalizedMoveTooSmall=15, ignoredLeafDriver=0, worse=207, accepted=10
        Max accepted move=32.304um, total accepted move=75.408um, average move=7.540um
        Move for wirelength. considered=60, filtered=60, permitted=59, cannotCompute=3, computed=56, moveTooSmall=47, resolved=0, predictFail=13, currentlyIllegal=0, legalizationFail=0, legalizedMoveTooSmall=15, ignoredLeafDriver=0, worse=208, accepted=6
        Max accepted move=20.432um, total accepted move=41.824um, average move=6.970um
        Legalizer API calls during this step: 736 succeeded with high effort: 736 succeeded with medium effort: 0 succeeded with low effort: 0 succeeded with basic effort: 0 succeeded with basic unbounded effort: 0
      Move For Wirelength - core done. (took cpu=0:00:05.1 real=0:00:05.1)
      Global shorten wires A1...
        Legalizer API calls during this step: 34 succeeded with high effort: 34 succeeded with medium effort: 0 succeeded with low effort: 0 succeeded with basic effort: 0 succeeded with basic unbounded effort: 0
      Global shorten wires A1 done. (took cpu=0:00:00.0 real=0:00:00.0)
      Move For Wirelength - core...
        Move for wirelength. considered=60, filtered=60, permitted=59, cannotCompute=54, computed=5, moveTooSmall=97, resolved=0, predictFail=0, currentlyIllegal=0, legalizationFail=0, legalizedMoveTooSmall=3, ignoredLeafDriver=0, worse=2, accepted=1
        Max accepted move=0.728um, total accepted move=0.728um, average move=0.728um
        Move for wirelength. considered=60, filtered=60, permitted=59, cannotCompute=55, computed=4, moveTooSmall=97, resolved=0, predictFail=0, currentlyIllegal=0, legalizationFail=0, legalizedMoveTooSmall=3, ignoredLeafDriver=0, worse=2, accepted=0
        Max accepted move=0.000um, total accepted move=0.000um
        Legalizer API calls during this step: 11 succeeded with high effort: 11 succeeded with medium effort: 0 succeeded with low effort: 0 succeeded with basic effort: 0 succeeded with basic unbounded effort: 0
      Move For Wirelength - core done. (took cpu=0:00:00.2 real=0:00:00.2)
      Global shorten wires B...
        Legalizer API calls during this step: 248 succeeded with high effort: 248 succeeded with medium effort: 0 succeeded with low effort: 0 succeeded with basic effort: 0 succeeded with basic unbounded effort: 0
      Global shorten wires B done. (took cpu=0:00:00.8 real=0:00:00.8)
      Move For Wirelength - branch...
        Move for wirelength. considered=60, filtered=60, permitted=59, cannotCompute=0, computed=59, moveTooSmall=0, resolved=0, predictFail=0, currentlyIllegal=0, legalizationFail=0, legalizedMoveTooSmall=0, ignoredLeafDriver=0, worse=54, accepted=6
        Max accepted move=0.312um, total accepted move=1.040um, average move=0.173um
        Move for wirelength. considered=60, filtered=60, permitted=59, cannotCompute=53, computed=6, moveTooSmall=0, resolved=0, predictFail=82, currentlyIllegal=0, legalizationFail=0, legalizedMoveTooSmall=0, ignoredLeafDriver=0, worse=6, accepted=0
        Max accepted move=0.000um, total accepted move=0.000um
        Legalizer API calls during this step: 66 succeeded with high effort: 66 succeeded with medium effort: 0 succeeded with low effort: 0 succeeded with basic effort: 0 succeeded with basic unbounded effort: 0
      Move For Wirelength - branch done. (took cpu=0:00:00.3 real=0:00:00.3)
      Reverted slew target multipliers. Leaf=(0.95 to 1) Trunk=(1 to 1) Top=(1 to 1)
      Clock DAG stats after 'Wire Reduction extra effort':
        cell counts      : b=59, i=0, icg=0, dcg=0, l=0, total=59
        sink counts      : regular=5026, enable_latch=0, load_capacitance=0, antenna=0, node_sink=0, total=5026
        misc counts      : r=1, pp=0
        cell areas       : b=75.945um^2, i=0.000um^2, icg=0.000um^2, dcg=0.000um^2, l=0.000um^2, total=75.945um^2
        cell capacitance : b=160.169fF, i=0.000fF, icg=0.000fF, dcg=0.000fF, l=0.000fF, total=160.169fF
        sink capacitance : total=3697.131fF, avg=0.736fF, sd=0.034fF, min=0.679fF, max=0.757fF
        wire capacitance : top=0.000fF, trunk=144.213fF, leaf=1375.847fF, total=1520.060fF
        wire lengths     : top=0.000um, trunk=1109.627um, leaf=9719.442um, total=10829.069um
        hp wire lengths  : top=0.000um, trunk=882.200um, leaf=2771.384um, total=3653.584um
      Clock DAG net violations after 'Wire Reduction extra effort': none
      Clock DAG primary half-corner transition distribution after 'Wire Reduction extra effort':
        Trunk : target=87.8ps count=9 avg=35.9ps sd=16.0ps min=9.6ps max=62.2ps {8 <= 52.7ps, 1 <= 70.2ps, 0 <= 79.0ps, 0 <= 83.4ps, 0 <= 87.8ps}
        Leaf  : target=87.8ps count=51 avg=77.5ps sd=6.3ps min=61.3ps max=87.7ps {0 <= 52.7ps, 7 <= 70.2ps, 17 <= 79.0ps, 20 <= 83.4ps, 7 <= 87.8ps}
      Clock DAG library cell distribution after 'Wire Reduction extra effort' {count}:
         Bufs: SC8T_BUFX24_CSC28L: 2 SC8T_BUFX20_CSC28L: 1 SC8T_BUFX16_CSC28L: 9 SC8T_BUFX12_CSC28L: 26 SC8T_BUFX10_CSC28L: 18 SC8T_BUFX8_CSC28L: 1 SC8T_BUFX6_CSC28L: 1 SC8T_BUFX3_CSC28L: 1 
      Primary reporting skew groups after 'Wire Reduction extra effort':
        skew_group clk/functional: insertion delay [min=204.8, max=257.0, avg=242.4, sd=8.3], skew [52.2 vs 53.8], 100% {204.8, 257.0} (wid=60.2 ws=42.9) (gid=220.1 gs=38.9)
      Skew group summary after 'Wire Reduction extra effort':
        skew_group clk/functional: insertion delay [min=204.8, max=257.0, avg=242.4, sd=8.3], skew [52.2 vs 53.8], 100% {204.8, 257.0} (wid=60.2 ws=42.9) (gid=220.1 gs=38.9)
      Legalizer API calls during this step: 1127 succeeded with high effort: 1127 succeeded with medium effort: 0 succeeded with low effort: 0 succeeded with basic effort: 0 succeeded with basic unbounded effort: 0
    Wire Reduction extra effort done. (took cpu=0:00:06.7 real=0:00:06.7)
      flow.cputime  flow.realtime  timing.setup.tns  timing.setup.wns  snapshot
UM:*                                                                   Wire Reduction extra effort
    Optimizing orientation...
    FlipOpt...
    Disconnecting clock tree from netlist...
    Disconnecting clock tree from netlist done.
    Performing Single Threaded FlipOpt
    Optimizing orientation on clock cells...
      Orientation Wirelength Optimization: Attempted = 61 , Succeeded = 8 , Constraints Broken = 49 , CannotMove = 2 , Illegal = 2 , Other = 0
    Optimizing orientation on clock cells done.
    Resynthesising clock tree into netlist...
      Reset timing graph...
Ignoring AAE DB Resetting ...
      Reset timing graph done.
    Resynthesising clock tree into netlist done.
    FlipOpt done. (took cpu=0:00:00.4 real=0:00:00.4)
      flow.cputime  flow.realtime  timing.setup.tns  timing.setup.wns  snapshot
UM:*                                                                   FlipOpt
    Optimizing orientation done. (took cpu=0:00:00.6 real=0:00:00.6)
      flow.cputime  flow.realtime  timing.setup.tns  timing.setup.wns  snapshot
UM:*                                                                   Optimizing orientation
    Clock DAG stats after 'Wire Opt OverFix':
      cell counts      : b=59, i=0, icg=0, dcg=0, l=0, total=59
      sink counts      : regular=5026, enable_latch=0, load_capacitance=0, antenna=0, node_sink=0, total=5026
      misc counts      : r=1, pp=0
      cell areas       : b=75.945um^2, i=0.000um^2, icg=0.000um^2, dcg=0.000um^2, l=0.000um^2, total=75.945um^2
      cell capacitance : b=160.169fF, i=0.000fF, icg=0.000fF, dcg=0.000fF, l=0.000fF, total=160.169fF
      sink capacitance : total=3697.131fF, avg=0.736fF, sd=0.034fF, min=0.679fF, max=0.757fF
      wire capacitance : top=0.000fF, trunk=144.539fF, leaf=1375.478fF, total=1520.017fF
      wire lengths     : top=0.000um, trunk=1105.363um, leaf=9716.423um, total=10821.786um
      hp wire lengths  : top=0.000um, trunk=882.200um, leaf=2771.384um, total=3653.584um
    Clock DAG net violations after 'Wire Opt OverFix': none
    Clock DAG primary half-corner transition distribution after 'Wire Opt OverFix':
      Trunk : target=87.8ps count=9 avg=35.8ps sd=15.9ps min=9.6ps max=62.2ps {8 <= 52.7ps, 1 <= 70.2ps, 0 <= 79.0ps, 0 <= 83.4ps, 0 <= 87.8ps}
      Leaf  : target=87.8ps count=51 avg=77.5ps sd=6.4ps min=61.3ps max=87.7ps {0 <= 52.7ps, 7 <= 70.2ps, 17 <= 79.0ps, 20 <= 83.4ps, 7 <= 87.8ps}
    Clock DAG library cell distribution after 'Wire Opt OverFix' {count}:
       Bufs: SC8T_BUFX24_CSC28L: 2 SC8T_BUFX20_CSC28L: 1 SC8T_BUFX16_CSC28L: 9 SC8T_BUFX12_CSC28L: 26 SC8T_BUFX10_CSC28L: 18 SC8T_BUFX8_CSC28L: 1 SC8T_BUFX6_CSC28L: 1 SC8T_BUFX3_CSC28L: 1 
    Primary reporting skew groups after 'Wire Opt OverFix':
      skew_group clk/functional: insertion delay [min=204.9, max=257.1, avg=242.4, sd=8.4], skew [52.2 vs 53.8], 100% {204.9, 257.1} (wid=59.6 ws=42.8) (gid=220.6 gs=38.8)
    Skew group summary after 'Wire Opt OverFix':
      skew_group clk/functional: insertion delay [min=204.9, max=257.1, avg=242.4, sd=8.4], skew [52.2 vs 53.8], 100% {204.9, 257.1} (wid=59.6 ws=42.8) (gid=220.6 gs=38.8)
    Legalizer API calls during this step: 1127 succeeded with high effort: 1127 succeeded with medium effort: 0 succeeded with low effort: 0 succeeded with basic effort: 0 succeeded with basic unbounded effort: 0
  Wire Opt OverFix done. (took cpu=0:00:08.4 real=0:00:08.2)
      flow.cputime  flow.realtime  timing.setup.tns  timing.setup.wns  snapshot
UM:*                                                                   Wire Opt OverFix
  Total capacitance is (rise=4182.640fF fall=5377.317fF), of which (rise=1520.017fF fall=1520.017fF) is wire, and (rise=2662.623fF fall=3857.300fF) is gate.
  Stage::Polishing done. (took cpu=0:00:34.5 real=0:00:20.3)
      flow.cputime  flow.realtime  timing.setup.tns  timing.setup.wns  snapshot
UM:*                                                                   Stage::Polishing
  Stage::Updating netlist...
  Reset timing graph...
Ignoring AAE DB Resetting ...
  Reset timing graph done.
  Setting non-default rules before calling refine place.
  Leaving CCOpt scope - Cleaning up placement interface...
  Leaving CCOpt scope - Cleaning up placement interface done. (took cpu=0:00:00.2 real=0:00:00.1)
  Leaving CCOpt scope - ClockRefiner...
  Soft fixed 59 clock instances.
  Performing Clock Only Refine Place.

**Info: (IMPSP-2062): Some of the PG shapes may not be colorized properly in this design, users are required to run command colorizePowerMesh before any placement related commands!
*** Starting place_detail (0:29:06 mem=47380.3M) ***
Total net bbox length = 4.566e+05 (1.998e+05 2.568e+05) (ext = 1.492e+05)

**Info: (IMPSP-2062): Some of the PG shapes may not be colorized properly in this design, users are required to run command colorizePowerMesh before any placement related commands!
**WARN: (IMPSP-2041):	Found 59 fixed insts that could not be colored.
Type 'man IMPSP-2041' for more detail.
Move report: Detail placement moves 0 insts, mean move: 0.00 um, max move: 0.00 um 
	Runtime: CPU: 0:00:00.0 REAL: 0:00:00.0 MEM: 47380.3MB
Summary Report:
Instances move: 0 (out of 36319 movable)
Instances flipped: 0
Mean displacement: 0.00 um
Max displacement: 0.00 um 
Total net bbox length = 4.566e+05 (1.998e+05 2.568e+05) (ext = 1.492e+05)
Runtime: CPU: 0:00:00.1 REAL: 0:00:00.0 MEM: 47380.3MB
*** Finished place_detail (0:29:06 mem=47380.3M) ***
  ClockRefiner summary
  All clock instances: Moved 0, flipped 0 and cell swapped 0 (out of a total of 5085).
  Restoring place_status_cts on 59 clock instances.
  Leaving CCOpt scope - ClockRefiner done. (took cpu=0:00:00.5 real=0:00:00.4)
  Stage::Updating netlist done. (took cpu=0:00:00.8 real=0:00:00.6)
      flow.cputime  flow.realtime  timing.setup.tns  timing.setup.wns  snapshot
UM:*                                                                   Stage::Updating netlist
  CCOpt::Phase::Implementation done. (took cpu=0:01:06 real=0:00:40.8)
      flow.cputime  flow.realtime  timing.setup.tns  timing.setup.wns  snapshot
UM:*                                                                   CCOpt::Phase::Implementation
  CCOpt::Phase::eGRPC...
  eGR Post Conditioning loop iteration 0...
    Clock implementation routing...
      Leaving CCOpt scope - Routing Tools...
Net route status summary:
  Clock:        60 (unrouted=60, trialRouted=0, noStatus=0, routed=0, fixed=0, [crossesIlmBoundary=0, tooFewTerms=0, (crossesIlmBoundary AND tooFewTerms=0)])
  Non-clock: 58431 (unrouted=19933, trialRouted=38498, noStatus=0, routed=0, fixed=0, [crossesIlmBoundary=0, tooFewTerms=19933, (crossesIlmBoundary AND tooFewTerms=0)])
      Routing using eGR only...
        Early Global Route - eGR only step...
(ccopt eGR): There are 60 nets to be routed. 0 nets have skip routing designation.
(ccopt eGR): There are 60 nets for routing of which 60 have one or more fixed wires.
(ccopt eGR): Start to route 60 all nets
[NR-eGR] Track table information for default rule: 
[NR-eGR] M1 has single uniform track structure
[NR-eGR] M2 has single uniform track structure
[NR-eGR] C1 has single uniform track structure
[NR-eGR] C2 has single uniform track structure
[NR-eGR] C3 has single uniform track structure
[NR-eGR] C4 has single uniform track structure
[NR-eGR] BA has single uniform track structure
[NR-eGR] BB has single uniform track structure
[NR-eGR] JA has single uniform track structure
[NR-eGR] JB has single uniform track structure
[NR-eGR] LB has single uniform track structure
[NR-eGR] Read 21 PG shapes
[NR-eGR] Read 0 clock shapes
[NR-eGR] Read 0 other shapes
[NR-eGR] #Routing Blockages  : 31
[NR-eGR] #Instance Blockages : 100474
[NR-eGR] #PG Blockages       : 21
[NR-eGR] #Halo Blockages     : 0
[NR-eGR] #Boundary Blockages : 0
[NR-eGR] #Clock Blockages    : 0
[NR-eGR] #Other Blockages    : 0
[NR-eGR] Num Prerouted Nets = 0  Num Prerouted Wires = 0
[NR-eGR] Read 38558 nets ( ignored 38498 )
[NR-eGR] Connected 0 must-join pins/ports
[NR-eGR] There are 60 clock nets ( 60 with NDR ).
[NR-eGR] ============ Routing rule table ============
[NR-eGR] Rule id: 0  Nets: 60
[NR-eGR] ========================================
[NR-eGR] 
[NR-eGR] Layer group 1: route 60 net(s) in layer range [3, 4]
[NR-eGR] Early Global Route overflow of layer group 1: 0.00% H + 0.00% V. EstWL: 1.061824e+04um
[NR-eGR] Create a new net group with 22 nets and layer range [3, 6]
[NR-eGR] Layer group 2: route 22 net(s) in layer range [3, 6]
[NR-eGR] Early Global Route overflow of layer group 2: 0.00% H + 0.00% V. EstWL: 1.467328e+04um
[NR-eGR] Create a new net group with 22 nets and layer range [3, 8]
[NR-eGR] Layer group 3: route 22 net(s) in layer range [3, 8]
[NR-eGR] Early Global Route overflow of layer group 3: 0.00% H + 0.00% V. EstWL: 1.874752e+04um
[NR-eGR] Create a new net group with 22 nets and layer range [3, 10]
[NR-eGR] Layer group 4: route 22 net(s) in layer range [3, 10]
[NR-eGR] Early Global Route overflow of layer group 4: 0.00% H + 0.00% V. EstWL: 2.282304e+04um
[NR-eGR] Create a new net group with 22 nets and layer range [3, 11]
[NR-eGR] Layer group 5: route 22 net(s) in layer range [3, 11]
[NR-eGR] Early Global Route overflow of layer group 5: 0.00% H + 0.00% V. EstWL: 2.689856e+04um
[NR-eGR] Congestion Analysis By layer: (blocked Gcells are excluded) 
[NR-eGR]                        OverCon            
[NR-eGR]                         #Gcell     %Gcell
[NR-eGR]        Layer               (1)    OverCon
[NR-eGR] ----------------------------------------------
[NR-eGR]      M1 ( 1)         0( 0.00%)   ( 0.00%) 
[NR-eGR]      M2 ( 2)        81( 0.08%)   ( 0.08%) 
[NR-eGR]      C1 ( 3)         0( 0.00%)   ( 0.00%) 
[NR-eGR]      C2 ( 4)         0( 0.00%)   ( 0.00%) 
[NR-eGR]      C3 ( 5)         0( 0.00%)   ( 0.00%) 
[NR-eGR]      C4 ( 6)         0( 0.00%)   ( 0.00%) 
[NR-eGR]      BA ( 7)         0( 0.00%)   ( 0.00%) 
[NR-eGR]      BB ( 8)         0( 0.00%)   ( 0.00%) 
[NR-eGR]      JA ( 9)         0( 0.00%)   ( 0.00%) 
[NR-eGR]      JB (10)         0( 0.00%)   ( 0.00%) 
[NR-eGR]      LB (11)         0( 0.00%)   ( 0.00%) 
[NR-eGR] ----------------------------------------------
[NR-eGR]        Total        81( 0.01%)   ( 0.01%) 
[NR-eGR] 
[NR-eGR] Overflow after Early Global Route 0.00% H + 0.00% V
[NR-eGR]             Length (um)    Vias 
[NR-eGR] --------------------------------
[NR-eGR]  M1  (1V)             0  111177 
[NR-eGR]  M2  (2H)         69634  216636 
[NR-eGR]  C1  (3V)        138005   57270 
[NR-eGR]  C2  (4H)        100293   22767 
[NR-eGR]  C3  (5V)        125200    9658 
[NR-eGR]  C4  (6H)         66024    2592 
[NR-eGR]  BA  (7V)         46101    1333 
[NR-eGR]  BB  (8H)         17092      48 
[NR-eGR]  JA  (9V)             5       0 
[NR-eGR]  JB  (10H)            0       0 
[NR-eGR]  LB  (11V)            0       0 
[NR-eGR] --------------------------------
[NR-eGR]      Total       562354  421481 
[NR-eGR] --------------------------------------------------------------------------
[NR-eGR] Total half perimeter of net bounding box: 456577um
[NR-eGR] Total length: 562354um, number of vias: 421481
[NR-eGR] --------------------------------------------------------------------------
[NR-eGR] Total eGR-routed clock nets wire length: 10837um, number of vias: 10686
[NR-eGR] --------------------------------------------------------------------------
[NR-eGR] Report for selected net(s) only.
[NR-eGR]             Length (um)   Vias 
[NR-eGR] -------------------------------
[NR-eGR]  M1  (1V)             0    341 
[NR-eGR]  M2  (2H)           691   5895 
[NR-eGR]  C1  (3V)          5349   4205 
[NR-eGR]  C2  (4H)          4451    245 
[NR-eGR]  C3  (5V)           346      0 
[NR-eGR]  C4  (6H)             0      0 
[NR-eGR]  BA  (7V)             0      0 
[NR-eGR]  BB  (8H)             0      0 
[NR-eGR]  JA  (9V)             0      0 
[NR-eGR]  JB  (10H)            0      0 
[NR-eGR]  LB  (11V)            0      0 
[NR-eGR] -------------------------------
[NR-eGR]      Total        10837  10686 
[NR-eGR] --------------------------------------------------------------------------
[NR-eGR] Total half perimeter of net bounding box: 3646um
[NR-eGR] Total length: 10837um, number of vias: 10686
[NR-eGR] --------------------------------------------------------------------------
[NR-eGR] Total routed clock nets wire length: 10837um, number of vias: 10686
[NR-eGR] --------------------------------------------------------------------------
[NR-eGR] Finished Early Global Route kernel ( CPU: 1.71 sec, Real: 1.25 sec, Curr Mem: 47401.63 MB )
        Early Global Route - eGR only step done. (took cpu=0:00:01.9 real=0:00:01.4)
      flow.cputime  flow.realtime  timing.setup.tns  timing.setup.wns  snapshot
UM:*                                                                   Early Global Route - eGR only step
      Routing using eGR only done.
Net route status summary:
  Clock:        60 (unrouted=0, trialRouted=0, noStatus=0, routed=60, fixed=0, [crossesIlmBoundary=0, tooFewTerms=0, (crossesIlmBoundary AND tooFewTerms=0)])
  Non-clock: 58431 (unrouted=19933, trialRouted=38498, noStatus=0, routed=0, fixed=0, [crossesIlmBoundary=0, tooFewTerms=19933, (crossesIlmBoundary AND tooFewTerms=0)])

CCOPT: Done with clock implementation routing.

      Leaving CCOpt scope - Routing Tools done. (took cpu=0:00:02.4 real=0:00:01.9)
    Clock implementation routing done.
    Leaving CCOpt scope - extractRC...
    Updating RC parasitics by calling: "extract_rc -noRouteCheck"...
Extraction called for design 'Silago_top_right_corner' of instances=36319 and nets=58491 using extraction engine 'pre_route' .
**WARN: (IMPEXT-3530):	The process node is not set. Use the command set_design_mode -process <process node> prior to extraction for maximum accuracy and optimal automatic threshold setting.
Type 'man IMPEXT-3530' for more detail.
pre_route RC Extraction called for design Silago_top_right_corner.
RC Extraction called in multi-corner(3) mode.
RCMode: PreRoute
      RC Corner Indexes            0       1       2   
Capacitance Scaling Factor   : 1.00000 1.00000 1.00000 
Resistance Scaling Factor    : 1.00000 1.00000 1.00000 
Clock Cap. Scaling Factor    : 1.00000 1.00000 1.00000 
Clock Res. Scaling Factor    : 1.00000 1.00000 1.00000 
Shrink Factor                : 1.00000
PreRoute extraction is honoring NDR/Shielding/ExtraSpace for clock nets.
Using Quantus QRC technology file ...
Updating RC grid for preRoute extraction ...
Initializing multi-corner resistance tables ...
PreRoute RC Extraction DONE (CPU Time: 0:00:01.2  Real Time: 0:00:01.0  MEM: 47401.629M)
    Updating RC parasitics by calling: "extract_rc -noRouteCheck" done.
    Leaving CCOpt scope - extractRC done. (took cpu=0:00:01.2 real=0:00:00.9)
    Leaving CCOpt scope - Initializing placement interface...

**Info: (IMPSP-2062): Some of the PG shapes may not be colorized properly in this design, users are required to run command colorizePowerMesh before any placement related commands!
    Leaving CCOpt scope - Initializing placement interface done. (took cpu=0:00:00.2 real=0:00:00.2)
    Calling post conditioning for eGRPC...
      eGRPC...
        eGRPC active optimizations:
         - Move Down
         - Downsizing before DRV sizing
         - DRV fixing with sizing
         - Move to fanout
         - Cloning
        
        Currently running CTS, using active skew data
        Reset bufferability constraints...
        Resetting previous bufferability status on all nets so that eGRPC will attempt to fix all clock tree violations.
        Clock tree timing engine global stage delay update for WC_dc:setup.late...
        Clock tree timing engine global stage delay update for WC_dc:setup.late done. (took cpu=0:00:00.3 real=0:00:00.0)
        Reset bufferability constraints done. (took cpu=0:00:00.3 real=0:00:00.0)
        Clock DAG stats eGRPC initial state:
          cell counts      : b=59, i=0, icg=0, dcg=0, l=0, total=59
          sink counts      : regular=5026, enable_latch=0, load_capacitance=0, antenna=0, node_sink=0, total=5026
          misc counts      : r=1, pp=0
          cell areas       : b=75.945um^2, i=0.000um^2, icg=0.000um^2, dcg=0.000um^2, l=0.000um^2, total=75.945um^2
          cell capacitance : b=160.169fF, i=0.000fF, icg=0.000fF, dcg=0.000fF, l=0.000fF, total=160.169fF
          sink capacitance : total=3697.131fF, avg=0.736fF, sd=0.034fF, min=0.679fF, max=0.757fF
          wire capacitance : top=0.000fF, trunk=146.739fF, leaf=1370.799fF, total=1517.538fF
          wire lengths     : top=0.000um, trunk=1116.346um, leaf=9720.987um, total=10837.333um
          hp wire lengths  : top=0.000um, trunk=882.200um, leaf=2771.384um, total=3653.584um
        Clock DAG net violations eGRPC initial state: none
        Clock DAG primary half-corner transition distribution eGRPC initial state:
          Trunk : target=87.8ps count=9 avg=35.2ps sd=15.4ps min=9.5ps max=59.7ps {8 <= 52.7ps, 1 <= 70.2ps, 0 <= 79.0ps, 0 <= 83.4ps, 0 <= 87.8ps}
          Leaf  : target=87.8ps count=51 avg=75.9ps sd=6.7ps min=60.4ps max=86.4ps {0 <= 52.7ps, 8 <= 70.2ps, 21 <= 79.0ps, 18 <= 83.4ps, 4 <= 87.8ps}
        Clock DAG library cell distribution eGRPC initial state {count}:
           Bufs: SC8T_BUFX24_CSC28L: 2 SC8T_BUFX20_CSC28L: 1 SC8T_BUFX16_CSC28L: 9 SC8T_BUFX12_CSC28L: 26 SC8T_BUFX10_CSC28L: 18 SC8T_BUFX8_CSC28L: 1 SC8T_BUFX6_CSC28L: 1 SC8T_BUFX3_CSC28L: 1 
        Primary reporting skew groups eGRPC initial state:
          skew_group clk/functional: insertion delay [min=205.0, max=255.6, avg=241.9, sd=8.1], skew [50.6 vs 53.8], 100% {205.0, 255.6} (wid=57.9 ws=41.0) (gid=222.1 gs=41.1)
        Skew group summary eGRPC initial state:
          skew_group clk/functional: insertion delay [min=205.0, max=255.6, avg=241.9, sd=8.1], skew [50.6 vs 53.8], 100% {205.0, 255.6} (wid=57.9 ws=41.0) (gid=222.1 gs=41.1)
        eGRPC Moving buffers...
          Violation analysis...
          Violation analysis done. (took cpu=0:00:00.1 real=0:00:00.1)
      flow.cputime  flow.realtime  timing.setup.tns  timing.setup.wns  snapshot
UM:*                                                                   Violation analysis
          Clock DAG stats after 'eGRPC Moving buffers':
            cell counts      : b=59, i=0, icg=0, dcg=0, l=0, total=59
            sink counts      : regular=5026, enable_latch=0, load_capacitance=0, antenna=0, node_sink=0, total=5026
            misc counts      : r=1, pp=0
            cell areas       : b=75.945um^2, i=0.000um^2, icg=0.000um^2, dcg=0.000um^2, l=0.000um^2, total=75.945um^2
            cell capacitance : b=160.169fF, i=0.000fF, icg=0.000fF, dcg=0.000fF, l=0.000fF, total=160.169fF
            sink capacitance : total=3697.131fF, avg=0.736fF, sd=0.034fF, min=0.679fF, max=0.757fF
            wire capacitance : top=0.000fF, trunk=146.739fF, leaf=1370.799fF, total=1517.538fF
            wire lengths     : top=0.000um, trunk=1116.346um, leaf=9720.987um, total=10837.333um
            hp wire lengths  : top=0.000um, trunk=882.200um, leaf=2771.384um, total=3653.584um
          Clock DAG net violations after 'eGRPC Moving buffers': none
          Clock DAG primary half-corner transition distribution after 'eGRPC Moving buffers':
            Trunk : target=87.8ps count=9 avg=35.2ps sd=15.4ps min=9.5ps max=59.7ps {8 <= 52.7ps, 1 <= 70.2ps, 0 <= 79.0ps, 0 <= 83.4ps, 0 <= 87.8ps}
            Leaf  : target=87.8ps count=51 avg=75.9ps sd=6.7ps min=60.4ps max=86.4ps {0 <= 52.7ps, 8 <= 70.2ps, 21 <= 79.0ps, 18 <= 83.4ps, 4 <= 87.8ps}
          Clock DAG library cell distribution after 'eGRPC Moving buffers' {count}:
             Bufs: SC8T_BUFX24_CSC28L: 2 SC8T_BUFX20_CSC28L: 1 SC8T_BUFX16_CSC28L: 9 SC8T_BUFX12_CSC28L: 26 SC8T_BUFX10_CSC28L: 18 SC8T_BUFX8_CSC28L: 1 SC8T_BUFX6_CSC28L: 1 SC8T_BUFX3_CSC28L: 1 
          Primary reporting skew groups after 'eGRPC Moving buffers':
            skew_group clk/functional: insertion delay [min=205.0, max=255.6], skew [50.6 vs 53.8]
          Skew group summary after 'eGRPC Moving buffers':
            skew_group clk/functional: insertion delay [min=205.0, max=255.6], skew [50.6 vs 53.8]
          Legalizer API calls during this step: 0 succeeded with high effort: 0 succeeded with medium effort: 0 succeeded with low effort: 0 succeeded with basic effort: 0 succeeded with basic unbounded effort: 0
        eGRPC Moving buffers done. (took cpu=0:00:00.4 real=0:00:00.4)
      flow.cputime  flow.realtime  timing.setup.tns  timing.setup.wns  snapshot
UM:*                                                                   eGRPC Moving buffers
        eGRPC Initial Pass of Downsizing Clock Tree cells...
          Artificially removing long paths...
            Legalizer API calls during this step: 0 succeeded with high effort: 0 succeeded with medium effort: 0 succeeded with low effort: 0 succeeded with basic effort: 0 succeeded with basic unbounded effort: 0
          Artificially removing long paths done. (took cpu=0:00:00.0 real=0:00:00.0)
          Modifying slew-target multiplier from 1 to 0.9
          Downsizing prefiltering...
          Downsizing prefiltering done.
          Downsizing: .Library trimming buffers in power domain auto-default and half-corner WC_dc:setup.late removed 0 of 11 cells
          Original list had 11 cells:
          SC8T_BUFX24_CSC28L SC8T_BUFX20_CSC28L SC8T_BUFX16_CSC28L SC8T_BUFX12_CSC28L SC8T_BUFX10_CSC28L SC8T_BUFX8_CSC28L SC8T_BUFX6_CSC28L SC8T_BUFX4_CSC28L SC8T_BUFX3_CSC28L SC8T_BUFX1P5_CSC28L SC8T_BUFX0P5_A_CSC28L 
          Library trimming was not able to trim any cells:
          SC8T_BUFX24_CSC28L SC8T_BUFX20_CSC28L SC8T_BUFX16_CSC28L SC8T_BUFX12_CSC28L SC8T_BUFX10_CSC28L SC8T_BUFX8_CSC28L SC8T_BUFX6_CSC28L SC8T_BUFX4_CSC28L SC8T_BUFX3_CSC28L SC8T_BUFX1P5_CSC28L SC8T_BUFX0P5_A_CSC28L 
          ..20% ...40% ...60% ...80% ...100% 
          DoDownSizing Summary : numSized = 4, numUnchanged = 7, numSkippedDueToOther = 0, numSkippedDueToCloseToSlewTarget = 41, numSkippedDueToCloseToSkewTarget = 8
          CCOpt-eGRPC Downsizing: considered: 11, tested: 0, violation detected: 0, violation ignored (due to small violation): 0, cannot run: 0, attempted: 11, unsuccessful: 0, sized: 4
          Downsizing prefiltering...
          Downsizing prefiltering done.
          Downsizing: ...20% ...40% ...60% ...80% ...100% 
          DoDownSizing Summary : numSized = 0, numUnchanged = 0, numSkippedDueToOther = 0, numSkippedDueToCloseToSlewTarget = 4, numSkippedDueToCloseToSkewTarget = 0
          CCOpt-eGRPC Downsizing: considered: 0, tested: 0, violation detected: 0, violation ignored (due to small violation): 0, cannot run: 0, attempted: 0, unsuccessful: 0, sized: 0
          Reverting slew-target multiplier from 0.9 to 1
          Clock DAG stats after 'eGRPC Initial Pass of Downsizing Clock Tree cells':
            cell counts      : b=59, i=0, icg=0, dcg=0, l=0, total=59
            sink counts      : regular=5026, enable_latch=0, load_capacitance=0, antenna=0, node_sink=0, total=5026
            misc counts      : r=1, pp=0
            cell areas       : b=74.547um^2, i=0.000um^2, icg=0.000um^2, dcg=0.000um^2, l=0.000um^2, total=74.547um^2
            cell capacitance : b=157.181fF, i=0.000fF, icg=0.000fF, dcg=0.000fF, l=0.000fF, total=157.181fF
            sink capacitance : total=3697.131fF, avg=0.736fF, sd=0.034fF, min=0.679fF, max=0.757fF
            wire capacitance : top=0.000fF, trunk=146.739fF, leaf=1370.799fF, total=1517.538fF
            wire lengths     : top=0.000um, trunk=1116.346um, leaf=9720.987um, total=10837.333um
            hp wire lengths  : top=0.000um, trunk=882.200um, leaf=2771.384um, total=3653.584um
          Clock DAG net violations after 'eGRPC Initial Pass of Downsizing Clock Tree cells': none
          Clock DAG primary half-corner transition distribution after 'eGRPC Initial Pass of Downsizing Clock Tree cells':
            Trunk : target=87.8ps count=9 avg=34.8ps sd=14.7ps min=9.5ps max=56.7ps {8 <= 52.7ps, 1 <= 70.2ps, 0 <= 79.0ps, 0 <= 83.4ps, 0 <= 87.8ps}
            Leaf  : target=87.8ps count=51 avg=77.1ps sd=5.3ps min=63.2ps max=86.4ps {0 <= 52.7ps, 4 <= 70.2ps, 25 <= 79.0ps, 18 <= 83.4ps, 4 <= 87.8ps}
          Clock DAG library cell distribution after 'eGRPC Initial Pass of Downsizing Clock Tree cells' {count}:
             Bufs: SC8T_BUFX24_CSC28L: 2 SC8T_BUFX20_CSC28L: 1 SC8T_BUFX16_CSC28L: 6 SC8T_BUFX12_CSC28L: 28 SC8T_BUFX10_CSC28L: 19 SC8T_BUFX8_CSC28L: 1 SC8T_BUFX6_CSC28L: 1 SC8T_BUFX3_CSC28L: 1 
          Primary reporting skew groups after 'eGRPC Initial Pass of Downsizing Clock Tree cells':
            skew_group clk/functional: insertion delay [min=203.6, max=255.6], skew [52.0 vs 53.8]
          Skew group summary after 'eGRPC Initial Pass of Downsizing Clock Tree cells':
            skew_group clk/functional: insertion delay [min=203.6, max=255.6], skew [52.0 vs 53.8]
          Legalizer API calls during this step: 17 succeeded with high effort: 17 succeeded with medium effort: 0 succeeded with low effort: 0 succeeded with basic effort: 0 succeeded with basic unbounded effort: 0
        eGRPC Initial Pass of Downsizing Clock Tree cells done. (took cpu=0:00:00.8 real=0:00:00.8)
      flow.cputime  flow.realtime  timing.setup.tns  timing.setup.wns  snapshot
UM:*                                                                   eGRPC Initial Pass of Downsizing Clock Tree cells
        eGRPC Fixing DRVs...
          Fixing clock tree DRVs: ...20% ...40% ...60% ...80% ...100% 
          CCOpt-eGRPC: considered: 60, tested: 60, violation detected: 0, violation ignored (due to small violation): 0, cannot run: 0, attempted: 0, unsuccessful: 0, sized: 0
          
          Statistics: Fix DRVs (cell sizing):
          ===================================
          
          Cell changes by Net Type:
          
          -------------------------------------------------------------------------------------------------
          Net Type    Attempted    Upsized     Downsized    Swapped Same Size    Total Changed    Not Sized
          -------------------------------------------------------------------------------------------------
          top                0            0           0            0                    0                0
          trunk              0            0           0            0                    0                0
          leaf               0            0           0            0                    0                0
          -------------------------------------------------------------------------------------------------
          Total              0            0           0            0                    0                0
          -------------------------------------------------------------------------------------------------
          
          Upsized: 0, Downsized: 0, Sized but same area: 0, Unchanged: 0, Area change: 0.000um^2 (0.000%)
          Max. move: 0.000um, Min. move: 0.000um, Avg. move: N/A
          
          Clock DAG stats after 'eGRPC Fixing DRVs':
            cell counts      : b=59, i=0, icg=0, dcg=0, l=0, total=59
            sink counts      : regular=5026, enable_latch=0, load_capacitance=0, antenna=0, node_sink=0, total=5026
            misc counts      : r=1, pp=0
            cell areas       : b=74.547um^2, i=0.000um^2, icg=0.000um^2, dcg=0.000um^2, l=0.000um^2, total=74.547um^2
            cell capacitance : b=157.181fF, i=0.000fF, icg=0.000fF, dcg=0.000fF, l=0.000fF, total=157.181fF
            sink capacitance : total=3697.131fF, avg=0.736fF, sd=0.034fF, min=0.679fF, max=0.757fF
            wire capacitance : top=0.000fF, trunk=146.739fF, leaf=1370.799fF, total=1517.538fF
            wire lengths     : top=0.000um, trunk=1116.346um, leaf=9720.987um, total=10837.333um
            hp wire lengths  : top=0.000um, trunk=882.200um, leaf=2771.384um, total=3653.584um
          Clock DAG net violations after 'eGRPC Fixing DRVs': none
          Clock DAG primary half-corner transition distribution after 'eGRPC Fixing DRVs':
            Trunk : target=87.8ps count=9 avg=34.8ps sd=14.7ps min=9.5ps max=56.7ps {8 <= 52.7ps, 1 <= 70.2ps, 0 <= 79.0ps, 0 <= 83.4ps, 0 <= 87.8ps}
            Leaf  : target=87.8ps count=51 avg=77.1ps sd=5.3ps min=63.2ps max=86.4ps {0 <= 52.7ps, 4 <= 70.2ps, 25 <= 79.0ps, 18 <= 83.4ps, 4 <= 87.8ps}
          Clock DAG library cell distribution after 'eGRPC Fixing DRVs' {count}:
             Bufs: SC8T_BUFX24_CSC28L: 2 SC8T_BUFX20_CSC28L: 1 SC8T_BUFX16_CSC28L: 6 SC8T_BUFX12_CSC28L: 28 SC8T_BUFX10_CSC28L: 19 SC8T_BUFX8_CSC28L: 1 SC8T_BUFX6_CSC28L: 1 SC8T_BUFX3_CSC28L: 1 
          Primary reporting skew groups after 'eGRPC Fixing DRVs':
            skew_group clk/functional: insertion delay [min=203.6, max=255.6], skew [52.0 vs 53.8]
          Skew group summary after 'eGRPC Fixing DRVs':
            skew_group clk/functional: insertion delay [min=203.6, max=255.6], skew [52.0 vs 53.8]
          Legalizer API calls during this step: 0 succeeded with high effort: 0 succeeded with medium effort: 0 succeeded with low effort: 0 succeeded with basic effort: 0 succeeded with basic unbounded effort: 0
        eGRPC Fixing DRVs done. (took cpu=0:00:00.1 real=0:00:00.1)
      flow.cputime  flow.realtime  timing.setup.tns  timing.setup.wns  snapshot
UM:*                                                                   eGRPC Fixing DRVs
        Reconnecting optimized routes...
        Reset timing graph...
Ignoring AAE DB Resetting ...
        Reset timing graph done.
        Reconnecting optimized routes done. (took cpu=0:00:00.1 real=0:00:00.1)
        Violation analysis...
        Violation analysis done. (took cpu=0:00:00.1 real=0:00:00.1)
      flow.cputime  flow.realtime  timing.setup.tns  timing.setup.wns  snapshot
UM:*                                                                   Violation analysis
        Reset timing graph...
Ignoring AAE DB Resetting ...
        Reset timing graph done.
        Clock DAG stats before routing clock trees:
          cell counts      : b=59, i=0, icg=0, dcg=0, l=0, total=59
          sink counts      : regular=5026, enable_latch=0, load_capacitance=0, antenna=0, node_sink=0, total=5026
          misc counts      : r=1, pp=0
          cell areas       : b=74.547um^2, i=0.000um^2, icg=0.000um^2, dcg=0.000um^2, l=0.000um^2, total=74.547um^2
          cell capacitance : b=157.181fF, i=0.000fF, icg=0.000fF, dcg=0.000fF, l=0.000fF, total=157.181fF
          sink capacitance : total=3697.131fF, avg=0.736fF, sd=0.034fF, min=0.679fF, max=0.757fF
          wire capacitance : top=0.000fF, trunk=146.739fF, leaf=1370.799fF, total=1517.538fF
          wire lengths     : top=0.000um, trunk=1116.346um, leaf=9720.987um, total=10837.333um
          hp wire lengths  : top=0.000um, trunk=882.200um, leaf=2771.384um, total=3653.584um
        Clock DAG net violations before routing clock trees: none
        Clock DAG primary half-corner transition distribution before routing clock trees:
          Trunk : target=87.8ps count=9 avg=34.8ps sd=14.7ps min=9.5ps max=56.7ps {8 <= 52.7ps, 1 <= 70.2ps, 0 <= 79.0ps, 0 <= 83.4ps, 0 <= 87.8ps}
          Leaf  : target=87.8ps count=51 avg=77.1ps sd=5.3ps min=63.2ps max=86.4ps {0 <= 52.7ps, 4 <= 70.2ps, 25 <= 79.0ps, 18 <= 83.4ps, 4 <= 87.8ps}
        Clock DAG library cell distribution before routing clock trees {count}:
           Bufs: SC8T_BUFX24_CSC28L: 2 SC8T_BUFX20_CSC28L: 1 SC8T_BUFX16_CSC28L: 6 SC8T_BUFX12_CSC28L: 28 SC8T_BUFX10_CSC28L: 19 SC8T_BUFX8_CSC28L: 1 SC8T_BUFX6_CSC28L: 1 SC8T_BUFX3_CSC28L: 1 
        Primary reporting skew groups before routing clock trees:
          skew_group clk/functional: insertion delay [min=203.6, max=255.6, avg=242.1, sd=8.0], skew [52.0 vs 53.8], 100% {203.6, 255.6} (wid=57.2 ws=40.2) (gid=222.1 gs=42.2)
        Skew group summary before routing clock trees:
          skew_group clk/functional: insertion delay [min=203.6, max=255.6, avg=242.1, sd=8.0], skew [52.0 vs 53.8], 100% {203.6, 255.6} (wid=57.2 ws=40.2) (gid=222.1 gs=42.2)
      eGRPC done.
    Calling post conditioning for eGRPC done.
  eGR Post Conditioning loop iteration 0 done.
  Refine place not called during Post Conditioning. Calling it now the eGR->PC Loop is complete.
  Leaving CCOpt scope - Cleaning up placement interface...
  Leaving CCOpt scope - Cleaning up placement interface done. (took cpu=0:00:00.2 real=0:00:00.1)
  Leaving CCOpt scope - ClockRefiner...
  Soft fixed 59 clock instances.
  Performing Single Pass Refine Place.

**Info: (IMPSP-2062): Some of the PG shapes may not be colorized properly in this design, users are required to run command colorizePowerMesh before any placement related commands!
*** Starting place_detail (0:29:15 mem=4007.9M) ***
Total net bbox length = 4.566e+05 (1.998e+05 2.568e+05) (ext = 1.492e+05)

**Info: (IMPSP-2062): Some of the PG shapes may not be colorized properly in this design, users are required to run command colorizePowerMesh before any placement related commands!
Move report: Detail placement moves 151 insts, mean move: 0.51 um, max move: 2.13 um 
	Max move on inst (SILEGO_cell/MTRF_cell/reg_top/RegisterFile/register_array_55/U9): (157.98, 53.76) --> (158.18, 51.84)
	Runtime: CPU: 0:00:05.8 REAL: 0:00:02.0 MEM: 3998.6MB
Summary Report:
Instances move: 151 (out of 36319 movable)
Instances flipped: 1
Mean displacement: 0.51 um
Max displacement: 2.13 um (Instance: SILEGO_cell/MTRF_cell/reg_top/RegisterFile/register_array_55/U9) (157.976, 53.76) -> (158.184, 51.84)
	Length: 8 sites, height: 1 rows, site name: SC8T_104CPP_CMOS22FDX, cell type: SC8T_MUX2X1_A_CSC28L
Total net bbox length = 4.566e+05 (1.998e+05 2.569e+05) (ext = 1.492e+05)
Runtime: CPU: 0:00:05.9 REAL: 0:00:02.0 MEM: 3998.6MB
*** Finished place_detail (0:29:21 mem=3998.6M) ***
  ClockRefiner summary
  All clock instances: Moved 13, flipped 0 and cell swapped 0 (out of a total of 5085).
  The largest move was 0.52 um for SILEGO_cell/MTRF_cell/reg_top/RegisterFile/register_array_50/reg_out_reg[5].
  Restoring place_status_cts on 59 clock instances.
  Leaving CCOpt scope - ClockRefiner done. (took cpu=0:00:06.3 real=0:00:02.4)
  CCOpt::Phase::eGRPC done. (took cpu=0:00:13.7 real=0:00:08.6)
      flow.cputime  flow.realtime  timing.setup.tns  timing.setup.wns  snapshot
UM:*                                                                   CCOpt::Phase::eGRPC
  CCOpt::Phase::Routing...
  Clock implementation routing...
    Leaving CCOpt scope - Routing Tools...
Net route status summary:
  Clock:        60 (unrouted=0, trialRouted=0, noStatus=0, routed=60, fixed=0, [crossesIlmBoundary=0, tooFewTerms=0, (crossesIlmBoundary AND tooFewTerms=0)])
  Non-clock: 58431 (unrouted=19933, trialRouted=38498, noStatus=0, routed=0, fixed=0, [crossesIlmBoundary=0, tooFewTerms=19933, (crossesIlmBoundary AND tooFewTerms=0)])
    Routing using eGR in eGR->NR Step...
      Early Global Route - eGR->Nr High Frequency step...
(ccopt eGR): There are 60 nets to be routed. 0 nets have skip routing designation.
(ccopt eGR): There are 60 nets for routing of which 60 have one or more fixed wires.
(ccopt eGR): Start to route 60 all nets
[NR-eGR] Track table information for default rule: 
[NR-eGR] M1 has single uniform track structure
[NR-eGR] M2 has single uniform track structure
[NR-eGR] C1 has single uniform track structure
[NR-eGR] C2 has single uniform track structure
[NR-eGR] C3 has single uniform track structure
[NR-eGR] C4 has single uniform track structure
[NR-eGR] BA has single uniform track structure
[NR-eGR] BB has single uniform track structure
[NR-eGR] JA has single uniform track structure
[NR-eGR] JB has single uniform track structure
[NR-eGR] LB has single uniform track structure
[NR-eGR] Read 21 PG shapes
[NR-eGR] Read 0 clock shapes
[NR-eGR] Read 0 other shapes
[NR-eGR] #Routing Blockages  : 31
[NR-eGR] #Instance Blockages : 100472
[NR-eGR] #PG Blockages       : 21
[NR-eGR] #Halo Blockages     : 0
[NR-eGR] #Boundary Blockages : 0
[NR-eGR] #Clock Blockages    : 0
[NR-eGR] #Other Blockages    : 0
[NR-eGR] Num Prerouted Nets = 0  Num Prerouted Wires = 0
[NR-eGR] Read 38558 nets ( ignored 38498 )
[NR-eGR] Connected 0 must-join pins/ports
[NR-eGR] There are 60 clock nets ( 60 with NDR ).
[NR-eGR] ============ Routing rule table ============
[NR-eGR] Rule id: 0  Nets: 60
[NR-eGR] ========================================
[NR-eGR] 
[NR-eGR] Layer group 1: route 60 net(s) in layer range [3, 4]
[NR-eGR] Early Global Route overflow of layer group 1: 0.00% H + 0.00% V. EstWL: 1.061824e+04um
[NR-eGR] Create a new net group with 20 nets and layer range [3, 6]
[NR-eGR] Layer group 2: route 20 net(s) in layer range [3, 6]
[NR-eGR] Early Global Route overflow of layer group 2: 0.00% H + 0.00% V. EstWL: 1.409792e+04um
[NR-eGR] Create a new net group with 20 nets and layer range [3, 8]
[NR-eGR] Layer group 3: route 20 net(s) in layer range [3, 8]
[NR-eGR] Early Global Route overflow of layer group 3: 0.00% H + 0.00% V. EstWL: 1.759808e+04um
[NR-eGR] Create a new net group with 20 nets and layer range [3, 10]
[NR-eGR] Layer group 4: route 20 net(s) in layer range [3, 10]
[NR-eGR] Early Global Route overflow of layer group 4: 0.00% H + 0.00% V. EstWL: 2.109952e+04um
[NR-eGR] Create a new net group with 20 nets and layer range [3, 11]
[NR-eGR] Layer group 5: route 20 net(s) in layer range [3, 11]
[NR-eGR] Early Global Route overflow of layer group 5: 0.00% H + 0.00% V. EstWL: 2.460096e+04um
[NR-eGR] Congestion Analysis By layer: (blocked Gcells are excluded) 
[NR-eGR]                        OverCon            
[NR-eGR]                         #Gcell     %Gcell
[NR-eGR]        Layer               (1)    OverCon
[NR-eGR] ----------------------------------------------
[NR-eGR]      M1 ( 1)         0( 0.00%)   ( 0.00%) 
[NR-eGR]      M2 ( 2)        76( 0.08%)   ( 0.08%) 
[NR-eGR]      C1 ( 3)         0( 0.00%)   ( 0.00%) 
[NR-eGR]      C2 ( 4)         0( 0.00%)   ( 0.00%) 
[NR-eGR]      C3 ( 5)         0( 0.00%)   ( 0.00%) 
[NR-eGR]      C4 ( 6)         0( 0.00%)   ( 0.00%) 
[NR-eGR]      BA ( 7)         0( 0.00%)   ( 0.00%) 
[NR-eGR]      BB ( 8)         0( 0.00%)   ( 0.00%) 
[NR-eGR]      JA ( 9)         0( 0.00%)   ( 0.00%) 
[NR-eGR]      JB (10)         0( 0.00%)   ( 0.00%) 
[NR-eGR]      LB (11)         0( 0.00%)   ( 0.00%) 
[NR-eGR] ----------------------------------------------
[NR-eGR]        Total        76( 0.01%)   ( 0.01%) 
[NR-eGR] 
[NR-eGR] Overflow after Early Global Route 0.00% H + 0.00% V
[NR-eGR]             Length (um)    Vias 
[NR-eGR] --------------------------------
[NR-eGR]  M1  (1V)             0  111176 
[NR-eGR]  M2  (2H)         69636  216640 
[NR-eGR]  C1  (3V)        138050   57277 
[NR-eGR]  C2  (4H)        100293   22730 
[NR-eGR]  C3  (5V)        125153    9658 
[NR-eGR]  C4  (6H)         66024    2592 
[NR-eGR]  BA  (7V)         46101    1333 
[NR-eGR]  BB  (8H)         17092      48 
[NR-eGR]  JA  (9V)             5       0 
[NR-eGR]  JB  (10H)            0       0 
[NR-eGR]  LB  (11V)            0       0 
[NR-eGR] --------------------------------
[NR-eGR]      Total       562354  421454 
[NR-eGR] --------------------------------------------------------------------------
[NR-eGR] Total half perimeter of net bounding box: 456633um
[NR-eGR] Total length: 562354um, number of vias: 421454
[NR-eGR] --------------------------------------------------------------------------
[NR-eGR] Total eGR-routed clock nets wire length: 10837um, number of vias: 10659
[NR-eGR] --------------------------------------------------------------------------
[NR-eGR] Report for selected net(s) only.
[NR-eGR]             Length (um)   Vias 
[NR-eGR] -------------------------------
[NR-eGR]  M1  (1V)             0    340 
[NR-eGR]  M2  (2H)           694   5899 
[NR-eGR]  C1  (3V)          5395   4212 
[NR-eGR]  C2  (4H)          4450    208 
[NR-eGR]  C3  (5V)           299      0 
[NR-eGR]  C4  (6H)             0      0 
[NR-eGR]  BA  (7V)             0      0 
[NR-eGR]  BB  (8H)             0      0 
[NR-eGR]  JA  (9V)             0      0 
[NR-eGR]  JB  (10H)            0      0 
[NR-eGR]  LB  (11V)            0      0 
[NR-eGR] -------------------------------
[NR-eGR]      Total        10837  10659 
[NR-eGR] --------------------------------------------------------------------------
[NR-eGR] Total half perimeter of net bounding box: 3646um
[NR-eGR] Total length: 10837um, number of vias: 10659
[NR-eGR] --------------------------------------------------------------------------
[NR-eGR] Total routed clock nets wire length: 10837um, number of vias: 10659
[NR-eGR] --------------------------------------------------------------------------
[NR-eGR] Finished Early Global Route kernel ( CPU: 1.73 sec, Real: 1.25 sec, Curr Mem: 4028.93 MB )
      Early Global Route - eGR->Nr High Frequency step done. (took cpu=0:00:01.9 real=0:00:01.4)
      flow.cputime  flow.realtime  timing.setup.tns  timing.setup.wns  snapshot
UM:*                                                                   Early Global Route - eGR->Nr High Frequency step
    Routing using eGR in eGR->NR Step done.
    Routing using NR in eGR->NR Step...

CCOPT: Preparing to route 60 clock nets with NanoRoute.
  All net are default rule.
  Preferred NanoRoute mode settings: Current
**WARN: (IMPTCM-77):	Option "-grouteExpUseNanoRoute2" for command setNanoRouteMode is obsolete and will be removed in a future release. The obsolete option still works in this release but to avoid this warning and to ensure compatibility with future releases, remove the obsolete option from your script.
**WARN: (IMPDBTCL-321):	The attribute 'route_design_global_exp_use_nano_route2' still works but will be obsolete in a future major release. You should remove it from your script before the next major release to avoid errors.
**WARN: (IMPTCM-77):	Option "-routeExpDeterministicMultiThread" for command setNanoRouteMode is obsolete and will be removed in a future release. The obsolete option still works in this release but to avoid this warning and to ensure compatibility with future releases, remove the obsolete option from your script.
**WARN: (IMPDBTCL-321):	The attribute 'route_design_exp_deterministic_multi_thread' still works but will be obsolete in a future major release. You should remove it from your script before the next major release to avoid errors.
      Clock detailed routing...
        NanoRoute...

route_global_detail

#Start route_global_detail on Sat Jan  3 09:27:54 2026
#
#num needed restored net=0
#need_extraction net=0 (total=58491)
#WARNING (NRDB-2005) SPECIAL_NET VDD has special wires but no definitions for instance pins or top level pins. This will cause routability problems later.
#WARNING (NRDB-2005) SPECIAL_NET VDD has special wires but no definitions for instance pins or top level pins. This will cause routability problems later.
#NanoRoute Version 21.19-s058_1 NR231113-0413/21_19-UB
#
#Wire/Via statistics before line assignment ...
#Total number of nets with non-default rule or having extra spacing = 60
#Total wire length = 10837 um.
#Total half perimeter of net bounding box = 3676 um.
#Total wire length on LAYER M1 = 0 um.
#Total wire length on LAYER M2 = 694 um.
#Total wire length on LAYER C1 = 5395 um.
#Total wire length on LAYER C2 = 4450 um.
#Total wire length on LAYER C3 = 299 um.
#Total wire length on LAYER C4 = 0 um.
#Total wire length on LAYER BA = 0 um.
#Total wire length on LAYER BB = 0 um.
#Total wire length on LAYER JA = 0 um.
#Total wire length on LAYER JB = 0 um.
#Total wire length on LAYER LB = 0 um.
#Total number of vias = 10659
#Up-Via Summary (total 10659):
#           
#-----------------------
# M1                340
# M2               5899
# C1               4212
# C2                208
#-----------------------
#                 10659 
#
#Start routing data preparation on Sat Jan  3 09:27:55 2026
#
#Minimum voltage of a net in the design = 0.000.
#Maximum voltage of a net in the design = 0.800.
#Voltage range [0.000 - 0.800] has 58458 nets.
#Voltage range [0.000 - 0.000] has 32 nets.
#Voltage range [0.720 - 0.800] has 1 net.
#Build and mark too close pins for the same net.
#Initial pin access analysis.
#Detail pin access analysis.
# M1           V   Track-Pitch = 0.10400    Line-2-Via Pitch = 0.08000
# M2           H   Track-Pitch = 0.08000    Line-2-Via Pitch = 0.08000
# C1           V   Track-Pitch = 0.09000    Line-2-Via Pitch = 0.09000
# C2           H   Track-Pitch = 0.09000    Line-2-Via Pitch = 0.09000
# C3           V   Track-Pitch = 0.09000    Line-2-Via Pitch = 0.09000
# C4           H   Track-Pitch = 0.09000    Line-2-Via Pitch = 0.09000
# BA           V   Track-Pitch = 0.18000    Line-2-Via Pitch = 0.18000
# BB           H   Track-Pitch = 0.18000    Line-2-Via Pitch = 0.18000
# JA           V   Track-Pitch = 0.90000    Line-2-Via Pitch = 0.90000
# JB           H   Track-Pitch = 0.90000    Line-2-Via Pitch = 0.90000
# LB           V   Track-Pitch = 3.60000    Line-2-Via Pitch = 4.50000
#WARNING (NRAG-44) Track pitch is too small compared with line-2-via pitch.
#Bottom routing layer index=1(M1), bottom routing layer for shielding=3(C1), bottom shield layer=3(C1)
#shield_bottom_stripe_layer=3(C1), shield_top_stripe_layer=11(LB)
#pin_access_rlayer=2(M2)
#shield_top_dpt_rlayer=2 top_rlayer=11 top_trim_metal_rlayer=-1 rlayer_lowest=3 bottom_rlayer=1
#enable_trim_layer_shield=F enable_dpt_layer_shield=F has_line_end_grid=F
#cpu time = 00:00:00, elapsed time = 00:00:00, memory = 2560.73 (MB), peak = 2792.78 (MB)
#Regenerating Ggrids automatically.
#Auto generating G-grids with size=15 tracks, using layer C1's pitch = 0.09000.
#Using automatically generated G-grids.
#Done routing data preparation.
#cpu time = 00:00:55, elapsed time = 00:00:12, memory = 2614.50 (MB), peak = 2792.78 (MB)
#Minimum voltage of a net in the design = 0.000.
#Maximum voltage of a net in the design = 0.800.
#Voltage range [0.000 - 0.800] has 58458 nets.
#Voltage range [0.000 - 0.000] has 32 nets.
#Voltage range [0.720 - 0.800] has 1 net.
#Start instance access analysis using 8 threads...
#Set layer M1 to be advanced pin access layer.
#Set instance access analysis scope -2.56000, -2.48000, 202.07500, 202.58000
#0 instance pins are hard to access
#Instance access analysis statistics:
#Cpu time = 00:00:01
#Elapsed time = 00:00:01
#Increased memory = 12.45 (MB)
#Total memory = 2626.95 (MB)
#Peak memory = 2833.14 (MB)
Updating RC grid for preRoute extraction ...
Initializing multi-corner resistance tables ...
#
#Distribution of nets:
#Largest net has 5027 pins
#  
# #pin range           #net       %
#------------------------------------
#          2           25340 ( 43.3%)
#          3            5641 (  9.6%)
#          4            2024 (  3.5%)
#          5            2806 (  4.8%)
#          6             338 (  0.6%)
#          7             284 (  0.5%)
#          8             234 (  0.4%)
#          9             200 (  0.3%)
#  10  -  19            1040 (  1.8%)
#  20  -  29             322 (  0.6%)
#  30  -  39              71 (  0.1%)
#  40  -  49              14 (  0.0%)
#  50  -  59              57 (  0.1%)
#  60  -  69             102 (  0.2%)
#  70  -  79               2 (  0.0%)
#  80  -  89               1 (  0.0%)
#  90  -  99              15 (  0.0%)
#  100 - 199              53 (  0.1%)
#  200 - 299              12 (  0.0%)
#  1600-1699               1 (  0.0%)
#     >=2000               1 (  0.0%)
#
#Total: 58491 nets, 38558 non-trivial nets
#                              #net       %
#-------------------------------------------
#  Fully global routed           60 ( 0.2%)
#  Clock                         60
#  Extra space                   60
#  Prefer layer range         38558
#
#Nets in 2 layer ranges:
#  Bottom Pref.Layer    Top Pref.Layer       #net       %
#---------------------------------------------------------
#              -----             8 BB*      38498 ( 99.8%)
#               3 C1             4 C2          60 (  0.2%)
#
#60 nets selected.
#
#Iteration 1.1: cpu:00:00:01, real:00:00:00, mem:2.6 GB, peak:2.8 GB --5.20 [8]--
#Iteration 1.2: cpu:00:00:00, real:00:00:00, mem:2.6 GB, peak:2.8 GB --2.18 [8]--
#Iteration 1.3: cpu:00:00:00, real:00:00:00, mem:2.6 GB, peak:2.8 GB --2.18 [8]--
#Iteration 2.1: cpu:00:00:01, real:00:00:00, mem:2.6 GB, peak:2.8 GB --5.13 [8]--
#Iteration 2.2: cpu:00:00:00, real:00:00:00, mem:2.6 GB, peak:2.8 GB --1.86 [8]--
#Iteration 3.1: cpu:00:00:01, real:00:00:00, mem:2.6 GB, peak:2.8 GB --5.08 [8]--
#Iteration 3.2: cpu:00:00:00, real:00:00:00, mem:2.6 GB, peak:2.8 GB --2.02 [8]--
#
#Line Assignment statistics:
#Cpu time = 00:00:03
#Elapsed time = 00:00:01
#Increased memory = 10.02 (MB)
#Total memory = 2657.68 (MB)
#Peak memory = 2833.14 (MB)
#End Line Assignment: cpu:00:00:03, real:00:00:01, mem:2.6 GB, peak:2.8 GB --3.67 [8]--
#
#Wire/Via statistics after line assignment ...
#Total number of nets with non-default rule or having extra spacing = 60
#Total wire length = 11069 um.
#Total half perimeter of net bounding box = 3676 um.
#Total wire length on LAYER M1 = 0 um.
#Total wire length on LAYER M2 = 1063 um.
#Total wire length on LAYER C1 = 5395 um.
#Total wire length on LAYER C2 = 4330 um.
#Total wire length on LAYER C3 = 282 um.
#Total wire length on LAYER C4 = 0 um.
#Total wire length on LAYER BA = 0 um.
#Total wire length on LAYER BB = 0 um.
#Total wire length on LAYER JA = 0 um.
#Total wire length on LAYER JB = 0 um.
#Total wire length on LAYER LB = 0 um.
#Total number of vias = 9515
#Up-Via Summary (total 9515):
#           
#-----------------------
# M1                340
# M2               5534
# C1               3449
# C2                192
#-----------------------
#                  9515 
#
#Routing data preparation, pin analysis, line assignment statistics:
#Cpu time = 00:00:59
#Elapsed time = 00:00:14
#Increased memory = 129.93 (MB)
#Total memory = 2641.55 (MB)
#Peak memory = 2833.14 (MB)
#Skip comparing routing design signature in db-snapshot flow
#Using multithreading with 8 threads.
#Minimum voltage of a net in the design = 0.000.
#Maximum voltage of a net in the design = 0.800.
#Voltage range [0.000 - 0.800] has 58458 nets.
#Voltage range [0.000 - 0.000] has 32 nets.
#Voltage range [0.720 - 0.800] has 1 net.
#Minimum voltage of a net in the design = 0.000.
#Maximum voltage of a net in the design = 0.800.
#Voltage range [0.000 - 0.800] has 58458 nets.
#Voltage range [0.000 - 0.000] has 32 nets.
#Voltage range [0.720 - 0.800] has 1 net.
#Minimum voltage of a net in the design = 0.000.
#Maximum voltage of a net in the design = 0.800.
#Voltage range [0.000 - 0.800] has 58458 nets.
#Voltage range [0.000 - 0.000] has 32 nets.
#Voltage range [0.720 - 0.800] has 1 net.
#Minimum voltage of a net in the design = 0.000.
#Maximum voltage of a net in the design = 0.800.
#Voltage range [0.000 - 0.800] has 58458 nets.
#Voltage range [0.000 - 0.000] has 32 nets.
#Voltage range [0.720 - 0.800] has 1 net.
#
#Start Detail Routing..
#start initial detail routing ...
#   number of violations = 1
#
#    By Layer and Type :
#	            Enc   Totals
#	M1            0        0
#	M2            1        1
#	Totals        1        1
#cpu time = 00:01:23, elapsed time = 00:00:11, memory = 2672.47 (MB), peak = 2976.02 (MB)
#start 1st optimization iteration ...
#   number of violations = 0
#cpu time = 00:00:00, elapsed time = 00:00:00, memory = 2668.89 (MB), peak = 2976.02 (MB)
#Complete Detail Routing.
#Total number of nets with non-default rule or having extra spacing = 60
#Total wire length = 10909 um.
#Total half perimeter of net bounding box = 3676 um.
#Total wire length on LAYER M1 = 0 um.
#Total wire length on LAYER M2 = 196 um.
#Total wire length on LAYER C1 = 5644 um.
#Total wire length on LAYER C2 = 4791 um.
#Total wire length on LAYER C3 = 278 um.
#Total wire length on LAYER C4 = 0 um.
#Total wire length on LAYER BA = 0 um.
#Total wire length on LAYER BB = 0 um.
#Total wire length on LAYER JA = 0 um.
#Total wire length on LAYER JB = 0 um.
#Total wire length on LAYER LB = 0 um.
#Total number of vias = 10553
#Up-Via Summary (total 10553):
#           
#-----------------------
# M1                340
# M2               5139
# C1               4889
# C2                185
#-----------------------
#                 10553 
#
#Total number of DRC violations = 0
#Cpu time = 00:01:24
#Elapsed time = 00:00:11
#Increased memory = 27.19 (MB)
#Total memory = 2668.89 (MB)
#Peak memory = 2976.02 (MB)
#Skip updating routing design signature in db-snapshot flow
#route_detail Statistics:
#Cpu time = 00:01:24
#Elapsed time = 00:00:11
#Increased memory = 27.33 (MB)
#Total memory = 2668.89 (MB)
#Peak memory = 2976.02 (MB)
#
#route_global_detail statistics:
#Cpu time = 00:02:26
#Elapsed time = 00:00:27
#Increased memory = 136.45 (MB)
#Total memory = 2660.33 (MB)
#Peak memory = 2976.02 (MB)
#Number of warnings = 3
#Total number of warnings = 17
#Number of fails = 0
#Total number of fails = 0
#Complete route_global_detail on Sat Jan  3 09:28:22 2026
#
        NanoRoute done. (took cpu=0:02:26 real=0:00:27.5)
      flow.cputime  flow.realtime  timing.setup.tns  timing.setup.wns  snapshot
UM:*                                                                   NanoRoute
      Clock detailed routing done.
Skipping check of guided vs. routed net lengths.
Set FIXED routing status on 60 net(s)
Set FIXED placed status on 59 instance(s)
      Route Remaining Unrouted Nets...
Running route_early_global to complete any remaining unrouted nets.
[NR-eGR] Started Early Global Route kernel ( Curr Mem: 4176.96 MB )
[NR-eGR] Track table information for default rule: 
[NR-eGR] M1 has single uniform track structure
[NR-eGR] M2 has single uniform track structure
[NR-eGR] C1 has single uniform track structure
[NR-eGR] C2 has single uniform track structure
[NR-eGR] C3 has single uniform track structure
[NR-eGR] C4 has single uniform track structure
[NR-eGR] BA has single uniform track structure
[NR-eGR] BB has single uniform track structure
[NR-eGR] JA has single uniform track structure
[NR-eGR] JB has single uniform track structure
[NR-eGR] LB has single uniform track structure
[NR-eGR] Read 21 PG shapes
[NR-eGR] Read 0 clock shapes
[NR-eGR] Read 0 other shapes
[NR-eGR] #Routing Blockages  : 31
[NR-eGR] #Instance Blockages : 100472
[NR-eGR] #PG Blockages       : 21
[NR-eGR] #Halo Blockages     : 0
[NR-eGR] #Boundary Blockages : 0
[NR-eGR] #Clock Blockages    : 0
[NR-eGR] #Other Blockages    : 0
[NR-eGR] Num Prerouted Nets = 60  Num Prerouted Wires = 17592
[NR-eGR] Read 38558 nets ( ignored 60 )
[NR-eGR] ============ Routing rule table ============
[NR-eGR] Rule id: 1  Nets: 38498
[NR-eGR] ========================================
[NR-eGR] 
[NR-eGR] Layer group 1: route 38498 net(s) in layer range [2, 11]
[NR-eGR] Early Global Route overflow of layer group 1: 0.47% H + 0.74% V. EstWL: 5.371898e+05um
[NR-eGR] Congestion Analysis By layer: (blocked Gcells are excluded) 
[NR-eGR]                        OverCon           OverCon           OverCon            
[NR-eGR]                         #Gcell            #Gcell            #Gcell     %Gcell
[NR-eGR]        Layer             (1-4)             (5-8)               (9)    OverCon
[NR-eGR] --------------------------------------------------------------------------------
[NR-eGR]      M1 ( 1)         0( 0.00%)         0( 0.00%)         0( 0.00%)   ( 0.00%) 
[NR-eGR]      M2 ( 2)       957( 0.98%)         0( 0.00%)         0( 0.00%)   ( 0.98%) 
[NR-eGR]      C1 ( 3)       802( 0.82%)         2( 0.00%)         0( 0.00%)   ( 0.82%) 
[NR-eGR]      C2 ( 4)        93( 0.10%)         8( 0.01%)         0( 0.00%)   ( 0.10%) 
[NR-eGR]      C3 ( 5)       228( 0.23%)         6( 0.01%)         0( 0.00%)   ( 0.24%) 
[NR-eGR]      C4 ( 6)        92( 0.09%)        25( 0.03%)         1( 0.00%)   ( 0.12%) 
[NR-eGR]      BA ( 7)        42( 0.04%)         1( 0.00%)         0( 0.00%)   ( 0.04%) 
[NR-eGR]      BB ( 8)        17( 0.02%)        14( 0.01%)         0( 0.00%)   ( 0.03%) 
[NR-eGR]      JA ( 9)         0( 0.00%)         0( 0.00%)         0( 0.00%)   ( 0.00%) 
[NR-eGR]      JB (10)         0( 0.00%)         0( 0.00%)         0( 0.00%)   ( 0.00%) 
[NR-eGR]      LB (11)         0( 0.00%)         0( 0.00%)         0( 0.00%)   ( 0.00%) 
[NR-eGR] --------------------------------------------------------------------------------
[NR-eGR]        Total      2231( 0.30%)        56( 0.01%)         1( 0.00%)   ( 0.30%) 
[NR-eGR] 
[NR-eGR] Overflow after Early Global Route 0.09% H + 0.21% V
[NR-eGR]             Length (um)    Vias 
[NR-eGR] --------------------------------
[NR-eGR]  M1  (1V)             0  111176 
[NR-eGR]  M2  (2H)         69248  216053 
[NR-eGR]  C1  (3V)        137433   57930 
[NR-eGR]  C2  (4H)        100769   23375 
[NR-eGR]  C3  (5V)        125729    9873 
[NR-eGR]  C4  (6H)         66316    2596 
[NR-eGR]  BA  (7V)         46241    1275 
[NR-eGR]  BB  (8H)         16528      48 
[NR-eGR]  JA  (9V)           166       0 
[NR-eGR]  JB  (10H)            0       0 
[NR-eGR]  LB  (11V)            0       0 
[NR-eGR] --------------------------------
[NR-eGR]      Total       562431  422326 
[NR-eGR] --------------------------------------------------------------------------
[NR-eGR] Total half perimeter of net bounding box: 456633um
[NR-eGR] Total length: 562431um, number of vias: 422326
[NR-eGR] --------------------------------------------------------------------------
[NR-eGR] Total eGR-routed clock nets wire length: 0um, number of vias: 0
[NR-eGR] --------------------------------------------------------------------------
[NR-eGR] Finished Early Global Route kernel ( CPU: 7.10 sec, Real: 2.79 sec, Curr Mem: 4219.68 MB )
      Route Remaining Unrouted Nets done. (took cpu=0:00:07.2 real=0:00:02.9)
      flow.cputime  flow.realtime  timing.setup.tns  timing.setup.wns  snapshot
UM:*                                                                   Route Remaining Unrouted Nets
    Routing using NR in eGR->NR Step done.
Net route status summary:
  Clock:        60 (unrouted=0, trialRouted=0, noStatus=0, routed=0, fixed=60, [crossesIlmBoundary=0, tooFewTerms=0, (crossesIlmBoundary AND tooFewTerms=0)])
  Non-clock: 58431 (unrouted=19933, trialRouted=38498, noStatus=0, routed=0, fixed=0, [crossesIlmBoundary=0, tooFewTerms=19933, (crossesIlmBoundary AND tooFewTerms=0)])

CCOPT: Done with clock implementation routing.

    Leaving CCOpt scope - Routing Tools done. (took cpu=0:02:36 real=0:00:32.9)
  Clock implementation routing done.
  Leaving CCOpt scope - extractRC...
  Updating RC parasitics by calling: "extract_rc -noRouteCheck"...
Extraction called for design 'Silago_top_right_corner' of instances=36319 and nets=58491 using extraction engine 'pre_route' .
**WARN: (IMPEXT-3530):	The process node is not set. Use the command set_design_mode -process <process node> prior to extraction for maximum accuracy and optimal automatic threshold setting.
Type 'man IMPEXT-3530' for more detail.
pre_route RC Extraction called for design Silago_top_right_corner.
RC Extraction called in multi-corner(3) mode.
RCMode: PreRoute
      RC Corner Indexes            0       1       2   
Capacitance Scaling Factor   : 1.00000 1.00000 1.00000 
Resistance Scaling Factor    : 1.00000 1.00000 1.00000 
Clock Cap. Scaling Factor    : 1.00000 1.00000 1.00000 
Clock Res. Scaling Factor    : 1.00000 1.00000 1.00000 
Shrink Factor                : 1.00000
PreRoute extraction is honoring NDR/Shielding/ExtraSpace for clock nets.
Using Quantus QRC technology file ...
Updating RC grid for preRoute extraction ...
Initializing multi-corner resistance tables ...
PreRoute RC Extraction DONE (CPU Time: 0:00:01.0  Real Time: 0:00:01.0  MEM: 4177.676M)
  Updating RC parasitics by calling: "extract_rc -noRouteCheck" done.
  Leaving CCOpt scope - extractRC done. (took cpu=0:00:01.0 real=0:00:00.9)
  Clock tree timing engine global stage delay update for WC_dc:setup.late...
  Clock tree timing engine global stage delay update for WC_dc:setup.late done. (took cpu=0:00:00.4 real=0:00:00.1)
  Clock DAG stats after routing clock trees:
    cell counts      : b=59, i=0, icg=0, dcg=0, l=0, total=59
    sink counts      : regular=5026, enable_latch=0, load_capacitance=0, antenna=0, node_sink=0, total=5026
    misc counts      : r=1, pp=0
    cell areas       : b=74.547um^2, i=0.000um^2, icg=0.000um^2, dcg=0.000um^2, l=0.000um^2, total=74.547um^2
    cell capacitance : b=157.181fF, i=0.000fF, icg=0.000fF, dcg=0.000fF, l=0.000fF, total=157.181fF
    sink capacitance : total=3697.131fF, avg=0.736fF, sd=0.034fF, min=0.679fF, max=0.757fF
    wire capacitance : top=0.000fF, trunk=147.168fF, leaf=1386.402fF, total=1533.571fF
    wire lengths     : top=0.000um, trunk=1121.578um, leaf=9787.780um, total=10909.358um
    hp wire lengths  : top=0.000um, trunk=882.200um, leaf=2771.384um, total=3653.584um
  Clock DAG net violations after routing clock trees:
    Remaining Transition : {count=1, worst=[0.7ps]} avg=0.7ps sd=0.0ps sum=0.7ps
  Clock DAG primary half-corner transition distribution after routing clock trees:
    Trunk : target=87.8ps count=9 avg=35.1ps sd=15.0ps min=9.5ps max=57.6ps {8 <= 52.7ps, 1 <= 70.2ps, 0 <= 79.0ps, 0 <= 83.4ps, 0 <= 87.8ps}
    Leaf  : target=87.8ps count=51 avg=77.3ps sd=5.4ps min=63.7ps max=88.5ps {0 <= 52.7ps, 5 <= 70.2ps, 22 <= 79.0ps, 19 <= 83.4ps, 4 <= 87.8ps} {1 <= 92.2ps, 0 <= 96.6ps, 0 <= 105.4ps, 0 <= 131.7ps, 0 > 131.7ps}
  Clock DAG library cell distribution after routing clock trees {count}:
     Bufs: SC8T_BUFX24_CSC28L: 2 SC8T_BUFX20_CSC28L: 1 SC8T_BUFX16_CSC28L: 6 SC8T_BUFX12_CSC28L: 28 SC8T_BUFX10_CSC28L: 19 SC8T_BUFX8_CSC28L: 1 SC8T_BUFX6_CSC28L: 1 SC8T_BUFX3_CSC28L: 1 
  Primary reporting skew groups after routing clock trees:
    skew_group clk/functional: insertion delay [min=205.8, max=256.4, avg=242.6, sd=7.9], skew [50.6 vs 53.8], 100% {205.8, 256.4} (wid=53.8 ws=36.3) (gid=221.6 gs=40.2)
  Skew group summary after routing clock trees:
    skew_group clk/functional: insertion delay [min=205.8, max=256.4, avg=242.6, sd=7.9], skew [50.6 vs 53.8], 100% {205.8, 256.4} (wid=53.8 ws=36.3) (gid=221.6 gs=40.2)
  CCOpt::Phase::Routing done. (took cpu=0:02:38 real=0:00:34.2)
      flow.cputime  flow.realtime  timing.setup.tns  timing.setup.wns  snapshot
UM:*                                                                   CCOpt::Phase::Routing
  CCOpt::Phase::PostConditioning...
  Leaving CCOpt scope - Initializing placement interface...

**Info: (IMPSP-2062): Some of the PG shapes may not be colorized properly in this design, users are required to run command colorizePowerMesh before any placement related commands!
  Leaving CCOpt scope - Initializing placement interface done. (took cpu=0:00:00.2 real=0:00:00.2)
  PostConditioning...
    PostConditioning active optimizations:
     - DRV fixing with initial upsizing, sizing and buffering
     - Skew fixing with sizing
    
    Currently running CTS, using active skew data
    Reset bufferability constraints...
    Resetting previous bufferability status on all nets so that PostConditioning will attempt to fix all clock tree violations.
    Reset bufferability constraints done. (took cpu=0:00:00.0 real=0:00:00.0)
    PostConditioning Upsizing To Fix DRVs...
      Fixing clock tree DRVs with upsizing: ...20% ...40% ...60% ...80% ...100% 
      CCOpt-PostConditioning: considered: 60, tested: 60, violation detected: 1, violation ignored (due to small violation): 0, cannot run: 0, attempted: 1, unsuccessful: 0, sized: 1
      
      Statistics: Fix DRVs (initial upsizing):
      ========================================
      
      Cell changes by Net Type:
      
      ----------------------------------------------------------------------------------------------------------------------------
      Net Type    Attempted            Upsized              Downsized    Swapped Same Size    Total Changed        Not Sized
      ----------------------------------------------------------------------------------------------------------------------------
      top                0                    0                    0            0                    0                    0
      trunk              0                    0                    0            0                    0                    0
      leaf               1 [100.0%]           1 (100.0%)           0            0                    1 (100.0%)           0 (0.0%)
      ----------------------------------------------------------------------------------------------------------------------------
      Total              1 [100.0%]           1 (100.0%)           0            0                    1 (100.0%)           0 (0.0%)
      ----------------------------------------------------------------------------------------------------------------------------
      
      Upsized: 1, Downsized: 0, Sized but same area: 0, Unchanged: 0, Area change: 0.200um^2 (0.268%)
      Max. move: 0.000um, Min. move: 0.000um, Avg. move: 0.000um
      
      Clock DAG stats after 'PostConditioning Upsizing To Fix DRVs':
        cell counts      : b=59, i=0, icg=0, dcg=0, l=0, total=59
        sink counts      : regular=5026, enable_latch=0, load_capacitance=0, antenna=0, node_sink=0, total=5026
        misc counts      : r=1, pp=0
        cell areas       : b=74.747um^2, i=0.000um^2, icg=0.000um^2, dcg=0.000um^2, l=0.000um^2, total=74.747um^2
        cell capacitance : b=157.588fF, i=0.000fF, icg=0.000fF, dcg=0.000fF, l=0.000fF, total=157.588fF
        sink capacitance : total=3697.131fF, avg=0.736fF, sd=0.034fF, min=0.679fF, max=0.757fF
        wire capacitance : top=0.000fF, trunk=147.168fF, leaf=1386.402fF, total=1533.571fF
        wire lengths     : top=0.000um, trunk=1121.578um, leaf=9787.780um, total=10909.358um
        hp wire lengths  : top=0.000um, trunk=882.200um, leaf=2771.384um, total=3653.584um
      Clock DAG net violations after 'PostConditioning Upsizing To Fix DRVs': none
      Clock DAG primary half-corner transition distribution after 'PostConditioning Upsizing To Fix DRVs':
        Trunk : target=87.8ps count=9 avg=35.1ps sd=15.0ps min=9.5ps max=57.6ps {8 <= 52.7ps, 1 <= 70.2ps, 0 <= 79.0ps, 0 <= 83.4ps, 0 <= 87.8ps}
        Leaf  : target=87.8ps count=51 avg=77.0ps sd=5.2ps min=63.7ps max=86.0ps {0 <= 52.7ps, 5 <= 70.2ps, 23 <= 79.0ps, 19 <= 83.4ps, 4 <= 87.8ps}
      Clock DAG library cell distribution after 'PostConditioning Upsizing To Fix DRVs' {count}:
         Bufs: SC8T_BUFX24_CSC28L: 2 SC8T_BUFX20_CSC28L: 1 SC8T_BUFX16_CSC28L: 6 SC8T_BUFX12_CSC28L: 29 SC8T_BUFX10_CSC28L: 18 SC8T_BUFX8_CSC28L: 1 SC8T_BUFX6_CSC28L: 1 SC8T_BUFX3_CSC28L: 1 
      Primary reporting skew groups after 'PostConditioning Upsizing To Fix DRVs':
        skew_group clk/functional: insertion delay [min=205.8, max=256.4], skew [50.6 vs 53.8]
      Skew group summary after 'PostConditioning Upsizing To Fix DRVs':
        skew_group clk/functional: insertion delay [min=205.8, max=256.4], skew [50.6 vs 53.8]
      Legalizer API calls during this step: 5 succeeded with high effort: 5 succeeded with medium effort: 0 succeeded with low effort: 0 succeeded with basic effort: 0 succeeded with basic unbounded effort: 0
    PostConditioning Upsizing To Fix DRVs done. (took cpu=0:00:00.4 real=0:00:00.4)
      flow.cputime  flow.realtime  timing.setup.tns  timing.setup.wns  snapshot
UM:*                                                                   PostConditioning Upsizing To Fix DRVs
    Recomputing CTS skew targets...
    Resolving skew group constraints...
      Solving LP: 1 skew groups; 2 fragments, 2 fraglets and 3 vertices; 25 variables and 66 constraints; tolerance 1
    Resolving skew group constraints done.
    Recomputing CTS skew targets done. (took cpu=0:00:00.5 real=0:00:00.5)
    PostConditioning Fixing DRVs...
      Fixing clock tree DRVs: ...20% ...40% ...60% ...80% ...100% 
      CCOpt-PostConditioning: considered: 60, tested: 60, violation detected: 0, violation ignored (due to small violation): 0, cannot run: 0, attempted: 0, unsuccessful: 0, sized: 0
      
      Statistics: Fix DRVs (cell sizing):
      ===================================
      
      Cell changes by Net Type:
      
      -------------------------------------------------------------------------------------------------
      Net Type    Attempted    Upsized     Downsized    Swapped Same Size    Total Changed    Not Sized
      -------------------------------------------------------------------------------------------------
      top                0            0           0            0                    0                0
      trunk              0            0           0            0                    0                0
      leaf               0            0           0            0                    0                0
      -------------------------------------------------------------------------------------------------
      Total              0            0           0            0                    0                0
      -------------------------------------------------------------------------------------------------
      
      Upsized: 0, Downsized: 0, Sized but same area: 0, Unchanged: 0, Area change: 0.000um^2 (0.000%)
      Max. move: 0.000um, Min. move: 0.000um, Avg. move: N/A
      
      Clock DAG stats after 'PostConditioning Fixing DRVs':
        cell counts      : b=59, i=0, icg=0, dcg=0, l=0, total=59
        sink counts      : regular=5026, enable_latch=0, load_capacitance=0, antenna=0, node_sink=0, total=5026
        misc counts      : r=1, pp=0
        cell areas       : b=74.747um^2, i=0.000um^2, icg=0.000um^2, dcg=0.000um^2, l=0.000um^2, total=74.747um^2
        cell capacitance : b=157.588fF, i=0.000fF, icg=0.000fF, dcg=0.000fF, l=0.000fF, total=157.588fF
        sink capacitance : total=3697.131fF, avg=0.736fF, sd=0.034fF, min=0.679fF, max=0.757fF
        wire capacitance : top=0.000fF, trunk=147.168fF, leaf=1386.402fF, total=1533.571fF
        wire lengths     : top=0.000um, trunk=1121.578um, leaf=9787.780um, total=10909.358um
        hp wire lengths  : top=0.000um, trunk=882.200um, leaf=2771.384um, total=3653.584um
      Clock DAG net violations after 'PostConditioning Fixing DRVs': none
      Clock DAG primary half-corner transition distribution after 'PostConditioning Fixing DRVs':
        Trunk : target=87.8ps count=9 avg=35.1ps sd=15.0ps min=9.5ps max=57.6ps {8 <= 52.7ps, 1 <= 70.2ps, 0 <= 79.0ps, 0 <= 83.4ps, 0 <= 87.8ps}
        Leaf  : target=87.8ps count=51 avg=77.0ps sd=5.2ps min=63.7ps max=86.0ps {0 <= 52.7ps, 5 <= 70.2ps, 23 <= 79.0ps, 19 <= 83.4ps, 4 <= 87.8ps}
      Clock DAG library cell distribution after 'PostConditioning Fixing DRVs' {count}:
         Bufs: SC8T_BUFX24_CSC28L: 2 SC8T_BUFX20_CSC28L: 1 SC8T_BUFX16_CSC28L: 6 SC8T_BUFX12_CSC28L: 29 SC8T_BUFX10_CSC28L: 18 SC8T_BUFX8_CSC28L: 1 SC8T_BUFX6_CSC28L: 1 SC8T_BUFX3_CSC28L: 1 
      Primary reporting skew groups after 'PostConditioning Fixing DRVs':
        skew_group clk/functional: insertion delay [min=205.8, max=256.4], skew [50.6 vs 53.8]
      Skew group summary after 'PostConditioning Fixing DRVs':
        skew_group clk/functional: insertion delay [min=205.8, max=256.4], skew [50.6 vs 53.8]
      Legalizer API calls during this step: 0 succeeded with high effort: 0 succeeded with medium effort: 0 succeeded with low effort: 0 succeeded with basic effort: 0 succeeded with basic unbounded effort: 0
    PostConditioning Fixing DRVs done. (took cpu=0:00:00.1 real=0:00:00.1)
      flow.cputime  flow.realtime  timing.setup.tns  timing.setup.wns  snapshot
UM:*                                                                   PostConditioning Fixing DRVs
    Buffering to fix DRVs...
    Fixing DRVs with route buffering pass 1. Quick buffering: enabled
    Rebuffering to fix clock tree DRVs: ...20% ...40% ...60% ...80% ...100% 
    Inserted 0 buffers and inverters.
    success count. Default: 0, QS: 0, QD: 0, FS: 0, MQS: 0
    CCOpt-PostConditioning: nets considered: 60, nets tested: 60, nets violation detected: 0, nets violation ignored (due to small violation): 0, nets cannot run: 0, nets attempted: 0, nets unsuccessful: 0, buffered: 0
    Clock DAG stats PostConditioning after re-buffering DRV fixing:
      cell counts      : b=59, i=0, icg=0, dcg=0, l=0, total=59
      sink counts      : regular=5026, enable_latch=0, load_capacitance=0, antenna=0, node_sink=0, total=5026
      misc counts      : r=1, pp=0
      cell areas       : b=74.747um^2, i=0.000um^2, icg=0.000um^2, dcg=0.000um^2, l=0.000um^2, total=74.747um^2
      cell capacitance : b=157.588fF, i=0.000fF, icg=0.000fF, dcg=0.000fF, l=0.000fF, total=157.588fF
      sink capacitance : total=3697.131fF, avg=0.736fF, sd=0.034fF, min=0.679fF, max=0.757fF
      wire capacitance : top=0.000fF, trunk=147.168fF, leaf=1386.402fF, total=1533.571fF
      wire lengths     : top=0.000um, trunk=1121.578um, leaf=9787.780um, total=10909.358um
      hp wire lengths  : top=0.000um, trunk=882.200um, leaf=2771.384um, total=3653.584um
    Clock DAG net violations PostConditioning after re-buffering DRV fixing: none
    Clock DAG primary half-corner transition distribution PostConditioning after re-buffering DRV fixing:
      Trunk : target=87.8ps count=9 avg=35.1ps sd=15.0ps min=9.5ps max=57.6ps {8 <= 52.7ps, 1 <= 70.2ps, 0 <= 79.0ps, 0 <= 83.4ps, 0 <= 87.8ps}
      Leaf  : target=87.8ps count=51 avg=77.0ps sd=5.2ps min=63.7ps max=86.0ps {0 <= 52.7ps, 5 <= 70.2ps, 23 <= 79.0ps, 19 <= 83.4ps, 4 <= 87.8ps}
    Clock DAG library cell distribution PostConditioning after re-buffering DRV fixing {count}:
       Bufs: SC8T_BUFX24_CSC28L: 2 SC8T_BUFX20_CSC28L: 1 SC8T_BUFX16_CSC28L: 6 SC8T_BUFX12_CSC28L: 29 SC8T_BUFX10_CSC28L: 18 SC8T_BUFX8_CSC28L: 1 SC8T_BUFX6_CSC28L: 1 SC8T_BUFX3_CSC28L: 1 
    Primary reporting skew groups PostConditioning after re-buffering DRV fixing:
      skew_group clk/functional: insertion delay [min=205.8, max=256.4, avg=242.5, sd=8.1], skew [50.6 vs 53.8], 100% {205.8, 256.4} (wid=53.8 ws=36.3) (gid=221.6 gs=40.2)
    Skew group summary PostConditioning after re-buffering DRV fixing:
      skew_group clk/functional: insertion delay [min=205.8, max=256.4, avg=242.5, sd=8.1], skew [50.6 vs 53.8], 100% {205.8, 256.4} (wid=53.8 ws=36.3) (gid=221.6 gs=40.2)
    Buffering to fix DRVs done. (took cpu=0:00:00.1 real=0:00:00.1)
      flow.cputime  flow.realtime  timing.setup.tns  timing.setup.wns  snapshot
UM:*                                                                   Buffering to fix DRVs
    PostConditioning Fixing Skew by cell sizing...
      Resized 0 clock insts to decrease delay.
      Resized 0 clock insts to increase delay.
      
      Statistics: Fix Skew (cell sizing):
      ===================================
      
      Cell changes by Net Type:
      
      -------------------------------------------------------------------------------------------------
      Net Type    Attempted    Upsized     Downsized    Swapped Same Size    Total Changed    Not Sized
      -------------------------------------------------------------------------------------------------
      top                0            0           0            0                    0                0
      trunk              0            0           0            0                    0                0
      leaf               0            0           0            0                    0                0
      -------------------------------------------------------------------------------------------------
      Total              0            0           0            0                    0                0
      -------------------------------------------------------------------------------------------------
      
      Upsized: 0, Downsized: 0, Sized but same area: 0, Unchanged: 0, Area change: 0.000um^2 (0.000%)
      Max. move: 0.000um, Min. move: 0.000um, Avg. move: N/A
      
      Clock DAG stats after 'PostConditioning Fixing Skew by cell sizing':
        cell counts      : b=59, i=0, icg=0, dcg=0, l=0, total=59
        sink counts      : regular=5026, enable_latch=0, load_capacitance=0, antenna=0, node_sink=0, total=5026
        misc counts      : r=1, pp=0
        cell areas       : b=74.747um^2, i=0.000um^2, icg=0.000um^2, dcg=0.000um^2, l=0.000um^2, total=74.747um^2
        cell capacitance : b=157.588fF, i=0.000fF, icg=0.000fF, dcg=0.000fF, l=0.000fF, total=157.588fF
        sink capacitance : total=3697.131fF, avg=0.736fF, sd=0.034fF, min=0.679fF, max=0.757fF
        wire capacitance : top=0.000fF, trunk=147.168fF, leaf=1386.402fF, total=1533.571fF
        wire lengths     : top=0.000um, trunk=1121.578um, leaf=9787.780um, total=10909.358um
        hp wire lengths  : top=0.000um, trunk=882.200um, leaf=2771.384um, total=3653.584um
      Clock DAG net violations after 'PostConditioning Fixing Skew by cell sizing': none
      Clock DAG primary half-corner transition distribution after 'PostConditioning Fixing Skew by cell sizing':
        Trunk : target=87.8ps count=9 avg=35.1ps sd=15.0ps min=9.5ps max=57.6ps {8 <= 52.7ps, 1 <= 70.2ps, 0 <= 79.0ps, 0 <= 83.4ps, 0 <= 87.8ps}
        Leaf  : target=87.8ps count=51 avg=77.0ps sd=5.2ps min=63.7ps max=86.0ps {0 <= 52.7ps, 5 <= 70.2ps, 23 <= 79.0ps, 19 <= 83.4ps, 4 <= 87.8ps}
      Clock DAG library cell distribution after 'PostConditioning Fixing Skew by cell sizing' {count}:
         Bufs: SC8T_BUFX24_CSC28L: 2 SC8T_BUFX20_CSC28L: 1 SC8T_BUFX16_CSC28L: 6 SC8T_BUFX12_CSC28L: 29 SC8T_BUFX10_CSC28L: 18 SC8T_BUFX8_CSC28L: 1 SC8T_BUFX6_CSC28L: 1 SC8T_BUFX3_CSC28L: 1 
      Primary reporting skew groups after 'PostConditioning Fixing Skew by cell sizing':
        skew_group clk/functional: insertion delay [min=205.8, max=256.4, avg=242.5, sd=8.1], skew [50.6 vs 53.8], 100% {205.8, 256.4} (wid=53.8 ws=36.3) (gid=221.6 gs=40.2)
      Skew group summary after 'PostConditioning Fixing Skew by cell sizing':
        skew_group clk/functional: insertion delay [min=205.8, max=256.4, avg=242.5, sd=8.1], skew [50.6 vs 53.8], 100% {205.8, 256.4} (wid=53.8 ws=36.3) (gid=221.6 gs=40.2)
      Legalizer API calls during this step: 0 succeeded with high effort: 0 succeeded with medium effort: 0 succeeded with low effort: 0 succeeded with basic effort: 0 succeeded with basic unbounded effort: 0
    PostConditioning Fixing Skew by cell sizing done. (took cpu=0:00:00.2 real=0:00:00.2)
      flow.cputime  flow.realtime  timing.setup.tns  timing.setup.wns  snapshot
UM:*                                                                   PostConditioning Fixing Skew by cell sizing
    Reconnecting optimized routes...
    Reset timing graph...
Ignoring AAE DB Resetting ...
    Reset timing graph done.
    Reconnecting optimized routes done. (took cpu=0:00:00.1 real=0:00:00.1)
    Leaving CCOpt scope - Cleaning up placement interface...
    Leaving CCOpt scope - Cleaning up placement interface done. (took cpu=0:00:00.2 real=0:00:00.1)
    Leaving CCOpt scope - ClockRefiner...
    Soft fixed 59 clock instances.
    Performing Single Pass Refine Place.

**Info: (IMPSP-2062): Some of the PG shapes may not be colorized properly in this design, users are required to run command colorizePowerMesh before any placement related commands!
*** Starting place_detail (0:32:02 mem=4177.9M) ***
Total net bbox length = 4.566e+05 (1.998e+05 2.569e+05) (ext = 1.492e+05)

**Info: (IMPSP-2062): Some of the PG shapes may not be colorized properly in this design, users are required to run command colorizePowerMesh before any placement related commands!
Move report: Detail placement moves 0 insts, mean move: 0.00 um, max move: 0.00 um 
	Runtime: CPU: 0:00:03.8 REAL: 0:00:01.0 MEM: 4153.4MB
Summary Report:
Instances move: 0 (out of 36319 movable)
Instances flipped: 0
Mean displacement: 0.00 um
Max displacement: 0.00 um 
Total net bbox length = 4.566e+05 (1.998e+05 2.569e+05) (ext = 1.492e+05)
Runtime: CPU: 0:00:03.9 REAL: 0:00:01.0 MEM: 4153.4MB
*** Finished place_detail (0:32:06 mem=4153.4M) ***
    ClockRefiner summary
    All clock instances: Moved 0, flipped 0 and cell swapped 0 (out of a total of 5085).
    Restoring place_status_cts on 59 clock instances.
    Leaving CCOpt scope - ClockRefiner done. (took cpu=0:00:04.4 real=0:00:02.1)
  PostConditioning done.
Net route status summary:
  Clock:        60 (unrouted=0, trialRouted=0, noStatus=0, routed=0, fixed=60, [crossesIlmBoundary=0, tooFewTerms=0, (crossesIlmBoundary AND tooFewTerms=0)])
  Non-clock: 58431 (unrouted=19933, trialRouted=38498, noStatus=0, routed=0, fixed=0, [crossesIlmBoundary=0, tooFewTerms=19933, (crossesIlmBoundary AND tooFewTerms=0)])
  Update timing and DAG stats after post-conditioning...
  Update timing and DAG stats after post-conditioning done. (took cpu=0:00:00.0 real=0:00:00.0)
  Clock tree timing engine global stage delay update for WC_dc:setup.late...
  Clock tree timing engine global stage delay update for WC_dc:setup.late done. (took cpu=0:00:00.3 real=0:00:00.1)
  Clock DAG stats after post-conditioning:
    cell counts      : b=59, i=0, icg=0, dcg=0, l=0, total=59
    sink counts      : regular=5026, enable_latch=0, load_capacitance=0, antenna=0, node_sink=0, total=5026
    misc counts      : r=1, pp=0
    cell areas       : b=74.747um^2, i=0.000um^2, icg=0.000um^2, dcg=0.000um^2, l=0.000um^2, total=74.747um^2
    cell capacitance : b=157.588fF, i=0.000fF, icg=0.000fF, dcg=0.000fF, l=0.000fF, total=157.588fF
    sink capacitance : total=3697.131fF, avg=0.736fF, sd=0.034fF, min=0.679fF, max=0.757fF
    wire capacitance : top=0.000fF, trunk=147.168fF, leaf=1386.402fF, total=1533.571fF
    wire lengths     : top=0.000um, trunk=1121.578um, leaf=9787.780um, total=10909.358um
    hp wire lengths  : top=0.000um, trunk=882.200um, leaf=2771.384um, total=3653.584um
  Clock DAG net violations after post-conditioning: none
  Clock DAG primary half-corner transition distribution after post-conditioning:
    Trunk : target=87.8ps count=9 avg=35.1ps sd=15.0ps min=9.5ps max=57.6ps {8 <= 52.7ps, 1 <= 70.2ps, 0 <= 79.0ps, 0 <= 83.4ps, 0 <= 87.8ps}
    Leaf  : target=87.8ps count=51 avg=77.0ps sd=5.2ps min=63.7ps max=86.0ps {0 <= 52.7ps, 5 <= 70.2ps, 23 <= 79.0ps, 19 <= 83.4ps, 4 <= 87.8ps}
  Clock DAG library cell distribution after post-conditioning {count}:
     Bufs: SC8T_BUFX24_CSC28L: 2 SC8T_BUFX20_CSC28L: 1 SC8T_BUFX16_CSC28L: 6 SC8T_BUFX12_CSC28L: 29 SC8T_BUFX10_CSC28L: 18 SC8T_BUFX8_CSC28L: 1 SC8T_BUFX6_CSC28L: 1 SC8T_BUFX3_CSC28L: 1 
  Primary reporting skew groups after post-conditioning:
    skew_group clk/functional: insertion delay [min=205.8, max=256.4, avg=242.5, sd=8.1], skew [50.6 vs 53.8], 100% {205.8, 256.4} (wid=53.8 ws=36.3) (gid=221.6 gs=40.2)
  Skew group summary after post-conditioning:
    skew_group clk/functional: insertion delay [min=205.8, max=256.4, avg=242.5, sd=8.1], skew [50.6 vs 53.8], 100% {205.8, 256.4} (wid=53.8 ws=36.3) (gid=221.6 gs=40.2)
  CCOpt::Phase::PostConditioning done. (took cpu=0:00:07.8 real=0:00:05.1)
      flow.cputime  flow.realtime  timing.setup.tns  timing.setup.wns  snapshot
UM:*                                                                   CCOpt::Phase::PostConditioning
  Post-balance tidy up or trial balance steps...
  
  Clock DAG stats at end of CTS:
  ==============================
  
  --------------------------------------------------------
  Cell type                 Count    Area      Capacitance
  --------------------------------------------------------
  Buffers                    59      74.747      157.588
  Inverters                   0       0.000        0.000
  Integrated Clock Gates      0       0.000        0.000
  Discrete Clock Gates        0       0.000        0.000
  Clock Logic                 0       0.000        0.000
  All                        59      74.747      157.588
  --------------------------------------------------------
  
  
  Clock DAG sink counts at end of CTS:
  ====================================
  
  -------------------------
  Sink type           Count
  -------------------------
  Regular             5026
  Enable Latch           0
  Load Capacitance       0
  Antenna Diode          0
  Node Sink              0
  Total               5026
  -------------------------
  
  
  Clock DAG wire lengths at end of CTS:
  =====================================
  
  --------------------
  Type     Wire Length
  --------------------
  Top           0.000
  Trunk      1121.578
  Leaf       9787.780
  Total     10909.358
  --------------------
  
  
  Clock DAG hp wire lengths at end of CTS:
  ========================================
  
  -----------------------
  Type     hp Wire Length
  -----------------------
  Top            0.000
  Trunk        882.200
  Leaf        2771.384
  Total       3653.584
  -----------------------
  
  
  Clock DAG capacitances at end of CTS:
  =====================================
  
  -----------------------------------------
  Type     Gate        Wire        Total
  -----------------------------------------
  Top         0.000       0.000       0.000
  Trunk     157.588     147.168     304.756
  Leaf     3697.131    1386.402    5083.534
  Total    3854.720    1533.571    5388.290
  -----------------------------------------
  
  
  Clock DAG sink capacitances at end of CTS:
  ==========================================
  
  --------------------------------------------------
  Total       Average    Std. Dev.    Min      Max
  --------------------------------------------------
  3697.131     0.736       0.034      0.679    0.757
  --------------------------------------------------
  
  
  Clock DAG net violations at end of CTS:
  =======================================
  
  None
  
  
  Clock DAG primary half-corner transition distribution at end of CTS:
  ====================================================================
  
  ---------------------------------------------------------------------------------------------------------------------------------------------------------
  Net Type    Target    Count    Average    Std. Dev.    Min     Max     Distribution                                                           Over Target
  ---------------------------------------------------------------------------------------------------------------------------------------------------------
  Trunk        87.8       9       35.1        15.0        9.5    57.6    {8 <= 52.7ps, 1 <= 70.2ps, 0 <= 79.0ps, 0 <= 83.4ps, 0 <= 87.8ps}           -
  Leaf         87.8      51       77.0         5.2       63.7    86.0    {0 <= 52.7ps, 5 <= 70.2ps, 23 <= 79.0ps, 19 <= 83.4ps, 4 <= 87.8ps}         -
  ---------------------------------------------------------------------------------------------------------------------------------------------------------
  
  
  Clock DAG library cell distribution at end of CTS:
  ==================================================
  
  ---------------------------------------------------
  Name                  Type      Inst     Inst Area 
                                  Count    (um^2)
  ---------------------------------------------------
  SC8T_BUFX24_CSC28L    buffer      2         4.925
  SC8T_BUFX20_CSC28L    buffer      1         2.063
  SC8T_BUFX16_CSC28L    buffer      6         9.984
  SC8T_BUFX12_CSC28L    buffer     29        36.675
  SC8T_BUFX10_CSC28L    buffer     18        19.169
  SC8T_BUFX8_CSC28L     buffer      1         0.865
  SC8T_BUFX6_CSC28L     buffer      1         0.666
  SC8T_BUFX3_CSC28L     buffer      1         0.399
  ---------------------------------------------------
  
  
  Primary reporting skew groups summary at end of CTS:
  ====================================================
  
  ---------------------------------------------------------------------------------------------------------------------------------------------------------------
  Half-corner         Skew Group        Min ID    Max ID    Skew    Skew target    Wire skew    Worst sink skew    Average ID    Std.Dev    Skew window occupancy
  ---------------------------------------------------------------------------------------------------------------------------------------------------------------
  WC_dc:setup.late    clk/functional    205.8     256.4     50.6       53.8          36.3            29.4            242.5         8.1      100% {205.8, 256.4}
  ---------------------------------------------------------------------------------------------------------------------------------------------------------------
  
  
  Skew group summary at end of CTS:
  =================================
  
  ---------------------------------------------------------------------------------------------------------------------------------------------------------------
  Half-corner         Skew Group        Min ID    Max ID    Skew    Skew target    Wire skew    Worst sink skew    Average ID    Std.Dev    Skew window occupancy
  ---------------------------------------------------------------------------------------------------------------------------------------------------------------
  WC_dc:setup.late    clk/functional    205.8     256.4     50.6       53.8          36.3            29.4            242.5         8.1      100% {205.8, 256.4}
  ---------------------------------------------------------------------------------------------------------------------------------------------------------------
  
  
  Found a total of 0 clock tree pins with a slew violation.
  
  Post-balance tidy up or trial balance steps done. (took cpu=0:00:00.2 real=0:00:00.2)
      flow.cputime  flow.realtime  timing.setup.tns  timing.setup.wns  snapshot
UM:*                                                                   Post-balance tidy up or trial balance steps
Synthesizing clock trees done.
Tidy Up And Update Timing...
External - Set all clocks to propagated mode...
Innovus updating I/O latencies
AAE_INFO: opIsDesignInPostRouteState() is 0
#################################################################################
# Design Stage: PreRoute
# Design Name: Silago_top_right_corner
# Design Mode: 90nm
# Analysis Mode: MMMC Non-OCV 
# Parasitics Mode: No SPEF/RCDB 
# Signoff Settings: SI Off 
#################################################################################
Start delay calculation (fullDC) (8 T). (MEM=47991.6)
Total number of fetched objects 38637
AAE_INFO: Total number of nets for which stage creation was skipped for all views 0
Total number of fetched objects 38637
AAE_INFO: Total number of nets for which stage creation was skipped for all views 0
Total number of fetched objects 38637
AAE_INFO: Total number of nets for which stage creation was skipped for all views 0
End delay calculation. (MEM=48370.1 CPU=0:00:03.8 REAL=0:00:01.0)
End delay calculation (fullDC). (MEM=48370.1 CPU=0:00:11.0 REAL=0:00:03.0)
	Clock: clk, View: AVF_RCTYP, Ideal Latency: 0, Propagated Latency: 173.72
	 Executing: set_clock_latency -source -early -min -rise -173.72 [get_pins clk]
	Clock: clk, View: AVF_RCTYP, Ideal Latency: 0, Propagated Latency: 173.72
	 Executing: set_clock_latency -source -late -min -rise -173.72 [get_pins clk]
	Clock: clk, View: AVF_RCTYP, Ideal Latency: 0, Propagated Latency: 168.005
	 Executing: set_clock_latency -source -early -min -fall -168.005 [get_pins clk]
	Clock: clk, View: AVF_RCTYP, Ideal Latency: 0, Propagated Latency: 168.005
	 Executing: set_clock_latency -source -late -min -fall -168.005 [get_pins clk]
	Clock: clk, View: AVF_RCBEST, Ideal Latency: 0, Propagated Latency: 180.038
	 Executing: set_clock_latency -source -early -min -rise -180.038 [get_pins clk]
	Clock: clk, View: AVF_RCBEST, Ideal Latency: 0, Propagated Latency: 180.038
	 Executing: set_clock_latency -source -late -min -rise -180.038 [get_pins clk]
	Clock: clk, View: AVF_RCBEST, Ideal Latency: 0, Propagated Latency: 165.804
	 Executing: set_clock_latency -source -early -min -fall -165.804 [get_pins clk]
	Clock: clk, View: AVF_RCBEST, Ideal Latency: 0, Propagated Latency: 165.804
	 Executing: set_clock_latency -source -late -min -fall -165.804 [get_pins clk]
	Clock: clk, View: AVF_RCWORST, Ideal Latency: 0, Propagated Latency: 251.749
	 Executing: set_clock_latency -source -early -max -rise -251.749 [get_pins clk]
	Clock: clk, View: AVF_RCWORST, Ideal Latency: 0, Propagated Latency: 251.749
	 Executing: set_clock_latency -source -late -max -rise -251.749 [get_pins clk]
	Clock: clk, View: AVF_RCWORST, Ideal Latency: 0, Propagated Latency: 246.057
	 Executing: set_clock_latency -source -early -max -fall -246.057 [get_pins clk]
	Clock: clk, View: AVF_RCWORST, Ideal Latency: 0, Propagated Latency: 246.057
	 Executing: set_clock_latency -source -late -max -fall -246.057 [get_pins clk]
Setting all clocks to propagated mode.
External - Set all clocks to propagated mode done. (took cpu=0:00:20.8 real=0:00:05.9)
Clock DAG stats after update timingGraph:
  cell counts      : b=59, i=0, icg=0, dcg=0, l=0, total=59
  sink counts      : regular=5026, enable_latch=0, load_capacitance=0, antenna=0, node_sink=0, total=5026
  misc counts      : r=1, pp=0
  cell areas       : b=74.747um^2, i=0.000um^2, icg=0.000um^2, dcg=0.000um^2, l=0.000um^2, total=74.747um^2
  cell capacitance : b=157.588fF, i=0.000fF, icg=0.000fF, dcg=0.000fF, l=0.000fF, total=157.588fF
  sink capacitance : total=3697.131fF, avg=0.736fF, sd=0.034fF, min=0.679fF, max=0.757fF
  wire capacitance : top=0.000fF, trunk=147.168fF, leaf=1386.402fF, total=1533.571fF
  wire lengths     : top=0.000um, trunk=1121.578um, leaf=9787.780um, total=10909.358um
  hp wire lengths  : top=0.000um, trunk=882.200um, leaf=2771.384um, total=3653.584um
Clock DAG net violations after update timingGraph: none
Clock DAG primary half-corner transition distribution after update timingGraph:
  Trunk : target=87.8ps count=9 avg=35.1ps sd=15.0ps min=9.5ps max=57.6ps {8 <= 52.7ps, 1 <= 70.2ps, 0 <= 79.0ps, 0 <= 83.4ps, 0 <= 87.8ps}
  Leaf  : target=87.8ps count=51 avg=77.0ps sd=5.2ps min=63.7ps max=86.0ps {0 <= 52.7ps, 5 <= 70.2ps, 23 <= 79.0ps, 19 <= 83.4ps, 4 <= 87.8ps}
Clock DAG library cell distribution after update timingGraph {count}:
   Bufs: SC8T_BUFX24_CSC28L: 2 SC8T_BUFX20_CSC28L: 1 SC8T_BUFX16_CSC28L: 6 SC8T_BUFX12_CSC28L: 29 SC8T_BUFX10_CSC28L: 18 SC8T_BUFX8_CSC28L: 1 SC8T_BUFX6_CSC28L: 1 SC8T_BUFX3_CSC28L: 1 
Primary reporting skew groups after update timingGraph:
  skew_group clk/functional: insertion delay [min=205.8, max=256.4, avg=242.5, sd=8.1], skew [50.6 vs 53.8], 100% {205.8, 256.4} (wid=53.8 ws=36.3) (gid=221.6 gs=40.2)
Skew group summary after update timingGraph:
  skew_group clk/functional: insertion delay [min=205.8, max=256.4, avg=242.5, sd=8.1], skew [50.6 vs 53.8], 100% {205.8, 256.4} (wid=53.8 ws=36.3) (gid=221.6 gs=40.2)
Logging CTS constraint violations...
  No violations found.
Logging CTS constraint violations done.
Tidy Up And Update Timing done. (took cpu=0:00:21.5 real=0:00:06.7)
      flow.cputime  flow.realtime  timing.setup.tns  timing.setup.wns  snapshot
UM:*                                                                   Tidy Up And Update Timing
Copying last skew targets (including wire skew targets) from clk/functional to clk/functional_AVF_RCTYP (the duplicate skew group).
Copying last insertion target (including wire insertion delay target) from clk/functional to clk/functional_AVF_RCTYP (the duplicate skew group).
Copying last skew targets (including wire skew targets) from clk/functional to clk/functional_AVF_RCWORST (the duplicate skew group).
Copying last insertion target (including wire insertion delay target) from clk/functional to clk/functional_AVF_RCWORST (the duplicate skew group).
Runtime done. (took cpu=0:05:42 real=0:02:31)
Runtime Summary
===============
Clock Runtime:  (58%) Core CTS          79.68 (Init 10.26, Construction 18.22, Implementation 40.39, eGRPC 3.89, PostConditioning 3.04, Other 3.88)
Clock Runtime:  (30%) CTS services      41.60 (RefinePlace 7.51, EarlyGlobalClock 3.78, NanoRoute 27.50, ExtractRC 2.81, TimingAnalysis 0.00)
Clock Runtime:  (11%) Other CTS         15.24 (Init 3.59, CongRepair/EGR-DP 5.72, TimingUpdate 5.93, Other 0.00)
Clock Runtime: (100%) Total            136.52

*** CTS #1 [finish] (ccopt_design #1) : cpu/real = 0:05:28.6/0:02:18.0 (2.4), totSession cpu/real = 0:32:29.4/0:09:24.9 (3.5), mem = 48286.0M
Synthesizing clock trees with CCOpt done.
      flow.cputime  flow.realtime  timing.setup.tns  timing.setup.wns  snapshot
UM:*                                                                   cts
**WARN: (IMPSP-9025):	No scan chain specified/traced.
Type 'man IMPSP-9025' for more detail.
**opt_design ... cpu = 0:00:00, real = 0:00:00, mem = 2676.6M, totSessionCpu=0:32:30 **
GigaOpt running with 8 threads.
*** InitOpt #1 [begin] (ccopt_design #1) : totSession cpu/real = 0:32:29.8/0:09:25.2 (3.4), mem = 10394.0M
**INFO: set_db design_flow_effort standard -> setting 'set_db opt_all_end_points true' for the duration of this command.
Need call spDPlaceInit before registerPrioInstLoc.

**Info: (IMPSP-2062): Some of the PG shapes may not be colorized properly in this design, users are required to run command colorizePowerMesh before any placement related commands!
Setting timing_disable_library_data_to_data_checks to 'true'.
Setting timing_disable_user_data_to_data_checks to 'true'.
**opt_design ... cpu = 0:00:11, real = 0:00:06, mem = 2622.2M, totSessionCpu=0:32:41 **
*** opt_design -post_cts ***
DRC Margin: user margin 0.0; extra margin 0.2
Hold Target Slack: user slack 0
Setup Target Slack: user slack 0; extra slack 0.0
set_db opt_useful_skew_eco_route false
No user sequential activity specified, applying default sequential activity of "0.2" for Dynamic Power reporting.
'set_default_switching_activity' finished successfully.

Multi-VT timing optimization disabled based on library information.
Start to check current routing status for nets...
All nets are already routed correctly.
End to check current routing status for nets (mem=4087.3M)
AAE DB initialization (MEM=4142.96 CPU=0:00:00.0 REAL=0:00:00.0) 

Footprint cell information for calculating maxBufDist
*info: There are 21 candidate Buffer cells
*info: There are 20 candidate Inverter cells

Compute RC Scale Done ...

Starting delay calculation for Setup views
AAE_INFO: opIsDesignInPostRouteState() is 0
#################################################################################
# Design Stage: PreRoute
# Design Name: Silago_top_right_corner
# Design Mode: 90nm
# Analysis Mode: MMMC Non-OCV 
# Parasitics Mode: No SPEF/RCDB 
# Signoff Settings: SI Off 
#################################################################################
Calculate delays in BcWc mode...
Start delay calculation (fullDC) (8 T). (MEM=4289.24)
Total number of fetched objects 38637
AAE_INFO: Total number of nets for which stage creation was skipped for all views 0
End delay calculation. (MEM=4808.17 CPU=0:00:18.6 REAL=0:00:03.0)
End delay calculation (fullDC). (MEM=4808.17 CPU=0:00:23.0 REAL=0:00:05.0)
*** Done Building Timing Graph (cpu=0:00:30.5 real=0:00:07.0 totSessionCpu=0:33:18 mem=4744.2M)

------------------------------------------------------------------
             Initial Summary
------------------------------------------------------------------

Setup views included:
 AVF_RCWORST 

+--------------------+---------+---------+---------+
|     Setup mode     |   all   | reg2reg | default |
+--------------------+---------+---------+---------+
|           WNS (ns):| -10.868 | -10.868 | -7.608  |
|           TNS (ns):|-676.681 |-322.505 |-562.239 |
|    Violating Paths:|   175   |   37    |   171   |
|          All Paths:|  5472   |  4770   |  3759   |
+--------------------+---------+---------+---------+

+----------------+-------------------------------+------------------+
|                |              Real             |       Total      |
|    DRVs        +------------------+------------+------------------|
|                |  Nr nets(terms)  | Worst Vio  |  Nr nets(terms)  |
+----------------+------------------+------------+------------------+
|   max_cap      |    965 (1029)    |   -6.115   |    965 (1029)    |
|   max_tran     |   2555 (28649)   |   -7.536   |   2555 (28712)   |
|   max_fanout   |      0 (0)       |     0      |      0 (0)       |
|   max_length   |      0 (0)       |     0      |      0 (0)       |
+----------------+------------------+------------+------------------+


Density: 55.234%
------------------------------------------------------------------
**opt_design ... cpu = 0:00:51, real = 0:00:21, mem = 2598.2M, totSessionCpu=0:33:21 **
*** InitOpt #1 [finish] (ccopt_design #1) : cpu/real = 0:00:51.1/0:00:21.7 (2.4), totSession cpu/real = 0:33:21.0/0:09:46.9 (3.4), mem = 4457.2M
** INFO : this run is activating low effort ccoptDesign flow

**Info: (IMPSP-2062): Some of the PG shapes may not be colorized properly in this design, users are required to run command colorizePowerMesh before any placement related commands!
OPTC: m1 20.0 20.0
#optDebug: fT-E <X 2 0 0 1>
-congRepairInPostCTS false                 # bool, default=false, private
GigaOpt Checkpoint: Internal congRefineRouteType -postCTS -congThreshold 0.001 -rescheduleForCongestion -numThreads 8 -resetVeryShortNets -resetShortNets -useSpineBased -rescheduleForAdherence -minSlack 21.2
Begin: GigaOpt Route Type Constraints Refinement
*** CongRefineRouteType #1 [begin] (ccopt_design #1) : totSession cpu/real = 0:33:26.6/0:09:48.6 (3.4), mem = 4426.2M
Updated routing constraints on 0 nets.
Bottom Preferred Layer:
+-----------+------------+----------+
|   Layer   |    CLK     |   Rule   |
+-----------+------------+----------+
| C1 (z=3)  |         60 | default  |
+-----------+------------+----------+
Via Pillar Rule:
    None
*** CongRefineRouteType #1 [finish] (ccopt_design #1) : cpu/real = 0:00:00.4/0:00:00.3 (1.2), totSession cpu/real = 0:33:27.0/0:09:49.0 (3.4), mem = 4458.2M
End: GigaOpt Route Type Constraints Refinement
*** SimplifyNetlist #1 [begin] (ccopt_design #1) : totSession cpu/real = 0:33:27.0/0:09:49.0 (3.4), mem = 4459.2M
Info: 60 nets with fixed/cover wires excluded.
Info: 60 clock nets excluded from IPO operation.

**Info: (IMPSP-2062): Some of the PG shapes may not be colorized properly in this design, users are required to run command colorizePowerMesh before any placement related commands!
Usable buffer cells for single buffer setup transform:
SC8T_BUFX0P5_A_CSC28L SC8T_BUFX2_CSC28L SC8T_BUFX1P5_CSC28L SC8T_CKBUFX2_CSC28L SC8T_BUFX3_CSC28L SC8T_BUFX4_MR_CSC28L SC8T_BUFX4_CSC28L SC8T_CKBUFX4_CSC28L SC8T_BUFX6_CSC28L SC8T_CKBUFX6_CSC28L SC8T_BUFX8_CSC28L SC8T_CKBUFX8_CSC28L SC8T_CKBUFX10_CSC28L SC8T_BUFX12_CSC28L SC8T_CKBUFX12_CSC28L SC8T_BUFX16_CSC28L SC8T_CKBUFX16_CSC28L SC8T_BUFX20_CSC28L SC8T_CKBUFX20_CSC28L SC8T_BUFX24_CSC28L SC8T_CKBUFX24_CSC28L 
Number of usable buffer cells above: 21

Netlist preparation processing... 
Removed 137 instances
*info: Marking 0 isolation instances dont touch
*info: Marking 0 level shifter instances dont touch
*** SimplifyNetlist #1 [finish] (ccopt_design #1) : cpu/real = 0:00:06.6/0:00:05.9 (1.1), totSession cpu/real = 0:33:33.6/0:09:54.9 (3.4), mem = 4471.1M
*** Starting optimizing excluded clock nets MEM= 4471.1M) ***
*info: No excluded clock nets to be optimized.
*** Finished optimizing excluded clock nets (CPU Time= 0:00:00.0  MEM= 4471.1M) ***
*** Starting optimizing excluded clock nets MEM= 4471.1M) ***
*info: No excluded clock nets to be optimized.
*** Finished optimizing excluded clock nets (CPU Time= 0:00:00.0  MEM= 4471.1M) ***
Info: Done creating the CCOpt slew target map.
Begin: GigaOpt high fanout net optimization
GigaOpt HFN: use maxLocalDensity 1.2
GigaOpt Checkpoint: Internal optDRV -useLevelizedBufferTreeOnly -auxMaxFanoutCountLimit 500 -largeScaleFixing -maxIter 1 -maxLocalDensity 1.2 -numThreads 8 -postCTS -preRouteDontEndWithRefinePlaceIncrSteinerRouteDC
*** DrvOpt #1 [begin] (ccopt_design #1) : totSession cpu/real = 0:33:33.7/0:09:55.0 (3.4), mem = 4471.1M
Info: 60 nets with fixed/cover wires excluded.
Info: 60 clock nets excluded from IPO operation.

**Info: (IMPSP-2062): Some of the PG shapes may not be colorized properly in this design, users are required to run command colorizePowerMesh before any placement related commands!
+---------+---------+--------+--------+------------+--------+
| Density | Commits |  WNS   |  TNS   |    Real    |  Mem   |
+---------+---------+--------+--------+------------+--------+
|   55.07%|        -| -10.766|-672.886|   0:00:00.0| 4856.7M|
|   55.22%|      131| -10.766|-672.889|   0:00:02.0| 5125.2M|
+---------+---------+--------+--------+------------+--------+

*** Finish post-CTS High Fanout Net Fixing (cpu=0:00:07.0 real=0:00:02.0 mem=5125.2M) ***
Bottom Preferred Layer:
+-----------+------------+----------+
|   Layer   |    CLK     |   Rule   |
+-----------+------------+----------+
| C1 (z=3)  |         60 | default  |
+-----------+------------+----------+
Via Pillar Rule:
    None
*** DrvOpt #1 [finish] (ccopt_design #1) : cpu/real = 0:00:12.6/0:00:05.8 (2.2), totSession cpu/real = 0:33:46.3/0:10:00.7 (3.4), mem = 4561.3M
GigaOpt HFN: restore maxLocalDensity to 0.98
End: GigaOpt high fanout net optimization
Begin: GigaOpt DRV Optimization
GigaOpt Checkpoint: Internal optDRV -max_tran -max_cap -maxLocalDensity 0.98 -numThreads 8 -smallScaleFixing -maxIter 3 -setupTNSCostFactor 3.0 -postCTS
*** DrvOpt #2 [begin] (ccopt_design #1) : totSession cpu/real = 0:33:47.4/0:10:01.7 (3.4), mem = 4561.3M
Info: 60 nets with fixed/cover wires excluded.
Info: 60 clock nets excluded from IPO operation.

**Info: (IMPSP-2062): Some of the PG shapes may not be colorized properly in this design, users are required to run command colorizePowerMesh before any placement related commands!
+-------------------------------------------------------------------------------------------------------------------------------------------------------+
|        max-tran       |        max-cap        |  max-fanout |  max-length |       setup       |        |        |        |       |          |         |
+-------------------------------------------------------------------------------------------------------------------------------------------------------+
| nets | terms|  wViol  | nets | terms|  wViol  | nets | terms| nets | terms|   WNS   |   TNS   |  #Buf  |  #Inv  | #Resize|Density|   Real   |   Mem   |
+-------------------------------------------------------------------------------------------------------------------------------------------------------+
|  3492| 34265|    -7.64|  1135|  1135|    -0.23|     0|     0|     0|     0|   -10.77|  -672.89|       0|       0|       0| 55.22%|          |         |
|    20|   738|    -0.11|     0|     0|     0.00|     0|     0|     0|     0|    -7.36|  -351.11|    1496|     980|     254| 57.57%| 0:00:20.0|  5695.3M|
|     0|     0|     0.00|     0|     0|     0.00|     0|     0|     0|     0|    -7.36|  -351.00|       0|       0|      20| 57.58%| 0:00:01.0|  5695.3M|
|     0|     0|     0.00|     0|     0|     0.00|     0|     0|     0|     0|    -7.36|  -351.00|       0|       0|       0| 57.58%| 0:00:00.0|  5695.3M|
+-------------------------------------------------------------------------------------------------------------------------------------------------------+
Bottom Preferred Layer:
+-----------+------------+----------+
|   Layer   |    CLK     |   Rule   |
+-----------+------------+----------+
| C1 (z=3)  |         60 | default  |
+-----------+------------+----------+
Via Pillar Rule:
    None

*** Finish DRV Fixing (cpu=0:01:55 real=0:00:22.0 mem=5695.3M) ***


*** Starting place_detail (0:35:49 mem=5372.3M) ***
Total net bbox length = 4.753e+05 (2.088e+05 2.665e+05) (ext = 9.112e+04)

**Info: (IMPSP-2062): Some of the PG shapes may not be colorized properly in this design, users are required to run command colorizePowerMesh before any placement related commands!
**WARN: (IMPSP-5140):	Global net connect rules have not been created. Added  insts would have no supply connectivity, and would fail DRC.
Type 'man IMPSP-5140' for more detail.
**WARN: (IMPSP-315):	Found 38789 instances insts with no PG Term connections.
Type 'man IMPSP-315' for more detail.
Move report: Detail placement moves 4754 insts, mean move: 0.77 um, max move: 9.60 um 
	Max move on inst (SILEGO_cell/MTRF_cell/seq_gen/FE_OFC370_instr_inp_17): (0.00, 99.84) --> (0.00, 90.24)
	Runtime: CPU: 0:00:06.9 REAL: 0:00:03.0 MEM: 5372.7MB
Summary Report:
Instances move: 4754 (out of 38730 movable)
Instances flipped: 222
Mean displacement: 0.77 um
Max displacement: 9.60 um (Instance: SILEGO_cell/MTRF_cell/seq_gen/FE_OFC370_instr_inp_17) (0, 99.84) -> (0, 90.24)
	Length: 2 sites, height: 1 rows, site name: SC8T_104CPP_CMOS22FDX, cell type: SC8T_INVX0P5_CSC28L
Total net bbox length = 4.781e+05 (2.111e+05 2.670e+05) (ext = 9.279e+04)
Runtime: CPU: 0:00:07.0 REAL: 0:00:03.0 MEM: 5372.7MB
*** Finished place_detail (0:35:56 mem=5372.7M) ***
*** maximum move = 9.60 um ***
*** Finished re-routing un-routed nets (5373.7M) ***

**Info: (IMPSP-2062): Some of the PG shapes may not be colorized properly in this design, users are required to run command colorizePowerMesh before any placement related commands!

*** Finish Physical Update (cpu=0:00:09.3 real=0:00:04.0 mem=5373.7M) ***
*** DrvOpt #2 [finish] (ccopt_design #1) : cpu/real = 0:02:11.1/0:00:31.8 (4.1), totSession cpu/real = 0:35:58.5/0:10:33.5 (3.4), mem = 4806.9M
End: GigaOpt DRV Optimization
GigaOpt DRV: restore maxLocalDensity to 0.98
**opt_design ... cpu = 0:03:29, real = 0:01:08, mem = 3036.1M, totSessionCpu=0:35:59 **
Begin: GigaOpt Global Optimization
*info: use new DP (enabled)
GigaOpt Checkpoint: Internal globalOpt -maxLocalDensity 1.2 -numThreads 8 -postCTS -preRouteDontEndWithRefinePlaceIncrSteinerRouteDC -enableHighLayerOpt -maxIter 50 -maxIterForLEPG 50
Info: 60 nets with fixed/cover wires excluded.
Info: 60 clock nets excluded from IPO operation.
*** GlobalOpt #1 [begin] (ccopt_design #1) : totSession cpu/real = 0:35:58.8/0:10:33.7 (3.4), mem = 4806.9M

**Info: (IMPSP-2062): Some of the PG shapes may not be colorized properly in this design, users are required to run command colorizePowerMesh before any placement related commands!
*info: 60 clock nets excluded
*info: 1465 no-driver nets excluded.
*info: 60 nets with fixed/cover wires excluded.
** GigaOpt Global Opt WNS Slack -7.357  TNS Slack -350.996 
+--------+--------+---------+------------+--------+-----------+---------+----------------------------------------------------+
|  WNS   |  TNS   | Density |    Real    |  Mem   |Worst View |Pathgroup|                     End Point                      |
+--------+--------+---------+------------+--------+-----------+---------+----------------------------------------------------+
|  -7.357|-350.996|   57.58%|   0:00:00.0| 5192.4M|AVF_RCWORST|  reg2reg| SILEGO_cell/MTRF_cell/dpu_gen/U_NACU_0/U_divider/d |
|        |        |         |            |        |           |         | ivision/U_DIV/dpu_gen_U_NACU_0_U_divider_division_ |
|        |        |         |            |        |           |         | link211662_r_REG171_S1/D                           |
|  -5.577|-184.081|   56.81%|   0:00:06.0| 5400.2M|AVF_RCWORST|  reg2reg| SILEGO_cell/MTRF_cell/dpu_gen/U_NACU_0/U_divider/d |
|        |        |         |            |        |           |         | ivision/U_DIV/dpu_gen_U_NACU_0_U_divider_division_ |
|        |        |         |            |        |           |         | link211662_r_REG171_S1/D                           |
|  -4.540|-146.219|   56.90%|   0:00:03.0| 5403.0M|AVF_RCWORST|  reg2reg| SILEGO_cell/MTRF_cell/dpu_gen/U_NACU_0/U_divider/d |
|        |        |         |            |        |           |         | ivision/U_DIV/dpu_gen_U_NACU_0_U_divider_division_ |
|        |        |         |            |        |           |         | link211662_r_REG171_S1/D                           |
|  -4.540|-146.219|   56.90%|   0:00:00.0| 5403.0M|AVF_RCWORST|  reg2reg| SILEGO_cell/MTRF_cell/dpu_gen/U_NACU_0/U_divider/d |
|        |        |         |            |        |           |         | ivision/U_DIV/dpu_gen_U_NACU_0_U_divider_division_ |
|        |        |         |            |        |           |         | link211662_r_REG171_S1/D                           |
|  -2.674| -62.754|   57.24%|   0:00:09.0| 5420.3M|AVF_RCWORST|  default| SILEGO_cell/MTRF_cell/dpu_gen/U_NACU_0/U_divider/d |
|        |        |         |            |        |           |         | ivision/U_DIV/dpu_gen_U_NACU_0_U_divider_division_ |
|        |        |         |            |        |           |         | link211662_r_REG171_S1/D                           |
|  -2.463| -55.582|   57.27%|   0:00:05.0| 5445.1M|AVF_RCWORST|  default| SILEGO_cell/MTRF_cell/dpu_gen/U_NACU_0/U_divider/d |
|        |        |         |            |        |           |         | ivision/U_DIV/dpu_gen_U_NACU_0_U_divider_division_ |
|        |        |         |            |        |           |         | link211662_r_REG171_S1/D                           |
|  -2.399| -53.341|   57.32%|   0:00:01.0| 5446.1M|AVF_RCWORST|  default| SILEGO_cell/MTRF_cell/dpu_gen/U_NACU_0/U_divider/d |
|        |        |         |            |        |           |         | ivision/U_DIV/dpu_gen_U_NACU_0_U_divider_division_ |
|        |        |         |            |        |           |         | link211662_r_REG171_S1/D                           |
|  -2.399| -53.341|   57.32%|   0:00:01.0| 5446.1M|AVF_RCWORST|  default| SILEGO_cell/MTRF_cell/dpu_gen/U_NACU_0/U_divider/d |
|        |        |         |            |        |           |         | ivision/U_DIV/dpu_gen_U_NACU_0_U_divider_division_ |
|        |        |         |            |        |           |         | link211662_r_REG171_S1/D                           |
|  -1.448| -22.255|   57.54%|   0:00:04.0| 5465.2M|AVF_RCWORST|  default| SILEGO_cell/MTRF_cell/dpu_gen/U_NACU_0/U_divider/d |
|        |        |         |            |        |           |         | ivision/U_DIV/dpu_gen_U_NACU_0_U_divider_division_ |
|        |        |         |            |        |           |         | link211662_r_REG171_S1/D                           |
|  -1.373| -19.746|   57.55%|   0:00:02.0| 5465.2M|AVF_RCWORST|  default| SILEGO_cell/MTRF_cell/dpu_gen/U_NACU_0/U_divider/d |
|        |        |         |            |        |           |         | ivision/U_DIV/dpu_gen_U_NACU_0_U_divider_division_ |
|        |        |         |            |        |           |         | link211662_r_REG171_S1/D                           |
|  -1.373| -19.746|   57.56%|   0:00:01.0| 5465.2M|AVF_RCWORST|  default| SILEGO_cell/MTRF_cell/dpu_gen/U_NACU_0/U_divider/d |
|        |        |         |            |        |           |         | ivision/U_DIV/dpu_gen_U_NACU_0_U_divider_division_ |
|        |        |         |            |        |           |         | link211662_r_REG171_S1/D                           |
|  -1.373| -19.746|   57.56%|   0:00:01.0| 5465.2M|AVF_RCWORST|  default| SILEGO_cell/MTRF_cell/dpu_gen/U_NACU_0/U_divider/d |
|        |        |         |            |        |           |         | ivision/U_DIV/dpu_gen_U_NACU_0_U_divider_division_ |
|        |        |         |            |        |           |         | link211662_r_REG171_S1/D                           |
|  -1.138| -12.714|   57.67%|   0:00:01.0| 5474.8M|AVF_RCWORST|  default| SILEGO_cell/MTRF_cell/dpu_gen/U_NACU_0/U_divider/d |
|        |        |         |            |        |           |         | ivision/U_DIV/dpu_gen_U_NACU_0_U_divider_division_ |
|        |        |         |            |        |           |         | link211662_r_REG171_S1/D                           |
|  -0.999|  -9.266|   57.68%|   0:00:02.0| 5474.8M|AVF_RCWORST|  default| SILEGO_cell/MTRF_cell/dpu_gen/U_NACU_0/U_divider/d |
|        |        |         |            |        |           |         | ivision/U_DIV/dpu_gen_U_NACU_0_U_divider_division_ |
|        |        |         |            |        |           |         | link211662_r_REG171_S1/D                           |
|  -0.924|  -8.314|   57.69%|   0:00:01.0| 5474.8M|AVF_RCWORST|  default| SILEGO_cell/MTRF_cell/dpu_gen/U_NACU_0/U_divider/d |
|        |        |         |            |        |           |         | ivision/U_DIV/dpu_gen_U_NACU_0_U_divider_division_ |
|        |        |         |            |        |           |         | link211662_r_REG171_S1/D                           |
|  -0.924|  -8.314|   57.69%|   0:00:00.0| 5474.8M|AVF_RCWORST|  default| SILEGO_cell/MTRF_cell/dpu_gen/U_NACU_0/U_divider/d |
|        |        |         |            |        |           |         | ivision/U_DIV/dpu_gen_U_NACU_0_U_divider_division_ |
|        |        |         |            |        |           |         | link211662_r_REG171_S1/D                           |
|  -0.878|  -7.442|   57.72%|   0:00:01.0| 5474.8M|AVF_RCWORST|  default| SILEGO_cell/MTRF_cell/dpu_gen/U_NACU_0/U_divider/d |
|        |        |         |            |        |           |         | ivision/U_DIV/dpu_gen_U_NACU_0_U_divider_division_ |
|        |        |         |            |        |           |         | link211662_r_REG171_S1/D                           |
|  -0.847|  -7.069|   57.73%|   0:00:02.0| 5474.8M|AVF_RCWORST|  default| SILEGO_cell/MTRF_cell/dpu_gen/U_NACU_0/U_divider/d |
|        |        |         |            |        |           |         | ivision/U_DIV/dpu_gen_U_NACU_0_U_divider_division_ |
|        |        |         |            |        |           |         | link211662_r_REG171_S1/D                           |
|  -0.847|  -7.069|   57.73%|   0:00:00.0| 5474.8M|AVF_RCWORST|  default| SILEGO_cell/MTRF_cell/dpu_gen/U_NACU_0/U_divider/d |
|        |        |         |            |        |           |         | ivision/U_DIV/dpu_gen_U_NACU_0_U_divider_division_ |
|        |        |         |            |        |           |         | link211662_r_REG171_S1/D                           |
|  -0.847|  -7.069|   57.73%|   0:00:00.0| 5474.8M|AVF_RCWORST|  default| SILEGO_cell/MTRF_cell/dpu_gen/U_NACU_0/U_divider/d |
|        |        |         |            |        |           |         | ivision/U_DIV/dpu_gen_U_NACU_0_U_divider_division_ |
|        |        |         |            |        |           |         | link211662_r_REG171_S1/D                           |
|  -0.786|  -6.317|   57.75%|   0:00:01.0| 5474.8M|AVF_RCWORST|  default| SILEGO_cell/MTRF_cell/dpu_gen/U_NACU_0/U_divider/d |
|        |        |         |            |        |           |         | ivision/U_DIV/dpu_gen_U_NACU_0_U_divider_division_ |
|        |        |         |            |        |           |         | link211662_r_REG171_S1/D                           |
|  -0.781|  -6.321|   57.76%|   0:00:01.0| 5474.8M|AVF_RCWORST|  default| SILEGO_cell/MTRF_cell/dpu_gen/U_NACU_0/U_divider/d |
|        |        |         |            |        |           |         | ivision/U_DIV/dpu_gen_U_NACU_0_U_divider_division_ |
|        |        |         |            |        |           |         | link211662_r_REG171_S1/D                           |
|  -0.782|  -6.326|   57.77%|   0:00:01.0| 5474.8M|AVF_RCWORST|  default| SILEGO_cell/MTRF_cell/dpu_gen/U_NACU_0/U_divider/d |
|        |        |         |            |        |           |         | ivision/U_DIV/dpu_gen_U_NACU_0_U_divider_division_ |
|        |        |         |            |        |           |         | link211662_r_REG171_S1/D                           |
|  -0.782|  -6.326|   57.77%|   0:00:00.0| 5474.8M|AVF_RCWORST|  default| SILEGO_cell/MTRF_cell/dpu_gen/U_NACU_0/U_divider/d |
|        |        |         |            |        |           |         | ivision/U_DIV/dpu_gen_U_NACU_0_U_divider_division_ |
|        |        |         |            |        |           |         | link211662_r_REG171_S1/D                           |
|  -0.729|  -5.496|   57.80%|   0:00:00.0| 5474.8M|AVF_RCWORST|  default| SILEGO_cell/MTRF_cell/dpu_gen/U_NACU_0/U_divider/d |
|        |        |         |            |        |           |         | ivision/U_DIV/dpu_gen_U_NACU_0_U_divider_division_ |
|        |        |         |            |        |           |         | link211662_r_REG171_S1/D                           |
|  -0.729|  -5.510|   57.80%|   0:00:02.0| 5474.8M|AVF_RCWORST|  default| SILEGO_cell/MTRF_cell/dpu_gen/U_NACU_0/U_divider/d |
|        |        |         |            |        |           |         | ivision/U_DIV/dpu_gen_U_NACU_0_U_divider_division_ |
|        |        |         |            |        |           |         | link211662_r_REG171_S1/D                           |
+--------+--------+---------+------------+--------+-----------+---------+----------------------------------------------------+

*** Finish post-CTS Global Setup Fixing (cpu=0:03:32 real=0:00:45.0 mem=5474.8M) ***

*** Finish post-CTS Setup Fixing (cpu=0:03:32 real=0:00:45.0 mem=5474.8M) ***
Bottom Preferred Layer:
+-----------+------------+----------+
|   Layer   |    CLK     |   Rule   |
+-----------+------------+----------+
| C1 (z=3)  |         60 | default  |
+-----------+------------+----------+
Via Pillar Rule:
    None
** GigaOpt Global Opt End WNS Slack -0.730  TNS Slack -5.510 
*** GlobalOpt #1 [finish] (ccopt_design #1) : cpu/real = 0:03:41.3/0:00:52.9 (4.2), totSession cpu/real = 0:39:40.0/0:11:26.6 (3.5), mem = 4908.9M
End: GigaOpt Global Optimization
*** Timing NOT met, worst failing slack is -0.729
*** Check timing (0:00:00.1)
GigaOpt Checkpoint: Internal reclaim -numThreads 8 -postCTS -doRemoveUselessTerm -tgtSlackMult 3 -routeType -noRouteTypeResizePolish -noViewPrune -weedwhack -nonLegal -nativePathGroupFlow
Info: 60 nets with fixed/cover wires excluded.
Info: 60 clock nets excluded from IPO operation.


**Info: (IMPSP-2062): Some of the PG shapes may not be colorized properly in this design, users are required to run command colorizePowerMesh before any placement related commands!
Begin: Area Reclaim Optimization
*** AreaOpt #1 [begin] (ccopt_design #1) : totSession cpu/real = 0:39:41.3/0:11:27.6 (3.5), mem = 5294.5M
Usable buffer cells for single buffer setup transform:
SC8T_BUFX0P5_A_CSC28L SC8T_BUFX2_CSC28L SC8T_BUFX1P5_CSC28L SC8T_CKBUFX2_CSC28L SC8T_BUFX3_CSC28L SC8T_BUFX4_MR_CSC28L SC8T_BUFX4_CSC28L SC8T_CKBUFX4_CSC28L SC8T_BUFX6_CSC28L SC8T_CKBUFX6_CSC28L SC8T_BUFX8_CSC28L SC8T_CKBUFX8_CSC28L SC8T_CKBUFX10_CSC28L SC8T_BUFX12_CSC28L SC8T_CKBUFX12_CSC28L SC8T_BUFX16_CSC28L SC8T_CKBUFX16_CSC28L SC8T_BUFX20_CSC28L SC8T_CKBUFX20_CSC28L SC8T_BUFX24_CSC28L SC8T_CKBUFX24_CSC28L 
Number of usable buffer cells above: 21
Reclaim Optimization WNS Slack -0.730  TNS Slack -5.510 Density 57.80
+---------+---------+--------+--------+------------+--------+
| Density | Commits |  WNS   |  TNS   |    Real    |  Mem   |
+---------+---------+--------+--------+------------+--------+
|   57.80%|        -|  -0.730|  -5.510|   0:00:00.0| 5296.5M|
|   57.80%|        2|  -0.729|  -5.510|   0:00:01.0| 5452.1M|
|   57.80%|        2|  -0.729|  -5.510|   0:00:01.0| 5452.1M|
|   57.80%|        1|  -0.729|  -5.510|   0:00:00.0| 5452.1M|
|   57.80%|        1|  -0.729|  -5.510|   0:00:00.0| 5452.1M|
|   57.80%|        0|  -0.729|  -5.510|   0:00:01.0| 5452.1M|
|   57.63%|      188|  -0.729|  -5.484|   0:00:03.0| 5454.4M|
|   57.51%|      217|  -0.729|  -5.516|   0:00:03.0| 5454.4M|
|   57.51%|       10|  -0.729|  -5.512|   0:00:01.0| 5454.4M|
|   57.51%|        1|  -0.729|  -5.512|   0:00:00.0| 5454.4M|
|   57.51%|        0|  -0.729|  -5.512|   0:00:01.0| 5454.4M|
|   57.51%|        0|  -0.729|  -5.512|   0:00:00.0| 5454.4M|
+---------+---------+--------+--------+------------+--------+
Reclaim Optimization End WNS Slack -0.729  TNS Slack -5.512 Density 57.51
Bottom Preferred Layer:
+-----------+------------+----------+
|   Layer   |    CLK     |   Rule   |
+-----------+------------+----------+
| C1 (z=3)  |         60 | default  |
+-----------+------------+----------+
Via Pillar Rule:
    None

Number of times islegalLocAvaiable called = 0 skipped = 0, called in commitmove = 0, skipped in commitmove = 0
End: Core Area Reclaim Optimization (cpu = 0:00:40.5) (real = 0:00:16.0) **
*** AreaOpt #1 [finish] (ccopt_design #1) : cpu/real = 0:00:40.6/0:00:15.9 (2.5), totSession cpu/real = 0:40:21.8/0:11:43.5 (3.4), mem = 5454.4M
Executing incremental physical updates
Executing incremental physical updates
End: Area Reclaim Optimization (cpu=0:00:41, real=0:00:16, mem=4917.54M, totSessionCpu=0:40:22).

Active setup views:
 AVF_RCWORST
  Dominating endpoints: 0
  Dominating TNS: -0.000

Begin: GigaOpt Optimization in WNS mode
GigaOpt Checkpoint: Internal optTiming -maxLocalDensity 1.0 -maxLocalDensityForHardenOpt 0.92 -numThreads 8 -postCTS -wtns -integratedAreaOpt -pgMode all -ipoTgtSlackCoef 1.5 -effTgtSlackCoef 1 -nativePathGroupFlow -NDROptEffortAuto -usefulSkew -nonLegalPlaceEcoBumpRecoveryInWNSOpt
Info: 60 nets with fixed/cover wires excluded.
Info: 60 clock nets excluded from IPO operation.
*** WnsOpt #1 [begin] (ccopt_design #1) : totSession cpu/real = 0:40:24.6/0:11:46.0 (3.4), mem = 5089.2M

**Info: (IMPSP-2062): Some of the PG shapes may not be colorized properly in this design, users are required to run command colorizePowerMesh before any placement related commands!
*info: 60 clock nets excluded
*info: 1471 no-driver nets excluded.
*info: 60 nets with fixed/cover wires excluded.
** GigaOpt Optimizer WNS Slack -0.729 TNS Slack -5.512 Density 57.51
OptDebug: Start of Optimizer WNS Pass 0:
+----------+------+------+
|Path Group|   WNS|   TNS|
+----------+------+------+
|default   |-0.729|-5.512|
|reg2reg   | 0.039| 0.000|
|HEPG      | 0.039| 0.000|
|All Paths |-0.729|-5.512|
+----------+------+------+

CCOptDebug: Start of Optimizer WNS Pass 0: reg2reg* WNS 38.7ps TNS 0.0ps; HEPG WNS 38.7ps TNS 0.0ps; all paths WNS -729.2ps TNS -5512.1ps; Real time 0:04:57
Active Path Group: default 
+--------+---------+--------+---------+---------+------------+--------+-----------+---------+----------------------------------------------------+
|  WNS   | All WNS |  TNS   | All TNS | Density |    Real    |  Mem   |Worst View |Pathgroup|                     End Point                      |
+--------+---------+--------+---------+---------+------------+--------+-----------+---------+----------------------------------------------------+
|  -0.729|   -0.729|  -5.512|   -5.512|   57.51%|   0:00:00.0| 5303.1M|AVF_RCWORST|  default| SILEGO_cell/MTRF_cell/dpu_gen/U_NACU_0/U_divider/d |
|        |         |        |         |         |            |        |           |         | ivision/U_DIV/dpu_gen_U_NACU_0_U_divider_division_ |
|        |         |        |         |         |            |        |           |         | link211662_r_REG171_S1/D                           |
|  -0.610|   -0.610|  -4.389|   -4.389|   57.51%|   0:00:01.0| 5458.4M|AVF_RCWORST|  default| SILEGO_cell/MTRF_cell/dpu_gen/U_NACU_0/U_divider/d |
|        |         |        |         |         |            |        |           |         | ivision/U_DIV/dpu_gen_U_NACU_0_U_divider_division_ |
|        |         |        |         |         |            |        |           |         | link211662_r_REG171_S1/D                           |
|  -0.555|   -0.555|  -3.932|   -3.932|   57.51%|   0:00:01.0| 5459.9M|AVF_RCWORST|  default| SILEGO_cell/MTRF_cell/dpu_gen/U_NACU_0/U_divider/d |
|        |         |        |         |         |            |        |           |         | ivision/U_DIV/dpu_gen_U_NACU_0_U_divider_division_ |
|        |         |        |         |         |            |        |           |         | link211662_r_REG171_S1/D                           |
|  -0.495|   -0.495|  -3.461|   -3.461|   57.51%|   0:00:00.0| 5461.4M|AVF_RCWORST|  default| SILEGO_cell/MTRF_cell/dpu_gen/U_NACU_0/U_divider/d |
|        |         |        |         |         |            |        |           |         | ivision/U_DIV/dpu_gen_U_NACU_0_U_divider_division_ |
|        |         |        |         |         |            |        |           |         | link211662_r_REG171_S1/D                           |
|  -0.467|   -0.467|  -3.267|   -3.267|   57.51%|   0:00:00.0| 5461.4M|AVF_RCWORST|  default| SILEGO_cell/MTRF_cell/dpu_gen/U_NACU_0/U_divider/d |
|        |         |        |         |         |            |        |           |         | ivision/U_DIV/dpu_gen_U_NACU_0_U_divider_division_ |
|        |         |        |         |         |            |        |           |         | link211662_r_REG171_S1/D                           |
|  -0.445|   -0.445|  -3.115|   -3.115|   57.51%|   0:00:01.0| 5461.4M|AVF_RCWORST|  default| SILEGO_cell/MTRF_cell/dpu_gen/U_NACU_0/U_divider/d |
|        |         |        |         |         |            |        |           |         | ivision/U_DIV/dpu_gen_U_NACU_0_U_divider_division_ |
|        |         |        |         |         |            |        |           |         | link211662_r_REG171_S1/D                           |
|  -0.430|   -0.430|  -3.007|   -3.007|   57.51%|   0:00:00.0| 5461.4M|AVF_RCWORST|  default| SILEGO_cell/MTRF_cell/dpu_gen/U_NACU_0/U_divider/d |
|        |         |        |         |         |            |        |           |         | ivision/U_DIV/dpu_gen_U_NACU_0_U_divider_division_ |
|        |         |        |         |         |            |        |           |         | link211662_r_REG171_S1/D                           |
|  -0.413|   -0.413|  -2.898|   -2.898|   57.52%|   0:00:00.0| 5463.7M|AVF_RCWORST|  default| SILEGO_cell/MTRF_cell/dpu_gen/U_NACU_0/U_divider/d |
|        |         |        |         |         |            |        |           |         | ivision/U_DIV/dpu_gen_U_NACU_0_U_divider_division_ |
|        |         |        |         |         |            |        |           |         | link211662_r_REG171_S1/D                           |
|  -0.352|   -0.352|  -2.530|   -2.530|   57.52%|   0:00:01.0| 5464.8M|AVF_RCWORST|  default| SILEGO_cell/MTRF_cell/dpu_gen/U_NACU_0/U_divider/d |
|        |         |        |         |         |            |        |           |         | ivision/U_DIV/dpu_gen_U_NACU_0_U_divider_division_ |
|        |         |        |         |         |            |        |           |         | link211662_r_REG171_S1/D                           |
|  -0.315|   -0.315|  -2.330|   -2.330|   57.52%|   0:00:00.0| 5464.8M|AVF_RCWORST|  default| SILEGO_cell/MTRF_cell/dpu_gen/U_NACU_0/U_divider/d |
|        |         |        |         |         |            |        |           |         | ivision/U_DIV/dpu_gen_U_NACU_0_U_divider_division_ |
|        |         |        |         |         |            |        |           |         | link211662_r_REG171_S1/D                           |
|  -0.303|   -0.303|  -2.272|   -2.272|   57.52%|   0:00:01.0| 5466.3M|AVF_RCWORST|  default| SILEGO_cell/MTRF_cell/dpu_gen/U_NACU_0/U_divider/d |
|        |         |        |         |         |            |        |           |         | ivision/U_DIV/dpu_gen_U_NACU_0_U_divider_division_ |
|        |         |        |         |         |            |        |           |         | link211662_r_REG171_S1/D                           |
|  -0.274|   -0.274|  -2.126|   -2.126|   57.52%|   0:00:00.0| 5466.3M|AVF_RCWORST|  default| SILEGO_cell/MTRF_cell/dpu_gen/U_NACU_0/U_divider/d |
|        |         |        |         |         |            |        |           |         | ivision/U_DIV/dpu_gen_U_NACU_0_U_divider_division_ |
|        |         |        |         |         |            |        |           |         | link211662_r_REG171_S1/D                           |
|  -0.260|   -0.260|  -2.057|   -2.057|   57.52%|   0:00:00.0| 5475.8M|AVF_RCWORST|  default| SILEGO_cell/MTRF_cell/dpu_gen/U_NACU_0/U_divider/d |
|        |         |        |         |         |            |        |           |         | ivision/U_DIV/dpu_gen_U_NACU_0_U_divider_division_ |
|        |         |        |         |         |            |        |           |         | link211662_r_REG171_S1/D                           |
|  -0.234|   -0.234|  -1.949|   -1.949|   57.53%|   0:00:01.0| 5475.8M|AVF_RCWORST|  default| SILEGO_cell/MTRF_cell/dpu_gen/U_NACU_0/U_divider/d |
|        |         |        |         |         |            |        |           |         | ivision/U_DIV/dpu_gen_U_NACU_0_U_divider_division_ |
|        |         |        |         |         |            |        |           |         | link211662_r_REG171_S1/D                           |
|  -0.223|   -0.223|  -1.905|   -1.905|   57.53%|   0:00:00.0| 5475.8M|AVF_RCWORST|  default| SILEGO_cell/MTRF_cell/dpu_gen/U_NACU_0/U_divider/d |
|        |         |        |         |         |            |        |           |         | ivision/U_DIV/dpu_gen_U_NACU_0_U_divider_division_ |
|        |         |        |         |         |            |        |           |         | link211662_r_REG171_S1/D                           |
|  -0.210|   -0.210|  -1.852|   -1.852|   57.53%|   0:00:00.0| 5475.8M|AVF_RCWORST|  default| SILEGO_cell/MTRF_cell/dpu_gen/U_NACU_0/U_divider/d |
|        |         |        |         |         |            |        |           |         | ivision/U_DIV/dpu_gen_U_NACU_0_U_divider_division_ |
|        |         |        |         |         |            |        |           |         | link211662_r_REG171_S1/D                           |
|  -0.140|   -0.140|  -1.599|   -1.599|   57.54%|   0:00:01.0| 5475.8M|AVF_RCWORST|  default| SILEGO_cell/MTRF_cell/dpu_gen/U_NACU_0/U_divider/d |
|        |         |        |         |         |            |        |           |         | ivision/U_DIV/dpu_gen_U_NACU_0_U_divider_division_ |
|        |         |        |         |         |            |        |           |         | link211662_r_REG171_S1/D                           |
|  -0.109|   -0.109|  -1.507|   -1.507|   57.55%|   0:00:00.0| 5475.8M|AVF_RCWORST|  default| SILEGO_cell/MTRF_cell/dpu_gen/U_NACU_0/U_divider/d |
|        |         |        |         |         |            |        |           |         | ivision/U_DIV/dpu_gen_U_NACU_0_U_divider_division_ |
|        |         |        |         |         |            |        |           |         | link211662_r_REG171_S1/D                           |
|  -0.101|   -0.101|  -1.483|   -1.483|   57.55%|   0:00:00.0| 5475.8M|AVF_RCWORST|  default| SILEGO_cell/MTRF_cell/dpu_gen/U_NACU_0/U_divider/d |
|        |         |        |         |         |            |        |           |         | ivision/U_DIV/dpu_gen_U_NACU_0_U_divider_division_ |
|        |         |        |         |         |            |        |           |         | link211662_r_REG171_S1/D                           |
|  -0.094|   -0.094|  -1.462|   -1.462|   57.55%|   0:00:01.0| 5475.8M|AVF_RCWORST|  default| SILEGO_cell/MTRF_cell/dpu_gen/U_NACU_0/U_divider/d |
|        |         |        |         |         |            |        |           |         | ivision/U_DIV/dpu_gen_U_NACU_0_U_divider_division_ |
|        |         |        |         |         |            |        |           |         | link211662_r_REG171_S1/D                           |
|  -0.085|   -0.085|  -1.376|   -1.376|   57.56%|   0:00:00.0| 5477.3M|AVF_RCWORST|  default| ext_v_input_bus_out_2[9]                           |
|  -0.079|   -0.079|  -1.310|   -1.310|   57.56%|   0:00:00.0| 5477.3M|AVF_RCWORST|  default| SILEGO_cell/MTRF_cell/dpu_gen/U_NACU_0/U_divider/d |
|        |         |        |         |         |            |        |           |         | ivision/U_DIV/dpu_gen_U_NACU_0_U_divider_division_ |
|        |         |        |         |         |            |        |           |         | link211662_r_REG171_S1/D                           |
|  -0.071|   -0.071|  -1.170|   -1.170|   57.57%|   0:00:00.0| 5496.4M|AVF_RCWORST|  default| ext_v_input_bus_out_2[1]                           |
|  -0.064|   -0.064|  -1.072|   -1.072|   57.58%|   0:00:01.0| 5496.4M|AVF_RCWORST|  default| SILEGO_cell/MTRF_cell/dpu_gen/U_NACU_0/U_divider/d |
|        |         |        |         |         |            |        |           |         | ivision/U_DIV/dpu_gen_U_NACU_0_U_divider_division_ |
|        |         |        |         |         |            |        |           |         | link211662_r_REG171_S1/D                           |
|  -0.058|   -0.058|  -1.040|   -1.040|   57.58%|   0:00:00.0| 5496.4M|AVF_RCWORST|  default| ext_v_input_bus_out_2[14]                          |
|  -0.052|   -0.052|  -0.913|   -0.913|   57.59%|   0:00:00.0| 5496.4M|AVF_RCWORST|  default| ext_v_input_bus_out_2[6]                           |
|  -0.049|   -0.049|  -0.862|   -0.862|   57.59%|   0:00:00.0| 5496.4M|AVF_RCWORST|  default| ext_v_input_bus_out_2[8]                           |
|  -0.047|   -0.047|  -0.822|   -0.822|   57.59%|   0:00:00.0| 5496.4M|AVF_RCWORST|  default| sel_r_ext_out_2[2]                                 |
|  -0.046|   -0.046|  -0.722|   -0.722|   57.59%|   0:00:00.0| 5496.4M|AVF_RCWORST|  default| sel_r_ext_out_2[2]                                 |
|  -0.046|   -0.046|  -0.716|   -0.716|   57.59%|   0:00:01.0| 5496.4M|AVF_RCWORST|  default| sel_r_ext_out_2[2]                                 |
|  -0.046|   -0.046|  -0.716|   -0.716|   57.59%|   0:00:00.0| 5496.4M|AVF_RCWORST|  default| sel_r_ext_out_2[2]                                 |
+--------+---------+--------+---------+---------+------------+--------+-----------+---------+----------------------------------------------------+

*** Finish Core Optimize Step (cpu=0:00:30.5 real=0:00:10.0 mem=5496.4M) ***

*** Finished Optimize Step Cumulative (cpu=0:00:30.6 real=0:00:10.0 mem=5496.4M) ***
OptDebug: End of Optimizer WNS Pass 0:
+----------+------+------+
|Path Group|   WNS|   TNS|
+----------+------+------+
|default   |-0.046|-0.716|
|reg2reg   | 0.773| 0.000|
|HEPG      | 0.773| 0.000|
|All Paths |-0.046|-0.716|
+----------+------+------+

CCOptDebug: End of Optimizer WNS Pass 0: reg2reg* WNS 773.4ps TNS 0.0ps; HEPG WNS 773.4ps TNS 0.0ps; all paths WNS -45.8ps TNS -715.4ps; Real time 0:05:08
** GigaOpt Optimizer WNS Slack -0.046 TNS Slack -0.716 Density 57.59

*** Starting place_detail (0:41:04 mem=5496.4M) ***
Total net bbox length = 4.769e+05 (2.099e+05 2.669e+05) (ext = 9.364e+04)

**Info: (IMPSP-2062): Some of the PG shapes may not be colorized properly in this design, users are required to run command colorizePowerMesh before any placement related commands!
**WARN: (IMPSP-5140):	Global net connect rules have not been created. Added  insts would have no supply connectivity, and would fail DRC.
Type 'man IMPSP-5140' for more detail.
**WARN: (IMPSP-315):	Found 38656 instances insts with no PG Term connections.
Type 'man IMPSP-315' for more detail.

Starting Small incrNP...
Density distribution unevenness ratio = 7.215%

Density distribution unevenness ratio = 7.196%
Move report: incrNP moves 598 insts, mean move: 1.11 um, max move: 4.09 um 
	Max move on inst (SILEGO_cell/swb/Mux_Generate0_3/U167): (88.40, 53.76) --> (85.59, 52.48)
Finished incrNP (cpu=0:00:02.5, real=0:00:01.0, mem=5528.7M)
End of Small incrNP (cpu=0:00:02.6, real=0:00:01.0)
Move report: Detail placement moves 1939 insts, mean move: 0.44 um, max move: 4.42 um 
	Max move on inst (SILEGO_cell/swb/FE_OFC2971_h_bus_reg_in_out1_1_left_3): (0.94, 112.64) --> (3.43, 114.56)
	Runtime: CPU: 0:00:01.7 REAL: 0:00:01.0 MEM: 5496.7MB
Summary Report:
Instances move: 2482 (out of 38597 movable)
Instances flipped: 7
Mean displacement: 0.61 um
Max displacement: 4.42 um (Instance: SILEGO_cell/swb/FE_OFC2971_h_bus_reg_in_out1_1_left_3) (0.936, 112.64) -> (3.432, 114.56)
	Length: 10 sites, height: 1 rows, site name: SC8T_104CPP_CMOS22FDX, cell type: SC8T_BUFX6_CSC28L
Total net bbox length = 4.776e+05 (2.104e+05 2.672e+05) (ext = 9.393e+04)
Runtime: CPU: 0:00:04.4 REAL: 0:00:02.0 MEM: 5496.7MB
*** Finished place_detail (0:41:08 mem=5496.7M) ***
*** maximum move = 4.42 um ***
*** Finished re-routing un-routed nets (5511.7M) ***

**Info: (IMPSP-2062): Some of the PG shapes may not be colorized properly in this design, users are required to run command colorizePowerMesh before any placement related commands!

*** Finish Physical Update (cpu=0:00:06.3 real=0:00:03.0 mem=5511.7M) ***
** GigaOpt Optimizer WNS Slack -0.046 TNS Slack -0.717 Density 57.59
OptDebug: Start of Optimizer WNS Pass 1:
+----------+------+------+
|Path Group|   WNS|   TNS|
+----------+------+------+
|default   |-0.046|-0.717|
|reg2reg   | 0.772| 0.000|
|HEPG      | 0.772| 0.000|
|All Paths |-0.046|-0.717|
+----------+------+------+

CCOptDebug: Start of Optimizer WNS Pass 1: reg2reg* WNS 772.1ps TNS 0.0ps; HEPG WNS 772.1ps TNS 0.0ps; all paths WNS -45.8ps TNS -716.7ps; Real time 0:05:11
Active Path Group: default 
+--------+---------+--------+---------+---------+------------+--------+-----------+---------+----------------------------------------------------+
|  WNS   | All WNS |  TNS   | All TNS | Density |    Real    |  Mem   |Worst View |Pathgroup|                     End Point                      |
+--------+---------+--------+---------+---------+------------+--------+-----------+---------+----------------------------------------------------+
|  -0.046|   -0.046|  -0.717|   -0.717|   57.59%|   0:00:00.0| 5511.7M|AVF_RCWORST|  default| sel_r_ext_out_2[2]                                 |
|  -0.046|   -0.046|  -0.717|   -0.717|   57.59%|   0:00:00.0| 5513.2M|AVF_RCWORST|  default| sel_r_ext_out_2[2]                                 |
+--------+---------+--------+---------+---------+------------+--------+-----------+---------+----------------------------------------------------+

*** Finish Core Optimize Step (cpu=0:00:00.2 real=0:00:00.0 mem=5513.2M) ***

*** Finished Optimize Step Cumulative (cpu=0:00:00.3 real=0:00:00.0 mem=5513.2M) ***
OptDebug: End of Optimizer WNS Pass 1:
+----------+------+------+
|Path Group|   WNS|   TNS|
+----------+------+------+
|default   |-0.046|-0.717|
|reg2reg   | 0.772| 0.000|
|HEPG      | 0.772| 0.000|
|All Paths |-0.046|-0.717|
+----------+------+------+

CCOptDebug: End of Optimizer WNS Pass 1: reg2reg* WNS 772.1ps TNS 0.0ps; HEPG WNS 772.1ps TNS 0.0ps; all paths WNS -45.8ps TNS -716.7ps; Real time 0:05:13
** GigaOpt Optimizer WNS Slack -0.046 TNS Slack -0.717 Density 57.59

*** Starting place_detail (0:41:13 mem=5513.2M) ***
Total net bbox length = 4.776e+05 (2.104e+05 2.672e+05) (ext = 9.393e+04)

**Info: (IMPSP-2062): Some of the PG shapes may not be colorized properly in this design, users are required to run command colorizePowerMesh before any placement related commands!
**WARN: (IMPSP-5140):	Global net connect rules have not been created. Added  insts would have no supply connectivity, and would fail DRC.
Type 'man IMPSP-5140' for more detail.
**WARN: (IMPSP-315):	Found 38656 instances insts with no PG Term connections.
Type 'man IMPSP-315' for more detail.

Starting Small incrNP...
Density distribution unevenness ratio = 7.183%
Skipped incrNP (cpu=0:00:00.0, real=0:00:00.0, mem=5513.2M)
End of Small incrNP (cpu=0:00:00.0, real=0:00:00.0)
Move report: Detail placement moves 1350 insts, mean move: 0.27 um, max move: 3.62 um 
	Max move on inst (u_data_selector/FE_OFC1460_data_in_next_93): (89.13, 0.64) --> (88.71, 3.84)
	Runtime: CPU: 0:00:05.0 REAL: 0:00:03.0 MEM: 5524.6MB
Summary Report:
Instances move: 1350 (out of 38597 movable)
Instances flipped: 759
Mean displacement: 0.27 um
Max displacement: 3.62 um (Instance: u_data_selector/FE_OFC1460_data_in_next_93) (89.128, 0.64) -> (88.712, 3.84)
	Length: 2 sites, height: 1 rows, site name: SC8T_104CPP_CMOS22FDX, cell type: SC8T_INVX0P5_CSC28L
Total net bbox length = 4.780e+05 (2.107e+05 2.673e+05) (ext = 9.400e+04)
Runtime: CPU: 0:00:05.2 REAL: 0:00:03.0 MEM: 5524.6MB
*** Finished place_detail (0:41:18 mem=5524.6M) ***
*** maximum move = 3.62 um ***
*** Finished re-routing un-routed nets (5516.6M) ***

**Info: (IMPSP-2062): Some of the PG shapes may not be colorized properly in this design, users are required to run command colorizePowerMesh before any placement related commands!

*** Finish Physical Update (cpu=0:00:06.9 real=0:00:04.0 mem=5516.6M) ***
** GigaOpt Optimizer WNS Slack -0.046 TNS Slack -0.717 Density 57.59
OptDebug: End of Setup Fixing:
+----------+------+------+
|Path Group|   WNS|   TNS|
+----------+------+------+
|default   |-0.046|-0.717|
|reg2reg   | 0.772| 0.000|
|HEPG      | 0.772| 0.000|
|All Paths |-0.046|-0.717|
+----------+------+------+

Bottom Preferred Layer:
+-----------+------------+----------+
|   Layer   |    CLK     |   Rule   |
+-----------+------------+----------+
| C1 (z=3)  |         60 | default  |
+-----------+------------+----------+
Via Pillar Rule:
    None

*** Finish post-CTS Setup Fixing (cpu=0:00:50.1 real=0:00:20.0 mem=5516.6M) ***

*** WnsOpt #1 [finish] (ccopt_design #1) : cpu/real = 0:00:55.7/0:00:25.8 (2.2), totSession cpu/real = 0:41:20.3/0:12:11.8 (3.4), mem = 4957.8M
End: GigaOpt Optimization in WNS mode
Begin: GigaOpt Optimization in TNS mode
GigaOpt Checkpoint: Internal optTiming -allEndPoints -maxLocalDensity 0.95 -maxLocalDensityForHardenOpt 0.92 -numThreads 8 -postCTS -pgMode all -nativePathGroupFlow -wtns -nonLegalPlaceEcoBumpRecoveryInTNSOpt -NDROptEffortAuto -ipoTgtSlackCoef 1.5 -effTgtSlackCoef 1
Info: 60 nets with fixed/cover wires excluded.
Info: 60 clock nets excluded from IPO operation.
*** TnsOpt #1 [begin] (ccopt_design #1) : totSession cpu/real = 0:41:20.6/0:12:12.1 (3.4), mem = 4957.8M

**Info: (IMPSP-2062): Some of the PG shapes may not be colorized properly in this design, users are required to run command colorizePowerMesh before any placement related commands!
*info: 60 clock nets excluded
*info: 1471 no-driver nets excluded.
*info: 60 nets with fixed/cover wires excluded.
** GigaOpt Optimizer WNS Slack -0.046 TNS Slack -0.717 Density 57.59
OptDebug: Start of Optimizer TNS Pass:
+----------+------+------+
|Path Group|   WNS|   TNS|
+----------+------+------+
|default   |-0.046|-0.717|
|reg2reg   | 0.772| 0.000|
|HEPG      | 0.772| 0.000|
|All Paths |-0.046|-0.717|
+----------+------+------+

CCOptDebug: Start of Optimizer TNS Pass: reg2reg* WNS 772.1ps TNS 0.0ps; HEPG WNS 772.1ps TNS 0.0ps; all paths WNS -45.8ps TNS -716.7ps; Real time 0:05:23
Active Path Group: default 
+--------+---------+--------+---------+---------+------------+--------+-----------+---------+----------------------------------------------------+
|  WNS   | All WNS |  TNS   | All TNS | Density |    Real    |  Mem   |Worst View |Pathgroup|                     End Point                      |
+--------+---------+--------+---------+---------+------------+--------+-----------+---------+----------------------------------------------------+
|  -0.046|   -0.046|  -0.717|   -0.717|   57.59%|   0:00:01.0| 5345.3M|AVF_RCWORST|  default| sel_r_ext_out_2[2]                                 |
|  -0.046|   -0.046|  -0.365|   -0.365|   57.60%|   0:00:01.0| 5519.1M|AVF_RCWORST|  default| ext_v_input_bus_out_2[6]                           |
|  -0.046|   -0.046|  -0.358|   -0.358|   57.60%|   0:00:01.0| 5519.1M|AVF_RCWORST|  default| ext_v_input_bus_out_2[1]                           |
|  -0.046|   -0.046|  -0.358|   -0.358|   57.61%|   0:00:00.0| 5519.1M|AVF_RCWORST|  default| sel_r_ext_out_2[2]                                 |
+--------+---------+--------+---------+---------+------------+--------+-----------+---------+----------------------------------------------------+

*** Finish Core Optimize Step (cpu=0:00:10.0 real=0:00:03.0 mem=5519.1M) ***

*** Finished Optimize Step Cumulative (cpu=0:00:10.1 real=0:00:03.0 mem=5519.1M) ***
OptDebug: End of Optimizer TNS Pass:
+----------+------+------+
|Path Group|   WNS|   TNS|
+----------+------+------+
|default   |-0.046|-0.358|
|reg2reg   | 0.827| 0.000|
|HEPG      | 0.827| 0.000|
|All Paths |-0.046|-0.358|
+----------+------+------+

CCOptDebug: End of Optimizer TNS Pass: reg2reg* WNS 826.7ps TNS 0.0ps; HEPG WNS 826.7ps TNS 0.0ps; all paths WNS -45.8ps TNS -357.2ps; Real time 0:05:27

*** Starting place_detail (0:41:39 mem=5519.1M) ***
Total net bbox length = 4.777e+05 (2.107e+05 2.671e+05) (ext = 9.399e+04)

**Info: (IMPSP-2062): Some of the PG shapes may not be colorized properly in this design, users are required to run command colorizePowerMesh before any placement related commands!
**WARN: (IMPSP-5140):	Global net connect rules have not been created. Added  insts would have no supply connectivity, and would fail DRC.
Type 'man IMPSP-5140' for more detail.
**WARN: (IMPSP-315):	Found 38671 instances insts with no PG Term connections.
Type 'man IMPSP-315' for more detail.

Starting Small incrNP...
Density distribution unevenness ratio = 7.181%
Skipped incrNP (cpu=0:00:00.0, real=0:00:00.0, mem=5519.1M)
End of Small incrNP (cpu=0:00:00.0, real=0:00:00.0)
Move report: Detail placement moves 422 insts, mean move: 0.20 um, max move: 1.59 um 
	Max move on inst (SILEGO_cell/swb/FE_OFC2712_h_bus_reg_in_out1_0_left_13): (2.81, 110.08) --> (3.12, 108.80)
	Runtime: CPU: 0:00:06.6 REAL: 0:00:03.0 MEM: 5522.3MB
Summary Report:
Instances move: 422 (out of 38612 movable)
Instances flipped: 58
Mean displacement: 0.20 um
Max displacement: 1.59 um (Instance: SILEGO_cell/swb/FE_OFC2712_h_bus_reg_in_out1_0_left_13) (2.808, 110.08) -> (3.12, 108.8)
	Length: 7 sites, height: 1 rows, site name: SC8T_104CPP_CMOS22FDX, cell type: SC8T_BUFX4_MR_CSC28L
Total net bbox length = 4.778e+05 (2.107e+05 2.671e+05) (ext = 9.400e+04)
Runtime: CPU: 0:00:06.8 REAL: 0:00:03.0 MEM: 5522.3MB
*** Finished place_detail (0:41:46 mem=5522.3M) ***
*** maximum move = 1.59 um ***
*** Finished re-routing un-routed nets (5522.3M) ***

**Info: (IMPSP-2062): Some of the PG shapes may not be colorized properly in this design, users are required to run command colorizePowerMesh before any placement related commands!

*** Finish Physical Update (cpu=0:00:08.6 real=0:00:05.0 mem=5522.3M) ***
** GigaOpt Optimizer WNS Slack -0.046 TNS Slack -0.358 Density 57.61
OptDebug: End of Setup Fixing:
+----------+------+------+
|Path Group|   WNS|   TNS|
+----------+------+------+
|default   |-0.046|-0.358|
|reg2reg   | 0.827| 0.000|
|HEPG      | 0.827| 0.000|
|All Paths |-0.046|-0.358|
+----------+------+------+

Bottom Preferred Layer:
+-----------+------------+----------+
|   Layer   |    CLK     |   Rule   |
+-----------+------------+----------+
| C1 (z=3)  |         60 | default  |
+-----------+------------+----------+
Via Pillar Rule:
    None

*** Finish post-CTS Setup Fixing (cpu=0:00:21.8 real=0:00:09.0 mem=5522.3M) ***

*** TnsOpt #1 [finish] (ccopt_design #1) : cpu/real = 0:00:27.5/0:00:14.8 (1.9), totSession cpu/real = 0:41:48.1/0:12:26.9 (3.4), mem = 4983.5M
End: GigaOpt Optimization in TNS mode
GigaOpt Checkpoint: Internal reclaim -numThreads 8 -customPhyUpdate -noGCompAndPhase -force -svrReclaim -rtrShortNets -allowDegradingShortNetRemoval -postCTS -tgtSlackMult 2 -wtns -noRouteTypeResizePolish -noViewPrune -nativePathGroupFlow
Info: 60 nets with fixed/cover wires excluded.
Info: 60 clock nets excluded from IPO operation.

**Info: (IMPSP-2062): Some of the PG shapes may not be colorized properly in this design, users are required to run command colorizePowerMesh before any placement related commands!
Begin: Area Reclaim Optimization
*** AreaOpt #2 [begin] (ccopt_design #1) : totSession cpu/real = 0:41:49.6/0:12:28.2 (3.4), mem = 5369.0M
Usable buffer cells for single buffer setup transform:
SC8T_BUFX0P5_A_CSC28L SC8T_BUFX2_CSC28L SC8T_BUFX1P5_CSC28L SC8T_CKBUFX2_CSC28L SC8T_BUFX3_CSC28L SC8T_BUFX4_MR_CSC28L SC8T_BUFX4_CSC28L SC8T_CKBUFX4_CSC28L SC8T_BUFX6_CSC28L SC8T_CKBUFX6_CSC28L SC8T_BUFX8_CSC28L SC8T_CKBUFX8_CSC28L SC8T_CKBUFX10_CSC28L SC8T_BUFX12_CSC28L SC8T_CKBUFX12_CSC28L SC8T_BUFX16_CSC28L SC8T_CKBUFX16_CSC28L SC8T_BUFX20_CSC28L SC8T_CKBUFX20_CSC28L SC8T_BUFX24_CSC28L SC8T_CKBUFX24_CSC28L 
Number of usable buffer cells above: 21
Reclaim Optimization WNS Slack -0.046  TNS Slack -0.358 Density 57.61
+---------+---------+--------+--------+------------+--------+
| Density | Commits |  WNS   |  TNS   |    Real    |  Mem   |
+---------+---------+--------+--------+------------+--------+
|   57.61%|        -|  -0.046|  -0.358|   0:00:00.0| 5369.0M|
|   57.61%|        1|  -0.046|  -0.358|   0:00:01.0| 5513.9M|
|   57.61%|        0|  -0.046|  -0.358|   0:00:00.0| 5513.9M|
|   57.58%|       38|  -0.046|  -0.358|   0:00:02.0| 5536.3M|
|   57.58%|       13|  -0.046|  -0.358|   0:00:01.0| 5536.3M|
|   57.58%|        0|  -0.046|  -0.358|   0:00:00.0| 5536.3M|
|   57.58%|        0|  -0.046|  -0.358|   0:00:01.0| 5536.3M|
+---------+---------+--------+--------+------------+--------+
Reclaim Optimization End WNS Slack -0.046  TNS Slack -0.358 Density 57.58
Bottom Preferred Layer:
+-----------+------------+----------+
|   Layer   |    CLK     |   Rule   |
+-----------+------------+----------+
| C1 (z=3)  |         60 | default  |
+-----------+------------+----------+
Via Pillar Rule:
    None

Number of times islegalLocAvaiable called = 49 skipped = 0, called in commitmove = 13, skipped in commitmove = 0
End: Core Area Reclaim Optimization (cpu = 0:00:16.3) (real = 0:00:07.0) **

*** Starting place_detail (0:42:06 mem=5536.3M) ***
Total net bbox length = 4.775e+05 (2.106e+05 2.669e+05) (ext = 9.398e+04)

**Info: (IMPSP-2062): Some of the PG shapes may not be colorized properly in this design, users are required to run command colorizePowerMesh before any placement related commands!
**WARN: (IMPSP-5140):	Global net connect rules have not been created. Added  insts would have no supply connectivity, and would fail DRC.
Type 'man IMPSP-5140' for more detail.
**WARN: (IMPSP-315):	Found 38624 instances insts with no PG Term connections.
Type 'man IMPSP-315' for more detail.
Move report: Detail placement moves 0 insts, mean move: 0.00 um, max move: 0.00 um 
	Runtime: CPU: 0:00:04.4 REAL: 0:00:02.0 MEM: 5504.3MB
Summary Report:
Instances move: 0 (out of 38565 movable)
Instances flipped: 0
Mean displacement: 0.00 um
Max displacement: 0.00 um 
Total net bbox length = 4.775e+05 (2.106e+05 2.669e+05) (ext = 9.398e+04)
Runtime: CPU: 0:00:04.5 REAL: 0:00:02.0 MEM: 5504.3MB
*** Finished place_detail (0:42:11 mem=5504.3M) ***
*** maximum move = 0.00 um ***
*** Finished re-routing un-routed nets (5536.3M) ***


*** Finish Physical Update (cpu=0:00:06.3 real=0:00:03.0 mem=5536.3M) ***
*** AreaOpt #2 [finish] (ccopt_design #1) : cpu/real = 0:00:22.6/0:00:09.9 (2.3), totSession cpu/real = 0:42:12.2/0:12:38.2 (3.3), mem = 5536.3M
End: Area Reclaim Optimization (cpu=0:00:23, real=0:00:10, mem=4999.41M, totSessionCpu=0:42:12).
postCtsLateCongRepair #1 0
postCtsLateCongRepair #1 0
postCtsLateCongRepair #1 0
postCtsLateCongRepair #1 0
Starting local wire reclaim

**Info: (IMPSP-2062): Some of the PG shapes may not be colorized properly in this design, users are required to run command colorizePowerMesh before any placement related commands!
*** Starting place_detail (0:42:13 mem=4999.4M) ***

**Info: (IMPSP-2062): Some of the PG shapes may not be colorized properly in this design, users are required to run command colorizePowerMesh before any placement related commands!
**WARN: (IMPSP-5140):	Global net connect rules have not been created. Added  insts would have no supply connectivity, and would fail DRC.
Type 'man IMPSP-5140' for more detail.
**WARN: (IMPSP-315):	Found 38624 instances insts with no PG Term connections.
Type 'man IMPSP-315' for more detail.
*** Finished SKP initialization (cpu=0:00:09.4, real=0:00:05.0)***
Timing cost in AAE based: 1154455.8627397033851594
Move report: Detail placement moves 16789 insts, mean move: 1.32 um, max move: 13.55 um 
	Max move on inst (SILEGO_cell/swb/FE_OFC2930_h_bus_reg_in_out0_0_left_3): (50.44, 22.40) --> (54.39, 32.00)
	Runtime: CPU: 0:00:41.8 REAL: 0:00:20.0 MEM: 5191.6MB
Summary Report:
Instances move: 16789 (out of 38565 movable)
Instances flipped: 80
Mean displacement: 1.32 um
Max displacement: 13.55 um (Instance: SILEGO_cell/swb/FE_OFC2930_h_bus_reg_in_out0_0_left_3) (50.44, 22.4) -> (54.392, 32)
	Length: 4 sites, height: 1 rows, site name: SC8T_104CPP_CMOS22FDX, cell type: SC8T_BUFX2_CSC28L
Runtime: CPU: 0:00:41.9 REAL: 0:00:20.0 MEM: 5191.6MB
*** Finished place_detail (0:42:55 mem=5191.6M) ***
AAE_INFO: opIsDesignInPostRouteState() is 0
#################################################################################
# Design Stage: PreRoute
# Design Name: Silago_top_right_corner
# Design Mode: 90nm
# Analysis Mode: MMMC Non-OCV 
# Parasitics Mode: No SPEF/RCDB 
# Signoff Settings: SI Off 
#################################################################################
Calculate delays in BcWc mode...
Start delay calculation (fullDC) (8 T). (MEM=4996.11)
Total number of fetched objects 40940
AAE_INFO: Total number of nets for which stage creation was skipped for all views 0
End delay calculation. (MEM=5261.8 CPU=0:00:18.7 REAL=0:00:03.0)
End delay calculation (fullDC). (MEM=5261.8 CPU=0:00:21.3 REAL=0:00:04.0)
eGR doReRoute: optGuide
[NR-eGR] Track table information for default rule: 
[NR-eGR] M1 has single uniform track structure
[NR-eGR] M2 has single uniform track structure
[NR-eGR] C1 has single uniform track structure
[NR-eGR] C2 has single uniform track structure
[NR-eGR] C3 has single uniform track structure
[NR-eGR] C4 has single uniform track structure
[NR-eGR] BA has single uniform track structure
[NR-eGR] BB has single uniform track structure
[NR-eGR] JA has single uniform track structure
[NR-eGR] JB has single uniform track structure
[NR-eGR] LB has single uniform track structure
[NR-eGR] Read 21 PG shapes
[NR-eGR] Read 0 clock shapes
[NR-eGR] Read 0 other shapes
[NR-eGR] #Routing Blockages  : 31
[NR-eGR] #Instance Blockages : 101981
[NR-eGR] #PG Blockages       : 21
[NR-eGR] #Halo Blockages     : 0
[NR-eGR] #Boundary Blockages : 0
[NR-eGR] #Clock Blockages    : 0
[NR-eGR] #Other Blockages    : 0
[NR-eGR] Num Prerouted Nets = 60  Num Prerouted Wires = 17625
[NR-eGR] Read 40890 nets ( ignored 60 )
[NR-eGR] ============ Routing rule table ============
[NR-eGR] Rule id: 0  Nets: 40830
[NR-eGR] ========================================
[NR-eGR] 
[NR-eGR] Layer group 1: route 40830 net(s) in layer range [2, 11]
[NR-eGR] Early Global Route overflow of layer group 1: 0.35% H + 0.17% V. EstWL: 5.401664e+05um
[NR-eGR] Congestion Analysis By layer: (blocked Gcells are excluded) 
[NR-eGR]                        OverCon           OverCon           OverCon            
[NR-eGR]                         #Gcell            #Gcell            #Gcell     %Gcell
[NR-eGR]        Layer             (1-4)             (5-8)               (9)    OverCon
[NR-eGR] --------------------------------------------------------------------------------
[NR-eGR]      M1 ( 1)         0( 0.00%)         0( 0.00%)         0( 0.00%)   ( 0.00%) 
[NR-eGR]      M2 ( 2)      1201( 1.23%)         1( 0.00%)         0( 0.00%)   ( 1.23%) 
[NR-eGR]      C1 ( 3)       709( 0.73%)         1( 0.00%)         0( 0.00%)   ( 0.73%) 
[NR-eGR]      C2 ( 4)       105( 0.11%)         3( 0.00%)         0( 0.00%)   ( 0.11%) 
[NR-eGR]      C3 ( 5)       130( 0.13%)         5( 0.01%)         0( 0.00%)   ( 0.14%) 
[NR-eGR]      C4 ( 6)       114( 0.12%)        12( 0.01%)         1( 0.00%)   ( 0.13%) 
[NR-eGR]      BA ( 7)        65( 0.07%)         0( 0.00%)         0( 0.00%)   ( 0.07%) 
[NR-eGR]      BB ( 8)        30( 0.03%)        10( 0.01%)         0( 0.00%)   ( 0.04%) 
[NR-eGR]      JA ( 9)         0( 0.00%)         0( 0.00%)         0( 0.00%)   ( 0.00%) 
[NR-eGR]      JB (10)         0( 0.00%)         0( 0.00%)         0( 0.00%)   ( 0.00%) 
[NR-eGR]      LB (11)         0( 0.00%)         0( 0.00%)         0( 0.00%)   ( 0.00%) 
[NR-eGR] --------------------------------------------------------------------------------
[NR-eGR]        Total      2354( 0.31%)        32( 0.00%)         1( 0.00%)   ( 0.32%) 
[NR-eGR] 
[NR-eGR] Overflow after Early Global Route 0.09% H + 0.10% V
[NR-eGR]             Length (um)    Vias 
[NR-eGR] --------------------------------
[NR-eGR]  M1  (1V)             0  113286 
[NR-eGR]  M2  (2H)         66552  216509 
[NR-eGR]  C1  (3V)        135244   61226 
[NR-eGR]  C2  (4H)        101020   25574 
[NR-eGR]  C3  (5V)        127266   10992 
[NR-eGR]  C4  (6H)         69593    2910 
[NR-eGR]  BA  (7V)         48177    1478 
[NR-eGR]  BB  (8H)         17779      37 
[NR-eGR]  JA  (9V)             4       0 
[NR-eGR]  JB  (10H)            0       0 
[NR-eGR]  LB  (11V)            0       0 
[NR-eGR] --------------------------------
[NR-eGR]      Total       565635  432012 
[NR-eGR] --------------------------------------------------------------------------
[NR-eGR] Total half perimeter of net bounding box: 472819um
[NR-eGR] Total length: 565635um, number of vias: 432012
[NR-eGR] --------------------------------------------------------------------------
[NR-eGR] Total eGR-routed clock nets wire length: 0um, number of vias: 0
[NR-eGR] --------------------------------------------------------------------------
[NR-eGR] Finished Early Global Route kernel ( CPU: 8.72 sec, Real: 3.94 sec, Curr Mem: 4943.69 MB )
Extraction called for design 'Silago_top_right_corner' of instances=38624 and nets=42401 using extraction engine 'pre_route' .
**WARN: (IMPEXT-3530):	The process node is not set. Use the command set_design_mode -process <process node> prior to extraction for maximum accuracy and optimal automatic threshold setting.
Type 'man IMPEXT-3530' for more detail.
pre_route RC Extraction called for design Silago_top_right_corner.
RC Extraction called in multi-corner(3) mode.
RCMode: PreRoute
      RC Corner Indexes            0       1       2   
Capacitance Scaling Factor   : 1.00000 1.00000 1.00000 
Resistance Scaling Factor    : 1.00000 1.00000 1.00000 
Clock Cap. Scaling Factor    : 1.00000 1.00000 1.00000 
Clock Res. Scaling Factor    : 1.00000 1.00000 1.00000 
Shrink Factor                : 1.00000
PreRoute extraction is honoring NDR/Shielding/ExtraSpace for clock nets.
Using Quantus QRC technology file ...
Updating RC grid for preRoute extraction ...
Initializing multi-corner resistance tables ...
PreRoute RC Extraction DONE (CPU Time: 0:00:01.2  Real Time: 0:00:01.0  MEM: 4902.691M)
Compute RC Scale Done ...
[hotspot] +------------+---------------+---------------+
[hotspot] |            |   max hotspot | total hotspot |
[hotspot] +------------+---------------+---------------+
[hotspot] | normalized |          7.61 |         13.38 |
[hotspot] +------------+---------------+---------------+
Local HotSpot Analysis: normalized max congestion hotspot area = 7.61, normalized total congestion hotspot area = 13.38 (area is in unit of 4 std-cell row bins)
[hotspot] top 5 congestion hotspot bounding boxes and scores of normalized hotspot
[hotspot] +-----+-------------------------------------+---------------+
[hotspot] | top |            hotspot bbox             | hotspot score |
[hotspot] +-----+-------------------------------------+---------------+
[hotspot] |  1  |   112.64     0.00   122.88    10.24 |        4.46   |
[hotspot] +-----+-------------------------------------+---------------+
[hotspot] |  2  |   102.40     0.00   112.64    10.24 |        2.49   |
[hotspot] +-----+-------------------------------------+---------------+
[hotspot] |  3  |     0.00    97.28    10.24   107.52 |        1.05   |
[hotspot] +-----+-------------------------------------+---------------+
[hotspot] |  4  |    87.04     0.00    97.28    10.24 |        0.52   |
[hotspot] +-----+-------------------------------------+---------------+
[hotspot] |  5  |   107.52    10.24   117.76    20.48 |        0.26   |
[hotspot] +-----+-------------------------------------+---------------+
GigaOpt Checkpoint: Internal congRefineRouteType -postCTS -numThreads 8 -resetVeryShortNets -rescheduleForAdherence  
Begin: GigaOpt Route Type Constraints Refinement
*** CongRefineRouteType #2 [begin] (ccopt_design #1) : totSession cpu/real = 0:43:38.8/0:13:12.9 (3.3), mem = 4921.8M
Updated routing constraints on 0 nets.
Bottom Preferred Layer:
+-----------+------------+----------+
|   Layer   |    CLK     |   Rule   |
+-----------+------------+----------+
| C1 (z=3)  |         60 | default  |
+-----------+------------+----------+
Via Pillar Rule:
    None
*** CongRefineRouteType #2 [finish] (ccopt_design #1) : cpu/real = 0:00:00.4/0:00:00.4 (1.1), totSession cpu/real = 0:43:39.2/0:13:13.3 (3.3), mem = 4921.8M
End: GigaOpt Route Type Constraints Refinement
skip EGR on cluster skew clock nets.
OPTC: user 20.0
AAE_INFO: opIsDesignInPostRouteState() is 0
#################################################################################
# Design Stage: PreRoute
# Design Name: Silago_top_right_corner
# Design Mode: 90nm
# Analysis Mode: MMMC Non-OCV 
# Parasitics Mode: No SPEF/RCDB 
# Signoff Settings: SI Off 
#################################################################################
Calculate delays in BcWc mode...
Start delay calculation (fullDC) (8 T). (MEM=4963.21)
Total number of fetched objects 40940
AAE_INFO: Total number of nets for which stage creation was skipped for all views 0
End delay calculation. (MEM=5267.05 CPU=0:00:17.8 REAL=0:00:02.0)
End delay calculation (fullDC). (MEM=5267.05 CPU=0:00:20.6 REAL=0:00:03.0)
Begin: GigaOpt postEco DRV Optimization
GigaOpt Checkpoint: Internal optDRV -inPostEcoStage -smallScaleFixing -maxIter 3 -max_tran -max_cap -maxLocalDensity 0.98 -numThreads 8 -preRouteDontEndWithRefinePlaceIncrSteinerRouteDC -postCTS
*** DrvOpt #3 [begin] (ccopt_design #1) : totSession cpu/real = 0:44:06.8/0:13:18.3 (3.3), mem = 5267.1M
Info: 60 nets with fixed/cover wires excluded.
Info: 60 clock nets excluded from IPO operation.

**Info: (IMPSP-2062): Some of the PG shapes may not be colorized properly in this design, users are required to run command colorizePowerMesh before any placement related commands!
+-------------------------------------------------------------------------------------------------------------------------------------------------------+
|        max-tran       |        max-cap        |  max-fanout |  max-length |       setup       |        |        |        |       |          |         |
+-------------------------------------------------------------------------------------------------------------------------------------------------------+
| nets | terms|  wViol  | nets | terms|  wViol  | nets | terms| nets | terms|   WNS   |   TNS   |  #Buf  |  #Inv  | #Resize|Density|   Real   |   Mem   |
+-------------------------------------------------------------------------------------------------------------------------------------------------------+
|    21|   315|    -0.09|    37|    37|    -0.00|     0|     0|     0|     0|    -0.13|    -0.62|       0|       0|       0| 57.58%|          |         |
|     0|     0|     0.00|     0|     0|     0.00|     0|     0|     0|     0|    -0.14|    -0.65|      46|       6|       9| 57.60%| 0:00:01.0|  5609.4M|
|     0|     0|     0.00|     0|     0|     0.00|     0|     0|     0|     0|    -0.14|    -0.65|       0|       0|       0| 57.60%| 0:00:00.0|  5609.4M|
+-------------------------------------------------------------------------------------------------------------------------------------------------------+
Bottom Preferred Layer:
+-----------+------------+----------+
|   Layer   |    CLK     |   Rule   |
+-----------+------------+----------+
| C1 (z=3)  |         60 | default  |
+-----------+------------+----------+
Via Pillar Rule:
    None

*** Finish DRV Fixing (cpu=0:00:07.0 real=0:00:03.0 mem=5609.4M) ***

*** DrvOpt #3 [finish] (ccopt_design #1) : cpu/real = 0:00:10.8/0:00:05.0 (2.2), totSession cpu/real = 0:44:17.6/0:13:23.2 (3.3), mem = 5030.6M
End: GigaOpt postEco DRV Optimization
GigaOpt: WNS changes after postEco optimization: -0.004 -> -0.014 (bump = 0.01)
GigaOpt: Skipping nonLegal postEco optimization
Design TNS changes after trial route: -0.354 -> -0.651
Begin: GigaOpt TNS non-legal recovery
GigaOpt Checkpoint: Internal optTiming -setupRecovery -newSetupRecovery -allEndPoints -maxLocalDensity 0.92 -numThreads 8 -nativePathGroupFlow  -NDROptEffortAuto  -ipoTgtSlackCoef 0 -effTgtSlackCoef 0 -tnsBumpRecoveryInTNS -integratedAreaOpt
Info: 60 nets with fixed/cover wires excluded.
Info: 60 clock nets excluded from IPO operation.
*** TnsOpt #2 [begin] (ccopt_design #1) : totSession cpu/real = 0:44:19.7/0:13:25.3 (3.3), mem = 5030.6M

**Info: (IMPSP-2062): Some of the PG shapes may not be colorized properly in this design, users are required to run command colorizePowerMesh before any placement related commands!
*info: 60 clock nets excluded
*info: 1472 no-driver nets excluded.
*info: 60 nets with fixed/cover wires excluded.
** GigaOpt Optimizer WNS Slack -0.141 TNS Slack -0.651 Density 57.60
OptDebug: Start of Optimizer TNS Pass:
+----------+------+------+
|Path Group|   WNS|   TNS|
+----------+------+------+
|default   |-0.141|-0.651|
|reg2reg   | 0.517| 0.000|
|HEPG      | 0.517| 0.000|
|All Paths |-0.141|-0.651|
+----------+------+------+

CCOptDebug: Start of Optimizer TNS Pass: reg2reg* WNS 516.6ps TNS 0.0ps; HEPG WNS 516.6ps TNS 0.0ps; all paths WNS -141.1ps TNS -650.2ps; Real time 0:06:34
Active Path Group: default 
+--------+---------+--------+---------+---------+------------+--------+-----------+---------+----------------------------------------------------+
|  WNS   | All WNS |  TNS   | All TNS | Density |    Real    |  Mem   |Worst View |Pathgroup|                     End Point                      |
+--------+---------+--------+---------+---------+------------+--------+-----------+---------+----------------------------------------------------+
|  -0.141|   -0.141|  -0.651|   -0.651|   57.60%|   0:00:00.0| 5418.2M|AVF_RCWORST|  default| SILEGO_cell/MTRF_cell/dpu_gen/U_NACU_0/U_divider/d |
|        |         |        |         |         |            |        |           |         | ivision/U_DIV/dpu_gen_U_NACU_0_U_divider_division_ |
|        |         |        |         |         |            |        |           |         | link211662_r_REG171_S1/D                           |
|  -0.046|   -0.046|  -0.371|   -0.371|   57.63%|   0:00:03.0| 5603.8M|AVF_RCWORST|  default| sel_r_ext_out_2[4]                                 |
|  -0.046|   -0.046|  -0.363|   -0.363|   57.63%|   0:00:00.0| 5603.8M|AVF_RCWORST|  default| sel_r_ext_out_3[4]                                 |
|  -0.046|   -0.046|  -0.363|   -0.363|   57.63%|   0:00:00.0| 5603.8M|         NA|       NA| NA                                                 |
|  -0.046|   -0.046|  -0.363|   -0.363|   57.63%|   0:00:00.0| 5603.8M|AVF_RCWORST|  default| sel_r_ext_out_2[2]                                 |
+--------+---------+--------+---------+---------+------------+--------+-----------+---------+----------------------------------------------------+

*** Finish Core Optimize Step (cpu=0:00:11.0 real=0:00:03.0 mem=5603.8M) ***

*** Finished Optimize Step Cumulative (cpu=0:00:11.0 real=0:00:03.0 mem=5603.8M) ***
OptDebug: End of Optimizer TNS Pass:
+----------+------+------+
|Path Group|   WNS|   TNS|
+----------+------+------+
|default   |-0.046|-0.363|
|reg2reg   | 0.659| 0.000|
|HEPG      | 0.659| 0.000|
|All Paths |-0.046|-0.363|
+----------+------+------+

CCOptDebug: End of Optimizer TNS Pass: reg2reg* WNS 659.0ps TNS 0.0ps; HEPG WNS 659.0ps TNS 0.0ps; all paths WNS -46.0ps TNS -362.2ps; Real time 0:06:38

*** Starting place_detail (0:44:36 mem=5603.8M) ***
Total net bbox length = 4.730e+05 (2.074e+05 2.656e+05) (ext = 9.366e+04)

**Info: (IMPSP-2062): Some of the PG shapes may not be colorized properly in this design, users are required to run command colorizePowerMesh before any placement related commands!
**WARN: (IMPSP-5140):	Global net connect rules have not been created. Added  insts would have no supply connectivity, and would fail DRC.
Type 'man IMPSP-5140' for more detail.
**WARN: (IMPSP-315):	Found 38717 instances insts with no PG Term connections.
Type 'man IMPSP-315' for more detail.

Starting Small incrNP...
Density distribution unevenness ratio = 7.075%
Skipped incrNP (cpu=0:00:00.0, real=0:00:00.0, mem=5603.8M)
End of Small incrNP (cpu=0:00:00.0, real=0:00:00.0)
Move report: Detail placement moves 1170 insts, mean move: 0.38 um, max move: 4.46 um 
	Max move on inst (u_bus_selector/FE_OFC1760_noc_bus_in_INSTRUCTION__20): (120.12, 0.00) --> (120.74, 3.84)
	Runtime: CPU: 0:00:06.4 REAL: 0:00:03.0 MEM: 5630.4MB
Summary Report:
Instances move: 1170 (out of 38658 movable)
Instances flipped: 307
Mean displacement: 0.38 um
Max displacement: 4.46 um (Instance: u_bus_selector/FE_OFC1760_noc_bus_in_INSTRUCTION__20) (120.12, 0) -> (120.744, 3.84)
	Length: 2 sites, height: 1 rows, site name: SC8T_104CPP_CMOS22FDX, cell type: SC8T_INVX0P5_CSC28L
Total net bbox length = 4.733e+05 (2.077e+05 2.657e+05) (ext = 9.382e+04)
Runtime: CPU: 0:00:06.5 REAL: 0:00:03.0 MEM: 5630.4MB
*** Finished place_detail (0:44:43 mem=5630.4M) ***
*** maximum move = 4.46 um ***
*** Finished re-routing un-routed nets (5618.4M) ***


*** Finish Physical Update (cpu=0:00:08.4 real=0:00:05.0 mem=5619.4M) ***
** GigaOpt Optimizer WNS Slack -0.046 TNS Slack -0.363 Density 57.63
OptDebug: End of Setup Fixing:
+----------+------+------+
|Path Group|   WNS|   TNS|
+----------+------+------+
|default   |-0.046|-0.363|
|reg2reg   | 0.659| 0.000|
|HEPG      | 0.659| 0.000|
|All Paths |-0.046|-0.363|
+----------+------+------+

Bottom Preferred Layer:
+-----------+------------+----------+
|   Layer   |    CLK     |   Rule   |
+-----------+------------+----------+
| C1 (z=3)  |         60 | default  |
+-----------+------------+----------+
Via Pillar Rule:
    None

*** Finish post-CTS Setup Fixing (cpu=0:00:22.6 real=0:00:10.0 mem=5619.4M) ***

*** TnsOpt #2 [finish] (ccopt_design #1) : cpu/real = 0:00:25.5/0:00:12.5 (2.0), totSession cpu/real = 0:44:45.2/0:13:37.8 (3.3), mem = 5080.6M
End: GigaOpt TNS non-legal recovery
Begin: GigaOpt Optimization in post-eco TNS mode
GigaOpt Checkpoint: Internal optTiming -postEco -postEcoLefSafe -maxLocalDensity 1.0 -numThreads 8  -allEndPoints -nativePathGroupFlow
Info: 60 nets with fixed/cover wires excluded.
Info: 60 clock nets excluded from IPO operation.
*** TnsOpt #3 [begin] (ccopt_design #1) : totSession cpu/real = 0:44:45.5/0:13:38.0 (3.3), mem = 5080.6M

**Info: (IMPSP-2062): Some of the PG shapes may not be colorized properly in this design, users are required to run command colorizePowerMesh before any placement related commands!
*info: 60 clock nets excluded
*info: 1472 no-driver nets excluded.
*info: 60 nets with fixed/cover wires excluded.
** GigaOpt Optimizer WNS Slack -0.046 TNS Slack -0.363 Density 57.63
OptDebug: Start of Optimizer TNS Pass:
+----------+------+------+
|Path Group|   WNS|   TNS|
+----------+------+------+
|default   |-0.046|-0.363|
|reg2reg   | 0.659| 0.000|
|HEPG      | 0.659| 0.000|
|All Paths |-0.046|-0.363|
+----------+------+------+

CCOptDebug: Start of Optimizer TNS Pass: reg2reg* WNS 659.0ps TNS 0.0ps; HEPG WNS 659.0ps TNS 0.0ps; all paths WNS -46.0ps TNS -362.2ps; Real time 0:06:47
Active Path Group: default 
+--------+---------+--------+---------+---------+------------+--------+-----------+---------+----------------------------------------------------+
|  WNS   | All WNS |  TNS   | All TNS | Density |    Real    |  Mem   |Worst View |Pathgroup|                     End Point                      |
+--------+---------+--------+---------+---------+------------+--------+-----------+---------+----------------------------------------------------+
|  -0.046|   -0.046|  -0.363|   -0.363|   57.63%|   0:00:00.0| 5468.1M|AVF_RCWORST|  default| sel_r_ext_out_2[2]                                 |
|  -0.046|   -0.046|  -0.363|   -0.363|   57.63%|   0:00:00.0| 5468.1M|AVF_RCWORST|  default| sel_r_ext_out_2[2]                                 |
+--------+---------+--------+---------+---------+------------+--------+-----------+---------+----------------------------------------------------+

*** Finish Core Optimize Step (cpu=0:00:00.2 real=0:00:00.0 mem=5468.1M) ***

*** Finished Optimize Step Cumulative (cpu=0:00:00.3 real=0:00:00.0 mem=5468.1M) ***
OptDebug: End of Optimizer TNS Pass:
+----------+------+------+
|Path Group|   WNS|   TNS|
+----------+------+------+
|default   |-0.046|-0.363|
|reg2reg   | 0.659| 0.000|
|HEPG      | 0.659| 0.000|
|All Paths |-0.046|-0.363|
+----------+------+------+

CCOptDebug: End of Optimizer TNS Pass: reg2reg* WNS 659.0ps TNS 0.0ps; HEPG WNS 659.0ps TNS 0.0ps; all paths WNS -46.0ps TNS -362.2ps; Real time 0:06:48
OptDebug: End of Setup Fixing:
+----------+------+------+
|Path Group|   WNS|   TNS|
+----------+------+------+
|default   |-0.046|-0.363|
|reg2reg   | 0.659| 0.000|
|HEPG      | 0.659| 0.000|
|All Paths |-0.046|-0.363|
+----------+------+------+

Bottom Preferred Layer:
+-----------+------------+----------+
|   Layer   |    CLK     |   Rule   |
+-----------+------------+----------+
| C1 (z=3)  |         60 | default  |
+-----------+------------+----------+
Via Pillar Rule:
    None

*** Finish post-CTS Setup Fixing (cpu=0:00:02.9 real=0:00:02.0 mem=5468.1M) ***

*** TnsOpt #3 [finish] (ccopt_design #1) : cpu/real = 0:00:05.9/0:00:04.9 (1.2), totSession cpu/real = 0:44:51.3/0:13:42.9 (3.3), mem = 5079.3M
End: GigaOpt Optimization in post-eco TNS mode
#optDebug: fT-D <X 1 0 0 0>
Register exp ratio and priority group on 0 nets on 41012 nets : 

Active setup views:
 AVF_RCWORST
  Dominating endpoints: 0
  Dominating TNS: -0.000

Extraction called for design 'Silago_top_right_corner' of instances=38717 and nets=42491 using extraction engine 'pre_route' .
**WARN: (IMPEXT-3530):	The process node is not set. Use the command set_design_mode -process <process node> prior to extraction for maximum accuracy and optimal automatic threshold setting.
Type 'man IMPEXT-3530' for more detail.
pre_route RC Extraction called for design Silago_top_right_corner.
RC Extraction called in multi-corner(3) mode.
RCMode: PreRoute
      RC Corner Indexes            0       1       2   
Capacitance Scaling Factor   : 1.00000 1.00000 1.00000 
Resistance Scaling Factor    : 1.00000 1.00000 1.00000 
Clock Cap. Scaling Factor    : 1.00000 1.00000 1.00000 
Clock Res. Scaling Factor    : 1.00000 1.00000 1.00000 
Shrink Factor                : 1.00000
PreRoute extraction is honoring NDR/Shielding/ExtraSpace for clock nets.
Using Quantus QRC technology file ...
Skipped RC grid update for preRoute extraction.
Initializing multi-corner resistance tables ...
PreRoute RC Extraction DONE (CPU Time: 0:00:01.1  Real Time: 0:00:01.0  MEM: 5006.465M)
Starting delay calculation for Setup views
AAE_INFO: opIsDesignInPostRouteState() is 0
#################################################################################
# Design Stage: PreRoute
# Design Name: Silago_top_right_corner
# Design Mode: 90nm
# Analysis Mode: MMMC Non-OCV 
# Parasitics Mode: No SPEF/RCDB 
# Signoff Settings: SI Off 
#################################################################################
Calculate delays in BcWc mode...
Start delay calculation (fullDC) (8 T). (MEM=5028.89)
Total number of fetched objects 41030
AAE_INFO: Total number of nets for which stage creation was skipped for all views 0
End delay calculation. (MEM=5332.73 CPU=0:00:18.7 REAL=0:00:03.0)
End delay calculation (fullDC). (MEM=5332.73 CPU=0:00:21.5 REAL=0:00:04.0)
*** Done Building Timing Graph (cpu=0:00:29.1 real=0:00:05.0 totSessionCpu=0:45:23 mem=5332.7M)
OPTC: user 20.0
[NR-eGR] Track table information for default rule: 
[NR-eGR] M1 has single uniform track structure
[NR-eGR] M2 has single uniform track structure
[NR-eGR] C1 has single uniform track structure
[NR-eGR] C2 has single uniform track structure
[NR-eGR] C3 has single uniform track structure
[NR-eGR] C4 has single uniform track structure
[NR-eGR] BA has single uniform track structure
[NR-eGR] BB has single uniform track structure
[NR-eGR] JA has single uniform track structure
[NR-eGR] JB has single uniform track structure
[NR-eGR] LB has single uniform track structure
[NR-eGR] Read 21 PG shapes
[NR-eGR] Read 0 clock shapes
[NR-eGR] Read 0 other shapes
[NR-eGR] #Routing Blockages  : 31
[NR-eGR] #Instance Blockages : 102033
[NR-eGR] #PG Blockages       : 21
[NR-eGR] #Halo Blockages     : 0
[NR-eGR] #Boundary Blockages : 0
[NR-eGR] #Clock Blockages    : 0
[NR-eGR] #Other Blockages    : 0
[NR-eGR] Num Prerouted Nets = 60  Num Prerouted Wires = 17625
[NR-eGR] Read 40980 nets ( ignored 60 )
[NR-eGR] ============ Routing rule table ============
[NR-eGR] Rule id: 0  Nets: 40920
[NR-eGR] ========================================
[NR-eGR] 
[NR-eGR] Layer group 1: route 40920 net(s) in layer range [2, 11]
[NR-eGR] Early Global Route overflow of layer group 1: 0.37% H + 0.18% V. EstWL: 5.407181e+05um
[NR-eGR] Congestion Analysis By layer: (blocked Gcells are excluded) 
[NR-eGR]                        OverCon           OverCon           OverCon            
[NR-eGR]                         #Gcell            #Gcell            #Gcell     %Gcell
[NR-eGR]        Layer             (1-4)             (5-8)            (9-11)    OverCon
[NR-eGR] --------------------------------------------------------------------------------
[NR-eGR]      M1 ( 1)         0( 0.00%)         0( 0.00%)         0( 0.00%)   ( 0.00%) 
[NR-eGR]      M2 ( 2)      1171( 1.20%)         2( 0.00%)         0( 0.00%)   ( 1.20%) 
[NR-eGR]      C1 ( 3)       708( 0.72%)         2( 0.00%)         0( 0.00%)   ( 0.73%) 
[NR-eGR]      C2 ( 4)       105( 0.11%)         5( 0.01%)         0( 0.00%)   ( 0.11%) 
[NR-eGR]      C3 ( 5)       140( 0.14%)         6( 0.01%)         0( 0.00%)   ( 0.15%) 
[NR-eGR]      C4 ( 6)       116( 0.12%)        13( 0.01%)         1( 0.00%)   ( 0.13%) 
[NR-eGR]      BA ( 7)        62( 0.06%)         2( 0.00%)         0( 0.00%)   ( 0.07%) 
[NR-eGR]      BB ( 8)        19( 0.02%)        12( 0.01%)         0( 0.00%)   ( 0.03%) 
[NR-eGR]      JA ( 9)         0( 0.00%)         0( 0.00%)         0( 0.00%)   ( 0.00%) 
[NR-eGR]      JB (10)         0( 0.00%)         0( 0.00%)         0( 0.00%)   ( 0.00%) 
[NR-eGR]      LB (11)         0( 0.00%)         0( 0.00%)         0( 0.00%)   ( 0.00%) 
[NR-eGR] --------------------------------------------------------------------------------
[NR-eGR]        Total      2321( 0.31%)        42( 0.01%)         1( 0.00%)   ( 0.31%) 
[NR-eGR] 
[NR-eGR] Overflow after Early Global Route 0.08% H + 0.10% V
[NR-eGR] Finished Early Global Route kernel ( CPU: 5.40 sec, Real: 2.36 sec, Curr Mem: 5364.73 MB )
[hotspot] +------------+---------------+---------------+
[hotspot] |            |   max hotspot | total hotspot |
[hotspot] +------------+---------------+---------------+
[hotspot] | normalized |          7.61 |         13.77 |
[hotspot] +------------+---------------+---------------+
Local HotSpot Analysis: normalized max congestion hotspot area = 7.61, normalized total congestion hotspot area = 13.77 (area is in unit of 4 std-cell row bins)
[hotspot] top 5 congestion hotspot bounding boxes and scores of normalized hotspot
[hotspot] +-----+-------------------------------------+---------------+
[hotspot] | top |            hotspot bbox             | hotspot score |
[hotspot] +-----+-------------------------------------+---------------+
[hotspot] |  1  |   112.64     0.00   122.88    10.24 |        4.20   |
[hotspot] +-----+-------------------------------------+---------------+
[hotspot] |  2  |   102.40     0.00   112.64    10.24 |        2.75   |
[hotspot] +-----+-------------------------------------+---------------+
[hotspot] |  3  |     0.00    97.28    10.24   107.52 |        1.05   |
[hotspot] +-----+-------------------------------------+---------------+
[hotspot] |  4  |    87.04     0.00    97.28    10.24 |        0.26   |
[hotspot] +-----+-------------------------------------+---------------+
[hotspot] |  5  |   107.52    10.24   117.76    20.48 |        0.26   |
[hotspot] +-----+-------------------------------------+---------------+
[hotspot] Hotspot report including placement blocked areas
[hotspot] +------------+---------------+---------------+
[hotspot] |            |   max hotspot | total hotspot |
[hotspot] +------------+---------------+---------------+
[hotspot] | normalized |         17.44 |         30.56 |
[hotspot] +------------+---------------+---------------+
Local HotSpot Analysis (blockage included): normalized max congestion hotspot area = 17.44, normalized total congestion hotspot area = 30.56 (area is in unit of 4 std-cell row bins)
[hotspot] top 5 congestion hotspot bounding boxes and scores of normalized hotspot
[hotspot] +-----+-------------------------------------+---------------+
[hotspot] | top |            hotspot bbox             | hotspot score |
[hotspot] +-----+-------------------------------------+---------------+
[hotspot] |  1  |   194.56   158.72   200.32   174.08 |       12.89   |
[hotspot] +-----+-------------------------------------+---------------+
[hotspot] |  2  |   112.64     0.00   122.88    10.24 |        4.20   |
[hotspot] +-----+-------------------------------------+---------------+
[hotspot] |  3  |   102.40     0.00   112.64    10.24 |        2.75   |
[hotspot] +-----+-------------------------------------+---------------+
[hotspot] |  4  |   158.72   194.56   168.96   200.32 |        2.49   |
[hotspot] +-----+-------------------------------------+---------------+
[hotspot] |  5  |    92.16     0.00   102.40    10.24 |        2.10   |
[hotspot] +-----+-------------------------------------+---------------+
Reported timing to dir ./timingReports
**opt_design ... cpu = 0:12:59, real = 0:04:28, mem = 3305.0M, totSessionCpu=0:45:28 **


------------------------------------------------------------------
     opt_design Final Summary
------------------------------------------------------------------

Setup views included:
 AVF_RCWORST 

+--------------------+---------+---------+---------+
|     Setup mode     |   all   | reg2reg | default |
+--------------------+---------+---------+---------+
|           WNS (ns):| -0.046  |  0.662  | -0.046  |
|           TNS (ns):| -0.362  |  0.000  | -0.362  |
|    Violating Paths:|   10    |    0    |   10    |
|          All Paths:|  5472   |  4770   |  3759   |
+--------------------+---------+---------+---------+

+----------------+-------------------------------+------------------+
|                |              Real             |       Total      |
|    DRVs        +------------------+------------+------------------|
|                |  Nr nets(terms)  | Worst Vio  |  Nr nets(terms)  |
+----------------+------------------+------------+------------------+
|   max_cap      |      0 (0)       |   0.000    |      0 (0)       |
|   max_tran     |      0 (0)       |   0.000    |      0 (0)       |
|   max_fanout   |      0 (0)       |     0      |      0 (0)       |
|   max_length   |      0 (0)       |     0      |      0 (0)       |
+----------------+------------------+------------+------------------+


Density: 57.629%
Routing Overflow: 0.08% H and 0.10% V
------------------------------------------------------------------

**opt_design ... cpu = 0:13:06, real = 0:04:32, mem = 3306.9M, totSessionCpu=0:45:36 **
*** Finished opt_design ***
      flow.cputime  flow.realtime  timing.setup.tns  timing.setup.wns  snapshot
UM:*                                      -0.362 ns         -0.046 ns  final
UM: Running design category ...
------------------------------------------------------------
	Current design flip-flop statistics

Single-Bit FF Count          :         5026
Multi-Bit FF Count           :            0
Total Bit Count              :         5026
Total FF Count               :         5026
Bits Per Flop                :        1.000
Total Clock Pin Cap(FF)      :     3102.415
Multibit Conversion Ratio(%) :         0.00
------------------------------------------------------------
------------------------------------------------------------
            Multi-bit cell usage statistics

------------------------------------------------------------
============================================================
Sequential Multibit cells usage statistics
------------------------------------------------------------
            Not Merged-bits         Merged-bits     Multibit Conversion %     Bits Per Flop
------------------------------------------------------------
-FlipFlops             5026                    0        0.00                    1.00
------------------------------------------------------------

------------------------------------------------------------
Seq_Mbit libcell              Bitwidth        Count
------------------------------------------------------------
Total 0
============================================================
------------------------------------------------------------
Category            Num of Insts Rejected     Reasons
------------------------------------------------------------
------------------------------------------------------------
      flow.cputime  flow.realtime  timing.setup.tns  timing.setup.wns  snapshot
UM:         789.16            275         -0.362 ns         -0.046 ns  opt_design_postcts
Info: Destroy the CCOpt slew target map.
Set place::cacheFPlanSiteMark to 0
(ccopt_design): dumping clock statistics to metric
Clock tree timing engine global stage delay update for WC_dc:setup.early...
Clock tree timing engine global stage delay update for WC_dc:setup.early done. (took cpu=0:00:00.5 real=0:00:00.1)
Clock tree timing engine global stage delay update for WC_dc:setup.late...
Clock tree timing engine global stage delay update for WC_dc:setup.late done. (took cpu=0:00:00.1 real=0:00:00.0)
Clock tree timing engine global stage delay update for BC_dc:hold.early...
Clock tree timing engine global stage delay update for BC_dc:hold.early done. (took cpu=0:00:00.1 real=0:00:00.0)
Clock tree timing engine global stage delay update for BC_dc:hold.late...
Clock tree timing engine global stage delay update for BC_dc:hold.late done. (took cpu=0:00:00.1 real=0:00:00.0)
Clock tree timing engine global stage delay update for TC_dc:hold.early...
Clock tree timing engine global stage delay update for TC_dc:hold.early done. (took cpu=0:00:00.1 real=0:00:00.0)
Clock tree timing engine global stage delay update for TC_dc:hold.late...
Clock tree timing engine global stage delay update for TC_dc:hold.late done. (took cpu=0:00:00.1 real=0:00:00.0)
UM: Running design category ...
------------------------------------------------------------
	Current design flip-flop statistics

Single-Bit FF Count          :         5026
Multi-Bit FF Count           :            0
Total Bit Count              :         5026
Total FF Count               :         5026
Bits Per Flop                :        1.000
Total Clock Pin Cap(FF)      :     3102.415
Multibit Conversion Ratio(%) :         0.00
------------------------------------------------------------
------------------------------------------------------------
            Multi-bit cell usage statistics

------------------------------------------------------------
============================================================
Sequential Multibit cells usage statistics
------------------------------------------------------------
            Not Merged-bits         Merged-bits     Multibit Conversion %     Bits Per Flop
------------------------------------------------------------
-FlipFlops             5026                    0        0.00                    1.00
------------------------------------------------------------

------------------------------------------------------------
Seq_Mbit libcell              Bitwidth        Count
------------------------------------------------------------
Total 0
============================================================
------------------------------------------------------------
Category            Num of Insts Rejected     Reasons
------------------------------------------------------------
------------------------------------------------------------
      flow.cputime  flow.realtime  timing.setup.tns  timing.setup.wns  snapshot
UM:        1122.66            417         -0.362 ns         -0.046 ns  ccopt_design

*** Summary of all messages that are not suppressed in this session:
Severity  ID               Count  Summary                                  
WARNING   IMPDBTCL-321         8  The attribute '%s' still works but will ...
WARNING   IMPEXT-3530          5  The process node is not set. Use the com...
WARNING   IMPSP-5140           7  Global net connect rules have not been c...
WARNING   IMPSP-315            7  Found %d instances insts with no PG Term...
WARNING   IMPSP-9025           1  No scan chain specified/traced.          
WARNING   IMPSP-2041           1  Found %d fixed insts that could not be c...
WARNING   IMPCCOPT-1127        2  The skew group %s has been identified as...
WARNING   IMPTCM-77            2  Option "%s" for command %s is obsolete a...
*** Message Summary: 33 warning(s), 0 error(s)

*** ccopt_design #1 [finish] : cpu/real = 0:18:56.6/0:07:09.8 (2.6), totSession cpu/real = 0:45:43.8/0:14:03.9 (3.3), mem = 5349.6M
#% End ccopt_design (date=01/03 09:33:18, total cpu=0:18:57, real=0:07:10, peak res=3633.1M, current mem=3216.0M)
@@file 8: route_design
#% Begin route_design (date=01/03 09:33:19, mem=3216.0M)
#route_design: cpu time = 00:00:00, elapsed time = 00:00:00, memory = 3216.00 (MB), peak = 3633.05 (MB)
AAE_INFO: Pre Route call back at the beginning of routeDesign
#**INFO: setDesignMode -flowEffort standard
#**INFO: setDesignMode -powerEffort none
**INFO: User settings:
delaycal_default_net_delay                                   1000ps
delaycal_default_net_load                                    0.5pf
delaycal_enable_high_fanout                                  true
delaycal_ignore_net_load                                     false
delaycal_input_transition_delay                              0.1ps
delaycal_socv_accuracy_mode                                  low
delaycal_use_default_delay_limit                             1000
setAnalysisMode -cts                                         postCTS
setAnalysisMode -virtualIPO                                  false
setDelayCalMode -engine                                      aae
extract_rc_engine                                            pre_route
route_design_extract_third_party_compatible                  false
route_design_global_exp_timing_driven_std_delay              10.6
setActiveLogicViewMode -keepHighFanoutCriticalInsts          false
getAnalysisMode -cts                                         postCTS
getAnalysisMode -virtualIPO                                  false
getDelayCalMode -engine                                      aae
getIlmMode -keepHighFanoutCriticalInsts                      false
get_power_analysis_mode -report_power_quiet                  false
getAnalysisMode -cts                                         postCTS
getAnalysisMode -virtualIPO                                  false
#**INFO: multi-cut via swapping will be performed after routing.
#**INFO: All auto set options tuned by route_design will be restored to their original settings on command completion.

**Info: (IMPSP-2062): Some of the PG shapes may not be colorized properly in this design, users are required to run command colorizePowerMesh before any placement related commands!
Begin checking placement ... (start mem=4990.6M, init mem=4990.6M)
*info: Placed = 38717          (Fixed = 59)
*info: Unplaced = 0           
Placement Density:57.63%(23099/40083)
Placement Density (including fixed std cells):57.63%(23099/40083)
Finished check_place (total: cpu=0:00:00.9, real=0:00:00.0; vio checks: cpu=0:00:00.7, real=0:00:00.0; mem=4958.6M)

changeUseClockNetStatus Option :  -noFixedNetWires 
*** Changed status on (60) nets in Clock.
*** End changeUseClockNetStatus (cpu=0:00:00.0, real=0:00:00.0, mem=4958.6M) ***
#Start route 60 clock and analog nets...

route_global_detail

#Start route_global_detail on Sat Jan  3 09:33:26 2026
#
Skipped RC grid update for preRoute extraction.
Initializing multi-corner resistance tables ...
#WARNING (NRIG-1303) The congestion map does not match the GCELL grid. Clearing the map.
#num needed restored net=42431
#need_extraction net=0 (total=42491)
#WARNING (NRDB-2005) SPECIAL_NET VSS has special wires but no definitions for instance pins or top level pins. This will cause routability problems later.
#WARNING (NRDB-2005) SPECIAL_NET VSS has special wires but no definitions for instance pins or top level pins. This will cause routability problems later.
#NanoRoute Version 21.19-s058_1 NR231113-0413/21_19-UB
#Skip comparing routing design signature in db-snapshot flow
#Total number of trivial nets (e.g. < 2 pins) = 1511 (skipped).
#Total number of nets with skipped attribute = 40920 (skipped).
#Total number of routable nets = 60.
#Total number of nets in the design = 42491.
#49 routable nets do not have any wires.
#11 routable nets have routed wires.
#40920 skipped nets have only detail routed wires.
#49 nets will be global routed.
#49 global routed or unrouted (routable) nets have been constrained (e.g. have preferred extra spacing, require shielding etc.)
#11 detail routed (routable) nets have been constrained (e.g. have preferred extra spacing, require shielding etc.)
#Using multithreading with 8 threads.
#Start routing data preparation on Sat Jan  3 09:33:28 2026
#
#Minimum voltage of a net in the design = 0.000.
#Maximum voltage of a net in the design = 0.800.
#Voltage range [0.000 - 0.800] has 42458 nets.
#Voltage range [0.000 - 0.000] has 32 nets.
#Voltage range [0.720 - 0.800] has 1 net.
#Build and mark too close pins for the same net.
#Rebuild pin access data for design.
#Initial pin access analysis.
#Detail pin access analysis.
# M1           V   Track-Pitch = 0.10400    Line-2-Via Pitch = 0.08000
# M2           H   Track-Pitch = 0.08000    Line-2-Via Pitch = 0.08000
# C1           V   Track-Pitch = 0.09000    Line-2-Via Pitch = 0.09000
# C2           H   Track-Pitch = 0.09000    Line-2-Via Pitch = 0.09000
# C3           V   Track-Pitch = 0.09000    Line-2-Via Pitch = 0.09000
# C4           H   Track-Pitch = 0.09000    Line-2-Via Pitch = 0.09000
# BA           V   Track-Pitch = 0.18000    Line-2-Via Pitch = 0.18000
# BB           H   Track-Pitch = 0.18000    Line-2-Via Pitch = 0.18000
# JA           V   Track-Pitch = 0.90000    Line-2-Via Pitch = 0.90000
# JB           H   Track-Pitch = 0.90000    Line-2-Via Pitch = 0.90000
# LB           V   Track-Pitch = 3.60000    Line-2-Via Pitch = 4.50000
#WARNING (NRAG-44) Track pitch is too small compared with line-2-via pitch.
#Bottom routing layer index=1(M1), bottom routing layer for shielding=3(C1), bottom shield layer=3(C1)
#shield_bottom_stripe_layer=3(C1), shield_top_stripe_layer=11(LB)
#pin_access_rlayer=2(M2)
#shield_top_dpt_rlayer=2 top_rlayer=11 top_trim_metal_rlayer=-1 rlayer_lowest=3 bottom_rlayer=1
#enable_trim_layer_shield=F enable_dpt_layer_shield=F has_line_end_grid=F
#cpu time = 00:00:00, elapsed time = 00:00:00, memory = 3287.55 (MB), peak = 3633.05 (MB)
#Regenerating Ggrids automatically.
#Auto generating G-grids with size=15 tracks, using layer C1's pitch = 0.09000.
#Using automatically generated G-grids.
#Done routing data preparation.
#cpu time = 00:02:33, elapsed time = 00:00:23, memory = 3322.53 (MB), peak = 3633.05 (MB)
#Minimum voltage of a net in the design = 0.000.
#Maximum voltage of a net in the design = 0.800.
#Voltage range [0.000 - 0.800] has 42458 nets.
#Voltage range [0.000 - 0.000] has 32 nets.
#Voltage range [0.720 - 0.800] has 1 net.
#Start instance access analysis using 8 threads...
#Set layer M1 to be advanced pin access layer.
#0 instance pins are hard to access
#Instance access analysis statistics:
#Cpu time = 00:00:03
#Elapsed time = 00:00:01
#Increased memory = 17.07 (MB)
#Total memory = 3339.85 (MB)
#Peak memory = 3633.05 (MB)
#
#Finished routing data preparation on Sat Jan  3 09:33:53 2026
#
#Cpu time = 00:02:35
#Elapsed time = 00:00:25
#Increased memory = 115.11 (MB)
#Total memory = 3339.85 (MB)
#Peak memory = 3633.05 (MB)
#
#
#Start global routing on Sat Jan  3 09:33:53 2026
#
#
#Start global routing initialization on Sat Jan  3 09:33:53 2026
#
#Number of eco nets is 49
#
#Start global routing data preparation on Sat Jan  3 09:33:53 2026
#
#Start routing resource analysis on Sat Jan  3 09:33:53 2026
#
#Routing resource analysis is done on Sat Jan  3 09:33:53 2026
#
#  Resource Analysis:
#
#               Routing  #Avail      #Track     #Total     %Gcell
#  Layer      Direction   Track     Blocked      Gcell    Blocked
#  --------------------------------------------------------------
#  M1             V           0        1924       22052   100.00%
#  M2             H        1719         785       22052     0.00%
#  C1             V        2214           9       22052     0.67%
#  C2             H        2219           7       22052     0.00%
#  C3             V        2220           3       22052     0.67%
#  C4             H        2223           3       22052     0.00%
#  BA             V        1109           2       22052     0.67%
#  BB             H        1112           1       22052     0.00%
#  JA             V         221           1       22052     0.75%
#  JB             H           0         223       22052   100.00%
#  LB             V           0          56       22052   100.00%
#  --------------------------------------------------------------
#  Total                  13039      30.25%      242572    27.52%
#
#  60 nets (0.14%) with 1 preferred extra spacing.
#
#
#
#Global routing data preparation is done on Sat Jan  3 09:33:53 2026
#
#cpu time = 00:00:01, elapsed time = 00:00:00, memory = 3344.91 (MB), peak = 3633.05 (MB)
#
#
#Global routing initialization is done on Sat Jan  3 09:33:53 2026
#
#cpu time = 00:00:01, elapsed time = 00:00:00, memory = 3347.19 (MB), peak = 3633.05 (MB)
#
#start global routing iteration 1...
#cpu time = 00:00:01, elapsed time = 00:00:01, memory = 3365.98 (MB), peak = 3633.05 (MB)
#
#start global routing iteration 2...
#cpu time = 00:00:00, elapsed time = 00:00:00, memory = 3364.31 (MB), peak = 3633.05 (MB)
#
#start global routing iteration 3...
#cpu time = 00:00:00, elapsed time = 00:00:00, memory = 3364.31 (MB), peak = 3633.05 (MB)
#
#
#Total number of trivial nets (e.g. < 2 pins) = 1511 (skipped).
#Total number of nets with skipped attribute = 40920 (skipped).
#Total number of routable nets = 60.
#Total number of nets in the design = 42491.
#
#60 routable nets have routed wires.
#40920 skipped nets have only detail routed wires.
#49 global routed or unrouted (routable) nets have been constrained (e.g. have preferred extra spacing, require shielding etc.)
#11 detail routed (routable) nets have been constrained (e.g. have preferred extra spacing, require shielding etc.)
#
#Routed net constraints summary:
#------------------------------------------------
#        Rules   Pref Extra Space   Unconstrained  
#------------------------------------------------
#      Default                 49               0  
#------------------------------------------------
#        Total                 49               0  
#------------------------------------------------
#
#Routing constraints summary of the whole design:
#------------------------------------------------
#        Rules   Pref Extra Space   Unconstrained  
#------------------------------------------------
#      Default                 60           40920  
#------------------------------------------------
#        Total                 60           40920  
#------------------------------------------------
#
#
#  Congestion Analysis: (blocked Gcells are excluded)
#
#                 OverCon          
#                  #Gcell    %Gcell
#     Layer           (1)   OverCon
#  --------------------------------
#  M2            0(0.00%)   (0.00%)
#  C1            0(0.00%)   (0.00%)
#  C2            0(0.00%)   (0.00%)
#  C3            0(0.00%)   (0.00%)
#  C4            0(0.00%)   (0.00%)
#  BA            0(0.00%)   (0.00%)
#  BB            0(0.00%)   (0.00%)
#  JA            0(0.00%)   (0.00%)
#  --------------------------------
#     Total      0(0.00%)   (0.00%)
#
#  The worst congested Gcell overcon (routing demand over resource in number of tracks) = 1
#  Overflow after GR: 0.00% H + 0.00% V
#
#Complete Global Routing.
#Total number of nets with non-default rule or having extra spacing = 60
#Total wire length = 10968 um.
#Total half perimeter of net bounding box = 3685 um.
#Total wire length on LAYER M1 = 0 um.
#Total wire length on LAYER M2 = 187 um.
#Total wire length on LAYER C1 = 5688 um.
#Total wire length on LAYER C2 = 4814 um.
#Total wire length on LAYER C3 = 278 um.
#Total wire length on LAYER C4 = 0 um.
#Total wire length on LAYER BA = 0 um.
#Total wire length on LAYER BB = 0 um.
#Total wire length on LAYER JA = 0 um.
#Total wire length on LAYER JB = 0 um.
#Total wire length on LAYER LB = 0 um.
#Total number of vias = 10479
#Up-Via Summary (total 10479):
#           
#-----------------------
# M1                327
# M2               5101
# C1               4866
# C2                185
#-----------------------
#                 10479 
#
#Total number of involved priority nets 49
#Maximum src to sink distance for priority net 134.9
#Average of max src_to_sink distance for priority net 48.0
#Average of ave src_to_sink distance for priority net 25.1
#Max overcon = 0 track.
#Total overcon = 0.00%.
#Worst layer Gcell overcon rate = 0.00%.
#
#Global routing statistics:
#Cpu time = 00:00:02
#Elapsed time = 00:00:02
#Increased memory = 13.85 (MB)
#Total memory = 3353.70 (MB)
#Peak memory = 3633.05 (MB)
#
#Finished global routing on Sat Jan  3 09:33:54 2026
#
#
#Minimum voltage of a net in the design = 0.000.
#Maximum voltage of a net in the design = 0.800.
#Voltage range [0.000 - 0.800] has 42458 nets.
#Voltage range [0.000 - 0.000] has 32 nets.
#Voltage range [0.720 - 0.800] has 1 net.
#Minimum voltage of a net in the design = 0.000.
#Maximum voltage of a net in the design = 0.800.
#Voltage range [0.000 - 0.800] has 42458 nets.
#Voltage range [0.000 - 0.000] has 32 nets.
#Voltage range [0.720 - 0.800] has 1 net.
#cpu time = 00:00:00, elapsed time = 00:00:00, memory = 3350.22 (MB), peak = 3633.05 (MB)
#Minimum voltage of a net in the design = 0.000.
#Maximum voltage of a net in the design = 0.800.
#Voltage range [0.000 - 0.800] has 42458 nets.
#Voltage range [0.000 - 0.000] has 32 nets.
#Voltage range [0.720 - 0.800] has 1 net.
#Start Track Assignment.
#Done with 32 horizontal wires in 5 hboxes and 79 vertical wires in 5 hboxes.
#Done with 0 horizontal wires in 5 hboxes and 0 vertical wires in 5 hboxes.
#Complete Track Assignment.
#Total number of nets with non-default rule or having extra spacing = 60
#Total wire length = 10967 um.
#Total half perimeter of net bounding box = 3685 um.
#Total wire length on LAYER M1 = 0 um.
#Total wire length on LAYER M2 = 187 um.
#Total wire length on LAYER C1 = 5687 um.
#Total wire length on LAYER C2 = 4815 um.
#Total wire length on LAYER C3 = 278 um.
#Total wire length on LAYER C4 = 0 um.
#Total wire length on LAYER BA = 0 um.
#Total wire length on LAYER BB = 0 um.
#Total wire length on LAYER JA = 0 um.
#Total wire length on LAYER JB = 0 um.
#Total wire length on LAYER LB = 0 um.
#Total number of vias = 10479
#Up-Via Summary (total 10479):
#           
#-----------------------
# M1                327
# M2               5101
# C1               4866
# C2                185
#-----------------------
#                 10479 
#
#cpu time = 00:00:02, elapsed time = 00:00:01, memory = 3348.15 (MB), peak = 3633.05 (MB)
#
#Routing data preparation, pin analysis, global routing and track assignment statistics:
#Cpu time = 00:02:40
#Elapsed time = 00:00:27
#Increased memory = 123.41 (MB)
#Total memory = 3348.15 (MB)
#Peak memory = 3633.05 (MB)
#Using multithreading with 8 threads.
#Minimum voltage of a net in the design = 0.000.
#Maximum voltage of a net in the design = 0.800.
#Voltage range [0.000 - 0.800] has 42458 nets.
#Voltage range [0.000 - 0.000] has 32 nets.
#Voltage range [0.720 - 0.800] has 1 net.
#Minimum voltage of a net in the design = 0.000.
#Maximum voltage of a net in the design = 0.800.
#Voltage range [0.000 - 0.800] has 42458 nets.
#Voltage range [0.000 - 0.000] has 32 nets.
#Voltage range [0.720 - 0.800] has 1 net.
#Minimum voltage of a net in the design = 0.000.
#Maximum voltage of a net in the design = 0.800.
#Voltage range [0.000 - 0.800] has 42458 nets.
#Voltage range [0.000 - 0.000] has 32 nets.
#Voltage range [0.720 - 0.800] has 1 net.
#Minimum voltage of a net in the design = 0.000.
#Maximum voltage of a net in the design = 0.800.
#Voltage range [0.000 - 0.800] has 42458 nets.
#Voltage range [0.000 - 0.000] has 32 nets.
#Voltage range [0.720 - 0.800] has 1 net.
#
#Start Detail Routing..
#start initial detail routing ...
# ECO: 60.00% of the total area was rechecked for DRC, and 26.88% required routing.
#   number of violations = 12
#
#    By Layer and Type :
#	          Color EOLColor   Totals
#	M1            0        0        0
#	M2            6        6       12
#	Totals        6        6       12
#21134 out of 38717 instances (54.6%) need to be verified(marked ipoed), dirty area = 28.8%.
#   number of violations = 12
#
#    By Layer and Type :
#	          Color EOLColor   Totals
#	M1            0        0        0
#	M2            6        6       12
#	Totals        6        6       12
#cpu time = 00:01:18, elapsed time = 00:00:10, memory = 3376.30 (MB), peak = 3768.61 (MB)
#start 1st optimization iteration ...
#   number of violations = 0
#cpu time = 00:00:01, elapsed time = 00:00:00, memory = 3376.26 (MB), peak = 3768.61 (MB)
#Complete Detail Routing.
#Total number of nets with non-default rule or having extra spacing = 60
#Total wire length = 11021 um.
#Total half perimeter of net bounding box = 3685 um.
#Total wire length on LAYER M1 = 0 um.
#Total wire length on LAYER M2 = 196 um.
#Total wire length on LAYER C1 = 5681 um.
#Total wire length on LAYER C2 = 4865 um.
#Total wire length on LAYER C3 = 278 um.
#Total wire length on LAYER C4 = 0 um.
#Total wire length on LAYER BA = 0 um.
#Total wire length on LAYER BB = 0 um.
#Total wire length on LAYER JA = 0 um.
#Total wire length on LAYER JB = 0 um.
#Total wire length on LAYER LB = 0 um.
#Total number of vias = 10712
#Up-Via Summary (total 10712):
#           
#-----------------------
# M1                329
# M2               5140
# C1               5057
# C2                186
#-----------------------
#                 10712 
#
#Total number of DRC violations = 0
#Cpu time = 00:01:20
#Elapsed time = 00:00:11
#Increased memory = 28.11 (MB)
#Total memory = 3376.26 (MB)
#Peak memory = 3768.61 (MB)
#route_detail Statistics:
#Cpu time = 00:01:20
#Elapsed time = 00:00:11
#Increased memory = 28.11 (MB)
#Total memory = 3376.26 (MB)
#Peak memory = 3768.61 (MB)
#Skip updating routing design signature in db-snapshot flow
#
#route_global_detail statistics:
#Cpu time = 00:04:04
#Elapsed time = 00:00:42
#Increased memory = -9.87 (MB)
#Total memory = 3207.04 (MB)
#Peak memory = 3768.61 (MB)
#Number of warnings = 4
#Total number of warnings = 21
#Number of fails = 0
#Total number of fails = 0
#Complete route_global_detail on Sat Jan  3 09:34:08 2026
#
#**INFO: auto set of droutePostRouteSwapVia to multiCut

route_global_detail

#Start route_global_detail on Sat Jan  3 09:34:08 2026
#
#Generating timing data, please wait...
#41012 total nets, 60 already routed, 60 will ignore in trialRoute
**WARN: (IMPEXT-3530):	The process node is not set. Use the command set_design_mode -process <process node> prior to extraction for maximum accuracy and optimal automatic threshold setting.
#View pruning: cpu time = 00:00:00, elapsed time = 00:00:00, memory = 3035.14 (MB), peak = 3768.61 (MB)
#Reporting timing...
###############################################################
#  Generated by:      Cadence Innovus 21.19-s058_1
#  OS:                Linux x86_64(Host ID il2225ht25_jcdavid)
#  Generated on:      Sat Jan  3 09:34:22 2026
#  Design:            Silago_top_right_corner
#  Command:           route_design
###############################################################
#Normalized TNS: -0.401 -> -0.020, r2r 0.000 -> 0.000, unit 1.000, clk period 20.000 (ns)
#Stage 1: cpu time = 00:00:36, elapsed time = 00:00:10, memory = 2853.76 (MB), peak = 3768.61 (MB)
#Library Standard Delay: 10.60ps
#Slack threshold: 21.20ps
#*** Analyzed 0 timing critical paths, and collected 0.
#Stage 2: cpu time = 00:00:02, elapsed time = 00:00:01, memory = 2853.82 (MB), peak = 3768.61 (MB)
#Stage 3: cpu time = 00:00:04, elapsed time = 00:00:04, memory = 3111.88 (MB), peak = 3768.61 (MB)
#Default setup view is reset to AVF_RCWORST.
#Stage 4: cpu time = 00:00:00, elapsed time = 00:00:00, memory = 3111.88 (MB), peak = 3768.61 (MB)
#Current view: AVF_RCWORST 
#Current enabled view: AVF_RCWORST 
#Generating timing data took: cpu time = 00:00:48, elapsed time = 00:00:18, memory = 3107.81 (MB), peak = 3768.61 (MB)
#Done generating timing data.
#WARNING (NRIG-1303) The congestion map does not match the GCELL grid. Clearing the map.
#num needed restored net=0
#need_extraction net=0 (total=42491)
#WARNING (NRDB-2005) SPECIAL_NET VSS has special wires but no definitions for instance pins or top level pins. This will cause routability problems later.
#WARNING (NRDB-2005) SPECIAL_NET VSS has special wires but no definitions for instance pins or top level pins. This will cause routability problems later.
#NanoRoute Version 21.19-s058_1 NR231113-0413/21_19-UB
#Start routing data preparation on Sat Jan  3 09:34:30 2026
#
#Minimum voltage of a net in the design = 0.000.
#Maximum voltage of a net in the design = 0.800.
#Voltage range [0.000 - 0.800] has 42458 nets.
#Voltage range [0.000 - 0.000] has 32 nets.
#Voltage range [0.720 - 0.800] has 1 net.
#Build and mark too close pins for the same net.
#Initial pin access analysis.
#Detail pin access analysis.
# M1           V   Track-Pitch = 0.10400    Line-2-Via Pitch = 0.08000
# M2           H   Track-Pitch = 0.08000    Line-2-Via Pitch = 0.08000
# C1           V   Track-Pitch = 0.09000    Line-2-Via Pitch = 0.09000
# C2           H   Track-Pitch = 0.09000    Line-2-Via Pitch = 0.09000
# C3           V   Track-Pitch = 0.09000    Line-2-Via Pitch = 0.09000
# C4           H   Track-Pitch = 0.09000    Line-2-Via Pitch = 0.09000
# BA           V   Track-Pitch = 0.18000    Line-2-Via Pitch = 0.18000
# BB           H   Track-Pitch = 0.18000    Line-2-Via Pitch = 0.18000
# JA           V   Track-Pitch = 0.90000    Line-2-Via Pitch = 0.90000
# JB           H   Track-Pitch = 0.90000    Line-2-Via Pitch = 0.90000
# LB           V   Track-Pitch = 3.60000    Line-2-Via Pitch = 4.50000
#WARNING (NRAG-44) Track pitch is too small compared with line-2-via pitch.
#Bottom routing layer index=1(M1), bottom routing layer for shielding=3(C1), bottom shield layer=3(C1)
#shield_bottom_stripe_layer=3(C1), shield_top_stripe_layer=11(LB)
#pin_access_rlayer=2(M2)
#shield_top_dpt_rlayer=2 top_rlayer=11 top_trim_metal_rlayer=-1 rlayer_lowest=3 bottom_rlayer=1
#enable_trim_layer_shield=F enable_dpt_layer_shield=F has_line_end_grid=F
#cpu time = 00:00:00, elapsed time = 00:00:00, memory = 3114.68 (MB), peak = 3768.61 (MB)
#Regenerating Ggrids automatically.
#Auto generating G-grids with size=15 tracks, using layer C1's pitch = 0.09000.
#Using automatically generated G-grids.
#Done routing data preparation.
#cpu time = 00:00:04, elapsed time = 00:00:04, memory = 3123.71 (MB), peak = 3768.61 (MB)
#Start instance access analysis using 8 threads...
#Set layer M1 to be advanced pin access layer.
#0 instance pins are hard to access
#Instance access analysis statistics:
#Cpu time = 00:00:03
#Elapsed time = 00:00:01
#Increased memory = 12.68 (MB)
#Total memory = 3136.39 (MB)
#Peak memory = 3768.61 (MB)
#
#Summary of active signal nets routing constraints set by OPT:
#	preferred routing layers      : 0
#	preferred routing layer effort: 0
#	preferred extra space         : 0
#	preferred multi-cut via       : 0
#	avoid detour                  : 0
#	expansion ratio               : 0
#	net priority                  : 0
#	s2s control                   : 0
#	avoid chaining                : 0
#	inst-based stacking via       : 0
#
#Summary of active signal nets routing constraints set by USER:
#	preferred routing layers      : 0
#	preferred routing layer effort     : 0
#	preferred extra space              : 0
#	preferred multi-cut via            : 0
#	avoid detour                       : 0
#	net weight                         : 0
#	avoid chaining                     : 0
#	cell-based stacking via (required) : 0
#	cell-based stacking via (optional) : 0
#
#Start timing driven prevention iteration...
#
#----------------------------------------------------
# Summary of active signal nets routing constraints
#+--------------------------+-----------+
#+--------------------------+-----------+
#
#----------------------------------------------------
#Done timing-driven prevention
#cpu time = 00:00:00, elapsed time = 00:00:00, memory = 3138.76 (MB), peak = 3768.61 (MB)
#Total number of trivial nets (e.g. < 2 pins) = 1511 (skipped).
#Total number of routable nets = 40980.
#Total number of nets in the design = 42491.
#40920 routable nets do not have any wires.
#60 routable nets have routed wires.
#40920 nets will be global routed.
#60 detail routed (routable) nets have been constrained (e.g. have preferred extra spacing, require shielding etc.)
#Using multithreading with 8 threads.
#Minimum voltage of a net in the design = 0.000.
#Maximum voltage of a net in the design = 0.800.
#Voltage range [0.000 - 0.800] has 42458 nets.
#Voltage range [0.000 - 0.000] has 32 nets.
#Voltage range [0.720 - 0.800] has 1 net.
#Minimum voltage of a net in the design = 0.000.
#Maximum voltage of a net in the design = 0.800.
#Voltage range [0.000 - 0.800] has 42458 nets.
#Voltage range [0.000 - 0.000] has 32 nets.
#Voltage range [0.720 - 0.800] has 1 net.
#
#Finished routing data preparation on Sat Jan  3 09:34:36 2026
#
#Cpu time = 00:00:00
#Elapsed time = 00:00:00
#Increased memory = 0.30 (MB)
#Total memory = 3139.70 (MB)
#Peak memory = 3768.61 (MB)
#
#
#Start global routing on Sat Jan  3 09:34:36 2026
#
#
#Start global routing initialization on Sat Jan  3 09:34:36 2026
#
#Number of eco nets is 0
#
#Start global routing data preparation on Sat Jan  3 09:34:36 2026
#
#Start routing resource analysis on Sat Jan  3 09:34:36 2026
#
#Routing resource analysis is done on Sat Jan  3 09:34:36 2026
#
#  Resource Analysis:
#
#               Routing  #Avail      #Track     #Total     %Gcell
#  Layer      Direction   Track     Blocked      Gcell    Blocked
#  --------------------------------------------------------------
#  M1             V           0        1924       22052   100.00%
#  M2             H        1718         786       22052     0.00%
#  C1             V        2162          61       22052     0.67%
#  C2             H        2187          39       22052     0.00%
#  C3             V        2218           5       22052     0.67%
#  C4             H        2223           3       22052     0.00%
#  BA             V        1109           2       22052     0.67%
#  BB             H        1112           1       22052     0.00%
#  JA             V         221           1       22052     0.75%
#  JB             H           0         223       22052   100.00%
#  LB             V           0          56       22052   100.00%
#  --------------------------------------------------------------
#  Total                  12952      30.60%      242572    27.52%
#
#  60 nets (0.14%) with 1 preferred extra spacing.
#
#
#
#Global routing data preparation is done on Sat Jan  3 09:34:36 2026
#
#cpu time = 00:00:01, elapsed time = 00:00:00, memory = 3147.25 (MB), peak = 3768.61 (MB)
#
#
#Global routing initialization is done on Sat Jan  3 09:34:36 2026
#
#cpu time = 00:00:01, elapsed time = 00:00:00, memory = 3147.25 (MB), peak = 3768.61 (MB)
#
#Skip 1/3 round for no nets in the round...
#Skip 2/3 round for no nets in the round...
#Route nets in 3/3 round...
#start global routing iteration 1...
#cpu time = 00:01:15, elapsed time = 00:01:14, memory = 3223.10 (MB), peak = 3768.61 (MB)
#
#start global routing iteration 2...
#cpu time = 00:00:15, elapsed time = 00:00:15, memory = 3245.14 (MB), peak = 3768.61 (MB)
#
#
#Total number of trivial nets (e.g. < 2 pins) = 1511 (skipped).
#Total number of routable nets = 40980.
#Total number of nets in the design = 42491.
#
#40980 routable nets have routed wires.
#60 detail routed (routable) nets have been constrained (e.g. have preferred extra spacing, require shielding etc.)
#
#Routed nets constraints summary:
#-----------------------------
#        Rules   Unconstrained  
#-----------------------------
#      Default           40919  
#-----------------------------
#        Total           40919  
#-----------------------------
#
#Routing constraints summary of the whole design:
#------------------------------------------------
#        Rules   Pref Extra Space   Unconstrained  
#------------------------------------------------
#      Default                 60           40920  
#------------------------------------------------
#        Total                 60           40920  
#------------------------------------------------
#
#
#  Congestion Analysis: (blocked Gcells are excluded)
#
#                 OverCon       OverCon       OverCon          
#                  #Gcell        #Gcell        #Gcell    %Gcell
#     Layer         (1-2)         (3-4)           (5)   OverCon
#  ------------------------------------------------------------
#  M2           57(0.26%)      2(0.01%)      1(0.00%)   (0.27%)
#  C1           26(0.12%)     17(0.08%)      2(0.01%)   (0.21%)
#  C2            4(0.02%)      0(0.00%)      0(0.00%)   (0.02%)
#  C3            7(0.03%)      0(0.00%)      0(0.00%)   (0.03%)
#  C4            0(0.00%)      0(0.00%)      0(0.00%)   (0.00%)
#  BA            0(0.00%)      0(0.00%)      0(0.00%)   (0.00%)
#  BB            0(0.00%)      0(0.00%)      0(0.00%)   (0.00%)
#  JA            0(0.00%)      0(0.00%)      0(0.00%)   (0.00%)
#  ------------------------------------------------------------
#     Total     94(0.05%)     19(0.01%)      3(0.00%)   (0.07%)
#
#  The worst congested Gcell overcon (routing demand over resource in number of tracks) = 5
#  Overflow after GR: 0.04% H + 0.03% V
#
#Hotspot report including placement blocked areas
[hotspot] +------------+---------------+---------------+-------------------------------------+
[hotspot] |   layer    |  max hotspot  | total hotspot |            hotspot bbox             |
[hotspot] +------------+---------------+---------------+-------------------------------------+
[hotspot] |   M1(V)    |          0.00 |          0.00 |   (none)                            |
[hotspot] |   M2(H)    |          0.44 |          0.44 |    76.75    23.00    81.87    28.12 |
[hotspot] |   C1(V)    |          9.78 |         16.89 |   110.03    -0.04   125.39     5.08 |
[hotspot] |   C2(H)    |          0.00 |          0.00 |   (none)                            |
[hotspot] |   C3(V)    |          1.33 |          1.33 |   112.59    -0.04   117.71     5.08 |
[hotspot] |   C4(H)    |          0.00 |          0.00 |   (none)                            |
[hotspot] |   BA(V)    |          0.00 |          0.00 |   (none)                            |
[hotspot] |   BB(H)    |          0.00 |          0.00 |   (none)                            |
[hotspot] |   JA(V)    |          0.00 |          0.00 |   (none)                            |
[hotspot] |   JB(H)    |          0.00 |          0.00 |   (none)                            |
[hotspot] |   LB(V)    |          0.00 |          0.00 |   (none)                            |
[hotspot] +------------+---------------+---------------+-------------------------------------+
[hotspot] |   worst    | (C1)     9.78 | (C1)    16.89 |                                     |
[hotspot] +------------+---------------+---------------+-------------------------------------+
[hotspot] | all layers |          5.11 |          6.89 |                                     |
[hotspot] +------------+---------------+---------------+-------------------------------------+
Local HotSpot Analysis (blockage included) (3d): normalized congestion max/total hotspot area = 5.11/6.89 (area is in unit of 4 std-cell row bins)
[hotspot] top 4 congestion hotspot bounding boxes and scores of all layers hotspot
[hotspot] +-----+-------------------------------------+---------------+
[hotspot] | top |            hotspot bbox             | hotspot score |
[hotspot] +-----+-------------------------------------+---------------+
[hotspot] |  1  |   112.59    -0.04   120.27     5.08 |        4.67   |
[hotspot] +-----+-------------------------------------+---------------+
[hotspot] |  2  |    79.31    -0.04    84.43     5.08 |        0.89   |
[hotspot] +-----+-------------------------------------+---------------+
[hotspot] |  3  |    84.43    -0.04    89.55     5.08 |        0.89   |
[hotspot] +-----+-------------------------------------+---------------+
[hotspot] |  4  |   107.47    -0.04   112.59     5.08 |        0.44   |
[hotspot] +-----+-------------------------------------+---------------+
#Complete Global Routing.
#Total number of nets with non-default rule or having extra spacing = 60
#Total wire length = 550148 um.
#Total half perimeter of net bounding box = 494106 um.
#Total wire length on LAYER M1 = 0 um.
#Total wire length on LAYER M2 = 82596 um.
#Total wire length on LAYER C1 = 135782 um.
#Total wire length on LAYER C2 = 117229 um.
#Total wire length on LAYER C3 = 123624 um.
#Total wire length on LAYER C4 = 46906 um.
#Total wire length on LAYER BA = 36869 um.
#Total wire length on LAYER BB = 4568 um.
#Total wire length on LAYER JA = 2574 um.
#Total wire length on LAYER JB = 0 um.
#Total wire length on LAYER LB = 0 um.
#Total number of vias = 263331
#Up-Via Summary (total 263331):
#           
#-----------------------
# M1             110284
# M2             103839
# C1              31203
# C2              11525
# C3               3982
# C4               1848
# BA                465
# BB                185
#-----------------------
#                263331 
#
#Total number of involved regular nets 8006
#Maximum src to sink distance  256.6
#Average of max src_to_sink distance  32.0
#Average of ave src_to_sink distance  23.7
#Max overcon = 5 tracks.
#Total overcon = 0.07%.
#Worst layer Gcell overcon rate = 0.21%.
#
#Global routing statistics:
#Cpu time = 00:01:33
#Elapsed time = 00:01:31
#Increased memory = 76.77 (MB)
#Total memory = 3216.46 (MB)
#Peak memory = 3768.61 (MB)
#
#Finished global routing on Sat Jan  3 09:36:07 2026
#
#
#Minimum voltage of a net in the design = 0.000.
#Maximum voltage of a net in the design = 0.800.
#Voltage range [0.000 - 0.800] has 42458 nets.
#Voltage range [0.000 - 0.000] has 32 nets.
#Voltage range [0.720 - 0.800] has 1 net.
#Minimum voltage of a net in the design = 0.000.
#Maximum voltage of a net in the design = 0.800.
#Voltage range [0.000 - 0.800] has 42458 nets.
#Voltage range [0.000 - 0.000] has 32 nets.
#Voltage range [0.720 - 0.800] has 1 net.
#cpu time = 00:00:00, elapsed time = 00:00:00, memory = 3213.04 (MB), peak = 3768.61 (MB)
#Minimum voltage of a net in the design = 0.000.
#Maximum voltage of a net in the design = 0.800.
#Voltage range [0.000 - 0.800] has 42458 nets.
#Voltage range [0.000 - 0.000] has 32 nets.
#Voltage range [0.720 - 0.800] has 1 net.
#Start Track Assignment.
#Done with 70355 horizontal wires in 5 hboxes and 69014 vertical wires in 5 hboxes.
#Done with 15952 horizontal wires in 5 hboxes and 11531 vertical wires in 5 hboxes.
#Done with 5 horizontal wires in 5 hboxes and 5 vertical wires in 5 hboxes.
#
#Track assignment summary:
# layer   (wire length)   (overlap)     (long ovlp)	(with obs/pg/clk)  
#------------------------------------------------------------------------
# M1             0.00 	  0.00%  	  0.00% 	  0.00%
# M2         81959.99 	  0.18%  	  0.00% 	  0.09%
# C1        129010.71 	  0.10%  	  0.00% 	  0.01%
# C2        112369.93 	  0.02%  	  0.00% 	  0.00%
# C3        123406.19 	  0.01%  	  0.00% 	  0.00%
# C4         46887.41 	  0.00%  	  0.00% 	  0.00%
# BA         36941.50 	  0.01%  	  0.00% 	  0.00%
# BB          4569.22 	  0.19%  	  0.16% 	  0.00%
# JA          2619.79 	  0.00%  	  0.00% 	  0.00%
# JB             0.00 	  0.00%  	  0.00% 	  0.00%
# LB             0.00 	  0.00%  	  0.00% 	  0.00%
#------------------------------------------------------------------------
# All      537764.72  	  0.06% 	  0.00% 	  0.00%
#Complete Track Assignment.
#Total number of nets with non-default rule or having extra spacing = 60
#Total wire length = 545059 um.
#Total half perimeter of net bounding box = 494106 um.
#Total wire length on LAYER M1 = 0 um.
#Total wire length on LAYER M2 = 80881 um.
#Total wire length on LAYER C1 = 132994 um.
#Total wire length on LAYER C2 = 116962 um.
#Total wire length on LAYER C3 = 123467 um.
#Total wire length on LAYER C4 = 46796 um.
#Total wire length on LAYER BA = 36841 um.
#Total wire length on LAYER BB = 4543 um.
#Total wire length on LAYER JA = 2573 um.
#Total wire length on LAYER JB = 0 um.
#Total wire length on LAYER LB = 0 um.
#Total number of vias = 263331
#Up-Via Summary (total 263331):
#           
#-----------------------
# M1             110284
# M2             103839
# C1              31203
# C2              11525
# C3               3982
# C4               1848
# BA                465
# BB                185
#-----------------------
#                263331 
#
#cpu time = 00:00:27, elapsed time = 00:00:13, memory = 3209.61 (MB), peak = 3768.61 (MB)
#
#number of short segments in preferred routing layers
#	
#	
#
#Start post global route fixing for timing critical nets ...
#
#* Updating design timing data...
#Extracting RC...
Un-suppress "**WARN ..." messages.
#
#Start tQuantus RC extraction...
#Finish check_net_pin_list step Enter extract_rc_after_routing
#Extract in track assign mode
#Minimum voltage of a net in the design = 0.000.
#Maximum voltage of a net in the design = 0.800.
#Voltage range [0.000 - 0.800] has 42458 nets.
#Voltage range [0.000 - 0.000] has 32 nets.
#Voltage range [0.720 - 0.800] has 1 net.
#Start building rc corner(s)...
#Number of RC Corner = 3
#Corner rc_typ /opt/pdk/gf22/V1.0_4.1/PEX/QRC/10M_2Mx_4Cx_2Bx_2Jx_LBthick/nominal/qrcTechFile 25.000000 (real) 
#Corner rc_best /opt/pdk/gf22/V1.0_4.1/PEX/QRC/10M_2Mx_4Cx_2Bx_2Jx_LBthick/FuncRCminDP/qrcTechFile 25.000000 (real) 
#Corner rc_worst /opt/pdk/gf22/V1.0_4.1/PEX/QRC/10M_2Mx_4Cx_2Bx_2Jx_LBthick/FuncRCmaxDP/qrcTechFile 25.000000 (real) 
#(i=11, n=11 2000)
#M1 -> M1 (1)
#M2 -> M2 (2)
#C1 -> C1 (3)
#C2 -> C2 (4)
#C3 -> C3 (5)
#C4 -> C4 (6)
#BA -> BA (7)
#BB -> BB (8)
#JA -> JA (9)
#JB -> JB (10)
#LB -> LB (11)
#SADV_On
# Corner(s) : 
#rc_typ [25.00] 
#rc_best [25.00] 
#rc_worst [25.00]
# Corner id: 0
# Layout Scale: 1.000000
# Has Metal Fill model: yes
# Temperature was set
# Temperature : 25.000000
# Ref. Temp   : 25.000000
# Corner id: 1
# Layout Scale: 1.000000
# Has Metal Fill model: yes
# Temperature was set
# Temperature : 25.000000
# Ref. Temp   : 25.000000
# Corner id: 2
# Layout Scale: 1.000000
# Has Metal Fill model: yes
# Temperature was set
# Temperature : 25.000000
# Ref. Temp   : 25.000000
#total pattern=286 [33, 2376]
#Generating the tQuantus model file automatically.
#num_tile=21570 avg_aspect_ratio=1.775073 
#Vertical num_row 51 per_row= 420 halo= 20000 
#hor_num_col = 147 final aspect_ratio= 0.540851
#Build RC corners: cpu time = 00:00:58, elapsed time = 00:01:00, memory = 3344.32 (MB), peak = 3768.61 (MB)
#Finish check_net_pin_list step Enter extract
#Start init net ripin tree building
#Finish init net ripin tree building
#Cpu time = 00:00:00
#Elapsed time = 00:00:00
#Increased memory = 0.00 (MB)
#Total memory = 3356.98 (MB)
#Peak memory = 3768.61 (MB)
#Using multithreading with 8 threads.
#begin processing metal fill model file
#end processing metal fill model file
#Minimum voltage of a net in the design = 0.000.
#Maximum voltage of a net in the design = 0.800.
#Voltage range [0.000 - 0.800] has 42458 nets.
#Voltage range [0.000 - 0.000] has 32 nets.
#Voltage range [0.720 - 0.800] has 1 net.
#Minimum voltage of a net in the design = 0.000.
#Maximum voltage of a net in the design = 0.800.
#Voltage range [0.000 - 0.800] has 42458 nets.
#Voltage range [0.000 - 0.000] has 32 nets.
#Voltage range [0.720 - 0.800] has 1 net.
#Minimum voltage of a net in the design = 0.000.
#Maximum voltage of a net in the design = 0.800.
#Voltage range [0.000 - 0.800] has 42458 nets.
#Voltage range [0.000 - 0.000] has 32 nets.
#Voltage range [0.720 - 0.800] has 1 net.
#
#Start Post Track Assignment Wire Spread.
#Done with 20399 horizontal wires in 5 hboxes and 23231 vertical wires in 5 hboxes.
#Complete Post Track Assignment Wire Spread.
#
#Length limit = 200 pitches
#opt mode = 2
#Minimum voltage of a net in the design = 0.000.
#Maximum voltage of a net in the design = 0.800.
#Voltage range [0.000 - 0.800] has 42458 nets.
#Voltage range [0.000 - 0.000] has 32 nets.
#Voltage range [0.720 - 0.800] has 1 net.
#Minimum voltage of a net in the design = 0.000.
#Maximum voltage of a net in the design = 0.800.
#Voltage range [0.000 - 0.800] has 42458 nets.
#Voltage range [0.000 - 0.000] has 32 nets.
#Voltage range [0.720 - 0.800] has 1 net.
#Finish check_net_pin_list step Fix net pin list
#Start generate extraction boxes.
#
#Extract using 30 x 30 Hboxes
#6x6 initial hboxes
#Use area based hbox pruning.
#0/0 hboxes pruned.
#Complete generating extraction boxes.
#Extract 25 hboxes with 8 threads on machine with  Xeon 3.40GHz 30720KB Cache 48CPU...
#Process 0 special clock nets for rc extraction
#Total 40980 nets were built. 7728 nodes added to break long wires. 0 net(s) have incomplete routes.
#Run Statistics for Extraction:
#   Cpu time = 00:00:18, elapsed time = 00:00:04 .
#   Increased memory =   328.52 (MB), total memory =  3682.62 (MB), peak memory =  3768.61 (MB)
#
#Scale RC for track assignment: res 1.000000; cap 1.000000; clk res 1.000000; clk cap 1.000000, xcap 1.000000
#Simplify RC tree: cpu time = 00:00:00, elapsed time = 00:00:00, memory = 3431.33 (MB), peak = 3768.61 (MB)
#RC Statistics: 0 Res, 137425 Ground Cap, 0 XCap (Edge to Edge)
#Register nets and terms for rcdb /tmp/innovus_temp_984366_il2225ht25_jcdavid_jcdavid_zWjs5B/nr984366_E5DuYp.rcdb.d
#Finish registering nets and terms for rcdb.
#Start writing RC data.
#Finish writing RC data
#Finish writing rcdb with 292736 nodes, 251756 edges, and 0 xcaps
#7728 inserted nodes are removed
#Restored 0 tie nets, 0 tie snets, 0 partial nets
#Minimum voltage of a net in the design = 0.000.
#Maximum voltage of a net in the design = 0.800.
#Voltage range [0.000 - 0.800] has 42458 nets.
#Voltage range [0.000 - 0.000] has 32 nets.
#Voltage range [0.720 - 0.800] has 1 net.
#Minimum voltage of a net in the design = 0.000.
#Maximum voltage of a net in the design = 0.800.
#Voltage range [0.000 - 0.800] has 42458 nets.
#Voltage range [0.000 - 0.000] has 32 nets.
#Voltage range [0.720 - 0.800] has 1 net.
#Minimum voltage of a net in the design = 0.000.
#Maximum voltage of a net in the design = 0.800.
#Voltage range [0.000 - 0.800] has 42458 nets.
#Voltage range [0.000 - 0.000] has 32 nets.
#Voltage range [0.720 - 0.800] has 1 net.
#Remove Post Track Assignment Wire Spread
Restoring parasitic data from file '/tmp/innovus_temp_984366_il2225ht25_jcdavid_jcdavid_zWjs5B/nr984366_E5DuYp.rcdb.d' ...
Reading RCDB with compressed RC data.
Reading RCDB with compressed RC data.
Begin read_parasitics... (cpu: 0:00:00.0 real: 0:00:00.0 mem: 5568.387M)
Following multi-corner parasitics specified:
	/tmp/innovus_temp_984366_il2225ht25_jcdavid_jcdavid_zWjs5B/nr984366_E5DuYp.rcdb.d (rcdb)
Reading RCDB with compressed RC data.
		Cell Silago_top_right_corner has rcdb /tmp/innovus_temp_984366_il2225ht25_jcdavid_jcdavid_zWjs5B/nr984366_E5DuYp.rcdb.d specified
Cell Silago_top_right_corner, hinst 
Reading RCDB with compressed RC data.
Done read_parasitics... (cpu: 0:00:01.1 real: 0:00:00.0 mem: 5568.387M)
#
#Restore RCDB.
#Minimum voltage of a net in the design = 0.000.
#Maximum voltage of a net in the design = 0.800.
#Voltage range [0.000 - 0.800] has 42458 nets.
#Voltage range [0.000 - 0.000] has 32 nets.
#Voltage range [0.720 - 0.800] has 1 net.
#Minimum voltage of a net in the design = 0.000.
#Maximum voltage of a net in the design = 0.800.
#Voltage range [0.000 - 0.800] has 42458 nets.
#Voltage range [0.000 - 0.000] has 32 nets.
#Voltage range [0.720 - 0.800] has 1 net.
#Minimum voltage of a net in the design = 0.000.
#Maximum voltage of a net in the design = 0.800.
#Voltage range [0.000 - 0.800] has 42458 nets.
#Voltage range [0.000 - 0.000] has 32 nets.
#Voltage range [0.720 - 0.800] has 1 net.
#Remove Post Track Assignment Wire Spread
#
#Complete tQuantus RC extraction.
#Cpu time = 00:01:35
#Elapsed time = 00:01:16
#Increased memory = 169.98 (MB)
#Total memory = 3380.56 (MB)
#Peak memory = 3768.61 (MB)
#
Un-suppress "**WARN ..." messages.
#RC Extraction Completed...
AAE_INFO: switching -siAware from false to true ...
AAE_INFO: The setting is changed from false to true in setDelayCalMode -SIAware
#Reporting timing...
###############################################################
#  Generated by:      Cadence Innovus 21.19-s058_1
#  OS:                Linux x86_64(Host ID il2225ht25_jcdavid)
#  Generated on:      Sat Jan  3 09:37:46 2026
#  Design:            Silago_top_right_corner
#  Command:           route_design
###############################################################
#Normalized TNS: -3.779 -> -0.189, r2r -0.090 -> -0.004, unit 1.000, clk period 20.000 (ns)
#Stage 1: cpu time = 00:00:46, elapsed time = 00:00:10, memory = 3402.55 (MB), peak = 3768.61 (MB)
#Library Standard Delay: 10.60ps
#Slack threshold: 0.00ps
#*** Analyzed 12 timing critical paths, and collected 6.
#Stage 2: cpu time = 00:00:03, elapsed time = 00:00:01, memory = 3403.44 (MB), peak = 3768.61 (MB)
#Stage 3: cpu time = 00:00:01, elapsed time = 00:00:01, memory = 3404.72 (MB), peak = 3768.61 (MB)
Worst slack reported in the design = 15606.244141 (late)

*** writeDesignTiming (0:00:05.7) ***
#Stage 4: cpu time = 00:00:06, elapsed time = 00:00:06, memory = 3405.27 (MB), peak = 3768.61 (MB)
Un-suppress "**WARN ..." messages.
#Number of victim nets: 0
#Number of aggressor nets: 0
#Number of weak nets: 305
#Number of critical nets: 305
#	level 1 [-499.0,  -75.1]: 285 nets
#	level 2 [-499.0, -499.0]: 10 nets
#	level 3 [-499.0, -499.0]: 10 nets
#Total number of nets: 40980
#Total number of significant detoured timing critical nets is 0
#Total number of selected detoured timing critical nets is 0
#Setup timing driven post global route constraints on 305 nets
#43 critical nets are selected for extra spacing.
#Postfix stack gain threshold: Min=0.2 ps, 1-stack=10.6 ps, 2-stack=21.2 ps
#1 nets (177.777 um) assigned to layer BA and 0 nets (0 um) assigned to layer C1
#0 inserted nodes are removed
#Restored 0 tie nets, 0 tie snets, 0 partial nets
#
#  Congestion Analysis: (blocked Gcells are excluded)
#
#                 OverCon       OverCon       OverCon          
#                  #Gcell        #Gcell        #Gcell    %Gcell
#     Layer         (1-2)         (3-4)           (5)   OverCon
#  ------------------------------------------------------------
#  M2           56(0.25%)      2(0.01%)      1(0.00%)   (0.27%)
#  C1           26(0.12%)     17(0.08%)      2(0.01%)   (0.21%)
#  C2            4(0.02%)      0(0.00%)      0(0.00%)   (0.02%)
#  C3            7(0.03%)      0(0.00%)      0(0.00%)   (0.03%)
#  C4            0(0.00%)      0(0.00%)      0(0.00%)   (0.00%)
#  BA            0(0.00%)      0(0.00%)      0(0.00%)   (0.00%)
#  BB            0(0.00%)      0(0.00%)      0(0.00%)   (0.00%)
#  JA            0(0.00%)      0(0.00%)      0(0.00%)   (0.00%)
#  ------------------------------------------------------------
#     Total     93(0.05%)     19(0.01%)      3(0.00%)   (0.07%)
#
#  The worst congested Gcell overcon (routing demand over resource in number of tracks) = 5
#  Overflow after GR: 0.04% H + 0.03% V
#
#Hotspot report including placement blocked areas
[hotspot] +------------+---------------+---------------+-------------------------------------+
[hotspot] |   layer    |  max hotspot  | total hotspot |            hotspot bbox             |
[hotspot] +------------+---------------+---------------+-------------------------------------+
[hotspot] |   M1(V)    |          0.00 |          0.00 |   (none)                            |
[hotspot] |   M2(H)    |          0.44 |          0.44 |    76.75    23.00    81.87    28.12 |
[hotspot] |   C1(V)    |          9.78 |         16.89 |   110.03    -0.04   125.39     5.08 |
[hotspot] |   C2(H)    |          0.00 |          0.00 |   (none)                            |
[hotspot] |   C3(V)    |          1.33 |          1.33 |   112.59    -0.04   117.71     5.08 |
[hotspot] |   C4(H)    |          0.00 |          0.00 |   (none)                            |
[hotspot] |   BA(V)    |          0.00 |          0.00 |   (none)                            |
[hotspot] |   BB(H)    |          0.00 |          0.00 |   (none)                            |
[hotspot] |   JA(V)    |          0.00 |          0.00 |   (none)                            |
[hotspot] |   JB(H)    |          0.00 |          0.00 |   (none)                            |
[hotspot] |   LB(V)    |          0.00 |          0.00 |   (none)                            |
[hotspot] +------------+---------------+---------------+-------------------------------------+
[hotspot] |   worst    | (C1)     9.78 | (C1)    16.89 |                                     |
[hotspot] +------------+---------------+---------------+-------------------------------------+
[hotspot] | all layers |          5.11 |          6.89 |                                     |
[hotspot] +------------+---------------+---------------+-------------------------------------+
Local HotSpot Analysis (blockage included) (3d): normalized congestion max/total hotspot area = 5.11/6.89 (area is in unit of 4 std-cell row bins)
[hotspot] top 4 congestion hotspot bounding boxes and scores of all layers hotspot
[hotspot] +-----+-------------------------------------+---------------+
[hotspot] | top |            hotspot bbox             | hotspot score |
[hotspot] +-----+-------------------------------------+---------------+
[hotspot] |  1  |   112.59    -0.04   120.27     5.08 |        4.67   |
[hotspot] +-----+-------------------------------------+---------------+
[hotspot] |  2  |    79.31    -0.04    84.43     5.08 |        0.89   |
[hotspot] +-----+-------------------------------------+---------------+
[hotspot] |  3  |    84.43    -0.04    89.55     5.08 |        0.89   |
[hotspot] +-----+-------------------------------------+---------------+
[hotspot] |  4  |   107.47    -0.04   112.59     5.08 |        0.44   |
[hotspot] +-----+-------------------------------------+---------------+
#Max overcon = 5 tracks.
#Total overcon = 0.07%.
#Worst layer Gcell overcon rate = 0.21%.
#
#----------------------------------------------------
# Summary of active signal nets routing constraints
#+--------------------------+-----------+
#| Prefer Extra Space       |        43 |
#| Preferred Layer Effort   |         1 |
#+--------------------------+-----------+
#  Bottom Preferred Layer
#+----------------+-----------+
#|      Layer     | TDGR_POST |
#+----------------+-----------+
#| BA (7)         |         1 |
#+----------------+-----------+
#
#----------------------------------------------------
#Complete Global Routing.
#Total number of nets with non-default rule or having extra spacing = 103
#Total wire length = 545126 um.
#Total half perimeter of net bounding box = 494106 um.
#Total wire length on LAYER M1 = 0 um.
#Total wire length on LAYER M2 = 80964 um.
#Total wire length on LAYER C1 = 132965 um.
#Total wire length on LAYER C2 = 116865 um.
#Total wire length on LAYER C3 = 123345 um.
#Total wire length on LAYER C4 = 46756 um.
#Total wire length on LAYER BA = 36973 um.
#Total wire length on LAYER BB = 4683 um.
#Total wire length on LAYER JA = 2573 um.
#Total wire length on LAYER JB = 0 um.
#Total wire length on LAYER LB = 0 um.
#Total number of vias = 263368
#Up-Via Summary (total 263368):
#           
#-----------------------
# M1             110284
# M2             103840
# C1              31203
# C2              11522
# C3               3990
# C4               1861
# BA                483
# BB                185
#-----------------------
#                263368 
#
#Total number of involved regular nets 8006
#Maximum src to sink distance  256.3
#Average of max src_to_sink distance  32.4
#Average of ave src_to_sink distance  23.9
#Total number of involved priority nets 60
#Maximum src to sink distance for priority net 133.3
#Average of max src_to_sink distance for priority net 51.2
#Average of ave src_to_sink distance for priority net 28.6
#cpu time = 00:00:17, elapsed time = 00:00:13, memory = 3418.96 (MB), peak = 3768.61 (MB)
Current (total cpu=0:55:58, real=0:18:58, peak res=3768.6M, current mem=3233.7M)
Silago_top_right_corner
Ending "Constraint file reading stats" (total cpu=0:00:00.8, real=0:00:01.0, peak res=3247.5M, current mem=3247.5M)
Current (total cpu=0:55:59, real=0:18:59, peak res=3768.6M, current mem=3247.5M)
Current (total cpu=0:55:59, real=0:18:59, peak res=3768.6M, current mem=3247.5M)
Silago_top_right_corner
Ending "Constraint file reading stats" (total cpu=0:00:00.7, real=0:00:01.0, peak res=3247.8M, current mem=3247.8M)
Current (total cpu=0:56:00, real=0:19:00, peak res=3768.6M, current mem=3247.8M)
Current (total cpu=0:56:00, real=0:19:00, peak res=3768.6M, current mem=3247.8M)
Silago_top_right_corner
Ending "Constraint file reading stats" (total cpu=0:00:00.7, real=0:00:01.0, peak res=3248.0M, current mem=3248.0M)
Current (total cpu=0:56:01, real=0:19:01, peak res=3768.6M, current mem=3248.0M)
#Minimum voltage of a net in the design = 0.000.
#Maximum voltage of a net in the design = 0.800.
#Voltage range [0.000 - 0.800] has 42458 nets.
#Voltage range [0.000 - 0.000] has 32 nets.
#Voltage range [0.720 - 0.800] has 1 net.
#Minimum voltage of a net in the design = 0.000.
#Maximum voltage of a net in the design = 0.800.
#Voltage range [0.000 - 0.800] has 42458 nets.
#Voltage range [0.000 - 0.000] has 32 nets.
#Voltage range [0.720 - 0.800] has 1 net.
#cpu time = 00:00:00, elapsed time = 00:00:00, memory = 3248.42 (MB), peak = 3768.61 (MB)
#* Importing design timing data...
#Number of victim nets: 0
#Number of aggressor nets: 0
#Number of weak nets: 305
#Number of critical nets: 305
#	level 1 [-499.0,  -75.1]: 285 nets
#	level 2 [-499.0, -499.0]: 10 nets
#	level 3 [-499.0, -499.0]: 10 nets
#Total number of nets: 40980
#Minimum voltage of a net in the design = 0.000.
#Maximum voltage of a net in the design = 0.800.
#Voltage range [0.000 - 0.800] has 42458 nets.
#Voltage range [0.000 - 0.000] has 32 nets.
#Voltage range [0.720 - 0.800] has 1 net.
#
#timing driven effort level: 3
#Start Track Assignment With Timing Driven.
#Done with 2286 horizontal wires in 5 hboxes and 2617 vertical wires in 5 hboxes.
#Done with 347 horizontal wires in 5 hboxes and 715 vertical wires in 5 hboxes.
#Done with 5 horizontal wires in 5 hboxes and 5 vertical wires in 5 hboxes.
#
#Track assignment summary:
# layer   (wire length)   (overlap)     (long ovlp)	(with obs/pg/clk)  
#------------------------------------------------------------------------
# M1             0.00 	  0.00%  	  0.00% 	  0.00%
# M2         81821.96 	  0.16%  	  0.00% 	  0.08%
# C1        128995.46 	  0.08%  	  0.00% 	  0.01%
# C2        112263.69 	  0.01%  	  0.00% 	  0.00%
# C3        123282.33 	  0.01%  	  0.00% 	  0.00%
# C4         46845.44 	  0.00%  	  0.00% 	  0.00%
# BA         37073.80 	  0.01%  	  0.00% 	  0.00%
# BB          4709.89 	  0.19%  	  0.15% 	  0.00%
# JA          2620.33 	  0.00%  	  0.00% 	  0.00%
# JB             0.00 	  0.00%  	  0.00% 	  0.00%
# LB             0.00 	  0.00%  	  0.00% 	  0.00%
#------------------------------------------------------------------------
# All      537612.92  	  0.05% 	  0.00% 	  0.00%
#Complete Track Assignment With Timing Driven.
#Total number of nets with non-default rule or having extra spacing = 103
#Total wire length = 544865 um.
#Total half perimeter of net bounding box = 494106 um.
#Total wire length on LAYER M1 = 0 um.
#Total wire length on LAYER M2 = 80716 um.
#Total wire length on LAYER C1 = 132974 um.
#Total wire length on LAYER C2 = 116849 um.
#Total wire length on LAYER C3 = 123341 um.
#Total wire length on LAYER C4 = 46755 um.
#Total wire length on LAYER BA = 36973 um.
#Total wire length on LAYER BB = 4683 um.
#Total wire length on LAYER JA = 2574 um.
#Total wire length on LAYER JB = 0 um.
#Total wire length on LAYER LB = 0 um.
#Total number of vias = 263368
#Up-Via Summary (total 263368):
#           
#-----------------------
# M1             110284
# M2             103840
# C1              31203
# C2              11522
# C3               3990
# C4               1861
# BA                483
# BB                185
#-----------------------
#                263368 
#
#cpu time = 00:00:13, elapsed time = 00:00:07, memory = 3247.75 (MB), peak = 3768.61 (MB)
#
#Routing data preparation, pin analysis, global routing and track assignment statistics:
#Cpu time = 00:05:20
#Elapsed time = 00:03:52
#Increased memory = 135.14 (MB)
#Total memory = 3247.75 (MB)
#Peak memory = 3768.61 (MB)
#Using multithreading with 8 threads.
#Minimum voltage of a net in the design = 0.000.
#Maximum voltage of a net in the design = 0.800.
#Voltage range [0.000 - 0.800] has 42458 nets.
#Voltage range [0.000 - 0.000] has 32 nets.
#Voltage range [0.720 - 0.800] has 1 net.
#Minimum voltage of a net in the design = 0.000.
#Maximum voltage of a net in the design = 0.800.
#Voltage range [0.000 - 0.800] has 42458 nets.
#Voltage range [0.000 - 0.000] has 32 nets.
#Voltage range [0.720 - 0.800] has 1 net.
#Minimum voltage of a net in the design = 0.000.
#Maximum voltage of a net in the design = 0.800.
#Voltage range [0.000 - 0.800] has 42458 nets.
#Voltage range [0.000 - 0.000] has 32 nets.
#Voltage range [0.720 - 0.800] has 1 net.
#Minimum voltage of a net in the design = 0.000.
#Maximum voltage of a net in the design = 0.800.
#Voltage range [0.000 - 0.800] has 42458 nets.
#Voltage range [0.000 - 0.000] has 32 nets.
#Voltage range [0.720 - 0.800] has 1 net.
#Start reading timing information from file .timing_file_984366.tif.gz ...
#Read in timing information for 1846 ports, 38717 instances from timing file .timing_file_984366.tif.gz.
#
#Start Detail Routing..
#start initial detail routing ...
#   number of violations = 107
#
#    By Layer and Type :
#	         EOLSpc    Short    Color EOLColor   C2MCon      Enc   Others   Totals
#	M1            0        4        0        0       12        3        5       24
#	M2            2        8        7       11        4       12       18       62
#	C1            3        5        0        0        0        0        3       11
#	C2            1        5        0        0        0        0        2        8
#	C3            0        0        0        0        0        2        0        2
#	Totals        6       22        7       11       16       17       28      107
#cpu time = 00:13:15, elapsed time = 00:01:42, memory = 3404.85 (MB), peak = 4212.55 (MB)
#start 1st optimization iteration ...
#   number of violations = 17
#
#    By Layer and Type :
#	          Short   MinStp   C2MCon      Enc   Totals
#	M1            3        0        4        2        9
#	M2            3        4        0        1        8
#	Totals        6        4        4        3       17
#    number of process antenna violations = 129
#cpu time = 00:00:13, elapsed time = 00:00:04, memory = 3396.56 (MB), peak = 4212.55 (MB)
#start 2nd optimization iteration ...
#   number of violations = 17
#
#    By Layer and Type :
#	          Short   MinStp    Color     Loop      Mar   C2MCon      Enc   Totals
#	M1            2        0        0        0        0        2        2        6
#	M2            4        2        2        1        1        0        1       11
#	Totals        6        2        2        1        1        2        3       17
#    number of process antenna violations = 129
#cpu time = 00:00:08, elapsed time = 00:00:04, memory = 3395.63 (MB), peak = 4212.55 (MB)
#start 3rd optimization iteration ...
#   number of violations = 19
#
#    By Layer and Type :
#	          Short   MinStp   CShort      Mar   C2MCon      Enc   Totals
#	M1            2        0        0        0        2        3        7
#	M2            3        2        1        2        0        3       11
#	C1            1        0        0        0        0        0        1
#	Totals        6        2        1        2        2        6       19
#    number of process antenna violations = 129
#cpu time = 00:00:10, elapsed time = 00:00:05, memory = 3395.55 (MB), peak = 4212.55 (MB)
#start 4th optimization iteration ...
#   number of violations = 18
#
#    By Layer and Type :
#	          Short   MinStp EOLColor     Loop   C2MCon      Enc   Others   Totals
#	M1            2        0        0        0        2        1        0        5
#	M2            4        2        1        0        0        1        1        9
#	C1            0        0        0        3        0        0        1        4
#	Totals        6        2        1        3        2        2        2       18
#    number of process antenna violations = 129
#cpu time = 00:00:15, elapsed time = 00:00:08, memory = 3394.38 (MB), peak = 4212.55 (MB)
#start 5th optimization iteration ...
#   number of violations = 17
#
#    By Layer and Type :
#	          Short    Color EOLColor      Mar   C2MCvx      Enc   Others   Totals
#	M1            2        0        0        0        0        1        0        3
#	M2            3        1        2        1        0        3        1       11
#	C1            1        0        0        0        1        0        1        3
#	Totals        6        1        2        1        1        4        2       17
#    number of process antenna violations = 129
#cpu time = 00:00:12, elapsed time = 00:00:11, memory = 3394.01 (MB), peak = 4212.55 (MB)
#start 6th optimization iteration ...
#   number of violations = 21
#
#    By Layer and Type :
#	         MetSpc    Short   MinStp     Loop   C2MCon      Enc   Others   Totals
#	M1            0        3        0        0        2        2        0        7
#	M2            0        4        2        0        0        1        3       10
#	C1            1        0        0        2        0        0        1        4
#	Totals        1        7        2        2        2        3        4       21
#cpu time = 00:00:09, elapsed time = 00:00:09, memory = 3393.14 (MB), peak = 4212.55 (MB)
#start 7th optimization iteration ...
#   number of violations = 18
#
#    By Layer and Type :
#	         EOLSpc    Short   MinStp EOLColor   C2MCon      Enc   Others   Totals
#	M1            0        2        0        0        2        1        0        5
#	M2            0        3        2        2        0        0        2        9
#	C1            2        1        0        0        0        0        1        4
#	Totals        2        6        2        2        2        1        3       18
#cpu time = 00:00:05, elapsed time = 00:00:04, memory = 3392.71 (MB), peak = 4212.55 (MB)
#start 8th optimization iteration ...
#   number of violations = 14
#
#    By Layer and Type :
#	         EOLSpc    Short    Color      Mar      Enc   Totals
#	M1            0        2        0        0        2        4
#	M2            0        3        1        2        2        8
#	C1            2        0        0        0        0        2
#	Totals        2        5        1        2        4       14
#cpu time = 00:00:04, elapsed time = 00:00:03, memory = 3392.87 (MB), peak = 4212.55 (MB)
#start 9th optimization iteration ...
#   number of violations = 13
#
#    By Layer and Type :
#	          Short   MinStp      Mar   C2MCon      Enc   Totals
#	M1            2        0        0        2        2        6
#	M2            3        2        1        0        1        7
#	Totals        5        2        1        2        3       13
#cpu time = 00:00:03, elapsed time = 00:00:03, memory = 3392.98 (MB), peak = 4212.55 (MB)
#start 10th optimization iteration ...
#   number of violations = 34
#
#    By Layer and Type :
#	         EOLSpc    Short   MinStp    Color   C2MCon      Enc   Others   Totals
#	M1            0        0        0        0        4        4        0        8
#	M2            0        5        4        4        0        2        3       18
#	C1            5        0        0        0        0        0        2        7
#	C2            0        1        0        0        0        0        0        1
#	Totals        5        6        4        4        4        6        5       34
#cpu time = 00:00:03, elapsed time = 00:00:03, memory = 3392.83 (MB), peak = 4212.55 (MB)
#start 11th optimization iteration ...
#   number of violations = 25
#
#    By Layer and Type :
#	          Short   MinStp    Color     Loop      Mar      Enc   Others   Totals
#	M1            0        0        0        0        0        3        2        5
#	M2            5        2        4        0        2        2        1       16
#	C1            1        0        0        3        0        0        0        4
#	Totals        6        2        4        3        2        5        3       25
#cpu time = 00:00:04, elapsed time = 00:00:04, memory = 3392.11 (MB), peak = 4212.55 (MB)
#start 12th optimization iteration ...
#   number of violations = 36
#
#    By Layer and Type :
#	         EOLSpc    Short    Color     Loop   C2MCon      Enc   Others   Totals
#	M1            0        0        0        0        4        3        1        8
#	M2            0        5        6        0        0        2        6       19
#	C1            4        0        0        0        0        0        2        6
#	C2            0        0        0        2        0        0        0        2
#	C3            0        1        0        0        0        0        0        1
#	Totals        4        6        6        2        4        5        9       36
#cpu time = 00:00:06, elapsed time = 00:00:05, memory = 3391.51 (MB), peak = 4212.55 (MB)
#start 13th optimization iteration ...
#   number of violations = 31
#
#    By Layer and Type :
#	          Short   MinStp    Color      Mar   C2MCon      Enc   Others   Totals
#	M1            0        0        0        0        2        5        0        7
#	M2            5        2        5        4        0        4        1       21
#	C1            0        0        0        0        0        0        3        3
#	Totals        5        2        5        4        2        9        4       31
#cpu time = 00:00:04, elapsed time = 00:00:03, memory = 3391.12 (MB), peak = 4212.55 (MB)
#start 14th optimization iteration ...
#   number of violations = 37
#
#    By Layer and Type :
#	         EOLSpc    Short   MinStp    Color   C2MCon      Enc   Others   Totals
#	M1            0        0        0        0        4        5        0        9
#	M2            0        5        4        7        0        3        5       24
#	C1            3        0        0        0        0        0        0        3
#	C2            0        1        0        0        0        0        0        1
#	Totals        3        6        4        7        4        8        5       37
#cpu time = 00:00:03, elapsed time = 00:00:03, memory = 3391.39 (MB), peak = 4212.55 (MB)
#start 15th optimization iteration ...
#   number of violations = 38
#
#    By Layer and Type :
#	         EOLSpc    Notch    Short    Color     Loop      Mar      Enc   Totals
#	M1            0        0        0        0        0        0        5        5
#	M2            0        2        5        9        0        5        5       26
#	C1            1        0        2        0        3        0        0        6
#	C2            0        0        1        0        0        0        0        1
#	Totals        1        2        8        9        3        5       10       38
#cpu time = 00:00:03, elapsed time = 00:00:03, memory = 3391.37 (MB), peak = 4212.55 (MB)
#start 16th optimization iteration ...
#   number of violations = 33
#
#    By Layer and Type :
#	         MetSpc   EOLSpc    Short    Color      Mar      Enc   Others   Totals
#	M1            0        0        0        0        0        4        2        6
#	M2            0        0        6        4        3        4        3       20
#	C1            3        3        0        0        0        0        1        7
#	Totals        3        3        6        4        3        8        6       33
#cpu time = 00:00:04, elapsed time = 00:00:04, memory = 3391.51 (MB), peak = 4212.55 (MB)
#start 17th optimization iteration ...
#   number of violations = 28
#
#    By Layer and Type :
#	          Notch    Short   MinStp    Color   C2MCon      Enc   Others   Totals
#	M1            0        0        0        0        2        1        1        4
#	M2            3        5        1        8        0        2        4       23
#	C1            0        0        0        0        0        0        1        1
#	Totals        3        5        1        8        2        3        6       28
#cpu time = 00:00:05, elapsed time = 00:00:04, memory = 3391.58 (MB), peak = 4212.55 (MB)
#start 18th optimization iteration ...
#   number of violations = 31
#
#    By Layer and Type :
#	         EOLSpc    Short   MinStp    Color   C2MCon      Enc   Others   Totals
#	M1            0        0        0        0        4        3        0        7
#	M2            0        5        4        6        0        1        3       19
#	C1            4        0        0        0        0        0        1        5
#	Totals        4        5        4        6        4        4        4       31
#cpu time = 00:00:09, elapsed time = 00:00:09, memory = 3391.52 (MB), peak = 4212.55 (MB)
#start 19th optimization iteration ...
#   number of violations = 32
#
#    By Layer and Type :
#	          Notch    Short    Color      Mar   C2MCon      Enc   Others   Totals
#	M1            0        0        0        0        2        4        0        6
#	M2            2        5        9        3        0        3        3       25
#	C1            0        0        0        0        0        0        1        1
#	Totals        2        5        9        3        2        7        4       32
#cpu time = 00:00:03, elapsed time = 00:00:03, memory = 3391.57 (MB), peak = 4212.55 (MB)
#start 20th optimization iteration ...
#   number of violations = 28
#
#    By Layer and Type :
#	         EOLSpc    Short   MinStp    Color      Mar      Enc   Others   Totals
#	M1            0        0        0        0        0        3        2        5
#	M2            0        5        2        6        2        2        2       19
#	C1            3        0        0        0        0        0        1        4
#	Totals        3        5        2        6        2        5        5       28
#cpu time = 00:00:02, elapsed time = 00:00:02, memory = 3391.39 (MB), peak = 4212.55 (MB)
#start 21th optimization iteration ...
#   number of violations = 29
#
#    By Layer and Type :
#	         EOLSpc    Short    Color EOLColor      Mar      Enc   Others   Totals
#	M1            0        0        0        0        0        3        0        3
#	M2            0        5        9        2        3        3        1       23
#	C1            1        1        0        0        0        0        1        3
#	Totals        1        6        9        2        3        6        2       29
#cpu time = 00:00:05, elapsed time = 00:00:05, memory = 3391.19 (MB), peak = 4212.55 (MB)
#start 22th optimization iteration ...
#   number of violations = 39
#
#    By Layer and Type :
#	         EOLSpc    Notch    Short    Color      Mar      Enc   Others   Totals
#	M1            0        0        0        0        0        4        3        7
#	M2            0        2        5       10        4        4        2       27
#	C1            3        0        0        0        0        0        2        5
#	Totals        3        2        5       10        4        8        7       39
#cpu time = 00:00:05, elapsed time = 00:00:04, memory = 3391.01 (MB), peak = 4212.55 (MB)
#start 23th optimization iteration ...
#   number of violations = 26
#
#    By Layer and Type :
#	         EOLSpc    Notch    Short    Color      Mar      Enc   Totals
#	M1            0        0        0        0        0        3        3
#	M2            0        2        5        8        3        4       22
#	C1            1        0        0        0        0        0        1
#	Totals        1        2        5        8        3        7       26
#cpu time = 00:00:07, elapsed time = 00:00:07, memory = 3390.82 (MB), peak = 4212.55 (MB)
#start 24th optimization iteration ...
#   number of violations = 28
#
#    By Layer and Type :
#	         EOLSpc    Short   MinStp    Color      Mar      Enc   Others   Totals
#	M1            0        0        0        0        0        3        2        5
#	M2            0        5        2        5        2        2        1       17
#	C1            4        0        0        0        0        0        2        6
#	Totals        4        5        2        5        2        5        5       28
#cpu time = 00:00:07, elapsed time = 00:00:07, memory = 3391.26 (MB), peak = 4212.55 (MB)
#start 25th optimization iteration ...
#   number of violations = 35
#
#    By Layer and Type :
#	         MetSpc   EOLSpc    Notch    Short    Color      Mar      Enc   Totals
#	M1            0        0        0        0        0        0        4        4
#	M2            0        0        1        5        8        4        4       22
#	C1            4        4        0        1        0        0        0        9
#	Totals        4        4        1        6        8        4        8       35
#cpu time = 00:00:04, elapsed time = 00:00:03, memory = 3391.01 (MB), peak = 4212.55 (MB)
#start 26th optimization iteration ...
#   number of violations = 36
#
#    By Layer and Type :
#	         EOLSpc    Notch    Short    Color      Mar      Enc   Others   Totals
#	M1            0        0        0        0        0        4        2        6
#	M2            0        2        5       10        3        3        3       26
#	C1            2        0        0        0        0        0        2        4
#	Totals        2        2        5       10        3        7        7       36
#cpu time = 00:00:04, elapsed time = 00:00:03, memory = 3390.95 (MB), peak = 4212.55 (MB)
#start 27th optimization iteration ...
#   number of violations = 36
#
#    By Layer and Type :
#	         EOLSpc    Notch    Short    Color      Mar      Enc   Others   Totals
#	M1            0        0        0        0        0        2        3        5
#	M2            0        4        5       11        2        2        3       27
#	C1            2        0        0        0        0        0        2        4
#	Totals        2        4        5       11        2        4        8       36
#cpu time = 00:00:05, elapsed time = 00:00:05, memory = 3390.45 (MB), peak = 4212.55 (MB)
#start 28th optimization iteration ...
#   number of violations = 36
#
#    By Layer and Type :
#	          Short    Color     Loop      Mar   C2MCon      Enc   Others   Totals
#	M1            0        0        0        0        2        5        0        7
#	M2            5        6        0        4        0        4        4       23
#	C1            1        0        3        0        0        0        2        6
#	Totals        6        6        3        4        2        9        6       36
#cpu time = 00:00:05, elapsed time = 00:00:05, memory = 3390.35 (MB), peak = 4212.55 (MB)
#start 29th optimization iteration ...
#   number of violations = 29
#
#    By Layer and Type :
#	          Notch    Short    Color      Mar   C2MCvx      Enc   Others   Totals
#	M1            0        0        0        0        0        4        0        4
#	M2            2        5        7        4        0        4        0       22
#	C1            0        0        0        0        1        0        2        3
#	Totals        2        5        7        4        1        8        2       29
#cpu time = 00:00:06, elapsed time = 00:00:05, memory = 3390.48 (MB), peak = 4212.55 (MB)
#start 30th optimization iteration ...
#   number of violations = 28
#
#    By Layer and Type :
#	         EOLSpc    Short   MinStp    Color      Mar      Enc   Others   Totals
#	M1            0        0        0        0        0        3        2        5
#	M2            0        5        2        4        2        2        1       16
#	C1            4        0        0        0        0        0        2        6
#	C2            0        0        0        0        0        0        1        1
#	Totals        4        5        2        4        2        5        6       28
#cpu time = 00:00:06, elapsed time = 00:00:06, memory = 3390.42 (MB), peak = 4212.55 (MB)
#start 31th optimization iteration ...
#   number of violations = 39
#
#    By Layer and Type :
#	         EOLSpc    Notch    Short    Color      Mar      Enc   Others   Totals
#	M1            0        0        0        0        0        3        2        5
#	M2            0        3        5       13        3        3        3       30
#	C1            2        0        0        0        0        0        2        4
#	Totals        2        3        5       13        3        6        7       39
#cpu time = 00:00:06, elapsed time = 00:00:06, memory = 3390.23 (MB), peak = 4212.55 (MB)
#start 32th optimization iteration ...
#   number of violations = 32
#
#    By Layer and Type :
#	         EOLSpc    Short    Color      Mar   C2MCon      Enc   Others   Totals
#	M1            0        0        0        0        2        4        0        6
#	M2            0        5        5        3        0        3        3       19
#	C1            6        0        0        0        0        0        1        7
#	Totals        6        5        5        3        2        7        4       32
#cpu time = 00:00:05, elapsed time = 00:00:05, memory = 3390.92 (MB), peak = 4212.55 (MB)
#start 33th optimization iteration ...
#   number of violations = 26
#
#    By Layer and Type :
#	         EOLSpc    Notch    Short    Color   C2MCon      Enc   Others   Totals
#	M1            0        0        0        0        2        2        0        4
#	M2            0        2        5        7        0        2        3       19
#	C1            3        0        0        0        0        0        0        3
#	Totals        3        2        5        7        2        4        3       26
#cpu time = 00:00:08, elapsed time = 00:00:07, memory = 3391.51 (MB), peak = 4212.55 (MB)
#start 34th optimization iteration ...
#   number of violations = 30
#
#    By Layer and Type :
#	         EOLSpc    Short   MinStp    Color      Mar      Enc   Others   Totals
#	M1            0        0        0        0        0        3        2        5
#	M2            0        5        2        4        2        2        1       16
#	C1            5        1        0        0        0        0        3        9
#	Totals        5        6        2        4        2        5        6       30
#cpu time = 00:00:06, elapsed time = 00:00:06, memory = 3391.53 (MB), peak = 4212.55 (MB)
#start 35th optimization iteration ...
#   number of violations = 31
#
#    By Layer and Type :
#	         EOLSpc    Notch    Short    Color   C2MCon      Enc   Others   Totals
#	M1            0        0        0        0        2        3        0        5
#	M2            0        2        5        8        0        3        4       22
#	C1            2        0        0        0        0        0        0        2
#	C2            1        0        0        0        0        0        1        2
#	Totals        3        2        5        8        2        6        5       31
#cpu time = 00:00:09, elapsed time = 00:00:08, memory = 3391.19 (MB), peak = 4212.55 (MB)
#start 36th optimization iteration ...
#   number of violations = 27
#
#    By Layer and Type :
#	         EOLSpc    Short   MinStp    Color   C2MCon      Enc   Others   Totals
#	M1            0        0        0        0        2        3        0        5
#	M2            0        5        2        4        0        2        3       16
#	C1            4        0        0        0        0        0        2        6
#	Totals        4        5        2        4        2        5        5       27
#cpu time = 00:00:10, elapsed time = 00:00:09, memory = 3390.57 (MB), peak = 4212.55 (MB)
#start 37th optimization iteration ...
#   number of violations = 16
#
#    By Layer and Type :
#	          Notch    Short    Color      Mar      Enc   Totals
#	M1            0        0        0        0        2        2
#	M2            1        5        3        2        3       14
#	Totals        1        5        3        2        5       16
#cpu time = 00:00:25, elapsed time = 00:00:25, memory = 3391.61 (MB), peak = 4212.55 (MB)
#start 38th optimization iteration ...
#   number of violations = 24
#
#    By Layer and Type :
#	         EOLSpc    Short   MinStp    Color      Mar      Enc   Others   Totals
#	M1            0        0        0        0        0        3        2        5
#	M2            0        5        2        3        2        2        1       15
#	C1            2        2        0        0        0        0        0        4
#	Totals        2        7        2        3        2        5        3       24
#cpu time = 00:00:16, elapsed time = 00:00:15, memory = 3391.46 (MB), peak = 4212.55 (MB)
#start 39th optimization iteration ...
#   number of violations = 42
#
#    By Layer and Type :
#	         MetSpc   EOLSpc    Short    Color      Mar      Enc   Others   Totals
#	M1            0        0        0        0        0        3        1        4
#	M2            0        0        6        8        3        3        6       26
#	C1            4        6        0        0        0        0        1       11
#	C2            0        0        1        0        0        0        0        1
#	Totals        4        6        7        8        3        6        8       42
#cpu time = 00:00:17, elapsed time = 00:00:16, memory = 3390.51 (MB), peak = 4212.55 (MB)
#start 40th optimization iteration ...
#   number of violations = 34
#
#    By Layer and Type :
#	         EOLSpc    Short   MinStp    Color   C2MCon      Enc   Others   Totals
#	M1            0        0        0        0        4        4        0        8
#	M2            0        5        4        5        0        2        6       22
#	C1            3        0        0        0        0        0        1        4
#	Totals        3        5        4        5        4        6        7       34
#cpu time = 00:00:16, elapsed time = 00:00:16, memory = 3391.40 (MB), peak = 4212.55 (MB)
#start 41th optimization iteration ...
#   number of violations = 27
#
#    By Layer and Type :
#	         EOLSpc    Short   MinStp      Mar   C2MCon      Enc   Others   Totals
#	M1            0        0        0        0        4        4        0        8
#	M2            1        5        4        2        0        2        3       17
#	C1            1        0        0        0        0        0        1        2
#	Totals        2        5        4        2        4        6        4       27
#cpu time = 00:00:05, elapsed time = 00:00:05, memory = 3391.68 (MB), peak = 4212.55 (MB)
#start 42th optimization iteration ...
#   number of violations = 21
#
#    By Layer and Type :
#	         EOLSpc    Short   MinStp    Color   C2MCon      Enc   Others   Totals
#	M1            0        0        0        0        2        2        0        4
#	M2            0        5        2        2        0        1        2       12
#	C1            3        0        0        0        0        0        2        5
#	Totals        3        5        2        2        2        3        4       21
#cpu time = 00:00:06, elapsed time = 00:00:06, memory = 3391.77 (MB), peak = 4212.55 (MB)
#start 43th optimization iteration ...
#   number of violations = 27
#
#    By Layer and Type :
#	         EOLSpc    Notch    Short    Color      Mar      Enc   Others   Totals
#	M1            0        0        0        0        0        4        0        4
#	M2            0        1        5        4        4        4        1       19
#	C1            1        0        2        0        0        0        1        4
#	Totals        1        1        7        4        4        8        2       27
#cpu time = 00:00:06, elapsed time = 00:00:06, memory = 3391.73 (MB), peak = 4212.55 (MB)
#start 44th optimization iteration ...
#   number of violations = 30
#
#    By Layer and Type :
#	         EOLSpc    Short    Color EOLColor      Mar      Enc   Others   Totals
#	M1            0        0        0        0        0        3        2        5
#	M2            0        5        6        2        2        2        3       20
#	C1            2        1        0        0        0        0        1        4
#	C2            0        1        0        0        0        0        0        1
#	Totals        2        7        6        2        2        5        6       30
#cpu time = 00:00:10, elapsed time = 00:00:10, memory = 3391.48 (MB), peak = 4212.55 (MB)
#start 45th optimization iteration ...
#   number of violations = 22
#
#    By Layer and Type :
#	          Notch    Short    Color   CShort      Mar      Enc   Totals
#	M1            0        0        0        0        0        3        3
#	M2            1        5        4        1        3        3       17
#	C1            0        2        0        0        0        0        2
#	Totals        1        7        4        1        3        6       22
#cpu time = 00:00:09, elapsed time = 00:00:09, memory = 3391.61 (MB), peak = 4212.55 (MB)
#start 46th optimization iteration ...
#   number of violations = 24
#
#    By Layer and Type :
#	         EOLSpc    Short   MinStp    Color      Mar      Enc   Others   Totals
#	M1            0        0        0        0        0        3        2        5
#	M2            0        5        2        4        2        2        2       17
#	C1            2        0        0        0        0        0        0        2
#	Totals        2        5        2        4        2        5        4       24
#cpu time = 00:00:05, elapsed time = 00:00:05, memory = 3391.65 (MB), peak = 4212.55 (MB)
#start 47th optimization iteration ...
#   number of violations = 27
#
#    By Layer and Type :
#	          Short   MinStp    Color      Mar   C2MCon      Enc   Others   Totals
#	M1            0        0        0        0        2        4        0        6
#	M2            5        2        3        3        0        4        2       19
#	C1            1        0        0        0        0        0        1        2
#	Totals        6        2        3        3        2        8        3       27
#cpu time = 00:00:06, elapsed time = 00:00:06, memory = 3391.68 (MB), peak = 4212.55 (MB)
#start 48th optimization iteration ...
#   number of violations = 29
#
#    By Layer and Type :
#	         EOLSpc    Short   MinStp    Color      Mar      Enc   Others   Totals
#	M1            0        0        0        0        0        4        2        6
#	M2            0        5        2        4        3        3        2       19
#	C1            2        0        0        0        0        0        2        4
#	Totals        2        5        2        4        3        7        6       29
#cpu time = 00:00:05, elapsed time = 00:00:05, memory = 3391.77 (MB), peak = 4212.55 (MB)
#start 49th optimization iteration ...
#   number of violations = 20
#
#    By Layer and Type :
#	          Short    Color EOLColor   CutSpc   CShort      Mar      Enc   Totals
#	M1            0        0        0        0        0        0        3        3
#	M2            5        1        2        1        1        3        3       16
#	C1            1        0        0        0        0        0        0        1
#	Totals        6        1        2        1        1        3        6       20
#cpu time = 00:00:06, elapsed time = 00:00:06, memory = 3391.35 (MB), peak = 4212.55 (MB)
#start 50th optimization iteration ...
#   number of violations = 22
#
#    By Layer and Type :
#	          Short   MinStp EOLColor      Mar   C2MCon      Enc   Others   Totals
#	M1            0        0        0        0        2        4        0        6
#	M2            5        2        1        3        0        3        1       15
#	C1            0        0        0        0        0        0        1        1
#	Totals        5        2        1        3        2        7        2       22
#cpu time = 00:00:05, elapsed time = 00:00:04, memory = 3391.66 (MB), peak = 4212.55 (MB)
#start 51th optimization iteration ...
#   number of violations = 28
#
#    By Layer and Type :
#	          Short   MinStp    Color      Mar   C2MCon      Enc   Others   Totals
#	M1            0        0        0        0        2        4        0        6
#	M2            5        2        4        3        0        3        3       20
#	C1            1        0        0        0        0        0        1        2
#	Totals        6        2        4        3        2        7        4       28
#cpu time = 00:00:06, elapsed time = 00:00:05, memory = 3391.61 (MB), peak = 4212.55 (MB)
#start 52th optimization iteration ...
#   number of violations = 28
#
#    By Layer and Type :
#	         EOLSpc    Short   MinStp    Color      Mar      Enc   Others   Totals
#	M1            0        0        0        0        0        4        2        6
#	M2            0        5        2        4        3        3        2       19
#	C1            3        0        0        0        0        0        0        3
#	Totals        3        5        2        4        3        7        4       28
#cpu time = 00:00:05, elapsed time = 00:00:04, memory = 3391.48 (MB), peak = 4212.55 (MB)
#start 53th optimization iteration ...
#   number of violations = 28
#
#    By Layer and Type :
#	          Short   MinStp    Color      Mar   C2MCon      Enc   Others   Totals
#	M1            0        0        0        0        4        4        0        8
#	M2            5        4        3        2        0        2        2       18
#	C1            1        0        0        0        0        0        1        2
#	Totals        6        4        3        2        4        6        3       28
#cpu time = 00:00:08, elapsed time = 00:00:08, memory = 3391.43 (MB), peak = 4212.55 (MB)
#start 54th optimization iteration ...
#   number of violations = 28
#
#    By Layer and Type :
#	         EOLSpc    Short   MinStp    Color      Mar      Enc   Others   Totals
#	M1            0        0        0        0        0        4        2        6
#	M2            0        5        2        4        3        3        1       18
#	C1            3        0        0        0        0        0        1        4
#	Totals        3        5        2        4        3        7        4       28
#cpu time = 00:00:06, elapsed time = 00:00:06, memory = 3391.11 (MB), peak = 4212.55 (MB)
#start 55th optimization iteration ...
#   number of violations = 25
#
#    By Layer and Type :
#	         EOLSpc    Notch    Short    Color   CShort      Mar      Enc   Totals
#	M1            0        0        0        0        0        0        4        4
#	M2            0        1        5        4        1        4        4       19
#	C1            1        0        1        0        0        0        0        2
#	Totals        1        1        6        4        1        4        8       25
#cpu time = 00:00:05, elapsed time = 00:00:05, memory = 3391.18 (MB), peak = 4212.55 (MB)
#start 56th optimization iteration ...
#   number of violations = 23
#
#    By Layer and Type :
#	         EOLSpc    Short    Color EOLColor      Mar      Enc   Others   Totals
#	M1            0        0        0        0        0        3        2        5
#	M2            0        6        2        2        2        2        2       16
#	C1            2        0        0        0        0        0        0        2
#	Totals        2        6        2        2        2        5        4       23
#cpu time = 00:00:05, elapsed time = 00:00:05, memory = 3391.11 (MB), peak = 4212.55 (MB)
#start 57th optimization iteration ...
#   number of violations = 18
#
#    By Layer and Type :
#	          Short EOLColor   CShort      Mar      Enc   Totals
#	M1            0        0        0        0        3        3
#	M2            5        1        1        3        4       14
#	C1            1        0        0        0        0        1
#	Totals        6        1        1        3        7       18
#cpu time = 00:00:04, elapsed time = 00:00:04, memory = 3391.18 (MB), peak = 4212.55 (MB)
#start 58th optimization iteration ...
#   number of violations = 23
#
#    By Layer and Type :
#	         EOLSpc    Short   MinStp      Mar   C2MCon      Enc   Others   Totals
#	M1            0        0        0        0        2        4        0        6
#	M2            0        5        2        3        0        3        1       14
#	C1            2        0        0        0        0        0        1        3
#	Totals        2        5        2        3        2        7        2       23
#cpu time = 00:00:05, elapsed time = 00:00:05, memory = 3391.32 (MB), peak = 4212.55 (MB)
#start 59th optimization iteration ...
#   number of violations = 20
#
#    By Layer and Type :
#	          Short   CShort      Mar      Enc   Totals
#	M1            0        0        0        4        4
#	M2            5        1        4        5       15
#	C1            1        0        0        0        1
#	Totals        6        1        4        9       20
#cpu time = 00:00:07, elapsed time = 00:00:06, memory = 3391.23 (MB), peak = 4212.55 (MB)
#start 60th optimization iteration ...
#   number of violations = 29
#
#    By Layer and Type :
#	         MetSpc    Short   MinStp      Mar   C2MCon      Enc   Others   Totals
#	M1            0        0        0        0        4        5        1       10
#	M2            1        5        3        4        0        4        0       17
#	C1            1        0        0        0        0        0        1        2
#	Totals        2        5        3        4        4        9        2       29
#cpu time = 00:00:07, elapsed time = 00:00:07, memory = 3391.17 (MB), peak = 4212.55 (MB)
#start 61th optimization iteration ...
#   number of violations = 20
#
#    By Layer and Type :
#	          Short   CShort      Mar   C2MCon      Enc    EncEO   Totals
#	M1            0        0        0        2        3        1        6
#	M2            5        1        3        0        4        0       13
#	C1            1        0        0        0        0        0        1
#	Totals        6        1        3        2        7        1       20
#cpu time = 00:00:07, elapsed time = 00:00:07, memory = 3391.09 (MB), peak = 4212.55 (MB)
#start 62th optimization iteration ...
#   number of violations = 26
#
#    By Layer and Type :
#	         EOLSpc    Short    Color EOLColor      Mar      Enc   Others   Totals
#	M1            0        0        0        0        0        3        2        5
#	M2            0        5        4        2        2        2        3       18
#	C1            2        0        0        0        0        0        1        3
#	Totals        2        5        4        2        2        5        6       26
#cpu time = 00:00:05, elapsed time = 00:00:05, memory = 3391.14 (MB), peak = 4212.55 (MB)
#start 63th optimization iteration ...
#   number of violations = 22
#
#    By Layer and Type :
#	         MetSpc    Short   MinStp    Color   C2MCon      Enc   Others   Totals
#	M1            0        0        0        0        2        2        0        4
#	M2            2        5        2        2        0        2        4       17
#	C1            0        1        0        0        0        0        0        1
#	Totals        2        6        2        2        2        4        4       22
#cpu time = 00:00:07, elapsed time = 00:00:06, memory = 3391.04 (MB), peak = 4212.55 (MB)
#start 64th optimization iteration ...
#   number of violations = 27
#
#    By Layer and Type :
#	         EOLSpc    Notch    Short   MinStp    Color      Enc   Others   Totals
#	M1            0        0        0        0        0        2        2        4
#	M2            0        2        5        2        8        1        2       20
#	C1            2        0        1        0        0        0        0        3
#	Totals        2        2        6        2        8        3        4       27
#cpu time = 00:00:06, elapsed time = 00:00:05, memory = 3391.35 (MB), peak = 4212.55 (MB)
#start 65th optimization iteration ...
#   number of violations = 22
#
#    By Layer and Type :
#	          Short   MinStp    Color      Mar   C2MCon      Enc   Others   Totals
#	M1            0        0        0        0        2        2        0        4
#	M2            5        2        4        1        0        1        3       16
#	C1            2        0        0        0        0        0        0        2
#	Totals        7        2        4        1        2        3        3       22
#cpu time = 00:00:07, elapsed time = 00:00:07, memory = 3391.60 (MB), peak = 4212.55 (MB)
#start 66th optimization iteration ...
#   number of violations = 22
#
#    By Layer and Type :
#	          Notch    Short   MinStp    Color   C2MCon      Enc   Others   Totals
#	M1            0        0        0        0        2        2        0        4
#	M2            2        5        2        4        0        1        3       17
#	C1            0        0        0        0        0        0        1        1
#	Totals        2        5        2        4        2        3        4       22
#cpu time = 00:00:08, elapsed time = 00:00:08, memory = 3392.19 (MB), peak = 4212.55 (MB)
#start 67th optimization iteration ...
#   number of violations = 20
#
#    By Layer and Type :
#	          Notch    Short    Color EOLColor   CShort      Mar      Enc   Totals
#	M1            0        0        0        0        0        0        2        2
#	M2            1        5        5        1        1        2        2       17
#	C1            0        1        0        0        0        0        0        1
#	Totals        1        6        5        1        1        2        4       20
#cpu time = 00:00:06, elapsed time = 00:00:06, memory = 3391.87 (MB), peak = 4212.55 (MB)
#start 68th optimization iteration ...
#   number of violations = 25
#
#    By Layer and Type :
#	         EOLSpc    Short   MinStp    Color      Mar      Enc   Others   Totals
#	M1            0        0        0        0        0        3        2        5
#	M2            0        5        2        4        2        2        2       17
#	C1            2        0        0        0        0        0        1        3
#	Totals        2        5        2        4        2        5        5       25
#cpu time = 00:00:05, elapsed time = 00:00:05, memory = 3391.41 (MB), peak = 4212.55 (MB)
#start 69th optimization iteration ...
#   number of violations = 20
#
#    By Layer and Type :
#	          Notch    Short    Color EOLColor   CShort      Mar      Enc   Totals
#	M1            0        0        0        0        0        0        2        2
#	M2            1        5        5        1        1        2        2       17
#	C1            0        1        0        0        0        0        0        1
#	Totals        1        6        5        1        1        2        4       20
#cpu time = 00:00:06, elapsed time = 00:00:05, memory = 3391.38 (MB), peak = 4212.55 (MB)
#start 70th optimization iteration ...
#   number of violations = 22
#
#    By Layer and Type :
#	          Short   MinStp    Color EOLColor   C2MCon      Enc   Others   Totals
#	M1            0        0        0        0        2        2        0        4
#	M2            5        2        4        2        0        1        2       16
#	C1            1        0        0        0        0        0        1        2
#	Totals        6        2        4        2        2        3        3       22
#cpu time = 00:00:06, elapsed time = 00:00:06, memory = 3391.29 (MB), peak = 4212.55 (MB)
#start 71th optimization iteration ...
#   number of violations = 30
#
#    By Layer and Type :
#	          Notch    Short   MinStp    Color      Mar      Enc   Others   Totals
#	M1            0        0        0        0        0        3        2        5
#	M2            2        5        2        7        3        2        2       23
#	C1            0        1        0        0        0        0        1        2
#	Totals        2        6        2        7        3        5        5       30
#cpu time = 00:00:10, elapsed time = 00:00:09, memory = 3391.30 (MB), peak = 4212.55 (MB)
#start 72th optimization iteration ...
#   number of violations = 19
#
#    By Layer and Type :
#	         EOLSpc    Notch    Short    Color   CShort      Mar      Enc   Totals
#	M1            0        0        0        0        0        0        2        2
#	M2            0        1        5        3        1        2        2       14
#	C1            2        0        1        0        0        0        0        3
#	Totals        2        1        6        3        1        2        4       19
#cpu time = 00:00:07, elapsed time = 00:00:06, memory = 3391.07 (MB), peak = 4212.55 (MB)
#start 73th optimization iteration ...
#   number of violations = 21
#
#    By Layer and Type :
#	          Notch    Short    Color EOLColor      Mar      Enc   Others   Totals
#	M1            0        0        0        0        0        2        0        2
#	M2            1        5        4        2        2        2        1       17
#	C1            0        1        0        0        0        0        1        2
#	Totals        1        6        4        2        2        4        2       21
#cpu time = 00:00:06, elapsed time = 00:00:06, memory = 3391.01 (MB), peak = 4212.55 (MB)
#start 74th optimization iteration ...
#   number of violations = 25
#
#    By Layer and Type :
#	         EOLSpc    Short   MinStp    Color   C2MCon      Enc   Others   Totals
#	M1            0        0        0        0        2        2        0        4
#	M2            0        5        2        6        0        2        3       18
#	C1            2        1        0        0        0        0        0        3
#	Totals        2        6        2        6        2        4        3       25
#cpu time = 00:00:04, elapsed time = 00:00:04, memory = 3391.03 (MB), peak = 4212.55 (MB)
#start 75th optimization iteration ...
#   number of violations = 20
#
#    By Layer and Type :
#	          Short   CutSpc   CShort      Mar      Enc   Totals
#	M1            0        0        0        0        4        4
#	M2            5        1        1        4        4       15
#	C1            1        0        0        0        0        1
#	Totals        6        1        1        4        8       20
#cpu time = 00:00:06, elapsed time = 00:00:06, memory = 3391.32 (MB), peak = 4212.55 (MB)
#start 76th optimization iteration ...
#   number of violations = 25
#
#    By Layer and Type :
#	         EOLSpc    Short   MinStp    Color      Mar      Enc   Others   Totals
#	M1            0        0        0        0        0        3        2        5
#	M2            0        5        2        4        2        2        2       17
#	C1            2        0        0        0        0        0        1        3
#	Totals        2        5        2        4        2        5        5       25
#cpu time = 00:00:07, elapsed time = 00:00:07, memory = 3391.46 (MB), peak = 4212.55 (MB)
#start 77th optimization iteration ...
#   number of violations = 17
#
#    By Layer and Type :
#	          Short   CutSpc   CShort      Mar      Enc   Totals
#	M1            0        0        0        0        3        3
#	M2            5        1        1        3        3       13
#	C1            1        0        0        0        0        1
#	Totals        6        1        1        3        6       17
#cpu time = 00:00:11, elapsed time = 00:00:11, memory = 3391.38 (MB), peak = 4212.55 (MB)
#start 78th optimization iteration ...
#   number of violations = 17
#
#    By Layer and Type :
#	          Short   CutSpc   CShort      Mar      Enc   Totals
#	M1            0        0        0        0        3        3
#	M2            5        1        1        3        3       13
#	C1            1        0        0        0        0        1
#	Totals        6        1        1        3        6       17
#cpu time = 00:00:11, elapsed time = 00:00:10, memory = 3391.22 (MB), peak = 4212.55 (MB)
#start 79th optimization iteration ...
#   number of violations = 17
#
#    By Layer and Type :
#	         MetSpc    Notch    Short    Color   CShort      Mar      Enc   Totals
#	M1            0        0        0        0        0        0        2        2
#	M2            0        1        5        2        1        2        2       13
#	C1            1        0        1        0        0        0        0        2
#	Totals        1        1        6        2        1        2        4       17
#cpu time = 00:00:11, elapsed time = 00:00:10, memory = 3391.46 (MB), peak = 4212.55 (MB)
#start 80th optimization iteration ...
#   number of violations = 17
#
#    By Layer and Type :
#	         MetSpc    Notch    Short    Color   CShort      Mar      Enc   Totals
#	M1            0        0        0        0        0        0        2        2
#	M2            0        1        5        2        1        2        2       13
#	C1            1        0        1        0        0        0        0        2
#	Totals        1        1        6        2        1        2        4       17
#cpu time = 00:00:09, elapsed time = 00:00:08, memory = 3391.10 (MB), peak = 4212.55 (MB)
#Complete Detail Routing.
#Total number of nets with non-default rule or having extra spacing = 103
#Total wire length = 575570 um.
#Total half perimeter of net bounding box = 494106 um.
#Total wire length on LAYER M1 = 2177 um.
#Total wire length on LAYER M2 = 85236 um.
#Total wire length on LAYER C1 = 129997 um.
#Total wire length on LAYER C2 = 127490 um.
#Total wire length on LAYER C3 = 135617 um.
#Total wire length on LAYER C4 = 49902 um.
#Total wire length on LAYER BA = 37755 um.
#Total wire length on LAYER BB = 4801 um.
#Total wire length on LAYER JA = 2596 um.
#Total wire length on LAYER JB = 0 um.
#Total wire length on LAYER LB = 0 um.
#Total number of vias = 349208
#Total number of multi-cut vias = 112 (  0.0%)
#Total number of single cut vias = 349096 (100.0%)
#Up-Via Summary (total 349208):
#                   single-cut          multi-cut      Total
#-----------------------------------------------------------
# M1            113362 (100.0%)         0 (  0.0%)     113362
# M2            149782 (100.0%)         0 (  0.0%)     149782
# C1             56678 (100.0%)         0 (  0.0%)      56678
# C2             21135 (100.0%)         0 (  0.0%)      21135
# C3              5599 (100.0%)         0 (  0.0%)       5599
# C4              1870 (100.0%)         0 (  0.0%)       1870
# BA               493 ( 81.5%)       112 ( 18.5%)        605
# BB               177 (100.0%)         0 (  0.0%)        177
#-----------------------------------------------------------
#               349096 (100.0%)       112 (  0.0%)     349208 
#
#Total number of DRC violations = 17
#Total number of violations on LAYER M1 = 2
#Total number of violations on LAYER M2 = 13
#Total number of violations on LAYER C1 = 2
#Total number of violations on LAYER C2 = 0
#Total number of violations on LAYER C3 = 0
#Total number of violations on LAYER C4 = 0
#Total number of violations on LAYER BA = 0
#Total number of violations on LAYER BB = 0
#Total number of violations on LAYER JA = 0
#Total number of violations on LAYER JB = 0
#Total number of violations on LAYER LB = 0
#Cpu time = 00:22:52
#Elapsed time = 00:10:16
#Increased memory = 143.11 (MB)
#Total memory = 3390.86 (MB)
#Peak memory = 4212.55 (MB)
#
#start routing for process antenna violation fix ...
#Minimum voltage of a net in the design = 0.000.
#Maximum voltage of a net in the design = 0.800.
#Voltage range [0.000 - 0.800] has 42458 nets.
#Voltage range [0.000 - 0.000] has 32 nets.
#Voltage range [0.720 - 0.800] has 1 net.
#Minimum voltage of a net in the design = 0.000.
#Maximum voltage of a net in the design = 0.800.
#Voltage range [0.000 - 0.800] has 42458 nets.
#Voltage range [0.000 - 0.000] has 32 nets.
#Voltage range [0.720 - 0.800] has 1 net.
#
#    By Layer and Type :
#	         MetSpc    Notch    Short    Color   CShort      Mar      Enc   Totals
#	M1            0        0        0        0        0        0        2        2
#	M2            0        1        5        2        1        2        2       13
#	C1            1        0        1        0        0        0        0        2
#	Totals        1        1        6        2        1        2        4       17
#cpu time = 00:00:07, elapsed time = 00:00:01, memory = 3391.26 (MB), peak = 4212.55 (MB)
#
#Total number of nets with non-default rule or having extra spacing = 103
#Total wire length = 575571 um.
#Total half perimeter of net bounding box = 494106 um.
#Total wire length on LAYER M1 = 2177 um.
#Total wire length on LAYER M2 = 85236 um.
#Total wire length on LAYER C1 = 129997 um.
#Total wire length on LAYER C2 = 127490 um.
#Total wire length on LAYER C3 = 135617 um.
#Total wire length on LAYER C4 = 49902 um.
#Total wire length on LAYER BA = 37751 um.
#Total wire length on LAYER BB = 4802 um.
#Total wire length on LAYER JA = 2600 um.
#Total wire length on LAYER JB = 0 um.
#Total wire length on LAYER LB = 0 um.
#Total number of vias = 349212
#Total number of multi-cut vias = 114 (  0.0%)
#Total number of single cut vias = 349098 (100.0%)
#Up-Via Summary (total 349212):
#                   single-cut          multi-cut      Total
#-----------------------------------------------------------
# M1            113362 (100.0%)         0 (  0.0%)     113362
# M2            149782 (100.0%)         0 (  0.0%)     149782
# C1             56678 (100.0%)         0 (  0.0%)      56678
# C2             21135 (100.0%)         0 (  0.0%)      21135
# C3              5599 (100.0%)         0 (  0.0%)       5599
# C4              1870 (100.0%)         0 (  0.0%)       1870
# BA               493 ( 81.2%)       114 ( 18.8%)        607
# BB               179 (100.0%)         0 (  0.0%)        179
#-----------------------------------------------------------
#               349098 (100.0%)       114 (  0.0%)     349212 
#
#Total number of DRC violations = 17
#Total number of process antenna violations = 59
#Total number of net violated process antenna rule = 44
#Total number of violations on LAYER M1 = 2
#Total number of violations on LAYER M2 = 13
#Total number of violations on LAYER C1 = 2
#Total number of violations on LAYER C2 = 0
#Total number of violations on LAYER C3 = 0
#Total number of violations on LAYER C4 = 0
#Total number of violations on LAYER BA = 0
#Total number of violations on LAYER BB = 0
#Total number of violations on LAYER JA = 0
#Total number of violations on LAYER JB = 0
#Total number of violations on LAYER LB = 0
#
#
#start delete and reroute for process antenna violation fix ...
#cpu time = 00:01:20, elapsed time = 00:00:20, memory = 3392.23 (MB), peak = 4212.55 (MB)
#Total number of nets with non-default rule or having extra spacing = 103
#Total wire length = 575731 um.
#Total half perimeter of net bounding box = 494106 um.
#Total wire length on LAYER M1 = 2176 um.
#Total wire length on LAYER M2 = 85289 um.
#Total wire length on LAYER C1 = 130105 um.
#Total wire length on LAYER C2 = 127490 um.
#Total wire length on LAYER C3 = 136055 um.
#Total wire length on LAYER C4 = 50237 um.
#Total wire length on LAYER BA = 38665 um.
#Total wire length on LAYER BB = 4547 um.
#Total wire length on LAYER JA = 1166 um.
#Total wire length on LAYER JB = 0 um.
#Total wire length on LAYER LB = 0 um.
#Total number of vias = 349499
#Total number of multi-cut vias = 76 (  0.0%)
#Total number of single cut vias = 349423 (100.0%)
#Up-Via Summary (total 349499):
#                   single-cut          multi-cut      Total
#-----------------------------------------------------------
# M1            113362 (100.0%)         0 (  0.0%)     113362
# M2            149803 (100.0%)         0 (  0.0%)     149803
# C1             56734 (100.0%)         0 (  0.0%)      56734
# C2             21222 (100.0%)         0 (  0.0%)      21222
# C3              5681 (100.0%)         0 (  0.0%)       5681
# C4              1990 (100.0%)         0 (  0.0%)       1990
# BA               522 ( 87.3%)        76 ( 12.7%)        598
# BB               109 (100.0%)         0 (  0.0%)        109
#-----------------------------------------------------------
#               349423 (100.0%)        76 (  0.0%)     349499 
#
#Total number of DRC violations = 17
#Total number of process antenna violations = 12
#Total number of net violated process antenna rule = 12
#Total number of violations on LAYER M1 = 2
#Total number of violations on LAYER M2 = 13
#Total number of violations on LAYER C1 = 2
#Total number of violations on LAYER C2 = 0
#Total number of violations on LAYER C3 = 0
#Total number of violations on LAYER C4 = 0
#Total number of violations on LAYER BA = 0
#Total number of violations on LAYER BB = 0
#Total number of violations on LAYER JA = 0
#Total number of violations on LAYER JB = 0
#Total number of violations on LAYER LB = 0
#
#
#Total number of nets with non-default rule or having extra spacing = 103
#Total wire length = 575731 um.
#Total half perimeter of net bounding box = 494106 um.
#Total wire length on LAYER M1 = 2176 um.
#Total wire length on LAYER M2 = 85289 um.
#Total wire length on LAYER C1 = 130105 um.
#Total wire length on LAYER C2 = 127490 um.
#Total wire length on LAYER C3 = 136055 um.
#Total wire length on LAYER C4 = 50237 um.
#Total wire length on LAYER BA = 38665 um.
#Total wire length on LAYER BB = 4547 um.
#Total wire length on LAYER JA = 1166 um.
#Total wire length on LAYER JB = 0 um.
#Total wire length on LAYER LB = 0 um.
#Total number of vias = 349499
#Total number of multi-cut vias = 76 (  0.0%)
#Total number of single cut vias = 349423 (100.0%)
#Up-Via Summary (total 349499):
#                   single-cut          multi-cut      Total
#-----------------------------------------------------------
# M1            113362 (100.0%)         0 (  0.0%)     113362
# M2            149803 (100.0%)         0 (  0.0%)     149803
# C1             56734 (100.0%)         0 (  0.0%)      56734
# C2             21222 (100.0%)         0 (  0.0%)      21222
# C3              5681 (100.0%)         0 (  0.0%)       5681
# C4              1990 (100.0%)         0 (  0.0%)       1990
# BA               522 ( 87.3%)        76 ( 12.7%)        598
# BB               109 (100.0%)         0 (  0.0%)        109
#-----------------------------------------------------------
#               349423 (100.0%)        76 (  0.0%)     349499 
#
#Total number of DRC violations = 17
#Total number of process antenna violations = 12
#Total number of net violated process antenna rule = 12
#Total number of violations on LAYER M1 = 2
#Total number of violations on LAYER M2 = 13
#Total number of violations on LAYER C1 = 2
#Total number of violations on LAYER C2 = 0
#Total number of violations on LAYER C3 = 0
#Total number of violations on LAYER C4 = 0
#Total number of violations on LAYER BA = 0
#Total number of violations on LAYER BB = 0
#Total number of violations on LAYER JA = 0
#Total number of violations on LAYER JB = 0
#Total number of violations on LAYER LB = 0
#
#Minimum voltage of a net in the design = 0.000.
#Maximum voltage of a net in the design = 0.800.
#Voltage range [0.000 - 0.800] has 42458 nets.
#Voltage range [0.000 - 0.000] has 32 nets.
#Voltage range [0.720 - 0.800] has 1 net.
#Minimum voltage of a net in the design = 0.000.
#Maximum voltage of a net in the design = 0.800.
#Voltage range [0.000 - 0.800] has 42458 nets.
#Voltage range [0.000 - 0.000] has 32 nets.
#Voltage range [0.720 - 0.800] has 1 net.
#
#Start Post Route via swapping...
#100.00% of area are rerouted by ECO routing.
#   number of violations = 17
#
#    By Layer and Type :
#	         MetSpc    Notch    Short    Color   CShort      Mar      Enc   Totals
#	M1            0        0        0        0        0        0        2        2
#	M2            0        1        5        2        1        2        2       13
#	C1            1        0        1        0        0        0        0        2
#	Totals        1        1        6        2        1        2        4       17
#cpu time = 00:03:00, elapsed time = 00:00:23, memory = 3436.28 (MB), peak = 4212.55 (MB)
#CELL_VIEW Silago_top_right_corner,init has 17 DRC violations
#Total number of DRC violations = 17
#Total number of process antenna violations = 12
#Total number of net violated process antenna rule = 12
#Total number of violations on LAYER M1 = 2
#Total number of violations on LAYER M2 = 13
#Total number of violations on LAYER C1 = 2
#Total number of violations on LAYER C2 = 0
#Total number of violations on LAYER C3 = 0
#Total number of violations on LAYER C4 = 0
#Total number of violations on LAYER BA = 0
#Total number of violations on LAYER BB = 0
#Total number of violations on LAYER JA = 0
#Total number of violations on LAYER JB = 0
#Total number of violations on LAYER LB = 0
#Post Route via swapping is done.
#Total number of nets with non-default rule or having extra spacing = 103
#Total wire length = 575731 um.
#Total half perimeter of net bounding box = 494106 um.
#Total wire length on LAYER M1 = 2176 um.
#Total wire length on LAYER M2 = 85289 um.
#Total wire length on LAYER C1 = 130105 um.
#Total wire length on LAYER C2 = 127490 um.
#Total wire length on LAYER C3 = 136055 um.
#Total wire length on LAYER C4 = 50237 um.
#Total wire length on LAYER BA = 38665 um.
#Total wire length on LAYER BB = 4547 um.
#Total wire length on LAYER JA = 1166 um.
#Total wire length on LAYER JB = 0 um.
#Total wire length on LAYER LB = 0 um.
#Total number of vias = 349499
#Total number of multi-cut vias = 234145 ( 67.0%)
#Total number of single cut vias = 115354 ( 33.0%)
#Up-Via Summary (total 349499):
#                   single-cut          multi-cut      Total
#-----------------------------------------------------------
# M1             59974 ( 52.9%)     53388 ( 47.1%)     113362
# M2             38807 ( 25.9%)    110996 ( 74.1%)     149803
# C1             11642 ( 20.5%)     45092 ( 79.5%)      56734
# C2              3850 ( 18.1%)     17372 ( 81.9%)      21222
# C3               552 (  9.7%)      5129 ( 90.3%)       5681
# C4               400 ( 20.1%)      1590 ( 79.9%)       1990
# BA                77 ( 12.9%)       521 ( 87.1%)        598
# BB                52 ( 47.7%)        57 ( 52.3%)        109
#-----------------------------------------------------------
#               115354 ( 33.0%)    234145 ( 67.0%)     349499 
#
#Minimum voltage of a net in the design = 0.000.
#Maximum voltage of a net in the design = 0.800.
#Voltage range [0.000 - 0.800] has 42458 nets.
#Voltage range [0.000 - 0.000] has 32 nets.
#Voltage range [0.720 - 0.800] has 1 net.
#Minimum voltage of a net in the design = 0.000.
#Maximum voltage of a net in the design = 0.800.
#Voltage range [0.000 - 0.800] has 42458 nets.
#Voltage range [0.000 - 0.000] has 32 nets.
#Voltage range [0.720 - 0.800] has 1 net.
#
#Start Post Route wire spreading..
#Minimum voltage of a net in the design = 0.000.
#Maximum voltage of a net in the design = 0.800.
#Voltage range [0.000 - 0.800] has 42458 nets.
#Voltage range [0.000 - 0.000] has 32 nets.
#Voltage range [0.720 - 0.800] has 1 net.
#Minimum voltage of a net in the design = 0.000.
#Maximum voltage of a net in the design = 0.800.
#Voltage range [0.000 - 0.800] has 42458 nets.
#Voltage range [0.000 - 0.000] has 32 nets.
#Voltage range [0.720 - 0.800] has 1 net.
#
#Start DRC checking..
#   number of violations = 17
#
#    By Layer and Type :
#	         MetSpc    Notch    Short    Color   CShort      Mar      Enc   Totals
#	M1            0        0        0        0        0        0        2        2
#	M2            0        1        5        2        1        2        2       13
#	C1            1        0        1        0        0        0        0        2
#	Totals        1        1        6        2        1        2        4       17
#cpu time = 00:01:46, elapsed time = 00:00:14, memory = 3438.00 (MB), peak = 4212.55 (MB)
#CELL_VIEW Silago_top_right_corner,init has 17 DRC violations
#Total number of DRC violations = 17
#Total number of process antenna violations = 12
#Total number of net violated process antenna rule = 12
#Total number of violations on LAYER M1 = 2
#Total number of violations on LAYER M2 = 13
#Total number of violations on LAYER C1 = 2
#Total number of violations on LAYER C2 = 0
#Total number of violations on LAYER C3 = 0
#Total number of violations on LAYER C4 = 0
#Total number of violations on LAYER BA = 0
#Total number of violations on LAYER BB = 0
#Total number of violations on LAYER JA = 0
#Total number of violations on LAYER JB = 0
#Total number of violations on LAYER LB = 0
#Minimum voltage of a net in the design = 0.000.
#Maximum voltage of a net in the design = 0.800.
#Voltage range [0.000 - 0.800] has 42458 nets.
#Voltage range [0.000 - 0.000] has 32 nets.
#Voltage range [0.720 - 0.800] has 1 net.
#Minimum voltage of a net in the design = 0.000.
#Maximum voltage of a net in the design = 0.800.
#Voltage range [0.000 - 0.800] has 42458 nets.
#Voltage range [0.000 - 0.000] has 32 nets.
#Voltage range [0.720 - 0.800] has 1 net.
#
#Start data preparation for wire spreading...
#
#Data preparation is done on Sat Jan  3 09:49:40 2026
#
#Minimum voltage of a net in the design = 0.000.
#Maximum voltage of a net in the design = 0.800.
#Voltage range [0.000 - 0.800] has 42458 nets.
#Voltage range [0.000 - 0.000] has 32 nets.
#Voltage range [0.720 - 0.800] has 1 net.
#
#Start Post Route Wire Spread.
#Done with 14362 horizontal wires in 9 hboxes and 13483 vertical wires in 9 hboxes.
#Complete Post Route Wire Spread.
#
#Total number of nets with non-default rule or having extra spacing = 103
#Total wire length = 581061 um.
#Total half perimeter of net bounding box = 494106 um.
#Total wire length on LAYER M1 = 2176 um.
#Total wire length on LAYER M2 = 85605 um.
#Total wire length on LAYER C1 = 131064 um.
#Total wire length on LAYER C2 = 129369 um.
#Total wire length on LAYER C3 = 137587 um.
#Total wire length on LAYER C4 = 50612 um.
#Total wire length on LAYER BA = 38862 um.
#Total wire length on LAYER BB = 4591 um.
#Total wire length on LAYER JA = 1197 um.
#Total wire length on LAYER JB = 0 um.
#Total wire length on LAYER LB = 0 um.
#Total number of vias = 349499
#Total number of multi-cut vias = 234145 ( 67.0%)
#Total number of single cut vias = 115354 ( 33.0%)
#Up-Via Summary (total 349499):
#                   single-cut          multi-cut      Total
#-----------------------------------------------------------
# M1             59974 ( 52.9%)     53388 ( 47.1%)     113362
# M2             38807 ( 25.9%)    110996 ( 74.1%)     149803
# C1             11642 ( 20.5%)     45092 ( 79.5%)      56734
# C2              3850 ( 18.1%)     17372 ( 81.9%)      21222
# C3               552 (  9.7%)      5129 ( 90.3%)       5681
# C4               400 ( 20.1%)      1590 ( 79.9%)       1990
# BA                77 ( 12.9%)       521 ( 87.1%)        598
# BB                52 ( 47.7%)        57 ( 52.3%)        109
#-----------------------------------------------------------
#               115354 ( 33.0%)    234145 ( 67.0%)     349499 
#
#Minimum voltage of a net in the design = 0.000.
#Maximum voltage of a net in the design = 0.800.
#Voltage range [0.000 - 0.800] has 42458 nets.
#Voltage range [0.000 - 0.000] has 32 nets.
#Voltage range [0.720 - 0.800] has 1 net.
#Minimum voltage of a net in the design = 0.000.
#Maximum voltage of a net in the design = 0.800.
#Voltage range [0.000 - 0.800] has 42458 nets.
#Voltage range [0.000 - 0.000] has 32 nets.
#Voltage range [0.720 - 0.800] has 1 net.
#
#Start DRC checking..
#   number of violations = 22
#
#    By Layer and Type :
#	          Notch    Short    Color      Mar      Enc   JCSCol   Others   Totals
#	M1            0        0        0        0        2        0        0        2
#	M2            1        5        2        2        2        5        1       18
#	C1            0        1        0        0        0        0        1        2
#	Totals        1        6        2        2        4        5        2       22
#cpu time = 00:01:56, elapsed time = 00:00:15, memory = 3437.98 (MB), peak = 4212.55 (MB)
#CELL_VIEW Silago_top_right_corner,init has 22 DRC violations
#Total number of DRC violations = 22
#Total number of process antenna violations = 12
#Total number of net violated process antenna rule = 12
#Total number of violations on LAYER M1 = 2
#Total number of violations on LAYER M2 = 18
#Total number of violations on LAYER C1 = 2
#Total number of violations on LAYER C2 = 0
#Total number of violations on LAYER C3 = 0
#Total number of violations on LAYER C4 = 0
#Total number of violations on LAYER BA = 0
#Total number of violations on LAYER BB = 0
#Total number of violations on LAYER JA = 0
#Total number of violations on LAYER JB = 0
#Total number of violations on LAYER LB = 0
#   number of violations = 22
#
#    By Layer and Type :
#	          Notch    Short    Color      Mar      Enc   JCSCol   Others   Totals
#	M1            0        0        0        0        2        0        0        2
#	M2            1        5        2        2        2        5        1       18
#	C1            0        1        0        0        0        0        1        2
#	Totals        1        6        2        2        4        5        2       22
#cpu time = 00:02:18, elapsed time = 00:00:21, memory = 3435.50 (MB), peak = 4212.55 (MB)
#CELL_VIEW Silago_top_right_corner,init has 22 DRC violations
#Total number of DRC violations = 22
#Total number of process antenna violations = 12
#Total number of net violated process antenna rule = 12
#Total number of violations on LAYER M1 = 2
#Total number of violations on LAYER M2 = 18
#Total number of violations on LAYER C1 = 2
#Total number of violations on LAYER C2 = 0
#Total number of violations on LAYER C3 = 0
#Total number of violations on LAYER C4 = 0
#Total number of violations on LAYER BA = 0
#Total number of violations on LAYER BB = 0
#Total number of violations on LAYER JA = 0
#Total number of violations on LAYER JB = 0
#Total number of violations on LAYER LB = 0
#Post Route wire spread is done.
#Total number of nets with non-default rule or having extra spacing = 103
#Total wire length = 581060 um.
#Total half perimeter of net bounding box = 494106 um.
#Total wire length on LAYER M1 = 2176 um.
#Total wire length on LAYER M2 = 85605 um.
#Total wire length on LAYER C1 = 131064 um.
#Total wire length on LAYER C2 = 129369 um.
#Total wire length on LAYER C3 = 137586 um.
#Total wire length on LAYER C4 = 50612 um.
#Total wire length on LAYER BA = 38862 um.
#Total wire length on LAYER BB = 4591 um.
#Total wire length on LAYER JA = 1197 um.
#Total wire length on LAYER JB = 0 um.
#Total wire length on LAYER LB = 0 um.
#Total number of vias = 349499
#Total number of multi-cut vias = 234145 ( 67.0%)
#Total number of single cut vias = 115354 ( 33.0%)
#Up-Via Summary (total 349499):
#                   single-cut          multi-cut      Total
#-----------------------------------------------------------
# M1             59974 ( 52.9%)     53388 ( 47.1%)     113362
# M2             38807 ( 25.9%)    110996 ( 74.1%)     149803
# C1             11642 ( 20.5%)     45092 ( 79.5%)      56734
# C2              3850 ( 18.1%)     17372 ( 81.9%)      21222
# C3               552 (  9.7%)      5129 ( 90.3%)       5681
# C4               400 ( 20.1%)      1590 ( 79.9%)       1990
# BA                77 ( 12.9%)       521 ( 87.1%)        598
# BB                52 ( 47.7%)        57 ( 52.3%)        109
#-----------------------------------------------------------
#               115354 ( 33.0%)    234145 ( 67.0%)     349499 
#
#route_detail Statistics:
#Cpu time = 00:31:36
#Elapsed time = 00:11:38
#Increased memory = 182.63 (MB)
#Total memory = 3430.38 (MB)
#Peak memory = 4212.55 (MB)
#
#route_global_detail statistics:
#Cpu time = 00:37:57
#Elapsed time = 00:15:54
#Increased memory = 170.48 (MB)
#Total memory = 3372.03 (MB)
#Peak memory = 4212.55 (MB)
#Number of warnings = 5
#Total number of warnings = 27
#Number of fails = 0
#Total number of fails = 0
#Complete route_global_detail on Sat Jan  3 09:50:02 2026
#
#Default setup view is reset to AVF_RCWORST.
#Default setup view is reset to AVF_RCWORST.
AAE_INFO: Post Route call back at the end of routeDesign
#route_design: cpu time = 00:42:11, elapsed time = 00:16:44, memory = 3247.34 (MB), peak = 4212.55 (MB)
#% End route_design (date=01/03 09:50:03, total cpu=0:42:11, real=0:16:44, peak res=4212.6M, current mem=3247.3M)
@file 9:
@@file 10: write_db ./pnr/
cond_typ cond_worst cond_best
#% Begin save design ... (date=01/03 09:50:03, mem=3250.4M)
% Begin Save ccopt configuration ... (date=01/03 09:50:03, mem=3250.4M)
% End Save ccopt configuration ... (date=01/03 09:50:04, total cpu=0:00:00.3, real=0:00:01.0, peak res=3251.6M, current mem=3251.6M)
% Begin Save netlist data ... (date=01/03 09:50:04, mem=3251.6M)
Writing Binary DB to ./pnr.tmp/vbin/Silago_top_right_corner.v.bin in multi-threaded mode...
% End Save netlist data ... (date=01/03 09:50:04, total cpu=0:00:00.3, real=0:00:00.0, peak res=3251.6M, current mem=3251.6M)
Saving symbol-table file in separate thread ...
Saving congestion map file in separate thread ...
Saving congestion map file ./pnr.tmp/Silago_top_right_corner.route.congmap.gz ...
% Begin Save AAE data ... (date=01/03 09:50:04, mem=3253.1M)
Saving AAE Data ...
AAE DB initialization (MEM=5262.36 CPU=0:00:00.1 REAL=0:00:00.0) 
% End Save AAE data ... (date=01/03 09:50:04, total cpu=0:00:00.3, real=0:00:00.0, peak res=3269.3M, current mem=3269.3M)
Saving preference file ./pnr.tmp/gui.pref.tcl ...
Saving mode setting ...
Saving root attributes to be loaded post write_db ...
Saving global file ...
Saving root attributes to be loaded previous write_db ...
Saving Drc markers ...
... 34 markers are saved ...
... 22 geometry drc markers are saved ...
... 12 antenna drc markers are saved ...
Convert 0 swires and 0 svias from compressed groups
13 swires and 0 svias were compressed
3 swires and 0 svias were decompressed from small or sparse groups
Saving special route data file in separate thread ...
Saving PG file in separate thread ...
Saving placement file in separate thread ...
Saving route file in separate thread ...
Saving property file in separate thread ...
Convert 0 swires and 0 svias from compressed groups
** Saving stdCellPlacement_binary (version# 2) ...
Saving property file ./pnr.tmp/Silago_top_right_corner.prop
Saving PG file ./pnr.tmp/Silago_top_right_corner.pg.gz, version#2, (Created by Innovus v21.19-s058_1 on Sat Jan  3 09:50:09 2026)
Save Adaptive View Pruning View Names to Binary file
*** Completed saveProperty (cpu=0:00:00.3 real=0:00:00.0 mem=5316.9M) ***
*** Completed savePGFile (cpu=0:00:00.5 real=0:00:00.0 mem=5316.9M) ***
TAT_INFO: ::saveSpecialRoute REAL = 0 : CPU = 0 : MEM = 0.
TAT_INFO: ::savePGFile REAL = 0 : CPU = 0 : MEM = 0.
TAT_INFO: ::savePlace REAL = 0 : CPU = 0 : MEM = 0.
*** Completed saveRoute (cpu=0:00:01.4 real=0:00:01.0 mem=5316.9M) ***
TAT_INFO: ::saveRoute REAL = 1 : CPU = 1 : MEM = 0.
TAT_INFO: ::db::saveAnnotationAndProp REAL = 0 : CPU = 0 : MEM = 0.
#Saving pin access data to file ./pnr.tmp/Silago_top_right_corner.apa ...
#
Saving preRoute extracted patterns in file './pnr.tmp/Silago_top_right_corner.techData.gz' ...
Saving preRoute extraction data in directory './pnr.tmp/extraction/' ...
TAT_INFO: ::db::saveSymbolTable REAL = 0 : CPU = 0 : MEM = 0.
TAT_INFO: ::saveCongMap REAL = 0 : CPU = 0 : MEM = 0.
% Begin Save power constraints data ... (date=01/03 09:50:11, mem=3292.4M)
% End Save power constraints data ... (date=01/03 09:50:11, total cpu=0:00:00.1, real=0:00:00.0, peak res=3292.4M, current mem=3292.4M)
rc_typ rc_best rc_worst
rc_typ rc_best rc_worst
rc_typ rc_best rc_worst
rc_typ rc_best rc_worst
rc_typ rc_best rc_worst
rc_typ rc_best rc_worst
rc_typ rc_best rc_worst
Generated self-contained design pnr.tmp
#% End save design ... (date=01/03 09:50:12, total cpu=0:00:07.8, real=0:00:09.0, peak res=3293.2M, current mem=3293.2M)
*** Message Summary: 0 warning(s), 0 error(s)

@file 11:
@@file 12: write_ilm
**WARN: (IMPILM-365):	SI data will not be generated in this run since extraction needs to be done in postRoute mode.
	 To enable SI data creation, invoke SI aware optimization and then rerun write_ilm.
*Info: Derive Interface Logic in Multi-constraint Mode
*Info: set_db ilm_keep_async false conflicts with set_db timing_analysis_async_checks async setting. set_db ilm_keep_async false will be used in the ILM flow.
*Info: Using CTE mode ...
AAE_INFO: opIsDesignInPostRouteState() is 1
AAE_INFO: deleting AAE DB due to opIsDesignInPostRouteState() is changed ...
AAE DB initialization (MEM=5267.93 CPU=0:00:00.1 REAL=0:00:00.0) 
#################################################################################
# Design Stage: PostRoute
# Design Name: Silago_top_right_corner
# Design Mode: 90nm
# Analysis Mode: MMMC Non-OCV 
# Parasitics Mode: No SPEF/RCDB 
# Signoff Settings: SI Off 
#################################################################################
Extraction called for design 'Silago_top_right_corner' of instances=38717 and nets=42491 using extraction engine 'pre_route' .
**WARN: (IMPEXT-3530):	The process node is not set. Use the command set_design_mode -process <process node> prior to extraction for maximum accuracy and optimal automatic threshold setting.
Type 'man IMPEXT-3530' for more detail.
pre_route RC Extraction called for design Silago_top_right_corner.
RC Extraction called in multi-corner(3) mode.
RCMode: PreRoute
      RC Corner Indexes            0       1       2   
Capacitance Scaling Factor   : 1.00000 1.00000 1.00000 
Resistance Scaling Factor    : 1.00000 1.00000 1.00000 
Clock Cap. Scaling Factor    : 1.00000 1.00000 1.00000 
Clock Res. Scaling Factor    : 1.00000 1.00000 1.00000 
Shrink Factor                : 1.00000
PreRoute extraction is honoring NDR/Shielding/ExtraSpace for clock nets.
Using Quantus QRC technology file ...
Updating RC grid for preRoute extraction ...
Initializing multi-corner resistance tables ...
PreRoute RC Extraction DONE (CPU Time: 0:00:01.8  Real Time: 0:00:02.0  MEM: 5265.934M)
Start delay calculation (fullDC) (8 T). (MEM=5383.48)
Total number of fetched objects 41030
AAE_INFO: Total number of nets for which stage creation was skipped for all views 0
Total number of fetched objects 41030
AAE_INFO: Total number of nets for which stage creation was skipped for all views 0
Total number of fetched objects 41030
AAE_INFO: Total number of nets for which stage creation was skipped for all views 0
End delay calculation. (MEM=5985.04 CPU=0:00:54.4 REAL=0:00:08.0)
End delay calculation (fullDC). (MEM=5985.04 CPU=0:01:04 REAL=0:00:11.0)
Multi-CPU acceleration using 8 CPU(s).
**WARN: (PRL-848):	"set_multi_cpu_usage" can't be used in added command/script of queueCommandThreaded, the settings will be ignored.
**WARN: (PRL-848):	"set_multi_cpu_usage" can't be used in added command/script of queueCommandThreaded, the settings will be ignored.
**WARN: (PRL-848):	"set_multi_cpu_usage" can't be used in added command/script of queueCommandThreaded, the settings will be ignored.
Ending "collect_all_best_worst_latency_reg" (total cpu=0:00:00.8, real=0:00:01.0, peak res=3806.1M, current mem=2783.0M)
Ending "collect_all_best_worst_latency_reg" (total cpu=0:00:00.8, real=0:00:00.0, peak res=3806.1M, current mem=2777.6M)
Ending "collect_all_best_worst_latency_reg" (total cpu=0:00:00.9, real=0:00:01.0, peak res=3806.1M, current mem=2777.6M)
Multi-CPU acceleration using 8 CPU(s).
**WARN: (PRL-848):	"set_multi_cpu_usage" can't be used in added command/script of queueCommandThreaded, the settings will be ignored.
**WARN: (PRL-848):	"set_multi_cpu_usage" can't be used in added command/script of queueCommandThreaded, the settings will be ignored.
Ending "generate_inter_clock_paths_OLD" (total cpu=0:00:00.3, real=0:00:00.0, peak res=3806.1M, current mem=2773.7M)
**WARN: (PRL-848):	"set_multi_cpu_usage" can't be used in added command/script of queueCommandThreaded, the settings will be ignored.
EEnding "generate_inter_clock_paths_OLD" (total cpu=0:00:00.7, real=0:00:01.0, peak res=3806.1M, current mem=2773.7M)
nding "generate_inter_clock_paths_OLD" (total cpu=0:00:00.5, real=0:00:01.0, peak res=3806.1M, current mem=2773.7M)
Ending "collect_all_inter_clock_paths" (total cpu=0:00:00.6, real=0:00:01.0, peak res=3806.1M, current mem=3222.2M)
*** Constant Propagation Marking in Setup Analysis Mode Begin (mem=5638.0M) ***
*** Found 1814 constant pins (0:00:00.1) ***
*** Constant Propagation Marking End (cpu=0:00:00.1 mem=5638.0M) ***
*** Clear Unused Logic Marking (cpu=0:00:00.0, mem=5638.0M) ***
*** Non CTE Mark Clock Nets Begin (mem=5638.0M) ***
*** Non CTE Mark Clock Nets End (cpu=0:00:00.1 mem=5638.0M) ***
Deriving Virtual Partition of (Silago_top_right_corner) using constraint mode functional_AVF_RCWORST ...
*** Clear Unused Logic Marking (cpu=0:00:00.0, mem=5638.0M) ***
*** Non CTE Mark Clock Nets Begin (mem=5638.0M) ***
*** Non CTE Mark Clock Nets End (cpu=0:00:00.1 mem=5638.0M) ***
Deriving Virtual Partition of (Silago_top_right_corner) using constraint mode functional ...
*** Clear Unused Logic Marking (cpu=0:00:00.0, mem=5638.0M) ***
*** Non CTE Mark Clock Nets Begin (mem=5638.0M) ***
*** Non CTE Mark Clock Nets End (cpu=0:00:00.1 mem=5638.0M) ***
Deriving Virtual Partition of (Silago_top_right_corner) using constraint mode functional_AVF_RCTYP ...
*Info: Derive Interface Logic for SI in Multi-constraint Mode
*Info: Save Interface Logic -- Timing Model (Hold Analysis Views)
Creating directory ilm/mmmc/ilm_data.
Creating directory ilm/mmmc/ilm_data/Silago_top_right_corner/.
*Info: Output core boundary SDC for view AVF_RCBEST ....
Writing constant & min slew constraints to file ilm/mmmc/ilm_data/Silago_top_right_corner/Silago_top_right_corner_postRoute_AVF_RCBEST.core.sdc.gz
*Info: Total 1 terms are set as logic 1.
*Info: Total 1379 terms are set as logic 0.
*Info: Total 14377 terms are unused input.
*Info: Total 13697 terms has min slew annotated.
*Info: Output core boundary SDC for view AVF_RCTYP ....
Writing constant & min slew constraints to file ilm/mmmc/ilm_data/Silago_top_right_corner/Silago_top_right_corner_postRoute_AVF_RCTYP.core.sdc.gz
*Info: Total 1 terms are set as logic 1.
*Info: Total 1379 terms are set as logic 0.
*Info: Total 14377 terms are unused input.
*Info: Total 13697 terms has min slew annotated.
*** Commit Timing View Marking (cpu=0:00:00.0, mem=5638.0M) ***
*** Clear Unused Logic Marking (cpu=0:00:00.0, mem=5638.0M) ***
*Info: Save Interface Logic -- Timing Model (Setup Analysis Views)
*Info: Output core boundary SDC for view AVF_RCWORST ....
Writing constant & max slew constraints to file ilm/mmmc/ilm_data/Silago_top_right_corner/Silago_top_right_corner_postRoute_AVF_RCWORST.core.sdc.gz
*Info: Total 1 terms are set as logic 1.
*Info: Total 1379 terms are set as logic 0.
*Info: Total 14377 terms are unused input.
*Info: Total 13697 terms has max slew annotated.
*** Marking 18473/38717 (47%) insts as TAIgnored.
*** Marking 19992/41012 (48%) nets as TAIgnored.
*** Commit Timing View Marking (cpu=0:00:00.0, mem=5638.0M) ***
*Info: Output ILM verilog netlist ....
write_netlist Option: -hier ilm/mmmc/ilm_data/Silago_top_right_corner/Silago_top_right_corner_postRoute.v.gz
Processing hierarchical netlist marking ...
*** Hierarhical netlist marking finished (cpu=0:00:00.0, mem=5638.0M) ***
Dumping netlist ...
Processing hierarchical netlist marking ...
Hierarchical netlist marking finished (cpu=0:00:00.0, mem=5638.0M)
*: Write Placement file (cpu=0:00:00.0, mem=5638.0M)
*Info: Output ILM design DEF ....
Writing DEF file 'ilm/mmmc/ilm_data/Silago_top_right_corner/Silago_top_right_corner_postRoute.def.gz', current time is Sat Jan  3 09:50:34 2026 ...
unitPerMicron=1000, dbgMicronPerDBU=0.001000, unitPerDBU=1.000000
DEF file 'ilm/mmmc/ilm_data/Silago_top_right_corner/Silago_top_right_corner_postRoute.def.gz' is written, current time is Sat Jan  3 09:50:34 2026 ...
*Info: Output ILM parasitic SPEF ....
*** Clear Unused Logic Marking (cpu=0:00:00.0, mem=5638.0M) ***
-----------------------------------------------------------------------------------
	write_ilm Summary
-----------------------------------------------------------------------------------
Model      	Reduced Instances         Reduced Registers
-----------------------------------------------------------------------------------
ilm_data	18473/38717 (47%) 	1579/5026 (31%)
si_data 	0/0 (N/A%) 	0/0 (N/A%)
-----------------------------------------------------------------------------------
Info: ILM generated data will be saved into the ilm directory.
Ending "write_ilm" (total cpu=0:01:25, real=0:00:28.0, peak res=3806.1M, current mem=3371.5M)
#@ End verbose source: ../../../scr/pnr_partition.tcl

*** Memory Usage v#1 (Current mem = 5526.238M, initial mem = 502.961M) ***
*** Message Summary: 1170 warning(s), 0 error(s)

--- Ending "Innovus" (totcpu=1:29:29, real=0:31:27, mem=5526.2M) ---
