
Cadence Innovus(TM) Implementation System.
Copyright 2021 Cadence Design Systems, Inc. All rights reserved worldwide.

Version:	v21.19-s058_1, built Thu Apr 4 09:59:17 PDT 2024
Options:	-stylus -no_gui -batch -files ../../../scr/pnr_partition.tcl -log ../../../../ex/log/pnr/pnr_Silago_top_2026-01-03_09-19-13.log                             ../../../../exe/log/pnr/pnr_part_Silago_top_2026-01-03_09-19-13.cmd                             ../../../../exe/log/pnr/pnr_part_Silago_top_2026-01-03_09-19-13.logv -overwrite 
Date:		Sat Jan  3 09:19:14 2026
Host:		il2225ht25_jcdavid (x86_64 w/Linux 5.15.0-164-generic) (12cores*48cpus*Intel(R) Xeon(R) CPU E7-8857 v2 @ 3.00GHz 30720KB)
OS:		Rocky Linux 8.10 (Green Obsidian)

License:
		[09:19:14.443844] Configured Lic search path (21.01-s002): 27020@lic04.ug.kth.se:27020@lic05.ug.kth.se:3000@lic08.ug.kth.se:29000@lic06.ug.kth.se

		invs	Innovus Implementation System	21.1	checkout succeeded
		8 CPU jobs allowed with the current license(s). Use set_multi_cpu_usage to set your required CPU count.


**WARN: (IMPOPT-801):	Genus executable not found in PATH. Install Genus, add the path to the genus executable in the PATH variable and rerun Innovus.
Create and set the environment variable TMPDIR to /tmp/innovus_temp_984338_il2225ht25_jcdavid_jcdavid_jH1RyC.

Change the soft stacksize limit to 0.2%RAM (6192 mbytes). Set global soft_stack_size_limit to change the value.

**INFO:  MMMC transition support version v31-84 

#@ Processing -files option
@innovus 1> source ../../../scr/pnr_partition.tcl
#@ Begin verbose source (pre): source ../../../scr/pnr_partition.tcl
@file 1: source ../../../scr/global_variables.tcl
#@ Begin verbose source ../../../scr/global_variables.tcl (pre)
@file 1: set NUM_CPUS 8
@file 2: #set the top name of the design
@file 3: set TOP_NAME drra_wrapper
@file 4:
@file 5: # Directories
@file 6: set OUTPUT_DIR "../phy/db"
@file 7: set RPT_DIR    "../phy/rpt"
@file 8: set SCR_DIR    "../phy/scr"
@file 9: #we need a part directory where partitions are created
@file 10: set PART_DIR   "../phy/db/part"
@file 11: set SRC_DIR    "../syn/db"
@file 12:
@file 13: set STDC_CCS_DIR  "/opt/pdk/gfip/22FDX-EXT/GF22FDX_SC8T_104CPP_BASE_CSC28L_FDK_RELV06R60/model/timing/ccs"
@file 14: set TECH_LEF_DIR  "/opt/pdk/gf22/V1.0_4.1/PlaceRoute/Innovus/Techfiles/10M_2Mx_4Cx_2Bx_2Jx_LB"
@file 15: set STDC_LEF_DIR  "/opt/pdk/gfip/22FDX-EXT/GF22FDX_SC8T_104CPP_BASE_CSC28L_FDK_RELV06R60/lef"
@file 16:
@file 17: set LEF_FILE "${TECH_LEF_DIR}/22FDSOI_10M_2Mx_4Cx_2Bx_2Jx_LB_104cpp_tech.lef \
        ${STDC_LEF_DIR}/GF22FDX_SC8T_104CPP_BASE_CSC28L.lef"
@file 19:
@file 20: set STDC_QRC_DIR  "/opt/pdk/gf22/V1.0_4.1/PEX/QRC/10M_2Mx_4Cx_2Bx_2Jx_LBthick"
@file 21:
@file 22: set OP_COD_LIB_BC "GF22FDX_SC8T_104CPP_BASE_CSC28L_FFG_0P72V_0P00V_0P00V_0P00V_M40C"
@file 23: set OP_COD_LIB_TC "GF22FDX_SC8T_104CPP_BASE_CSC28L_TT_0P80V_0P00V_0P00V_0P00V_25C"
@file 24: set OP_COD_LIB_WC "GF22FDX_SC8T_104CPP_BASE_CSC28L_SSG_0P72V_0P00V_0P00V_0P00V_125C"
@file 25: set OP_COD_LIB_SRAM_BC "IN22FDX_S1DV_NFVG_W00064B256M04C128_116cpp_TT_0P800V_0P800V_0P000V_0P000V_025C"
@file 26: set OP_COD_LIB_SRAM_TC "IN22FDX_S1DV_NFVG_W00064B256M04C128_116cpp_TT_0P800V_0P800V_0P000V_0P000V_025C"
@file 27: set OP_COD_LIB_SRAM_WC "IN22FDX_S1DV_NFVG_W00064B256M04C128_116cpp_SSG_0P720V_0P720V_0P000V_0P000V_125C"
@file 28: set OP_COD_LIB_IO_BC "dwc_io_gf22fdx_1p8v_gpio_i_ull_ffg0p945v1p320vm40c_funccmin"
@file 29: set OP_COD_LIB_IO_TC "dwc_io_gf22fdx_1p8v_gpio_i_ull_tt0p800v1p500v25c"
@file 30: set OP_COD_LIB_IO_WC "dwc_io_gf22fdx_1p8v_gpio_i_ull_ssg0p720v1p620v125c_funccmax"
@file 31: set LIB_FILES_BC "${STDC_CCS_DIR}/${OP_COD_LIB_BC}_ccs.lib.gz"
@file 32: set LIB_FILES_TC "${STDC_CCS_DIR}/${OP_COD_LIB_TC}_ccs.lib.gz"
@file 33: set LIB_FILES_WC "${STDC_CCS_DIR}/${OP_COD_LIB_WC}_ccs.lib.gz"
@file 34: set OP_COD_BC "FFG_0P72V_0P00V_0P00V_0P00V_M40C"
@file 35: set OP_COD_TC "TT_0P80V_0P00V_0P00V_0P00V_25C"
@file 36: set OP_COD_WC "SSG_0P72V_0P00V_0P00V_0P00V_125C"
@file 37: set OP_COD_SRAM_BC "TT_0P800V_0P800V_0P000V_0P000V_025C"
@file 38: set OP_COD_SRAM_TC "TT_0P800V_0P800V_0P000V_0P000V_025C"
@file 39: set OP_COD_SRAM_WC "SSG_0P720V_0P720V_0P000V_0P000V_125C"
@file 40: set OP_COD_IO_BC "ffg0p945v1p320vm40c"
@file 41: set OP_COD_IO_TC "TT_0P8_1P5_25"
@file 42: set OP_COD_IO_WC "SSG_0P59_1P08_125"
@file 43: set QRC_FILE_BC "${STDC_QRC_DIR}/FuncRCminDP/qrcTechFile"
@file 44: set QRC_FILE_TC "${STDC_QRC_DIR}/nominal/qrcTechFile"
@file 45: set QRC_FILE_WC "${STDC_QRC_DIR}/FuncRCmaxDP/qrcTechFile"
@file 46:
@file 47: set MMMC_FILE          "${SCR_DIR}/mmmc.tcl"
@file 48: set NETLIST_FILE       "${SRC_DIR}/${TOP_NAME}.v"
@file 49: set SDC_FILES          "${SRC_DIR}/${TOP_NAME}.sdc"
#@ End verbose source ../../../scr/global_variables.tcl
@file 2: source ../../../scr/design_variables.tcl
#@ Begin verbose source ../../../scr/design_variables.tcl (pre)
@@file 1: set_multi_cpu_usage -local_cpu ${NUM_CPUS} -cpu_per_remote_host 1 -remote_host 0 -keep_license true
Setting releaseMultiCpuLicenseMode to false.
@@file 2: set_distributed_hosts -local
The timeout for a remote job to respond is 3600 seconds.
Submit command for task runs will be: local
@file 3:
@file 4: set all_partition_hinst_list {
	Silago_top_l_corner_inst_0_0 \
	Silago_top_inst_1_0 \
	Silago_top_inst_2_0 \
	Silago_top_inst_3_0 \
	Silago_top_inst_4_0 \
	Silago_top_inst_5_0 \
	Silago_top_inst_6_0 \
	Silago_top_r_corner_inst_7_0 \
	Silago_bot_l_corner_inst_0_1 \
	Silago_bot_inst_1_1 \
	Silago_bot_inst_2_1 \
	Silago_bot_inst_3_1 \
	Silago_bot_inst_4_1 \
	Silago_bot_inst_5_1 \
	Silago_bot_inst_6_1 \
	Silago_bot_r_corner_inst_7_1 }
@file 21:
@file 22: set master_partition_hinst_list {
	Silago_top_l_corner_inst_0_0 \
	Silago_top_inst_1_0 \
	Silago_top_r_corner_inst_7_0 \
	Silago_bot_l_corner_inst_0_1 \
	Silago_bot_inst_1_1 \
	Silago_bot_r_corner_inst_7_1 }
@file 29:
@file 30: set clone_partition_bot_hinst_list {
	Silago_bot_inst_2_1 \
	Silago_bot_inst_3_1 \
	Silago_bot_inst_4_1 \
	Silago_bot_inst_5_1 \
	Silago_bot_inst_6_1 }
@file 36:
@file 37: set clone_partition_top_hinst_list {
	Silago_top_inst_2_0 \
	Silago_top_inst_3_0 \
	Silago_top_inst_4_0 \
	Silago_top_inst_5_0 \
	Silago_top_inst_6_0 }
@file 43:
@file 44: set all_partition_module_list {
	Silago_top_left_corner \
	Silago_top \
	Silago_top_right_corner \
	Silago_bot_left_corner \
	Silago_bot \
	Silago_bot_right_corner }
@file 51:
@file 52: set master_partition_module_list {
	Silago_top_left_corner \
	Silago_top \
	Silago_top_right_corner \
	Silago_bot_left_corner \
	Silago_bot \
	Silago_bot_right_corner }
#@ End verbose source ../../../scr/design_variables.tcl
@file 3:
@@file 4: read_db .
#% Begin load design ... (date=01/03 09:19:35, mem=851.1M)
Starting library reading in 'Multi-threaded flow' (with '8' threads)

Threads Configured:8
Reading LIBSET_WC timing library /opt/pdk/gfip/22FDX-EXT/GF22FDX_SC8T_104CPP_BASE_CSC28L_FDK_RELV06R60/model/timing/ccs/GF22FDX_SC8T_104CPP_BASE_CSC28L_SSG_0P72V_0P00V_0P00V_0P00V_125C_ccs.lib.gz.
**WARN: (TECHLIB-302):	No function defined for cell 'SC8T_TAPZBX8_CSC28L'. The cell will only be used for analysis. (File /opt/pdk/gfip/22FDX-EXT/GF22FDX_SC8T_104CPP_BASE_CSC28L_FDK_RELV06R60/model/timing/ccs/GF22FDX_SC8T_104CPP_BASE_CSC28L_SSG_0P72V_0P00V_0P00V_0P00V_125C_ccs.lib.gz)
**WARN: (TECHLIB-302):	No function defined for cell 'SC8T_TAPX8_CSC28L'. The cell will only be used for analysis. (File /opt/pdk/gfip/22FDX-EXT/GF22FDX_SC8T_104CPP_BASE_CSC28L_FDK_RELV06R60/model/timing/ccs/GF22FDX_SC8T_104CPP_BASE_CSC28L_SSG_0P72V_0P00V_0P00V_0P00V_125C_ccs.lib.gz)
**WARN: (TECHLIB-302):	No function defined for cell 'SC8T_NOM1COLCAPPX1_CSC28L'. The cell will only be used for analysis. (File /opt/pdk/gfip/22FDX-EXT/GF22FDX_SC8T_104CPP_BASE_CSC28L_FDK_RELV06R60/model/timing/ccs/GF22FDX_SC8T_104CPP_BASE_CSC28L_SSG_0P72V_0P00V_0P00V_0P00V_125C_ccs.lib.gz)
**WARN: (TECHLIB-302):	No function defined for cell 'SC8T_NOM1COLCAPNX1_CSC28L'. The cell will only be used for analysis. (File /opt/pdk/gfip/22FDX-EXT/GF22FDX_SC8T_104CPP_BASE_CSC28L_FDK_RELV06R60/model/timing/ccs/GF22FDX_SC8T_104CPP_BASE_CSC28L_SSG_0P72V_0P00V_0P00V_0P00V_125C_ccs.lib.gz)
**WARN: (TECHLIB-302):	No function defined for cell 'SC8T_FILLX8_CSC28L'. The cell will only be used for analysis. (File /opt/pdk/gfip/22FDX-EXT/GF22FDX_SC8T_104CPP_BASE_CSC28L_FDK_RELV06R60/model/timing/ccs/GF22FDX_SC8T_104CPP_BASE_CSC28L_SSG_0P72V_0P00V_0P00V_0P00V_125C_ccs.lib.gz)
**WARN: (TECHLIB-302):	No function defined for cell 'SC8T_FILLX64_CSC28L'. The cell will only be used for analysis. (File /opt/pdk/gfip/22FDX-EXT/GF22FDX_SC8T_104CPP_BASE_CSC28L_FDK_RELV06R60/model/timing/ccs/GF22FDX_SC8T_104CPP_BASE_CSC28L_SSG_0P72V_0P00V_0P00V_0P00V_125C_ccs.lib.gz)
**WARN: (TECHLIB-302):	No function defined for cell 'SC8T_FILLX5_CSC28L'. The cell will only be used for analysis. (File /opt/pdk/gfip/22FDX-EXT/GF22FDX_SC8T_104CPP_BASE_CSC28L_FDK_RELV06R60/model/timing/ccs/GF22FDX_SC8T_104CPP_BASE_CSC28L_SSG_0P72V_0P00V_0P00V_0P00V_125C_ccs.lib.gz)
**WARN: (TECHLIB-302):	No function defined for cell 'SC8T_FILLX4_CSC28L'. The cell will only be used for analysis. (File /opt/pdk/gfip/22FDX-EXT/GF22FDX_SC8T_104CPP_BASE_CSC28L_FDK_RELV06R60/model/timing/ccs/GF22FDX_SC8T_104CPP_BASE_CSC28L_SSG_0P72V_0P00V_0P00V_0P00V_125C_ccs.lib.gz)
**WARN: (TECHLIB-302):	No function defined for cell 'SC8T_FILLX3_CSC28L'. The cell will only be used for analysis. (File /opt/pdk/gfip/22FDX-EXT/GF22FDX_SC8T_104CPP_BASE_CSC28L_FDK_RELV06R60/model/timing/ccs/GF22FDX_SC8T_104CPP_BASE_CSC28L_SSG_0P72V_0P00V_0P00V_0P00V_125C_ccs.lib.gz)
**WARN: (TECHLIB-302):	No function defined for cell 'SC8T_FILLX32_CSC28L'. The cell will only be used for analysis. (File /opt/pdk/gfip/22FDX-EXT/GF22FDX_SC8T_104CPP_BASE_CSC28L_FDK_RELV06R60/model/timing/ccs/GF22FDX_SC8T_104CPP_BASE_CSC28L_SSG_0P72V_0P00V_0P00V_0P00V_125C_ccs.lib.gz)
**WARN: (TECHLIB-302):	No function defined for cell 'SC8T_FILLX2_CSC28L'. The cell will only be used for analysis. (File /opt/pdk/gfip/22FDX-EXT/GF22FDX_SC8T_104CPP_BASE_CSC28L_FDK_RELV06R60/model/timing/ccs/GF22FDX_SC8T_104CPP_BASE_CSC28L_SSG_0P72V_0P00V_0P00V_0P00V_125C_ccs.lib.gz)
**WARN: (TECHLIB-302):	No function defined for cell 'SC8T_FILLX1_CSC28L'. The cell will only be used for analysis. (File /opt/pdk/gfip/22FDX-EXT/GF22FDX_SC8T_104CPP_BASE_CSC28L_FDK_RELV06R60/model/timing/ccs/GF22FDX_SC8T_104CPP_BASE_CSC28L_SSG_0P72V_0P00V_0P00V_0P00V_125C_ccs.lib.gz)
**WARN: (TECHLIB-302):	No function defined for cell 'SC8T_FILLX16_CSC28L'. The cell will only be used for analysis. (File /opt/pdk/gfip/22FDX-EXT/GF22FDX_SC8T_104CPP_BASE_CSC28L_FDK_RELV06R60/model/timing/ccs/GF22FDX_SC8T_104CPP_BASE_CSC28L_SSG_0P72V_0P00V_0P00V_0P00V_125C_ccs.lib.gz)
**WARN: (TECHLIB-302):	No function defined for cell 'SC8T_FILLX128_CSC28L'. The cell will only be used for analysis. (File /opt/pdk/gfip/22FDX-EXT/GF22FDX_SC8T_104CPP_BASE_CSC28L_FDK_RELV06R60/model/timing/ccs/GF22FDX_SC8T_104CPP_BASE_CSC28L_SSG_0P72V_0P00V_0P00V_0P00V_125C_ccs.lib.gz)
**WARN: (TECHLIB-302):	No function defined for cell 'SC8T_CONCAVEPRX9_CSC28L'. The cell will only be used for analysis. (File /opt/pdk/gfip/22FDX-EXT/GF22FDX_SC8T_104CPP_BASE_CSC28L_FDK_RELV06R60/model/timing/ccs/GF22FDX_SC8T_104CPP_BASE_CSC28L_SSG_0P72V_0P00V_0P00V_0P00V_125C_ccs.lib.gz)
**WARN: (TECHLIB-302):	No function defined for cell 'SC8T_CONCAVEPRX11_CSC28L'. The cell will only be used for analysis. (File /opt/pdk/gfip/22FDX-EXT/GF22FDX_SC8T_104CPP_BASE_CSC28L_FDK_RELV06R60/model/timing/ccs/GF22FDX_SC8T_104CPP_BASE_CSC28L_SSG_0P72V_0P00V_0P00V_0P00V_125C_ccs.lib.gz)
**WARN: (TECHLIB-302):	No function defined for cell 'SC8T_CONCAVEPLX9_CSC28L'. The cell will only be used for analysis. (File /opt/pdk/gfip/22FDX-EXT/GF22FDX_SC8T_104CPP_BASE_CSC28L_FDK_RELV06R60/model/timing/ccs/GF22FDX_SC8T_104CPP_BASE_CSC28L_SSG_0P72V_0P00V_0P00V_0P00V_125C_ccs.lib.gz)
**WARN: (TECHLIB-302):	No function defined for cell 'SC8T_CONCAVEPLX11_CSC28L'. The cell will only be used for analysis. (File /opt/pdk/gfip/22FDX-EXT/GF22FDX_SC8T_104CPP_BASE_CSC28L_FDK_RELV06R60/model/timing/ccs/GF22FDX_SC8T_104CPP_BASE_CSC28L_SSG_0P72V_0P00V_0P00V_0P00V_125C_ccs.lib.gz)
**WARN: (TECHLIB-302):	No function defined for cell 'SC8T_CONCAVENRX9_CSC28L'. The cell will only be used for analysis. (File /opt/pdk/gfip/22FDX-EXT/GF22FDX_SC8T_104CPP_BASE_CSC28L_FDK_RELV06R60/model/timing/ccs/GF22FDX_SC8T_104CPP_BASE_CSC28L_SSG_0P72V_0P00V_0P00V_0P00V_125C_ccs.lib.gz)
**WARN: (TECHLIB-302):	No function defined for cell 'SC8T_CONCAVENRX11_CSC28L'. The cell will only be used for analysis. (File /opt/pdk/gfip/22FDX-EXT/GF22FDX_SC8T_104CPP_BASE_CSC28L_FDK_RELV06R60/model/timing/ccs/GF22FDX_SC8T_104CPP_BASE_CSC28L_SSG_0P72V_0P00V_0P00V_0P00V_125C_ccs.lib.gz)
Message <TECHLIB-302> has exceeded the message display limit of '20'. Use 'set_message -no_limit -id list_of_msgIDs' to reset the message limit.
Read 959 cells in library GF22FDX_SC8T_104CPP_BASE_CSC28L_SSG_0P72V_0P00V_0P00V_0P00V_125C.
Library reading multithread flow ended.
Starting library reading in 'Multi-threaded flow' (with '8' threads)

Threads Configured:8
Reading LIBSET_BC timing library /opt/pdk/gfip/22FDX-EXT/GF22FDX_SC8T_104CPP_BASE_CSC28L_FDK_RELV06R60/model/timing/ccs/GF22FDX_SC8T_104CPP_BASE_CSC28L_FFG_0P72V_0P00V_0P00V_0P00V_M40C_ccs.lib.gz.
Read 959 cells in library GF22FDX_SC8T_104CPP_BASE_CSC28L_FFG_0P72V_0P00V_0P00V_0P00V_M40C.
Library reading multithread flow ended.
cond_typ cond_worst cond_best
rc_typ rc_best rc_worst

Loading LEF file /home/jcdavid/IL2225-Project/SiLagoNN/phy/db/part/Silago_top/libs/lef/22FDSOI_10M_2Mx_4Cx_2Bx_2Jx_LB_104cpp_tech.lef ...

Loading LEF file /home/jcdavid/IL2225-Project/SiLagoNN/phy/db/part/Silago_top/libs/lef/GF22FDX_SC8T_104CPP_BASE_CSC28L.lef ...
**WARN: (IMPLF-378):	The spacing for cell edge type 'SC8T_104CPP_BASE_CSC_SOURCE' and 'SC8T_104CPP_BASE_CSC_SOURCE' is already defined. It will be overwritten by the new definition in LEF file '/home/jcdavid/IL2225-Project/SiLagoNN/phy/db/part/Silago_top/libs/lef/GF22FDX_SC8T_104CPP_BASE_CSC28L.lef'.
If it's defined multiple times for the same pair of types, only the last one
will be kept. Check all definitions in all LEF files to remove any duplicated
definitions to avoid this warning message.
**WARN: (IMPLF-378):	The spacing for cell edge type 'SC8T_104CPP_BASE_CSC_DRAIN' and 'SC8T_104CPP_BASE_CSC_SOURCE' is already defined. It will be overwritten by the new definition in LEF file '/home/jcdavid/IL2225-Project/SiLagoNN/phy/db/part/Silago_top/libs/lef/GF22FDX_SC8T_104CPP_BASE_CSC28L.lef'.
If it's defined multiple times for the same pair of types, only the last one
will be kept. Check all definitions in all LEF files to remove any duplicated
definitions to avoid this warning message.
**WARN: (IMPLF-378):	The spacing for cell edge type 'SC8T_104CPP_BASE_CSC_DRAIN' and 'SC8T_104CPP_BASE_CSC_DRAIN' is already defined. It will be overwritten by the new definition in LEF file '/home/jcdavid/IL2225-Project/SiLagoNN/phy/db/part/Silago_top/libs/lef/GF22FDX_SC8T_104CPP_BASE_CSC28L.lef'.
If it's defined multiple times for the same pair of types, only the last one
will be kept. Check all definitions in all LEF files to remove any duplicated
definitions to avoid this warning message.
**WARN: (IMPLF-378):	The spacing for cell edge type 'SC8T_104CPP_BASE_CSC_SOURCE2CPP' and 'SC8T_104CPP_BASE_CSC_SOURCE2CPP' is already defined. It will be overwritten by the new definition in LEF file '/home/jcdavid/IL2225-Project/SiLagoNN/phy/db/part/Silago_top/libs/lef/GF22FDX_SC8T_104CPP_BASE_CSC28L.lef'.
If it's defined multiple times for the same pair of types, only the last one
will be kept. Check all definitions in all LEF files to remove any duplicated
definitions to avoid this warning message.
**WARN: (IMPLF-378):	The spacing for cell edge type 'SC8T_104CPP_BASE_CSC_SOURCE' and 'SC8T_104CPP_BASE_CSC_SOURCE2CPP' is already defined. It will be overwritten by the new definition in LEF file '/home/jcdavid/IL2225-Project/SiLagoNN/phy/db/part/Silago_top/libs/lef/GF22FDX_SC8T_104CPP_BASE_CSC28L.lef'.
If it's defined multiple times for the same pair of types, only the last one
will be kept. Check all definitions in all LEF files to remove any duplicated
definitions to avoid this warning message.
**WARN: (IMPLF-378):	The spacing for cell edge type 'SC8T_104CPP_BASE_CSC_SOURCE2CPP' and 'SC8T_104CPP_BASE_CSC_DRAIN' is already defined. It will be overwritten by the new definition in LEF file '/home/jcdavid/IL2225-Project/SiLagoNN/phy/db/part/Silago_top/libs/lef/GF22FDX_SC8T_104CPP_BASE_CSC28L.lef'.
If it's defined multiple times for the same pair of types, only the last one
will be kept. Check all definitions in all LEF files to remove any duplicated
definitions to avoid this warning message.
Set DBUPerIGU to M1 pitch 104.
[09:21:57.467536] Periodic Lic check successful
[09:21:57.467563] Feature usage summary:
[09:21:57.467563] Innovus_Impl_System
[09:21:57.467563] Innovus_20nm_Opt

This command "read_db ." required an extra checkout of license invs_20nm.
Additional license(s) checked out: 1 'Innovus_20nm_Opt' license(s)
**WARN: (IMPLF-201):	Pin 'Z' in macro 'SC8T_XOR3X8_CSC28L' has no ANTENNADIFFAREA value defined. The library data is incomplete and some process antenna rules will not be checked correctly.
Type 'man IMPLF-201' for more detail.
**WARN: (IMPLF-201):	Pin 'Z' in macro 'SC8T_XOR3X4_CSC28L' has no ANTENNADIFFAREA value defined. The library data is incomplete and some process antenna rules will not be checked correctly.
Type 'man IMPLF-201' for more detail.
**WARN: (IMPLF-201):	Pin 'Z' in macro 'SC8T_XOR3X2_CSC28L' has no ANTENNADIFFAREA value defined. The library data is incomplete and some process antenna rules will not be checked correctly.
Type 'man IMPLF-201' for more detail.
**WARN: (IMPLF-201):	Pin 'Z' in macro 'SC8T_XOR3X1_MR_CSC28L' has no ANTENNADIFFAREA value defined. The library data is incomplete and some process antenna rules will not be checked correctly.
Type 'man IMPLF-201' for more detail.
**WARN: (IMPLF-201):	Pin 'Z' in macro 'SC8T_XOR3X1_CSC28L' has no ANTENNADIFFAREA value defined. The library data is incomplete and some process antenna rules will not be checked correctly.
Type 'man IMPLF-201' for more detail.
**WARN: (IMPLF-201):	Pin 'Z' in macro 'SC8T_XOR2X8_CSC28L' has no ANTENNADIFFAREA value defined. The library data is incomplete and some process antenna rules will not be checked correctly.
Type 'man IMPLF-201' for more detail.
**WARN: (IMPLF-201):	Pin 'Z' in macro 'SC8T_XOR2X4_CSC28L' has no ANTENNADIFFAREA value defined. The library data is incomplete and some process antenna rules will not be checked correctly.
Type 'man IMPLF-201' for more detail.
**WARN: (IMPLF-201):	Pin 'Z' in macro 'SC8T_XOR2X2_CSC28L' has no ANTENNADIFFAREA value defined. The library data is incomplete and some process antenna rules will not be checked correctly.
Type 'man IMPLF-201' for more detail.
**WARN: (IMPLF-201):	Pin 'Z' in macro 'SC8T_XOR2X1_MR_CSC28L' has no ANTENNADIFFAREA value defined. The library data is incomplete and some process antenna rules will not be checked correctly.
Type 'man IMPLF-201' for more detail.
**WARN: (IMPLF-201):	Pin 'Z' in macro 'SC8T_XOR2X1_CSC28L' has no ANTENNADIFFAREA value defined. The library data is incomplete and some process antenna rules will not be checked correctly.
Type 'man IMPLF-201' for more detail.
**WARN: (IMPLF-201):	Pin 'Z' in macro 'SC8T_XOR2X0P5_CSC28L' has no ANTENNADIFFAREA value defined. The library data is incomplete and some process antenna rules will not be checked correctly.
Type 'man IMPLF-201' for more detail.
**WARN: (IMPLF-201):	Pin 'Z' in macro 'SC8T_XNR3X8_CSC28L' has no ANTENNADIFFAREA value defined. The library data is incomplete and some process antenna rules will not be checked correctly.
Type 'man IMPLF-201' for more detail.
**WARN: (IMPLF-201):	Pin 'Z' in macro 'SC8T_XNR3X4_CSC28L' has no ANTENNADIFFAREA value defined. The library data is incomplete and some process antenna rules will not be checked correctly.
Type 'man IMPLF-201' for more detail.
**WARN: (IMPLF-201):	Pin 'Z' in macro 'SC8T_XNR3X2_CSC28L' has no ANTENNADIFFAREA value defined. The library data is incomplete and some process antenna rules will not be checked correctly.
Type 'man IMPLF-201' for more detail.
**WARN: (IMPLF-201):	Pin 'Z' in macro 'SC8T_XNR3X1_MR_CSC28L' has no ANTENNADIFFAREA value defined. The library data is incomplete and some process antenna rules will not be checked correctly.
Type 'man IMPLF-201' for more detail.
**WARN: (IMPLF-201):	Pin 'Z' in macro 'SC8T_XNR3X1_CSC28L' has no ANTENNADIFFAREA value defined. The library data is incomplete and some process antenna rules will not be checked correctly.
Type 'man IMPLF-201' for more detail.
**WARN: (IMPLF-201):	Pin 'Z' in macro 'SC8T_XNR2X8_CSC28L' has no ANTENNADIFFAREA value defined. The library data is incomplete and some process antenna rules will not be checked correctly.
Type 'man IMPLF-201' for more detail.
**WARN: (IMPLF-201):	Pin 'Z' in macro 'SC8T_XNR2X4_CSC28L' has no ANTENNADIFFAREA value defined. The library data is incomplete and some process antenna rules will not be checked correctly.
Type 'man IMPLF-201' for more detail.
**WARN: (IMPLF-201):	Pin 'Z' in macro 'SC8T_XNR2X2_CSC28L' has no ANTENNADIFFAREA value defined. The library data is incomplete and some process antenna rules will not be checked correctly.
Type 'man IMPLF-201' for more detail.
**WARN: (IMPLF-201):	Pin 'Z' in macro 'SC8T_XNR2X1_MR_CSC28L' has no ANTENNADIFFAREA value defined. The library data is incomplete and some process antenna rules will not be checked correctly.
Type 'man IMPLF-201' for more detail.
**WARN: (EMS-27):	Message (IMPLF-201) has exceeded the current message display limit of 20.
To increase the message display limit, refer to the product command reference manual.
**WARN: (IMPLF-200):	Pin 'A' in macro 'SC8T_ANTENNAX11_CSC28L' has no ANTENNAGATEAREA value defined. The library data is incomplete and some process antenna rules will not be checked correctly.
Type 'man IMPLF-200' for more detail.

##  Check design process and node:  
##  Both design process and tech node are not set.

Loading view definition file from /home/jcdavid/IL2225-Project/SiLagoNN/phy/db/part/Silago_top/viewDefinition.tcl
% Begin Load netlist data ... (date=01/03 09:21:57, mem=942.2M)
*** Begin netlist parsing (mem=1762.3M) ***
Created 959 new cells from 2 timing libraries.
Reading netlist ...
Backslashed names will retain backslash and a trailing blank character.
Reading verilogBinary netlist '/home/jcdavid/IL2225-Project/SiLagoNN/phy/db/part/Silago_top/vbin/Silago_top.v.bin'
Reading binary database version 2 in multi-threaded mode

*** Memory Usage v#1 (Current mem = 1783.320M, initial mem = 494.961M) ***
*** End netlist parsing (cpu=0:00:00.3, real=0:00:01.0, mem=1783.3M) ***
% End Load netlist data ... (date=01/03 09:21:58, total cpu=0:00:00.3, real=0:00:01.0, peak res=1066.5M, current mem=1066.5M)
Set top cell to Silago_top.
Hooked 1918 DB cells to tlib cells.
Starting recursive module instantiation check.
No recursion found.
Building hierarchical netlist for Cell Silago_top ...
*** Netlist is unique.
** info: there are 2149 modules.
** info: there are 37365 stdCell insts.

*** Memory Usage v#1 (Current mem = 1802.234M, initial mem = 494.961M) ***

Honor LEF defined pitches for advanced node
Start create_tracks
**WARN: (IMPTR-9998):	The mode setting command for route_trial is obsolete and should not be used anymore.  It still works in this release but will be removed in a future release.  You should change to use set_db route_early_global_<attr_name> to set modes for route_early_global which is the replacement tool for route_trial.
add_rings command will ignore shorts while creating rings.
add_rings command will disallow rings to go over rows.
add_rings command will consider rows while creating rings.
The ring targets are set to core/block ring wires.
**WARN: (IMPTB-413):	Option "budget_virtual_opt_engine" of the set_db command doesn't regenerate Timing Graph, if it already exists.
add_stripes will allow jog to connect padcore ring and block ring.

Stripes will not extend to closest target.
When breaking rings, the power planner will consider the existence of blocks.
add_stripes will break automatically at non-default domains when generating global stripes over the core area or default domain.
The entire stripe set will break at the domain if one of the nets is not in the domain.
Stripes will not be created over regions without power planning wires.
Offset for stripe breaking is set to 0.
Stripes will stop at the boundary of the specified area.
The power planner will set stripe antenna targets to none (no trimming allowed).

Loading LEF file /home/jcdavid/IL2225-Project/SiLagoNN/phy/db/part/Silago_top/Silago_top.lef.info.gz ...
*Info: initialize multi-corner CTS.
Starting library reading in 'Multi-threaded flow' (with '8' threads)

Threads Configured:8
Reading LIBSET_TC timing library /opt/pdk/gfip/22FDX-EXT/GF22FDX_SC8T_104CPP_BASE_CSC28L_FDK_RELV06R60/model/timing/ccs/GF22FDX_SC8T_104CPP_BASE_CSC28L_TT_0P80V_0P00V_0P00V_0P00V_25C_ccs.lib.gz.
Read 959 cells in library GF22FDX_SC8T_104CPP_BASE_CSC28L_TT_0P80V_0P00V_0P00V_0P00V_25C.
Library reading multithread flow ended.
Total number of combinational cells: 808
Total number of sequential cells: 101
Total number of tristate cells: 4
Total number of level shifter cells: 0
Total number of power gating cells: 0
Total number of isolation cells: 0
Total number of power switch cells: 0
Total number of pulse generator cells: 0
Total number of always on buffers: 0
Total number of retention cells: 0
Total number of physical cells: 46
List of usable buffers: SC8T_BUFX0P5_A_CSC28L SC8T_BUFX0P5_CSC28L SC8T_BUFX10_CSC28L SC8T_BUFX12_CSC28L SC8T_BUFX16_CSC28L SC8T_BUFX1P5_CSC28L SC8T_BUFX1_A_CSC28L SC8T_BUFX1_MR_CSC28L SC8T_BUFX1_CSC28L SC8T_BUFX20_CSC28L SC8T_BUFX24_CSC28L SC8T_BUFX2_CSC28L SC8T_BUFX3_CSC28L SC8T_BUFX4_MR_CSC28L SC8T_BUFX4_CSC28L SC8T_BUFX6_CSC28L SC8T_BUFX8_CSC28L SC8T_CKBUFX10_CSC28L SC8T_CKBUFX12_CSC28L SC8T_CKBUFX16_CSC28L SC8T_CKBUFX1_MR_CSC28L SC8T_CKBUFX1_CSC28L SC8T_CKBUFX20_CSC28L SC8T_CKBUFX24_CSC28L SC8T_CKBUFX2_CSC28L SC8T_CKBUFX4_CSC28L SC8T_CKBUFX6_CSC28L SC8T_CKBUFX8_CSC28L
Total number of usable buffers: 28
List of unusable buffers:
Total number of unusable buffers: 0
List of usable inverters: SC8T_INVX0P5_CSC28L SC8T_INVX10_CSC28L SC8T_INVX12_CSC28L SC8T_INVX16_CSC28L SC8T_INVX1P5_CSC28L SC8T_INVX1_3CPP_CSC28L SC8T_INVX1_MR_CSC28L SC8T_INVX1_CSC28L SC8T_INVX20_CSC28L SC8T_INVX24_CSC28L SC8T_INVX2_CSC28L SC8T_INVX3_CSC28L SC8T_INVX4_CSC28L SC8T_INVX6_CSC28L SC8T_INVX8_CSC28L SC8T_CKINVX10_CSC28L SC8T_CKINVX12_CSC28L SC8T_CKINVX16_CSC28L SC8T_CKINVX1_MR_CSC28L SC8T_CKINVX1_CSC28L SC8T_CKINVX20_CSC28L SC8T_CKINVX24_CSC28L SC8T_CKINVX2_CSC28L SC8T_CKINVX4_CSC28L SC8T_CKINVX6_CSC28L SC8T_CKINVX8_CSC28L
Total number of usable inverters: 26
List of unusable inverters:
Total number of unusable inverters: 0
List of identified usable delay cells: SC8T_DLY100X1_CSC28L SC8T_DLY40X1_CSC28L SC8T_DLY60X1_CSC28L SC8T_DLY80X1_CSC28L
Total number of identified usable delay cells: 4
List of identified unusable delay cells:
Total number of identified unusable delay cells: 0
Reading floorplan file - /home/jcdavid/IL2225-Project/SiLagoNN/phy/db/part/Silago_top/Silago_top.fp.gz (mem = 2123.5M).
% Begin Load floorplan data ... (date=01/03 09:23:00, mem=1316.5M)
*info: reset 41115 existing net BottomPreferredLayer and AvoidDetour
Deleting old partition specification.
Set FPlanBox to (0 0 199992 200320)

Honor LEF defined pitches for advanced node
Start create_tracks
 ... processed partition successfully.
Reading binary special route file /home/jcdavid/IL2225-Project/SiLagoNN/phy/db/part/Silago_top/Silago_top.fp.spr.gz (Created by Innovus v21.19-s058_1 on Sat Jan  3 09:17:54 2026, version: 1)
Convert 0 swires and 0 svias from compressed groups
4 swires and 0 svias were compressed
22 swires and 0 svias were decompressed from small or sparse groups
Ending "Read special route file" (total cpu=0:00:00.1, real=0:00:00.0, peak res=1318.0M, current mem=1318.0M)
Extracting standard cell pins and blockage ...... 
Pin and blockage extraction finished
Delete all existing relative floorplan constraints.
% End Load floorplan data ... (date=01/03 09:23:00, total cpu=0:00:00.3, real=0:00:00.0, peak res=1319.4M, current mem=1319.4M)
% Begin Load SymbolTable ... (date=01/03 09:23:00, mem=1319.4M)
% End Load SymbolTable ... (date=01/03 09:23:01, total cpu=0:00:00.2, real=0:00:01.0, peak res=1322.4M, current mem=1322.4M)
Loading place ...
% Begin Load placement data ... (date=01/03 09:23:01, mem=1322.4M)
Reading placement file - /home/jcdavid/IL2225-Project/SiLagoNN/phy/db/part/Silago_top/Silago_top.place.gz.
** Reading stdCellPlacement_binary (Created by Innovus v21.19-s058_1 on Sat Jan  3 09:17:55 2026, version# 1) ...
Read Views for adaptive view pruning ...
Read 0 views from Binary DB for adaptive view pruning
*** Completed restorePlace (cpu=0:00:00.0 real=0:00:00.0 mem=2124.5M) ***
Total net length = 3.250e+04 (3.204e+04 4.672e+02) (ext = 3.243e+04)
% End Load placement data ... (date=01/03 09:23:01, total cpu=0:00:00.1, real=0:00:00.0, peak res=1322.5M, current mem=1322.5M)
Reading PG file /home/jcdavid/IL2225-Project/SiLagoNN/phy/db/part/Silago_top/Silago_top.pg.gz, version#2, (Created by Innovus v21.19-s058_1 on       Sat Jan  3 09:17:55 2026)
*** Completed restorePGFile (cpu=0:00:00.0 real=0:00:00.0 mem=2121.5M) ***
% Begin Load routing data ... (date=01/03 09:23:01, mem=1322.3M)
Reading routing file - /home/jcdavid/IL2225-Project/SiLagoNN/phy/db/part/Silago_top/Silago_top.route.gz.
Reading Innovus routing data (Created by Innovus v21.19-s058_1 on Sat Jan  3 09:17:55 2026 Format: 20.1) ...
*** Total 39801 nets are successfully restored.
*** Completed restoreRoute (cpu=0:00:00.1 real=0:00:00.0 mem=2121.5M) ***
% End Load routing data ... (date=01/03 09:23:01, total cpu=0:00:00.2, real=0:00:00.0, peak res=1323.3M, current mem=1323.3M)
Reading property file /home/jcdavid/IL2225-Project/SiLagoNN/phy/db/part/Silago_top/Silago_top.prop
*** Completed restoreProperty (cpu=0:00:00.0 real=0:00:00.0 mem=2124.5M) ***
% Begin Loading timing constraints ... (date=01/03 09:23:01, mem=1323.7M)
Reading timing constraints file '/home/jcdavid/IL2225-Project/SiLagoNN/phy/db/part/Silago_top/Silago_top_AVF_RCWORST.constr.pt' ...
Current (total cpu=0:20:12, real=0:03:48, peak res=2129.7M, current mem=1614.7M)
**WARN: (TCLCMD-1602):	The clock '_INN_superClk' has been asserted with zero period (File /home/jcdavid/IL2225-Project/SiLagoNN/phy/db/part/Silago_top/Silago_top_AVF_RCWORST.constr.pt, Line 5).

**WARN: (TCLCMD-1530):	Clock '_INN_superClk' has clock waveform with rise & fall edges defined at the same time. (File /home/jcdavid/IL2225-Project/SiLagoNN/phy/db/part/Silago_top/Silago_top_AVF_RCWORST.constr.pt, Line 5).

**WARN: (TCLCMD-1142):	Virtual clock '_INN_superClk' is being created with no source objects. (File /home/jcdavid/IL2225-Project/SiLagoNN/phy/db/part/Silago_top/Silago_top_AVF_RCWORST.constr.pt, Line 5).

INFO (CTE): Reading of timing constraints file /home/jcdavid/IL2225-Project/SiLagoNN/phy/db/part/Silago_top/Silago_top_AVF_RCWORST.constr.pt completed, with 3 WARNING
Ending "Constraint file reading stats" (total cpu=0:00:00.8, real=0:00:01.0, peak res=1656.5M, current mem=1656.5M)
Current (total cpu=0:20:13, real=0:03:49, peak res=2129.7M, current mem=1656.5M)
Reading timing constraints file '/home/jcdavid/IL2225-Project/SiLagoNN/phy/db/part/Silago_top/Silago_top_AVF_RCTYP.constr.pt' ...
Current (total cpu=0:20:13, real=0:03:49, peak res=2129.7M, current mem=1656.5M)
**WARN: (TCLCMD-1602):	The clock '_INN_superClk' has been asserted with zero period (File /home/jcdavid/IL2225-Project/SiLagoNN/phy/db/part/Silago_top/Silago_top_AVF_RCTYP.constr.pt, Line 5).

**WARN: (TCLCMD-1530):	Clock '_INN_superClk' has clock waveform with rise & fall edges defined at the same time. (File /home/jcdavid/IL2225-Project/SiLagoNN/phy/db/part/Silago_top/Silago_top_AVF_RCTYP.constr.pt, Line 5).

**WARN: (TCLCMD-1142):	Virtual clock '_INN_superClk' is being created with no source objects. (File /home/jcdavid/IL2225-Project/SiLagoNN/phy/db/part/Silago_top/Silago_top_AVF_RCTYP.constr.pt, Line 5).

INFO (CTE): Reading of timing constraints file /home/jcdavid/IL2225-Project/SiLagoNN/phy/db/part/Silago_top/Silago_top_AVF_RCTYP.constr.pt completed, with 3 WARNING
Ending "Constraint file reading stats" (total cpu=0:00:00.7, real=0:00:00.0, peak res=1656.9M, current mem=1656.9M)
Current (total cpu=0:20:14, real=0:03:50, peak res=2129.7M, current mem=1656.9M)
Reading timing constraints file '/home/jcdavid/IL2225-Project/SiLagoNN/phy/db/part/Silago_top/Silago_top_AVF_RCBEST.constr.pt' ...
Current (total cpu=0:20:14, real=0:03:50, peak res=2129.7M, current mem=1656.9M)
**WARN: (TCLCMD-1602):	The clock '_INN_superClk' has been asserted with zero period (File /home/jcdavid/IL2225-Project/SiLagoNN/phy/db/part/Silago_top/Silago_top_AVF_RCBEST.constr.pt, Line 5).

**WARN: (TCLCMD-1530):	Clock '_INN_superClk' has clock waveform with rise & fall edges defined at the same time. (File /home/jcdavid/IL2225-Project/SiLagoNN/phy/db/part/Silago_top/Silago_top_AVF_RCBEST.constr.pt, Line 5).

**WARN: (TCLCMD-1142):	Virtual clock '_INN_superClk' is being created with no source objects. (File /home/jcdavid/IL2225-Project/SiLagoNN/phy/db/part/Silago_top/Silago_top_AVF_RCBEST.constr.pt, Line 5).

INFO (CTE): Reading of timing constraints file /home/jcdavid/IL2225-Project/SiLagoNN/phy/db/part/Silago_top/Silago_top_AVF_RCBEST.constr.pt completed, with 3 WARNING
Ending "Constraint file reading stats" (total cpu=0:00:00.7, real=0:00:00.0, peak res=1657.9M, current mem=1657.9M)
Current (total cpu=0:20:14, real=0:03:51, peak res=2129.7M, current mem=1657.9M)
% End Loading timing constraints ... (date=01/03 09:23:05, total cpu=0:00:03.3, real=0:00:04.0, peak res=1658.0M, current mem=1658.0M)
**WARN: (IMPIMEX-10014):	The current design data being restored: '/home/jcdavid/IL2225-Project/SiLagoNN/phy/db/part/Silago_top' has been saved with an older structure. When restoring a subset of views for this database, derate information for inactive delay corners may be inaccesible in the current session. A newer database structure allows more flexibility for change the active view list in-session. To update the current database, you need to restore the design with all views active - and then the next save will update it to the new model.
add_rings command will ignore shorts while creating rings.
add_rings command will disallow rings to go over rows.
add_rings command will consider rows while creating rings.
The ring targets are set to core/block ring wires.
add_stripes will allow jog to connect padcore ring and block ring.

Stripes will not extend to closest target.
When breaking rings, the power planner will consider the existence of blocks.
add_stripes will break automatically at non-default domains when generating global stripes over the core area or default domain.
The entire stripe set will break at the domain if one of the nets is not in the domain.
Stripes will not be created over regions without power planning wires.
Offset for stripe breaking is set to 0.
Stripes will stop at the boundary of the specified area.
The power planner will set stripe antenna targets to none (no trimming allowed).
**WARN: (IMPTB-413):	Option "budget_virtual_opt_engine" of the set_db command doesn't regenerate Timing Graph, if it already exists.
**WARN: (IMPTR-9998):	The mode setting command for route_trial is obsolete and should not be used anymore.  It still works in this release but will be removed in a future release.  You should change to use set_db route_early_global_<attr_name> to set modes for route_early_global which is the replacement tool for route_trial.
Extraction setup Started 
Initializing multi-corner RC extraction with 3 active RC Corners ...
Captable file(s) not specified in multi-corner setup. PreRoute extraction will use technology file. For post_route extraction, default value for effort level would be 'medium' and effort level 'low' would not be allowed.
Generating auto layer map file.
Importing multi-corner technology file(s) for preRoute extraction...
/home/jcdavid/IL2225-Project/SiLagoNN/phy/db/part/Silago_top/libs/mmmc/rc_worst/qrcTechFile
/home/jcdavid/IL2225-Project/SiLagoNN/phy/db/part/Silago_top/libs/mmmc/rc_best/qrcTechFile
/home/jcdavid/IL2225-Project/SiLagoNN/phy/db/part/Silago_top/libs/mmmc/rc_typ/qrcTechFile
Generating auto layer map file.
Generating auto layer map file.
Generating auto layer map file.
Completed (cpu: 0:00:16.5 real: 0:00:14.0)
Set Shrink Factor to 1.00000
Summary of Active RC-Corners : 
 
 Analysis View: AVF_RCWORST
    RC-Corner Name        : rc_worst
    RC-Corner Index       : 0
    RC-Corner Temperature : 25 Celsius
    RC-Corner Cap Table   : ''
    RC-Corner PreRoute Res Factor         : 1
    RC-Corner PreRoute Cap Factor         : 1
    RC-Corner PostRoute Res Factor        : 1 {1 1 1}
    RC-Corner PostRoute Cap Factor        : 1 {1 1 1}
    RC-Corner PostRoute XCap Factor       : 1 {1 1 1}
    RC-Corner PreRoute Clock Res Factor   : 1	[Derived from postRoute_res (effortLevel low)]
    RC-Corner PreRoute Clock Cap Factor   : 1	[Derived from postRoute_cap (effortLevel low)]
    RC-Corner PostRoute Clock Cap Factor  : 1 {1 1 1} 	[Derived from postRoute_cap (effortLevel low)]
    RC-Corner PostRoute Clock Res Factor  : 1 {1 1 1} 	[Derived from postRoute_res (effortLevel low)]
    RC-Corner PostRoute Clock coupling capacitance Factor : 1 {1 1 1} 
    RC-Corner Technology file: '/home/jcdavid/IL2225-Project/SiLagoNN/phy/db/part/Silago_top/libs/mmmc/rc_worst/qrcTechFile'
 
 Analysis View: AVF_RCBEST
    RC-Corner Name        : rc_best
    RC-Corner Index       : 1
    RC-Corner Temperature : 25 Celsius
    RC-Corner Cap Table   : ''
    RC-Corner PreRoute Res Factor         : 1
    RC-Corner PreRoute Cap Factor         : 1
    RC-Corner PostRoute Res Factor        : 1 {1 1 1}
    RC-Corner PostRoute Cap Factor        : 1 {1 1 1}
    RC-Corner PostRoute XCap Factor       : 1 {1 1 1}
    RC-Corner PreRoute Clock Res Factor   : 1	[Derived from postRoute_res (effortLevel low)]
    RC-Corner PreRoute Clock Cap Factor   : 1	[Derived from postRoute_cap (effortLevel low)]
    RC-Corner PostRoute Clock Cap Factor  : 1 {1 1 1} 	[Derived from postRoute_cap (effortLevel low)]
    RC-Corner PostRoute Clock Res Factor  : 1 {1 1 1} 	[Derived from postRoute_res (effortLevel low)]
    RC-Corner PostRoute Clock coupling capacitance Factor : 1 {1 1 1} 
    RC-Corner Technology file: '/home/jcdavid/IL2225-Project/SiLagoNN/phy/db/part/Silago_top/libs/mmmc/rc_best/qrcTechFile'
 
 Analysis View: AVF_RCTYP
    RC-Corner Name        : rc_typ
    RC-Corner Index       : 2
    RC-Corner Temperature : 25 Celsius
    RC-Corner Cap Table   : ''
    RC-Corner PreRoute Res Factor         : 1
    RC-Corner PreRoute Cap Factor         : 1
    RC-Corner PostRoute Res Factor        : 1 {1 1 1}
    RC-Corner PostRoute Cap Factor        : 1 {1 1 1}
    RC-Corner PostRoute XCap Factor       : 1 {1 1 1}
    RC-Corner PreRoute Clock Res Factor   : 1	[Derived from postRoute_res (effortLevel low)]
    RC-Corner PreRoute Clock Cap Factor   : 1	[Derived from postRoute_cap (effortLevel low)]
    RC-Corner PostRoute Clock Cap Factor  : 1 {1 1 1} 	[Derived from postRoute_cap (effortLevel low)]
    RC-Corner PostRoute Clock Res Factor  : 1 {1 1 1} 	[Derived from postRoute_res (effortLevel low)]
    RC-Corner PostRoute Clock coupling capacitance Factor : 1 {1 1 1} 
    RC-Corner Technology file: '/home/jcdavid/IL2225-Project/SiLagoNN/phy/db/part/Silago_top/libs/mmmc/rc_typ/qrcTechFile'
Updating RC grid for preRoute extraction ...
Initializing multi-corner resistance tables ...
Default value for post_route extraction mode's extract_rc_effort_level (extract_rc_effort_level option of set_db) changed to 'medium'.
Start generating vias ..
Extracting standard cell pins and blockage ...... 
Pin and blockage extraction finished
Via generation completed successfully.
Generating auto layer map file.
Initializing preRoute extraction patterns for new vias... Generating auto layer map file.
Generating auto layer map file.
Generating auto layer map file.
Completed (cpu: 0:00:05.5 real: 0:00:07.0)
% Begin Load power constraints ... (date=01/03 09:23:26, mem=1749.3M)
% End Load power constraints ... (date=01/03 09:23:26, total cpu=0:00:00.1, real=0:00:00.0, peak res=1749.3M, current mem=1749.3M)
% Begin load AAE data ... (date=01/03 09:23:26, mem=1749.3M)
**WARN: (IMPESI-621):	Timing window restoration data eosdb.dat not found. PBA-SI results may not match in save/restore flow.
% End load AAE data ... (date=01/03 09:23:26, total cpu=0:00:00.1, real=0:00:00.0, peak res=1749.4M, current mem=1749.4M)
Total number of combinational cells: 808
Total number of sequential cells: 101
Total number of tristate cells: 4
Total number of level shifter cells: 0
Total number of power gating cells: 0
Total number of isolation cells: 0
Total number of power switch cells: 0
Total number of pulse generator cells: 0
Total number of always on buffers: 0
Total number of retention cells: 0
Total number of physical cells: 46
List of usable buffers: SC8T_BUFX0P5_A_CSC28L SC8T_BUFX0P5_CSC28L SC8T_BUFX10_CSC28L SC8T_BUFX12_CSC28L SC8T_BUFX16_CSC28L SC8T_BUFX1P5_CSC28L SC8T_BUFX1_A_CSC28L SC8T_BUFX1_MR_CSC28L SC8T_BUFX1_CSC28L SC8T_BUFX20_CSC28L SC8T_BUFX24_CSC28L SC8T_BUFX2_CSC28L SC8T_BUFX3_CSC28L SC8T_BUFX4_MR_CSC28L SC8T_BUFX4_CSC28L SC8T_BUFX6_CSC28L SC8T_BUFX8_CSC28L SC8T_CKBUFX10_CSC28L SC8T_CKBUFX12_CSC28L SC8T_CKBUFX16_CSC28L SC8T_CKBUFX1_MR_CSC28L SC8T_CKBUFX1_CSC28L SC8T_CKBUFX20_CSC28L SC8T_CKBUFX24_CSC28L SC8T_CKBUFX2_CSC28L SC8T_CKBUFX4_CSC28L SC8T_CKBUFX6_CSC28L SC8T_CKBUFX8_CSC28L
Total number of usable buffers: 28
List of unusable buffers:
Total number of unusable buffers: 0
List of usable inverters: SC8T_INVX0P5_CSC28L SC8T_INVX10_CSC28L SC8T_INVX12_CSC28L SC8T_INVX16_CSC28L SC8T_INVX1P5_CSC28L SC8T_INVX1_3CPP_CSC28L SC8T_INVX1_MR_CSC28L SC8T_INVX1_CSC28L SC8T_INVX20_CSC28L SC8T_INVX24_CSC28L SC8T_INVX2_CSC28L SC8T_INVX3_CSC28L SC8T_INVX4_CSC28L SC8T_INVX6_CSC28L SC8T_INVX8_CSC28L SC8T_CKINVX10_CSC28L SC8T_CKINVX12_CSC28L SC8T_CKINVX16_CSC28L SC8T_CKINVX1_MR_CSC28L SC8T_CKINVX1_CSC28L SC8T_CKINVX20_CSC28L SC8T_CKINVX24_CSC28L SC8T_CKINVX2_CSC28L SC8T_CKINVX4_CSC28L SC8T_CKINVX6_CSC28L SC8T_CKINVX8_CSC28L
Total number of usable inverters: 26
List of unusable inverters:
Total number of unusable inverters: 0
List of identified usable delay cells: SC8T_DLY100X1_CSC28L SC8T_DLY40X1_CSC28L SC8T_DLY60X1_CSC28L SC8T_DLY80X1_CSC28L
Total number of identified usable delay cells: 4
List of identified unusable delay cells:
Total number of identified unusable delay cells: 0
#% End load design ... (date=01/03 09:23:26, total cpu=0:20:16, real=0:03:52, peak res=2203.7M, current mem=1747.5M)

*** Summary of all messages that are not suppressed in this session:
Severity  ID               Count  Summary                                  
WARNING   IMPLF-200            1  Pin '%s' in macro '%s' has no ANTENNAGAT...
WARNING   IMPLF-201          944  Pin '%s' in macro '%s' has no ANTENNADIF...
WARNING   IMPLF-378            6  The spacing for cell edge type '%s' and ...
WARNING   IMPESI-621           1  Timing window restoration data eosdb.dat...
WARNING   IMPTB-413            2  Option "%s" of the set_db command doesn'...
WARNING   IMPTR-9998           2  The mode setting command for route_trial...
WARNING   NRFL-374             6  %s spacing table is not monotonically in...
WARNING   IMPIMEX-10014        1  The current design data being restored: ...
WARNING   TCLCMD-1142          3  Virtual clock '%s' is being created with...
WARNING   TCLCMD-1530          3  Clock '%s' has clock waveform with rise ...
WARNING   TCLCMD-1602          3  The clock '%s' has been asserted with ze...
WARNING   TECHLIB-302        141  No function defined for cell '%s'. The c...
*** Message Summary: 1113 warning(s), 0 error(s)

@file 5:
@@file 6: place_design
*** placeDesign #1 [begin] : totSession cpu/real = 0:20:38.0/0:04:12.1 (4.9), mem = 2494.4M
*** Starting place_design default flow ***
*** Start delete_buffer_trees ***
Multithreaded Timing Analysis is initialized with 8 threads

Info: Detect buffers to remove automatically.
Analyzing netlist ...
Updating netlist

*summary: 914 instances (buffers/inverters) removed
*** Finish delete_buffer_trees (0:00:04.2) ***
**INFO: Enable pre-place timing setting for timing analysis
Set Using Default Delay Limit as 101.
**WARN: (IMPDC-1629):	The default delay limit was set to 101. This is less than the default of 1000 and may result in inaccurate delay calculation for nets with a fanout higher than the setting.  If needed, the default delay limit may be adjusted by running the command 'set delaycal_use_default_delay_limit'.
Set Default Net Delay as 0 ps.
Set Default Net Load as 0 pF. 
Set Default Input Pin Transition as 1 ps.
**INFO: Analyzing IO path groups for slack adjustment
Effort level <high> specified for reg2reg_tmp.984338 path_group
AAE_INFO: opIsDesignInPostRouteState() is 0
AAE DB initialization (MEM=2740.97 CPU=0:00:00.1 REAL=0:00:00.0) 
#################################################################################
# Design Stage: PreRoute
# Design Name: Silago_top
# Design Mode: 90nm
# Analysis Mode: MMMC Non-OCV 
# Parasitics Mode: No SPEF/RCDB 
# Signoff Settings: SI Off 
#################################################################################
Calculate delays in BcWc mode...
Start delay calculation (fullDC) (8 T). (MEM=2752.98)
Total number of fetched objects 38929
AAE_INFO: Total number of nets for which stage creation was skipped for all views 0
End delay calculation. (MEM=3384.6 CPU=0:00:14.1 REAL=0:00:02.0)
End delay calculation (fullDC). (MEM=3384.6 CPU=0:00:19.2 REAL=0:00:17.0)
**INFO: Disable pre-place timing setting for timing analysis
Set Using Default Delay Limit as 1000.
Set Default Net Delay as 1000 ps.
Set Default Input Pin Transition as 0.1 ps.
Set Default Net Load as 0.5 pF. 
**INFO: Pre-place timing setting for timing analysis already disabled
Deleted 0 physical inst  (cell - / prefix -).
INFO: #ExclusiveGroups=0
INFO: There are no Exclusive Groups.
*** Starting "NanoPlace(TM) placement v#2 (mem=3311.1M)" ...
*** Build Buffered Sizing Timing Model
(cpu=0:00:21.5 mem=3383.1M) ***
*** Build Virtual Sizing Timing Model
(cpu=0:00:23.5 mem=3383.1M) ***
No user-set net weight.
Net fanout histogram:
2		: 25375 (65.3%) nets
3		: 5703 (14.7%) nets
4     -	14	: 6512 (16.8%) nets
15    -	39	: 1051 (2.7%) nets
40    -	79	: 176 (0.5%) nets
80    -	159	: 18 (0.0%) nets
160   -	319	: 13 (0.0%) nets
320   -	639	: 0 (0.0%) nets
640   -	1279	: 0 (0.0%) nets
1280  -	2559	: 0 (0.0%) nets
2560  -	5119	: 2 (0.0%) nets
5120+		: 0 (0.0%) nets
Options: timingDriven clkGateAware ignoreScan pinGuide congEffort=auto gpeffort=medium 
Scan chains were not defined.
#std cell=36483 (0 fixed + 36483 movable) #buf cell=181 #inv cell=4495 #block=0 (0 floating + 0 preplaced)
#ioInst=0 #net=38850 #term=151295 #term/net=3.89, #fixedIo=0, #floatIo=0, #fixedPin=2012, #floatPin=0
stdCell: 36483 single + 0 double + 0 multi
Total standard cell length = 34.6327 (mm), area = 0.0222 (mm^2)
Estimated cell power/ground rail width = 0.090 um

**Info: (IMPSP-2062): Some of the PG shapes may not be colorized properly in this design, users are required to run command colorizePowerMesh before any placement related commands!

**Info: (IMPSP-2062): Some of the PG shapes may not be colorized properly in this design, users are required to run command colorizePowerMesh before any placement related commands!
Average module density = 0.553.
Density for the design = 0.553.
       = stdcell_area 333007 sites (22165 um^2) / alloc_area 601899 sites (40062 um^2).
Pin Density = 0.2514.
            = total # of pins 151295 / total area 601899.
Identified 18 spare or floating instances, with no clusters.
Enabling multi-CPU acceleration with 8 CPU(s) for placement
=== lastAutoLevel = 10 
Clock gating cells determined by native netlist tracing.
Iteration  1: Total net bbox = 3.031e+05 (1.06e+05 1.97e+05)
              Est.  stn bbox = 3.416e+05 (1.38e+05 2.04e+05)
              cpu = 0:00:01.0 real = 0:00:01.0 mem = 3941.2M
Iteration  2: Total net bbox = 3.031e+05 (1.06e+05 1.97e+05)
              Est.  stn bbox = 3.416e+05 (1.38e+05 2.04e+05)
              cpu = 0:00:00.0 real = 0:00:00.0 mem = 3942.2M
Iteration  3: Total net bbox = 2.643e+05 (9.10e+04 1.73e+05)
              Est.  stn bbox = 3.143e+05 (1.27e+05 1.87e+05)
              cpu = 0:00:06.7 real = 0:00:01.0 mem = 4232.5M
Active setup views:
    AVF_RCWORST
Iteration  4: Total net bbox = 3.719e+05 (1.79e+05 1.92e+05)
              Est.  stn bbox = 4.461e+05 (2.31e+05 2.16e+05)
              cpu = 0:00:15.5 real = 0:00:04.0 mem = 4232.4M
Iteration  5: Total net bbox = 4.435e+05 (2.00e+05 2.43e+05)
              Est.  stn bbox = 5.474e+05 (2.65e+05 2.82e+05)
              cpu = 0:00:19.8 real = 0:00:03.0 mem = 4232.3M
Iteration  6: Total net bbox = 4.712e+05 (2.10e+05 2.62e+05)
              Est.  stn bbox = 5.882e+05 (2.82e+05 3.06e+05)
              cpu = 0:00:22.5 real = 0:00:04.0 mem = 4379.7M

Iteration  7: Total net bbox = 4.834e+05 (2.21e+05 2.62e+05)
              Est.  stn bbox = 6.005e+05 (2.93e+05 3.07e+05)
              cpu = 0:00:01.6 real = 0:00:01.0 mem = 4209.1M
Iteration  8: Total net bbox = 4.836e+05 (2.21e+05 2.62e+05)
              Est.  stn bbox = 6.009e+05 (2.94e+05 3.07e+05)
              cpu = 0:00:36.2 real = 0:00:21.0 mem = 4177.1M
Iteration  9: Total net bbox = 4.944e+05 (2.27e+05 2.67e+05)
              Est.  stn bbox = 6.179e+05 (3.03e+05 3.15e+05)
              cpu = 0:00:27.4 real = 0:00:06.0 mem = 4209.1M
Iteration 10: Total net bbox = 4.944e+05 (2.27e+05 2.67e+05)
              Est.  stn bbox = 6.179e+05 (3.03e+05 3.15e+05)
              cpu = 0:00:31.5 real = 0:00:20.0 mem = 4177.1M
Iteration 11: Total net bbox = 4.955e+05 (2.26e+05 2.69e+05)
              Est.  stn bbox = 6.198e+05 (3.03e+05 3.17e+05)
              cpu = 0:00:19.0 real = 0:00:04.0 mem = 4209.1M
Iteration 12: Total net bbox = 4.955e+05 (2.26e+05 2.69e+05)
              Est.  stn bbox = 6.198e+05 (3.03e+05 3.17e+05)
              cpu = 0:00:32.6 real = 0:00:20.0 mem = 4177.1M
Iteration 13: Total net bbox = 5.084e+05 (2.31e+05 2.78e+05)
              Est.  stn bbox = 6.328e+05 (3.07e+05 3.26e+05)
              cpu = 0:00:27.4 real = 0:00:05.0 mem = 4209.1M
Iteration 14: Total net bbox = 5.084e+05 (2.31e+05 2.78e+05)
              Est.  stn bbox = 6.328e+05 (3.07e+05 3.26e+05)
              cpu = 0:00:00.1 real = 0:00:00.0 mem = 4209.1M
Iteration 15: Total net bbox = 5.084e+05 (2.31e+05 2.78e+05)
              Est.  stn bbox = 6.328e+05 (3.07e+05 3.26e+05)
              cpu = 0:00:00.1 real = 0:00:00.0 mem = 4209.1M
*** cost = 5.084e+05 (2.31e+05 2.78e+05) (cpu for global=0:04:08) real=0:01:32***
Placement multithread real runtime: 0:01:32 with 8 threads.
Info: 185 clock gating cells identified, 0 (on average) moved 0/7
Solver runtime cpu: 0:02:09 real: 0:00:20.7
Core Placement runtime cpu: 0:02:19 real: 0:00:27.0
**WARN: (IMPSP-9025):	No scan chain specified/traced.
Type 'man IMPSP-9025' for more detail.

**Info: (IMPSP-2062): Some of the PG shapes may not be colorized properly in this design, users are required to run command colorizePowerMesh before any placement related commands!
*** Starting place_detail (0:26:04 mem=4145.1M) ***
Total net bbox length = 5.084e+05 (2.308e+05 2.776e+05) (ext = 1.468e+05)

**Info: (IMPSP-2062): Some of the PG shapes may not be colorized properly in this design, users are required to run command colorizePowerMesh before any placement related commands!
Move report: Detail placement moves 36471 insts, mean move: 0.36 um, max move: 26.21 um 
	Max move on inst (SILEGO_cell/MTRF_cell/reg_top/RegisterFile/U3401): (48.14, 44.25) --> (74.26, 44.16)
	Runtime: CPU: 0:00:10.1 REAL: 0:00:04.0 MEM: 4241.1MB
Summary Report:
Instances move: 36471 (out of 36483 movable)
Instances flipped: 11
Mean displacement: 0.36 um
Max displacement: 26.21 um (Instance: SILEGO_cell/MTRF_cell/reg_top/RegisterFile/U3401) (48.138, 44.251) -> (74.256, 44.16)
	Length: 2 sites, height: 1 rows, site name: SC8T_104CPP_CMOS22FDX, cell type: SC8T_INVX0P5_CSC28L
Total net bbox length = 4.952e+05 (2.179e+05 2.772e+05) (ext = 1.464e+05)
Runtime: CPU: 0:00:10.2 REAL: 0:00:04.0 MEM: 4241.1MB
*** Finished place_detail (0:26:14 mem=4241.1M) ***
*** End of Placement (cpu=0:05:01, real=0:02:11, mem=4103.1M) ***

**Info: (IMPSP-2062): Some of the PG shapes may not be colorized properly in this design, users are required to run command colorizePowerMesh before any placement related commands!
default core: bins with density > 0.750 =  3.22 % ( 33 / 1024 )
Density distribution unevenness ratio = 9.645%
*** Free Virtual Timing Model ...(mem=4103.1M)
UM:   flow.cputime  flow.realtime  timing.setup.tns  timing.setup.wns  snapshot
UM:*                                                                   final
      flow.cputime  flow.realtime  timing.setup.tns  timing.setup.wns  snapshot
UM:*                                                                   global_place
**INFO: Enable pre-place timing setting for timing analysis
Set Using Default Delay Limit as 101.
**WARN: (IMPDC-1629):	The default delay limit was set to 101. This is less than the default of 1000 and may result in inaccurate delay calculation for nets with a fanout higher than the setting.  If needed, the default delay limit may be adjusted by running the command 'set delaycal_use_default_delay_limit'.
Set Default Net Delay as 0 ps.
Set Default Net Load as 0 pF. 
**INFO: Analyzing IO path groups for slack adjustment
Effort level <high> specified for reg2reg_tmp.984338 path_group
AAE_INFO: opIsDesignInPostRouteState() is 0
#################################################################################
# Design Stage: PreRoute
# Design Name: Silago_top
# Design Mode: 90nm
# Analysis Mode: MMMC Non-OCV 
# Parasitics Mode: No SPEF/RCDB 
# Signoff Settings: SI Off 
#################################################################################
Calculate delays in BcWc mode...
Start delay calculation (fullDC) (8 T). (MEM=4091.63)
Total number of fetched objects 38929
AAE_INFO: Total number of nets for which stage creation was skipped for all views 0
End delay calculation. (MEM=4422.55 CPU=0:00:14.1 REAL=0:00:02.0)
End delay calculation (fullDC). (MEM=4422.55 CPU=0:00:16.1 REAL=0:00:03.0)
**INFO: Disable pre-place timing setting for timing analysis
Set Using Default Delay Limit as 1000.
Set Default Net Delay as 1000 ps.
Set Default Net Load as 0.5 pF. 
Info: Disable timing driven in postCTS congRepair.

Starting congRepair ...
[NR-eGR] Track table information for default rule: 
[NR-eGR] M1 has single uniform track structure
[NR-eGR] M2 has single uniform track structure
[NR-eGR] C1 has single uniform track structure
[NR-eGR] C2 has single uniform track structure
[NR-eGR] C3 has single uniform track structure
[NR-eGR] C4 has single uniform track structure
[NR-eGR] BA has single uniform track structure
[NR-eGR] BB has single uniform track structure
[NR-eGR] JA has single uniform track structure
[NR-eGR] JB has single uniform track structure
[NR-eGR] LB has single uniform track structure
[NR-eGR] Read 20 PG shapes
[NR-eGR] Read 0 clock shapes
[NR-eGR] Read 0 other shapes
[NR-eGR] #Routing Blockages  : 30
[NR-eGR] #Instance Blockages : 100887
[NR-eGR] #PG Blockages       : 20
[NR-eGR] #Halo Blockages     : 0
[NR-eGR] #Boundary Blockages : 0
[NR-eGR] #Clock Blockages    : 0
[NR-eGR] #Other Blockages    : 0
[NR-eGR] Num Prerouted Nets = 0  Num Prerouted Wires = 0
[NR-eGR] Read 38850 nets ( ignored 0 )
[NR-eGR] There are 186 clock nets ( 0 with NDR ).
[NR-eGR] ============ Routing rule table ============
[NR-eGR] Rule id: 0  Nets: 38850
[NR-eGR] ========================================
[NR-eGR] 
[NR-eGR] Layer group 1: route 38850 net(s) in layer range [2, 11]
[NR-eGR] Early Global Route overflow of layer group 1: 0.42% H + 1.08% V. EstWL: 5.789203e+05um
[NR-eGR] Congestion Analysis By layer: (blocked Gcells are excluded) 
[NR-eGR]                        OverCon           OverCon           OverCon            
[NR-eGR]                         #Gcell            #Gcell            #Gcell     %Gcell
[NR-eGR]        Layer             (1-4)             (5-8)               (9)    OverCon
[NR-eGR] --------------------------------------------------------------------------------
[NR-eGR]      M1 ( 1)         0( 0.00%)         0( 0.00%)         0( 0.00%)   ( 0.00%) 
[NR-eGR]      M2 ( 2)      1086( 1.11%)         0( 0.00%)         0( 0.00%)   ( 1.11%) 
[NR-eGR]      C1 ( 3)      1556( 1.59%)         0( 0.00%)         0( 0.00%)   ( 1.59%) 
[NR-eGR]      C2 ( 4)        84( 0.09%)         6( 0.01%)         0( 0.00%)   ( 0.09%) 
[NR-eGR]      C3 ( 5)       512( 0.52%)         7( 0.01%)         0( 0.00%)   ( 0.53%) 
[NR-eGR]      C4 ( 6)       132( 0.14%)        14( 0.01%)         1( 0.00%)   ( 0.15%) 
[NR-eGR]      BA ( 7)       109( 0.11%)         0( 0.00%)         0( 0.00%)   ( 0.11%) 
[NR-eGR]      BB ( 8)        45( 0.05%)        14( 0.01%)         0( 0.00%)   ( 0.06%) 
[NR-eGR]      JA ( 9)         0( 0.00%)         0( 0.00%)         0( 0.00%)   ( 0.00%) 
[NR-eGR]      JB (10)         0( 0.00%)         0( 0.00%)         0( 0.00%)   ( 0.00%) 
[NR-eGR]      LB (11)         0( 0.00%)         0( 0.00%)         0( 0.00%)   ( 0.00%) 
[NR-eGR] --------------------------------------------------------------------------------
[NR-eGR]        Total      3524( 0.47%)        41( 0.01%)         1( 0.00%)   ( 0.47%) 
[NR-eGR] 
[NR-eGR] Overflow after Early Global Route 0.08% H + 0.29% V
Early Global Route congestion estimation runtime: 2.36 seconds, mem = 3945.0M
Local HotSpot Analysis: normalized max congestion hotspot area = 13.25, normalized total congestion hotspot area = 24.26 (area is in unit of 4 std-cell row bins)

=== incrementalPlace Internal Loop 1 ===

**Info: (IMPSP-2062): Some of the PG shapes may not be colorized properly in this design, users are required to run command colorizePowerMesh before any placement related commands!
Iteration  9: Total net bbox = 3.587e+05 (1.58e+05 2.01e+05)
              Est.  stn bbox = 4.569e+05 (2.23e+05 2.34e+05)
              cpu = 0:00:03.0 real = 0:00:01.0 mem = 4343.7M
Iteration 10: Total net bbox = 4.852e+05 (2.14e+05 2.71e+05)
              Est.  stn bbox = 6.087e+05 (2.90e+05 3.19e+05)
              cpu = 0:00:19.6 real = 0:00:04.0 mem = 4398.9M
Iteration 11: Total net bbox = 4.929e+05 (2.18e+05 2.75e+05)
              Est.  stn bbox = 6.167e+05 (2.94e+05 3.23e+05)
              cpu = 0:00:34.6 real = 0:00:06.0 mem = 4535.9M
Iteration 12: Total net bbox = 4.918e+05 (2.17e+05 2.75e+05)
              Est.  stn bbox = 6.155e+05 (2.93e+05 3.23e+05)
              cpu = 0:00:06.4 real = 0:00:01.0 mem = 4541.0M
Move report: Congestion Driven Placement moves 36483 insts, mean move: 1.10 um, max move: 5.83 um 
	Max move on inst (SILEGO_cell/MTRF_cell/seq_gen/U4407): (116.48, 125.44) --> (119.14, 128.61)

Finished Incremental Placement (cpu=0:01:10, real=0:00:14.0, mem=4285.0M)

**Info: (IMPSP-2062): Some of the PG shapes may not be colorized properly in this design, users are required to run command colorizePowerMesh before any placement related commands!
*** Starting place_detail (0:27:59 mem=4285.0M) ***
Total net bbox length = 5.039e+05 (2.285e+05 2.754e+05) (ext = 1.472e+05)

**Info: (IMPSP-2062): Some of the PG shapes may not be colorized properly in this design, users are required to run command colorizePowerMesh before any placement related commands!
Move report: Detail placement moves 36476 insts, mean move: 0.19 um, max move: 19.89 um 
	Max move on inst (SILEGO_cell/MTRF_cell/reg_top/RegisterFile/U3413): (43.26, 44.14) --> (63.13, 44.16)
	Runtime: CPU: 0:00:08.4 REAL: 0:00:03.0 MEM: 4253.0MB
Summary Report:
Instances move: 36476 (out of 36483 movable)
Instances flipped: 6
Mean displacement: 0.19 um
Max displacement: 19.89 um (Instance: SILEGO_cell/MTRF_cell/reg_top/RegisterFile/U3413) (43.259, 44.142) -> (63.128, 44.16)
	Length: 2 sites, height: 1 rows, site name: SC8T_104CPP_CMOS22FDX, cell type: SC8T_INVX0P5_CSC28L
Total net bbox length = 4.909e+05 (2.155e+05 2.754e+05) (ext = 1.467e+05)
Runtime: CPU: 0:00:08.5 REAL: 0:00:03.0 MEM: 4253.0MB
*** Finished place_detail (0:28:07 mem=4253.0M) ***
[NR-eGR] Track table information for default rule: 
[NR-eGR] M1 has single uniform track structure
[NR-eGR] M2 has single uniform track structure
[NR-eGR] C1 has single uniform track structure
[NR-eGR] C2 has single uniform track structure
[NR-eGR] C3 has single uniform track structure
[NR-eGR] C4 has single uniform track structure
[NR-eGR] BA has single uniform track structure
[NR-eGR] BB has single uniform track structure
[NR-eGR] JA has single uniform track structure
[NR-eGR] JB has single uniform track structure
[NR-eGR] LB has single uniform track structure
[NR-eGR] Read 20 PG shapes
[NR-eGR] Read 0 clock shapes
[NR-eGR] Read 0 other shapes
[NR-eGR] #Routing Blockages  : 30
[NR-eGR] #Instance Blockages : 100887
[NR-eGR] #PG Blockages       : 20
[NR-eGR] #Halo Blockages     : 0
[NR-eGR] #Boundary Blockages : 0
[NR-eGR] #Clock Blockages    : 0
[NR-eGR] #Other Blockages    : 0
[NR-eGR] Num Prerouted Nets = 0  Num Prerouted Wires = 0
[NR-eGR] Read 38850 nets ( ignored 0 )
[NR-eGR] There are 186 clock nets ( 0 with NDR ).
[NR-eGR] ============ Routing rule table ============
[NR-eGR] Rule id: 0  Nets: 38850
[NR-eGR] ========================================
[NR-eGR] 
[NR-eGR] Layer group 1: route 38850 net(s) in layer range [2, 11]
[NR-eGR] Early Global Route overflow of layer group 1: 0.36% H + 0.69% V. EstWL: 5.729741e+05um
[NR-eGR] Congestion Analysis By layer: (blocked Gcells are excluded) 
[NR-eGR]                        OverCon           OverCon           OverCon            
[NR-eGR]                         #Gcell            #Gcell            #Gcell     %Gcell
[NR-eGR]        Layer             (1-4)             (5-8)            (9-10)    OverCon
[NR-eGR] --------------------------------------------------------------------------------
[NR-eGR]      M1 ( 1)         0( 0.00%)         0( 0.00%)         0( 0.00%)   ( 0.00%) 
[NR-eGR]      M2 ( 2)      1314( 1.35%)         0( 0.00%)         0( 0.00%)   ( 1.35%) 
[NR-eGR]      C1 ( 3)      1343( 1.38%)         0( 0.00%)         0( 0.00%)   ( 1.38%) 
[NR-eGR]      C2 ( 4)       103( 0.11%)         4( 0.00%)         0( 0.00%)   ( 0.11%) 
[NR-eGR]      C3 ( 5)       357( 0.37%)         6( 0.01%)         0( 0.00%)   ( 0.37%) 
[NR-eGR]      C4 ( 6)       113( 0.12%)        18( 0.02%)         3( 0.00%)   ( 0.14%) 
[NR-eGR]      BA ( 7)        68( 0.07%)         2( 0.00%)         0( 0.00%)   ( 0.07%) 
[NR-eGR]      BB ( 8)        44( 0.05%)        13( 0.01%)         0( 0.00%)   ( 0.06%) 
[NR-eGR]      JA ( 9)         0( 0.00%)         0( 0.00%)         0( 0.00%)   ( 0.00%) 
[NR-eGR]      JB (10)         0( 0.00%)         0( 0.00%)         0( 0.00%)   ( 0.00%) 
[NR-eGR]      LB (11)         0( 0.00%)         0( 0.00%)         0( 0.00%)   ( 0.00%) 
[NR-eGR] --------------------------------------------------------------------------------
[NR-eGR]        Total      3342( 0.44%)        43( 0.01%)         3( 0.00%)   ( 0.45%) 
[NR-eGR] 
[NR-eGR] Overflow after Early Global Route 0.09% H + 0.17% V
Early Global Route congestion estimation runtime: 1.89 seconds, mem = 4118.4M
Local HotSpot Analysis: normalized max congestion hotspot area = 4.72, normalized total congestion hotspot area = 12.07 (area is in unit of 4 std-cell row bins)
[NR-eGR]             Length (um)    Vias 
[NR-eGR] --------------------------------
[NR-eGR]  M1  (1V)             0  111343 
[NR-eGR]  M2  (2H)         69575  218708 
[NR-eGR]  C1  (3V)        156514   58664 
[NR-eGR]  C2  (4H)        105608   22230 
[NR-eGR]  C3  (5V)        126111   10801 
[NR-eGR]  C4  (6H)         67666    2729 
[NR-eGR]  BA  (7V)         43693    1578 
[NR-eGR]  BB  (8H)         19793      84 
[NR-eGR]  JA  (9V)            81       0 
[NR-eGR]  JB  (10H)            0       0 
[NR-eGR]  LB  (11V)            0       0 
[NR-eGR] --------------------------------
[NR-eGR]      Total       589041  426137 
[NR-eGR] --------------------------------------------------------------------------
[NR-eGR] Total half perimeter of net bounding box: 490898um
[NR-eGR] Total length: 589041um, number of vias: 426137
[NR-eGR] --------------------------------------------------------------------------
[NR-eGR] Total eGR-routed clock nets wire length: 11300um, number of vias: 12874
[NR-eGR] --------------------------------------------------------------------------
Early Global Route wiring runtime: 0.39 seconds, mem = 4108.4M
Tdgp not successfully inited but do clear! skip clearing
End of congRepair (cpu=0:01:31, real=0:00:22.0)
*** Finishing place_design default flow ***
***** Total cpu  0:7:36
***** Total real time  0:3:21
**place_design ... cpu = 0: 7:36, real = 0: 3:21, mem = 4067.4M **
Tdgp not successfully inited but do clear! skip clearing

*** Summary of all messages that are not suppressed in this session:
Severity  ID               Count  Summary                                  
WARNING   IMPDC-1629           2  The default delay limit was set to %d. T...
WARNING   IMPSP-9025           1  No scan chain specified/traced.          
WARNING   NRDB-733             2  %s %s in %s %s does not have a physical ...
WARNING   NRFL-374             6  %s spacing table is not monotonically in...
*** Message Summary: 11 warning(s), 0 error(s)

      flow.cputime  flow.realtime  timing.setup.tns  timing.setup.wns  snapshot
UM:*                                                                   final
UM: Running design category ...
------------------------------------------------------------
	Current design flip-flop statistics

Single-Bit FF Count          :         5064
Multi-Bit FF Count           :            0
Total Bit Count              :         5064
Total FF Count               :         5064
Bits Per Flop                :        1.000
Total Clock Pin Cap(FF)      :     3125.230
Multibit Conversion Ratio(%) :         0.00
------------------------------------------------------------
------------------------------------------------------------
            Multi-bit cell usage statistics

------------------------------------------------------------
============================================================
Sequential Multibit cells usage statistics
------------------------------------------------------------
            Not Merged-bits         Merged-bits     Multibit Conversion %     Bits Per Flop
------------------------------------------------------------
-FlipFlops             5064                    0        0.00                    1.00
------------------------------------------------------------

------------------------------------------------------------
Seq_Mbit libcell              Bitwidth        Count
------------------------------------------------------------
Total 0
============================================================
------------------------------------------------------------
Category            Num of Insts Rejected     Reasons
------------------------------------------------------------
------------------------------------------------------------
      flow.cputime  flow.realtime  timing.setup.tns  timing.setup.wns  snapshot
UM:        1696.67            456                                      place_design
*** placeDesign #1 [finish] : cpu/real = 0:07:38.7/0:03:23.8 (2.3), totSession cpu/real = 0:28:16.7/0:07:35.9 (3.7), mem = 4067.4M
@@file 7: ccopt_design
#% Begin ccopt_design (date=01/03 09:26:50, mem=2395.0M)
*** ccopt_design #1 [begin] : totSession cpu/real = 0:28:16.8/0:07:36.0 (3.7), mem = 4067.4M
Runtime...
**INFO: User's settings:
delaycal_default_net_delay                               1000ps
delaycal_default_net_load                                0.5pf
delaycal_ignore_net_load                                 false
delaycal_input_transition_delay                          0.1ps
delaycal_use_default_delay_limit                         1000
setAnalysisMode -cts                                     postCTS
setAnalysisMode -virtualIPO                              false
setDelayCalMode -engine                                  aae
extract_rc_engine                                        pre_route
opt_preserve_all_sequential                              true
place_detail_dpt_flow                                    true
route_design_extract_third_party_compatible              false
setActiveLogicViewMode -keepHighFanoutCriticalInsts      false
getAnalysisMode -cts                                     postCTS
getAnalysisMode -virtualIPO                              false
getDelayCalMode -engine                                  aae
getIlmMode -keepHighFanoutCriticalInsts                  false
getAnalysisMode -cts                                     postCTS
getAnalysisMode -virtualIPO                              false
(ccopt_design): CTS Engine: auto. Used Spec: CCOPT spec from create_ccopt_clock_tree_spec.
(ccopt_design): create_ccopt_clock_tree_spec
Creating clock tree spec for modes (timing configs): functional_AVF_RCWORST functional functional_AVF_RCTYP
cts_spec_config_create_generator_skew_groups=true: create_clock_tree_spec will generate skew groups with a name prefix of "_clock_gen" to balance clock generator connected flops with the clock generator they drive.
Reset timing graph...
Ignoring AAE DB Resetting ...
Reset timing graph done.
Ignoring AAE DB Resetting ...
Analyzing clock structure...
Analyzing clock structure done.
Reset timing graph...
Ignoring AAE DB Resetting ...
Reset timing graph done.
Extracting original clock gating for clk...
  clock_tree clk contains 5064 sinks and 0 clock gates.
Extracting original clock gating for clk done.
The skew group clk/functional_AVF_RCWORST was created. It contains 5064 sinks and 1 sources.
The skew group clk/functional was created. It contains 5064 sinks and 1 sources.
The skew group clk/functional_AVF_RCTYP was created. It contains 5064 sinks and 1 sources.
Checking clock tree convergence...
Checking clock tree convergence done.
Placement constraints of type 'region' or 'fence' will not be downgraded to 'guide' because the attribute cts_change_fences_to_guides has been set to false.
Set place::cacheFPlanSiteMark to 1
'setDesignMode -flowEffort standard' => 'setOptMode -usefulSkewCCOpt standard' 
Using CCOpt effort standard.
CCOpt::Phase::Initialization...
Check Prerequisites...
Leaving CCOpt scope - CheckPlace...

**Info: (IMPSP-2062): Some of the PG shapes may not be colorized properly in this design, users are required to run command colorizePowerMesh before any placement related commands!
Begin checking placement ... (start mem=4089.8M, init mem=4089.8M)
*info: Placed = 36483         
*info: Unplaced = 0           
Placement Density:55.33%(22165/40062)
Placement Density (including fixed std cells):55.33%(22165/40062)
Finished check_place (total: cpu=0:00:00.9, real=0:00:00.0; vio checks: cpu=0:00:00.7, real=0:00:00.0; mem=4057.8M)
Leaving CCOpt scope - CheckPlace done. (took cpu=0:00:00.9 real=0:00:00.4)
Innovus will update I/O latencies
Found 0 ideal nets, 0 pins with transition annotations, 0 instances with delay annotations, 0 nets with delay annotations, refer to logv for details.

Check Prerequisites done. (took cpu=0:00:00.9 real=0:00:00.4)
      flow.cputime  flow.realtime  timing.setup.tns  timing.setup.wns  snapshot
UM:*                                                                   Check Prerequisites
CCOpt::Phase::Initialization done. (took cpu=0:00:01.1 real=0:00:00.6)
      flow.cputime  flow.realtime  timing.setup.tns  timing.setup.wns  snapshot
UM:*                                                                   CCOpt::Phase::Initialization
Executing ccopt post-processing.
Synthesizing clock trees with CCOpt...
*** CTS #1 [begin] (ccopt_design #1) : totSession cpu/real = 0:28:29.6/0:07:48.1 (3.7), mem = 4057.8M
CCOpt::Phase::PreparingToBalance...
Leaving CCOpt scope - Initializing power interface...
Leaving CCOpt scope - Initializing power interface done. (took cpu=0:00:00.0 real=0:00:00.0)
Found 0 advancing pin insertion delay (0.000% of 5064 clock tree sinks)
Found 0 delaying pin insertion delay (0.000% of 5064 clock tree sinks)
**WARN: (IMPCCOPT-1127):	The skew group default.clk/functional_AVF_RCTYP has been identified as a duplicate of: clk/functional
**WARN: (IMPCCOPT-1127):	The skew group default.clk/functional_AVF_RCWORST has been identified as a duplicate of: clk/functional
The skew group clk/functional_AVF_RCTYP has been identified as a duplicate of: clk/functional, so it will not be cloned.
The skew group clk/functional_AVF_RCWORST has been identified as a duplicate of: clk/functional, so it will not be cloned.
Leaving CCOpt scope - optDesignGlobalRouteStep...
Updating RC grid for preRoute extraction ...
Initializing multi-corner resistance tables ...
[NR-eGR] Started Early Global Route kernel ( Curr Mem: 4071.99 MB )
[NR-eGR] Track table information for default rule: 
[NR-eGR] M1 has single uniform track structure
[NR-eGR] M2 has single uniform track structure
[NR-eGR] C1 has single uniform track structure
[NR-eGR] C2 has single uniform track structure
[NR-eGR] C3 has single uniform track structure
[NR-eGR] C4 has single uniform track structure
[NR-eGR] BA has single uniform track structure
[NR-eGR] BB has single uniform track structure
[NR-eGR] JA has single uniform track structure
[NR-eGR] JB has single uniform track structure
[NR-eGR] LB has single uniform track structure
[NR-eGR] Read 20 PG shapes
[NR-eGR] Read 0 clock shapes
[NR-eGR] Read 0 other shapes
[NR-eGR] #Routing Blockages  : 30
[NR-eGR] #Instance Blockages : 100887
[NR-eGR] #PG Blockages       : 20
[NR-eGR] #Halo Blockages     : 0
[NR-eGR] #Boundary Blockages : 0
[NR-eGR] #Clock Blockages    : 0
[NR-eGR] #Other Blockages    : 0
[NR-eGR] Num Prerouted Nets = 0  Num Prerouted Wires = 0
[NR-eGR] Read 38850 nets ( ignored 0 )
[NR-eGR] There are 186 clock nets ( 0 with NDR ).
[NR-eGR] ============ Routing rule table ============
[NR-eGR] Rule id: 0  Nets: 38850
[NR-eGR] ========================================
[NR-eGR] 
[NR-eGR] Layer group 1: route 38850 net(s) in layer range [2, 11]
[NR-eGR] Early Global Route overflow of layer group 1: 0.36% H + 0.69% V. EstWL: 5.729741e+05um
[NR-eGR] Congestion Analysis By layer: (blocked Gcells are excluded) 
[NR-eGR]                        OverCon           OverCon           OverCon            
[NR-eGR]                         #Gcell            #Gcell            #Gcell     %Gcell
[NR-eGR]        Layer             (1-4)             (5-8)            (9-10)    OverCon
[NR-eGR] --------------------------------------------------------------------------------
[NR-eGR]      M1 ( 1)         0( 0.00%)         0( 0.00%)         0( 0.00%)   ( 0.00%) 
[NR-eGR]      M2 ( 2)      1314( 1.35%)         0( 0.00%)         0( 0.00%)   ( 1.35%) 
[NR-eGR]      C1 ( 3)      1343( 1.38%)         0( 0.00%)         0( 0.00%)   ( 1.38%) 
[NR-eGR]      C2 ( 4)       103( 0.11%)         4( 0.00%)         0( 0.00%)   ( 0.11%) 
[NR-eGR]      C3 ( 5)       357( 0.37%)         6( 0.01%)         0( 0.00%)   ( 0.37%) 
[NR-eGR]      C4 ( 6)       113( 0.12%)        18( 0.02%)         3( 0.00%)   ( 0.14%) 
[NR-eGR]      BA ( 7)        68( 0.07%)         2( 0.00%)         0( 0.00%)   ( 0.07%) 
[NR-eGR]      BB ( 8)        44( 0.05%)        13( 0.01%)         0( 0.00%)   ( 0.06%) 
[NR-eGR]      JA ( 9)         0( 0.00%)         0( 0.00%)         0( 0.00%)   ( 0.00%) 
[NR-eGR]      JB (10)         0( 0.00%)         0( 0.00%)         0( 0.00%)   ( 0.00%) 
[NR-eGR]      LB (11)         0( 0.00%)         0( 0.00%)         0( 0.00%)   ( 0.00%) 
[NR-eGR] --------------------------------------------------------------------------------
[NR-eGR]        Total      3342( 0.44%)        43( 0.01%)         3( 0.00%)   ( 0.45%) 
[NR-eGR] 
[NR-eGR] Overflow after Early Global Route 0.09% H + 0.17% V
[NR-eGR]             Length (um)    Vias 
[NR-eGR] --------------------------------
[NR-eGR]  M1  (1V)             0  111343 
[NR-eGR]  M2  (2H)         69575  218708 
[NR-eGR]  C1  (3V)        156514   58664 
[NR-eGR]  C2  (4H)        105608   22230 
[NR-eGR]  C3  (5V)        126111   10801 
[NR-eGR]  C4  (6H)         67666    2729 
[NR-eGR]  BA  (7V)         43693    1578 
[NR-eGR]  BB  (8H)         19793      84 
[NR-eGR]  JA  (9V)            81       0 
[NR-eGR]  JB  (10H)            0       0 
[NR-eGR]  LB  (11V)            0       0 
[NR-eGR] --------------------------------
[NR-eGR]      Total       589041  426137 
[NR-eGR] --------------------------------------------------------------------------
[NR-eGR] Total half perimeter of net bounding box: 490898um
[NR-eGR] Total length: 589041um, number of vias: 426137
[NR-eGR] --------------------------------------------------------------------------
[NR-eGR] Total eGR-routed clock nets wire length: 11300um, number of vias: 12874
[NR-eGR] --------------------------------------------------------------------------
[NR-eGR] Finished Early Global Route kernel ( CPU: 6.50 sec, Real: 2.31 sec, Curr Mem: 4113.86 MB )
Leaving CCOpt scope - optDesignGlobalRouteStep done. (took cpu=0:00:06.7 real=0:00:02.5)
Legalization setup...
Using cell based legalization.
Initializing placement interface...
  Use check_library -place or consult logv if problems occur.
  Leaving CCOpt scope - Initializing placement interface...

**Info: (IMPSP-2062): Some of the PG shapes may not be colorized properly in this design, users are required to run command colorizePowerMesh before any placement related commands!
  Leaving CCOpt scope - Initializing placement interface done. (took cpu=0:00:00.3 real=0:00:00.2)
Initializing placement interface done.
Leaving CCOpt scope - Cleaning up placement interface...
Leaving CCOpt scope - Cleaning up placement interface done. (took cpu=0:00:00.1 real=0:00:00.0)
Leaving CCOpt scope - Initializing placement interface...

**Info: (IMPSP-2062): Some of the PG shapes may not be colorized properly in this design, users are required to run command colorizePowerMesh before any placement related commands!
Leaving CCOpt scope - Initializing placement interface done. (took cpu=0:00:00.1 real=0:00:00.1)
Legalization setup done. (took cpu=0:00:00.7 real=0:00:00.5)
      flow.cputime  flow.realtime  timing.setup.tns  timing.setup.wns  snapshot
UM:*                                                                   Legalization setup
Validating CTS configuration...
Checking module port directions...
Checking module port directions done. (took cpu=0:00:00.0 real=0:00:00.0)
Non-default attributes:
  Public non-default attributes:
    cts_clock_tree_source_max_capacitance is set for at least one object
    cts_merge_clock_gates is set for at least one object
    cts_merge_clock_logic is set for at least one object
    cts_route_type is set for at least one object
  No private non-default attributes
Route type trimming info:
  No route type modifications were made.
Updating RC grid for preRoute extraction ...
Initializing multi-corner resistance tables ...
Clock tree balancer configuration for clock_tree clk:
Non-default attributes:
  Public non-default attributes:
    cts_clock_tree_source_max_capacitance: 162 (default: auto)
    cts_merge_clock_gates: true (default: false)
    cts_merge_clock_logic: true (default: false)
    cts_route_type (leaf): default_route_type_leaf (default: default)
    cts_route_type (top): default_route_type_nonleaf (default: default)
    cts_route_type (trunk): default_route_type_nonleaf (default: default)
  No private non-default attributes
For power domain auto-default:
  Buffers:     {SC8T_BUFX24_CSC28L SC8T_BUFX20_CSC28L SC8T_BUFX16_CSC28L SC8T_BUFX12_CSC28L SC8T_BUFX10_CSC28L SC8T_CKBUFX8_CSC28L SC8T_BUFX8_CSC28L SC8T_BUFX6_CSC28L SC8T_CKBUFX4_CSC28L SC8T_BUFX4_CSC28L SC8T_BUFX3_CSC28L SC8T_BUFX1P5_CSC28L SC8T_BUFX0P5_A_CSC28L}
  Inverters:   {SC8T_INVX24_CSC28L SC8T_INVX20_CSC28L SC8T_INVX16_CSC28L SC8T_CKINVX12_CSC28L SC8T_INVX12_CSC28L SC8T_INVX10_CSC28L SC8T_INVX8_CSC28L SC8T_INVX6_CSC28L SC8T_INVX4_CSC28L SC8T_INVX3_CSC28L SC8T_INVX2_CSC28L SC8T_INVX1_CSC28L SC8T_INVX0P5_CSC28L}
  Clock gates: SC8T_CKGPRELATNX24_CSC28L SC8T_CKGPRELATNX16_CSC28L SC8T_CKGPRELATNX12_CSC28L SC8T_CKGPRELATNX8_CSC28L SC8T_CKGPRELATNX4_CSC28L SC8T_CKGPRELATNX2_CSC28L SC8T_CKGPRELATNX1_CSC28L 
  Unblocked area available for placement of any clock cells in power_domain auto-default: 40062.397um^2
Top Routing info:
  Route-type name: default_route_type_nonleaf; Top/bottom preferred layer name: C2/C1; 
  Unshielded; Mask Constraint: 0; Source: cts_route_type.
Trunk Routing info:
  Route-type name: default_route_type_nonleaf; Top/bottom preferred layer name: C2/C1; 
  Unshielded; Preferred extra space: 1; Mask Constraint: 0; Source: cts_route_type.
Leaf Routing info:
  Route-type name: default_route_type_leaf; Top/bottom preferred layer name: C2/C1; 
  Unshielded; Preferred extra space: 1; Mask Constraint: 0; Source: cts_route_type.
For timing_corner WC_dc:setup, late and power domain auto-default:
  Slew time target (leaf):    87.8ps
  Slew time target (trunk):   87.8ps
  Slew time target (top):     89.4ps (Note: no nets are considered top nets in this clock tree)
  Buffer unit delay: 53.8ps
  Buffer max distance: 319.326um
Fastest wire driving cells and distances:
  Buffer    : {lib_cell:SC8T_BUFX24_CSC28L, fastest_considered_half_corner=WC_dc:setup.late, optimalDrivingDistance=274.400um, saturatedSlew=60.0ps, speed=3232.038um per ns, cellArea=8.975um^2 per 1000um}
  Inverter  : {lib_cell:SC8T_INVX24_CSC28L, fastest_considered_half_corner=WC_dc:setup.late, optimalDrivingDistance=145.917um, saturatedSlew=34.6ps, speed=3790.052um per ns, cellArea=11.404um^2 per 1000um}
  Clock gate: {lib_cell:SC8T_CKGPRELATNX24_CSC28L, fastest_considered_half_corner=WC_dc:setup.late, optimalDrivingDistance=308.700um, saturatedSlew=76.5ps, speed=2670.415um per ns, cellArea=17.896um^2 per 1000um}


Logic Sizing Table:

----------------------------------------------------------
Cell    Instance count    Source    Eligible library cells
----------------------------------------------------------
  (empty table)
----------------------------------------------------------


Clock tree balancer configuration for skew_group clk/functional:
  Sources:                     pin clk
  Total number of sinks:       5064
  Delay constrained sinks:     5064
  Constrains:                  default
  Non-leaf sinks:              0
  Ignore pins:                 0
 Timing corner WC_dc:setup.late:
  Skew target:                 53.8ps
Primary reporting skew groups are:
skew_group clk/functional with 5064 clock sinks

Clock DAG stats initial state:
  cell counts      : b=181, i=4, icg=0, dcg=0, l=0, total=185
  sink counts      : regular=5064, enable_latch=0, load_capacitance=0, antenna=0, node_sink=0, total=5064
  misc counts      : r=1, pp=0
  cell areas       : b=36.142um^2, i=0.599um^2, icg=0.000um^2, dcg=0.000um^2, l=0.000um^2, total=36.741um^2
  hp wire lengths  : top=0.000um, trunk=415.528um, leaf=2496.840um, total=2912.368um
Clock DAG library cell distribution initial state {count}:
   Bufs: SC8T_BUFX1_A_CSC28L: 181 
   Invs: SC8T_INVX2_CSC28L: 1 SC8T_INVX1_CSC28L: 3 
      flow.cputime  flow.realtime  timing.setup.tns  timing.setup.wns  snapshot
UM:*                                                                   InitialState
Have 8 CPUs available for CTS. Selected algorithms will run multithreaded.
No ideal or dont_touch nets found in the clock tree
No dont_touch hnets found in the clock tree
No dont_touch hpins found in the clock network.
Checking for illegal sizes of clock logic instances...
Checking for illegal sizes of clock logic instances done. (took cpu=0:00:00.0 real=0:00:00.0)
      flow.cputime  flow.realtime  timing.setup.tns  timing.setup.wns  snapshot
UM:*                                                                   Checking for illegal sizes of clock logic instances
Validating CTS configuration done. (took cpu=0:00:07.0 real=0:00:06.8)
      flow.cputime  flow.realtime  timing.setup.tns  timing.setup.wns  snapshot
UM:*                                                                   Validating CTS configuration
CCOpt configuration status: all checks passed.
Adding exclusion drivers to pins that are cts_sink_type_effective exclude...
    Adding exclusion drivers (these will be instances of the smallest area library cells).
  No exclusion drivers are needed.
Adding exclusion drivers to pins that are cts_sink_type_effective exclude done.
Antenna diode management...
  Found 0 antenna diodes in the clock trees.
  
Antenna diode management done.
Adding driver cells for primary IOs...
  
  ----------------------------------------------------------------------------------------------
  CCOpt reported the following when adding drivers below input ports and above output ports     
  ----------------------------------------------------------------------------------------------
    (empty table)
  ----------------------------------------------------------------------------------------------
  
  
Adding driver cells for primary IOs done.
Adding driver cell for primary IO roots...
Adding driver cell for primary IO roots done.
Maximizing clock DAG abstraction...
  Removing clock DAG drivers
Maximizing clock DAG abstraction done.
CCOpt::Phase::PreparingToBalance done. (took cpu=0:00:14.9 real=0:00:10.3)
      flow.cputime  flow.realtime  timing.setup.tns  timing.setup.wns  snapshot
UM:*                                                                   CCOpt::Phase::PreparingToBalance
Synthesizing clock trees...
  Preparing To Balance...
  Leaving CCOpt scope - Cleaning up placement interface...
  Leaving CCOpt scope - Cleaning up placement interface done. (took cpu=0:00:00.2 real=0:00:00.0)
  Leaving CCOpt scope - Initializing placement interface...

**Info: (IMPSP-2062): Some of the PG shapes may not be colorized properly in this design, users are required to run command colorizePowerMesh before any placement related commands!
  Leaving CCOpt scope - Initializing placement interface done. (took cpu=0:00:00.2 real=0:00:00.2)
  Merging duplicate siblings in DAG...
    Clock DAG stats before merging:
      cell counts      : b=0, i=0, icg=0, dcg=0, l=0, total=0
      sink counts      : regular=5064, enable_latch=0, load_capacitance=0, antenna=0, node_sink=0, total=5064
      misc counts      : r=1, pp=0
      cell areas       : b=0.000um^2, i=0.000um^2, icg=0.000um^2, dcg=0.000um^2, l=0.000um^2, total=0.000um^2
      hp wire lengths  : top=0.000um, trunk=0.000um, leaf=0.000um, total=0.000um
      flow.cputime  flow.realtime  timing.setup.tns  timing.setup.wns  snapshot
UM:*                                                                   before merging
    Resynthesising clock tree into netlist...
      Reset timing graph...
Ignoring AAE DB Resetting ...
      Reset timing graph done.
    Resynthesising clock tree into netlist done.
    Merging duplicate clock dag driver clones in DAG...
    Merging duplicate clock dag driver clones in DAG done.
    
    Disconnecting clock tree from netlist...
    Disconnecting clock tree from netlist done.
  Merging duplicate siblings in DAG done.
  Applying movement limits...
  Applying movement limits done.
  Preparing To Balance done. (took cpu=0:00:00.7 real=0:00:00.5)
      flow.cputime  flow.realtime  timing.setup.tns  timing.setup.wns  snapshot
UM:*                                                                   Preparing To Balance
  CCOpt::Phase::Construction...
  Stage::Clustering...
  Clustering...
    Initialize for clustering...
    Clock DAG stats before clustering:
      cell counts      : b=0, i=0, icg=0, dcg=0, l=0, total=0
      sink counts      : regular=5064, enable_latch=0, load_capacitance=0, antenna=0, node_sink=0, total=5064
      misc counts      : r=1, pp=0
      cell areas       : b=0.000um^2, i=0.000um^2, icg=0.000um^2, dcg=0.000um^2, l=0.000um^2, total=0.000um^2
      hp wire lengths  : top=0.000um, trunk=0.000um, leaf=0.000um, total=0.000um
      flow.cputime  flow.realtime  timing.setup.tns  timing.setup.wns  snapshot
UM:*                                                                   before clustering
    Computing max distances from locked parents...
      Computing distance_from_locked_parent_restrictions for 0 nodes driven by 0 locked parents
    Computing max distances from locked parents done.
    Computing optimal clock node locations...
    : ...20% ...40% ...60% ...80% ...100% 
    Computing optimal clock node locations done. (took cpu=0:00:00.0 real=0:00:00.0)
    Initialize for clustering done. (took cpu=0:00:00.3 real=0:00:00.2)
      flow.cputime  flow.realtime  timing.setup.tns  timing.setup.wns  snapshot
UM:*                                                                   Initialize for clustering
    Bottom-up phase...
    Clustering bottom-up starting from leaves...
      Clustering clock_tree clk...
          Clock tree timing engine global stage delay update for WC_dc:setup.late...
          Clock tree timing engine global stage delay update for WC_dc:setup.late done. (took cpu=0:00:00.3 real=0:00:00.1)
      Clustering clock_tree clk done.
    Clustering bottom-up starting from leaves done.
    Rebuilding the clock tree after clustering...
    Rebuilding the clock tree after clustering done.
    Clock DAG stats after bottom-up phase:
      cell counts      : b=58, i=0, icg=0, dcg=0, l=0, total=58
      sink counts      : regular=5064, enable_latch=0, load_capacitance=0, antenna=0, node_sink=0, total=5064
      misc counts      : r=1, pp=0
      cell areas       : b=141.640um^2, i=0.000um^2, icg=0.000um^2, dcg=0.000um^2, l=0.000um^2, total=141.640um^2
      hp wire lengths  : top=0.000um, trunk=830.112um, leaf=2691.536um, total=3521.648um
    Clock DAG library cell distribution after bottom-up phase {count}:
       Bufs: SC8T_BUFX24_CSC28L: 55 SC8T_BUFX20_CSC28L: 3 
      flow.cputime  flow.realtime  timing.setup.tns  timing.setup.wns  snapshot
UM:*                                                                   after bottom-up phase
    Bottom-up phase done. (took cpu=0:00:05.6 real=0:00:01.9)
      flow.cputime  flow.realtime  timing.setup.tns  timing.setup.wns  snapshot
UM:*                                                                   Bottom-up phase
    Legalizing clock trees...
    Resynthesising clock tree into netlist...
      Reset timing graph...
Ignoring AAE DB Resetting ...
      Reset timing graph done.
    Resynthesising clock tree into netlist done.
    Commiting net attributes....
    Commiting net attributes. done.
    Leaving CCOpt scope - ClockRefiner...
    Performing a single pass refine place with checks partially disabled for clock sinks and datapath.

**Info: (IMPSP-2062): Some of the PG shapes may not be colorized properly in this design, users are required to run command colorizePowerMesh before any placement related commands!
*** Starting place_detail (0:28:53 mem=47448.5M) ***
Total net bbox length = 4.912e+05 (2.156e+05 2.756e+05) (ext = 1.467e+05)

**Info: (IMPSP-2062): Some of the PG shapes may not be colorized properly in this design, users are required to run command colorizePowerMesh before any placement related commands!
Move report: Detail placement moves 404 insts, mean move: 0.54 um, max move: 2.44 um 
	Max move on inst (SILEGO_cell/MTRF_cell/seq_gen/u_Raccu/raccu_RF_u/U171): (140.50, 163.20) --> (139.98, 165.12)
	Runtime: CPU: 0:00:04.9 REAL: 0:00:02.0 MEM: 47482.6MB
Summary Report:
Instances move: 404 (out of 36356 movable)
Instances flipped: 12
Mean displacement: 0.54 um
Max displacement: 2.44 um (Instance: SILEGO_cell/MTRF_cell/seq_gen/u_Raccu/raccu_RF_u/U171) (140.504, 163.2) -> (139.984, 165.12)
	Length: 8 sites, height: 1 rows, site name: SC8T_104CPP_CMOS22FDX, cell type: SC8T_MUX2X1_A_CSC28L
Total net bbox length = 4.913e+05 (2.157e+05 2.756e+05) (ext = 1.467e+05)
Runtime: CPU: 0:00:05.0 REAL: 0:00:02.0 MEM: 47482.6MB
*** Finished place_detail (0:28:58 mem=47482.6M) ***
    ClockRefiner summary
    All clock instances: Moved 88, flipped 40 and cell swapped 0 (out of a total of 5122).
    The largest move was 1.92 um for SILEGO_cell/MTRF_cell/CTS_ccl_a_buf_00031.

**Info: (IMPSP-2062): Some of the PG shapes may not be colorized properly in this design, users are required to run command colorizePowerMesh before any placement related commands!
    Leaving CCOpt scope - ClockRefiner done. (took cpu=0:00:05.8 real=0:00:02.2)
    Disconnecting clock tree from netlist...
    Disconnecting clock tree from netlist done.
    Leaving CCOpt scope - Cleaning up placement interface...
    Leaving CCOpt scope - Cleaning up placement interface done. (took cpu=0:00:00.1 real=0:00:00.0)
    Leaving CCOpt scope - Initializing placement interface...

**Info: (IMPSP-2062): Some of the PG shapes may not be colorized properly in this design, users are required to run command colorizePowerMesh before any placement related commands!
    Leaving CCOpt scope - Initializing placement interface done. (took cpu=0:00:00.2 real=0:00:00.2)
    Clock tree timing engine global stage delay update for WC_dc:setup.late...
    Clock tree timing engine global stage delay update for WC_dc:setup.late done. (took cpu=0:00:00.3 real=0:00:00.1)
    
    Clock tree legalization - Histogram:
    ====================================
    
    ------------------------------------
    Movement (um)        Number of cells
    ------------------------------------
    [0.64,1.06667)              1
    [1.06667,1.49333)           1
    [1.49333,1.92)              1
    ------------------------------------
    
    
    Clock tree legalization - Top 10 Movements:
    ===========================================
    
    -----------------------------------------------------------------------------------------------------------------------------------------------------------------
    Movement (um)    Desired              Achieved             Node
                     location             location             
    -----------------------------------------------------------------------------------------------------------------------------------------------------------------
        1.92         (28.392,83.840)      (28.392,81.920)      CTS_ccl_a_buf_00031 (a lib_cell SC8T_BUFX24_CSC28L) at (28.392,81.920), in power domain auto-default
        1.144        (67.392,119.680)     (66.248,119.680)     CTS_ccl_a_buf_00034 (a lib_cell SC8T_BUFX20_CSC28L) at (66.248,119.680), in power domain auto-default
        0.64         (26.520,100.480)     (26.520,101.120)     CTS_ccl_a_buf_00047 (a lib_cell SC8T_BUFX24_CSC28L) at (26.520,101.120), in power domain auto-default
        0            (145.268,96.270)     (145.268,96.270)     CTS_ccl_a_buf_00008 (a lib_cell SC8T_BUFX20_CSC28L) at (143.104,96.000), in power domain auto-default
        0            (150.508,86.770)     (150.508,86.770)     CTS_ccl_a_buf_00009 (a lib_cell SC8T_BUFX24_CSC28L) at (149.240,86.400), in power domain auto-default
        0            (135.948,120.050)    (135.948,120.050)    CTS_ccl_a_buf_00056 (a lib_cell SC8T_BUFX24_CSC28L) at (134.680,119.680), in power domain auto-default
        0            (30.556,83.470)      (30.556,83.470)      CTS_ccl_a_buf_00055 (a lib_cell SC8T_BUFX24_CSC28L) at (27.976,83.200), in power domain auto-default
        0            (90.668,83.470)      (90.668,83.470)      CTS_ccl_a_buf_00053 (a lib_cell SC8T_BUFX24_CSC28L) at (88.088,83.200), in power domain auto-default
        0            (73.404,83.470)      (73.404,83.470)      CTS_ccl_buf_00057 (a lib_cell SC8T_BUFX24_CSC28L) at (70.824,83.200), in power domain auto-default
        0            (73.404,0.270)       (73.404,0.270)       CTS_ccl_buf_00058 (a lib_cell SC8T_BUFX24_CSC28L) at (70.824,0.000), in power domain auto-default
    -----------------------------------------------------------------------------------------------------------------------------------------------------------------
    
    Legalizing clock trees done. (took cpu=0:00:07.0 real=0:00:03.0)
      flow.cputime  flow.realtime  timing.setup.tns  timing.setup.wns  snapshot
UM:*                                                                   Legalizing clock trees
    Clock DAG stats after 'Clustering':
      cell counts      : b=58, i=0, icg=0, dcg=0, l=0, total=58
      sink counts      : regular=5064, enable_latch=0, load_capacitance=0, antenna=0, node_sink=0, total=5064
      misc counts      : r=1, pp=0
      cell areas       : b=141.640um^2, i=0.000um^2, icg=0.000um^2, dcg=0.000um^2, l=0.000um^2, total=141.640um^2
      cell capacitance : b=301.097fF, i=0.000fF, icg=0.000fF, dcg=0.000fF, l=0.000fF, total=301.097fF
      sink capacitance : total=3725.903fF, avg=0.736fF, sd=0.034fF, min=0.679fF, max=0.757fF
      wire capacitance : top=0.000fF, trunk=146.849fF, leaf=1412.088fF, total=1558.937fF
      wire lengths     : top=0.000um, trunk=1085.817um, leaf=9917.174um, total=11002.991um
      hp wire lengths  : top=0.000um, trunk=830.112um, leaf=2694.746um, total=3524.858um
    Clock DAG net violations after 'Clustering': none
    Clock DAG primary half-corner transition distribution after 'Clustering':
      Trunk : target=87.8ps count=8 avg=44.7ps sd=17.6ps min=15.1ps max=65.2ps {5 <= 52.7ps, 3 <= 70.2ps, 0 <= 79.0ps, 0 <= 83.4ps, 0 <= 87.8ps}
      Leaf  : target=87.8ps count=51 avg=47.5ps sd=5.8ps min=39.0ps max=68.3ps {43 <= 52.7ps, 8 <= 70.2ps, 0 <= 79.0ps, 0 <= 83.4ps, 0 <= 87.8ps}
    Clock DAG library cell distribution after 'Clustering' {count}:
       Bufs: SC8T_BUFX24_CSC28L: 55 SC8T_BUFX20_CSC28L: 3 
    Primary reporting skew groups after 'Clustering':
      skew_group clk/functional: insertion delay [min=178.0, max=230.4, avg=209.0, sd=12.0], skew [52.4 vs 53.8], 100% {178.0, 230.4} (wid=58.9 ws=45.2) (gid=180.1 gs=19.8)
    Skew group summary after 'Clustering':
      skew_group clk/functional: insertion delay [min=178.0, max=230.4, avg=209.0, sd=12.0], skew [52.4 vs 53.8], 100% {178.0, 230.4} (wid=58.9 ws=45.2) (gid=180.1 gs=19.8)
    Legalizer API calls during this step: 973 succeeded with high effort: 973 succeeded with medium effort: 0 succeeded with low effort: 0 succeeded with basic effort: 0 succeeded with basic unbounded effort: 0
  Clustering done. (took cpu=0:00:13.8 real=0:00:06.1)
      flow.cputime  flow.realtime  timing.setup.tns  timing.setup.wns  snapshot
UM:*                                                                   Clustering
  Looking for fanout violations...
  Looking for fanout violations done.
  CongRepair After Initial Clustering...
  Reset timing graph...
Ignoring AAE DB Resetting ...
  Reset timing graph done.
  Leaving CCOpt scope - Early Global Route...
  Clock implementation routing...
Net route status summary:
  Clock:        59 (unrouted=59, trialRouted=0, noStatus=0, routed=0, fixed=0, [crossesIlmBoundary=0, tooFewTerms=0, (crossesIlmBoundary AND tooFewTerms=0)])
  Non-clock: 58610 (unrouted=19946, trialRouted=38664, noStatus=0, routed=0, fixed=0, [crossesIlmBoundary=0, tooFewTerms=19946, (crossesIlmBoundary AND tooFewTerms=0)])
    Routing using eGR only...
      Early Global Route - eGR only step...
(ccopt eGR): There are 59 nets to be routed. 0 nets have skip routing designation.
(ccopt eGR): There are 59 nets for routing of which 59 have one or more fixed wires.
(ccopt eGR): Start to route 59 all nets
[NR-eGR] Track table information for default rule: 
[NR-eGR] M1 has single uniform track structure
[NR-eGR] M2 has single uniform track structure
[NR-eGR] C1 has single uniform track structure
[NR-eGR] C2 has single uniform track structure
[NR-eGR] C3 has single uniform track structure
[NR-eGR] C4 has single uniform track structure
[NR-eGR] BA has single uniform track structure
[NR-eGR] BB has single uniform track structure
[NR-eGR] JA has single uniform track structure
[NR-eGR] JB has single uniform track structure
[NR-eGR] LB has single uniform track structure
[NR-eGR] Read 20 PG shapes
[NR-eGR] Read 0 clock shapes
[NR-eGR] Read 0 other shapes
[NR-eGR] #Routing Blockages  : 30
[NR-eGR] #Instance Blockages : 100822
[NR-eGR] #PG Blockages       : 20
[NR-eGR] #Halo Blockages     : 0
[NR-eGR] #Boundary Blockages : 0
[NR-eGR] #Clock Blockages    : 0
[NR-eGR] #Other Blockages    : 0
[NR-eGR] Num Prerouted Nets = 0  Num Prerouted Wires = 0
[NR-eGR] Read 38723 nets ( ignored 38664 )
[NR-eGR] Connected 0 must-join pins/ports
[NR-eGR] There are 59 clock nets ( 59 with NDR ).
[NR-eGR] ============ Routing rule table ============
[NR-eGR] Rule id: 0  Nets: 59
[NR-eGR] ========================================
[NR-eGR] 
[NR-eGR] Layer group 1: route 59 net(s) in layer range [3, 4]
[NR-eGR] Early Global Route overflow of layer group 1: 0.00% H + 0.00% V. EstWL: 1.075200e+04um
[NR-eGR] Create a new net group with 22 nets and layer range [3, 6]
[NR-eGR] Layer group 2: route 22 net(s) in layer range [3, 6]
[NR-eGR] Early Global Route overflow of layer group 2: 0.00% H + 0.00% V. EstWL: 1.438656e+04um
[NR-eGR] Create a new net group with 22 nets and layer range [3, 8]
[NR-eGR] Layer group 3: route 22 net(s) in layer range [3, 8]
[NR-eGR] Early Global Route overflow of layer group 3: 0.00% H + 0.00% V. EstWL: 1.822656e+04um
[NR-eGR] Create a new net group with 22 nets and layer range [3, 10]
[NR-eGR] Layer group 4: route 22 net(s) in layer range [3, 10]
[NR-eGR] Early Global Route overflow of layer group 4: 0.00% H + 0.00% V. EstWL: 2.206592e+04um
[NR-eGR] Create a new net group with 22 nets and layer range [3, 11]
[NR-eGR] Layer group 5: route 22 net(s) in layer range [3, 11]
[NR-eGR] Early Global Route overflow of layer group 5: 0.00% H + 0.00% V. EstWL: 2.590016e+04um
[NR-eGR] Congestion Analysis By layer: (blocked Gcells are excluded) 
[NR-eGR]                        OverCon            
[NR-eGR]                         #Gcell     %Gcell
[NR-eGR]        Layer               (1)    OverCon
[NR-eGR] ----------------------------------------------
[NR-eGR]      M1 ( 1)         0( 0.00%)   ( 0.00%) 
[NR-eGR]      M2 ( 2)        75( 0.08%)   ( 0.08%) 
[NR-eGR]      C1 ( 3)         0( 0.00%)   ( 0.00%) 
[NR-eGR]      C2 ( 4)         0( 0.00%)   ( 0.00%) 
[NR-eGR]      C3 ( 5)         0( 0.00%)   ( 0.00%) 
[NR-eGR]      C4 ( 6)         0( 0.00%)   ( 0.00%) 
[NR-eGR]      BA ( 7)         0( 0.00%)   ( 0.00%) 
[NR-eGR]      BB ( 8)         0( 0.00%)   ( 0.00%) 
[NR-eGR]      JA ( 9)         0( 0.00%)   ( 0.00%) 
[NR-eGR]      JB (10)         0( 0.00%)   ( 0.00%) 
[NR-eGR]      LB (11)         0( 0.00%)   ( 0.00%) 
[NR-eGR] ----------------------------------------------
[NR-eGR]        Total        75( 0.01%)   ( 0.01%) 
[NR-eGR] 
[NR-eGR] Overflow after Early Global Route 0.00% H + 0.00% V
[NR-eGR]             Length (um)    Vias 
[NR-eGR] --------------------------------
[NR-eGR]  M1  (1V)             0  111270 
[NR-eGR]  M2  (2H)         67180  214959 
[NR-eGR]  C1  (3V)        156265   60352 
[NR-eGR]  C2  (4H)        107809   22375 
[NR-eGR]  C3  (5V)        126303   10791 
[NR-eGR]  C4  (6H)         67632    2727 
[NR-eGR]  BA  (7V)         43692    1578 
[NR-eGR]  BB  (8H)         19793      84 
[NR-eGR]  JA  (9V)            81       0 
[NR-eGR]  JB  (10H)            0       0 
[NR-eGR]  LB  (11V)            0       0 
[NR-eGR] --------------------------------
[NR-eGR]      Total       588755  424136 
[NR-eGR] --------------------------------------------------------------------------
[NR-eGR] Total half perimeter of net bounding box: 491270um
[NR-eGR] Total length: 588755um, number of vias: 424136
[NR-eGR] --------------------------------------------------------------------------
[NR-eGR] Total eGR-routed clock nets wire length: 11013um, number of vias: 10873
[NR-eGR] --------------------------------------------------------------------------
[NR-eGR] Report for selected net(s) only.
[NR-eGR]             Length (um)   Vias 
[NR-eGR] -------------------------------
[NR-eGR]  M1  (1V)             0    358 
[NR-eGR]  M2  (2H)           740   5986 
[NR-eGR]  C1  (3V)          5480   4280 
[NR-eGR]  C2  (4H)          4427    249 
[NR-eGR]  C3  (5V)           367      0 
[NR-eGR]  C4  (6H)             0      0 
[NR-eGR]  BA  (7V)             0      0 
[NR-eGR]  BB  (8H)             0      0 
[NR-eGR]  JA  (9V)             0      0 
[NR-eGR]  JB  (10H)            0      0 
[NR-eGR]  LB  (11V)            0      0 
[NR-eGR] -------------------------------
[NR-eGR]      Total        11013  10873 
[NR-eGR] --------------------------------------------------------------------------
[NR-eGR] Total half perimeter of net bounding box: 3560um
[NR-eGR] Total length: 11013um, number of vias: 10873
[NR-eGR] --------------------------------------------------------------------------
[NR-eGR] Total routed clock nets wire length: 11013um, number of vias: 10873
[NR-eGR] --------------------------------------------------------------------------
[NR-eGR] Finished Early Global Route kernel ( CPU: 1.87 sec, Real: 1.24 sec, Curr Mem: 47497.68 MB )
      Early Global Route - eGR only step done. (took cpu=0:00:02.0 real=0:00:01.4)
      flow.cputime  flow.realtime  timing.setup.tns  timing.setup.wns  snapshot
UM:*                                                                   Early Global Route - eGR only step
    Routing using eGR only done.
Net route status summary:
  Clock:        59 (unrouted=0, trialRouted=0, noStatus=0, routed=59, fixed=0, [crossesIlmBoundary=0, tooFewTerms=0, (crossesIlmBoundary AND tooFewTerms=0)])
  Non-clock: 58610 (unrouted=19946, trialRouted=38664, noStatus=0, routed=0, fixed=0, [crossesIlmBoundary=0, tooFewTerms=19946, (crossesIlmBoundary AND tooFewTerms=0)])

CCOPT: Done with clock implementation routing.

  Clock implementation routing done.
  CCOpt: Starting congestion repair using flow wrapper...
    Congestion Repair...
*** IncrReplace #1 [begin] (CTS #1 / ccopt_design #1) : totSession cpu/real = 0:29:02.8/0:08:08.1 (3.6), mem = 47497.7M
Info: Disable timing driven in postCTS congRepair.

Starting congRepair ...
[NR-eGR] Track table information for default rule: 
[NR-eGR] M1 has single uniform track structure
[NR-eGR] M2 has single uniform track structure
[NR-eGR] C1 has single uniform track structure
[NR-eGR] C2 has single uniform track structure
[NR-eGR] C3 has single uniform track structure
[NR-eGR] C4 has single uniform track structure
[NR-eGR] BA has single uniform track structure
[NR-eGR] BB has single uniform track structure
[NR-eGR] JA has single uniform track structure
[NR-eGR] JB has single uniform track structure
[NR-eGR] LB has single uniform track structure
[NR-eGR] Read 20 PG shapes
[NR-eGR] Read 0 clock shapes
[NR-eGR] Read 0 other shapes
[NR-eGR] #Routing Blockages  : 30
[NR-eGR] #Instance Blockages : 100822
[NR-eGR] #PG Blockages       : 20
[NR-eGR] #Halo Blockages     : 0
[NR-eGR] #Boundary Blockages : 0
[NR-eGR] #Clock Blockages    : 0
[NR-eGR] #Other Blockages    : 0
[NR-eGR] Num Prerouted Nets = 59  Num Prerouted Wires = 19463
[NR-eGR] Read 38723 nets ( ignored 59 )
[NR-eGR] ============ Routing rule table ============
[NR-eGR] Rule id: 1  Nets: 38664
[NR-eGR] ========================================
[NR-eGR] 
[NR-eGR] Layer group 1: route 38664 net(s) in layer range [2, 11]
[NR-eGR] Early Global Route overflow of layer group 1: 0.58% H + 0.94% V. EstWL: 5.627117e+05um
[NR-eGR] Congestion Analysis By layer: (blocked Gcells are excluded) 
[NR-eGR]                        OverCon           OverCon           OverCon           OverCon            
[NR-eGR]                         #Gcell            #Gcell            #Gcell            #Gcell     %Gcell
[NR-eGR]        Layer             (1-2)             (3-4)             (5-6)             (7-8)    OverCon
[NR-eGR] -------------------------------------------------------------------------------------------------
[NR-eGR]      M1 ( 1)         0( 0.00%)         0( 0.00%)         0( 0.00%)         0( 0.00%)   ( 0.00%) 
[NR-eGR]      M2 ( 2)      1438( 1.47%)        48( 0.05%)         0( 0.00%)         0( 0.00%)   ( 1.52%) 
[NR-eGR]      C1 ( 3)      1519( 1.56%)        58( 0.06%)         2( 0.00%)         0( 0.00%)   ( 1.62%) 
[NR-eGR]      C2 ( 4)        92( 0.09%)        27( 0.03%)         9( 0.01%)         1( 0.00%)   ( 0.13%) 
[NR-eGR]      C3 ( 5)       364( 0.37%)        30( 0.03%)         5( 0.01%)         2( 0.00%)   ( 0.41%) 
[NR-eGR]      C4 ( 6)        96( 0.10%)        32( 0.03%)        22( 0.02%)         5( 0.01%)   ( 0.16%) 
[NR-eGR]      BA ( 7)       101( 0.10%)         8( 0.01%)         2( 0.00%)         0( 0.00%)   ( 0.11%) 
[NR-eGR]      BB ( 8)         5( 0.01%)        29( 0.03%)        17( 0.02%)         0( 0.00%)   ( 0.05%) 
[NR-eGR]      JA ( 9)         0( 0.00%)         0( 0.00%)         0( 0.00%)         0( 0.00%)   ( 0.00%) 
[NR-eGR]      JB (10)         0( 0.00%)         0( 0.00%)         0( 0.00%)         0( 0.00%)   ( 0.00%) 
[NR-eGR]      LB (11)         0( 0.00%)         0( 0.00%)         0( 0.00%)         0( 0.00%)   ( 0.00%) 
[NR-eGR] -------------------------------------------------------------------------------------------------
[NR-eGR]        Total      3615( 0.48%)       232( 0.03%)        57( 0.01%)         8( 0.00%)   ( 0.52%) 
[NR-eGR] 
[NR-eGR] Overflow after Early Global Route 0.09% H + 0.24% V
Early Global Route congestion estimation runtime: 2.19 seconds, mem = 47535.6M
Local HotSpot Analysis: normalized max congestion hotspot area = 12.33, normalized total congestion hotspot area = 25.44 (area is in unit of 4 std-cell row bins)

=== incrementalPlace Internal Loop 1 ===

**Info: (IMPSP-2062): Some of the PG shapes may not be colorized properly in this design, users are required to run command colorizePowerMesh before any placement related commands!
Starting area based congRepair.

Finished Incremental Placement (cpu=0:00:00.8, real=0:00:01.0, mem=47523.0M)

**Info: (IMPSP-2062): Some of the PG shapes may not be colorized properly in this design, users are required to run command colorizePowerMesh before any placement related commands!
*** Starting place_detail (0:29:09 mem=47523.0M) ***
Total net bbox length = 4.913e+05 (2.157e+05 2.756e+05) (ext = 1.467e+05)

**Info: (IMPSP-2062): Some of the PG shapes may not be colorized properly in this design, users are required to run command colorizePowerMesh before any placement related commands!
**WARN: (IMPSP-2041):	Found 58 fixed insts that could not be colored.
Type 'man IMPSP-2041' for more detail.
**WARN: (IMPSP-5140):	Global net connect rules have not been created. Added  insts would have no supply connectivity, and would fail DRC.
Type 'man IMPSP-5140' for more detail.
**WARN: (IMPSP-315):	Found 36356 instances insts with no PG Term connections.
Type 'man IMPSP-315' for more detail.
Move report: Detail placement moves 2878 insts, mean move: 0.49 um, max move: 15.70 um 
	Max move on inst (SILEGO_cell/MTRF_cell/reg_top/RegisterFile/U3412): (42.64, 44.16) --> (58.34, 44.16)
	Runtime: CPU: 0:00:07.0 REAL: 0:00:03.0 MEM: 47539.1MB
Summary Report:
Instances move: 2878 (out of 36298 movable)
Instances flipped: 1157
Mean displacement: 0.49 um
Max displacement: 15.70 um (Instance: SILEGO_cell/MTRF_cell/reg_top/RegisterFile/U3412) (42.64, 44.16) -> (58.344, 44.16)
	Length: 2 sites, height: 1 rows, site name: SC8T_104CPP_CMOS22FDX, cell type: SC8T_INVX0P5_CSC28L
Total net bbox length = 4.913e+05 (2.156e+05 2.757e+05) (ext = 1.467e+05)
Runtime: CPU: 0:00:07.1 REAL: 0:00:03.0 MEM: 47539.1MB
*** Finished place_detail (0:29:16 mem=47539.1M) ***
[NR-eGR] Track table information for default rule: 
[NR-eGR] M1 has single uniform track structure
[NR-eGR] M2 has single uniform track structure
[NR-eGR] C1 has single uniform track structure
[NR-eGR] C2 has single uniform track structure
[NR-eGR] C3 has single uniform track structure
[NR-eGR] C4 has single uniform track structure
[NR-eGR] BA has single uniform track structure
[NR-eGR] BB has single uniform track structure
[NR-eGR] JA has single uniform track structure
[NR-eGR] JB has single uniform track structure
[NR-eGR] LB has single uniform track structure
[NR-eGR] Read 20 PG shapes
[NR-eGR] Read 0 clock shapes
[NR-eGR] Read 0 other shapes
[NR-eGR] #Routing Blockages  : 30
[NR-eGR] #Instance Blockages : 100822
[NR-eGR] #PG Blockages       : 20
[NR-eGR] #Halo Blockages     : 0
[NR-eGR] #Boundary Blockages : 0
[NR-eGR] #Clock Blockages    : 0
[NR-eGR] #Other Blockages    : 0
[NR-eGR] Num Prerouted Nets = 59  Num Prerouted Wires = 19463
[NR-eGR] Read 38723 nets ( ignored 59 )
[NR-eGR] ============ Routing rule table ============
[NR-eGR] Rule id: 1  Nets: 38664
[NR-eGR] ========================================
[NR-eGR] 
[NR-eGR] Layer group 1: route 38664 net(s) in layer range [2, 11]
[NR-eGR] Early Global Route overflow of layer group 1: 0.58% H + 0.90% V. EstWL: 5.629133e+05um
[NR-eGR] Congestion Analysis By layer: (blocked Gcells are excluded) 
[NR-eGR]                        OverCon           OverCon           OverCon            
[NR-eGR]                         #Gcell            #Gcell            #Gcell     %Gcell
[NR-eGR]        Layer             (1-4)             (5-8)            (9-10)    OverCon
[NR-eGR] --------------------------------------------------------------------------------
[NR-eGR]      M1 ( 1)         0( 0.00%)         0( 0.00%)         0( 0.00%)   ( 0.00%) 
[NR-eGR]      M2 ( 2)      1365( 1.40%)         0( 0.00%)         0( 0.00%)   ( 1.40%) 
[NR-eGR]      C1 ( 3)      1538( 1.57%)         2( 0.00%)         0( 0.00%)   ( 1.58%) 
[NR-eGR]      C2 ( 4)       121( 0.12%)         7( 0.01%)         0( 0.00%)   ( 0.13%) 
[NR-eGR]      C3 ( 5)       362( 0.37%)         9( 0.01%)         0( 0.00%)   ( 0.38%) 
[NR-eGR]      C4 ( 6)       130( 0.13%)        19( 0.02%)         1( 0.00%)   ( 0.15%) 
[NR-eGR]      BA ( 7)        87( 0.09%)         1( 0.00%)         0( 0.00%)   ( 0.09%) 
[NR-eGR]      BB ( 8)        43( 0.04%)        19( 0.02%)         0( 0.00%)   ( 0.06%) 
[NR-eGR]      JA ( 9)         6( 0.01%)         0( 0.00%)         0( 0.00%)   ( 0.01%) 
[NR-eGR]      JB (10)         0( 0.00%)         0( 0.00%)         0( 0.00%)   ( 0.00%) 
[NR-eGR]      LB (11)         0( 0.00%)         0( 0.00%)         0( 0.00%)   ( 0.00%) 
[NR-eGR] --------------------------------------------------------------------------------
[NR-eGR]        Total      3652( 0.49%)        57( 0.01%)         1( 0.00%)   ( 0.49%) 
[NR-eGR] 
[NR-eGR] Overflow after Early Global Route 0.08% H + 0.20% V
Early Global Route congestion estimation runtime: 1.95 seconds, mem = 47576.4M
Local HotSpot Analysis: normalized max congestion hotspot area = 11.54, normalized total congestion hotspot area = 20.33 (area is in unit of 4 std-cell row bins)
[NR-eGR]             Length (um)    Vias 
[NR-eGR] --------------------------------
[NR-eGR]  M1  (1V)             0  111270 
[NR-eGR]  M2  (2H)         66795  213935 
[NR-eGR]  C1  (3V)        148347   61706 
[NR-eGR]  C2  (4H)        101472   25964 
[NR-eGR]  C3  (5V)        132135   12290 
[NR-eGR]  C4  (6H)         71999    3062 
[NR-eGR]  BA  (7V)         45857    1720 
[NR-eGR]  BB  (8H)         22409      74 
[NR-eGR]  JA  (9V)           114       0 
[NR-eGR]  JB  (10H)            0       0 
[NR-eGR]  LB  (11V)            0       0 
[NR-eGR] --------------------------------
[NR-eGR]      Total       589129  430021 
[NR-eGR] --------------------------------------------------------------------------
[NR-eGR] Total half perimeter of net bounding box: 491288um
[NR-eGR] Total length: 589129um, number of vias: 430021
[NR-eGR] --------------------------------------------------------------------------
[NR-eGR] Total eGR-routed clock nets wire length: 0um, number of vias: 0
[NR-eGR] --------------------------------------------------------------------------
Early Global Route wiring runtime: 0.56 seconds, mem = 47566.4M
Tdgp not successfully inited but do clear! skip clearing
End of congRepair (cpu=0:00:20.3, real=0:00:09.0)
*** IncrReplace #1 [finish] (CTS #1 / ccopt_design #1) : cpu/real = 0:00:20.3/0:00:09.2 (2.2), totSession cpu/real = 0:29:23.1/0:08:17.4 (3.5), mem = 47566.4M
    Congestion Repair done. (took cpu=0:00:20.3 real=0:00:09.3)
      flow.cputime  flow.realtime  timing.setup.tns  timing.setup.wns  snapshot
UM:*                                                                   Congestion Repair
  CCOpt: Starting congestion repair using flow wrapper done.

**Info: (IMPSP-2062): Some of the PG shapes may not be colorized properly in this design, users are required to run command colorizePowerMesh before any placement related commands!
  Leaving CCOpt scope - Early Global Route done. (took cpu=0:00:23.6 real=0:00:11.8)
  Leaving CCOpt scope - extractRC...
  Updating RC parasitics by calling: "extract_rc -noRouteCheck"...
Extraction called for design 'Silago_top' of instances=36356 and nets=58669 using extraction engine 'pre_route' .
**WARN: (IMPEXT-3530):	The process node is not set. Use the command set_design_mode -process <process node> prior to extraction for maximum accuracy and optimal automatic threshold setting.
Type 'man IMPEXT-3530' for more detail.
pre_route RC Extraction called for design Silago_top.
RC Extraction called in multi-corner(3) mode.
RCMode: PreRoute
      RC Corner Indexes            0       1       2   
Capacitance Scaling Factor   : 1.00000 1.00000 1.00000 
Resistance Scaling Factor    : 1.00000 1.00000 1.00000 
Clock Cap. Scaling Factor    : 1.00000 1.00000 1.00000 
Clock Res. Scaling Factor    : 1.00000 1.00000 1.00000 
Shrink Factor                : 1.00000
PreRoute extraction is honoring NDR/Shielding/ExtraSpace for clock nets.
Using Quantus QRC technology file ...
Updating RC grid for preRoute extraction ...
Initializing multi-corner resistance tables ...
PreRoute RC Extraction DONE (CPU Time: 0:00:01.0  Real Time: 0:00:01.0  MEM: 47566.441M)
  Updating RC parasitics by calling: "extract_rc -noRouteCheck" done.
  Leaving CCOpt scope - extractRC done. (took cpu=0:00:01.0 real=0:00:00.9)
  Clock tree timing engine global stage delay update for WC_dc:setup.late...
  Clock tree timing engine global stage delay update for WC_dc:setup.late done. (took cpu=0:00:00.3 real=0:00:00.1)
  Clock DAG stats after clustering cong repair call:
    cell counts      : b=58, i=0, icg=0, dcg=0, l=0, total=58
    sink counts      : regular=5064, enable_latch=0, load_capacitance=0, antenna=0, node_sink=0, total=5064
    misc counts      : r=1, pp=0
    cell areas       : b=141.640um^2, i=0.000um^2, icg=0.000um^2, dcg=0.000um^2, l=0.000um^2, total=141.640um^2
    cell capacitance : b=301.097fF, i=0.000fF, icg=0.000fF, dcg=0.000fF, l=0.000fF, total=301.097fF
    sink capacitance : total=3725.903fF, avg=0.736fF, sd=0.034fF, min=0.679fF, max=0.757fF
    wire capacitance : top=0.000fF, trunk=145.529fF, leaf=1400.790fF, total=1546.319fF
    wire lengths     : top=0.000um, trunk=1085.817um, leaf=9923.008um, total=11008.825um
    hp wire lengths  : top=0.000um, trunk=830.112um, leaf=2696.826um, total=3526.938um
  Clock DAG net violations after clustering cong repair call: none
  Clock DAG primary half-corner transition distribution after clustering cong repair call:
    Trunk : target=87.8ps count=8 avg=44.6ps sd=17.5ps min=15.1ps max=64.8ps {5 <= 52.7ps, 3 <= 70.2ps, 0 <= 79.0ps, 0 <= 83.4ps, 0 <= 87.8ps}
    Leaf  : target=87.8ps count=51 avg=47.3ps sd=5.6ps min=38.5ps max=65.0ps {42 <= 52.7ps, 9 <= 70.2ps, 0 <= 79.0ps, 0 <= 83.4ps, 0 <= 87.8ps}
  Clock DAG library cell distribution after clustering cong repair call {count}:
     Bufs: SC8T_BUFX24_CSC28L: 55 SC8T_BUFX20_CSC28L: 3 
  Primary reporting skew groups after clustering cong repair call:
    skew_group clk/functional: insertion delay [min=177.2, max=228.9, avg=208.0, sd=11.9], skew [51.7 vs 53.8], 100% {177.2, 228.9} (wid=58.6 ws=45.0) (gid=179.3 gs=19.8)
  Skew group summary after clustering cong repair call:
    skew_group clk/functional: insertion delay [min=177.2, max=228.9, avg=208.0, sd=11.9], skew [51.7 vs 53.8], 100% {177.2, 228.9} (wid=58.6 ws=45.0) (gid=179.3 gs=19.8)
  CongRepair After Initial Clustering done. (took cpu=0:00:25.3 real=0:00:13.1)
      flow.cputime  flow.realtime  timing.setup.tns  timing.setup.wns  snapshot
UM:*                                                                   CongRepair After Initial Clustering
  Stage::Clustering done. (took cpu=0:00:39.6 real=0:00:19.7)
      flow.cputime  flow.realtime  timing.setup.tns  timing.setup.wns  snapshot
UM:*                                                                   Stage::Clustering
  Stage::DRV Fixing...
  Fixing clock tree slew time and max cap violations...
    Fixing clock tree overload: ...20% ...40% ...60% ...80% ...100% 
    Clock DAG stats after 'Fixing clock tree slew time and max cap violations':
      cell counts      : b=58, i=0, icg=0, dcg=0, l=0, total=58
      sink counts      : regular=5064, enable_latch=0, load_capacitance=0, antenna=0, node_sink=0, total=5064
      misc counts      : r=1, pp=0
      cell areas       : b=141.640um^2, i=0.000um^2, icg=0.000um^2, dcg=0.000um^2, l=0.000um^2, total=141.640um^2
      cell capacitance : b=301.097fF, i=0.000fF, icg=0.000fF, dcg=0.000fF, l=0.000fF, total=301.097fF
      sink capacitance : total=3725.903fF, avg=0.736fF, sd=0.034fF, min=0.679fF, max=0.757fF
      wire capacitance : top=0.000fF, trunk=145.529fF, leaf=1400.790fF, total=1546.319fF
      wire lengths     : top=0.000um, trunk=1085.817um, leaf=9923.008um, total=11008.825um
      hp wire lengths  : top=0.000um, trunk=830.112um, leaf=2696.826um, total=3526.938um
    Clock DAG net violations after 'Fixing clock tree slew time and max cap violations': none
    Clock DAG primary half-corner transition distribution after 'Fixing clock tree slew time and max cap violations':
      Trunk : target=87.8ps count=8 avg=44.6ps sd=17.5ps min=15.1ps max=64.8ps {5 <= 52.7ps, 3 <= 70.2ps, 0 <= 79.0ps, 0 <= 83.4ps, 0 <= 87.8ps}
      Leaf  : target=87.8ps count=51 avg=47.3ps sd=5.6ps min=38.5ps max=65.0ps {42 <= 52.7ps, 9 <= 70.2ps, 0 <= 79.0ps, 0 <= 83.4ps, 0 <= 87.8ps}
    Clock DAG library cell distribution after 'Fixing clock tree slew time and max cap violations' {count}:
       Bufs: SC8T_BUFX24_CSC28L: 55 SC8T_BUFX20_CSC28L: 3 
    Primary reporting skew groups after 'Fixing clock tree slew time and max cap violations':
      skew_group clk/functional: insertion delay [min=177.2, max=228.9], skew [51.7 vs 53.8]
    Skew group summary after 'Fixing clock tree slew time and max cap violations':
      skew_group clk/functional: insertion delay [min=177.2, max=228.9], skew [51.7 vs 53.8]
    Legalizer API calls during this step: 0 succeeded with high effort: 0 succeeded with medium effort: 0 succeeded with low effort: 0 succeeded with basic effort: 0 succeeded with basic unbounded effort: 0
  Fixing clock tree slew time and max cap violations done. (took cpu=0:00:00.1 real=0:00:00.1)
      flow.cputime  flow.realtime  timing.setup.tns  timing.setup.wns  snapshot
UM:*                                                                   Fixing clock tree slew time and max cap violations
  Fixing clock tree slew time and max cap violations - detailed pass...
    Fixing clock tree overload: ...20% ...40% ...60% ...80% ...100% 
    Clock DAG stats after 'Fixing clock tree slew time and max cap violations - detailed pass':
      cell counts      : b=58, i=0, icg=0, dcg=0, l=0, total=58
      sink counts      : regular=5064, enable_latch=0, load_capacitance=0, antenna=0, node_sink=0, total=5064
      misc counts      : r=1, pp=0
      cell areas       : b=141.640um^2, i=0.000um^2, icg=0.000um^2, dcg=0.000um^2, l=0.000um^2, total=141.640um^2
      cell capacitance : b=301.097fF, i=0.000fF, icg=0.000fF, dcg=0.000fF, l=0.000fF, total=301.097fF
      sink capacitance : total=3725.903fF, avg=0.736fF, sd=0.034fF, min=0.679fF, max=0.757fF
      wire capacitance : top=0.000fF, trunk=145.529fF, leaf=1400.790fF, total=1546.319fF
      wire lengths     : top=0.000um, trunk=1085.817um, leaf=9923.008um, total=11008.825um
      hp wire lengths  : top=0.000um, trunk=830.112um, leaf=2696.826um, total=3526.938um
    Clock DAG net violations after 'Fixing clock tree slew time and max cap violations - detailed pass': none
    Clock DAG primary half-corner transition distribution after 'Fixing clock tree slew time and max cap violations - detailed pass':
      Trunk : target=87.8ps count=8 avg=44.6ps sd=17.5ps min=15.1ps max=64.8ps {5 <= 52.7ps, 3 <= 70.2ps, 0 <= 79.0ps, 0 <= 83.4ps, 0 <= 87.8ps}
      Leaf  : target=87.8ps count=51 avg=47.3ps sd=5.6ps min=38.5ps max=65.0ps {42 <= 52.7ps, 9 <= 70.2ps, 0 <= 79.0ps, 0 <= 83.4ps, 0 <= 87.8ps}
    Clock DAG library cell distribution after 'Fixing clock tree slew time and max cap violations - detailed pass' {count}:
       Bufs: SC8T_BUFX24_CSC28L: 55 SC8T_BUFX20_CSC28L: 3 
    Primary reporting skew groups after 'Fixing clock tree slew time and max cap violations - detailed pass':
      skew_group clk/functional: insertion delay [min=177.2, max=228.9, avg=208.0, sd=11.9], skew [51.7 vs 53.8], 100% {177.2, 228.9} (wid=58.6 ws=45.0) (gid=179.3 gs=19.8)
    Skew group summary after 'Fixing clock tree slew time and max cap violations - detailed pass':
      skew_group clk/functional: insertion delay [min=177.2, max=228.9, avg=208.0, sd=11.9], skew [51.7 vs 53.8], 100% {177.2, 228.9} (wid=58.6 ws=45.0) (gid=179.3 gs=19.8)
    Legalizer API calls during this step: 0 succeeded with high effort: 0 succeeded with medium effort: 0 succeeded with low effort: 0 succeeded with basic effort: 0 succeeded with basic unbounded effort: 0
  Fixing clock tree slew time and max cap violations - detailed pass done. (took cpu=0:00:00.2 real=0:00:00.2)
      flow.cputime  flow.realtime  timing.setup.tns  timing.setup.wns  snapshot
UM:*                                                                   Fixing clock tree slew time and max cap violations - detailed pass
  Stage::DRV Fixing done. (took cpu=0:00:00.7 real=0:00:00.7)
      flow.cputime  flow.realtime  timing.setup.tns  timing.setup.wns  snapshot
UM:*                                                                   Stage::DRV Fixing
  Stage::Insertion Delay Reduction...
  Removing unnecessary root buffering...
    Clock DAG stats after 'Removing unnecessary root buffering':
      cell counts      : b=58, i=0, icg=0, dcg=0, l=0, total=58
      sink counts      : regular=5064, enable_latch=0, load_capacitance=0, antenna=0, node_sink=0, total=5064
      misc counts      : r=1, pp=0
      cell areas       : b=141.640um^2, i=0.000um^2, icg=0.000um^2, dcg=0.000um^2, l=0.000um^2, total=141.640um^2
      cell capacitance : b=301.097fF, i=0.000fF, icg=0.000fF, dcg=0.000fF, l=0.000fF, total=301.097fF
      sink capacitance : total=3725.903fF, avg=0.736fF, sd=0.034fF, min=0.679fF, max=0.757fF
      wire capacitance : top=0.000fF, trunk=145.529fF, leaf=1400.790fF, total=1546.319fF
      wire lengths     : top=0.000um, trunk=1085.817um, leaf=9923.008um, total=11008.825um
      hp wire lengths  : top=0.000um, trunk=830.112um, leaf=2696.826um, total=3526.938um
    Clock DAG net violations after 'Removing unnecessary root buffering': none
    Clock DAG primary half-corner transition distribution after 'Removing unnecessary root buffering':
      Trunk : target=87.8ps count=8 avg=44.6ps sd=17.5ps min=15.1ps max=64.8ps {5 <= 52.7ps, 3 <= 70.2ps, 0 <= 79.0ps, 0 <= 83.4ps, 0 <= 87.8ps}
      Leaf  : target=87.8ps count=51 avg=47.3ps sd=5.6ps min=38.5ps max=65.0ps {42 <= 52.7ps, 9 <= 70.2ps, 0 <= 79.0ps, 0 <= 83.4ps, 0 <= 87.8ps}
    Clock DAG library cell distribution after 'Removing unnecessary root buffering' {count}:
       Bufs: SC8T_BUFX24_CSC28L: 55 SC8T_BUFX20_CSC28L: 3 
    Primary reporting skew groups after 'Removing unnecessary root buffering':
      skew_group clk/functional: insertion delay [min=177.2, max=228.9], skew [51.7 vs 53.8]
    Skew group summary after 'Removing unnecessary root buffering':
      skew_group clk/functional: insertion delay [min=177.2, max=228.9], skew [51.7 vs 53.8]
    Legalizer API calls during this step: 5 succeeded with high effort: 5 succeeded with medium effort: 0 succeeded with low effort: 0 succeeded with basic effort: 0 succeeded with basic unbounded effort: 0
  Removing unnecessary root buffering done. (took cpu=0:00:00.2 real=0:00:00.2)
      flow.cputime  flow.realtime  timing.setup.tns  timing.setup.wns  snapshot
UM:*                                                                   Removing unnecessary root buffering
  Removing unconstrained drivers...
    Clock DAG stats after 'Removing unconstrained drivers':
      cell counts      : b=58, i=0, icg=0, dcg=0, l=0, total=58
      sink counts      : regular=5064, enable_latch=0, load_capacitance=0, antenna=0, node_sink=0, total=5064
      misc counts      : r=1, pp=0
      cell areas       : b=141.640um^2, i=0.000um^2, icg=0.000um^2, dcg=0.000um^2, l=0.000um^2, total=141.640um^2
      cell capacitance : b=301.097fF, i=0.000fF, icg=0.000fF, dcg=0.000fF, l=0.000fF, total=301.097fF
      sink capacitance : total=3725.903fF, avg=0.736fF, sd=0.034fF, min=0.679fF, max=0.757fF
      wire capacitance : top=0.000fF, trunk=145.529fF, leaf=1400.790fF, total=1546.319fF
      wire lengths     : top=0.000um, trunk=1085.817um, leaf=9923.008um, total=11008.825um
      hp wire lengths  : top=0.000um, trunk=830.112um, leaf=2696.826um, total=3526.938um
    Clock DAG net violations after 'Removing unconstrained drivers': none
    Clock DAG primary half-corner transition distribution after 'Removing unconstrained drivers':
      Trunk : target=87.8ps count=8 avg=44.6ps sd=17.5ps min=15.1ps max=64.8ps {5 <= 52.7ps, 3 <= 70.2ps, 0 <= 79.0ps, 0 <= 83.4ps, 0 <= 87.8ps}
      Leaf  : target=87.8ps count=51 avg=47.3ps sd=5.6ps min=38.5ps max=65.0ps {42 <= 52.7ps, 9 <= 70.2ps, 0 <= 79.0ps, 0 <= 83.4ps, 0 <= 87.8ps}
    Clock DAG library cell distribution after 'Removing unconstrained drivers' {count}:
       Bufs: SC8T_BUFX24_CSC28L: 55 SC8T_BUFX20_CSC28L: 3 
    Primary reporting skew groups after 'Removing unconstrained drivers':
      skew_group clk/functional: insertion delay [min=177.2, max=228.9], skew [51.7 vs 53.8]
    Skew group summary after 'Removing unconstrained drivers':
      skew_group clk/functional: insertion delay [min=177.2, max=228.9], skew [51.7 vs 53.8]
    Legalizer API calls during this step: 0 succeeded with high effort: 0 succeeded with medium effort: 0 succeeded with low effort: 0 succeeded with basic effort: 0 succeeded with basic unbounded effort: 0
  Removing unconstrained drivers done. (took cpu=0:00:00.1 real=0:00:00.1)
      flow.cputime  flow.realtime  timing.setup.tns  timing.setup.wns  snapshot
UM:*                                                                   Removing unconstrained drivers
  Reducing insertion delay 1...
    Clock DAG stats after 'Reducing insertion delay 1':
      cell counts      : b=58, i=0, icg=0, dcg=0, l=0, total=58
      sink counts      : regular=5064, enable_latch=0, load_capacitance=0, antenna=0, node_sink=0, total=5064
      misc counts      : r=1, pp=0
      cell areas       : b=141.640um^2, i=0.000um^2, icg=0.000um^2, dcg=0.000um^2, l=0.000um^2, total=141.640um^2
      cell capacitance : b=301.097fF, i=0.000fF, icg=0.000fF, dcg=0.000fF, l=0.000fF, total=301.097fF
      sink capacitance : total=3725.903fF, avg=0.736fF, sd=0.034fF, min=0.679fF, max=0.757fF
      wire capacitance : top=0.000fF, trunk=145.529fF, leaf=1400.790fF, total=1546.319fF
      wire lengths     : top=0.000um, trunk=1085.817um, leaf=9923.008um, total=11008.825um
      hp wire lengths  : top=0.000um, trunk=830.112um, leaf=2696.826um, total=3526.938um
    Clock DAG net violations after 'Reducing insertion delay 1': none
    Clock DAG primary half-corner transition distribution after 'Reducing insertion delay 1':
      Trunk : target=87.8ps count=8 avg=44.6ps sd=17.5ps min=15.1ps max=64.8ps {5 <= 52.7ps, 3 <= 70.2ps, 0 <= 79.0ps, 0 <= 83.4ps, 0 <= 87.8ps}
      Leaf  : target=87.8ps count=51 avg=47.3ps sd=5.6ps min=38.5ps max=65.0ps {42 <= 52.7ps, 9 <= 70.2ps, 0 <= 79.0ps, 0 <= 83.4ps, 0 <= 87.8ps}
    Clock DAG library cell distribution after 'Reducing insertion delay 1' {count}:
       Bufs: SC8T_BUFX24_CSC28L: 55 SC8T_BUFX20_CSC28L: 3 
    Primary reporting skew groups after 'Reducing insertion delay 1':
      skew_group clk/functional: insertion delay [min=177.2, max=228.9], skew [51.7 vs 53.8]
    Skew group summary after 'Reducing insertion delay 1':
      skew_group clk/functional: insertion delay [min=177.2, max=228.9], skew [51.7 vs 53.8]
    Legalizer API calls during this step: 13 succeeded with high effort: 13 succeeded with medium effort: 0 succeeded with low effort: 0 succeeded with basic effort: 0 succeeded with basic unbounded effort: 0
  Reducing insertion delay 1 done. (took cpu=0:00:00.1 real=0:00:00.1)
      flow.cputime  flow.realtime  timing.setup.tns  timing.setup.wns  snapshot
UM:*                                                                   Reducing insertion delay 1
  Removing longest path buffering...
    Clock DAG stats after 'Removing longest path buffering':
      cell counts      : b=58, i=0, icg=0, dcg=0, l=0, total=58
      sink counts      : regular=5064, enable_latch=0, load_capacitance=0, antenna=0, node_sink=0, total=5064
      misc counts      : r=1, pp=0
      cell areas       : b=141.640um^2, i=0.000um^2, icg=0.000um^2, dcg=0.000um^2, l=0.000um^2, total=141.640um^2
      cell capacitance : b=301.097fF, i=0.000fF, icg=0.000fF, dcg=0.000fF, l=0.000fF, total=301.097fF
      sink capacitance : total=3725.903fF, avg=0.736fF, sd=0.034fF, min=0.679fF, max=0.757fF
      wire capacitance : top=0.000fF, trunk=145.529fF, leaf=1400.790fF, total=1546.319fF
      wire lengths     : top=0.000um, trunk=1085.817um, leaf=9923.008um, total=11008.825um
      hp wire lengths  : top=0.000um, trunk=830.112um, leaf=2696.826um, total=3526.938um
    Clock DAG net violations after 'Removing longest path buffering': none
    Clock DAG primary half-corner transition distribution after 'Removing longest path buffering':
      Trunk : target=87.8ps count=8 avg=44.6ps sd=17.5ps min=15.1ps max=64.8ps {5 <= 52.7ps, 3 <= 70.2ps, 0 <= 79.0ps, 0 <= 83.4ps, 0 <= 87.8ps}
      Leaf  : target=87.8ps count=51 avg=47.3ps sd=5.6ps min=38.5ps max=65.0ps {42 <= 52.7ps, 9 <= 70.2ps, 0 <= 79.0ps, 0 <= 83.4ps, 0 <= 87.8ps}
    Clock DAG library cell distribution after 'Removing longest path buffering' {count}:
       Bufs: SC8T_BUFX24_CSC28L: 55 SC8T_BUFX20_CSC28L: 3 
    Primary reporting skew groups after 'Removing longest path buffering':
      skew_group clk/functional: insertion delay [min=177.2, max=228.9], skew [51.7 vs 53.8]
    Skew group summary after 'Removing longest path buffering':
      skew_group clk/functional: insertion delay [min=177.2, max=228.9], skew [51.7 vs 53.8]
    Legalizer API calls during this step: 31 succeeded with high effort: 31 succeeded with medium effort: 0 succeeded with low effort: 0 succeeded with basic effort: 0 succeeded with basic unbounded effort: 0
  Removing longest path buffering done. (took cpu=0:00:01.1 real=0:00:01.1)
      flow.cputime  flow.realtime  timing.setup.tns  timing.setup.wns  snapshot
UM:*                                                                   Removing longest path buffering
  Reducing insertion delay 2...
    Clock DAG stats after 'Reducing insertion delay 2':
      cell counts      : b=58, i=0, icg=0, dcg=0, l=0, total=58
      sink counts      : regular=5064, enable_latch=0, load_capacitance=0, antenna=0, node_sink=0, total=5064
      misc counts      : r=1, pp=0
      cell areas       : b=140.841um^2, i=0.000um^2, icg=0.000um^2, dcg=0.000um^2, l=0.000um^2, total=140.841um^2
      cell capacitance : b=299.378fF, i=0.000fF, icg=0.000fF, dcg=0.000fF, l=0.000fF, total=299.378fF
      sink capacitance : total=3725.903fF, avg=0.736fF, sd=0.034fF, min=0.679fF, max=0.757fF
      wire capacitance : top=0.000fF, trunk=146.890fF, leaf=1402.427fF, total=1549.317fF
      wire lengths     : top=0.000um, trunk=1088.383um, leaf=9934.734um, total=11023.117um
      hp wire lengths  : top=0.000um, trunk=832.224um, leaf=2697.146um, total=3529.370um
    Clock DAG net violations after 'Reducing insertion delay 2': none
    Clock DAG primary half-corner transition distribution after 'Reducing insertion delay 2':
      Trunk : target=87.8ps count=8 avg=42.1ps sd=17.3ps min=17.2ps max=64.8ps {6 <= 52.7ps, 2 <= 70.2ps, 0 <= 79.0ps, 0 <= 83.4ps, 0 <= 87.8ps}
      Leaf  : target=87.8ps count=51 avg=47.3ps sd=5.8ps min=38.4ps max=65.0ps {41 <= 52.7ps, 10 <= 70.2ps, 0 <= 79.0ps, 0 <= 83.4ps, 0 <= 87.8ps}
    Clock DAG library cell distribution after 'Reducing insertion delay 2' {count}:
       Bufs: SC8T_BUFX24_CSC28L: 54 SC8T_BUFX20_CSC28L: 3 SC8T_BUFX16_CSC28L: 1 
    Primary reporting skew groups after 'Reducing insertion delay 2':
      skew_group clk/functional: insertion delay [min=173.6, max=223.6, avg=202.8, sd=11.4], skew [50.0 vs 53.8], 100% {173.6, 223.6} (wid=55.7 ws=42.2) (gid=175.8 gs=19.8)
    Skew group summary after 'Reducing insertion delay 2':
      skew_group clk/functional: insertion delay [min=173.6, max=223.6, avg=202.8, sd=11.4], skew [50.0 vs 53.8], 100% {173.6, 223.6} (wid=55.7 ws=42.2) (gid=175.8 gs=19.8)
    Legalizer API calls during this step: 260 succeeded with high effort: 260 succeeded with medium effort: 0 succeeded with low effort: 0 succeeded with basic effort: 0 succeeded with basic unbounded effort: 0
  Reducing insertion delay 2 done. (took cpu=0:00:03.9 real=0:00:03.9)
      flow.cputime  flow.realtime  timing.setup.tns  timing.setup.wns  snapshot
UM:*                                                                   Reducing insertion delay 2
  Stage::Insertion Delay Reduction done. (took cpu=0:00:06.5 real=0:00:06.5)
      flow.cputime  flow.realtime  timing.setup.tns  timing.setup.wns  snapshot
UM:*                                                                   Stage::Insertion Delay Reduction
  CCOpt::Phase::Construction done. (took cpu=0:00:47.4 real=0:00:27.6)
      flow.cputime  flow.realtime  timing.setup.tns  timing.setup.wns  snapshot
UM:*                                                                   CCOpt::Phase::Construction
  CCOpt::Phase::Implementation...
  Stage::Reducing Power...
  Improving clock tree routing...
    Iteration 1...
    Iteration 1 done.
    Clock DAG stats after 'Improving clock tree routing':
      cell counts      : b=58, i=0, icg=0, dcg=0, l=0, total=58
      sink counts      : regular=5064, enable_latch=0, load_capacitance=0, antenna=0, node_sink=0, total=5064
      misc counts      : r=1, pp=0
      cell areas       : b=140.841um^2, i=0.000um^2, icg=0.000um^2, dcg=0.000um^2, l=0.000um^2, total=140.841um^2
      cell capacitance : b=299.378fF, i=0.000fF, icg=0.000fF, dcg=0.000fF, l=0.000fF, total=299.378fF
      sink capacitance : total=3725.903fF, avg=0.736fF, sd=0.034fF, min=0.679fF, max=0.757fF
      wire capacitance : top=0.000fF, trunk=146.890fF, leaf=1402.427fF, total=1549.317fF
      wire lengths     : top=0.000um, trunk=1088.383um, leaf=9934.734um, total=11023.117um
      hp wire lengths  : top=0.000um, trunk=832.224um, leaf=2697.146um, total=3529.370um
    Clock DAG net violations after 'Improving clock tree routing': none
    Clock DAG primary half-corner transition distribution after 'Improving clock tree routing':
      Trunk : target=87.8ps count=8 avg=42.1ps sd=17.3ps min=17.2ps max=64.8ps {6 <= 52.7ps, 2 <= 70.2ps, 0 <= 79.0ps, 0 <= 83.4ps, 0 <= 87.8ps}
      Leaf  : target=87.8ps count=51 avg=47.3ps sd=5.8ps min=38.4ps max=65.0ps {41 <= 52.7ps, 10 <= 70.2ps, 0 <= 79.0ps, 0 <= 83.4ps, 0 <= 87.8ps}
    Clock DAG library cell distribution after 'Improving clock tree routing' {count}:
       Bufs: SC8T_BUFX24_CSC28L: 54 SC8T_BUFX20_CSC28L: 3 SC8T_BUFX16_CSC28L: 1 
    Primary reporting skew groups after 'Improving clock tree routing':
      skew_group clk/functional: insertion delay [min=173.6, max=223.6], skew [50.0 vs 53.8]
    Skew group summary after 'Improving clock tree routing':
      skew_group clk/functional: insertion delay [min=173.6, max=223.6], skew [50.0 vs 53.8]
    Legalizer API calls during this step: 23 succeeded with high effort: 23 succeeded with medium effort: 0 succeeded with low effort: 0 succeeded with basic effort: 0 succeeded with basic unbounded effort: 0
  Improving clock tree routing done. (took cpu=0:00:00.2 real=0:00:00.2)
      flow.cputime  flow.realtime  timing.setup.tns  timing.setup.wns  snapshot
UM:*                                                                   Improving clock tree routing
  Reducing clock tree power 1...
    Resizing gates:     ..Legalizing clock trees...
    Legalizing clock trees done. (took cpu=0:00:00.0 real=0:00:00.0)
      flow.cputime  flow.realtime  timing.setup.tns  timing.setup.wns  snapshot
UM:*                                                                   Legalizing clock trees
    .20% ...40% ...60% ...80% ...100% 
    Clock DAG stats after reducing clock tree power 1 iteration 1:
      cell counts      : b=58, i=0, icg=0, dcg=0, l=0, total=58
      sink counts      : regular=5064, enable_latch=0, load_capacitance=0, antenna=0, node_sink=0, total=5064
      misc counts      : r=1, pp=0
      cell areas       : b=82.335um^2, i=0.000um^2, icg=0.000um^2, dcg=0.000um^2, l=0.000um^2, total=82.335um^2
      cell capacitance : b=173.603fF, i=0.000fF, icg=0.000fF, dcg=0.000fF, l=0.000fF, total=173.603fF
      sink capacitance : total=3725.903fF, avg=0.736fF, sd=0.034fF, min=0.679fF, max=0.757fF
      wire capacitance : top=0.000fF, trunk=146.132fF, leaf=1400.452fF, total=1546.584fF
      wire lengths     : top=0.000um, trunk=1081.396um, leaf=9920.125um, total=11001.521um
      hp wire lengths  : top=0.000um, trunk=832.224um, leaf=2697.146um, total=3529.370um
    Clock DAG net violations after reducing clock tree power 1 iteration 1: none
    Clock DAG primary half-corner transition distribution after reducing clock tree power 1 iteration 1:
      Trunk : target=87.8ps count=8 avg=32.7ps sd=10.3ps min=11.4ps max=42.4ps {8 <= 52.7ps, 0 <= 70.2ps, 0 <= 79.0ps, 0 <= 83.4ps, 0 <= 87.8ps}
      Leaf  : target=87.8ps count=51 avg=75.0ps sd=9.7ps min=48.0ps max=87.7ps {1 <= 52.7ps, 9 <= 70.2ps, 24 <= 79.0ps, 6 <= 83.4ps, 11 <= 87.8ps}
    Clock DAG library cell distribution after reducing clock tree power 1 iteration 1 {count}:
       Bufs: SC8T_BUFX24_CSC28L: 2 SC8T_BUFX20_CSC28L: 4 SC8T_BUFX16_CSC28L: 13 SC8T_BUFX12_CSC28L: 31 SC8T_BUFX10_CSC28L: 7 SC8T_BUFX8_CSC28L: 1 
    Primary reporting skew groups after reducing clock tree power 1 iteration 1:
      skew_group clk/functional: insertion delay [min=189.5, max=234.7], skew [45.2 vs 53.8]
    Skew group summary after reducing clock tree power 1 iteration 1:
      skew_group clk/functional: insertion delay [min=189.5, max=234.7], skew [45.2 vs 53.8]
    Resizing gates:     ..Legalizing clock trees...
    Legalizing clock trees done. (took cpu=0:00:00.0 real=0:00:00.0)
      flow.cputime  flow.realtime  timing.setup.tns  timing.setup.wns  snapshot
UM:*                                                                   Legalizing clock trees
    .20% ...40% ...60% ...80% ...100% 
    Clock DAG stats after reducing clock tree power 1 iteration 2:
      cell counts      : b=58, i=0, icg=0, dcg=0, l=0, total=58
      sink counts      : regular=5064, enable_latch=0, load_capacitance=0, antenna=0, node_sink=0, total=5064
      misc counts      : r=1, pp=0
      cell areas       : b=74.348um^2, i=0.000um^2, icg=0.000um^2, dcg=0.000um^2, l=0.000um^2, total=74.348um^2
      cell capacitance : b=156.673fF, i=0.000fF, icg=0.000fF, dcg=0.000fF, l=0.000fF, total=156.673fF
      sink capacitance : total=3725.903fF, avg=0.736fF, sd=0.034fF, min=0.679fF, max=0.757fF
      wire capacitance : top=0.000fF, trunk=145.893fF, leaf=1399.772fF, total=1545.665fF
      wire lengths     : top=0.000um, trunk=1079.920um, leaf=9914.725um, total=10994.645um
      hp wire lengths  : top=0.000um, trunk=832.224um, leaf=2697.146um, total=3529.370um
    Clock DAG net violations after reducing clock tree power 1 iteration 2: none
    Clock DAG primary half-corner transition distribution after reducing clock tree power 1 iteration 2:
      Trunk : target=87.8ps count=8 avg=33.8ps sd=11.4ps min=11.4ps max=45.8ps {8 <= 52.7ps, 0 <= 70.2ps, 0 <= 79.0ps, 0 <= 83.4ps, 0 <= 87.8ps}
      Leaf  : target=87.8ps count=51 avg=80.5ps sd=5.5ps min=70.1ps max=87.8ps {0 <= 52.7ps, 1 <= 70.2ps, 19 <= 79.0ps, 12 <= 83.4ps, 19 <= 87.8ps}
    Clock DAG library cell distribution after reducing clock tree power 1 iteration 2 {count}:
       Bufs: SC8T_BUFX20_CSC28L: 2 SC8T_BUFX16_CSC28L: 9 SC8T_BUFX12_CSC28L: 27 SC8T_BUFX10_CSC28L: 19 SC8T_BUFX8_CSC28L: 1 
    Primary reporting skew groups after reducing clock tree power 1 iteration 2:
      skew_group clk/functional: insertion delay [min=191.4, max=233.6], skew [42.2 vs 53.8]
    Skew group summary after reducing clock tree power 1 iteration 2:
      skew_group clk/functional: insertion delay [min=191.4, max=233.6], skew [42.2 vs 53.8]
    Resizing gates:     ...20% ...40% ...60% ...80% Legalizing clock trees...
    Legalizing clock trees done. (took cpu=0:00:00.0 real=0:00:00.0)
      flow.cputime  flow.realtime  timing.setup.tns  timing.setup.wns  snapshot
UM:*                                                                   Legalizing clock trees
    ...100% 
    Clock DAG stats after 'Reducing clock tree power 1':
      cell counts      : b=58, i=0, icg=0, dcg=0, l=0, total=58
      sink counts      : regular=5064, enable_latch=0, load_capacitance=0, antenna=0, node_sink=0, total=5064
      misc counts      : r=1, pp=0
      cell areas       : b=73.349um^2, i=0.000um^2, icg=0.000um^2, dcg=0.000um^2, l=0.000um^2, total=73.349um^2
      cell capacitance : b=154.590fF, i=0.000fF, icg=0.000fF, dcg=0.000fF, l=0.000fF, total=154.590fF
      sink capacitance : total=3725.903fF, avg=0.736fF, sd=0.034fF, min=0.679fF, max=0.757fF
      wire capacitance : top=0.000fF, trunk=145.877fF, leaf=1399.783fF, total=1545.660fF
      wire lengths     : top=0.000um, trunk=1079.862um, leaf=9914.829um, total=10994.691um
      hp wire lengths  : top=0.000um, trunk=832.224um, leaf=2697.146um, total=3529.370um
    Clock DAG net violations after 'Reducing clock tree power 1': none
    Clock DAG primary half-corner transition distribution after 'Reducing clock tree power 1':
      Trunk : target=87.8ps count=8 avg=34.7ps sd=12.4ps min=11.4ps max=48.5ps {8 <= 52.7ps, 0 <= 70.2ps, 0 <= 79.0ps, 0 <= 83.4ps, 0 <= 87.8ps}
      Leaf  : target=87.8ps count=51 avg=81.2ps sd=5.0ps min=70.9ps max=87.8ps {0 <= 52.7ps, 0 <= 70.2ps, 17 <= 79.0ps, 13 <= 83.4ps, 21 <= 87.8ps}
    Clock DAG library cell distribution after 'Reducing clock tree power 1' {count}:
       Bufs: SC8T_BUFX20_CSC28L: 2 SC8T_BUFX16_CSC28L: 8 SC8T_BUFX12_CSC28L: 25 SC8T_BUFX10_CSC28L: 22 SC8T_BUFX8_CSC28L: 1 
    Primary reporting skew groups after 'Reducing clock tree power 1':
      skew_group clk/functional: insertion delay [min=191.1, max=233.3], skew [42.2 vs 53.8]
    Skew group summary after 'Reducing clock tree power 1':
      skew_group clk/functional: insertion delay [min=191.1, max=233.3], skew [42.2 vs 53.8]
    Legalizer API calls during this step: 496 succeeded with high effort: 496 succeeded with medium effort: 0 succeeded with low effort: 0 succeeded with basic effort: 0 succeeded with basic unbounded effort: 0
  Reducing clock tree power 1 done. (took cpu=0:00:10.6 real=0:00:04.5)
      flow.cputime  flow.realtime  timing.setup.tns  timing.setup.wns  snapshot
UM:*                                                                   Reducing clock tree power 1
  Reducing clock tree power 2...
    Clock DAG stats after 'Reducing clock tree power 2':
      cell counts      : b=58, i=0, icg=0, dcg=0, l=0, total=58
      sink counts      : regular=5064, enable_latch=0, load_capacitance=0, antenna=0, node_sink=0, total=5064
      misc counts      : r=1, pp=0
      cell areas       : b=73.349um^2, i=0.000um^2, icg=0.000um^2, dcg=0.000um^2, l=0.000um^2, total=73.349um^2
      cell capacitance : b=154.590fF, i=0.000fF, icg=0.000fF, dcg=0.000fF, l=0.000fF, total=154.590fF
      sink capacitance : total=3725.903fF, avg=0.736fF, sd=0.034fF, min=0.679fF, max=0.757fF
      wire capacitance : top=0.000fF, trunk=145.877fF, leaf=1399.783fF, total=1545.660fF
      wire lengths     : top=0.000um, trunk=1079.862um, leaf=9914.829um, total=10994.691um
      hp wire lengths  : top=0.000um, trunk=832.224um, leaf=2697.146um, total=3529.370um
    Clock DAG net violations after 'Reducing clock tree power 2': none
    Clock DAG primary half-corner transition distribution after 'Reducing clock tree power 2':
      Trunk : target=87.8ps count=8 avg=34.7ps sd=12.4ps min=11.4ps max=48.5ps {8 <= 52.7ps, 0 <= 70.2ps, 0 <= 79.0ps, 0 <= 83.4ps, 0 <= 87.8ps}
      Leaf  : target=87.8ps count=51 avg=81.2ps sd=5.0ps min=70.9ps max=87.8ps {0 <= 52.7ps, 0 <= 70.2ps, 17 <= 79.0ps, 13 <= 83.4ps, 21 <= 87.8ps}
    Clock DAG library cell distribution after 'Reducing clock tree power 2' {count}:
       Bufs: SC8T_BUFX20_CSC28L: 2 SC8T_BUFX16_CSC28L: 8 SC8T_BUFX12_CSC28L: 25 SC8T_BUFX10_CSC28L: 22 SC8T_BUFX8_CSC28L: 1 
    Primary reporting skew groups after 'Reducing clock tree power 2':
      skew_group clk/functional: insertion delay [min=191.1, max=233.3, avg=222.1, sd=7.0], skew [42.2 vs 53.8], 100% {191.1, 233.3} (wid=49.3 ws=37.7) (gid=202.3 gs=34.9)
    Skew group summary after 'Reducing clock tree power 2':
      skew_group clk/functional: insertion delay [min=191.1, max=233.3, avg=222.1, sd=7.0], skew [42.2 vs 53.8], 100% {191.1, 233.3} (wid=49.3 ws=37.7) (gid=202.3 gs=34.9)
    Legalizer API calls during this step: 0 succeeded with high effort: 0 succeeded with medium effort: 0 succeeded with low effort: 0 succeeded with basic effort: 0 succeeded with basic unbounded effort: 0
  Reducing clock tree power 2 done. (took cpu=0:00:00.2 real=0:00:00.2)
      flow.cputime  flow.realtime  timing.setup.tns  timing.setup.wns  snapshot
UM:*                                                                   Reducing clock tree power 2
  Stage::Reducing Power done. (took cpu=0:00:11.7 real=0:00:05.5)
      flow.cputime  flow.realtime  timing.setup.tns  timing.setup.wns  snapshot
UM:*                                                                   Stage::Reducing Power
  Stage::Balancing...
  Approximately balancing fragments step...
    Resolve constraints - Approximately balancing fragments...
    Resolving skew group constraints...
      Solving LP: 1 skew groups; 2 fragments, 2 fraglets and 3 vertices; 25 variables and 66 constraints; tolerance 1
    Resolving skew group constraints done.
    Resolve constraints - Approximately balancing fragments done. (took cpu=0:00:00.5 real=0:00:00.5)
      flow.cputime  flow.realtime  timing.setup.tns  timing.setup.wns  snapshot
UM:*                                                                   Resolve constraints - Approximately balancing fragments
    Estimate delay to be added in balancing - Approximately balancing fragments...
    Trial balancer estimated the amount of delay to be added in balancing: 0.0ps
    Estimate delay to be added in balancing - Approximately balancing fragments done. (took cpu=0:00:00.3 real=0:00:00.3)
      flow.cputime  flow.realtime  timing.setup.tns  timing.setup.wns  snapshot
UM:*                                                                   Estimate delay to be added in balancing - Approximately balancing fragments
    Approximately balancing fragments...
      Moving gates to improve sub-tree skew...
        Tried: 60 Succeeded: 0
        Topology Tried: 0 Succeeded: 0
        0 Succeeded with SS ratio
        0 Succeeded with Lollipop: 0 with tier one, 0 with tier two. 
        Total reducing skew: 0 Average reducing skew for 0 nets : 0
        Clock DAG stats after 'Moving gates to improve sub-tree skew':
          cell counts      : b=58, i=0, icg=0, dcg=0, l=0, total=58
          sink counts      : regular=5064, enable_latch=0, load_capacitance=0, antenna=0, node_sink=0, total=5064
          misc counts      : r=1, pp=0
          cell areas       : b=73.349um^2, i=0.000um^2, icg=0.000um^2, dcg=0.000um^2, l=0.000um^2, total=73.349um^2
          cell capacitance : b=154.590fF, i=0.000fF, icg=0.000fF, dcg=0.000fF, l=0.000fF, total=154.590fF
          sink capacitance : total=3725.903fF, avg=0.736fF, sd=0.034fF, min=0.679fF, max=0.757fF
          wire capacitance : top=0.000fF, trunk=145.877fF, leaf=1399.783fF, total=1545.660fF
          wire lengths     : top=0.000um, trunk=1079.862um, leaf=9914.829um, total=10994.691um
          hp wire lengths  : top=0.000um, trunk=832.224um, leaf=2697.146um, total=3529.370um
        Clock DAG net violations after 'Moving gates to improve sub-tree skew': none
        Clock DAG primary half-corner transition distribution after 'Moving gates to improve sub-tree skew':
          Trunk : target=87.8ps count=8 avg=34.7ps sd=12.4ps min=11.4ps max=48.5ps {8 <= 52.7ps, 0 <= 70.2ps, 0 <= 79.0ps, 0 <= 83.4ps, 0 <= 87.8ps}
          Leaf  : target=87.8ps count=51 avg=81.2ps sd=5.0ps min=70.9ps max=87.8ps {0 <= 52.7ps, 0 <= 70.2ps, 17 <= 79.0ps, 13 <= 83.4ps, 21 <= 87.8ps}
        Clock DAG library cell distribution after 'Moving gates to improve sub-tree skew' {count}:
           Bufs: SC8T_BUFX20_CSC28L: 2 SC8T_BUFX16_CSC28L: 8 SC8T_BUFX12_CSC28L: 25 SC8T_BUFX10_CSC28L: 22 SC8T_BUFX8_CSC28L: 1 
        Legalizer API calls during this step: 0 succeeded with high effort: 0 succeeded with medium effort: 0 succeeded with low effort: 0 succeeded with basic effort: 0 succeeded with basic unbounded effort: 0
      Moving gates to improve sub-tree skew done. (took cpu=0:00:00.1 real=0:00:00.1)
      flow.cputime  flow.realtime  timing.setup.tns  timing.setup.wns  snapshot
UM:*                                                                   Moving gates to improve sub-tree skew
      Approximately balancing fragments bottom up...
        bottom up balancing: ...20% ...40% ...60% ...80% ...100% 
        Clock DAG stats after 'Approximately balancing fragments bottom up':
          cell counts      : b=58, i=0, icg=0, dcg=0, l=0, total=58
          sink counts      : regular=5064, enable_latch=0, load_capacitance=0, antenna=0, node_sink=0, total=5064
          misc counts      : r=1, pp=0
          cell areas       : b=73.349um^2, i=0.000um^2, icg=0.000um^2, dcg=0.000um^2, l=0.000um^2, total=73.349um^2
          cell capacitance : b=154.590fF, i=0.000fF, icg=0.000fF, dcg=0.000fF, l=0.000fF, total=154.590fF
          sink capacitance : total=3725.903fF, avg=0.736fF, sd=0.034fF, min=0.679fF, max=0.757fF
          wire capacitance : top=0.000fF, trunk=145.877fF, leaf=1399.783fF, total=1545.660fF
          wire lengths     : top=0.000um, trunk=1079.862um, leaf=9914.829um, total=10994.691um
          hp wire lengths  : top=0.000um, trunk=832.224um, leaf=2697.146um, total=3529.370um
        Clock DAG net violations after 'Approximately balancing fragments bottom up': none
        Clock DAG primary half-corner transition distribution after 'Approximately balancing fragments bottom up':
          Trunk : target=87.8ps count=8 avg=34.7ps sd=12.4ps min=11.4ps max=48.5ps {8 <= 52.7ps, 0 <= 70.2ps, 0 <= 79.0ps, 0 <= 83.4ps, 0 <= 87.8ps}
          Leaf  : target=87.8ps count=51 avg=81.2ps sd=5.0ps min=70.9ps max=87.8ps {0 <= 52.7ps, 0 <= 70.2ps, 17 <= 79.0ps, 13 <= 83.4ps, 21 <= 87.8ps}
        Clock DAG library cell distribution after 'Approximately balancing fragments bottom up' {count}:
           Bufs: SC8T_BUFX20_CSC28L: 2 SC8T_BUFX16_CSC28L: 8 SC8T_BUFX12_CSC28L: 25 SC8T_BUFX10_CSC28L: 22 SC8T_BUFX8_CSC28L: 1 
        Legalizer API calls during this step: 13 succeeded with high effort: 13 succeeded with medium effort: 0 succeeded with low effort: 0 succeeded with basic effort: 0 succeeded with basic unbounded effort: 0
      Approximately balancing fragments bottom up done. (took cpu=0:00:01.8 real=0:00:01.7)
      flow.cputime  flow.realtime  timing.setup.tns  timing.setup.wns  snapshot
UM:*                                                                   Approximately balancing fragments bottom up
      Approximately balancing fragments, wire and cell delays...
      Approximately balancing fragments, wire and cell delays, iteration 1...
        Clock DAG stats after Approximately balancing fragments, wire and cell delays, iteration 1:
          cell counts      : b=58, i=0, icg=0, dcg=0, l=0, total=58
          sink counts      : regular=5064, enable_latch=0, load_capacitance=0, antenna=0, node_sink=0, total=5064
          misc counts      : r=1, pp=0
          cell areas       : b=73.349um^2, i=0.000um^2, icg=0.000um^2, dcg=0.000um^2, l=0.000um^2, total=73.349um^2
          cell capacitance : b=154.590fF, i=0.000fF, icg=0.000fF, dcg=0.000fF, l=0.000fF, total=154.590fF
          sink capacitance : total=3725.903fF, avg=0.736fF, sd=0.034fF, min=0.679fF, max=0.757fF
          wire capacitance : top=0.000fF, trunk=145.877fF, leaf=1399.783fF, total=1545.660fF
          wire lengths     : top=0.000um, trunk=1079.862um, leaf=9914.829um, total=10994.691um
          hp wire lengths  : top=0.000um, trunk=832.224um, leaf=2697.146um, total=3529.370um
        Clock DAG net violations after Approximately balancing fragments, wire and cell delays, iteration 1: none
        Clock DAG primary half-corner transition distribution after Approximately balancing fragments, wire and cell delays, iteration 1:
          Trunk : target=87.8ps count=8 avg=34.7ps sd=12.4ps min=11.4ps max=48.5ps {8 <= 52.7ps, 0 <= 70.2ps, 0 <= 79.0ps, 0 <= 83.4ps, 0 <= 87.8ps}
          Leaf  : target=87.8ps count=51 avg=81.2ps sd=5.0ps min=70.9ps max=87.8ps {0 <= 52.7ps, 0 <= 70.2ps, 17 <= 79.0ps, 13 <= 83.4ps, 21 <= 87.8ps}
        Clock DAG library cell distribution after Approximately balancing fragments, wire and cell delays, iteration 1 {count}:
           Bufs: SC8T_BUFX20_CSC28L: 2 SC8T_BUFX16_CSC28L: 8 SC8T_BUFX12_CSC28L: 25 SC8T_BUFX10_CSC28L: 22 SC8T_BUFX8_CSC28L: 1 
      Approximately balancing fragments, wire and cell delays, iteration 1 done.
      Approximately balancing fragments, wire and cell delays done. (took cpu=0:00:00.1 real=0:00:00.1)
      flow.cputime  flow.realtime  timing.setup.tns  timing.setup.wns  snapshot
UM:*                                                                   Approximately balancing fragments, wire and cell delays
    Approximately balancing fragments done.
    Clock DAG stats after 'Approximately balancing fragments step':
      cell counts      : b=58, i=0, icg=0, dcg=0, l=0, total=58
      sink counts      : regular=5064, enable_latch=0, load_capacitance=0, antenna=0, node_sink=0, total=5064
      misc counts      : r=1, pp=0
      cell areas       : b=73.349um^2, i=0.000um^2, icg=0.000um^2, dcg=0.000um^2, l=0.000um^2, total=73.349um^2
      cell capacitance : b=154.590fF, i=0.000fF, icg=0.000fF, dcg=0.000fF, l=0.000fF, total=154.590fF
      sink capacitance : total=3725.903fF, avg=0.736fF, sd=0.034fF, min=0.679fF, max=0.757fF
      wire capacitance : top=0.000fF, trunk=145.877fF, leaf=1399.783fF, total=1545.660fF
      wire lengths     : top=0.000um, trunk=1079.862um, leaf=9914.829um, total=10994.691um
      hp wire lengths  : top=0.000um, trunk=832.224um, leaf=2697.146um, total=3529.370um
    Clock DAG net violations after 'Approximately balancing fragments step': none
    Clock DAG primary half-corner transition distribution after 'Approximately balancing fragments step':
      Trunk : target=87.8ps count=8 avg=34.7ps sd=12.4ps min=11.4ps max=48.5ps {8 <= 52.7ps, 0 <= 70.2ps, 0 <= 79.0ps, 0 <= 83.4ps, 0 <= 87.8ps}
      Leaf  : target=87.8ps count=51 avg=81.2ps sd=5.0ps min=70.9ps max=87.8ps {0 <= 52.7ps, 0 <= 70.2ps, 17 <= 79.0ps, 13 <= 83.4ps, 21 <= 87.8ps}
    Clock DAG library cell distribution after 'Approximately balancing fragments step' {count}:
       Bufs: SC8T_BUFX20_CSC28L: 2 SC8T_BUFX16_CSC28L: 8 SC8T_BUFX12_CSC28L: 25 SC8T_BUFX10_CSC28L: 22 SC8T_BUFX8_CSC28L: 1 
    Legalizer API calls during this step: 13 succeeded with high effort: 13 succeeded with medium effort: 0 succeeded with low effort: 0 succeeded with basic effort: 0 succeeded with basic unbounded effort: 0
  Approximately balancing fragments step done. (took cpu=0:00:04.0 real=0:00:04.0)
      flow.cputime  flow.realtime  timing.setup.tns  timing.setup.wns  snapshot
UM:*                                                                   Approximately balancing fragments step
  Clock DAG stats after Approximately balancing fragments:
    cell counts      : b=58, i=0, icg=0, dcg=0, l=0, total=58
    sink counts      : regular=5064, enable_latch=0, load_capacitance=0, antenna=0, node_sink=0, total=5064
    misc counts      : r=1, pp=0
    cell areas       : b=73.349um^2, i=0.000um^2, icg=0.000um^2, dcg=0.000um^2, l=0.000um^2, total=73.349um^2
    cell capacitance : b=154.590fF, i=0.000fF, icg=0.000fF, dcg=0.000fF, l=0.000fF, total=154.590fF
    sink capacitance : total=3725.903fF, avg=0.736fF, sd=0.034fF, min=0.679fF, max=0.757fF
    wire capacitance : top=0.000fF, trunk=145.877fF, leaf=1399.783fF, total=1545.660fF
    wire lengths     : top=0.000um, trunk=1079.862um, leaf=9914.829um, total=10994.691um
    hp wire lengths  : top=0.000um, trunk=832.224um, leaf=2697.146um, total=3529.370um
  Clock DAG net violations after Approximately balancing fragments: none
  Clock DAG primary half-corner transition distribution after Approximately balancing fragments:
    Trunk : target=87.8ps count=8 avg=34.7ps sd=12.4ps min=11.4ps max=48.5ps {8 <= 52.7ps, 0 <= 70.2ps, 0 <= 79.0ps, 0 <= 83.4ps, 0 <= 87.8ps}
    Leaf  : target=87.8ps count=51 avg=81.2ps sd=5.0ps min=70.9ps max=87.8ps {0 <= 52.7ps, 0 <= 70.2ps, 17 <= 79.0ps, 13 <= 83.4ps, 21 <= 87.8ps}
  Clock DAG library cell distribution after Approximately balancing fragments {count}:
     Bufs: SC8T_BUFX20_CSC28L: 2 SC8T_BUFX16_CSC28L: 8 SC8T_BUFX12_CSC28L: 25 SC8T_BUFX10_CSC28L: 22 SC8T_BUFX8_CSC28L: 1 
  Primary reporting skew groups after Approximately balancing fragments:
    skew_group clk/functional: insertion delay [min=191.1, max=233.3], skew [42.2 vs 53.8]
  Skew group summary after Approximately balancing fragments:
    skew_group clk/functional: insertion delay [min=191.1, max=233.3], skew [42.2 vs 53.8]
  Improving fragments clock skew...
    Clock DAG stats after 'Improving fragments clock skew':
      cell counts      : b=58, i=0, icg=0, dcg=0, l=0, total=58
      sink counts      : regular=5064, enable_latch=0, load_capacitance=0, antenna=0, node_sink=0, total=5064
      misc counts      : r=1, pp=0
      cell areas       : b=73.349um^2, i=0.000um^2, icg=0.000um^2, dcg=0.000um^2, l=0.000um^2, total=73.349um^2
      cell capacitance : b=154.590fF, i=0.000fF, icg=0.000fF, dcg=0.000fF, l=0.000fF, total=154.590fF
      sink capacitance : total=3725.903fF, avg=0.736fF, sd=0.034fF, min=0.679fF, max=0.757fF
      wire capacitance : top=0.000fF, trunk=145.877fF, leaf=1399.783fF, total=1545.660fF
      wire lengths     : top=0.000um, trunk=1079.862um, leaf=9914.829um, total=10994.691um
      hp wire lengths  : top=0.000um, trunk=832.224um, leaf=2697.146um, total=3529.370um
    Clock DAG net violations after 'Improving fragments clock skew': none
    Clock DAG primary half-corner transition distribution after 'Improving fragments clock skew':
      Trunk : target=87.8ps count=8 avg=34.7ps sd=12.4ps min=11.4ps max=48.5ps {8 <= 52.7ps, 0 <= 70.2ps, 0 <= 79.0ps, 0 <= 83.4ps, 0 <= 87.8ps}
      Leaf  : target=87.8ps count=51 avg=81.2ps sd=5.0ps min=70.9ps max=87.8ps {0 <= 52.7ps, 0 <= 70.2ps, 17 <= 79.0ps, 13 <= 83.4ps, 21 <= 87.8ps}
    Clock DAG library cell distribution after 'Improving fragments clock skew' {count}:
       Bufs: SC8T_BUFX20_CSC28L: 2 SC8T_BUFX16_CSC28L: 8 SC8T_BUFX12_CSC28L: 25 SC8T_BUFX10_CSC28L: 22 SC8T_BUFX8_CSC28L: 1 
    Primary reporting skew groups after 'Improving fragments clock skew':
      skew_group clk/functional: insertion delay [min=191.1, max=233.3], skew [42.2 vs 53.8]
    Skew group summary after 'Improving fragments clock skew':
      skew_group clk/functional: insertion delay [min=191.1, max=233.3], skew [42.2 vs 53.8]
    Legalizer API calls during this step: 0 succeeded with high effort: 0 succeeded with medium effort: 0 succeeded with low effort: 0 succeeded with basic effort: 0 succeeded with basic unbounded effort: 0
  Improving fragments clock skew done. (took cpu=0:00:00.2 real=0:00:00.2)
      flow.cputime  flow.realtime  timing.setup.tns  timing.setup.wns  snapshot
UM:*                                                                   Improving fragments clock skew
  Approximately balancing step...
    Resolve constraints - Approximately balancing...
    Resolving skew group constraints...
      Solving LP: 1 skew groups; 2 fragments, 2 fraglets and 3 vertices; 25 variables and 66 constraints; tolerance 1
    Resolving skew group constraints done.
    Resolve constraints - Approximately balancing done. (took cpu=0:00:00.3 real=0:00:00.3)
      flow.cputime  flow.realtime  timing.setup.tns  timing.setup.wns  snapshot
UM:*                                                                   Resolve constraints - Approximately balancing
    Approximately balancing...
      Approximately balancing, wire and cell delays...
      Approximately balancing, wire and cell delays, iteration 1...
        Clock DAG stats after Approximately balancing, wire and cell delays, iteration 1:
          cell counts      : b=58, i=0, icg=0, dcg=0, l=0, total=58
          sink counts      : regular=5064, enable_latch=0, load_capacitance=0, antenna=0, node_sink=0, total=5064
          misc counts      : r=1, pp=0
          cell areas       : b=73.349um^2, i=0.000um^2, icg=0.000um^2, dcg=0.000um^2, l=0.000um^2, total=73.349um^2
          cell capacitance : b=154.590fF, i=0.000fF, icg=0.000fF, dcg=0.000fF, l=0.000fF, total=154.590fF
          sink capacitance : total=3725.903fF, avg=0.736fF, sd=0.034fF, min=0.679fF, max=0.757fF
          wire capacitance : top=0.000fF, trunk=145.877fF, leaf=1399.783fF, total=1545.660fF
          wire lengths     : top=0.000um, trunk=1079.862um, leaf=9914.829um, total=10994.691um
          hp wire lengths  : top=0.000um, trunk=832.224um, leaf=2697.146um, total=3529.370um
        Clock DAG net violations after Approximately balancing, wire and cell delays, iteration 1: none
        Clock DAG primary half-corner transition distribution after Approximately balancing, wire and cell delays, iteration 1:
          Trunk : target=87.8ps count=8 avg=34.7ps sd=12.4ps min=11.4ps max=48.5ps {8 <= 52.7ps, 0 <= 70.2ps, 0 <= 79.0ps, 0 <= 83.4ps, 0 <= 87.8ps}
          Leaf  : target=87.8ps count=51 avg=81.2ps sd=5.0ps min=70.9ps max=87.8ps {0 <= 52.7ps, 0 <= 70.2ps, 17 <= 79.0ps, 13 <= 83.4ps, 21 <= 87.8ps}
        Clock DAG library cell distribution after Approximately balancing, wire and cell delays, iteration 1 {count}:
           Bufs: SC8T_BUFX20_CSC28L: 2 SC8T_BUFX16_CSC28L: 8 SC8T_BUFX12_CSC28L: 25 SC8T_BUFX10_CSC28L: 22 SC8T_BUFX8_CSC28L: 1 
      Approximately balancing, wire and cell delays, iteration 1 done.
      Approximately balancing, wire and cell delays done. (took cpu=0:00:00.1 real=0:00:00.1)
      flow.cputime  flow.realtime  timing.setup.tns  timing.setup.wns  snapshot
UM:*                                                                   Approximately balancing, wire and cell delays
    Approximately balancing done.
    Clock DAG stats after 'Approximately balancing step':
      cell counts      : b=58, i=0, icg=0, dcg=0, l=0, total=58
      sink counts      : regular=5064, enable_latch=0, load_capacitance=0, antenna=0, node_sink=0, total=5064
      misc counts      : r=1, pp=0
      cell areas       : b=73.349um^2, i=0.000um^2, icg=0.000um^2, dcg=0.000um^2, l=0.000um^2, total=73.349um^2
      cell capacitance : b=154.590fF, i=0.000fF, icg=0.000fF, dcg=0.000fF, l=0.000fF, total=154.590fF
      sink capacitance : total=3725.903fF, avg=0.736fF, sd=0.034fF, min=0.679fF, max=0.757fF
      wire capacitance : top=0.000fF, trunk=145.877fF, leaf=1399.783fF, total=1545.660fF
      wire lengths     : top=0.000um, trunk=1079.862um, leaf=9914.829um, total=10994.691um
      hp wire lengths  : top=0.000um, trunk=832.224um, leaf=2697.146um, total=3529.370um
    Clock DAG net violations after 'Approximately balancing step': none
    Clock DAG primary half-corner transition distribution after 'Approximately balancing step':
      Trunk : target=87.8ps count=8 avg=34.7ps sd=12.4ps min=11.4ps max=48.5ps {8 <= 52.7ps, 0 <= 70.2ps, 0 <= 79.0ps, 0 <= 83.4ps, 0 <= 87.8ps}
      Leaf  : target=87.8ps count=51 avg=81.2ps sd=5.0ps min=70.9ps max=87.8ps {0 <= 52.7ps, 0 <= 70.2ps, 17 <= 79.0ps, 13 <= 83.4ps, 21 <= 87.8ps}
    Clock DAG library cell distribution after 'Approximately balancing step' {count}:
       Bufs: SC8T_BUFX20_CSC28L: 2 SC8T_BUFX16_CSC28L: 8 SC8T_BUFX12_CSC28L: 25 SC8T_BUFX10_CSC28L: 22 SC8T_BUFX8_CSC28L: 1 
    Primary reporting skew groups after 'Approximately balancing step':
      skew_group clk/functional: insertion delay [min=191.1, max=233.3], skew [42.2 vs 53.8]
    Skew group summary after 'Approximately balancing step':
      skew_group clk/functional: insertion delay [min=191.1, max=233.3], skew [42.2 vs 53.8]
    Legalizer API calls during this step: 0 succeeded with high effort: 0 succeeded with medium effort: 0 succeeded with low effort: 0 succeeded with basic effort: 0 succeeded with basic unbounded effort: 0
  Approximately balancing step done. (took cpu=0:00:00.9 real=0:00:00.9)
      flow.cputime  flow.realtime  timing.setup.tns  timing.setup.wns  snapshot
UM:*                                                                   Approximately balancing step
  Fixing clock tree overload...
    Fixing clock tree overload: ...20% ...40% ...60% ...80% ...100% 
    Clock DAG stats after 'Fixing clock tree overload':
      cell counts      : b=58, i=0, icg=0, dcg=0, l=0, total=58
      sink counts      : regular=5064, enable_latch=0, load_capacitance=0, antenna=0, node_sink=0, total=5064
      misc counts      : r=1, pp=0
      cell areas       : b=73.349um^2, i=0.000um^2, icg=0.000um^2, dcg=0.000um^2, l=0.000um^2, total=73.349um^2
      cell capacitance : b=154.590fF, i=0.000fF, icg=0.000fF, dcg=0.000fF, l=0.000fF, total=154.590fF
      sink capacitance : total=3725.903fF, avg=0.736fF, sd=0.034fF, min=0.679fF, max=0.757fF
      wire capacitance : top=0.000fF, trunk=145.877fF, leaf=1399.783fF, total=1545.660fF
      wire lengths     : top=0.000um, trunk=1079.862um, leaf=9914.829um, total=10994.691um
      hp wire lengths  : top=0.000um, trunk=832.224um, leaf=2697.146um, total=3529.370um
    Clock DAG net violations after 'Fixing clock tree overload': none
    Clock DAG primary half-corner transition distribution after 'Fixing clock tree overload':
      Trunk : target=87.8ps count=8 avg=34.7ps sd=12.4ps min=11.4ps max=48.5ps {8 <= 52.7ps, 0 <= 70.2ps, 0 <= 79.0ps, 0 <= 83.4ps, 0 <= 87.8ps}
      Leaf  : target=87.8ps count=51 avg=81.2ps sd=5.0ps min=70.9ps max=87.8ps {0 <= 52.7ps, 0 <= 70.2ps, 17 <= 79.0ps, 13 <= 83.4ps, 21 <= 87.8ps}
    Clock DAG library cell distribution after 'Fixing clock tree overload' {count}:
       Bufs: SC8T_BUFX20_CSC28L: 2 SC8T_BUFX16_CSC28L: 8 SC8T_BUFX12_CSC28L: 25 SC8T_BUFX10_CSC28L: 22 SC8T_BUFX8_CSC28L: 1 
    Primary reporting skew groups after 'Fixing clock tree overload':
      skew_group clk/functional: insertion delay [min=191.1, max=233.3], skew [42.2 vs 53.8]
    Skew group summary after 'Fixing clock tree overload':
      skew_group clk/functional: insertion delay [min=191.1, max=233.3], skew [42.2 vs 53.8]
    Legalizer API calls during this step: 0 succeeded with high effort: 0 succeeded with medium effort: 0 succeeded with low effort: 0 succeeded with basic effort: 0 succeeded with basic unbounded effort: 0
  Fixing clock tree overload done. (took cpu=0:00:00.1 real=0:00:00.1)
      flow.cputime  flow.realtime  timing.setup.tns  timing.setup.wns  snapshot
UM:*                                                                   Fixing clock tree overload
  Approximately balancing paths...
    Added 0 buffers.
    Clock DAG stats after 'Approximately balancing paths':
      cell counts      : b=58, i=0, icg=0, dcg=0, l=0, total=58
      sink counts      : regular=5064, enable_latch=0, load_capacitance=0, antenna=0, node_sink=0, total=5064
      misc counts      : r=1, pp=0
      cell areas       : b=73.349um^2, i=0.000um^2, icg=0.000um^2, dcg=0.000um^2, l=0.000um^2, total=73.349um^2
      cell capacitance : b=154.590fF, i=0.000fF, icg=0.000fF, dcg=0.000fF, l=0.000fF, total=154.590fF
      sink capacitance : total=3725.903fF, avg=0.736fF, sd=0.034fF, min=0.679fF, max=0.757fF
      wire capacitance : top=0.000fF, trunk=145.877fF, leaf=1399.783fF, total=1545.660fF
      wire lengths     : top=0.000um, trunk=1079.862um, leaf=9914.829um, total=10994.691um
      hp wire lengths  : top=0.000um, trunk=832.224um, leaf=2697.146um, total=3529.370um
    Clock DAG net violations after 'Approximately balancing paths': none
    Clock DAG primary half-corner transition distribution after 'Approximately balancing paths':
      Trunk : target=87.8ps count=8 avg=34.7ps sd=12.4ps min=11.4ps max=48.5ps {8 <= 52.7ps, 0 <= 70.2ps, 0 <= 79.0ps, 0 <= 83.4ps, 0 <= 87.8ps}
      Leaf  : target=87.8ps count=51 avg=81.2ps sd=5.0ps min=70.9ps max=87.8ps {0 <= 52.7ps, 0 <= 70.2ps, 17 <= 79.0ps, 13 <= 83.4ps, 21 <= 87.8ps}
    Clock DAG library cell distribution after 'Approximately balancing paths' {count}:
       Bufs: SC8T_BUFX20_CSC28L: 2 SC8T_BUFX16_CSC28L: 8 SC8T_BUFX12_CSC28L: 25 SC8T_BUFX10_CSC28L: 22 SC8T_BUFX8_CSC28L: 1 
    Primary reporting skew groups after 'Approximately balancing paths':
      skew_group clk/functional: insertion delay [min=191.1, max=233.3, avg=222.1, sd=7.0], skew [42.2 vs 53.8], 100% {191.1, 233.3} (wid=49.3 ws=37.7) (gid=202.3 gs=34.9)
    Skew group summary after 'Approximately balancing paths':
      skew_group clk/functional: insertion delay [min=191.1, max=233.3, avg=222.1, sd=7.0], skew [42.2 vs 53.8], 100% {191.1, 233.3} (wid=49.3 ws=37.7) (gid=202.3 gs=34.9)
    Legalizer API calls during this step: 0 succeeded with high effort: 0 succeeded with medium effort: 0 succeeded with low effort: 0 succeeded with basic effort: 0 succeeded with basic unbounded effort: 0
  Approximately balancing paths done. (took cpu=0:00:00.2 real=0:00:00.2)
      flow.cputime  flow.realtime  timing.setup.tns  timing.setup.wns  snapshot
UM:*                                                                   Approximately balancing paths
  Stage::Balancing done. (took cpu=0:00:06.7 real=0:00:06.7)
      flow.cputime  flow.realtime  timing.setup.tns  timing.setup.wns  snapshot
UM:*                                                                   Stage::Balancing
  Stage::Polishing...
  Clock tree timing engine global stage delay update for WC_dc:setup.late...
  Clock tree timing engine global stage delay update for WC_dc:setup.late done. (took cpu=0:00:00.3 real=0:00:00.1)
  Clock DAG stats before polishing:
    cell counts      : b=58, i=0, icg=0, dcg=0, l=0, total=58
    sink counts      : regular=5064, enable_latch=0, load_capacitance=0, antenna=0, node_sink=0, total=5064
    misc counts      : r=1, pp=0
    cell areas       : b=73.349um^2, i=0.000um^2, icg=0.000um^2, dcg=0.000um^2, l=0.000um^2, total=73.349um^2
    cell capacitance : b=154.590fF, i=0.000fF, icg=0.000fF, dcg=0.000fF, l=0.000fF, total=154.590fF
    sink capacitance : total=3725.903fF, avg=0.736fF, sd=0.034fF, min=0.679fF, max=0.757fF
    wire capacitance : top=0.000fF, trunk=145.877fF, leaf=1399.783fF, total=1545.660fF
    wire lengths     : top=0.000um, trunk=1079.862um, leaf=9914.829um, total=10994.691um
    hp wire lengths  : top=0.000um, trunk=832.224um, leaf=2697.146um, total=3529.370um
  Clock DAG net violations before polishing: none
  Clock DAG primary half-corner transition distribution before polishing:
    Trunk : target=87.8ps count=8 avg=34.7ps sd=12.4ps min=11.4ps max=48.5ps {8 <= 52.7ps, 0 <= 70.2ps, 0 <= 79.0ps, 0 <= 83.4ps, 0 <= 87.8ps}
    Leaf  : target=87.8ps count=51 avg=81.2ps sd=5.0ps min=70.9ps max=87.8ps {0 <= 52.7ps, 0 <= 70.2ps, 16 <= 79.0ps, 14 <= 83.4ps, 21 <= 87.8ps}
  Clock DAG library cell distribution before polishing {count}:
     Bufs: SC8T_BUFX20_CSC28L: 2 SC8T_BUFX16_CSC28L: 8 SC8T_BUFX12_CSC28L: 25 SC8T_BUFX10_CSC28L: 22 SC8T_BUFX8_CSC28L: 1 
  Primary reporting skew groups before polishing:
    skew_group clk/functional: insertion delay [min=193.4, max=234.8], skew [41.4 vs 53.8]
  Skew group summary before polishing:
    skew_group clk/functional: insertion delay [min=193.4, max=234.8], skew [41.4 vs 53.8]
  Merging balancing drivers for power...
    Tried: 60 Succeeded: 0
    Clock DAG stats after 'Merging balancing drivers for power':
      cell counts      : b=58, i=0, icg=0, dcg=0, l=0, total=58
      sink counts      : regular=5064, enable_latch=0, load_capacitance=0, antenna=0, node_sink=0, total=5064
      misc counts      : r=1, pp=0
      cell areas       : b=73.349um^2, i=0.000um^2, icg=0.000um^2, dcg=0.000um^2, l=0.000um^2, total=73.349um^2
      cell capacitance : b=154.590fF, i=0.000fF, icg=0.000fF, dcg=0.000fF, l=0.000fF, total=154.590fF
      sink capacitance : total=3725.903fF, avg=0.736fF, sd=0.034fF, min=0.679fF, max=0.757fF
      wire capacitance : top=0.000fF, trunk=145.877fF, leaf=1399.783fF, total=1545.660fF
      wire lengths     : top=0.000um, trunk=1079.862um, leaf=9914.829um, total=10994.691um
      hp wire lengths  : top=0.000um, trunk=832.224um, leaf=2697.146um, total=3529.370um
    Clock DAG net violations after 'Merging balancing drivers for power': none
    Clock DAG primary half-corner transition distribution after 'Merging balancing drivers for power':
      Trunk : target=87.8ps count=8 avg=34.7ps sd=12.4ps min=11.4ps max=48.5ps {8 <= 52.7ps, 0 <= 70.2ps, 0 <= 79.0ps, 0 <= 83.4ps, 0 <= 87.8ps}
      Leaf  : target=87.8ps count=51 avg=81.2ps sd=5.0ps min=70.9ps max=87.8ps {0 <= 52.7ps, 0 <= 70.2ps, 16 <= 79.0ps, 14 <= 83.4ps, 21 <= 87.8ps}
    Clock DAG library cell distribution after 'Merging balancing drivers for power' {count}:
       Bufs: SC8T_BUFX20_CSC28L: 2 SC8T_BUFX16_CSC28L: 8 SC8T_BUFX12_CSC28L: 25 SC8T_BUFX10_CSC28L: 22 SC8T_BUFX8_CSC28L: 1 
    Primary reporting skew groups after 'Merging balancing drivers for power':
      skew_group clk/functional: insertion delay [min=193.4, max=234.8], skew [41.4 vs 53.8]
    Skew group summary after 'Merging balancing drivers for power':
      skew_group clk/functional: insertion delay [min=193.4, max=234.8], skew [41.4 vs 53.8]
    Legalizer API calls during this step: 0 succeeded with high effort: 0 succeeded with medium effort: 0 succeeded with low effort: 0 succeeded with basic effort: 0 succeeded with basic unbounded effort: 0
  Merging balancing drivers for power done. (took cpu=0:00:00.1 real=0:00:00.1)
      flow.cputime  flow.realtime  timing.setup.tns  timing.setup.wns  snapshot
UM:*                                                                   Merging balancing drivers for power
  Improving clock skew...
    Clock DAG stats after 'Improving clock skew':
      cell counts      : b=58, i=0, icg=0, dcg=0, l=0, total=58
      sink counts      : regular=5064, enable_latch=0, load_capacitance=0, antenna=0, node_sink=0, total=5064
      misc counts      : r=1, pp=0
      cell areas       : b=73.349um^2, i=0.000um^2, icg=0.000um^2, dcg=0.000um^2, l=0.000um^2, total=73.349um^2
      cell capacitance : b=154.590fF, i=0.000fF, icg=0.000fF, dcg=0.000fF, l=0.000fF, total=154.590fF
      sink capacitance : total=3725.903fF, avg=0.736fF, sd=0.034fF, min=0.679fF, max=0.757fF
      wire capacitance : top=0.000fF, trunk=145.877fF, leaf=1399.783fF, total=1545.660fF
      wire lengths     : top=0.000um, trunk=1079.862um, leaf=9914.829um, total=10994.691um
      hp wire lengths  : top=0.000um, trunk=832.224um, leaf=2697.146um, total=3529.370um
    Clock DAG net violations after 'Improving clock skew': none
    Clock DAG primary half-corner transition distribution after 'Improving clock skew':
      Trunk : target=87.8ps count=8 avg=34.7ps sd=12.4ps min=11.4ps max=48.5ps {8 <= 52.7ps, 0 <= 70.2ps, 0 <= 79.0ps, 0 <= 83.4ps, 0 <= 87.8ps}
      Leaf  : target=87.8ps count=51 avg=81.2ps sd=5.0ps min=70.9ps max=87.8ps {0 <= 52.7ps, 0 <= 70.2ps, 16 <= 79.0ps, 14 <= 83.4ps, 21 <= 87.8ps}
    Clock DAG library cell distribution after 'Improving clock skew' {count}:
       Bufs: SC8T_BUFX20_CSC28L: 2 SC8T_BUFX16_CSC28L: 8 SC8T_BUFX12_CSC28L: 25 SC8T_BUFX10_CSC28L: 22 SC8T_BUFX8_CSC28L: 1 
    Primary reporting skew groups after 'Improving clock skew':
      skew_group clk/functional: insertion delay [min=193.4, max=234.8, avg=222.8, sd=7.0], skew [41.4 vs 53.8], 100% {193.4, 234.8} (wid=49.4 ws=37.8) (gid=202.4 gs=32.8)
    Skew group summary after 'Improving clock skew':
      skew_group clk/functional: insertion delay [min=193.4, max=234.8, avg=222.8, sd=7.0], skew [41.4 vs 53.8], 100% {193.4, 234.8} (wid=49.4 ws=37.8) (gid=202.4 gs=32.8)
    Legalizer API calls during this step: 0 succeeded with high effort: 0 succeeded with medium effort: 0 succeeded with low effort: 0 succeeded with basic effort: 0 succeeded with basic unbounded effort: 0
  Improving clock skew done. (took cpu=0:00:00.2 real=0:00:00.2)
      flow.cputime  flow.realtime  timing.setup.tns  timing.setup.wns  snapshot
UM:*                                                                   Improving clock skew
  Moving gates to reduce wire capacitance...
    Modified slew target multipliers. Leaf=(1 to 0.9) Trunk=(1 to 0.95) Top=(1 to 0.95)
    Iteration 1...
      Artificially removing short and long paths...
        Legalizer API calls during this step: 0 succeeded with high effort: 0 succeeded with medium effort: 0 succeeded with low effort: 0 succeeded with basic effort: 0 succeeded with basic unbounded effort: 0
      Artificially removing short and long paths done. (took cpu=0:00:00.1 real=0:00:00.1)
      Moving gates to reduce wire capacitance - iteration 1: WireCapReduction...
        Legalizing clock trees...
        Legalizing clock trees done. (took cpu=0:00:00.0 real=0:00:00.0)
      flow.cputime  flow.realtime  timing.setup.tns  timing.setup.wns  snapshot
UM:*                                                                   Legalizing clock trees
        Legalizer API calls during this step: 403 succeeded with high effort: 403 succeeded with medium effort: 0 succeeded with low effort: 0 succeeded with basic effort: 0 succeeded with basic unbounded effort: 0
      Moving gates to reduce wire capacitance - iteration 1: WireCapReduction done. (took cpu=0:00:01.5 real=0:00:01.2)
      Moving gates to reduce wire capacitance - iteration 1: MoveGates...
        Moving gates:         ..Legalizing clock trees...
        Legalizing clock trees done. (took cpu=0:00:00.0 real=0:00:00.0)
      flow.cputime  flow.realtime  timing.setup.tns  timing.setup.wns  snapshot
UM:*                                                                   Legalizing clock trees
        .20% ...40% ...60% ...80% ...100% 
        Legalizer API calls during this step: 812 succeeded with high effort: 812 succeeded with medium effort: 0 succeeded with low effort: 0 succeeded with basic effort: 0 succeeded with basic unbounded effort: 0
      Moving gates to reduce wire capacitance - iteration 1: MoveGates done. (took cpu=0:00:09.9 real=0:00:03.0)
    Iteration 1 done.
    Iteration 2...
      Artificially removing short and long paths...
        Legalizer API calls during this step: 0 succeeded with high effort: 0 succeeded with medium effort: 0 succeeded with low effort: 0 succeeded with basic effort: 0 succeeded with basic unbounded effort: 0
      Artificially removing short and long paths done. (took cpu=0:00:00.1 real=0:00:00.1)
      Moving gates to reduce wire capacitance - iteration 2: WireCapReduction...
        Legalizing clock trees...
        Legalizing clock trees done. (took cpu=0:00:00.0 real=0:00:00.0)
      flow.cputime  flow.realtime  timing.setup.tns  timing.setup.wns  snapshot
UM:*                                                                   Legalizing clock trees
        Legalizer API calls during this step: 329 succeeded with high effort: 329 succeeded with medium effort: 0 succeeded with low effort: 0 succeeded with basic effort: 0 succeeded with basic unbounded effort: 0
      Moving gates to reduce wire capacitance - iteration 2: WireCapReduction done. (took cpu=0:00:01.7 real=0:00:01.6)
      Moving gates to reduce wire capacitance - iteration 2: MoveGates...
        Moving gates:         ..Legalizing clock trees...
        Legalizing clock trees done. (took cpu=0:00:00.0 real=0:00:00.0)
      flow.cputime  flow.realtime  timing.setup.tns  timing.setup.wns  snapshot
UM:*                                                                   Legalizing clock trees
        .20% ...40% ...60% ...80% ...100% 
        Legalizer API calls during this step: 812 succeeded with high effort: 812 succeeded with medium effort: 0 succeeded with low effort: 0 succeeded with basic effort: 0 succeeded with basic unbounded effort: 0
      Moving gates to reduce wire capacitance - iteration 2: MoveGates done. (took cpu=0:00:06.2 real=0:00:02.2)
    Iteration 2 done.
    Reverted slew target multipliers. Leaf=(0.9 to 1) Trunk=(0.95 to 1) Top=(0.95 to 1)
    Clock DAG stats after 'Moving gates to reduce wire capacitance':
      cell counts      : b=58, i=0, icg=0, dcg=0, l=0, total=58
      sink counts      : regular=5064, enable_latch=0, load_capacitance=0, antenna=0, node_sink=0, total=5064
      misc counts      : r=1, pp=0
      cell areas       : b=73.349um^2, i=0.000um^2, icg=0.000um^2, dcg=0.000um^2, l=0.000um^2, total=73.349um^2
      cell capacitance : b=154.590fF, i=0.000fF, icg=0.000fF, dcg=0.000fF, l=0.000fF, total=154.590fF
      sink capacitance : total=3725.903fF, avg=0.736fF, sd=0.034fF, min=0.679fF, max=0.757fF
      wire capacitance : top=0.000fF, trunk=135.352fF, leaf=1387.592fF, total=1522.944fF
      wire lengths     : top=0.000um, trunk=1004.109um, leaf=9829.128um, total=10833.237um
      hp wire lengths  : top=0.000um, trunk=827.752um, leaf=2711.128um, total=3538.880um
    Clock DAG net violations after 'Moving gates to reduce wire capacitance': none
    Clock DAG primary half-corner transition distribution after 'Moving gates to reduce wire capacitance':
      Trunk : target=87.8ps count=8 avg=34.0ps sd=12.1ps min=11.4ps max=47.6ps {8 <= 52.7ps, 0 <= 70.2ps, 0 <= 79.0ps, 0 <= 83.4ps, 0 <= 87.8ps}
      Leaf  : target=87.8ps count=51 avg=80.5ps sd=5.5ps min=65.1ps max=87.3ps {0 <= 52.7ps, 1 <= 70.2ps, 15 <= 79.0ps, 16 <= 83.4ps, 19 <= 87.8ps}
    Clock DAG library cell distribution after 'Moving gates to reduce wire capacitance' {count}:
       Bufs: SC8T_BUFX20_CSC28L: 2 SC8T_BUFX16_CSC28L: 8 SC8T_BUFX12_CSC28L: 25 SC8T_BUFX10_CSC28L: 22 SC8T_BUFX8_CSC28L: 1 
    Primary reporting skew groups after 'Moving gates to reduce wire capacitance':
      skew_group clk/functional: insertion delay [min=190.7, max=233.4, avg=221.2, sd=7.2], skew [42.7 vs 53.8], 100% {190.7, 233.4} (wid=48.8 ws=37.1) (gid=200.8 gs=31.9)
    Skew group summary after 'Moving gates to reduce wire capacitance':
      skew_group clk/functional: insertion delay [min=190.7, max=233.4, avg=221.2, sd=7.2], skew [42.7 vs 53.8], 100% {190.7, 233.4} (wid=48.8 ws=37.1) (gid=200.8 gs=31.9)
    Legalizer API calls during this step: 2356 succeeded with high effort: 2356 succeeded with medium effort: 0 succeeded with low effort: 0 succeeded with basic effort: 0 succeeded with basic unbounded effort: 0
  Moving gates to reduce wire capacitance done. (took cpu=0:00:19.8 real=0:00:08.5)
      flow.cputime  flow.realtime  timing.setup.tns  timing.setup.wns  snapshot
UM:*                                                                   Moving gates to reduce wire capacitance
  Reducing clock tree power 3...
    Artificially removing short and long paths...
      Legalizer API calls during this step: 0 succeeded with high effort: 0 succeeded with medium effort: 0 succeeded with low effort: 0 succeeded with basic effort: 0 succeeded with basic unbounded effort: 0
    Artificially removing short and long paths done. (took cpu=0:00:00.1 real=0:00:00.1)
    Initial gate capacitance is (rise=2676.660fF fall=3880.493fF).
    Resizing gates:     ...20% ...40% ...60% ...80% ...Legalizing clock trees...
    Legalizing clock trees done. (took cpu=0:00:00.0 real=0:00:00.0)
      flow.cputime  flow.realtime  timing.setup.tns  timing.setup.wns  snapshot
UM:*                                                                   Legalizing clock trees
    100% 
    Stopping in iteration 1: unable to make further power recovery in this step.
    Iteration 1: gate capacitance is (rise=2674.602fF fall=3878.410fF).
    Clock DAG stats after 'Reducing clock tree power 3':
      cell counts      : b=58, i=0, icg=0, dcg=0, l=0, total=58
      sink counts      : regular=5064, enable_latch=0, load_capacitance=0, antenna=0, node_sink=0, total=5064
      misc counts      : r=1, pp=0
      cell areas       : b=72.351um^2, i=0.000um^2, icg=0.000um^2, dcg=0.000um^2, l=0.000um^2, total=72.351um^2
      cell capacitance : b=152.507fF, i=0.000fF, icg=0.000fF, dcg=0.000fF, l=0.000fF, total=152.507fF
      sink capacitance : total=3725.903fF, avg=0.736fF, sd=0.034fF, min=0.679fF, max=0.757fF
      wire capacitance : top=0.000fF, trunk=135.380fF, leaf=1387.917fF, total=1523.297fF
      wire lengths     : top=0.000um, trunk=1004.305um, leaf=9830.540um, total=10834.845um
      hp wire lengths  : top=0.000um, trunk=827.752um, leaf=2711.128um, total=3538.880um
    Clock DAG net violations after 'Reducing clock tree power 3': none
    Clock DAG primary half-corner transition distribution after 'Reducing clock tree power 3':
      Trunk : target=87.8ps count=8 avg=33.8ps sd=11.9ps min=11.4ps max=47.3ps {8 <= 52.7ps, 0 <= 70.2ps, 0 <= 79.0ps, 0 <= 83.4ps, 0 <= 87.8ps}
      Leaf  : target=87.8ps count=51 avg=81.6ps sd=4.8ps min=71.3ps max=87.3ps {0 <= 52.7ps, 0 <= 70.2ps, 12 <= 79.0ps, 17 <= 83.4ps, 22 <= 87.8ps}
    Clock DAG library cell distribution after 'Reducing clock tree power 3' {count}:
       Bufs: SC8T_BUFX20_CSC28L: 2 SC8T_BUFX16_CSC28L: 7 SC8T_BUFX12_CSC28L: 23 SC8T_BUFX10_CSC28L: 25 SC8T_BUFX8_CSC28L: 1 
    Primary reporting skew groups after 'Reducing clock tree power 3':
      skew_group clk/functional: insertion delay [min=190.7, max=233.6, avg=221.7, sd=7.1], skew [42.9 vs 53.8], 100% {190.7, 233.6} (wid=48.8 ws=35.6) (gid=200.8 gs=31.9)
    Skew group summary after 'Reducing clock tree power 3':
      skew_group clk/functional: insertion delay [min=190.7, max=233.6, avg=221.7, sd=7.1], skew [42.9 vs 53.8], 100% {190.7, 233.6} (wid=48.8 ws=35.6) (gid=200.8 gs=31.9)
    Legalizer API calls during this step: 133 succeeded with high effort: 133 succeeded with medium effort: 0 succeeded with low effort: 0 succeeded with basic effort: 0 succeeded with basic unbounded effort: 0
  Reducing clock tree power 3 done. (took cpu=0:00:02.4 real=0:00:01.3)
      flow.cputime  flow.realtime  timing.setup.tns  timing.setup.wns  snapshot
UM:*                                                                   Reducing clock tree power 3
  Improving insertion delay...
    Clock DAG stats after 'Improving insertion delay':
      cell counts      : b=58, i=0, icg=0, dcg=0, l=0, total=58
      sink counts      : regular=5064, enable_latch=0, load_capacitance=0, antenna=0, node_sink=0, total=5064
      misc counts      : r=1, pp=0
      cell areas       : b=72.351um^2, i=0.000um^2, icg=0.000um^2, dcg=0.000um^2, l=0.000um^2, total=72.351um^2
      cell capacitance : b=152.507fF, i=0.000fF, icg=0.000fF, dcg=0.000fF, l=0.000fF, total=152.507fF
      sink capacitance : total=3725.903fF, avg=0.736fF, sd=0.034fF, min=0.679fF, max=0.757fF
      wire capacitance : top=0.000fF, trunk=135.380fF, leaf=1387.917fF, total=1523.297fF
      wire lengths     : top=0.000um, trunk=1004.305um, leaf=9830.540um, total=10834.845um
      hp wire lengths  : top=0.000um, trunk=827.752um, leaf=2711.128um, total=3538.880um
    Clock DAG net violations after 'Improving insertion delay': none
    Clock DAG primary half-corner transition distribution after 'Improving insertion delay':
      Trunk : target=87.8ps count=8 avg=33.8ps sd=11.9ps min=11.4ps max=47.3ps {8 <= 52.7ps, 0 <= 70.2ps, 0 <= 79.0ps, 0 <= 83.4ps, 0 <= 87.8ps}
      Leaf  : target=87.8ps count=51 avg=81.6ps sd=4.8ps min=71.3ps max=87.3ps {0 <= 52.7ps, 0 <= 70.2ps, 12 <= 79.0ps, 17 <= 83.4ps, 22 <= 87.8ps}
    Clock DAG library cell distribution after 'Improving insertion delay' {count}:
       Bufs: SC8T_BUFX20_CSC28L: 2 SC8T_BUFX16_CSC28L: 7 SC8T_BUFX12_CSC28L: 23 SC8T_BUFX10_CSC28L: 25 SC8T_BUFX8_CSC28L: 1 
    Primary reporting skew groups after 'Improving insertion delay':
      skew_group clk/functional: insertion delay [min=190.7, max=233.6, avg=221.7, sd=7.1], skew [42.9 vs 53.8], 100% {190.7, 233.6} (wid=48.8 ws=35.6) (gid=200.8 gs=31.9)
    Skew group summary after 'Improving insertion delay':
      skew_group clk/functional: insertion delay [min=190.7, max=233.6, avg=221.7, sd=7.1], skew [42.9 vs 53.8], 100% {190.7, 233.6} (wid=48.8 ws=35.6) (gid=200.8 gs=31.9)
    Legalizer API calls during this step: 0 succeeded with high effort: 0 succeeded with medium effort: 0 succeeded with low effort: 0 succeeded with basic effort: 0 succeeded with basic unbounded effort: 0
  Improving insertion delay done. (took cpu=0:00:00.1 real=0:00:00.1)
      flow.cputime  flow.realtime  timing.setup.tns  timing.setup.wns  snapshot
UM:*                                                                   Improving insertion delay
  Wire Opt OverFix...
    Wire Reduction extra effort...
      Modified slew target multipliers. Leaf=(1 to 0.95) Trunk=(1 to 1) Top=(1 to 1)
      Artificially removing short and long paths...
        Legalizer API calls during this step: 0 succeeded with high effort: 0 succeeded with medium effort: 0 succeeded with low effort: 0 succeeded with basic effort: 0 succeeded with basic unbounded effort: 0
      Artificially removing short and long paths done. (took cpu=0:00:00.1 real=0:00:00.1)
      Global shorten wires A0...
        Legalizer API calls during this step: 26 succeeded with high effort: 26 succeeded with medium effort: 0 succeeded with low effort: 0 succeeded with basic effort: 0 succeeded with basic unbounded effort: 0
      Global shorten wires A0 done. (took cpu=0:00:00.1 real=0:00:00.1)
      Move For Wirelength - core...
        Move for wirelength. considered=59, filtered=59, permitted=58, cannotCompute=3, computed=55, moveTooSmall=39, resolved=0, predictFail=9, currentlyIllegal=0, legalizationFail=1, legalizedMoveTooSmall=9, ignoredLeafDriver=0, worse=226, accepted=9
        Max accepted move=14.592um, total accepted move=63.768um, average move=7.085um
        Move for wirelength. considered=59, filtered=59, permitted=58, cannotCompute=3, computed=55, moveTooSmall=43, resolved=0, predictFail=8, currentlyIllegal=0, legalizationFail=1, legalizedMoveTooSmall=6, ignoredLeafDriver=0, worse=221, accepted=10
        Max accepted move=12.168um, total accepted move=58.976um, average move=5.897um
        Move for wirelength. considered=59, filtered=59, permitted=58, cannotCompute=2, computed=56, moveTooSmall=47, resolved=0, predictFail=10, currentlyIllegal=0, legalizationFail=1, legalizedMoveTooSmall=10, ignoredLeafDriver=0, worse=228, accepted=5
        Max accepted move=4.240um, total accepted move=11.616um, average move=2.323um
        Legalizer API calls during this step: 754 succeeded with high effort: 754 succeeded with medium effort: 0 succeeded with low effort: 0 succeeded with basic effort: 0 succeeded with basic unbounded effort: 0
      Move For Wirelength - core done. (took cpu=0:00:04.2 real=0:00:04.2)
      Global shorten wires A1...
        Legalizer API calls during this step: 27 succeeded with high effort: 27 succeeded with medium effort: 0 succeeded with low effort: 0 succeeded with basic effort: 0 succeeded with basic unbounded effort: 0
      Global shorten wires A1 done. (took cpu=0:00:00.1 real=0:00:00.1)
      Move For Wirelength - core...
        Move for wirelength. considered=59, filtered=59, permitted=58, cannotCompute=55, computed=3, moveTooSmall=91, resolved=0, predictFail=0, currentlyIllegal=0, legalizationFail=0, legalizedMoveTooSmall=0, ignoredLeafDriver=0, worse=4, accepted=0
        Max accepted move=0.000um, total accepted move=0.000um
        Legalizer API calls during this step: 4 succeeded with high effort: 4 succeeded with medium effort: 0 succeeded with low effort: 0 succeeded with basic effort: 0 succeeded with basic unbounded effort: 0
      Move For Wirelength - core done. (took cpu=0:00:00.1 real=0:00:00.1)
      Global shorten wires B...
        Legalizer API calls during this step: 236 succeeded with high effort: 236 succeeded with medium effort: 0 succeeded with low effort: 0 succeeded with basic effort: 0 succeeded with basic unbounded effort: 0
      Global shorten wires B done. (took cpu=0:00:00.8 real=0:00:00.8)
      Move For Wirelength - branch...
        Move for wirelength. considered=59, filtered=59, permitted=58, cannotCompute=0, computed=58, moveTooSmall=0, resolved=0, predictFail=0, currentlyIllegal=0, legalizationFail=1, legalizedMoveTooSmall=0, ignoredLeafDriver=0, worse=55, accepted=8
        Max accepted move=0.520um, total accepted move=1.456um, average move=0.182um
        Move for wirelength. considered=59, filtered=59, permitted=58, cannotCompute=50, computed=8, moveTooSmall=0, resolved=0, predictFail=77, currentlyIllegal=0, legalizationFail=0, legalizedMoveTooSmall=0, ignoredLeafDriver=0, worse=8, accepted=0
        Max accepted move=0.000um, total accepted move=0.000um
        Legalizer API calls during this step: 72 succeeded with high effort: 72 succeeded with medium effort: 0 succeeded with low effort: 0 succeeded with basic effort: 0 succeeded with basic unbounded effort: 0
      Move For Wirelength - branch done. (took cpu=0:00:00.3 real=0:00:00.3)
      Reverted slew target multipliers. Leaf=(0.95 to 1) Trunk=(1 to 1) Top=(1 to 1)
      Clock DAG stats after 'Wire Reduction extra effort':
        cell counts      : b=58, i=0, icg=0, dcg=0, l=0, total=58
        sink counts      : regular=5064, enable_latch=0, load_capacitance=0, antenna=0, node_sink=0, total=5064
        misc counts      : r=1, pp=0
        cell areas       : b=72.351um^2, i=0.000um^2, icg=0.000um^2, dcg=0.000um^2, l=0.000um^2, total=72.351um^2
        cell capacitance : b=152.507fF, i=0.000fF, icg=0.000fF, dcg=0.000fF, l=0.000fF, total=152.507fF
        sink capacitance : total=3725.903fF, avg=0.736fF, sd=0.034fF, min=0.679fF, max=0.757fF
        wire capacitance : top=0.000fF, trunk=129.603fF, leaf=1385.595fF, total=1515.198fF
        wire lengths     : top=0.000um, trunk=966.695um, leaf=9813.197um, total=10779.892um
        hp wire lengths  : top=0.000um, trunk=804.144um, leaf=2731.904um, total=3536.048um
      Clock DAG net violations after 'Wire Reduction extra effort': none
      Clock DAG primary half-corner transition distribution after 'Wire Reduction extra effort':
        Trunk : target=87.8ps count=8 avg=34.3ps sd=12.6ps min=11.4ps max=46.9ps {8 <= 52.7ps, 0 <= 70.2ps, 0 <= 79.0ps, 0 <= 83.4ps, 0 <= 87.8ps}
        Leaf  : target=87.8ps count=51 avg=81.2ps sd=5.4ps min=61.9ps max=87.2ps {0 <= 52.7ps, 2 <= 70.2ps, 14 <= 79.0ps, 13 <= 83.4ps, 22 <= 87.8ps}
      Clock DAG library cell distribution after 'Wire Reduction extra effort' {count}:
         Bufs: SC8T_BUFX20_CSC28L: 2 SC8T_BUFX16_CSC28L: 7 SC8T_BUFX12_CSC28L: 23 SC8T_BUFX10_CSC28L: 25 SC8T_BUFX8_CSC28L: 1 
      Primary reporting skew groups after 'Wire Reduction extra effort':
        skew_group clk/functional: insertion delay [min=198.2, max=233.6, avg=220.7, sd=7.0], skew [35.4 vs 53.8], 100% {198.2, 233.6} (wid=53.3 ws=40.5) (gid=199.5 gs=25.4)
      Skew group summary after 'Wire Reduction extra effort':
        skew_group clk/functional: insertion delay [min=198.2, max=233.6, avg=220.7, sd=7.0], skew [35.4 vs 53.8], 100% {198.2, 233.6} (wid=53.3 ws=40.5) (gid=199.5 gs=25.4)
      Legalizer API calls during this step: 1119 succeeded with high effort: 1119 succeeded with medium effort: 0 succeeded with low effort: 0 succeeded with basic effort: 0 succeeded with basic unbounded effort: 0
    Wire Reduction extra effort done. (took cpu=0:00:05.8 real=0:00:05.8)
      flow.cputime  flow.realtime  timing.setup.tns  timing.setup.wns  snapshot
UM:*                                                                   Wire Reduction extra effort
    Optimizing orientation...
    FlipOpt...
    Disconnecting clock tree from netlist...
    Disconnecting clock tree from netlist done.
    Performing Single Threaded FlipOpt
    Optimizing orientation on clock cells...
      Orientation Wirelength Optimization: Attempted = 60 , Succeeded = 4 , Constraints Broken = 54 , CannotMove = 2 , Illegal = 0 , Other = 0
    Optimizing orientation on clock cells done.
    Resynthesising clock tree into netlist...
      Reset timing graph...
Ignoring AAE DB Resetting ...
      Reset timing graph done.
    Resynthesising clock tree into netlist done.
    FlipOpt done. (took cpu=0:00:00.4 real=0:00:00.4)
      flow.cputime  flow.realtime  timing.setup.tns  timing.setup.wns  snapshot
UM:*                                                                   FlipOpt
    Optimizing orientation done. (took cpu=0:00:00.6 real=0:00:00.6)
      flow.cputime  flow.realtime  timing.setup.tns  timing.setup.wns  snapshot
UM:*                                                                   Optimizing orientation
    Clock DAG stats after 'Wire Opt OverFix':
      cell counts      : b=58, i=0, icg=0, dcg=0, l=0, total=58
      sink counts      : regular=5064, enable_latch=0, load_capacitance=0, antenna=0, node_sink=0, total=5064
      misc counts      : r=1, pp=0
      cell areas       : b=72.351um^2, i=0.000um^2, icg=0.000um^2, dcg=0.000um^2, l=0.000um^2, total=72.351um^2
      cell capacitance : b=152.507fF, i=0.000fF, icg=0.000fF, dcg=0.000fF, l=0.000fF, total=152.507fF
      sink capacitance : total=3725.903fF, avg=0.736fF, sd=0.034fF, min=0.679fF, max=0.757fF
      wire capacitance : top=0.000fF, trunk=129.528fF, leaf=1385.568fF, total=1515.096fF
      wire lengths     : top=0.000um, trunk=966.337um, leaf=9812.651um, total=10778.988um
      hp wire lengths  : top=0.000um, trunk=804.144um, leaf=2731.904um, total=3536.048um
    Clock DAG net violations after 'Wire Opt OverFix':
      Remaining Transition : {count=1, worst=[0.1ps]} avg=0.1ps sd=0.0ps sum=0.1ps
    Clock DAG primary half-corner transition distribution after 'Wire Opt OverFix':
      Trunk : target=87.8ps count=8 avg=34.2ps sd=12.4ps min=11.4ps max=46.7ps {8 <= 52.7ps, 0 <= 70.2ps, 0 <= 79.0ps, 0 <= 83.4ps, 0 <= 87.8ps}
      Leaf  : target=87.8ps count=51 avg=81.2ps sd=5.5ps min=61.9ps max=87.9ps {0 <= 52.7ps, 2 <= 70.2ps, 14 <= 79.0ps, 14 <= 83.4ps, 20 <= 87.8ps} {1 <= 92.2ps, 0 <= 96.6ps, 0 <= 105.4ps, 0 <= 131.7ps, 0 > 131.7ps}
    Clock DAG library cell distribution after 'Wire Opt OverFix' {count}:
       Bufs: SC8T_BUFX20_CSC28L: 2 SC8T_BUFX16_CSC28L: 7 SC8T_BUFX12_CSC28L: 23 SC8T_BUFX10_CSC28L: 25 SC8T_BUFX8_CSC28L: 1 
    Primary reporting skew groups after 'Wire Opt OverFix':
      skew_group clk/functional: insertion delay [min=198.2, max=233.6, avg=220.3, sd=7.0], skew [35.4 vs 53.8], 100% {198.2, 233.6} (wid=53.3 ws=39.4) (gid=199.4 gs=25.7)
    Skew group summary after 'Wire Opt OverFix':
      skew_group clk/functional: insertion delay [min=198.2, max=233.6, avg=220.3, sd=7.0], skew [35.4 vs 53.8], 100% {198.2, 233.6} (wid=53.3 ws=39.4) (gid=199.4 gs=25.7)
    Legalizer API calls during this step: 1119 succeeded with high effort: 1119 succeeded with medium effort: 0 succeeded with low effort: 0 succeeded with basic effort: 0 succeeded with basic unbounded effort: 0
  Wire Opt OverFix done. (took cpu=0:00:07.4 real=0:00:07.1)
      flow.cputime  flow.realtime  timing.setup.tns  timing.setup.wns  snapshot
UM:*                                                                   Wire Opt OverFix
  Total capacitance is (rise=4189.698fF fall=5393.506fF), of which (rise=1515.096fF fall=1515.096fF) is wire, and (rise=2674.602fF fall=3878.410fF) is gate.
  Stage::Polishing done. (took cpu=0:00:31.8 real=0:00:18.9)
      flow.cputime  flow.realtime  timing.setup.tns  timing.setup.wns  snapshot
UM:*                                                                   Stage::Polishing
  Stage::Updating netlist...
  Reset timing graph...
Ignoring AAE DB Resetting ...
  Reset timing graph done.
  Setting non-default rules before calling refine place.
  Leaving CCOpt scope - Cleaning up placement interface...
  Leaving CCOpt scope - Cleaning up placement interface done. (took cpu=0:00:00.2 real=0:00:00.1)
  Leaving CCOpt scope - ClockRefiner...
  Soft fixed 58 clock instances.
  Performing Clock Only Refine Place.

**Info: (IMPSP-2062): Some of the PG shapes may not be colorized properly in this design, users are required to run command colorizePowerMesh before any placement related commands!
*** Starting place_detail (0:30:25 mem=47554.7M) ***
Total net bbox length = 4.913e+05 (2.156e+05 2.756e+05) (ext = 1.467e+05)

**Info: (IMPSP-2062): Some of the PG shapes may not be colorized properly in this design, users are required to run command colorizePowerMesh before any placement related commands!
**WARN: (IMPSP-2041):	Found 58 fixed insts that could not be colored.
Type 'man IMPSP-2041' for more detail.
Move report: Detail placement moves 0 insts, mean move: 0.00 um, max move: 0.00 um 
	Runtime: CPU: 0:00:00.0 REAL: 0:00:00.0 MEM: 47554.7MB
Summary Report:
Instances move: 0 (out of 36356 movable)
Instances flipped: 0
Mean displacement: 0.00 um
Max displacement: 0.00 um 
Total net bbox length = 4.913e+05 (2.156e+05 2.756e+05) (ext = 1.467e+05)
Runtime: CPU: 0:00:00.1 REAL: 0:00:00.0 MEM: 47554.7MB
*** Finished place_detail (0:30:25 mem=47554.7M) ***
  ClockRefiner summary
  All clock instances: Moved 0, flipped 0 and cell swapped 0 (out of a total of 5122).
  Restoring place_status_cts on 58 clock instances.
  Leaving CCOpt scope - ClockRefiner done. (took cpu=0:00:00.5 real=0:00:00.3)
  Stage::Updating netlist done. (took cpu=0:00:00.7 real=0:00:00.5)
      flow.cputime  flow.realtime  timing.setup.tns  timing.setup.wns  snapshot
UM:*                                                                   Stage::Updating netlist
  CCOpt::Phase::Implementation done. (took cpu=0:00:51.8 real=0:00:32.5)
      flow.cputime  flow.realtime  timing.setup.tns  timing.setup.wns  snapshot
UM:*                                                                   CCOpt::Phase::Implementation
  CCOpt::Phase::eGRPC...
  eGR Post Conditioning loop iteration 0...
    Clock implementation routing...
      Leaving CCOpt scope - Routing Tools...
Net route status summary:
  Clock:        59 (unrouted=59, trialRouted=0, noStatus=0, routed=0, fixed=0, [crossesIlmBoundary=0, tooFewTerms=0, (crossesIlmBoundary AND tooFewTerms=0)])
  Non-clock: 58610 (unrouted=19946, trialRouted=38664, noStatus=0, routed=0, fixed=0, [crossesIlmBoundary=0, tooFewTerms=19946, (crossesIlmBoundary AND tooFewTerms=0)])
      Routing using eGR only...
        Early Global Route - eGR only step...
(ccopt eGR): There are 59 nets to be routed. 0 nets have skip routing designation.
(ccopt eGR): There are 59 nets for routing of which 59 have one or more fixed wires.
(ccopt eGR): Start to route 59 all nets
[NR-eGR] Track table information for default rule: 
[NR-eGR] M1 has single uniform track structure
[NR-eGR] M2 has single uniform track structure
[NR-eGR] C1 has single uniform track structure
[NR-eGR] C2 has single uniform track structure
[NR-eGR] C3 has single uniform track structure
[NR-eGR] C4 has single uniform track structure
[NR-eGR] BA has single uniform track structure
[NR-eGR] BB has single uniform track structure
[NR-eGR] JA has single uniform track structure
[NR-eGR] JB has single uniform track structure
[NR-eGR] LB has single uniform track structure
[NR-eGR] Read 20 PG shapes
[NR-eGR] Read 0 clock shapes
[NR-eGR] Read 0 other shapes
[NR-eGR] #Routing Blockages  : 30
[NR-eGR] #Instance Blockages : 100742
[NR-eGR] #PG Blockages       : 20
[NR-eGR] #Halo Blockages     : 0
[NR-eGR] #Boundary Blockages : 0
[NR-eGR] #Clock Blockages    : 0
[NR-eGR] #Other Blockages    : 0
[NR-eGR] Num Prerouted Nets = 0  Num Prerouted Wires = 0
[NR-eGR] Read 38723 nets ( ignored 38664 )
[NR-eGR] Connected 0 must-join pins/ports
[NR-eGR] There are 59 clock nets ( 59 with NDR ).
[NR-eGR] ============ Routing rule table ============
[NR-eGR] Rule id: 0  Nets: 59
[NR-eGR] ========================================
[NR-eGR] 
[NR-eGR] Layer group 1: route 59 net(s) in layer range [3, 4]
[NR-eGR] Early Global Route overflow of layer group 1: 0.00% H + 0.00% V. EstWL: 1.058944e+04um
[NR-eGR] Create a new net group with 21 nets and layer range [3, 6]
[NR-eGR] Layer group 2: route 21 net(s) in layer range [3, 6]
[NR-eGR] Early Global Route overflow of layer group 2: 0.00% H + 0.00% V. EstWL: 1.400192e+04um
[NR-eGR] Create a new net group with 21 nets and layer range [3, 8]
[NR-eGR] Layer group 3: route 21 net(s) in layer range [3, 8]
[NR-eGR] Early Global Route overflow of layer group 3: 0.00% H + 0.00% V. EstWL: 1.743168e+04um
[NR-eGR] Create a new net group with 21 nets and layer range [3, 10]
[NR-eGR] Layer group 4: route 21 net(s) in layer range [3, 10]
[NR-eGR] Early Global Route overflow of layer group 4: 0.00% H + 0.00% V. EstWL: 2.086144e+04um
[NR-eGR] Create a new net group with 21 nets and layer range [3, 11]
[NR-eGR] Layer group 5: route 21 net(s) in layer range [3, 11]
[NR-eGR] Early Global Route overflow of layer group 5: 0.00% H + 0.00% V. EstWL: 2.429248e+04um
[NR-eGR] Congestion Analysis By layer: (blocked Gcells are excluded) 
[NR-eGR]                        OverCon            
[NR-eGR]                         #Gcell     %Gcell
[NR-eGR]        Layer               (1)    OverCon
[NR-eGR] ----------------------------------------------
[NR-eGR]      M1 ( 1)         0( 0.00%)   ( 0.00%) 
[NR-eGR]      M2 ( 2)        75( 0.08%)   ( 0.08%) 
[NR-eGR]      C1 ( 3)         0( 0.00%)   ( 0.00%) 
[NR-eGR]      C2 ( 4)         0( 0.00%)   ( 0.00%) 
[NR-eGR]      C3 ( 5)         0( 0.00%)   ( 0.00%) 
[NR-eGR]      C4 ( 6)         0( 0.00%)   ( 0.00%) 
[NR-eGR]      BA ( 7)         0( 0.00%)   ( 0.00%) 
[NR-eGR]      BB ( 8)         0( 0.00%)   ( 0.00%) 
[NR-eGR]      JA ( 9)         0( 0.00%)   ( 0.00%) 
[NR-eGR]      JB (10)         0( 0.00%)   ( 0.00%) 
[NR-eGR]      LB (11)         0( 0.00%)   ( 0.00%) 
[NR-eGR] ----------------------------------------------
[NR-eGR]        Total        75( 0.01%)   ( 0.01%) 
[NR-eGR] 
[NR-eGR] Overflow after Early Global Route 0.00% H + 0.00% V
[NR-eGR]             Length (um)    Vias 
[NR-eGR] --------------------------------
[NR-eGR]  M1  (1V)             0  111245 
[NR-eGR]  M2  (2H)         66776  213878 
[NR-eGR]  C1  (3V)        148249   61769 
[NR-eGR]  C2  (4H)        101454   25943 
[NR-eGR]  C3  (5V)        132099   12292 
[NR-eGR]  C4  (6H)         71999    3062 
[NR-eGR]  BA  (7V)         45857    1720 
[NR-eGR]  BB  (8H)         22409      74 
[NR-eGR]  JA  (9V)           114       0 
[NR-eGR]  JB  (10H)            0       0 
[NR-eGR]  LB  (11V)            0       0 
[NR-eGR] --------------------------------
[NR-eGR]      Total       588957  429983 
[NR-eGR] --------------------------------------------------------------------------
[NR-eGR] Total half perimeter of net bounding box: 491255um
[NR-eGR] Total length: 588957um, number of vias: 429983
[NR-eGR] --------------------------------------------------------------------------
[NR-eGR] Total eGR-routed clock nets wire length: 10842um, number of vias: 10835
[NR-eGR] --------------------------------------------------------------------------
[NR-eGR] Report for selected net(s) only.
[NR-eGR]             Length (um)   Vias 
[NR-eGR] -------------------------------
[NR-eGR]  M1  (1V)             0    333 
[NR-eGR]  M2  (2H)           721   5929 
[NR-eGR]  C1  (3V)          5381   4343 
[NR-eGR]  C2  (4H)          4409    228 
[NR-eGR]  C3  (5V)           330      2 
[NR-eGR]  C4  (6H)             0      0 
[NR-eGR]  BA  (7V)             0      0 
[NR-eGR]  BB  (8H)             0      0 
[NR-eGR]  JA  (9V)             0      0 
[NR-eGR]  JB  (10H)            0      0 
[NR-eGR]  LB  (11V)            0      0 
[NR-eGR] -------------------------------
[NR-eGR]      Total        10842  10835 
[NR-eGR] --------------------------------------------------------------------------
[NR-eGR] Total half perimeter of net bounding box: 3529um
[NR-eGR] Total length: 10842um, number of vias: 10835
[NR-eGR] --------------------------------------------------------------------------
[NR-eGR] Total routed clock nets wire length: 10842um, number of vias: 10835
[NR-eGR] --------------------------------------------------------------------------
[NR-eGR] Finished Early Global Route kernel ( CPU: 1.54 sec, Real: 1.07 sec, Curr Mem: 47577.07 MB )
        Early Global Route - eGR only step done. (took cpu=0:00:01.7 real=0:00:01.2)
      flow.cputime  flow.realtime  timing.setup.tns  timing.setup.wns  snapshot
UM:*                                                                   Early Global Route - eGR only step
      Routing using eGR only done.
Net route status summary:
  Clock:        59 (unrouted=0, trialRouted=0, noStatus=0, routed=59, fixed=0, [crossesIlmBoundary=0, tooFewTerms=0, (crossesIlmBoundary AND tooFewTerms=0)])
  Non-clock: 58610 (unrouted=19946, trialRouted=38664, noStatus=0, routed=0, fixed=0, [crossesIlmBoundary=0, tooFewTerms=19946, (crossesIlmBoundary AND tooFewTerms=0)])

CCOPT: Done with clock implementation routing.

      Leaving CCOpt scope - Routing Tools done. (took cpu=0:00:02.1 real=0:00:01.7)
    Clock implementation routing done.
    Leaving CCOpt scope - extractRC...
    Updating RC parasitics by calling: "extract_rc -noRouteCheck"...
Extraction called for design 'Silago_top' of instances=36356 and nets=58669 using extraction engine 'pre_route' .
**WARN: (IMPEXT-3530):	The process node is not set. Use the command set_design_mode -process <process node> prior to extraction for maximum accuracy and optimal automatic threshold setting.
Type 'man IMPEXT-3530' for more detail.
pre_route RC Extraction called for design Silago_top.
RC Extraction called in multi-corner(3) mode.
RCMode: PreRoute
      RC Corner Indexes            0       1       2   
Capacitance Scaling Factor   : 1.00000 1.00000 1.00000 
Resistance Scaling Factor    : 1.00000 1.00000 1.00000 
Clock Cap. Scaling Factor    : 1.00000 1.00000 1.00000 
Clock Res. Scaling Factor    : 1.00000 1.00000 1.00000 
Shrink Factor                : 1.00000
PreRoute extraction is honoring NDR/Shielding/ExtraSpace for clock nets.
Using Quantus QRC technology file ...
Updating RC grid for preRoute extraction ...
Initializing multi-corner resistance tables ...
PreRoute RC Extraction DONE (CPU Time: 0:00:01.2  Real Time: 0:00:01.0  MEM: 47577.066M)
    Updating RC parasitics by calling: "extract_rc -noRouteCheck" done.
    Leaving CCOpt scope - extractRC done. (took cpu=0:00:01.2 real=0:00:00.9)
    Leaving CCOpt scope - Initializing placement interface...

**Info: (IMPSP-2062): Some of the PG shapes may not be colorized properly in this design, users are required to run command colorizePowerMesh before any placement related commands!
    Leaving CCOpt scope - Initializing placement interface done. (took cpu=0:00:00.2 real=0:00:00.2)
    Calling post conditioning for eGRPC...
      eGRPC...
        eGRPC active optimizations:
         - Move Down
         - Downsizing before DRV sizing
         - DRV fixing with sizing
         - Move to fanout
         - Cloning
        
        Currently running CTS, using active skew data
        Reset bufferability constraints...
        Resetting previous bufferability status on all nets so that eGRPC will attempt to fix all clock tree violations.
        Clock tree timing engine global stage delay update for WC_dc:setup.late...
        Clock tree timing engine global stage delay update for WC_dc:setup.late done. (took cpu=0:00:00.4 real=0:00:00.1)
        Reset bufferability constraints done. (took cpu=0:00:00.4 real=0:00:00.1)
        Clock DAG stats eGRPC initial state:
          cell counts      : b=58, i=0, icg=0, dcg=0, l=0, total=58
          sink counts      : regular=5064, enable_latch=0, load_capacitance=0, antenna=0, node_sink=0, total=5064
          misc counts      : r=1, pp=0
          cell areas       : b=72.351um^2, i=0.000um^2, icg=0.000um^2, dcg=0.000um^2, l=0.000um^2, total=72.351um^2
          cell capacitance : b=152.507fF, i=0.000fF, icg=0.000fF, dcg=0.000fF, l=0.000fF, total=152.507fF
          sink capacitance : total=3725.903fF, avg=0.736fF, sd=0.034fF, min=0.679fF, max=0.757fF
          wire capacitance : top=0.000fF, trunk=130.536fF, leaf=1389.315fF, total=1519.851fF
          wire lengths     : top=0.000um, trunk=969.826um, leaf=9871.964um, total=10841.790um
          hp wire lengths  : top=0.000um, trunk=804.144um, leaf=2731.904um, total=3536.048um
        Clock DAG net violations eGRPC initial state: none
        Clock DAG primary half-corner transition distribution eGRPC initial state:
          Trunk : target=87.8ps count=8 avg=34.1ps sd=12.5ps min=11.1ps max=46.6ps {8 <= 52.7ps, 0 <= 70.2ps, 0 <= 79.0ps, 0 <= 83.4ps, 0 <= 87.8ps}
          Leaf  : target=87.8ps count=51 avg=79.7ps sd=5.8ps min=63.3ps max=87.4ps {0 <= 52.7ps, 4 <= 70.2ps, 17 <= 79.0ps, 13 <= 83.4ps, 17 <= 87.8ps}
        Clock DAG library cell distribution eGRPC initial state {count}:
           Bufs: SC8T_BUFX20_CSC28L: 2 SC8T_BUFX16_CSC28L: 7 SC8T_BUFX12_CSC28L: 23 SC8T_BUFX10_CSC28L: 25 SC8T_BUFX8_CSC28L: 1 
        Primary reporting skew groups eGRPC initial state:
          skew_group clk/functional: insertion delay [min=197.3, max=233.6, avg=220.1, sd=6.8], skew [36.3 vs 53.8], 100% {197.3, 233.6} (wid=48.9 ws=35.7) (gid=200.7 gs=28.4)
        Skew group summary eGRPC initial state:
          skew_group clk/functional: insertion delay [min=197.3, max=233.6, avg=220.1, sd=6.8], skew [36.3 vs 53.8], 100% {197.3, 233.6} (wid=48.9 ws=35.7) (gid=200.7 gs=28.4)
        eGRPC Moving buffers...
          Violation analysis...
          Violation analysis done. (took cpu=0:00:00.1 real=0:00:00.1)
      flow.cputime  flow.realtime  timing.setup.tns  timing.setup.wns  snapshot
UM:*                                                                   Violation analysis
          Clock DAG stats after 'eGRPC Moving buffers':
            cell counts      : b=58, i=0, icg=0, dcg=0, l=0, total=58
            sink counts      : regular=5064, enable_latch=0, load_capacitance=0, antenna=0, node_sink=0, total=5064
            misc counts      : r=1, pp=0
            cell areas       : b=72.351um^2, i=0.000um^2, icg=0.000um^2, dcg=0.000um^2, l=0.000um^2, total=72.351um^2
            cell capacitance : b=152.507fF, i=0.000fF, icg=0.000fF, dcg=0.000fF, l=0.000fF, total=152.507fF
            sink capacitance : total=3725.903fF, avg=0.736fF, sd=0.034fF, min=0.679fF, max=0.757fF
            wire capacitance : top=0.000fF, trunk=130.536fF, leaf=1389.315fF, total=1519.851fF
            wire lengths     : top=0.000um, trunk=969.826um, leaf=9871.964um, total=10841.790um
            hp wire lengths  : top=0.000um, trunk=804.144um, leaf=2731.904um, total=3536.048um
          Clock DAG net violations after 'eGRPC Moving buffers': none
          Clock DAG primary half-corner transition distribution after 'eGRPC Moving buffers':
            Trunk : target=87.8ps count=8 avg=34.1ps sd=12.5ps min=11.1ps max=46.6ps {8 <= 52.7ps, 0 <= 70.2ps, 0 <= 79.0ps, 0 <= 83.4ps, 0 <= 87.8ps}
            Leaf  : target=87.8ps count=51 avg=79.7ps sd=5.8ps min=63.3ps max=87.4ps {0 <= 52.7ps, 4 <= 70.2ps, 17 <= 79.0ps, 13 <= 83.4ps, 17 <= 87.8ps}
          Clock DAG library cell distribution after 'eGRPC Moving buffers' {count}:
             Bufs: SC8T_BUFX20_CSC28L: 2 SC8T_BUFX16_CSC28L: 7 SC8T_BUFX12_CSC28L: 23 SC8T_BUFX10_CSC28L: 25 SC8T_BUFX8_CSC28L: 1 
          Primary reporting skew groups after 'eGRPC Moving buffers':
            skew_group clk/functional: insertion delay [min=197.3, max=233.6], skew [36.3 vs 53.8]
          Skew group summary after 'eGRPC Moving buffers':
            skew_group clk/functional: insertion delay [min=197.3, max=233.6], skew [36.3 vs 53.8]
          Legalizer API calls during this step: 0 succeeded with high effort: 0 succeeded with medium effort: 0 succeeded with low effort: 0 succeeded with basic effort: 0 succeeded with basic unbounded effort: 0
        eGRPC Moving buffers done. (took cpu=0:00:00.4 real=0:00:00.4)
      flow.cputime  flow.realtime  timing.setup.tns  timing.setup.wns  snapshot
UM:*                                                                   eGRPC Moving buffers
        eGRPC Initial Pass of Downsizing Clock Tree cells...
          Artificially removing long paths...
            Legalizer API calls during this step: 0 succeeded with high effort: 0 succeeded with medium effort: 0 succeeded with low effort: 0 succeeded with basic effort: 0 succeeded with basic unbounded effort: 0
          Artificially removing long paths done. (took cpu=0:00:00.0 real=0:00:00.0)
          Modifying slew-target multiplier from 1 to 0.9
          Downsizing prefiltering...
          Downsizing prefiltering done.
          Downsizing: ...Library trimming buffers in power domain auto-default and half-corner WC_dc:setup.late removed 0 of 11 cells
          Original list had 11 cells:
          SC8T_BUFX24_CSC28L SC8T_BUFX20_CSC28L SC8T_BUFX16_CSC28L SC8T_BUFX12_CSC28L SC8T_BUFX10_CSC28L SC8T_BUFX8_CSC28L SC8T_BUFX6_CSC28L SC8T_BUFX4_CSC28L SC8T_BUFX3_CSC28L SC8T_BUFX1P5_CSC28L SC8T_BUFX0P5_A_CSC28L 
          Library trimming was not able to trim any cells:
          SC8T_BUFX24_CSC28L SC8T_BUFX20_CSC28L SC8T_BUFX16_CSC28L SC8T_BUFX12_CSC28L SC8T_BUFX10_CSC28L SC8T_BUFX8_CSC28L SC8T_BUFX6_CSC28L SC8T_BUFX4_CSC28L SC8T_BUFX3_CSC28L SC8T_BUFX1P5_CSC28L SC8T_BUFX0P5_A_CSC28L 
          20% ...40% ...60% ...80% ...100% 
          DoDownSizing Summary : numSized = 1, numUnchanged = 4, numSkippedDueToOther = 0, numSkippedDueToCloseToSlewTarget = 47, numSkippedDueToCloseToSkewTarget = 7
          CCOpt-eGRPC Downsizing: considered: 5, tested: 0, violation detected: 0, violation ignored (due to small violation): 0, cannot run: 0, attempted: 5, unsuccessful: 0, sized: 1
          Downsizing prefiltering...
          Downsizing prefiltering done.
          Downsizing: ...20% ...40% ...60% ...80% ...100% 
          DoDownSizing Summary : numSized = 0, numUnchanged = 0, numSkippedDueToOther = 0, numSkippedDueToCloseToSlewTarget = 0, numSkippedDueToCloseToSkewTarget = 1
          CCOpt-eGRPC Downsizing: considered: 0, tested: 0, violation detected: 0, violation ignored (due to small violation): 0, cannot run: 0, attempted: 0, unsuccessful: 0, sized: 0
          Reverting slew-target multiplier from 0.9 to 1
          Clock DAG stats after 'eGRPC Initial Pass of Downsizing Clock Tree cells':
            cell counts      : b=58, i=0, icg=0, dcg=0, l=0, total=58
            sink counts      : regular=5064, enable_latch=0, load_capacitance=0, antenna=0, node_sink=0, total=5064
            misc counts      : r=1, pp=0
            cell areas       : b=72.151um^2, i=0.000um^2, icg=0.000um^2, dcg=0.000um^2, l=0.000um^2, total=72.151um^2
            cell capacitance : b=152.100fF, i=0.000fF, icg=0.000fF, dcg=0.000fF, l=0.000fF, total=152.100fF
            sink capacitance : total=3725.903fF, avg=0.736fF, sd=0.034fF, min=0.679fF, max=0.757fF
            wire capacitance : top=0.000fF, trunk=130.536fF, leaf=1389.315fF, total=1519.851fF
            wire lengths     : top=0.000um, trunk=969.826um, leaf=9871.964um, total=10841.790um
            hp wire lengths  : top=0.000um, trunk=804.144um, leaf=2731.904um, total=3536.048um
          Clock DAG net violations after 'eGRPC Initial Pass of Downsizing Clock Tree cells': none
          Clock DAG primary half-corner transition distribution after 'eGRPC Initial Pass of Downsizing Clock Tree cells':
            Trunk : target=87.8ps count=8 avg=34.9ps sd=13.7ps min=11.1ps max=53.6ps {7 <= 52.7ps, 1 <= 70.2ps, 0 <= 79.0ps, 0 <= 83.4ps, 0 <= 87.8ps}
            Leaf  : target=87.8ps count=51 avg=79.8ps sd=5.8ps min=63.3ps max=87.4ps {0 <= 52.7ps, 4 <= 70.2ps, 17 <= 79.0ps, 13 <= 83.4ps, 17 <= 87.8ps}
          Clock DAG library cell distribution after 'eGRPC Initial Pass of Downsizing Clock Tree cells' {count}:
             Bufs: SC8T_BUFX20_CSC28L: 2 SC8T_BUFX16_CSC28L: 7 SC8T_BUFX12_CSC28L: 22 SC8T_BUFX10_CSC28L: 26 SC8T_BUFX8_CSC28L: 1 
          Primary reporting skew groups after 'eGRPC Initial Pass of Downsizing Clock Tree cells':
            skew_group clk/functional: insertion delay [min=197.2, max=233.5], skew [36.3 vs 53.8]
          Skew group summary after 'eGRPC Initial Pass of Downsizing Clock Tree cells':
            skew_group clk/functional: insertion delay [min=197.2, max=233.5], skew [36.3 vs 53.8]
          Legalizer API calls during this step: 6 succeeded with high effort: 6 succeeded with medium effort: 0 succeeded with low effort: 0 succeeded with basic effort: 0 succeeded with basic unbounded effort: 0
        eGRPC Initial Pass of Downsizing Clock Tree cells done. (took cpu=0:00:00.4 real=0:00:00.4)
      flow.cputime  flow.realtime  timing.setup.tns  timing.setup.wns  snapshot
UM:*                                                                   eGRPC Initial Pass of Downsizing Clock Tree cells
        eGRPC Fixing DRVs...
          Fixing clock tree DRVs: ...20% ...40% ...60% ...80% ...100% 
          CCOpt-eGRPC: considered: 59, tested: 59, violation detected: 0, violation ignored (due to small violation): 0, cannot run: 0, attempted: 0, unsuccessful: 0, sized: 0
          
          Statistics: Fix DRVs (cell sizing):
          ===================================
          
          Cell changes by Net Type:
          
          -------------------------------------------------------------------------------------------------
          Net Type    Attempted    Upsized     Downsized    Swapped Same Size    Total Changed    Not Sized
          -------------------------------------------------------------------------------------------------
          top                0            0           0            0                    0                0
          trunk              0            0           0            0                    0                0
          leaf               0            0           0            0                    0                0
          -------------------------------------------------------------------------------------------------
          Total              0            0           0            0                    0                0
          -------------------------------------------------------------------------------------------------
          
          Upsized: 0, Downsized: 0, Sized but same area: 0, Unchanged: 0, Area change: 0.000um^2 (0.000%)
          Max. move: 0.000um, Min. move: 0.000um, Avg. move: N/A
          
          Clock DAG stats after 'eGRPC Fixing DRVs':
            cell counts      : b=58, i=0, icg=0, dcg=0, l=0, total=58
            sink counts      : regular=5064, enable_latch=0, load_capacitance=0, antenna=0, node_sink=0, total=5064
            misc counts      : r=1, pp=0
            cell areas       : b=72.151um^2, i=0.000um^2, icg=0.000um^2, dcg=0.000um^2, l=0.000um^2, total=72.151um^2
            cell capacitance : b=152.100fF, i=0.000fF, icg=0.000fF, dcg=0.000fF, l=0.000fF, total=152.100fF
            sink capacitance : total=3725.903fF, avg=0.736fF, sd=0.034fF, min=0.679fF, max=0.757fF
            wire capacitance : top=0.000fF, trunk=130.536fF, leaf=1389.315fF, total=1519.851fF
            wire lengths     : top=0.000um, trunk=969.826um, leaf=9871.964um, total=10841.790um
            hp wire lengths  : top=0.000um, trunk=804.144um, leaf=2731.904um, total=3536.048um
          Clock DAG net violations after 'eGRPC Fixing DRVs': none
          Clock DAG primary half-corner transition distribution after 'eGRPC Fixing DRVs':
            Trunk : target=87.8ps count=8 avg=34.9ps sd=13.7ps min=11.1ps max=53.6ps {7 <= 52.7ps, 1 <= 70.2ps, 0 <= 79.0ps, 0 <= 83.4ps, 0 <= 87.8ps}
            Leaf  : target=87.8ps count=51 avg=79.8ps sd=5.8ps min=63.3ps max=87.4ps {0 <= 52.7ps, 4 <= 70.2ps, 17 <= 79.0ps, 13 <= 83.4ps, 17 <= 87.8ps}
          Clock DAG library cell distribution after 'eGRPC Fixing DRVs' {count}:
             Bufs: SC8T_BUFX20_CSC28L: 2 SC8T_BUFX16_CSC28L: 7 SC8T_BUFX12_CSC28L: 22 SC8T_BUFX10_CSC28L: 26 SC8T_BUFX8_CSC28L: 1 
          Primary reporting skew groups after 'eGRPC Fixing DRVs':
            skew_group clk/functional: insertion delay [min=197.2, max=233.5], skew [36.3 vs 53.8]
          Skew group summary after 'eGRPC Fixing DRVs':
            skew_group clk/functional: insertion delay [min=197.2, max=233.5], skew [36.3 vs 53.8]
          Legalizer API calls during this step: 0 succeeded with high effort: 0 succeeded with medium effort: 0 succeeded with low effort: 0 succeeded with basic effort: 0 succeeded with basic unbounded effort: 0
        eGRPC Fixing DRVs done. (took cpu=0:00:00.1 real=0:00:00.1)
      flow.cputime  flow.realtime  timing.setup.tns  timing.setup.wns  snapshot
UM:*                                                                   eGRPC Fixing DRVs
        Reconnecting optimized routes...
        Reset timing graph...
Ignoring AAE DB Resetting ...
        Reset timing graph done.
        Reconnecting optimized routes done. (took cpu=0:00:00.1 real=0:00:00.1)
        Violation analysis...
        Violation analysis done. (took cpu=0:00:00.0 real=0:00:00.0)
      flow.cputime  flow.realtime  timing.setup.tns  timing.setup.wns  snapshot
UM:*                                                                   Violation analysis
        Reset timing graph...
Ignoring AAE DB Resetting ...
        Reset timing graph done.
        Clock DAG stats before routing clock trees:
          cell counts      : b=58, i=0, icg=0, dcg=0, l=0, total=58
          sink counts      : regular=5064, enable_latch=0, load_capacitance=0, antenna=0, node_sink=0, total=5064
          misc counts      : r=1, pp=0
          cell areas       : b=72.151um^2, i=0.000um^2, icg=0.000um^2, dcg=0.000um^2, l=0.000um^2, total=72.151um^2
          cell capacitance : b=152.100fF, i=0.000fF, icg=0.000fF, dcg=0.000fF, l=0.000fF, total=152.100fF
          sink capacitance : total=3725.903fF, avg=0.736fF, sd=0.034fF, min=0.679fF, max=0.757fF
          wire capacitance : top=0.000fF, trunk=130.536fF, leaf=1389.315fF, total=1519.851fF
          wire lengths     : top=0.000um, trunk=969.826um, leaf=9871.964um, total=10841.790um
          hp wire lengths  : top=0.000um, trunk=804.144um, leaf=2731.904um, total=3536.048um
        Clock DAG net violations before routing clock trees: none
        Clock DAG primary half-corner transition distribution before routing clock trees:
          Trunk : target=87.8ps count=8 avg=34.9ps sd=13.7ps min=11.1ps max=53.6ps {7 <= 52.7ps, 1 <= 70.2ps, 0 <= 79.0ps, 0 <= 83.4ps, 0 <= 87.8ps}
          Leaf  : target=87.8ps count=51 avg=79.8ps sd=5.8ps min=63.3ps max=87.4ps {0 <= 52.7ps, 4 <= 70.2ps, 17 <= 79.0ps, 13 <= 83.4ps, 17 <= 87.8ps}
        Clock DAG library cell distribution before routing clock trees {count}:
           Bufs: SC8T_BUFX20_CSC28L: 2 SC8T_BUFX16_CSC28L: 7 SC8T_BUFX12_CSC28L: 22 SC8T_BUFX10_CSC28L: 26 SC8T_BUFX8_CSC28L: 1 
        Primary reporting skew groups before routing clock trees:
          skew_group clk/functional: insertion delay [min=197.2, max=233.5, avg=221.1, sd=7.2], skew [36.3 vs 53.8], 100% {197.2, 233.5} (wid=48.8 ws=35.6) (gid=207.8 gs=35.6)
        Skew group summary before routing clock trees:
          skew_group clk/functional: insertion delay [min=197.2, max=233.5, avg=221.1, sd=7.2], skew [36.3 vs 53.8], 100% {197.2, 233.5} (wid=48.8 ws=35.6) (gid=207.8 gs=35.6)
      eGRPC done.
    Calling post conditioning for eGRPC done.
  eGR Post Conditioning loop iteration 0 done.
  Refine place not called during Post Conditioning. Calling it now the eGR->PC Loop is complete.
  Leaving CCOpt scope - Cleaning up placement interface...
  Leaving CCOpt scope - Cleaning up placement interface done. (took cpu=0:00:00.2 real=0:00:00.1)
  Leaving CCOpt scope - ClockRefiner...
  Soft fixed 58 clock instances.
  Performing Single Pass Refine Place.

**Info: (IMPSP-2062): Some of the PG shapes may not be colorized properly in this design, users are required to run command colorizePowerMesh before any placement related commands!
*** Starting place_detail (0:30:32 mem=4184.3M) ***
Total net bbox length = 4.913e+05 (2.156e+05 2.756e+05) (ext = 1.467e+05)

**Info: (IMPSP-2062): Some of the PG shapes may not be colorized properly in this design, users are required to run command colorizePowerMesh before any placement related commands!
Move report: Detail placement moves 175 insts, mean move: 0.48 um, max move: 2.93 um 
	Max move on inst (SILEGO_cell/MTRF_cell/seq_gen/U5698): (70.82, 144.00) --> (68.54, 144.64)
	Runtime: CPU: 0:00:05.7 REAL: 0:00:02.0 MEM: 4172.0MB
Summary Report:
Instances move: 175 (out of 36356 movable)
Instances flipped: 5
Mean displacement: 0.48 um
Max displacement: 2.93 um (Instance: SILEGO_cell/MTRF_cell/seq_gen/U5698) (70.824, 144) -> (68.536, 144.64)
	Length: 8 sites, height: 1 rows, site name: SC8T_104CPP_CMOS22FDX, cell type: SC8T_MUX2X1_A_CSC28L
Total net bbox length = 4.913e+05 (2.156e+05 2.757e+05) (ext = 1.467e+05)
Runtime: CPU: 0:00:05.8 REAL: 0:00:02.0 MEM: 4172.0MB
*** Finished place_detail (0:30:38 mem=4172.0M) ***
  ClockRefiner summary
  All clock instances: Moved 18, flipped 1 and cell swapped 0 (out of a total of 5122).
  The largest move was 0.52 um for SILEGO_cell/MTRF_cell/reg_top/RegisterFile/register_array_8/reg_out_reg[5].
  Restoring place_status_cts on 58 clock instances.
  Leaving CCOpt scope - ClockRefiner done. (took cpu=0:00:06.4 real=0:00:02.3)
  CCOpt::Phase::eGRPC done. (took cpu=0:00:12.9 real=0:00:07.7)
      flow.cputime  flow.realtime  timing.setup.tns  timing.setup.wns  snapshot
UM:*                                                                   CCOpt::Phase::eGRPC
  CCOpt::Phase::Routing...
  Clock implementation routing...
    Leaving CCOpt scope - Routing Tools...
Net route status summary:
  Clock:        59 (unrouted=0, trialRouted=0, noStatus=0, routed=59, fixed=0, [crossesIlmBoundary=0, tooFewTerms=0, (crossesIlmBoundary AND tooFewTerms=0)])
  Non-clock: 58610 (unrouted=19946, trialRouted=38664, noStatus=0, routed=0, fixed=0, [crossesIlmBoundary=0, tooFewTerms=19946, (crossesIlmBoundary AND tooFewTerms=0)])
    Routing using eGR in eGR->NR Step...
      Early Global Route - eGR->Nr High Frequency step...
(ccopt eGR): There are 59 nets to be routed. 0 nets have skip routing designation.
(ccopt eGR): There are 59 nets for routing of which 59 have one or more fixed wires.
(ccopt eGR): Start to route 59 all nets
[NR-eGR] Track table information for default rule: 
[NR-eGR] M1 has single uniform track structure
[NR-eGR] M2 has single uniform track structure
[NR-eGR] C1 has single uniform track structure
[NR-eGR] C2 has single uniform track structure
[NR-eGR] C3 has single uniform track structure
[NR-eGR] C4 has single uniform track structure
[NR-eGR] BA has single uniform track structure
[NR-eGR] BB has single uniform track structure
[NR-eGR] JA has single uniform track structure
[NR-eGR] JB has single uniform track structure
[NR-eGR] LB has single uniform track structure
[NR-eGR] Read 20 PG shapes
[NR-eGR] Read 0 clock shapes
[NR-eGR] Read 0 other shapes
[NR-eGR] #Routing Blockages  : 30
[NR-eGR] #Instance Blockages : 100743
[NR-eGR] #PG Blockages       : 20
[NR-eGR] #Halo Blockages     : 0
[NR-eGR] #Boundary Blockages : 0
[NR-eGR] #Clock Blockages    : 0
[NR-eGR] #Other Blockages    : 0
[NR-eGR] Num Prerouted Nets = 0  Num Prerouted Wires = 0
[NR-eGR] Read 38723 nets ( ignored 38664 )
[NR-eGR] Connected 0 must-join pins/ports
[NR-eGR] There are 59 clock nets ( 59 with NDR ).
[NR-eGR] ============ Routing rule table ============
[NR-eGR] Rule id: 0  Nets: 59
[NR-eGR] ========================================
[NR-eGR] 
[NR-eGR] Layer group 1: route 59 net(s) in layer range [3, 4]
[NR-eGR] Early Global Route overflow of layer group 1: 0.00% H + 0.00% V. EstWL: 1.059136e+04um
[NR-eGR] Create a new net group with 21 nets and layer range [3, 6]
[NR-eGR] Layer group 2: route 21 net(s) in layer range [3, 6]
[NR-eGR] Early Global Route overflow of layer group 2: 0.00% H + 0.00% V. EstWL: 1.419840e+04um
[NR-eGR] Create a new net group with 21 nets and layer range [3, 8]
[NR-eGR] Layer group 3: route 21 net(s) in layer range [3, 8]
[NR-eGR] Early Global Route overflow of layer group 3: 0.00% H + 0.00% V. EstWL: 1.782144e+04um
[NR-eGR] Create a new net group with 21 nets and layer range [3, 10]
[NR-eGR] Layer group 4: route 21 net(s) in layer range [3, 10]
[NR-eGR] Early Global Route overflow of layer group 4: 0.00% H + 0.00% V. EstWL: 2.144448e+04um
[NR-eGR] Create a new net group with 21 nets and layer range [3, 11]
[NR-eGR] Layer group 5: route 21 net(s) in layer range [3, 11]
[NR-eGR] Early Global Route overflow of layer group 5: 0.00% H + 0.00% V. EstWL: 2.506880e+04um
[NR-eGR] Congestion Analysis By layer: (blocked Gcells are excluded) 
[NR-eGR]                        OverCon            
[NR-eGR]                         #Gcell     %Gcell
[NR-eGR]        Layer               (1)    OverCon
[NR-eGR] ----------------------------------------------
[NR-eGR]      M1 ( 1)         0( 0.00%)   ( 0.00%) 
[NR-eGR]      M2 ( 2)        70( 0.07%)   ( 0.07%) 
[NR-eGR]      C1 ( 3)         0( 0.00%)   ( 0.00%) 
[NR-eGR]      C2 ( 4)         0( 0.00%)   ( 0.00%) 
[NR-eGR]      C3 ( 5)         0( 0.00%)   ( 0.00%) 
[NR-eGR]      C4 ( 6)         0( 0.00%)   ( 0.00%) 
[NR-eGR]      BA ( 7)         0( 0.00%)   ( 0.00%) 
[NR-eGR]      BB ( 8)         0( 0.00%)   ( 0.00%) 
[NR-eGR]      JA ( 9)         0( 0.00%)   ( 0.00%) 
[NR-eGR]      JB (10)         0( 0.00%)   ( 0.00%) 
[NR-eGR]      LB (11)         0( 0.00%)   ( 0.00%) 
[NR-eGR] ----------------------------------------------
[NR-eGR]        Total        70( 0.01%)   ( 0.01%) 
[NR-eGR] 
[NR-eGR] Overflow after Early Global Route 0.00% H + 0.00% V
[NR-eGR]             Length (um)    Vias 
[NR-eGR] --------------------------------
[NR-eGR]  M1  (1V)             0  111244 
[NR-eGR]  M2  (2H)         66785  213888 
[NR-eGR]  C1  (3V)        148289   61762 
[NR-eGR]  C2  (4H)        101445   25923 
[NR-eGR]  C3  (5V)        132066   12290 
[NR-eGR]  C4  (6H)         71999    3062 
[NR-eGR]  BA  (7V)         45857    1720 
[NR-eGR]  BB  (8H)         22409      74 
[NR-eGR]  JA  (9V)           114       0 
[NR-eGR]  JB  (10H)            0       0 
[NR-eGR]  LB  (11V)            0       0 
[NR-eGR] --------------------------------
[NR-eGR]      Total       588964  429963 
[NR-eGR] --------------------------------------------------------------------------
[NR-eGR] Total half perimeter of net bounding box: 491292um
[NR-eGR] Total length: 588964um, number of vias: 429963
[NR-eGR] --------------------------------------------------------------------------
[NR-eGR] Total eGR-routed clock nets wire length: 10849um, number of vias: 10815
[NR-eGR] --------------------------------------------------------------------------
[NR-eGR] Report for selected net(s) only.
[NR-eGR]             Length (um)   Vias 
[NR-eGR] -------------------------------
[NR-eGR]  M1  (1V)             0    332 
[NR-eGR]  M2  (2H)           730   5939 
[NR-eGR]  C1  (3V)          5421   4336 
[NR-eGR]  C2  (4H)          4400    208 
[NR-eGR]  C3  (5V)           297      0 
[NR-eGR]  C4  (6H)             0      0 
[NR-eGR]  BA  (7V)             0      0 
[NR-eGR]  BB  (8H)             0      0 
[NR-eGR]  JA  (9V)             0      0 
[NR-eGR]  JB  (10H)            0      0 
[NR-eGR]  LB  (11V)            0      0 
[NR-eGR] -------------------------------
[NR-eGR]      Total        10849  10815 
[NR-eGR] --------------------------------------------------------------------------
[NR-eGR] Total half perimeter of net bounding box: 3529um
[NR-eGR] Total length: 10849um, number of vias: 10815
[NR-eGR] --------------------------------------------------------------------------
[NR-eGR] Total routed clock nets wire length: 10849um, number of vias: 10815
[NR-eGR] --------------------------------------------------------------------------
[NR-eGR] Finished Early Global Route kernel ( CPU: 1.83 sec, Real: 1.28 sec, Curr Mem: 4201.40 MB )
      Early Global Route - eGR->Nr High Frequency step done. (took cpu=0:00:02.0 real=0:00:01.4)
      flow.cputime  flow.realtime  timing.setup.tns  timing.setup.wns  snapshot
UM:*                                                                   Early Global Route - eGR->Nr High Frequency step
    Routing using eGR in eGR->NR Step done.
    Routing using NR in eGR->NR Step...

CCOPT: Preparing to route 59 clock nets with NanoRoute.
  All net are default rule.
  Preferred NanoRoute mode settings: Current
**WARN: (IMPTCM-77):	Option "-grouteExpUseNanoRoute2" for command setNanoRouteMode is obsolete and will be removed in a future release. The obsolete option still works in this release but to avoid this warning and to ensure compatibility with future releases, remove the obsolete option from your script.
**WARN: (IMPDBTCL-321):	The attribute 'route_design_global_exp_use_nano_route2' still works but will be obsolete in a future major release. You should remove it from your script before the next major release to avoid errors.
**WARN: (IMPTCM-77):	Option "-routeExpDeterministicMultiThread" for command setNanoRouteMode is obsolete and will be removed in a future release. The obsolete option still works in this release but to avoid this warning and to ensure compatibility with future releases, remove the obsolete option from your script.
**WARN: (IMPDBTCL-321):	The attribute 'route_design_exp_deterministic_multi_thread' still works but will be obsolete in a future major release. You should remove it from your script before the next major release to avoid errors.
      Clock detailed routing...
        NanoRoute...

route_global_detail

#Start route_global_detail on Sat Jan  3 09:28:24 2026
#
#num needed restored net=0
#need_extraction net=0 (total=58669)
#WARNING (NRDB-2005) SPECIAL_NET VDD has special wires but no definitions for instance pins or top level pins. This will cause routability problems later.
#WARNING (NRDB-2005) SPECIAL_NET VSS has special wires but no definitions for instance pins or top level pins. This will cause routability problems later.
#NanoRoute Version 21.19-s058_1 NR231113-0413/21_19-UB
#
#Wire/Via statistics before line assignment ...
#Total number of nets with non-default rule or having extra spacing = 59
#Total wire length = 10849 um.
#Total half perimeter of net bounding box = 3559 um.
#Total wire length on LAYER M1 = 0 um.
#Total wire length on LAYER M2 = 730 um.
#Total wire length on LAYER C1 = 5421 um.
#Total wire length on LAYER C2 = 4400 um.
#Total wire length on LAYER C3 = 297 um.
#Total wire length on LAYER C4 = 0 um.
#Total wire length on LAYER BA = 0 um.
#Total wire length on LAYER BB = 0 um.
#Total wire length on LAYER JA = 0 um.
#Total wire length on LAYER JB = 0 um.
#Total wire length on LAYER LB = 0 um.
#Total number of vias = 10815
#Up-Via Summary (total 10815):
#           
#-----------------------
# M1                332
# M2               5939
# C1               4336
# C2                208
#-----------------------
#                 10815 
#
#Start routing data preparation on Sat Jan  3 09:28:26 2026
#
#Minimum voltage of a net in the design = 0.000.
#Maximum voltage of a net in the design = 0.800.
#Voltage range [0.000 - 0.800] has 58636 nets.
#Voltage range [0.000 - 0.000] has 32 nets.
#Voltage range [0.720 - 0.800] has 1 net.
#Build and mark too close pins for the same net.
#Initial pin access analysis.
#Detail pin access analysis.
# M1           V   Track-Pitch = 0.10400    Line-2-Via Pitch = 0.08000
# M2           H   Track-Pitch = 0.08000    Line-2-Via Pitch = 0.08000
# C1           V   Track-Pitch = 0.09000    Line-2-Via Pitch = 0.09000
# C2           H   Track-Pitch = 0.09000    Line-2-Via Pitch = 0.09000
# C3           V   Track-Pitch = 0.09000    Line-2-Via Pitch = 0.09000
# C4           H   Track-Pitch = 0.09000    Line-2-Via Pitch = 0.09000
# BA           V   Track-Pitch = 0.18000    Line-2-Via Pitch = 0.18000
# BB           H   Track-Pitch = 0.18000    Line-2-Via Pitch = 0.18000
# JA           V   Track-Pitch = 0.90000    Line-2-Via Pitch = 0.90000
# JB           H   Track-Pitch = 0.90000    Line-2-Via Pitch = 0.90000
# LB           V   Track-Pitch = 3.60000    Line-2-Via Pitch = 4.50000
#WARNING (NRAG-44) Track pitch is too small compared with line-2-via pitch.
#Bottom routing layer index=1(M1), bottom routing layer for shielding=3(C1), bottom shield layer=3(C1)
#shield_bottom_stripe_layer=3(C1), shield_top_stripe_layer=11(LB)
#pin_access_rlayer=2(M2)
#shield_top_dpt_rlayer=2 top_rlayer=11 top_trim_metal_rlayer=-1 rlayer_lowest=3 bottom_rlayer=1
#enable_trim_layer_shield=F enable_dpt_layer_shield=F has_line_end_grid=F
#cpu time = 00:00:00, elapsed time = 00:00:00, memory = 2595.10 (MB), peak = 2836.89 (MB)
#Regenerating Ggrids automatically.
#Auto generating G-grids with size=15 tracks, using layer C1's pitch = 0.09000.
#Using automatically generated G-grids.
#Done routing data preparation.
#cpu time = 00:00:54, elapsed time = 00:00:12, memory = 2649.25 (MB), peak = 2836.89 (MB)
#Minimum voltage of a net in the design = 0.000.
#Maximum voltage of a net in the design = 0.800.
#Voltage range [0.000 - 0.800] has 58636 nets.
#Voltage range [0.000 - 0.000] has 32 nets.
#Voltage range [0.720 - 0.800] has 1 net.
#Start instance access analysis using 8 threads...
#Set layer M1 to be advanced pin access layer.
#Set instance access analysis scope -1.77100, -2.56000, 201.97100, 202.58000
#0 instance pins are hard to access
#Instance access analysis statistics:
#Cpu time = 00:00:01
#Elapsed time = 00:00:01
#Increased memory = 12.70 (MB)
#Total memory = 2661.95 (MB)
#Peak memory = 2867.91 (MB)
Updating RC grid for preRoute extraction ...
Initializing multi-corner resistance tables ...
#
#Distribution of nets:
#Largest net has 5065 pins
#  
# #pin range           #net       %
#------------------------------------
#          2           25367 ( 43.2%)
#          3            5650 (  9.6%)
#          4            2024 (  3.4%)
#          5            2806 (  4.8%)
#          6             340 (  0.6%)
#          7             282 (  0.5%)
#          8             235 (  0.4%)
#          9             199 (  0.3%)
#  10  -  19            1170 (  2.0%)
#  20  -  29             322 (  0.5%)
#  30  -  39              71 (  0.1%)
#  40  -  49              14 (  0.0%)
#  50  -  59              57 (  0.1%)
#  60  -  69             102 (  0.2%)
#  70  -  79               2 (  0.0%)
#  90  -  99              12 (  0.0%)
#  100 - 199              57 (  0.1%)
#  200 - 299              12 (  0.0%)
#     >=2000               1 (  0.0%)
#
#Total: 58669 nets, 38723 non-trivial nets
#                              #net       %
#-------------------------------------------
#  Fully global routed           59 ( 0.2%)
#  Clock                         59
#  Extra space                   59
#  Prefer layer range         38723
#
#Nets in 2 layer ranges:
#  Bottom Pref.Layer    Top Pref.Layer       #net       %
#---------------------------------------------------------
#              -----             8 BB*      38664 ( 99.8%)
#               3 C1             4 C2          59 (  0.2%)
#
#59 nets selected.
#
#Iteration 1.1: cpu:00:00:01, real:00:00:00, mem:2.6 GB, peak:2.8 GB --4.75 [8]--
#Iteration 1.2: cpu:00:00:00, real:00:00:00, mem:2.6 GB, peak:2.8 GB --2.16 [8]--
#Iteration 1.3: cpu:00:00:00, real:00:00:00, mem:2.6 GB, peak:2.8 GB --1.90 [8]--
#Iteration 2.1: cpu:00:00:01, real:00:00:00, mem:2.6 GB, peak:2.8 GB --4.72 [8]--
#Iteration 3.1: cpu:00:00:01, real:00:00:00, mem:2.6 GB, peak:2.8 GB --4.67 [8]--
#Iteration 3.2: cpu:00:00:00, real:00:00:00, mem:2.6 GB, peak:2.8 GB --2.00 [8]--
#Iteration 3.3: cpu:00:00:00, real:00:00:00, mem:2.6 GB, peak:2.8 GB --1.87 [8]--
#Iteration 3.4: cpu:00:00:00, real:00:00:00, mem:2.6 GB, peak:2.8 GB --1.79 [8]--
#
#Line Assignment statistics:
#Cpu time = 00:00:03
#Elapsed time = 00:00:01
#Increased memory = 11.35 (MB)
#Total memory = 2694.29 (MB)
#Peak memory = 2867.91 (MB)
#End Line Assignment: cpu:00:00:03, real:00:00:01, mem:2.6 GB, peak:2.8 GB --3.37 [8]--
#
#Wire/Via statistics after line assignment ...
#Total number of nets with non-default rule or having extra spacing = 59
#Total wire length = 11099 um.
#Total half perimeter of net bounding box = 3559 um.
#Total wire length on LAYER M1 = 1 um.
#Total wire length on LAYER M2 = 1127 um.
#Total wire length on LAYER C1 = 5415 um.
#Total wire length on LAYER C2 = 4280 um.
#Total wire length on LAYER C3 = 278 um.
#Total wire length on LAYER C4 = 0 um.
#Total wire length on LAYER BA = 0 um.
#Total wire length on LAYER BB = 0 um.
#Total wire length on LAYER JA = 0 um.
#Total wire length on LAYER JB = 0 um.
#Total wire length on LAYER LB = 0 um.
#Total number of vias = 9511
#Up-Via Summary (total 9511):
#           
#-----------------------
# M1                332
# M2               5523
# C1               3486
# C2                170
#-----------------------
#                  9511 
#
#Routing data preparation, pin analysis, line assignment statistics:
#Cpu time = 00:00:59
#Elapsed time = 00:00:14
#Increased memory = 116.51 (MB)
#Total memory = 2676.82 (MB)
#Peak memory = 2867.91 (MB)
#Skip comparing routing design signature in db-snapshot flow
#Using multithreading with 8 threads.
#Minimum voltage of a net in the design = 0.000.
#Maximum voltage of a net in the design = 0.800.
#Voltage range [0.000 - 0.800] has 58636 nets.
#Voltage range [0.000 - 0.000] has 32 nets.
#Voltage range [0.720 - 0.800] has 1 net.
#Minimum voltage of a net in the design = 0.000.
#Maximum voltage of a net in the design = 0.800.
#Voltage range [0.000 - 0.800] has 58636 nets.
#Voltage range [0.000 - 0.000] has 32 nets.
#Voltage range [0.720 - 0.800] has 1 net.
#Minimum voltage of a net in the design = 0.000.
#Maximum voltage of a net in the design = 0.800.
#Voltage range [0.000 - 0.800] has 58636 nets.
#Voltage range [0.000 - 0.000] has 32 nets.
#Voltage range [0.720 - 0.800] has 1 net.
#Minimum voltage of a net in the design = 0.000.
#Maximum voltage of a net in the design = 0.800.
#Voltage range [0.000 - 0.800] has 58636 nets.
#Voltage range [0.000 - 0.000] has 32 nets.
#Voltage range [0.720 - 0.800] has 1 net.
#
#Start Detail Routing..
#start initial detail routing ...
#   number of violations = 0
#cpu time = 00:01:26, elapsed time = 00:00:11, memory = 2706.59 (MB), peak = 3036.98 (MB)
#Complete Detail Routing.
#Total number of nets with non-default rule or having extra spacing = 59
#Total wire length = 10875 um.
#Total half perimeter of net bounding box = 3559 um.
#Total wire length on LAYER M1 = 0 um.
#Total wire length on LAYER M2 = 192 um.
#Total wire length on LAYER C1 = 5661 um.
#Total wire length on LAYER C2 = 4745 um.
#Total wire length on LAYER C3 = 278 um.
#Total wire length on LAYER C4 = 0 um.
#Total wire length on LAYER BA = 0 um.
#Total wire length on LAYER BB = 0 um.
#Total wire length on LAYER JA = 0 um.
#Total wire length on LAYER JB = 0 um.
#Total wire length on LAYER LB = 0 um.
#Total number of vias = 10635
#Up-Via Summary (total 10635):
#           
#-----------------------
# M1                332
# M2               5182
# C1               4952
# C2                169
#-----------------------
#                 10635 
#
#Total number of DRC violations = 0
#Cpu time = 00:01:27
#Elapsed time = 00:00:12
#Increased memory = 29.68 (MB)
#Total memory = 2706.59 (MB)
#Peak memory = 3036.98 (MB)
#Skip updating routing design signature in db-snapshot flow
#route_detail Statistics:
#Cpu time = 00:01:28
#Elapsed time = 00:00:12
#Increased memory = 29.77 (MB)
#Total memory = 2706.59 (MB)
#Peak memory = 3036.98 (MB)
#
#route_global_detail statistics:
#Cpu time = 00:02:30
#Elapsed time = 00:00:28
#Increased memory = 129.28 (MB)
#Total memory = 2701.89 (MB)
#Peak memory = 3036.98 (MB)
#Number of warnings = 3
#Total number of warnings = 17
#Number of fails = 0
#Total number of fails = 0
#Complete route_global_detail on Sat Jan  3 09:28:53 2026
#
        NanoRoute done. (took cpu=0:02:30 real=0:00:28.2)
      flow.cputime  flow.realtime  timing.setup.tns  timing.setup.wns  snapshot
UM:*                                                                   NanoRoute
      Clock detailed routing done.
Skipping check of guided vs. routed net lengths.
Set FIXED routing status on 59 net(s)
Set FIXED placed status on 58 instance(s)
      Route Remaining Unrouted Nets...
Running route_early_global to complete any remaining unrouted nets.
[NR-eGR] Started Early Global Route kernel ( Curr Mem: 4374.81 MB )
[NR-eGR] Track table information for default rule: 
[NR-eGR] M1 has single uniform track structure
[NR-eGR] M2 has single uniform track structure
[NR-eGR] C1 has single uniform track structure
[NR-eGR] C2 has single uniform track structure
[NR-eGR] C3 has single uniform track structure
[NR-eGR] C4 has single uniform track structure
[NR-eGR] BA has single uniform track structure
[NR-eGR] BB has single uniform track structure
[NR-eGR] JA has single uniform track structure
[NR-eGR] JB has single uniform track structure
[NR-eGR] LB has single uniform track structure
[NR-eGR] Read 20 PG shapes
[NR-eGR] Read 0 clock shapes
[NR-eGR] Read 0 other shapes
[NR-eGR] #Routing Blockages  : 30
[NR-eGR] #Instance Blockages : 100743
[NR-eGR] #PG Blockages       : 20
[NR-eGR] #Halo Blockages     : 0
[NR-eGR] #Boundary Blockages : 0
[NR-eGR] #Clock Blockages    : 0
[NR-eGR] #Other Blockages    : 0
[NR-eGR] Num Prerouted Nets = 59  Num Prerouted Wires = 17661
[NR-eGR] Read 38723 nets ( ignored 59 )
[NR-eGR] ============ Routing rule table ============
[NR-eGR] Rule id: 1  Nets: 38664
[NR-eGR] ========================================
[NR-eGR] 
[NR-eGR] Layer group 1: route 38664 net(s) in layer range [2, 11]
[NR-eGR] Early Global Route overflow of layer group 1: 0.56% H + 0.97% V. EstWL: 5.629926e+05um
[NR-eGR] Congestion Analysis By layer: (blocked Gcells are excluded) 
[NR-eGR]                        OverCon           OverCon           OverCon           OverCon            
[NR-eGR]                         #Gcell            #Gcell            #Gcell            #Gcell     %Gcell
[NR-eGR]        Layer             (1-2)             (3-4)             (5-6)             (7-8)    OverCon
[NR-eGR] -------------------------------------------------------------------------------------------------
[NR-eGR]      M1 ( 1)         0( 0.00%)         0( 0.00%)         0( 0.00%)         0( 0.00%)   ( 0.00%) 
[NR-eGR]      M2 ( 2)      1292( 1.32%)        40( 0.04%)         0( 0.00%)         0( 0.00%)   ( 1.36%) 
[NR-eGR]      C1 ( 3)      1574( 1.61%)        67( 0.07%)         1( 0.00%)         0( 0.00%)   ( 1.68%) 
[NR-eGR]      C2 ( 4)        81( 0.08%)        25( 0.03%)         5( 0.01%)         1( 0.00%)   ( 0.11%) 
[NR-eGR]      C3 ( 5)       391( 0.40%)        14( 0.01%)         8( 0.01%)         0( 0.00%)   ( 0.42%) 
[NR-eGR]      C4 ( 6)        93( 0.10%)        53( 0.05%)        16( 0.02%)         2( 0.00%)   ( 0.17%) 
[NR-eGR]      BA ( 7)        75( 0.08%)         9( 0.01%)         0( 0.00%)         0( 0.00%)   ( 0.09%) 
[NR-eGR]      BB ( 8)        12( 0.01%)        27( 0.03%)        20( 0.02%)         1( 0.00%)   ( 0.06%) 
[NR-eGR]      JA ( 9)         0( 0.00%)         0( 0.00%)         0( 0.00%)         0( 0.00%)   ( 0.00%) 
[NR-eGR]      JB (10)         0( 0.00%)         0( 0.00%)         0( 0.00%)         0( 0.00%)   ( 0.00%) 
[NR-eGR]      LB (11)         0( 0.00%)         0( 0.00%)         0( 0.00%)         0( 0.00%)   ( 0.00%) 
[NR-eGR] -------------------------------------------------------------------------------------------------
[NR-eGR]        Total      3518( 0.47%)       235( 0.03%)        50( 0.01%)         4( 0.00%)   ( 0.51%) 
[NR-eGR] 
[NR-eGR] Overflow after Early Global Route 0.09% H + 0.24% V
[NR-eGR]             Length (um)    Vias 
[NR-eGR] --------------------------------
[NR-eGR]  M1  (1V)             0  111244 
[NR-eGR]  M2  (2H)         66484  213291 
[NR-eGR]  C1  (3V)        147600   62264 
[NR-eGR]  C2  (4H)        100930   26360 
[NR-eGR]  C3  (5V)        132543   12366 
[NR-eGR]  C4  (6H)         72339    3121 
[NR-eGR]  BA  (7V)         46401    1783 
[NR-eGR]  BB  (8H)         22706      78 
[NR-eGR]  JA  (9V)           102       0 
[NR-eGR]  JB  (10H)            0       0 
[NR-eGR]  LB  (11V)            0       0 
[NR-eGR] --------------------------------
[NR-eGR]      Total       589104  430507 
[NR-eGR] --------------------------------------------------------------------------
[NR-eGR] Total half perimeter of net bounding box: 491292um
[NR-eGR] Total length: 589104um, number of vias: 430507
[NR-eGR] --------------------------------------------------------------------------
[NR-eGR] Total eGR-routed clock nets wire length: 0um, number of vias: 0
[NR-eGR] --------------------------------------------------------------------------
[NR-eGR] Finished Early Global Route kernel ( CPU: 7.94 sec, Real: 3.00 sec, Curr Mem: 4409.63 MB )
      Route Remaining Unrouted Nets done. (took cpu=0:00:08.0 real=0:00:03.1)
      flow.cputime  flow.realtime  timing.setup.tns  timing.setup.wns  snapshot
UM:*                                                                   Route Remaining Unrouted Nets
    Routing using NR in eGR->NR Step done.
Net route status summary:
  Clock:        59 (unrouted=0, trialRouted=0, noStatus=0, routed=0, fixed=59, [crossesIlmBoundary=0, tooFewTerms=0, (crossesIlmBoundary AND tooFewTerms=0)])
  Non-clock: 58610 (unrouted=19946, trialRouted=38664, noStatus=0, routed=0, fixed=0, [crossesIlmBoundary=0, tooFewTerms=19946, (crossesIlmBoundary AND tooFewTerms=0)])

CCOPT: Done with clock implementation routing.

    Leaving CCOpt scope - Routing Tools done. (took cpu=0:02:41 real=0:00:33.8)
  Clock implementation routing done.
  Leaving CCOpt scope - extractRC...
  Updating RC parasitics by calling: "extract_rc -noRouteCheck"...
Extraction called for design 'Silago_top' of instances=36356 and nets=58669 using extraction engine 'pre_route' .
**WARN: (IMPEXT-3530):	The process node is not set. Use the command set_design_mode -process <process node> prior to extraction for maximum accuracy and optimal automatic threshold setting.
Type 'man IMPEXT-3530' for more detail.
pre_route RC Extraction called for design Silago_top.
RC Extraction called in multi-corner(3) mode.
RCMode: PreRoute
      RC Corner Indexes            0       1       2   
Capacitance Scaling Factor   : 1.00000 1.00000 1.00000 
Resistance Scaling Factor    : 1.00000 1.00000 1.00000 
Clock Cap. Scaling Factor    : 1.00000 1.00000 1.00000 
Clock Res. Scaling Factor    : 1.00000 1.00000 1.00000 
Shrink Factor                : 1.00000
PreRoute extraction is honoring NDR/Shielding/ExtraSpace for clock nets.
Using Quantus QRC technology file ...
Updating RC grid for preRoute extraction ...
Initializing multi-corner resistance tables ...
PreRoute RC Extraction DONE (CPU Time: 0:00:01.1  Real Time: 0:00:01.0  MEM: 4367.629M)
  Updating RC parasitics by calling: "extract_rc -noRouteCheck" done.
  Leaving CCOpt scope - extractRC done. (took cpu=0:00:01.2 real=0:00:01.1)
  Clock tree timing engine global stage delay update for WC_dc:setup.late...
  Clock tree timing engine global stage delay update for WC_dc:setup.late done. (took cpu=0:00:00.4 real=0:00:00.1)
  Clock DAG stats after routing clock trees:
    cell counts      : b=58, i=0, icg=0, dcg=0, l=0, total=58
    sink counts      : regular=5064, enable_latch=0, load_capacitance=0, antenna=0, node_sink=0, total=5064
    misc counts      : r=1, pp=0
    cell areas       : b=72.151um^2, i=0.000um^2, icg=0.000um^2, dcg=0.000um^2, l=0.000um^2, total=72.151um^2
    cell capacitance : b=152.100fF, i=0.000fF, icg=0.000fF, dcg=0.000fF, l=0.000fF, total=152.100fF
    sink capacitance : total=3725.903fF, avg=0.736fF, sd=0.034fF, min=0.679fF, max=0.757fF
    wire capacitance : top=0.000fF, trunk=130.644fF, leaf=1398.329fF, total=1528.973fF
    wire lengths     : top=0.000um, trunk=973.112um, leaf=9902.364um, total=10875.476um
    hp wire lengths  : top=0.000um, trunk=804.144um, leaf=2731.904um, total=3536.048um
  Clock DAG net violations after routing clock trees: none
  Clock DAG primary half-corner transition distribution after routing clock trees:
    Trunk : target=87.8ps count=8 avg=34.7ps sd=13.4ps min=11.1ps max=53.8ps {7 <= 52.7ps, 1 <= 70.2ps, 0 <= 79.0ps, 0 <= 83.4ps, 0 <= 87.8ps}
    Leaf  : target=87.8ps count=51 avg=79.4ps sd=6.3ps min=61.4ps max=87.5ps {0 <= 52.7ps, 4 <= 70.2ps, 19 <= 79.0ps, 9 <= 83.4ps, 19 <= 87.8ps}
  Clock DAG library cell distribution after routing clock trees {count}:
     Bufs: SC8T_BUFX20_CSC28L: 2 SC8T_BUFX16_CSC28L: 7 SC8T_BUFX12_CSC28L: 22 SC8T_BUFX10_CSC28L: 26 SC8T_BUFX8_CSC28L: 1 
  Primary reporting skew groups after routing clock trees:
    skew_group clk/functional: insertion delay [min=199.2, max=232.7, avg=221.3, sd=6.8], skew [33.5 vs 53.8], 100% {199.2, 232.7} (wid=41.7 ws=27.8) (gid=208.6 gs=34.7)
  Skew group summary after routing clock trees:
    skew_group clk/functional: insertion delay [min=199.2, max=232.7, avg=221.3, sd=6.8], skew [33.5 vs 53.8], 100% {199.2, 232.7} (wid=41.7 ws=27.8) (gid=208.6 gs=34.7)
  CCOpt::Phase::Routing done. (took cpu=0:02:43 real=0:00:35.3)
      flow.cputime  flow.realtime  timing.setup.tns  timing.setup.wns  snapshot
UM:*                                                                   CCOpt::Phase::Routing
  CCOpt::Phase::PostConditioning...
  Leaving CCOpt scope - Initializing placement interface...

**Info: (IMPSP-2062): Some of the PG shapes may not be colorized properly in this design, users are required to run command colorizePowerMesh before any placement related commands!
  Leaving CCOpt scope - Initializing placement interface done. (took cpu=0:00:00.3 real=0:00:00.2)
  PostConditioning...
    PostConditioning active optimizations:
     - DRV fixing with initial upsizing, sizing and buffering
     - Skew fixing with sizing
    
    Currently running CTS, using active skew data
    Reset bufferability constraints...
    Resetting previous bufferability status on all nets so that PostConditioning will attempt to fix all clock tree violations.
    Reset bufferability constraints done. (took cpu=0:00:00.0 real=0:00:00.0)
    PostConditioning Upsizing To Fix DRVs...
      Fixing clock tree DRVs with upsizing: ...20% ...40% ...60% ...80% ...100% 
      CCOpt-PostConditioning: considered: 59, tested: 59, violation detected: 0, violation ignored (due to small violation): 0, cannot run: 0, attempted: 0, unsuccessful: 0, sized: 0
      
      Statistics: Fix DRVs (initial upsizing):
      ========================================
      
      Cell changes by Net Type:
      
      -------------------------------------------------------------------------------------------------
      Net Type    Attempted    Upsized     Downsized    Swapped Same Size    Total Changed    Not Sized
      -------------------------------------------------------------------------------------------------
      top                0            0           0            0                    0                0
      trunk              0            0           0            0                    0                0
      leaf               0            0           0            0                    0                0
      -------------------------------------------------------------------------------------------------
      Total              0            0           0            0                    0                0
      -------------------------------------------------------------------------------------------------
      
      Upsized: 0, Downsized: 0, Sized but same area: 0, Unchanged: 0, Area change: 0.000um^2 (0.000%)
      Max. move: 0.000um, Min. move: 0.000um, Avg. move: N/A
      
      Clock DAG stats after 'PostConditioning Upsizing To Fix DRVs':
        cell counts      : b=58, i=0, icg=0, dcg=0, l=0, total=58
        sink counts      : regular=5064, enable_latch=0, load_capacitance=0, antenna=0, node_sink=0, total=5064
        misc counts      : r=1, pp=0
        cell areas       : b=72.151um^2, i=0.000um^2, icg=0.000um^2, dcg=0.000um^2, l=0.000um^2, total=72.151um^2
        cell capacitance : b=152.100fF, i=0.000fF, icg=0.000fF, dcg=0.000fF, l=0.000fF, total=152.100fF
        sink capacitance : total=3725.903fF, avg=0.736fF, sd=0.034fF, min=0.679fF, max=0.757fF
        wire capacitance : top=0.000fF, trunk=130.644fF, leaf=1398.329fF, total=1528.973fF
        wire lengths     : top=0.000um, trunk=973.112um, leaf=9902.364um, total=10875.476um
        hp wire lengths  : top=0.000um, trunk=804.144um, leaf=2731.904um, total=3536.048um
      Clock DAG net violations after 'PostConditioning Upsizing To Fix DRVs': none
      Clock DAG primary half-corner transition distribution after 'PostConditioning Upsizing To Fix DRVs':
        Trunk : target=87.8ps count=8 avg=34.7ps sd=13.4ps min=11.1ps max=53.8ps {7 <= 52.7ps, 1 <= 70.2ps, 0 <= 79.0ps, 0 <= 83.4ps, 0 <= 87.8ps}
        Leaf  : target=87.8ps count=51 avg=79.4ps sd=6.3ps min=61.4ps max=87.5ps {0 <= 52.7ps, 4 <= 70.2ps, 19 <= 79.0ps, 9 <= 83.4ps, 19 <= 87.8ps}
      Clock DAG library cell distribution after 'PostConditioning Upsizing To Fix DRVs' {count}:
         Bufs: SC8T_BUFX20_CSC28L: 2 SC8T_BUFX16_CSC28L: 7 SC8T_BUFX12_CSC28L: 22 SC8T_BUFX10_CSC28L: 26 SC8T_BUFX8_CSC28L: 1 
      Primary reporting skew groups after 'PostConditioning Upsizing To Fix DRVs':
        skew_group clk/functional: insertion delay [min=199.2, max=232.7], skew [33.5 vs 53.8]
      Skew group summary after 'PostConditioning Upsizing To Fix DRVs':
        skew_group clk/functional: insertion delay [min=199.2, max=232.7], skew [33.5 vs 53.8]
      Legalizer API calls during this step: 0 succeeded with high effort: 0 succeeded with medium effort: 0 succeeded with low effort: 0 succeeded with basic effort: 0 succeeded with basic unbounded effort: 0
    PostConditioning Upsizing To Fix DRVs done. (took cpu=0:00:00.1 real=0:00:00.1)
      flow.cputime  flow.realtime  timing.setup.tns  timing.setup.wns  snapshot
UM:*                                                                   PostConditioning Upsizing To Fix DRVs
    Recomputing CTS skew targets...
    Resolving skew group constraints...
      Solving LP: 1 skew groups; 2 fragments, 2 fraglets and 3 vertices; 25 variables and 66 constraints; tolerance 1
    Resolving skew group constraints done.
    Recomputing CTS skew targets done. (took cpu=0:00:00.6 real=0:00:00.6)
    PostConditioning Fixing DRVs...
      Fixing clock tree DRVs: ...20% ...40% ...60% ...80% ...100% 
      CCOpt-PostConditioning: considered: 59, tested: 59, violation detected: 0, violation ignored (due to small violation): 0, cannot run: 0, attempted: 0, unsuccessful: 0, sized: 0
      
      Statistics: Fix DRVs (cell sizing):
      ===================================
      
      Cell changes by Net Type:
      
      -------------------------------------------------------------------------------------------------
      Net Type    Attempted    Upsized     Downsized    Swapped Same Size    Total Changed    Not Sized
      -------------------------------------------------------------------------------------------------
      top                0            0           0            0                    0                0
      trunk              0            0           0            0                    0                0
      leaf               0            0           0            0                    0                0
      -------------------------------------------------------------------------------------------------
      Total              0            0           0            0                    0                0
      -------------------------------------------------------------------------------------------------
      
      Upsized: 0, Downsized: 0, Sized but same area: 0, Unchanged: 0, Area change: 0.000um^2 (0.000%)
      Max. move: 0.000um, Min. move: 0.000um, Avg. move: N/A
      
      Clock DAG stats after 'PostConditioning Fixing DRVs':
        cell counts      : b=58, i=0, icg=0, dcg=0, l=0, total=58
        sink counts      : regular=5064, enable_latch=0, load_capacitance=0, antenna=0, node_sink=0, total=5064
        misc counts      : r=1, pp=0
        cell areas       : b=72.151um^2, i=0.000um^2, icg=0.000um^2, dcg=0.000um^2, l=0.000um^2, total=72.151um^2
        cell capacitance : b=152.100fF, i=0.000fF, icg=0.000fF, dcg=0.000fF, l=0.000fF, total=152.100fF
        sink capacitance : total=3725.903fF, avg=0.736fF, sd=0.034fF, min=0.679fF, max=0.757fF
        wire capacitance : top=0.000fF, trunk=130.644fF, leaf=1398.329fF, total=1528.973fF
        wire lengths     : top=0.000um, trunk=973.112um, leaf=9902.364um, total=10875.476um
        hp wire lengths  : top=0.000um, trunk=804.144um, leaf=2731.904um, total=3536.048um
      Clock DAG net violations after 'PostConditioning Fixing DRVs': none
      Clock DAG primary half-corner transition distribution after 'PostConditioning Fixing DRVs':
        Trunk : target=87.8ps count=8 avg=34.7ps sd=13.4ps min=11.1ps max=53.8ps {7 <= 52.7ps, 1 <= 70.2ps, 0 <= 79.0ps, 0 <= 83.4ps, 0 <= 87.8ps}
        Leaf  : target=87.8ps count=51 avg=79.4ps sd=6.3ps min=61.4ps max=87.5ps {0 <= 52.7ps, 4 <= 70.2ps, 19 <= 79.0ps, 9 <= 83.4ps, 19 <= 87.8ps}
      Clock DAG library cell distribution after 'PostConditioning Fixing DRVs' {count}:
         Bufs: SC8T_BUFX20_CSC28L: 2 SC8T_BUFX16_CSC28L: 7 SC8T_BUFX12_CSC28L: 22 SC8T_BUFX10_CSC28L: 26 SC8T_BUFX8_CSC28L: 1 
      Primary reporting skew groups after 'PostConditioning Fixing DRVs':
        skew_group clk/functional: insertion delay [min=199.2, max=232.7], skew [33.5 vs 53.8]
      Skew group summary after 'PostConditioning Fixing DRVs':
        skew_group clk/functional: insertion delay [min=199.2, max=232.7], skew [33.5 vs 53.8]
      Legalizer API calls during this step: 0 succeeded with high effort: 0 succeeded with medium effort: 0 succeeded with low effort: 0 succeeded with basic effort: 0 succeeded with basic unbounded effort: 0
    PostConditioning Fixing DRVs done. (took cpu=0:00:00.1 real=0:00:00.1)
      flow.cputime  flow.realtime  timing.setup.tns  timing.setup.wns  snapshot
UM:*                                                                   PostConditioning Fixing DRVs
    Buffering to fix DRVs...
    Fixing DRVs with route buffering pass 1. Quick buffering: enabled
    Rebuffering to fix clock tree DRVs: ...20% ...40% ...60% ...80% ...100% 
    Inserted 0 buffers and inverters.
    success count. Default: 0, QS: 0, QD: 0, FS: 0, MQS: 0
    CCOpt-PostConditioning: nets considered: 59, nets tested: 59, nets violation detected: 0, nets violation ignored (due to small violation): 0, nets cannot run: 0, nets attempted: 0, nets unsuccessful: 0, buffered: 0
    Clock DAG stats PostConditioning after re-buffering DRV fixing:
      cell counts      : b=58, i=0, icg=0, dcg=0, l=0, total=58
      sink counts      : regular=5064, enable_latch=0, load_capacitance=0, antenna=0, node_sink=0, total=5064
      misc counts      : r=1, pp=0
      cell areas       : b=72.151um^2, i=0.000um^2, icg=0.000um^2, dcg=0.000um^2, l=0.000um^2, total=72.151um^2
      cell capacitance : b=152.100fF, i=0.000fF, icg=0.000fF, dcg=0.000fF, l=0.000fF, total=152.100fF
      sink capacitance : total=3725.903fF, avg=0.736fF, sd=0.034fF, min=0.679fF, max=0.757fF
      wire capacitance : top=0.000fF, trunk=130.644fF, leaf=1398.329fF, total=1528.973fF
      wire lengths     : top=0.000um, trunk=973.112um, leaf=9902.364um, total=10875.476um
      hp wire lengths  : top=0.000um, trunk=804.144um, leaf=2731.904um, total=3536.048um
    Clock DAG net violations PostConditioning after re-buffering DRV fixing: none
    Clock DAG primary half-corner transition distribution PostConditioning after re-buffering DRV fixing:
      Trunk : target=87.8ps count=8 avg=34.7ps sd=13.4ps min=11.1ps max=53.8ps {7 <= 52.7ps, 1 <= 70.2ps, 0 <= 79.0ps, 0 <= 83.4ps, 0 <= 87.8ps}
      Leaf  : target=87.8ps count=51 avg=79.4ps sd=6.3ps min=61.4ps max=87.5ps {0 <= 52.7ps, 4 <= 70.2ps, 19 <= 79.0ps, 9 <= 83.4ps, 19 <= 87.8ps}
    Clock DAG library cell distribution PostConditioning after re-buffering DRV fixing {count}:
       Bufs: SC8T_BUFX20_CSC28L: 2 SC8T_BUFX16_CSC28L: 7 SC8T_BUFX12_CSC28L: 22 SC8T_BUFX10_CSC28L: 26 SC8T_BUFX8_CSC28L: 1 
    Primary reporting skew groups PostConditioning after re-buffering DRV fixing:
      skew_group clk/functional: insertion delay [min=199.2, max=232.7, avg=221.3, sd=6.8], skew [33.5 vs 53.8], 100% {199.2, 232.7} (wid=41.7 ws=27.8) (gid=208.6 gs=34.7)
    Skew group summary PostConditioning after re-buffering DRV fixing:
      skew_group clk/functional: insertion delay [min=199.2, max=232.7, avg=221.3, sd=6.8], skew [33.5 vs 53.8], 100% {199.2, 232.7} (wid=41.7 ws=27.8) (gid=208.6 gs=34.7)
    Buffering to fix DRVs done. (took cpu=0:00:00.1 real=0:00:00.1)
      flow.cputime  flow.realtime  timing.setup.tns  timing.setup.wns  snapshot
UM:*                                                                   Buffering to fix DRVs
    PostConditioning Fixing Skew by cell sizing...
      Resized 0 clock insts to decrease delay.
      Resized 0 clock insts to increase delay.
      
      Statistics: Fix Skew (cell sizing):
      ===================================
      
      Cell changes by Net Type:
      
      -------------------------------------------------------------------------------------------------
      Net Type    Attempted    Upsized     Downsized    Swapped Same Size    Total Changed    Not Sized
      -------------------------------------------------------------------------------------------------
      top                0            0           0            0                    0                0
      trunk              0            0           0            0                    0                0
      leaf               0            0           0            0                    0                0
      -------------------------------------------------------------------------------------------------
      Total              0            0           0            0                    0                0
      -------------------------------------------------------------------------------------------------
      
      Upsized: 0, Downsized: 0, Sized but same area: 0, Unchanged: 0, Area change: 0.000um^2 (0.000%)
      Max. move: 0.000um, Min. move: 0.000um, Avg. move: N/A
      
      Clock DAG stats after 'PostConditioning Fixing Skew by cell sizing':
        cell counts      : b=58, i=0, icg=0, dcg=0, l=0, total=58
        sink counts      : regular=5064, enable_latch=0, load_capacitance=0, antenna=0, node_sink=0, total=5064
        misc counts      : r=1, pp=0
        cell areas       : b=72.151um^2, i=0.000um^2, icg=0.000um^2, dcg=0.000um^2, l=0.000um^2, total=72.151um^2
        cell capacitance : b=152.100fF, i=0.000fF, icg=0.000fF, dcg=0.000fF, l=0.000fF, total=152.100fF
        sink capacitance : total=3725.903fF, avg=0.736fF, sd=0.034fF, min=0.679fF, max=0.757fF
        wire capacitance : top=0.000fF, trunk=130.644fF, leaf=1398.329fF, total=1528.973fF
        wire lengths     : top=0.000um, trunk=973.112um, leaf=9902.364um, total=10875.476um
        hp wire lengths  : top=0.000um, trunk=804.144um, leaf=2731.904um, total=3536.048um
      Clock DAG net violations after 'PostConditioning Fixing Skew by cell sizing': none
      Clock DAG primary half-corner transition distribution after 'PostConditioning Fixing Skew by cell sizing':
        Trunk : target=87.8ps count=8 avg=34.7ps sd=13.4ps min=11.1ps max=53.8ps {7 <= 52.7ps, 1 <= 70.2ps, 0 <= 79.0ps, 0 <= 83.4ps, 0 <= 87.8ps}
        Leaf  : target=87.8ps count=51 avg=79.4ps sd=6.3ps min=61.4ps max=87.5ps {0 <= 52.7ps, 4 <= 70.2ps, 19 <= 79.0ps, 9 <= 83.4ps, 19 <= 87.8ps}
      Clock DAG library cell distribution after 'PostConditioning Fixing Skew by cell sizing' {count}:
         Bufs: SC8T_BUFX20_CSC28L: 2 SC8T_BUFX16_CSC28L: 7 SC8T_BUFX12_CSC28L: 22 SC8T_BUFX10_CSC28L: 26 SC8T_BUFX8_CSC28L: 1 
      Primary reporting skew groups after 'PostConditioning Fixing Skew by cell sizing':
        skew_group clk/functional: insertion delay [min=199.2, max=232.7, avg=221.3, sd=6.8], skew [33.5 vs 53.8], 100% {199.2, 232.7} (wid=41.7 ws=27.8) (gid=208.6 gs=34.7)
      Skew group summary after 'PostConditioning Fixing Skew by cell sizing':
        skew_group clk/functional: insertion delay [min=199.2, max=232.7, avg=221.3, sd=6.8], skew [33.5 vs 53.8], 100% {199.2, 232.7} (wid=41.7 ws=27.8) (gid=208.6 gs=34.7)
      Legalizer API calls during this step: 0 succeeded with high effort: 0 succeeded with medium effort: 0 succeeded with low effort: 0 succeeded with basic effort: 0 succeeded with basic unbounded effort: 0
    PostConditioning Fixing Skew by cell sizing done. (took cpu=0:00:00.2 real=0:00:00.2)
      flow.cputime  flow.realtime  timing.setup.tns  timing.setup.wns  snapshot
UM:*                                                                   PostConditioning Fixing Skew by cell sizing
    Reconnecting optimized routes...
    Reset timing graph...
Ignoring AAE DB Resetting ...
    Reset timing graph done.
    Reconnecting optimized routes done. (took cpu=0:00:00.1 real=0:00:00.1)
Skipping place_detail: no changes were made during DRV and/or skew fixing steps so it is unnecessary.
  PostConditioning done.
Net route status summary:
  Clock:        59 (unrouted=0, trialRouted=0, noStatus=0, routed=0, fixed=59, [crossesIlmBoundary=0, tooFewTerms=0, (crossesIlmBoundary AND tooFewTerms=0)])
  Non-clock: 58610 (unrouted=19946, trialRouted=38664, noStatus=0, routed=0, fixed=0, [crossesIlmBoundary=0, tooFewTerms=19946, (crossesIlmBoundary AND tooFewTerms=0)])
  Update timing and DAG stats after post-conditioning...
  Update timing and DAG stats after post-conditioning done. (took cpu=0:00:00.0 real=0:00:00.0)
  Clock tree timing engine global stage delay update for WC_dc:setup.late...
  Clock tree timing engine global stage delay update for WC_dc:setup.late done. (took cpu=0:00:00.4 real=0:00:00.1)
  Clock DAG stats after post-conditioning:
    cell counts      : b=58, i=0, icg=0, dcg=0, l=0, total=58
    sink counts      : regular=5064, enable_latch=0, load_capacitance=0, antenna=0, node_sink=0, total=5064
    misc counts      : r=1, pp=0
    cell areas       : b=72.151um^2, i=0.000um^2, icg=0.000um^2, dcg=0.000um^2, l=0.000um^2, total=72.151um^2
    cell capacitance : b=152.100fF, i=0.000fF, icg=0.000fF, dcg=0.000fF, l=0.000fF, total=152.100fF
    sink capacitance : total=3725.903fF, avg=0.736fF, sd=0.034fF, min=0.679fF, max=0.757fF
    wire capacitance : top=0.000fF, trunk=130.644fF, leaf=1398.329fF, total=1528.973fF
    wire lengths     : top=0.000um, trunk=973.112um, leaf=9902.364um, total=10875.476um
    hp wire lengths  : top=0.000um, trunk=804.144um, leaf=2731.904um, total=3536.048um
  Clock DAG net violations after post-conditioning: none
  Clock DAG primary half-corner transition distribution after post-conditioning:
    Trunk : target=87.8ps count=8 avg=34.7ps sd=13.4ps min=11.1ps max=53.8ps {7 <= 52.7ps, 1 <= 70.2ps, 0 <= 79.0ps, 0 <= 83.4ps, 0 <= 87.8ps}
    Leaf  : target=87.8ps count=51 avg=79.4ps sd=6.3ps min=61.4ps max=87.5ps {0 <= 52.7ps, 4 <= 70.2ps, 19 <= 79.0ps, 9 <= 83.4ps, 19 <= 87.8ps}
  Clock DAG library cell distribution after post-conditioning {count}:
     Bufs: SC8T_BUFX20_CSC28L: 2 SC8T_BUFX16_CSC28L: 7 SC8T_BUFX12_CSC28L: 22 SC8T_BUFX10_CSC28L: 26 SC8T_BUFX8_CSC28L: 1 
  Primary reporting skew groups after post-conditioning:
    skew_group clk/functional: insertion delay [min=199.2, max=232.7, avg=221.3, sd=6.8], skew [33.5 vs 53.8], 100% {199.2, 232.7} (wid=41.7 ws=27.8) (gid=208.6 gs=34.7)
  Skew group summary after post-conditioning:
    skew_group clk/functional: insertion delay [min=199.2, max=232.7, avg=221.3, sd=6.8], skew [33.5 vs 53.8], 100% {199.2, 232.7} (wid=41.7 ws=27.8) (gid=208.6 gs=34.7)
  CCOpt::Phase::PostConditioning done. (took cpu=0:00:03.1 real=0:00:02.8)
      flow.cputime  flow.realtime  timing.setup.tns  timing.setup.wns  snapshot
UM:*                                                                   CCOpt::Phase::PostConditioning
  Post-balance tidy up or trial balance steps...
  
  Clock DAG stats at end of CTS:
  ==============================
  
  --------------------------------------------------------
  Cell type                 Count    Area      Capacitance
  --------------------------------------------------------
  Buffers                    58      72.151      152.100
  Inverters                   0       0.000        0.000
  Integrated Clock Gates      0       0.000        0.000
  Discrete Clock Gates        0       0.000        0.000
  Clock Logic                 0       0.000        0.000
  All                        58      72.151      152.100
  --------------------------------------------------------
  
  
  Clock DAG sink counts at end of CTS:
  ====================================
  
  -------------------------
  Sink type           Count
  -------------------------
  Regular             5064
  Enable Latch           0
  Load Capacitance       0
  Antenna Diode          0
  Node Sink              0
  Total               5064
  -------------------------
  
  
  Clock DAG wire lengths at end of CTS:
  =====================================
  
  --------------------
  Type     Wire Length
  --------------------
  Top           0.000
  Trunk       973.112
  Leaf       9902.364
  Total     10875.476
  --------------------
  
  
  Clock DAG hp wire lengths at end of CTS:
  ========================================
  
  -----------------------
  Type     hp Wire Length
  -----------------------
  Top            0.000
  Trunk        804.144
  Leaf        2731.904
  Total       3536.048
  -----------------------
  
  
  Clock DAG capacitances at end of CTS:
  =====================================
  
  -----------------------------------------
  Type     Gate        Wire        Total
  -----------------------------------------
  Top         0.000       0.000       0.000
  Trunk     152.100     130.644     282.744
  Leaf     3725.903    1398.329    5124.232
  Total    3878.003    1528.973    5406.975
  -----------------------------------------
  
  
  Clock DAG sink capacitances at end of CTS:
  ==========================================
  
  --------------------------------------------------
  Total       Average    Std. Dev.    Min      Max
  --------------------------------------------------
  3725.903     0.736       0.034      0.679    0.757
  --------------------------------------------------
  
  
  Clock DAG net violations at end of CTS:
  =======================================
  
  None
  
  
  Clock DAG primary half-corner transition distribution at end of CTS:
  ====================================================================
  
  ---------------------------------------------------------------------------------------------------------------------------------------------------------
  Net Type    Target    Count    Average    Std. Dev.    Min     Max     Distribution                                                           Over Target
  ---------------------------------------------------------------------------------------------------------------------------------------------------------
  Trunk        87.8       8       34.7        13.4       11.1    53.8    {7 <= 52.7ps, 1 <= 70.2ps, 0 <= 79.0ps, 0 <= 83.4ps, 0 <= 87.8ps}           -
  Leaf         87.8      51       79.4         6.3       61.4    87.5    {0 <= 52.7ps, 4 <= 70.2ps, 19 <= 79.0ps, 9 <= 83.4ps, 19 <= 87.8ps}         -
  ---------------------------------------------------------------------------------------------------------------------------------------------------------
  
  
  Clock DAG library cell distribution at end of CTS:
  ==================================================
  
  ---------------------------------------------------
  Name                  Type      Inst     Inst Area 
                                  Count    (um^2)
  ---------------------------------------------------
  SC8T_BUFX20_CSC28L    buffer      2         4.127
  SC8T_BUFX16_CSC28L    buffer      7        11.648
  SC8T_BUFX12_CSC28L    buffer     22        27.822
  SC8T_BUFX10_CSC28L    buffer     26        27.689
  SC8T_BUFX8_CSC28L     buffer      1         0.865
  ---------------------------------------------------
  
  
  Primary reporting skew groups summary at end of CTS:
  ====================================================
  
  ---------------------------------------------------------------------------------------------------------------------------------------------------------------
  Half-corner         Skew Group        Min ID    Max ID    Skew    Skew target    Wire skew    Worst sink skew    Average ID    Std.Dev    Skew window occupancy
  ---------------------------------------------------------------------------------------------------------------------------------------------------------------
  WC_dc:setup.late    clk/functional    199.2     232.7     33.5       53.8          27.8            16.0            221.3         6.8      100% {199.2, 232.7}
  ---------------------------------------------------------------------------------------------------------------------------------------------------------------
  
  
  Skew group summary at end of CTS:
  =================================
  
  ---------------------------------------------------------------------------------------------------------------------------------------------------------------
  Half-corner         Skew Group        Min ID    Max ID    Skew    Skew target    Wire skew    Worst sink skew    Average ID    Std.Dev    Skew window occupancy
  ---------------------------------------------------------------------------------------------------------------------------------------------------------------
  WC_dc:setup.late    clk/functional    199.2     232.7     33.5       53.8          27.8            16.0            221.3         6.8      100% {199.2, 232.7}
  ---------------------------------------------------------------------------------------------------------------------------------------------------------------
  
  
  Found a total of 0 clock tree pins with a slew violation.
  
  Post-balance tidy up or trial balance steps done. (took cpu=0:00:00.2 real=0:00:00.2)
      flow.cputime  flow.realtime  timing.setup.tns  timing.setup.wns  snapshot
UM:*                                                                   Post-balance tidy up or trial balance steps
Synthesizing clock trees done.
Tidy Up And Update Timing...
External - Set all clocks to propagated mode...
Innovus updating I/O latencies
AAE_INFO: opIsDesignInPostRouteState() is 0
#################################################################################
# Design Stage: PreRoute
# Design Name: Silago_top
# Design Mode: 90nm
# Analysis Mode: MMMC Non-OCV 
# Parasitics Mode: No SPEF/RCDB 
# Signoff Settings: SI Off 
#################################################################################
Start delay calculation (fullDC) (8 T). (MEM=48137)
Total number of fetched objects 38802
AAE_INFO: Total number of nets for which stage creation was skipped for all views 0
Total number of fetched objects 38802
AAE_INFO: Total number of nets for which stage creation was skipped for all views 0
Total number of fetched objects 38802
AAE_INFO: Total number of nets for which stage creation was skipped for all views 0
End delay calculation. (MEM=48526.4 CPU=0:00:03.9 REAL=0:00:01.0)
End delay calculation (fullDC). (MEM=48526.4 CPU=0:00:11.2 REAL=0:00:03.0)
	Clock: clk, View: AVF_RCWORST, Ideal Latency: 0, Propagated Latency: 232.324
	 Executing: set_clock_latency -source -early -max -rise -232.324 [get_pins clk]
	Clock: clk, View: AVF_RCWORST, Ideal Latency: 0, Propagated Latency: 232.324
	 Executing: set_clock_latency -source -late -max -rise -232.324 [get_pins clk]
	Clock: clk, View: AVF_RCWORST, Ideal Latency: 0, Propagated Latency: 227.631
	 Executing: set_clock_latency -source -early -max -fall -227.631 [get_pins clk]
	Clock: clk, View: AVF_RCWORST, Ideal Latency: 0, Propagated Latency: 227.631
	 Executing: set_clock_latency -source -late -max -fall -227.631 [get_pins clk]
	Clock: clk, View: AVF_RCBEST, Ideal Latency: 0, Propagated Latency: 164.644
	 Executing: set_clock_latency -source -early -min -rise -164.644 [get_pins clk]
	Clock: clk, View: AVF_RCBEST, Ideal Latency: 0, Propagated Latency: 164.644
	 Executing: set_clock_latency -source -late -min -rise -164.644 [get_pins clk]
	Clock: clk, View: AVF_RCBEST, Ideal Latency: 0, Propagated Latency: 150.858
	 Executing: set_clock_latency -source -early -min -fall -150.858 [get_pins clk]
	Clock: clk, View: AVF_RCBEST, Ideal Latency: 0, Propagated Latency: 150.858
	 Executing: set_clock_latency -source -late -min -fall -150.858 [get_pins clk]
	Clock: clk, View: AVF_RCTYP, Ideal Latency: 0, Propagated Latency: 159.866
	 Executing: set_clock_latency -source -early -min -rise -159.866 [get_pins clk]
	Clock: clk, View: AVF_RCTYP, Ideal Latency: 0, Propagated Latency: 159.866
	 Executing: set_clock_latency -source -late -min -rise -159.866 [get_pins clk]
	Clock: clk, View: AVF_RCTYP, Ideal Latency: 0, Propagated Latency: 154.626
	 Executing: set_clock_latency -source -early -min -fall -154.626 [get_pins clk]
	Clock: clk, View: AVF_RCTYP, Ideal Latency: 0, Propagated Latency: 154.626
	 Executing: set_clock_latency -source -late -min -fall -154.626 [get_pins clk]
Setting all clocks to propagated mode.
External - Set all clocks to propagated mode done. (took cpu=0:00:21.1 real=0:00:06.0)
Clock DAG stats after update timingGraph:
  cell counts      : b=58, i=0, icg=0, dcg=0, l=0, total=58
  sink counts      : regular=5064, enable_latch=0, load_capacitance=0, antenna=0, node_sink=0, total=5064
  misc counts      : r=1, pp=0
  cell areas       : b=72.151um^2, i=0.000um^2, icg=0.000um^2, dcg=0.000um^2, l=0.000um^2, total=72.151um^2
  cell capacitance : b=152.100fF, i=0.000fF, icg=0.000fF, dcg=0.000fF, l=0.000fF, total=152.100fF
  sink capacitance : total=3725.903fF, avg=0.736fF, sd=0.034fF, min=0.679fF, max=0.757fF
  wire capacitance : top=0.000fF, trunk=130.644fF, leaf=1398.329fF, total=1528.973fF
  wire lengths     : top=0.000um, trunk=973.112um, leaf=9902.364um, total=10875.476um
  hp wire lengths  : top=0.000um, trunk=804.144um, leaf=2731.904um, total=3536.048um
Clock DAG net violations after update timingGraph: none
Clock DAG primary half-corner transition distribution after update timingGraph:
  Trunk : target=87.8ps count=8 avg=34.7ps sd=13.4ps min=11.1ps max=53.8ps {7 <= 52.7ps, 1 <= 70.2ps, 0 <= 79.0ps, 0 <= 83.4ps, 0 <= 87.8ps}
  Leaf  : target=87.8ps count=51 avg=79.4ps sd=6.3ps min=61.4ps max=87.5ps {0 <= 52.7ps, 4 <= 70.2ps, 19 <= 79.0ps, 9 <= 83.4ps, 19 <= 87.8ps}
Clock DAG library cell distribution after update timingGraph {count}:
   Bufs: SC8T_BUFX20_CSC28L: 2 SC8T_BUFX16_CSC28L: 7 SC8T_BUFX12_CSC28L: 22 SC8T_BUFX10_CSC28L: 26 SC8T_BUFX8_CSC28L: 1 
Primary reporting skew groups after update timingGraph:
  skew_group clk/functional: insertion delay [min=199.2, max=232.7, avg=221.3, sd=6.8], skew [33.5 vs 53.8], 100% {199.2, 232.7} (wid=41.7 ws=27.8) (gid=208.6 gs=34.7)
Skew group summary after update timingGraph:
  skew_group clk/functional: insertion delay [min=199.2, max=232.7, avg=221.3, sd=6.8], skew [33.5 vs 53.8], 100% {199.2, 232.7} (wid=41.7 ws=27.8) (gid=208.6 gs=34.7)
Logging CTS constraint violations...
  No violations found.
Logging CTS constraint violations done.
Tidy Up And Update Timing done. (took cpu=0:00:21.8 real=0:00:06.7)
      flow.cputime  flow.realtime  timing.setup.tns  timing.setup.wns  snapshot
UM:*                                                                   Tidy Up And Update Timing
Copying last skew targets (including wire skew targets) from clk/functional to clk/functional_AVF_RCTYP (the duplicate skew group).
Copying last insertion target (including wire insertion delay target) from clk/functional to clk/functional_AVF_RCTYP (the duplicate skew group).
Copying last skew targets (including wire skew targets) from clk/functional to clk/functional_AVF_RCWORST (the duplicate skew group).
Copying last insertion target (including wire insertion delay target) from clk/functional to clk/functional_AVF_RCWORST (the duplicate skew group).
Runtime done. (took cpu=0:05:30 real=0:02:18)
Runtime Summary
===============
Clock Runtime:  (50%) Core CTS          63.20 (Init 8.55, Construction 12.67, Implementation 32.13, eGRPC 3.20, PostConditioning 2.78, Other 3.88)
Clock Runtime:  (31%) CTS services      39.70 (RefinePlace 4.89, EarlyGlobalClock 3.75, NanoRoute 28.17, ExtractRC 2.88, TimingAnalysis 0.00)
Clock Runtime:  (17%) Other CTS         21.23 (Init 2.90, CongRepair/EGR-DP 12.32, TimingUpdate 6.01, Other 0.00)
Clock Runtime: (100%) Total            124.13

Leaving CCOpt scope - Cleaning up placement interface...
Leaving CCOpt scope - Cleaning up placement interface done. (took cpu=0:00:00.2 real=0:00:00.1)
*** CTS #1 [finish] (ccopt_design #1) : cpu/real = 0:05:17.9/0:02:05.8 (2.5), totSession cpu/real = 0:33:47.5/0:09:53.9 (3.4), mem = 47775.3M
Synthesizing clock trees with CCOpt done.
      flow.cputime  flow.realtime  timing.setup.tns  timing.setup.wns  snapshot
UM:*                                                                   cts
**WARN: (IMPSP-9025):	No scan chain specified/traced.
Type 'man IMPSP-9025' for more detail.
**opt_design ... cpu = 0:00:00, real = 0:00:00, mem = 2709.4M, totSessionCpu=0:33:48 **
GigaOpt running with 8 threads.
*** InitOpt #1 [begin] (ccopt_design #1) : totSession cpu/real = 0:33:47.8/0:09:54.2 (3.4), mem = 16770.3M
**INFO: set_db design_flow_effort standard -> setting 'set_db opt_all_end_points true' for the duration of this command.
Need call spDPlaceInit before registerPrioInstLoc.

**Info: (IMPSP-2062): Some of the PG shapes may not be colorized properly in this design, users are required to run command colorizePowerMesh before any placement related commands!
Setting timing_disable_library_data_to_data_checks to 'true'.
Setting timing_disable_user_data_to_data_checks to 'true'.
**opt_design ... cpu = 0:00:11, real = 0:00:05, mem = 2656.0M, totSessionCpu=0:33:58 **
*** opt_design -post_cts ***
DRC Margin: user margin 0.0; extra margin 0.2
Hold Target Slack: user slack 0
Setup Target Slack: user slack 0; extra slack 0.0
set_db opt_useful_skew_eco_route false
No user sequential activity specified, applying default sequential activity of "0.2" for Dynamic Power reporting.
'set_default_switching_activity' finished successfully.

Multi-VT timing optimization disabled based on library information.
Start to check current routing status for nets...
All nets are already routed correctly.
End to check current routing status for nets (mem=4274.5M)
AAE DB initialization (MEM=4330.13 CPU=0:00:00.0 REAL=0:00:00.0) 

Footprint cell information for calculating maxBufDist
*info: There are 21 candidate Buffer cells
*info: There are 20 candidate Inverter cells

Compute RC Scale Done ...

Starting delay calculation for Setup views
AAE_INFO: opIsDesignInPostRouteState() is 0
#################################################################################
# Design Stage: PreRoute
# Design Name: Silago_top
# Design Mode: 90nm
# Analysis Mode: MMMC Non-OCV 
# Parasitics Mode: No SPEF/RCDB 
# Signoff Settings: SI Off 
#################################################################################
Calculate delays in BcWc mode...
Start delay calculation (fullDC) (8 T). (MEM=4465.46)
Total number of fetched objects 38802
AAE_INFO: Total number of nets for which stage creation was skipped for all views 0
End delay calculation. (MEM=4947.78 CPU=0:00:18.4 REAL=0:00:03.0)
End delay calculation (fullDC). (MEM=4947.78 CPU=0:00:22.8 REAL=0:00:05.0)
*** Done Building Timing Graph (cpu=0:00:30.5 real=0:00:07.0 totSessionCpu=0:34:36 mem=4883.8M)

------------------------------------------------------------------
             Initial Summary
------------------------------------------------------------------

Setup views included:
 AVF_RCWORST 

+--------------------+---------+---------+---------+
|     Setup mode     |   all   | reg2reg | default |
+--------------------+---------+---------+---------+
|           WNS (ns):| -9.758  | -9.758  | -7.390  |
|           TNS (ns):|-736.110 |-285.018 |-653.755 |
|    Violating Paths:|   238   |   36    |   235   |
|          All Paths:|  5618   |  4770   |  3905   |
+--------------------+---------+---------+---------+

+----------------+-------------------------------+------------------+
|                |              Real             |       Total      |
|    DRVs        +------------------+------------+------------------|
|                |  Nr nets(terms)  | Worst Vio  |  Nr nets(terms)  |
+----------------+------------------+------------+------------------+
|   max_cap      |   1266 (1266)    |   -6.193   |   1266 (1266)    |
|   max_tran     |   2990 (30916)   |   -7.807   |   2990 (31000)   |
|   max_fanout   |      0 (0)       |     0      |      0 (0)       |
|   max_length   |      0 (0)       |     0      |      0 (0)       |
+----------------+------------------+------------+------------------+


Density: 55.414%
------------------------------------------------------------------
**opt_design ... cpu = 0:00:50, real = 0:00:20, mem = 2632.1M, totSessionCpu=0:34:38 **
*** InitOpt #1 [finish] (ccopt_design #1) : cpu/real = 0:00:50.2/0:00:20.4 (2.5), totSession cpu/real = 0:34:38.0/0:10:14.6 (3.4), mem = 4614.8M
** INFO : this run is activating low effort ccoptDesign flow

**Info: (IMPSP-2062): Some of the PG shapes may not be colorized properly in this design, users are required to run command colorizePowerMesh before any placement related commands!
OPTC: m1 20.0 20.0
#optDebug: fT-E <X 2 0 0 1>
-congRepairInPostCTS false                 # bool, default=false, private
GigaOpt Checkpoint: Internal congRefineRouteType -postCTS -congThreshold 0.001 -rescheduleForCongestion -numThreads 8 -resetVeryShortNets -resetShortNets -useSpineBased -rescheduleForAdherence -minSlack 21.2
Begin: GigaOpt Route Type Constraints Refinement
*** CongRefineRouteType #1 [begin] (ccopt_design #1) : totSession cpu/real = 0:34:43.6/0:10:16.3 (3.4), mem = 4582.8M
Updated routing constraints on 0 nets.
Bottom Preferred Layer:
+-----------+------------+----------+
|   Layer   |    CLK     |   Rule   |
+-----------+------------+----------+
| C1 (z=3)  |         59 | default  |
+-----------+------------+----------+
Via Pillar Rule:
    None
*** CongRefineRouteType #1 [finish] (ccopt_design #1) : cpu/real = 0:00:00.4/0:00:00.3 (1.2), totSession cpu/real = 0:34:44.0/0:10:16.6 (3.4), mem = 4614.8M
End: GigaOpt Route Type Constraints Refinement
*** SimplifyNetlist #1 [begin] (ccopt_design #1) : totSession cpu/real = 0:34:44.1/0:10:16.6 (3.4), mem = 4614.8M
Info: 59 nets with fixed/cover wires excluded.
Info: 59 clock nets excluded from IPO operation.

**Info: (IMPSP-2062): Some of the PG shapes may not be colorized properly in this design, users are required to run command colorizePowerMesh before any placement related commands!
Usable buffer cells for single buffer setup transform:
SC8T_BUFX0P5_A_CSC28L SC8T_BUFX2_CSC28L SC8T_BUFX1P5_CSC28L SC8T_CKBUFX2_CSC28L SC8T_BUFX3_CSC28L SC8T_BUFX4_MR_CSC28L SC8T_BUFX4_CSC28L SC8T_CKBUFX4_CSC28L SC8T_BUFX6_CSC28L SC8T_CKBUFX6_CSC28L SC8T_BUFX8_CSC28L SC8T_CKBUFX8_CSC28L SC8T_CKBUFX10_CSC28L SC8T_BUFX12_CSC28L SC8T_CKBUFX12_CSC28L SC8T_BUFX16_CSC28L SC8T_CKBUFX16_CSC28L SC8T_BUFX20_CSC28L SC8T_CKBUFX20_CSC28L SC8T_BUFX24_CSC28L SC8T_CKBUFX24_CSC28L 
Number of usable buffer cells above: 21

Netlist preparation processing... 
Removed 137 instances
*info: Marking 0 isolation instances dont touch
*info: Marking 0 level shifter instances dont touch
*** SimplifyNetlist #1 [finish] (ccopt_design #1) : cpu/real = 0:00:06.4/0:00:05.8 (1.1), totSession cpu/real = 0:34:50.5/0:10:22.4 (3.4), mem = 4624.7M
*** Starting optimizing excluded clock nets MEM= 4624.7M) ***
*info: No excluded clock nets to be optimized.
*** Finished optimizing excluded clock nets (CPU Time= 0:00:00.0  MEM= 4624.7M) ***
*** Starting optimizing excluded clock nets MEM= 4624.7M) ***
*info: No excluded clock nets to be optimized.
*** Finished optimizing excluded clock nets (CPU Time= 0:00:00.0  MEM= 4624.7M) ***
Info: Done creating the CCOpt slew target map.
Begin: GigaOpt high fanout net optimization
GigaOpt HFN: use maxLocalDensity 1.2
GigaOpt Checkpoint: Internal optDRV -useLevelizedBufferTreeOnly -auxMaxFanoutCountLimit 500 -largeScaleFixing -maxIter 1 -maxLocalDensity 1.2 -numThreads 8 -postCTS -preRouteDontEndWithRefinePlaceIncrSteinerRouteDC
*** DrvOpt #1 [begin] (ccopt_design #1) : totSession cpu/real = 0:34:50.6/0:10:22.5 (3.4), mem = 4624.7M
Info: 59 nets with fixed/cover wires excluded.
Info: 59 clock nets excluded from IPO operation.

**Info: (IMPSP-2062): Some of the PG shapes may not be colorized properly in this design, users are required to run command colorizePowerMesh before any placement related commands!
+---------+---------+--------+--------+------------+--------+
| Density | Commits |  WNS   |  TNS   |    Real    |  Mem   |
+---------+---------+--------+--------+------------+--------+
|   55.25%|        -|  -9.583|-729.829|   0:00:00.0| 5010.3M|
|   55.36%|       92|  -9.583|-729.822|   0:00:02.0| 5273.8M|
+---------+---------+--------+--------+------------+--------+

*** Finish post-CTS High Fanout Net Fixing (cpu=0:00:05.5 real=0:00:02.0 mem=5273.8M) ***
Bottom Preferred Layer:
+-----------+------------+----------+
|   Layer   |    CLK     |   Rule   |
+-----------+------------+----------+
| C1 (z=3)  |         59 | default  |
+-----------+------------+----------+
Via Pillar Rule:
    None
*** DrvOpt #1 [finish] (ccopt_design #1) : cpu/real = 0:00:11.3/0:00:05.4 (2.1), totSession cpu/real = 0:35:01.9/0:10:27.9 (3.3), mem = 4708.9M
GigaOpt HFN: restore maxLocalDensity to 0.98
End: GigaOpt high fanout net optimization
Begin: GigaOpt DRV Optimization
GigaOpt Checkpoint: Internal optDRV -max_tran -max_cap -maxLocalDensity 0.98 -numThreads 8 -smallScaleFixing -maxIter 3 -setupTNSCostFactor 3.0 -postCTS
*** DrvOpt #2 [begin] (ccopt_design #1) : totSession cpu/real = 0:35:03.0/0:10:28.9 (3.3), mem = 4708.9M
Info: 59 nets with fixed/cover wires excluded.
Info: 59 clock nets excluded from IPO operation.

**Info: (IMPSP-2062): Some of the PG shapes may not be colorized properly in this design, users are required to run command colorizePowerMesh before any placement related commands!
+-------------------------------------------------------------------------------------------------------------------------------------------------------+
|        max-tran       |        max-cap        |  max-fanout |  max-length |       setup       |        |        |        |       |          |         |
+-------------------------------------------------------------------------------------------------------------------------------------------------------+
| nets | terms|  wViol  | nets | terms|  wViol  | nets | terms| nets | terms|   WNS   |   TNS   |  #Buf  |  #Inv  | #Resize|Density|   Real   |   Mem   |
+-------------------------------------------------------------------------------------------------------------------------------------------------------+
|  3681| 35873|    -7.91|  1451|  1451|    -0.24|     0|     0|     0|     0|    -9.58|  -729.82|       0|       0|       0| 55.36%|          |         |
|    44|  1037|    -0.50|     3|     3|    -0.02|     0|     0|     0|     0|    -6.60|  -372.48|    1750|    1098|     324| 57.64%| 0:00:22.0|  6092.6M|
|     0|     0|     0.00|     0|     0|     0.00|     0|     0|     0|     0|    -6.60|  -372.45|       5|       0|      38| 57.65%| 0:00:01.0|  6092.6M|
|     0|     0|     0.00|     0|     0|     0.00|     0|     0|     0|     0|    -6.60|  -372.45|       0|       0|       0| 57.65%| 0:00:00.0|  6092.6M|
+-------------------------------------------------------------------------------------------------------------------------------------------------------+
Bottom Preferred Layer:
+-----------+------------+----------+
|   Layer   |    CLK     |   Rule   |
+-----------+------------+----------+
| C1 (z=3)  |         59 | default  |
+-----------+------------+----------+
Via Pillar Rule:
    None

*** Finish DRV Fixing (cpu=0:02:12 real=0:00:24.0 mem=6092.6M) ***


*** Starting place_detail (0:37:22 mem=5510.6M) ***
Total net bbox length = 5.082e+05 (2.245e+05 2.837e+05) (ext = 1.050e+05)

**Info: (IMPSP-2062): Some of the PG shapes may not be colorized properly in this design, users are required to run command colorizePowerMesh before any placement related commands!
**WARN: (IMPSP-5140):	Global net connect rules have not been created. Added  insts would have no supply connectivity, and would fail DRC.
Type 'man IMPSP-5140' for more detail.
**WARN: (IMPSP-315):	Found 39164 instances insts with no PG Term connections.
Type 'man IMPSP-315' for more detail.
Move report: Detail placement moves 6402 insts, mean move: 0.99 um, max move: 29.03 um 
	Max move on inst (u_bus_selector/FE_OFC1297_noc_bus_in_INSTRUCTION__19): (72.18, 0.00) --> (43.78, 0.64)
	Runtime: CPU: 0:00:08.1 REAL: 0:00:04.0 MEM: 5515.1MB
Summary Report:
Instances move: 6402 (out of 39106 movable)
Instances flipped: 165
Mean displacement: 0.99 um
Max displacement: 29.03 um (Instance: u_bus_selector/FE_OFC1297_noc_bus_in_INSTRUCTION__19) (72.176, 0) -> (43.784, 0.64)
	Length: 2 sites, height: 1 rows, site name: SC8T_104CPP_CMOS22FDX, cell type: SC8T_INVX0P5_CSC28L
Total net bbox length = 5.148e+05 (2.303e+05 2.845e+05) (ext = 1.081e+05)
Runtime: CPU: 0:00:08.2 REAL: 0:00:04.0 MEM: 5515.1MB
*** Finished place_detail (0:37:30 mem=5515.1M) ***
*** maximum move = 29.03 um ***
*** Finished re-routing un-routed nets (5513.1M) ***

**Info: (IMPSP-2062): Some of the PG shapes may not be colorized properly in this design, users are required to run command colorizePowerMesh before any placement related commands!

*** Finish Physical Update (cpu=0:00:11.2 real=0:00:05.0 mem=5513.1M) ***
*** DrvOpt #2 [finish] (ccopt_design #1) : cpu/real = 0:02:30.5/0:00:34.8 (4.3), totSession cpu/real = 0:37:33.5/0:11:03.7 (3.4), mem = 4949.2M
End: GigaOpt DRV Optimization
GigaOpt DRV: restore maxLocalDensity to 0.98
**opt_design ... cpu = 0:03:46, real = 0:01:09, mem = 3122.1M, totSessionCpu=0:37:33 **
Begin: GigaOpt Global Optimization
*info: use new DP (enabled)
GigaOpt Checkpoint: Internal globalOpt -maxLocalDensity 1.2 -numThreads 8 -postCTS -preRouteDontEndWithRefinePlaceIncrSteinerRouteDC -enableHighLayerOpt -maxIter 50 -maxIterForLEPG 50
Info: 59 nets with fixed/cover wires excluded.
Info: 59 clock nets excluded from IPO operation.
*** GlobalOpt #1 [begin] (ccopt_design #1) : totSession cpu/real = 0:37:33.7/0:11:03.9 (3.4), mem = 4949.2M

**Info: (IMPSP-2062): Some of the PG shapes may not be colorized properly in this design, users are required to run command colorizePowerMesh before any placement related commands!
*info: 59 clock nets excluded
*info: 1348 no-driver nets excluded.
*info: 59 nets with fixed/cover wires excluded.
** GigaOpt Global Opt WNS Slack -6.602  TNS Slack -372.455 
+--------+--------+---------+------------+--------+-----------+---------+----------------------------------------------------+
|  WNS   |  TNS   | Density |    Real    |  Mem   |Worst View |Pathgroup|                     End Point                      |
+--------+--------+---------+------------+--------+-----------+---------+----------------------------------------------------+
|  -6.602|-372.455|   57.65%|   0:00:00.0| 5334.8M|AVF_RCWORST|  reg2reg| SILEGO_cell/MTRF_cell/dpu_gen/U_NACU_0/U_divider/d |
|        |        |         |            |        |           |         | ivision/U_DIV/dpu_gen_U_NACU_0_U_divider_division_ |
|        |        |         |            |        |           |         | link211662_r_REG171_S1/D                           |
|  -5.155|-184.751|   57.30%|   0:00:06.0| 5533.7M|AVF_RCWORST|  default| SILEGO_cell/MTRF_cell/dpu_gen/U_NACU_0/U_divider/d |
|        |        |         |            |        |           |         | ivision/U_DIV/dpu_gen_U_NACU_0_U_divider_division_ |
|        |        |         |            |        |           |         | link211662_r_REG171_S1/D                           |
|  -4.459|-147.289|   57.36%|   0:00:02.0| 5559.4M|AVF_RCWORST|  default| SILEGO_cell/MTRF_cell/dpu_gen/U_NACU_0/U_divider/d |
|        |        |         |            |        |           |         | ivision/U_DIV/dpu_gen_U_NACU_0_U_divider_division_ |
|        |        |         |            |        |           |         | link211662_r_REG171_S1/D                           |
|  -4.459|-147.289|   57.36%|   0:00:00.0| 5562.0M|AVF_RCWORST|  default| SILEGO_cell/MTRF_cell/dpu_gen/U_NACU_0/U_divider/d |
|        |        |         |            |        |           |         | ivision/U_DIV/dpu_gen_U_NACU_0_U_divider_division_ |
|        |        |         |            |        |           |         | link211662_r_REG171_S1/D                           |
|  -2.244| -48.637|   57.71%|   0:00:06.0| 5626.5M|AVF_RCWORST|  default| SILEGO_cell/MTRF_cell/dpu_gen/U_NACU_0/U_divider/d |
|        |        |         |            |        |           |         | ivision/U_DIV/dpu_gen_U_NACU_0_U_divider_division_ |
|        |        |         |            |        |           |         | link211662_r_REG171_S1/D                           |
|  -2.162| -45.147|   57.73%|   0:00:04.0| 5628.4M|AVF_RCWORST|  default| SILEGO_cell/MTRF_cell/dpu_gen/U_NACU_0/U_divider/d |
|        |        |         |            |        |           |         | ivision/U_DIV/dpu_gen_U_NACU_0_U_divider_division_ |
|        |        |         |            |        |           |         | link211662_r_REG171_S1/D                           |
|  -2.117| -43.005|   57.75%|   0:00:01.0| 5629.4M|AVF_RCWORST|  default| SILEGO_cell/MTRF_cell/dpu_gen/U_NACU_0/U_divider/d |
|        |        |         |            |        |           |         | ivision/U_DIV/dpu_gen_U_NACU_0_U_divider_division_ |
|        |        |         |            |        |           |         | link211662_r_REG171_S1/D                           |
|  -2.117| -43.005|   57.75%|   0:00:00.0| 5629.4M|AVF_RCWORST|  default| SILEGO_cell/MTRF_cell/dpu_gen/U_NACU_0/U_divider/d |
|        |        |         |            |        |           |         | ivision/U_DIV/dpu_gen_U_NACU_0_U_divider_division_ |
|        |        |         |            |        |           |         | link211662_r_REG171_S1/D                           |
|  -1.577| -24.362|   57.91%|   0:00:02.0| 5629.4M|AVF_RCWORST|  default| SILEGO_cell/MTRF_cell/dpu_gen/U_NACU_0/U_divider/d |
|        |        |         |            |        |           |         | ivision/U_DIV/dpu_gen_U_NACU_0_U_divider_division_ |
|        |        |         |            |        |           |         | link211662_r_REG171_S1/D                           |
|  -1.492| -22.015|   57.92%|   0:00:02.0| 5629.4M|AVF_RCWORST|  default| SILEGO_cell/MTRF_cell/dpu_gen/U_NACU_0/U_divider/d |
|        |        |         |            |        |           |         | ivision/U_DIV/dpu_gen_U_NACU_0_U_divider_division_ |
|        |        |         |            |        |           |         | link211662_r_REG171_S1/D                           |
|  -1.396| -19.436|   57.92%|   0:00:01.0| 5629.4M|AVF_RCWORST|  default| SILEGO_cell/MTRF_cell/dpu_gen/U_NACU_0/U_divider/d |
|        |        |         |            |        |           |         | ivision/U_DIV/dpu_gen_U_NACU_0_U_divider_division_ |
|        |        |         |            |        |           |         | link211662_r_REG171_S1/D                           |
|  -1.396| -19.436|   57.92%|   0:00:00.0| 5629.4M|AVF_RCWORST|  default| SILEGO_cell/MTRF_cell/dpu_gen/U_NACU_0/U_divider/d |
|        |        |         |            |        |           |         | ivision/U_DIV/dpu_gen_U_NACU_0_U_divider_division_ |
|        |        |         |            |        |           |         | link211662_r_REG171_S1/D                           |
|  -1.162| -12.662|   57.99%|   0:00:01.0| 5629.4M|AVF_RCWORST|  default| SILEGO_cell/MTRF_cell/dpu_gen/U_NACU_0/U_divider/d |
|        |        |         |            |        |           |         | ivision/U_DIV/dpu_gen_U_NACU_0_U_divider_division_ |
|        |        |         |            |        |           |         | link211662_r_REG171_S1/D                           |
|  -1.131| -11.774|   58.00%|   0:00:01.0| 5629.4M|AVF_RCWORST|  default| SILEGO_cell/MTRF_cell/dpu_gen/U_NACU_0/U_divider/d |
|        |        |         |            |        |           |         | ivision/U_DIV/dpu_gen_U_NACU_0_U_divider_division_ |
|        |        |         |            |        |           |         | link211662_r_REG171_S1/D                           |
|  -1.131| -11.774|   58.00%|   0:00:00.0| 5629.4M|AVF_RCWORST|  default| SILEGO_cell/MTRF_cell/dpu_gen/U_NACU_0/U_divider/d |
|        |        |         |            |        |           |         | ivision/U_DIV/dpu_gen_U_NACU_0_U_divider_division_ |
|        |        |         |            |        |           |         | link211662_r_REG171_S1/D                           |
|  -1.131| -11.774|   58.00%|   0:00:01.0| 5629.4M|AVF_RCWORST|  default| SILEGO_cell/MTRF_cell/dpu_gen/U_NACU_0/U_divider/d |
|        |        |         |            |        |           |         | ivision/U_DIV/dpu_gen_U_NACU_0_U_divider_division_ |
|        |        |         |            |        |           |         | link211662_r_REG171_S1/D                           |
|  -1.039|  -9.161|   58.03%|   0:00:00.0| 5629.4M|AVF_RCWORST|  default| SILEGO_cell/MTRF_cell/dpu_gen/U_NACU_0/U_divider/d |
|        |        |         |            |        |           |         | ivision/U_DIV/dpu_gen_U_NACU_0_U_divider_division_ |
|        |        |         |            |        |           |         | link211662_r_REG171_S1/D                           |
|  -1.023|  -8.746|   58.04%|   0:00:02.0| 5629.4M|AVF_RCWORST|  default| SILEGO_cell/MTRF_cell/dpu_gen/U_NACU_0/U_divider/d |
|        |        |         |            |        |           |         | ivision/U_DIV/dpu_gen_U_NACU_0_U_divider_division_ |
|        |        |         |            |        |           |         | link211662_r_REG171_S1/D                           |
|  -0.938|  -7.540|   58.04%|   0:00:00.0| 5629.4M|AVF_RCWORST|  default| SILEGO_cell/MTRF_cell/dpu_gen/U_NACU_0/U_divider/d |
|        |        |         |            |        |           |         | ivision/U_DIV/dpu_gen_U_NACU_0_U_divider_division_ |
|        |        |         |            |        |           |         | link211662_r_REG171_S1/D                           |
|  -0.938|  -7.540|   58.04%|   0:00:00.0| 5629.4M|AVF_RCWORST|  default| SILEGO_cell/MTRF_cell/dpu_gen/U_NACU_0/U_divider/d |
|        |        |         |            |        |           |         | ivision/U_DIV/dpu_gen_U_NACU_0_U_divider_division_ |
|        |        |         |            |        |           |         | link211662_r_REG171_S1/D                           |
|  -0.900|  -6.982|   58.07%|   0:00:01.0| 5629.4M|AVF_RCWORST|  default| SILEGO_cell/MTRF_cell/dpu_gen/U_NACU_0/U_divider/d |
|        |        |         |            |        |           |         | ivision/U_DIV/dpu_gen_U_NACU_0_U_divider_division_ |
|        |        |         |            |        |           |         | link211662_r_REG171_S1/D                           |
|  -0.900|  -6.983|   58.08%|   0:00:01.0| 5629.4M|AVF_RCWORST|  default| SILEGO_cell/MTRF_cell/dpu_gen/U_NACU_0/U_divider/d |
|        |        |         |            |        |           |         | ivision/U_DIV/dpu_gen_U_NACU_0_U_divider_division_ |
|        |        |         |            |        |           |         | link211662_r_REG171_S1/D                           |
|  -0.900|  -6.983|   58.08%|   0:00:00.0| 5629.4M|AVF_RCWORST|  default| SILEGO_cell/MTRF_cell/dpu_gen/U_NACU_0/U_divider/d |
|        |        |         |            |        |           |         | ivision/U_DIV/dpu_gen_U_NACU_0_U_divider_division_ |
|        |        |         |            |        |           |         | link211662_r_REG171_S1/D                           |
|  -0.900|  -6.983|   58.08%|   0:00:00.0| 5629.4M|AVF_RCWORST|  default| SILEGO_cell/MTRF_cell/dpu_gen/U_NACU_0/U_divider/d |
|        |        |         |            |        |           |         | ivision/U_DIV/dpu_gen_U_NACU_0_U_divider_division_ |
|        |        |         |            |        |           |         | link211662_r_REG171_S1/D                           |
|  -0.883|  -6.765|   58.09%|   0:00:01.0| 5629.4M|AVF_RCWORST|  default| SILEGO_cell/MTRF_cell/dpu_gen/U_NACU_0/U_divider/d |
|        |        |         |            |        |           |         | ivision/U_DIV/dpu_gen_U_NACU_0_U_divider_division_ |
|        |        |         |            |        |           |         | link211662_r_REG171_S1/D                           |
|  -0.883|  -6.765|   58.10%|   0:00:01.0| 5629.4M|AVF_RCWORST|  default| SILEGO_cell/MTRF_cell/dpu_gen/U_NACU_0/U_divider/d |
|        |        |         |            |        |           |         | ivision/U_DIV/dpu_gen_U_NACU_0_U_divider_division_ |
|        |        |         |            |        |           |         | link211662_r_REG171_S1/D                           |
|  -0.863|  -6.513|   58.11%|   0:00:01.0| 5629.4M|AVF_RCWORST|  default| SILEGO_cell/MTRF_cell/dpu_gen/U_NACU_0/U_divider/d |
|        |        |         |            |        |           |         | ivision/U_DIV/dpu_gen_U_NACU_0_U_divider_division_ |
|        |        |         |            |        |           |         | link211662_r_REG171_S1/D                           |
|  -0.863|  -6.513|   58.11%|   0:00:00.0| 5629.4M|AVF_RCWORST|  default| SILEGO_cell/MTRF_cell/dpu_gen/U_NACU_0/U_divider/d |
|        |        |         |            |        |           |         | ivision/U_DIV/dpu_gen_U_NACU_0_U_divider_division_ |
|        |        |         |            |        |           |         | link211662_r_REG171_S1/D                           |
|  -0.861|  -6.493|   58.12%|   0:00:00.0| 5629.4M|AVF_RCWORST|  default| SILEGO_cell/MTRF_cell/dpu_gen/U_NACU_0/U_divider/d |
|        |        |         |            |        |           |         | ivision/U_DIV/dpu_gen_U_NACU_0_U_divider_division_ |
|        |        |         |            |        |           |         | link211662_r_REG171_S1/D                           |
|  -0.861|  -6.499|   58.13%|   0:00:02.0| 5629.4M|AVF_RCWORST|  default| SILEGO_cell/MTRF_cell/dpu_gen/U_NACU_0/U_divider/d |
|        |        |         |            |        |           |         | ivision/U_DIV/dpu_gen_U_NACU_0_U_divider_division_ |
|        |        |         |            |        |           |         | link211662_r_REG171_S1/D                           |
+--------+--------+---------+------------+--------+-----------+---------+----------------------------------------------------+

*** Finish post-CTS Global Setup Fixing (cpu=0:02:49 real=0:00:36.0 mem=5629.4M) ***

*** Finish post-CTS Setup Fixing (cpu=0:02:49 real=0:00:36.0 mem=5629.4M) ***
Bottom Preferred Layer:
+-----------+------------+----------+
|   Layer   |    CLK     |   Rule   |
+-----------+------------+----------+
| C1 (z=3)  |         59 | default  |
+-----------+------------+----------+
Via Pillar Rule:
    None
** GigaOpt Global Opt End WNS Slack -0.861  TNS Slack -6.499 
*** GlobalOpt #1 [finish] (ccopt_design #1) : cpu/real = 0:02:57.5/0:00:43.9 (4.0), totSession cpu/real = 0:40:31.2/0:11:47.7 (3.4), mem = 5042.6M
End: GigaOpt Global Optimization
*** Timing NOT met, worst failing slack is -0.861
*** Check timing (0:00:00.1)
GigaOpt Checkpoint: Internal reclaim -numThreads 8 -postCTS -doRemoveUselessTerm -tgtSlackMult 3 -routeType -noRouteTypeResizePolish -noViewPrune -weedwhack -nonLegal -nativePathGroupFlow
Info: 59 nets with fixed/cover wires excluded.
Info: 59 clock nets excluded from IPO operation.


**Info: (IMPSP-2062): Some of the PG shapes may not be colorized properly in this design, users are required to run command colorizePowerMesh before any placement related commands!
Begin: Area Reclaim Optimization
*** AreaOpt #1 [begin] (ccopt_design #1) : totSession cpu/real = 0:40:32.2/0:11:48.6 (3.4), mem = 5428.2M
Usable buffer cells for single buffer setup transform:
SC8T_BUFX0P5_A_CSC28L SC8T_BUFX2_CSC28L SC8T_BUFX1P5_CSC28L SC8T_CKBUFX2_CSC28L SC8T_BUFX3_CSC28L SC8T_BUFX4_MR_CSC28L SC8T_BUFX4_CSC28L SC8T_CKBUFX4_CSC28L SC8T_BUFX6_CSC28L SC8T_CKBUFX6_CSC28L SC8T_BUFX8_CSC28L SC8T_CKBUFX8_CSC28L SC8T_CKBUFX10_CSC28L SC8T_BUFX12_CSC28L SC8T_CKBUFX12_CSC28L SC8T_BUFX16_CSC28L SC8T_CKBUFX16_CSC28L SC8T_BUFX20_CSC28L SC8T_CKBUFX20_CSC28L SC8T_BUFX24_CSC28L SC8T_CKBUFX24_CSC28L 
Number of usable buffer cells above: 21
Reclaim Optimization WNS Slack -0.861  TNS Slack -6.499 Density 58.13
+---------+---------+--------+--------+------------+--------+
| Density | Commits |  WNS   |  TNS   |    Real    |  Mem   |
+---------+---------+--------+--------+------------+--------+
|   58.13%|        -|  -0.861|  -6.499|   0:00:00.0| 5430.2M|
|   58.13%|        2|  -0.861|  -6.499|   0:00:01.0| 5582.8M|
|   58.13%|        1|  -0.861|  -6.499|   0:00:00.0| 5582.8M|
|   58.13%|        1|  -0.861|  -6.499|   0:00:01.0| 5582.8M|
|   58.13%|        1|  -0.861|  -6.499|   0:00:00.0| 5582.8M|
|   58.13%|        0|  -0.861|  -6.499|   0:00:00.0| 5582.8M|
|   57.85%|      284|  -0.861|  -6.499|   0:00:03.0| 5587.4M|
|   57.70%|      270|  -0.861|  -6.499|   0:00:03.0| 5601.4M|
|   57.70%|        7|  -0.861|  -6.499|   0:00:00.0| 5601.4M|
|   57.70%|        0|  -0.861|  -6.499|   0:00:01.0| 5601.4M|
|   57.70%|        0|  -0.861|  -6.499|   0:00:00.0| 5601.4M|
+---------+---------+--------+--------+------------+--------+
Reclaim Optimization End WNS Slack -0.861  TNS Slack -6.499 Density 57.70
Bottom Preferred Layer:
+-----------+------------+----------+
|   Layer   |    CLK     |   Rule   |
+-----------+------------+----------+
| C1 (z=3)  |         59 | default  |
+-----------+------------+----------+
Via Pillar Rule:
    None

Number of times islegalLocAvaiable called = 0 skipped = 0, called in commitmove = 0, skipped in commitmove = 0
End: Core Area Reclaim Optimization (cpu = 0:00:35.6) (real = 0:00:14.0) **
*** AreaOpt #1 [finish] (ccopt_design #1) : cpu/real = 0:00:35.6/0:00:13.8 (2.6), totSession cpu/real = 0:41:07.8/0:12:02.4 (3.4), mem = 5601.4M
Executing incremental physical updates
Executing incremental physical updates
End: Area Reclaim Optimization (cpu=0:00:36, real=0:00:14, mem=5051.53M, totSessionCpu=0:41:08).
Begin: GigaOpt DRV Optimization
GigaOpt Checkpoint: Internal optDRV -max_tran -max_cap -maxLocalDensity 0.98 -numThreads 8 -smallScaleFixing -maxIter 3 -setupTNSCostFactor 3.0 -postCTS
*** DrvOpt #3 [begin] (ccopt_design #1) : totSession cpu/real = 0:41:09.1/0:12:03.3 (3.4), mem = 5051.5M
Info: 59 nets with fixed/cover wires excluded.
Info: 59 clock nets excluded from IPO operation.

**Info: (IMPSP-2062): Some of the PG shapes may not be colorized properly in this design, users are required to run command colorizePowerMesh before any placement related commands!
+-------------------------------------------------------------------------------------------------------------------------------------------------------+
|        max-tran       |        max-cap        |  max-fanout |  max-length |       setup       |        |        |        |       |          |         |
+-------------------------------------------------------------------------------------------------------------------------------------------------------+
| nets | terms|  wViol  | nets | terms|  wViol  | nets | terms| nets | terms|   WNS   |   TNS   |  #Buf  |  #Inv  | #Resize|Density|   Real   |   Mem   |
+-------------------------------------------------------------------------------------------------------------------------------------------------------+
|    13|   140|    -0.12|    46|    46|    -0.00|     0|     0|     0|     0|    -0.86|    -6.50|       0|       0|       0| 57.70%|          |         |
|     0|     0|     0.00|     0|     0|     0.00|     0|     0|     0|     0|    -0.86|    -6.43|      56|       0|       3| 57.72%| 0:00:01.0|  5627.4M|
|     0|     0|     0.00|     0|     0|     0.00|     0|     0|     0|     0|    -0.86|    -6.43|       0|       0|       0| 57.72%| 0:00:00.0|  5627.4M|
+-------------------------------------------------------------------------------------------------------------------------------------------------------+
Bottom Preferred Layer:
+-----------+------------+----------+
|   Layer   |    CLK     |   Rule   |
+-----------+------------+----------+
| C1 (z=3)  |         59 | default  |
+-----------+------------+----------+
Via Pillar Rule:
    None

*** Finish DRV Fixing (cpu=0:00:04.5 real=0:00:02.0 mem=5627.4M) ***


*** Starting place_detail (0:41:19 mem=5608.4M) ***
Total net bbox length = 5.127e+05 (2.284e+05 2.843e+05) (ext = 1.061e+05)

**Info: (IMPSP-2062): Some of the PG shapes may not be colorized properly in this design, users are required to run command colorizePowerMesh before any placement related commands!
**WARN: (IMPSP-5140):	Global net connect rules have not been created. Added  insts would have no supply connectivity, and would fail DRC.
Type 'man IMPSP-5140' for more detail.
**WARN: (IMPSP-315):	Found 38794 instances insts with no PG Term connections.
Type 'man IMPSP-315' for more detail.
Move report: Detail placement moves 4426 insts, mean move: 0.44 um, max move: 6.50 um 
	Max move on inst (SILEGO_cell/swb/FE_OFC3880_h_bus_reg_in_out0_4_right_8): (198.64, 101.76) --> (194.06, 99.84)
	Runtime: CPU: 0:00:06.6 REAL: 0:00:03.0 MEM: 5614.8MB
Summary Report:
Instances move: 4426 (out of 38736 movable)
Instances flipped: 199
Mean displacement: 0.44 um
Max displacement: 6.50 um (Instance: SILEGO_cell/swb/FE_OFC3880_h_bus_reg_in_out0_4_right_8) (198.64, 101.76) -> (194.064, 99.84)
	Length: 13 sites, height: 1 rows, site name: SC8T_104CPP_CMOS22FDX, cell type: SC8T_BUFX8_CSC28L
Total net bbox length = 5.141e+05 (2.294e+05 2.846e+05) (ext = 1.068e+05)
Runtime: CPU: 0:00:06.7 REAL: 0:00:03.0 MEM: 5614.8MB
*** Finished place_detail (0:41:26 mem=5614.8M) ***
*** maximum move = 6.50 um ***
*** Finished re-routing un-routed nets (5609.8M) ***

**Info: (IMPSP-2062): Some of the PG shapes may not be colorized properly in this design, users are required to run command colorizePowerMesh before any placement related commands!

*** Finish Physical Update (cpu=0:00:08.5 real=0:00:04.0 mem=5609.8M) ***
*** DrvOpt #3 [finish] (ccopt_design #1) : cpu/real = 0:00:18.9/0:00:10.8 (1.8), totSession cpu/real = 0:41:28.0/0:12:14.1 (3.4), mem = 5062.0M
End: GigaOpt DRV Optimization
GigaOpt DRV: restore maxLocalDensity to 0.98


------------------------------------------------------------------
     Summary (cpu=0.32min real=0.18min mem=5062.0M)
------------------------------------------------------------------

Setup views included:
 AVF_RCWORST 

+--------------------+---------+---------+---------+
|     Setup mode     |   all   | reg2reg | default |
+--------------------+---------+---------+---------+
|           WNS (ns):| -0.855  |  0.383  | -0.855  |
|           TNS (ns):| -6.426  |  0.000  | -6.426  |
|    Violating Paths:|   22    |    0    |   22    |
|          All Paths:|  5618   |  4770   |  3905   |
+--------------------+---------+---------+---------+

+----------------+-------------------------------+------------------+
|                |              Real             |       Total      |
|    DRVs        +------------------+------------+------------------|
|                |  Nr nets(terms)  | Worst Vio  |  Nr nets(terms)  |
+----------------+------------------+------------+------------------+
|   max_cap      |      0 (0)       |   0.000    |      0 (0)       |
|   max_tran     |      0 (0)       |   0.000    |      0 (0)       |
|   max_fanout   |      0 (0)       |     0      |      0 (0)       |
|   max_length   |      0 (0)       |     0      |      0 (0)       |
+----------------+------------------+------------+------------------+


Density: 57.723%
Routing Overflow: 0.09% H and 0.24% V
------------------------------------------------------------------
**opt_design ... cpu = 0:07:42, real = 0:02:21, mem = 3269.1M, totSessionCpu=0:41:30 **

Active setup views:
 AVF_RCWORST
  Dominating endpoints: 0
  Dominating TNS: -0.000

Begin: GigaOpt Optimization in WNS mode
GigaOpt Checkpoint: Internal optTiming -maxLocalDensity 1.0 -maxLocalDensityForHardenOpt 0.92 -numThreads 8 -postCTS -wtns -integratedAreaOpt -pgMode all -ipoTgtSlackCoef 1.5 -effTgtSlackCoef 1 -nativePathGroupFlow -NDROptEffortAuto -usefulSkew -nonLegalPlaceEcoBumpRecoveryInWNSOpt
Info: 59 nets with fixed/cover wires excluded.
Info: 59 clock nets excluded from IPO operation.
*** WnsOpt #1 [begin] (ccopt_design #1) : totSession cpu/real = 0:41:31.2/0:12:16.0 (3.4), mem = 5235.7M

**Info: (IMPSP-2062): Some of the PG shapes may not be colorized properly in this design, users are required to run command colorizePowerMesh before any placement related commands!
*info: 59 clock nets excluded
*info: 1255 no-driver nets excluded.
*info: 59 nets with fixed/cover wires excluded.
** GigaOpt Optimizer WNS Slack -0.855 TNS Slack -6.426 Density 57.72
OptDebug: Start of Optimizer WNS Pass 0:
+----------+------+------+
|Path Group|   WNS|   TNS|
+----------+------+------+
|default   |-0.855|-6.426|
|reg2reg   | 0.383| 0.000|
|HEPG      | 0.383| 0.000|
|All Paths |-0.855|-6.426|
+----------+------+------+

CCOptDebug: Start of Optimizer WNS Pass 0: reg2reg* WNS 383.4ps TNS 0.0ps; HEPG WNS 383.4ps TNS 0.0ps; all paths WNS -855.3ps TNS -6425.6ps; Real time 0:04:45
Active Path Group: default 
+--------+---------+--------+---------+---------+------------+--------+-----------+---------+----------------------------------------------------+
|  WNS   | All WNS |  TNS   | All TNS | Density |    Real    |  Mem   |Worst View |Pathgroup|                     End Point                      |
+--------+---------+--------+---------+---------+------------+--------+-----------+---------+----------------------------------------------------+
|  -0.855|   -0.855|  -6.426|   -6.426|   57.72%|   0:00:00.0| 5449.6M|AVF_RCWORST|  default| SILEGO_cell/MTRF_cell/dpu_gen/U_NACU_0/U_divider/d |
|        |         |        |         |         |            |        |           |         | ivision/U_DIV/dpu_gen_U_NACU_0_U_divider_division_ |
|        |         |        |         |         |            |        |           |         | link211662_r_REG171_S1/D                           |
|  -0.746|   -0.746|  -5.165|   -5.165|   57.72%|   0:00:01.0| 5609.7M|AVF_RCWORST|  default| SILEGO_cell/MTRF_cell/dpu_gen/U_NACU_0/U_divider/d |
|        |         |        |         |         |            |        |           |         | ivision/U_DIV/dpu_gen_U_NACU_0_U_divider_division_ |
|        |         |        |         |         |            |        |           |         | link211662_r_REG171_S1/D                           |
|  -0.699|   -0.699|  -4.668|   -4.668|   57.72%|   0:00:00.0| 5609.7M|AVF_RCWORST|  default| SILEGO_cell/MTRF_cell/dpu_gen/U_NACU_0/U_divider/d |
|        |         |        |         |         |            |        |           |         | ivision/U_DIV/dpu_gen_U_NACU_0_U_divider_division_ |
|        |         |        |         |         |            |        |           |         | link211662_r_REG171_S1/D                           |
|  -0.671|   -0.671|  -4.385|   -4.385|   57.72%|   0:00:01.0| 5609.7M|AVF_RCWORST|  default| SILEGO_cell/MTRF_cell/dpu_gen/U_NACU_0/U_divider/d |
|        |         |        |         |         |            |        |           |         | ivision/U_DIV/dpu_gen_U_NACU_0_U_divider_division_ |
|        |         |        |         |         |            |        |           |         | link211662_r_REG171_S1/D                           |
|  -0.655|   -0.655|  -4.221|   -4.221|   57.73%|   0:00:00.0| 5609.7M|AVF_RCWORST|  default| SILEGO_cell/MTRF_cell/dpu_gen/U_NACU_0/U_divider/d |
|        |         |        |         |         |            |        |           |         | ivision/U_DIV/dpu_gen_U_NACU_0_U_divider_division_ |
|        |         |        |         |         |            |        |           |         | link211662_r_REG171_S1/D                           |
|  -0.641|   -0.641|  -4.089|   -4.089|   57.73%|   0:00:01.0| 5609.7M|AVF_RCWORST|  default| SILEGO_cell/MTRF_cell/dpu_gen/U_NACU_0/U_divider/d |
|        |         |        |         |         |            |        |           |         | ivision/U_DIV/dpu_gen_U_NACU_0_U_divider_division_ |
|        |         |        |         |         |            |        |           |         | link211662_r_REG171_S1/D                           |
|  -0.610|   -0.610|  -3.801|   -3.801|   57.73%|   0:00:00.0| 5612.0M|AVF_RCWORST|  default| SILEGO_cell/MTRF_cell/dpu_gen/U_NACU_0/U_divider/d |
|        |         |        |         |         |            |        |           |         | ivision/U_DIV/dpu_gen_U_NACU_0_U_divider_division_ |
|        |         |        |         |         |            |        |           |         | link211662_r_REG171_S1/D                           |
|  -0.575|   -0.575|  -3.486|   -3.486|   57.73%|   0:00:00.0| 5613.1M|AVF_RCWORST|  default| SILEGO_cell/MTRF_cell/dpu_gen/U_NACU_0/U_divider/d |
|        |         |        |         |         |            |        |           |         | ivision/U_DIV/dpu_gen_U_NACU_0_U_divider_division_ |
|        |         |        |         |         |            |        |           |         | link211662_r_REG171_S1/D                           |
|  -0.532|   -0.532|  -3.128|   -3.128|   57.73%|   0:00:01.0| 5615.8M|AVF_RCWORST|  default| SILEGO_cell/MTRF_cell/dpu_gen/U_NACU_0/U_divider/d |
|        |         |        |         |         |            |        |           |         | ivision/U_DIV/dpu_gen_U_NACU_0_U_divider_division_ |
|        |         |        |         |         |            |        |           |         | link211662_r_REG171_S1/D                           |
|  -0.502|   -0.502|  -2.892|   -2.892|   57.74%|   0:00:00.0| 5616.9M|AVF_RCWORST|  default| SILEGO_cell/MTRF_cell/dpu_gen/U_NACU_0/U_divider/d |
|        |         |        |         |         |            |        |           |         | ivision/U_DIV/dpu_gen_U_NACU_0_U_divider_division_ |
|        |         |        |         |         |            |        |           |         | link211662_r_REG171_S1/D                           |
|  -0.489|   -0.489|  -2.783|   -2.783|   57.74%|   0:00:00.0| 5618.1M|AVF_RCWORST|  default| SILEGO_cell/MTRF_cell/dpu_gen/U_NACU_0/U_divider/d |
|        |         |        |         |         |            |        |           |         | ivision/U_DIV/dpu_gen_U_NACU_0_U_divider_division_ |
|        |         |        |         |         |            |        |           |         | link211662_r_REG171_S1/D                           |
|  -0.461|   -0.461|  -2.578|   -2.578|   57.74%|   0:00:01.0| 5618.1M|AVF_RCWORST|  default| SILEGO_cell/MTRF_cell/dpu_gen/U_NACU_0/U_divider/d |
|        |         |        |         |         |            |        |           |         | ivision/U_DIV/dpu_gen_U_NACU_0_U_divider_division_ |
|        |         |        |         |         |            |        |           |         | link211662_r_REG171_S1/D                           |
|  -0.448|   -0.448|  -2.484|   -2.484|   57.74%|   0:00:00.0| 5618.1M|AVF_RCWORST|  default| SILEGO_cell/MTRF_cell/dpu_gen/U_NACU_0/U_divider/d |
|        |         |        |         |         |            |        |           |         | ivision/U_DIV/dpu_gen_U_NACU_0_U_divider_division_ |
|        |         |        |         |         |            |        |           |         | link211662_r_REG171_S1/D                           |
|  -0.430|   -0.430|  -2.361|   -2.361|   57.74%|   0:00:00.0| 5618.1M|AVF_RCWORST|  default| SILEGO_cell/MTRF_cell/dpu_gen/U_NACU_0/U_divider/d |
|        |         |        |         |         |            |        |           |         | ivision/U_DIV/dpu_gen_U_NACU_0_U_divider_division_ |
|        |         |        |         |         |            |        |           |         | link211662_r_REG171_S1/D                           |
|  -0.383|   -0.383|  -2.038|   -2.038|   57.75%|   0:00:01.0| 5618.1M|AVF_RCWORST|  default| SILEGO_cell/MTRF_cell/dpu_gen/U_NACU_0/U_divider/d |
|        |         |        |         |         |            |        |           |         | ivision/U_DIV/dpu_gen_U_NACU_0_U_divider_division_ |
|        |         |        |         |         |            |        |           |         | link211662_r_REG171_S1/D                           |
|  -0.363|   -0.363|  -1.921|   -1.921|   57.75%|   0:00:00.0| 5627.6M|AVF_RCWORST|  default| SILEGO_cell/MTRF_cell/dpu_gen/U_NACU_0/U_divider/d |
|        |         |        |         |         |            |        |           |         | ivision/U_DIV/dpu_gen_U_NACU_0_U_divider_division_ |
|        |         |        |         |         |            |        |           |         | link211662_r_REG171_S1/D                           |
|  -0.350|   -0.350|  -1.845|   -1.845|   57.75%|   0:00:01.0| 5627.6M|AVF_RCWORST|  default| SILEGO_cell/MTRF_cell/dpu_gen/U_NACU_0/U_divider/d |
|        |         |        |         |         |            |        |           |         | ivision/U_DIV/dpu_gen_U_NACU_0_U_divider_division_ |
|        |         |        |         |         |            |        |           |         | link211662_r_REG171_S1/D                           |
|  -0.340|   -0.340|  -1.781|   -1.781|   57.75%|   0:00:00.0| 5627.6M|AVF_RCWORST|  default| SILEGO_cell/MTRF_cell/dpu_gen/U_NACU_0/U_divider/d |
|        |         |        |         |         |            |        |           |         | ivision/U_DIV/dpu_gen_U_NACU_0_U_divider_division_ |
|        |         |        |         |         |            |        |           |         | link211662_r_REG171_S1/D                           |
|  -0.308|   -0.308|  -1.603|   -1.603|   57.76%|   0:00:00.0| 5627.6M|AVF_RCWORST|  default| SILEGO_cell/MTRF_cell/dpu_gen/U_NACU_0/U_divider/d |
|        |         |        |         |         |            |        |           |         | ivision/U_DIV/dpu_gen_U_NACU_0_U_divider_division_ |
|        |         |        |         |         |            |        |           |         | link211662_r_REG171_S1/D                           |
|  -0.285|   -0.285|  -1.484|   -1.484|   57.77%|   0:00:01.0| 5627.6M|AVF_RCWORST|  default| SILEGO_cell/MTRF_cell/dpu_gen/U_NACU_0/U_divider/d |
|        |         |        |         |         |            |        |           |         | ivision/U_DIV/dpu_gen_U_NACU_0_U_divider_division_ |
|        |         |        |         |         |            |        |           |         | link211662_r_REG171_S1/D                           |
|  -0.269|   -0.269|  -1.406|   -1.406|   57.77%|   0:00:00.0| 5627.6M|AVF_RCWORST|  default| SILEGO_cell/MTRF_cell/dpu_gen/U_NACU_0/U_divider/d |
|        |         |        |         |         |            |        |           |         | ivision/U_DIV/dpu_gen_U_NACU_0_U_divider_division_ |
|        |         |        |         |         |            |        |           |         | link211662_r_REG171_S1/D                           |
|  -0.262|   -0.262|  -1.372|   -1.372|   57.77%|   0:00:00.0| 5629.1M|AVF_RCWORST|  default| SILEGO_cell/MTRF_cell/dpu_gen/U_NACU_0/U_divider/d |
|        |         |        |         |         |            |        |           |         | ivision/U_DIV/dpu_gen_U_NACU_0_U_divider_division_ |
|        |         |        |         |         |            |        |           |         | link211662_r_REG171_S1/D                           |
|  -0.252|   -0.252|  -1.321|   -1.321|   57.78%|   0:00:01.0| 5629.1M|AVF_RCWORST|  default| SILEGO_cell/MTRF_cell/dpu_gen/U_NACU_0/U_divider/d |
|        |         |        |         |         |            |        |           |         | ivision/U_DIV/dpu_gen_U_NACU_0_U_divider_division_ |
|        |         |        |         |         |            |        |           |         | link211662_r_REG171_S1/D                           |
|  -0.225|   -0.225|  -1.195|   -1.195|   57.78%|   0:00:00.0| 5629.1M|AVF_RCWORST|  default| SILEGO_cell/MTRF_cell/dpu_gen/U_NACU_0/U_divider/d |
|        |         |        |         |         |            |        |           |         | ivision/U_DIV/dpu_gen_U_NACU_0_U_divider_division_ |
|        |         |        |         |         |            |        |           |         | link211662_r_REG171_S1/D                           |
|  -0.201|   -0.201|  -1.102|   -1.102|   57.79%|   0:00:01.0| 5629.1M|AVF_RCWORST|  default| SILEGO_cell/MTRF_cell/dpu_gen/U_NACU_0/U_divider/d |
|        |         |        |         |         |            |        |           |         | ivision/U_DIV/dpu_gen_U_NACU_0_U_divider_division_ |
|        |         |        |         |         |            |        |           |         | link211662_r_REG171_S1/D                           |
|  -0.186|   -0.186|  -1.039|   -1.039|   57.79%|   0:00:00.0| 5629.1M|AVF_RCWORST|  default| SILEGO_cell/MTRF_cell/dpu_gen/U_NACU_0/U_divider/d |
|        |         |        |         |         |            |        |           |         | ivision/U_DIV/dpu_gen_U_NACU_0_U_divider_division_ |
|        |         |        |         |         |            |        |           |         | link211662_r_REG171_S1/D                           |
|  -0.149|   -0.149|  -0.902|   -0.902|   57.80%|   0:00:00.0| 5629.1M|AVF_RCWORST|  default| SILEGO_cell/MTRF_cell/dpu_gen/U_NACU_0/U_divider/d |
|        |         |        |         |         |            |        |           |         | ivision/U_DIV/dpu_gen_U_NACU_0_U_divider_division_ |
|        |         |        |         |         |            |        |           |         | link211662_r_REG171_S1/D                           |
|  -0.136|   -0.136|  -0.862|   -0.862|   57.80%|   0:00:01.0| 5629.1M|AVF_RCWORST|  default| SILEGO_cell/MTRF_cell/dpu_gen/U_NACU_0/U_divider/d |
|        |         |        |         |         |            |        |           |         | ivision/U_DIV/dpu_gen_U_NACU_0_U_divider_division_ |
|        |         |        |         |         |            |        |           |         | link211662_r_REG171_S1/D                           |
|  -0.112|   -0.112|  -0.791|   -0.791|   57.81%|   0:00:00.0| 5629.1M|AVF_RCWORST|  default| SILEGO_cell/MTRF_cell/dpu_gen/U_NACU_0/U_divider/d |
|        |         |        |         |         |            |        |           |         | ivision/U_DIV/dpu_gen_U_NACU_0_U_divider_division_ |
|        |         |        |         |         |            |        |           |         | link211662_r_REG171_S1/D                           |
|  -0.098|   -0.098|  -0.729|   -0.729|   57.81%|   0:00:00.0| 5629.1M|AVF_RCWORST|  default| sel_r_ext_out_2[0]                                 |
|  -0.091|   -0.091|  -0.713|   -0.713|   57.82%|   0:00:00.0| 5648.2M|AVF_RCWORST|  default| SILEGO_cell/MTRF_cell/dpu_gen/U_NACU_0/U_divider/d |
|        |         |        |         |         |            |        |           |         | ivision/U_DIV/dpu_gen_U_NACU_0_U_divider_division_ |
|        |         |        |         |         |            |        |           |         | link211662_r_REG171_S1/D                           |
|  -0.082|   -0.082|  -0.650|   -0.650|   57.82%|   0:00:01.0| 5648.2M|AVF_RCWORST|  default| sel_r_ext_out_2[0]                                 |
|  -0.066|   -0.066|  -0.632|   -0.632|   57.82%|   0:00:00.0| 5648.2M|AVF_RCWORST|  default| SILEGO_cell/MTRF_cell/dpu_gen/U_NACU_0/U_divider/d |
|        |         |        |         |         |            |        |           |         | ivision/U_DIV/dpu_gen_U_NACU_0_U_divider_division_ |
|        |         |        |         |         |            |        |           |         | link211662_r_REG171_S1/D                           |
|  -0.065|   -0.065|  -0.598|   -0.598|   57.83%|   0:00:00.0| 5648.2M|AVF_RCWORST|  default| sel_r_ext_out_2[3]                                 |
|  -0.065|   -0.065|  -0.598|   -0.598|   57.83%|   0:00:00.0| 5648.2M|AVF_RCWORST|  default| sel_r_ext_out_2[3]                                 |
+--------+---------+--------+---------+---------+------------+--------+-----------+---------+----------------------------------------------------+

*** Finish Core Optimize Step (cpu=0:00:41.7 real=0:00:12.0 mem=5648.2M) ***

*** Finished Optimize Step Cumulative (cpu=0:00:41.8 real=0:00:12.0 mem=5648.2M) ***
OptDebug: End of Optimizer WNS Pass 0:
+----------+------+------+
|Path Group|   WNS|   TNS|
+----------+------+------+
|default   |-0.065|-0.598|
|reg2reg   | 1.216| 0.000|
|HEPG      | 1.216| 0.000|
|All Paths |-0.065|-0.598|
+----------+------+------+

CCOptDebug: End of Optimizer WNS Pass 0: reg2reg* WNS 1215.7ps TNS 0.0ps; HEPG WNS 1215.7ps TNS 0.0ps; all paths WNS -64.7ps TNS -597.5ps; Real time 0:04:58
** GigaOpt Optimizer WNS Slack -0.065 TNS Slack -0.598 Density 57.83

*** Starting place_detail (0:42:21 mem=5648.2M) ***
Total net bbox length = 5.145e+05 (2.296e+05 2.848e+05) (ext = 1.068e+05)

**Info: (IMPSP-2062): Some of the PG shapes may not be colorized properly in this design, users are required to run command colorizePowerMesh before any placement related commands!
**WARN: (IMPSP-5140):	Global net connect rules have not been created. Added  insts would have no supply connectivity, and would fail DRC.
Type 'man IMPSP-5140' for more detail.
**WARN: (IMPSP-315):	Found 38928 instances insts with no PG Term connections.
Type 'man IMPSP-315' for more detail.

Starting Small incrNP...
Density distribution unevenness ratio = 9.138%
Skipped incrNP (cpu=0:00:00.0, real=0:00:00.0, mem=5648.2M)
End of Small incrNP (cpu=0:00:00.1, real=0:00:00.0)
Move report: Detail placement moves 383 insts, mean move: 0.44 um, max move: 1.77 um 
	Max move on inst (SILEGO_cell/MTRF_cell/dpu_gen/U_NACU_0/U_Recon_adder/U_add_3/FE_RC_15_0): (178.36, 48.00) --> (180.13, 48.00)
	Runtime: CPU: 0:00:02.0 REAL: 0:00:00.0 MEM: 5637.2MB
Summary Report:
Instances move: 383 (out of 38870 movable)
Instances flipped: 0
Mean displacement: 0.44 um
Max displacement: 1.77 um (Instance: SILEGO_cell/MTRF_cell/dpu_gen/U_NACU_0/U_Recon_adder/U_add_3/FE_RC_15_0) (178.36, 48) -> (180.128, 48)
	Length: 14 sites, height: 1 rows, site name: SC8T_104CPP_CMOS22FDX, cell type: SC8T_OAI21X4_MR_CSC28L
Total net bbox length = 5.146e+05 (2.297e+05 2.849e+05) (ext = 1.068e+05)
Runtime: CPU: 0:00:02.1 REAL: 0:00:00.0 MEM: 5637.2MB
*** Finished place_detail (0:42:23 mem=5637.2M) ***
*** maximum move = 1.77 um ***
*** Finished re-routing un-routed nets (5662.2M) ***


*** Finish Physical Update (cpu=0:00:03.8 real=0:00:02.0 mem=5662.2M) ***
** GigaOpt Optimizer WNS Slack -0.065 TNS Slack -0.598 Density 57.83
OptDebug: Start of Optimizer WNS Pass 1:
+----------+------+------+
|Path Group|   WNS|   TNS|
+----------+------+------+
|default   |-0.065|-0.598|
|reg2reg   | 1.216| 0.000|
|HEPG      | 1.216| 0.000|
|All Paths |-0.065|-0.598|
+----------+------+------+

CCOptDebug: Start of Optimizer WNS Pass 1: reg2reg* WNS 1215.7ps TNS 0.0ps; HEPG WNS 1215.7ps TNS 0.0ps; all paths WNS -64.7ps TNS -597.5ps; Real time 0:05:01
Active Path Group: default 
+--------+---------+--------+---------+---------+------------+--------+-----------+---------+----------------------------------------------------+
|  WNS   | All WNS |  TNS   | All TNS | Density |    Real    |  Mem   |Worst View |Pathgroup|                     End Point                      |
+--------+---------+--------+---------+---------+------------+--------+-----------+---------+----------------------------------------------------+
|  -0.065|   -0.065|  -0.598|   -0.598|   57.83%|   0:00:00.0| 5662.2M|AVF_RCWORST|  default| sel_r_ext_out_2[3]                                 |
|  -0.065|   -0.065|  -0.598|   -0.598|   57.83%|   0:00:00.0| 5663.7M|AVF_RCWORST|  default| sel_r_ext_out_2[3]                                 |
+--------+---------+--------+---------+---------+------------+--------+-----------+---------+----------------------------------------------------+

*** Finish Core Optimize Step (cpu=0:00:00.3 real=0:00:00.0 mem=5663.7M) ***

*** Finished Optimize Step Cumulative (cpu=0:00:00.4 real=0:00:00.0 mem=5663.7M) ***
OptDebug: End of Optimizer WNS Pass 1:
+----------+------+------+
|Path Group|   WNS|   TNS|
+----------+------+------+
|default   |-0.065|-0.598|
|reg2reg   | 1.216| 0.000|
|HEPG      | 1.216| 0.000|
|All Paths |-0.065|-0.598|
+----------+------+------+

CCOptDebug: End of Optimizer WNS Pass 1: reg2reg* WNS 1215.7ps TNS 0.0ps; HEPG WNS 1215.7ps TNS 0.0ps; all paths WNS -64.7ps TNS -597.5ps; Real time 0:05:02
** GigaOpt Optimizer WNS Slack -0.065 TNS Slack -0.598 Density 57.83

*** Starting place_detail (0:42:27 mem=5661.7M) ***
Total net bbox length = 5.146e+05 (2.297e+05 2.849e+05) (ext = 1.068e+05)

**Info: (IMPSP-2062): Some of the PG shapes may not be colorized properly in this design, users are required to run command colorizePowerMesh before any placement related commands!
**WARN: (IMPSP-5140):	Global net connect rules have not been created. Added  insts would have no supply connectivity, and would fail DRC.
Type 'man IMPSP-5140' for more detail.
**WARN: (IMPSP-315):	Found 38928 instances insts with no PG Term connections.
Type 'man IMPSP-315' for more detail.

Starting Small incrNP...
Density distribution unevenness ratio = 9.138%
Skipped incrNP (cpu=0:00:00.0, real=0:00:00.0, mem=5661.7M)
End of Small incrNP (cpu=0:00:00.0, real=0:00:00.0)
Move report: Detail placement moves 2210 insts, mean move: 0.22 um, max move: 5.01 um 
	Max move on inst (SILEGO_cell/MTRF_cell/dpu_gen/U_NACU_0/U_Recon_adder/U_add_3/FE_RC_79_0): (175.03, 48.64) --> (170.66, 49.28)
	Runtime: CPU: 0:00:05.2 REAL: 0:00:02.0 MEM: 5674.4MB
Summary Report:
Instances move: 2210 (out of 38870 movable)
Instances flipped: 121
Mean displacement: 0.22 um
Max displacement: 5.01 um (Instance: SILEGO_cell/MTRF_cell/dpu_gen/U_NACU_0/U_Recon_adder/U_add_3/FE_RC_79_0) (175.032, 48.64) -> (170.664, 49.28)
	Length: 2 sites, height: 1 rows, site name: SC8T_104CPP_CMOS22FDX, cell type: SC8T_INVX1_MR_CSC28L
Total net bbox length = 5.150e+05 (2.300e+05 2.849e+05) (ext = 1.068e+05)
Runtime: CPU: 0:00:05.3 REAL: 0:00:02.0 MEM: 5674.4MB
*** Finished place_detail (0:42:33 mem=5674.4M) ***
*** maximum move = 5.01 um ***
*** Finished re-routing un-routed nets (5662.4M) ***


*** Finish Physical Update (cpu=0:00:06.9 real=0:00:04.0 mem=5662.4M) ***
** GigaOpt Optimizer WNS Slack -0.065 TNS Slack -0.598 Density 57.83
OptDebug: End of Setup Fixing:
+----------+------+------+
|Path Group|   WNS|   TNS|
+----------+------+------+
|default   |-0.065|-0.598|
|reg2reg   | 1.216| 0.000|
|HEPG      | 1.216| 0.000|
|All Paths |-0.065|-0.598|
+----------+------+------+

Bottom Preferred Layer:
+-----------+------------+----------+
|   Layer   |    CLK     |   Rule   |
+-----------+------------+----------+
| C1 (z=3)  |         59 | default  |
+-----------+------------+----------+
Via Pillar Rule:
    None

*** Finish post-CTS Setup Fixing (cpu=0:00:58.2 real=0:00:23.0 mem=5662.4M) ***

*** WnsOpt #1 [finish] (ccopt_design #1) : cpu/real = 0:01:03.4/0:00:27.4 (2.3), totSession cpu/real = 0:42:34.6/0:12:43.4 (3.3), mem = 5103.5M
End: GigaOpt Optimization in WNS mode
Begin: GigaOpt Optimization in TNS mode
GigaOpt Checkpoint: Internal optTiming -allEndPoints -maxLocalDensity 0.95 -maxLocalDensityForHardenOpt 0.92 -numThreads 8 -postCTS -pgMode all -nativePathGroupFlow -wtns -nonLegalPlaceEcoBumpRecoveryInTNSOpt -NDROptEffortAuto -ipoTgtSlackCoef 1.5 -effTgtSlackCoef 1
Info: 59 nets with fixed/cover wires excluded.
Info: 59 clock nets excluded from IPO operation.
*** TnsOpt #1 [begin] (ccopt_design #1) : totSession cpu/real = 0:42:34.9/0:12:43.7 (3.3), mem = 5103.5M

**Info: (IMPSP-2062): Some of the PG shapes may not be colorized properly in this design, users are required to run command colorizePowerMesh before any placement related commands!
*info: 59 clock nets excluded
*info: 1255 no-driver nets excluded.
*info: 59 nets with fixed/cover wires excluded.
** GigaOpt Optimizer WNS Slack -0.065 TNS Slack -0.598 Density 57.83
OptDebug: Start of Optimizer TNS Pass:
+----------+------+------+
|Path Group|   WNS|   TNS|
+----------+------+------+
|default   |-0.065|-0.598|
|reg2reg   | 1.216| 0.000|
|HEPG      | 1.216| 0.000|
|All Paths |-0.065|-0.598|
+----------+------+------+

CCOptDebug: Start of Optimizer TNS Pass: reg2reg* WNS 1215.7ps TNS 0.0ps; HEPG WNS 1215.7ps TNS 0.0ps; all paths WNS -64.7ps TNS -597.5ps; Real time 0:05:13
Active Path Group: default 
+--------+---------+--------+---------+---------+------------+--------+-----------+---------+----------------------------------------------------+
|  WNS   | All WNS |  TNS   | All TNS | Density |    Real    |  Mem   |Worst View |Pathgroup|                     End Point                      |
+--------+---------+--------+---------+---------+------------+--------+-----------+---------+----------------------------------------------------+
|  -0.065|   -0.065|  -0.598|   -0.598|   57.83%|   0:00:00.0| 5491.1M|AVF_RCWORST|  default| sel_r_ext_out_2[3]                                 |
|  -0.065|   -0.065|  -0.558|   -0.558|   57.83%|   0:00:01.0| 5662.8M|         NA|       NA| NA                                                 |
|  -0.065|   -0.065|  -0.558|   -0.558|   57.83%|   0:00:00.0| 5662.8M|AVF_RCWORST|  default| sel_r_ext_out_2[3]                                 |
+--------+---------+--------+---------+---------+------------+--------+-----------+---------+----------------------------------------------------+

*** Finish Core Optimize Step (cpu=0:00:04.3 real=0:00:01.0 mem=5662.8M) ***

*** Finished Optimize Step Cumulative (cpu=0:00:04.3 real=0:00:01.0 mem=5662.8M) ***
OptDebug: End of Optimizer TNS Pass:
+----------+------+------+
|Path Group|   WNS|   TNS|
+----------+------+------+
|default   |-0.065|-0.558|
|reg2reg   | 1.284| 0.000|
|HEPG      | 1.284| 0.000|
|All Paths |-0.065|-0.558|
+----------+------+------+

CCOptDebug: End of Optimizer TNS Pass: reg2reg* WNS 1284.0ps TNS 0.0ps; HEPG WNS 1284.0ps TNS 0.0ps; all paths WNS -64.7ps TNS -558.0ps; Real time 0:05:15

*** Starting place_detail (0:42:47 mem=5662.8M) ***
Total net bbox length = 5.150e+05 (2.300e+05 2.849e+05) (ext = 1.067e+05)

**Info: (IMPSP-2062): Some of the PG shapes may not be colorized properly in this design, users are required to run command colorizePowerMesh before any placement related commands!
**WARN: (IMPSP-5140):	Global net connect rules have not been created. Added  insts would have no supply connectivity, and would fail DRC.
Type 'man IMPSP-5140' for more detail.
**WARN: (IMPSP-315):	Found 38932 instances insts with no PG Term connections.
Type 'man IMPSP-315' for more detail.

Starting Small incrNP...
Density distribution unevenness ratio = 9.133%
Skipped incrNP (cpu=0:00:00.0, real=0:00:00.0, mem=5662.8M)
End of Small incrNP (cpu=0:00:00.0, real=0:00:00.0)
Move report: Detail placement moves 1974 insts, mean move: 0.13 um, max move: 2.50 um 
	Max move on inst (SILEGO_cell/config_swb/sel_r_ext_out_reg[3][4]): (100.98, 3.84) --> (98.49, 3.84)
	Runtime: CPU: 0:00:05.3 REAL: 0:00:02.0 MEM: 5673.2MB
Summary Report:
Instances move: 1974 (out of 38874 movable)
Instances flipped: 37
Mean displacement: 0.13 um
Max displacement: 2.50 um (Instance: SILEGO_cell/config_swb/sel_r_ext_out_reg[3][4]) (100.984, 3.84) -> (98.488, 3.84)
	Length: 36 sites, height: 1 rows, site name: SC8T_104CPP_CMOS22FDX, cell type: SC8T_DFFSQX4_CSC28L
Total net bbox length = 5.151e+05 (2.302e+05 2.849e+05) (ext = 1.067e+05)
Runtime: CPU: 0:00:05.5 REAL: 0:00:02.0 MEM: 5673.2MB
*** Finished place_detail (0:42:53 mem=5673.2M) ***
*** maximum move = 2.50 um ***
*** Finished re-routing un-routed nets (5665.2M) ***


*** Finish Physical Update (cpu=0:00:07.4 real=0:00:04.0 mem=5665.2M) ***
** GigaOpt Optimizer WNS Slack -0.065 TNS Slack -0.558 Density 57.83
OptDebug: End of Setup Fixing:
+----------+------+------+
|Path Group|   WNS|   TNS|
+----------+------+------+
|default   |-0.065|-0.558|
|reg2reg   | 1.284| 0.000|
|HEPG      | 1.284| 0.000|
|All Paths |-0.065|-0.558|
+----------+------+------+

Bottom Preferred Layer:
+-----------+------------+----------+
|   Layer   |    CLK     |   Rule   |
+-----------+------------+----------+
| C1 (z=3)  |         59 | default  |
+-----------+------------+----------+
Via Pillar Rule:
    None

*** Finish post-CTS Setup Fixing (cpu=0:00:14.6 real=0:00:08.0 mem=5665.2M) ***

*** TnsOpt #1 [finish] (ccopt_design #1) : cpu/real = 0:00:20.1/0:00:12.8 (1.6), totSession cpu/real = 0:42:55.1/0:12:56.6 (3.3), mem = 5126.3M
End: GigaOpt Optimization in TNS mode
GigaOpt Checkpoint: Internal reclaim -numThreads 8 -customPhyUpdate -noGCompAndPhase -force -svrReclaim -rtrShortNets -allowDegradingShortNetRemoval -postCTS -tgtSlackMult 2 -wtns -noRouteTypeResizePolish -noViewPrune -nativePathGroupFlow
Info: 59 nets with fixed/cover wires excluded.
Info: 59 clock nets excluded from IPO operation.

**Info: (IMPSP-2062): Some of the PG shapes may not be colorized properly in this design, users are required to run command colorizePowerMesh before any placement related commands!
Begin: Area Reclaim Optimization
*** AreaOpt #2 [begin] (ccopt_design #1) : totSession cpu/real = 0:42:56.3/0:12:57.6 (3.3), mem = 5511.9M
Usable buffer cells for single buffer setup transform:
SC8T_BUFX0P5_A_CSC28L SC8T_BUFX2_CSC28L SC8T_BUFX1P5_CSC28L SC8T_CKBUFX2_CSC28L SC8T_BUFX3_CSC28L SC8T_BUFX4_MR_CSC28L SC8T_BUFX4_CSC28L SC8T_CKBUFX4_CSC28L SC8T_BUFX6_CSC28L SC8T_CKBUFX6_CSC28L SC8T_BUFX8_CSC28L SC8T_CKBUFX8_CSC28L SC8T_CKBUFX10_CSC28L SC8T_BUFX12_CSC28L SC8T_CKBUFX12_CSC28L SC8T_BUFX16_CSC28L SC8T_CKBUFX16_CSC28L SC8T_BUFX20_CSC28L SC8T_CKBUFX20_CSC28L SC8T_BUFX24_CSC28L SC8T_CKBUFX24_CSC28L 
Number of usable buffer cells above: 21
Reclaim Optimization WNS Slack -0.065  TNS Slack -0.558 Density 57.83
+---------+---------+--------+--------+------------+--------+
| Density | Commits |  WNS   |  TNS   |    Real    |  Mem   |
+---------+---------+--------+--------+------------+--------+
|   57.83%|        -|  -0.065|  -0.558|   0:00:00.0| 5511.9M|
|   57.83%|        1|  -0.065|  -0.558|   0:00:01.0| 5674.7M|
|   57.83%|        0|  -0.065|  -0.558|   0:00:00.0| 5674.7M|
|   57.76%|       89|  -0.065|  -0.560|   0:00:02.0| 5680.4M|
|   57.76%|        2|  -0.065|  -0.560|   0:00:00.0| 5680.4M|
|   57.76%|        0|  -0.065|  -0.560|   0:00:01.0| 5680.4M|
|   57.76%|        0|  -0.065|  -0.560|   0:00:00.0| 5680.4M|
+---------+---------+--------+--------+------------+--------+
Reclaim Optimization End WNS Slack -0.065  TNS Slack -0.560 Density 57.76
Bottom Preferred Layer:
+-----------+------------+----------+
|   Layer   |    CLK     |   Rule   |
+-----------+------------+----------+
| C1 (z=3)  |         59 | default  |
+-----------+------------+----------+
Via Pillar Rule:
    None

Number of times islegalLocAvaiable called = 8 skipped = 0, called in commitmove = 2, skipped in commitmove = 0
End: Core Area Reclaim Optimization (cpu = 0:00:14.6) (real = 0:00:06.0) **

*** Starting place_detail (0:43:11 mem=5680.4M) ***
Total net bbox length = 5.135e+05 (2.289e+05 2.846e+05) (ext = 1.062e+05)

**Info: (IMPSP-2062): Some of the PG shapes may not be colorized properly in this design, users are required to run command colorizePowerMesh before any placement related commands!
**WARN: (IMPSP-5140):	Global net connect rules have not been created. Added  insts would have no supply connectivity, and would fail DRC.
Type 'man IMPSP-5140' for more detail.
**WARN: (IMPSP-315):	Found 38793 instances insts with no PG Term connections.
Type 'man IMPSP-315' for more detail.
Move report: Detail placement moves 0 insts, mean move: 0.00 um, max move: 0.00 um 
	Runtime: CPU: 0:00:04.2 REAL: 0:00:02.0 MEM: 5648.4MB
Summary Report:
Instances move: 0 (out of 38735 movable)
Instances flipped: 0
Mean displacement: 0.00 um
Max displacement: 0.00 um 
Total net bbox length = 5.135e+05 (2.289e+05 2.846e+05) (ext = 1.062e+05)
Runtime: CPU: 0:00:04.3 REAL: 0:00:02.0 MEM: 5648.4MB
*** Finished place_detail (0:43:16 mem=5648.4M) ***
*** maximum move = 0.00 um ***
*** Finished re-routing un-routed nets (5680.4M) ***


*** Finish Physical Update (cpu=0:00:06.1 real=0:00:03.0 mem=5680.4M) ***
*** AreaOpt #2 [finish] (ccopt_design #1) : cpu/real = 0:00:20.7/0:00:08.8 (2.4), totSession cpu/real = 0:43:17.0/0:13:06.4 (3.3), mem = 5680.4M
End: Area Reclaim Optimization (cpu=0:00:21, real=0:00:09, mem=5140.54M, totSessionCpu=0:43:17).
postCtsLateCongRepair #1 0
postCtsLateCongRepair #1 0
postCtsLateCongRepair #1 0
postCtsLateCongRepair #1 0
Starting local wire reclaim

**Info: (IMPSP-2062): Some of the PG shapes may not be colorized properly in this design, users are required to run command colorizePowerMesh before any placement related commands!
*** Starting place_detail (0:43:17 mem=5140.5M) ***

**Info: (IMPSP-2062): Some of the PG shapes may not be colorized properly in this design, users are required to run command colorizePowerMesh before any placement related commands!
**WARN: (IMPSP-5140):	Global net connect rules have not been created. Added  insts would have no supply connectivity, and would fail DRC.
Type 'man IMPSP-5140' for more detail.
**WARN: (IMPSP-315):	Found 38793 instances insts with no PG Term connections.
Type 'man IMPSP-315' for more detail.
*** Finished SKP initialization (cpu=0:00:09.8, real=0:00:05.0)***
Timing cost in AAE based: 972595.5846737488172948
Move report: Detail placement moves 15379 insts, mean move: 1.56 um, max move: 13.82 um 
	Max move on inst (u_data_selector/FE_OFC2144_data_in_next_219): (118.98, 14.72) --> (120.64, 2.56)
	Runtime: CPU: 0:00:40.4 REAL: 0:00:19.0 MEM: 5339.1MB
Summary Report:
Instances move: 15379 (out of 38735 movable)
Instances flipped: 123
Mean displacement: 1.56 um
Max displacement: 13.82 um (Instance: u_data_selector/FE_OFC2144_data_in_next_219) (118.976, 14.72) -> (120.64, 2.56)
	Length: 2 sites, height: 1 rows, site name: SC8T_104CPP_CMOS22FDX, cell type: SC8T_INVX0P5_CSC28L
Runtime: CPU: 0:00:40.6 REAL: 0:00:19.0 MEM: 5339.1MB
*** Finished place_detail (0:43:58 mem=5339.1M) ***
AAE_INFO: opIsDesignInPostRouteState() is 0
#################################################################################
# Design Stage: PreRoute
# Design Name: Silago_top
# Design Mode: 90nm
# Analysis Mode: MMMC Non-OCV 
# Parasitics Mode: No SPEF/RCDB 
# Signoff Settings: SI Off 
#################################################################################
Calculate delays in BcWc mode...
Start delay calculation (fullDC) (8 T). (MEM=5141.57)
Total number of fetched objects 41228
AAE_INFO: Total number of nets for which stage creation was skipped for all views 0
End delay calculation. (MEM=5426.34 CPU=0:00:17.8 REAL=0:00:03.0)
End delay calculation (fullDC). (MEM=5426.34 CPU=0:00:21.1 REAL=0:00:04.0)
eGR doReRoute: optGuide
[NR-eGR] Track table information for default rule: 
[NR-eGR] M1 has single uniform track structure
[NR-eGR] M2 has single uniform track structure
[NR-eGR] C1 has single uniform track structure
[NR-eGR] C2 has single uniform track structure
[NR-eGR] C3 has single uniform track structure
[NR-eGR] C4 has single uniform track structure
[NR-eGR] BA has single uniform track structure
[NR-eGR] BB has single uniform track structure
[NR-eGR] JA has single uniform track structure
[NR-eGR] JB has single uniform track structure
[NR-eGR] LB has single uniform track structure
[NR-eGR] Read 20 PG shapes
[NR-eGR] Read 0 clock shapes
[NR-eGR] Read 0 other shapes
[NR-eGR] #Routing Blockages  : 30
[NR-eGR] #Instance Blockages : 102392
[NR-eGR] #PG Blockages       : 20
[NR-eGR] #Halo Blockages     : 0
[NR-eGR] #Boundary Blockages : 0
[NR-eGR] #Clock Blockages    : 0
[NR-eGR] #Other Blockages    : 0
[NR-eGR] Num Prerouted Nets = 59  Num Prerouted Wires = 17661
[NR-eGR] Read 41178 nets ( ignored 59 )
[NR-eGR] ============ Routing rule table ============
[NR-eGR] Rule id: 0  Nets: 41119
[NR-eGR] ========================================
[NR-eGR] 
[NR-eGR] Layer group 1: route 41119 net(s) in layer range [2, 11]
[NR-eGR] Early Global Route overflow of layer group 1: 0.90% H + 0.48% V. EstWL: 5.664058e+05um
[NR-eGR] Congestion Analysis By layer: (blocked Gcells are excluded) 
[NR-eGR]                        OverCon           OverCon           OverCon            
[NR-eGR]                         #Gcell            #Gcell            #Gcell     %Gcell
[NR-eGR]        Layer             (1-4)             (5-8)            (9-12)    OverCon
[NR-eGR] --------------------------------------------------------------------------------
[NR-eGR]      M1 ( 1)         0( 0.00%)         0( 0.00%)         0( 0.00%)   ( 0.00%) 
[NR-eGR]      M2 ( 2)      1638( 1.68%)         0( 0.00%)         0( 0.00%)   ( 1.68%) 
[NR-eGR]      C1 ( 3)      1589( 1.63%)         1( 0.00%)         0( 0.00%)   ( 1.63%) 
[NR-eGR]      C2 ( 4)       156( 0.16%)         4( 0.00%)         0( 0.00%)   ( 0.16%) 
[NR-eGR]      C3 ( 5)       301( 0.31%)         0( 0.00%)         0( 0.00%)   ( 0.31%) 
[NR-eGR]      C4 ( 6)       171( 0.18%)        14( 0.01%)         1( 0.00%)   ( 0.19%) 
[NR-eGR]      BA ( 7)        70( 0.07%)         1( 0.00%)         0( 0.00%)   ( 0.07%) 
[NR-eGR]      BB ( 8)        42( 0.04%)         8( 0.01%)         0( 0.00%)   ( 0.05%) 
[NR-eGR]      JA ( 9)         0( 0.00%)         0( 0.00%)         0( 0.00%)   ( 0.00%) 
[NR-eGR]      JB (10)         0( 0.00%)         0( 0.00%)         0( 0.00%)   ( 0.00%) 
[NR-eGR]      LB (11)         0( 0.00%)         0( 0.00%)         0( 0.00%)   ( 0.00%) 
[NR-eGR] --------------------------------------------------------------------------------
[NR-eGR]        Total      3967( 0.53%)        28( 0.00%)         1( 0.00%)   ( 0.53%) 
[NR-eGR] 
[NR-eGR] Overflow after Early Global Route 0.10% H + 0.14% V
[NR-eGR]             Length (um)    Vias 
[NR-eGR] --------------------------------
[NR-eGR]  M1  (1V)             0  113616 
[NR-eGR]  M2  (2H)         65361  216280 
[NR-eGR]  C1  (3V)        145660   65273 
[NR-eGR]  C2  (4H)        102339   28182 
[NR-eGR]  C3  (5V)        133422   13229 
[NR-eGR]  C4  (6H)         74627    3385 
[NR-eGR]  BA  (7V)         47802    1849 
[NR-eGR]  BB  (8H)         23890      64 
[NR-eGR]  JA  (9V)            27       0 
[NR-eGR]  JB  (10H)            0       0 
[NR-eGR]  LB  (11V)            0       0 
[NR-eGR] --------------------------------
[NR-eGR]      Total       593128  441878 
[NR-eGR] --------------------------------------------------------------------------
[NR-eGR] Total half perimeter of net bounding box: 507685um
[NR-eGR] Total length: 593128um, number of vias: 441878
[NR-eGR] --------------------------------------------------------------------------
[NR-eGR] Total eGR-routed clock nets wire length: 0um, number of vias: 0
[NR-eGR] --------------------------------------------------------------------------
[NR-eGR] Finished Early Global Route kernel ( CPU: 7.60 sec, Real: 3.49 sec, Curr Mem: 5089.24 MB )
Extraction called for design 'Silago_top' of instances=38793 and nets=42472 using extraction engine 'pre_route' .
**WARN: (IMPEXT-3530):	The process node is not set. Use the command set_design_mode -process <process node> prior to extraction for maximum accuracy and optimal automatic threshold setting.
Type 'man IMPEXT-3530' for more detail.
pre_route RC Extraction called for design Silago_top.
RC Extraction called in multi-corner(3) mode.
RCMode: PreRoute
      RC Corner Indexes            0       1       2   
Capacitance Scaling Factor   : 1.00000 1.00000 1.00000 
Resistance Scaling Factor    : 1.00000 1.00000 1.00000 
Clock Cap. Scaling Factor    : 1.00000 1.00000 1.00000 
Clock Res. Scaling Factor    : 1.00000 1.00000 1.00000 
Shrink Factor                : 1.00000
PreRoute extraction is honoring NDR/Shielding/ExtraSpace for clock nets.
Using Quantus QRC technology file ...
Updating RC grid for preRoute extraction ...
Initializing multi-corner resistance tables ...
PreRoute RC Extraction DONE (CPU Time: 0:00:01.2  Real Time: 0:00:01.0  MEM: 5053.988M)
Compute RC Scale Done ...
[hotspot] +------------+---------------+---------------+
[hotspot] |            |   max hotspot | total hotspot |
[hotspot] +------------+---------------+---------------+
[hotspot] | normalized |          8.66 |         13.64 |
[hotspot] +------------+---------------+---------------+
Local HotSpot Analysis: normalized max congestion hotspot area = 8.66, normalized total congestion hotspot area = 13.64 (area is in unit of 4 std-cell row bins)
[hotspot] top 5 congestion hotspot bounding boxes and scores of normalized hotspot
[hotspot] +-----+-------------------------------------+---------------+
[hotspot] | top |            hotspot bbox             | hotspot score |
[hotspot] +-----+-------------------------------------+---------------+
[hotspot] |  1  |    92.16     0.00   102.40    10.24 |        3.67   |
[hotspot] +-----+-------------------------------------+---------------+
[hotspot] |  2  |   102.40     0.00   112.64    10.24 |        3.02   |
[hotspot] +-----+-------------------------------------+---------------+
[hotspot] |  3  |    81.92     0.00    92.16    10.24 |        1.18   |
[hotspot] +-----+-------------------------------------+---------------+
[hotspot] |  4  |   112.64     0.00   122.88    10.24 |        0.79   |
[hotspot] +-----+-------------------------------------+---------------+
[hotspot] |  5  |     0.00    92.16    10.24   102.40 |        0.79   |
[hotspot] +-----+-------------------------------------+---------------+
GigaOpt Checkpoint: Internal congRefineRouteType -postCTS -numThreads 8 -resetVeryShortNets -rescheduleForAdherence  
Begin: GigaOpt Route Type Constraints Refinement
*** CongRefineRouteType #2 [begin] (ccopt_design #1) : totSession cpu/real = 0:44:42.0/0:13:39.5 (3.3), mem = 5073.1M
Updated routing constraints on 0 nets.
Bottom Preferred Layer:
+-----------+------------+----------+
|   Layer   |    CLK     |   Rule   |
+-----------+------------+----------+
| C1 (z=3)  |         59 | default  |
+-----------+------------+----------+
Via Pillar Rule:
    None
*** CongRefineRouteType #2 [finish] (ccopt_design #1) : cpu/real = 0:00:00.4/0:00:00.3 (1.2), totSession cpu/real = 0:44:42.4/0:13:39.8 (3.3), mem = 5073.1M
End: GigaOpt Route Type Constraints Refinement
skip EGR on cluster skew clock nets.
OPTC: user 20.0
AAE_INFO: opIsDesignInPostRouteState() is 0
#################################################################################
# Design Stage: PreRoute
# Design Name: Silago_top
# Design Mode: 90nm
# Analysis Mode: MMMC Non-OCV 
# Parasitics Mode: No SPEF/RCDB 
# Signoff Settings: SI Off 
#################################################################################
Calculate delays in BcWc mode...
Start delay calculation (fullDC) (8 T). (MEM=5110.23)
Total number of fetched objects 41228
AAE_INFO: Total number of nets for which stage creation was skipped for all views 0
End delay calculation. (MEM=5452.23 CPU=0:00:17.7 REAL=0:00:03.0)
End delay calculation (fullDC). (MEM=5452.23 CPU=0:00:20.5 REAL=0:00:04.0)
Begin: GigaOpt postEco DRV Optimization
GigaOpt Checkpoint: Internal optDRV -inPostEcoStage -smallScaleFixing -maxIter 3 -max_tran -max_cap -maxLocalDensity 0.98 -numThreads 8 -preRouteDontEndWithRefinePlaceIncrSteinerRouteDC -postCTS
*** DrvOpt #4 [begin] (ccopt_design #1) : totSession cpu/real = 0:45:10.5/0:13:44.8 (3.3), mem = 5452.2M
Info: 59 nets with fixed/cover wires excluded.
Info: 59 clock nets excluded from IPO operation.

**Info: (IMPSP-2062): Some of the PG shapes may not be colorized properly in this design, users are required to run command colorizePowerMesh before any placement related commands!
+-------------------------------------------------------------------------------------------------------------------------------------------------------+
|        max-tran       |        max-cap        |  max-fanout |  max-length |       setup       |        |        |        |       |          |         |
+-------------------------------------------------------------------------------------------------------------------------------------------------------+
| nets | terms|  wViol  | nets | terms|  wViol  | nets | terms| nets | terms|   WNS   |   TNS   |  #Buf  |  #Inv  | #Resize|Density|   Real   |   Mem   |
+-------------------------------------------------------------------------------------------------------------------------------------------------------+
|    21|   449|    -0.10|    52|    52|    -0.00|     0|     0|     0|     0|    -0.12|    -0.77|       0|       0|       0| 57.76%|          |         |
|     0|     0|     0.00|     0|     0|     0.00|     0|     0|     0|     0|    -0.14|    -0.85|      61|       8|       8| 57.79%| 0:00:01.0|  5763.3M|
|     0|     0|     0.00|     0|     0|     0.00|     0|     0|     0|     0|    -0.14|    -0.85|       0|       0|       0| 57.79%| 0:00:00.0|  5763.3M|
+-------------------------------------------------------------------------------------------------------------------------------------------------------+
Bottom Preferred Layer:
+-----------+------------+----------+
|   Layer   |    CLK     |   Rule   |
+-----------+------------+----------+
| C1 (z=3)  |         59 | default  |
+-----------+------------+----------+
Via Pillar Rule:
    None

*** Finish DRV Fixing (cpu=0:00:07.5 real=0:00:03.0 mem=5763.3M) ***

*** DrvOpt #4 [finish] (ccopt_design #1) : cpu/real = 0:00:10.7/0:00:04.8 (2.2), totSession cpu/real = 0:45:21.2/0:13:49.6 (3.3), mem = 5183.5M
End: GigaOpt postEco DRV Optimization
GigaOpt: WNS changes after postEco optimization: -0.006 -> -0.014 (bump = 0.008)
GigaOpt: Skipping nonLegal postEco optimization
Design TNS changes after trial route: -0.557 -> -0.852
Begin: GigaOpt TNS non-legal recovery
GigaOpt Checkpoint: Internal optTiming -setupRecovery -newSetupRecovery -allEndPoints -maxLocalDensity 0.92 -numThreads 8 -nativePathGroupFlow  -NDROptEffortAuto  -ipoTgtSlackCoef 0 -effTgtSlackCoef 0 -tnsBumpRecoveryInTNS -integratedAreaOpt
Info: 59 nets with fixed/cover wires excluded.
Info: 59 clock nets excluded from IPO operation.
*** TnsOpt #2 [begin] (ccopt_design #1) : totSession cpu/real = 0:45:23.2/0:13:51.6 (3.3), mem = 5183.5M

**Info: (IMPSP-2062): Some of the PG shapes may not be colorized properly in this design, users are required to run command colorizePowerMesh before any placement related commands!
*info: 59 clock nets excluded
*info: 1255 no-driver nets excluded.
*info: 59 nets with fixed/cover wires excluded.
** GigaOpt Optimizer WNS Slack -0.144 TNS Slack -0.852 Density 57.79
OptDebug: Start of Optimizer TNS Pass:
+----------+------+------+
|Path Group|   WNS|   TNS|
+----------+------+------+
|default   |-0.144|-0.852|
|reg2reg   | 1.106| 0.000|
|HEPG      | 1.106| 0.000|
|All Paths |-0.144|-0.852|
+----------+------+------+

CCOptDebug: Start of Optimizer TNS Pass: reg2reg* WNS 1106.2ps TNS 0.0ps; HEPG WNS 1106.2ps TNS 0.0ps; all paths WNS -144.1ps TNS -851.5ps; Real time 0:06:18
Active Path Group: default 
+--------+---------+--------+---------+---------+------------+--------+-----------+---------+----------------------------------------------------+
|  WNS   | All WNS |  TNS   | All TNS | Density |    Real    |  Mem   |Worst View |Pathgroup|                     End Point                      |
+--------+---------+--------+---------+---------+------------+--------+-----------+---------+----------------------------------------------------+
|  -0.144|   -0.144|  -0.852|   -0.852|   57.79%|   0:00:00.0| 5571.0M|AVF_RCWORST|  default| SILEGO_cell/MTRF_cell/dpu_gen/U_NACU_0/U_divider/d |
|        |         |        |         |         |            |        |           |         | ivision/U_DIV/dpu_gen_U_NACU_0_U_divider_division_ |
|        |         |        |         |         |            |        |           |         | link211662_r_REG171_S1/D                           |
|  -0.065|   -0.065|  -0.564|   -0.564|   57.82%|   0:00:02.0| 5756.8M|AVF_RCWORST|  default| sel_r_ext_out_3[4]                                 |
|  -0.065|   -0.065|  -0.560|   -0.560|   57.83%|   0:00:01.0| 5764.8M|AVF_RCWORST|  default| SILEGO_cell/MTRF_cell/dpu_gen/U_NACU_0/U_divider/d |
|        |         |        |         |         |            |        |           |         | ivision/U_DIV/dpu_gen_U_NACU_0_U_divider_division_ |
|        |         |        |         |         |            |        |           |         | link211662_r_REG171_S1/D                           |
|  -0.065|   -0.065|  -0.558|   -0.558|   57.83%|   0:00:00.0| 5764.8M|         NA|       NA| NA                                                 |
|  -0.065|   -0.065|  -0.558|   -0.558|   57.83%|   0:00:00.0| 5764.8M|AVF_RCWORST|  default| sel_r_ext_out_2[3]                                 |
+--------+---------+--------+---------+---------+------------+--------+-----------+---------+----------------------------------------------------+

*** Finish Core Optimize Step (cpu=0:00:11.6 real=0:00:03.0 mem=5764.8M) ***

*** Finished Optimize Step Cumulative (cpu=0:00:11.7 real=0:00:03.0 mem=5764.8M) ***
OptDebug: End of Optimizer TNS Pass:
+----------+------+------+
|Path Group|   WNS|   TNS|
+----------+------+------+
|default   |-0.065|-0.558|
|reg2reg   | 1.285| 0.000|
|HEPG      | 1.285| 0.000|
|All Paths |-0.065|-0.558|
+----------+------+------+

CCOptDebug: End of Optimizer TNS Pass: reg2reg* WNS 1285.2ps TNS 0.0ps; HEPG WNS 1285.2ps TNS 0.0ps; all paths WNS -64.7ps TNS -558.1ps; Real time 0:06:22

*** Starting place_detail (0:45:40 mem=5764.8M) ***
Total net bbox length = 5.079e+05 (2.246e+05 2.833e+05) (ext = 1.058e+05)

**Info: (IMPSP-2062): Some of the PG shapes may not be colorized properly in this design, users are required to run command colorizePowerMesh before any placement related commands!
**WARN: (IMPSP-5140):	Global net connect rules have not been created. Added  insts would have no supply connectivity, and would fail DRC.
Type 'man IMPSP-5140' for more detail.
**WARN: (IMPSP-315):	Found 38919 instances insts with no PG Term connections.
Type 'man IMPSP-315' for more detail.

Starting Small incrNP...
Density distribution unevenness ratio = 9.183%
Skipped incrNP (cpu=0:00:00.0, real=0:00:00.0, mem=5764.8M)
End of Small incrNP (cpu=0:00:00.0, real=0:00:00.0)
Move report: Detail placement moves 2905 insts, mean move: 0.32 um, max move: 5.40 um 
	Max move on inst (SILEGO_cell/FE_OFC4075_ext_v_input_bus_in_0_5): (101.61, 0.00) --> (103.17, 3.84)
	Runtime: CPU: 0:00:07.0 REAL: 0:00:03.0 MEM: 5802.3MB
Summary Report:
Instances move: 2905 (out of 38861 movable)
Instances flipped: 518
Mean displacement: 0.32 um
Max displacement: 5.40 um (Instance: SILEGO_cell/FE_OFC4075_ext_v_input_bus_in_0_5) (101.608, 0) -> (103.168, 3.84)
	Length: 3 sites, height: 1 rows, site name: SC8T_104CPP_CMOS22FDX, cell type: SC8T_BUFX0P5_A_CSC28L
Total net bbox length = 5.087e+05 (2.252e+05 2.835e+05) (ext = 1.060e+05)
Runtime: CPU: 0:00:07.2 REAL: 0:00:03.0 MEM: 5802.3MB
*** Finished place_detail (0:45:47 mem=5802.3M) ***
*** maximum move = 5.40 um ***
*** Finished re-routing un-routed nets (5788.3M) ***

**Info: (IMPSP-2062): Some of the PG shapes may not be colorized properly in this design, users are required to run command colorizePowerMesh before any placement related commands!

*** Finish Physical Update (cpu=0:00:09.0 real=0:00:05.0 mem=5788.3M) ***
** GigaOpt Optimizer WNS Slack -0.065 TNS Slack -0.558 Density 57.83
OptDebug: End of Setup Fixing:
+----------+------+------+
|Path Group|   WNS|   TNS|
+----------+------+------+
|default   |-0.065|-0.558|
|reg2reg   | 1.285| 0.000|
|HEPG      | 1.285| 0.000|
|All Paths |-0.065|-0.558|
+----------+------+------+

Bottom Preferred Layer:
+-----------+------------+----------+
|   Layer   |    CLK     |   Rule   |
+-----------+------------+----------+
| C1 (z=3)  |         59 | default  |
+-----------+------------+----------+
Via Pillar Rule:
    None

*** Finish post-CTS Setup Fixing (cpu=0:00:23.8 real=0:00:10.0 mem=5788.3M) ***

*** TnsOpt #2 [finish] (ccopt_design #1) : cpu/real = 0:00:26.3/0:00:12.2 (2.2), totSession cpu/real = 0:45:49.5/0:14:03.7 (3.3), mem = 5249.4M
End: GigaOpt TNS non-legal recovery
Begin: GigaOpt Optimization in post-eco TNS mode
GigaOpt Checkpoint: Internal optTiming -postEco -postEcoLefSafe -maxLocalDensity 1.0 -numThreads 8  -allEndPoints -nativePathGroupFlow
Info: 59 nets with fixed/cover wires excluded.
Info: 59 clock nets excluded from IPO operation.
*** TnsOpt #3 [begin] (ccopt_design #1) : totSession cpu/real = 0:45:49.7/0:14:04.0 (3.3), mem = 5249.4M

**Info: (IMPSP-2062): Some of the PG shapes may not be colorized properly in this design, users are required to run command colorizePowerMesh before any placement related commands!
*info: 59 clock nets excluded
*info: 1255 no-driver nets excluded.
*info: 59 nets with fixed/cover wires excluded.
** GigaOpt Optimizer WNS Slack -0.065 TNS Slack -0.558 Density 57.83
OptDebug: Start of Optimizer TNS Pass:
+----------+------+------+
|Path Group|   WNS|   TNS|
+----------+------+------+
|default   |-0.065|-0.558|
|reg2reg   | 1.285| 0.000|
|HEPG      | 1.285| 0.000|
|All Paths |-0.065|-0.558|
+----------+------+------+

CCOptDebug: Start of Optimizer TNS Pass: reg2reg* WNS 1285.2ps TNS 0.0ps; HEPG WNS 1285.2ps TNS 0.0ps; all paths WNS -64.7ps TNS -558.1ps; Real time 0:06:30
Active Path Group: default 
+--------+---------+--------+---------+---------+------------+--------+-----------+---------+----------------------------------------------------+
|  WNS   | All WNS |  TNS   | All TNS | Density |    Real    |  Mem   |Worst View |Pathgroup|                     End Point                      |
+--------+---------+--------+---------+---------+------------+--------+-----------+---------+----------------------------------------------------+
|  -0.065|   -0.065|  -0.558|   -0.558|   57.83%|   0:00:00.0| 5637.0M|AVF_RCWORST|  default| sel_r_ext_out_2[3]                                 |
|  -0.065|   -0.065|  -0.558|   -0.558|   57.83%|   0:00:00.0| 5637.0M|AVF_RCWORST|  default| sel_r_ext_out_2[3]                                 |
+--------+---------+--------+---------+---------+------------+--------+-----------+---------+----------------------------------------------------+

*** Finish Core Optimize Step (cpu=0:00:00.2 real=0:00:00.0 mem=5637.0M) ***

*** Finished Optimize Step Cumulative (cpu=0:00:00.2 real=0:00:00.0 mem=5637.0M) ***
OptDebug: End of Optimizer TNS Pass:
+----------+------+------+
|Path Group|   WNS|   TNS|
+----------+------+------+
|default   |-0.065|-0.558|
|reg2reg   | 1.285| 0.000|
|HEPG      | 1.285| 0.000|
|All Paths |-0.065|-0.558|
+----------+------+------+

CCOptDebug: End of Optimizer TNS Pass: reg2reg* WNS 1285.2ps TNS 0.0ps; HEPG WNS 1285.2ps TNS 0.0ps; all paths WNS -64.7ps TNS -558.1ps; Real time 0:06:32
OptDebug: End of Setup Fixing:
+----------+------+------+
|Path Group|   WNS|   TNS|
+----------+------+------+
|default   |-0.065|-0.558|
|reg2reg   | 1.285| 0.000|
|HEPG      | 1.285| 0.000|
|All Paths |-0.065|-0.558|
+----------+------+------+

Bottom Preferred Layer:
+-----------+------------+----------+
|   Layer   |    CLK     |   Rule   |
+-----------+------------+----------+
| C1 (z=3)  |         59 | default  |
+-----------+------------+----------+
Via Pillar Rule:
    None

*** Finish post-CTS Setup Fixing (cpu=0:00:02.6 real=0:00:02.0 mem=5637.0M) ***

*** TnsOpt #3 [finish] (ccopt_design #1) : cpu/real = 0:00:05.2/0:00:04.2 (1.2), totSession cpu/real = 0:45:54.9/0:14:08.2 (3.2), mem = 5248.2M
End: GigaOpt Optimization in post-eco TNS mode
#optDebug: fT-D <X 1 0 0 0>
Register exp ratio and priority group on 0 nets on 41316 nets : 

Active setup views:
 AVF_RCWORST
  Dominating endpoints: 0
  Dominating TNS: -0.000

Extraction called for design 'Silago_top' of instances=38919 and nets=42593 using extraction engine 'pre_route' .
**WARN: (IMPEXT-3530):	The process node is not set. Use the command set_design_mode -process <process node> prior to extraction for maximum accuracy and optimal automatic threshold setting.
Type 'man IMPEXT-3530' for more detail.
pre_route RC Extraction called for design Silago_top.
RC Extraction called in multi-corner(3) mode.
RCMode: PreRoute
      RC Corner Indexes            0       1       2   
Capacitance Scaling Factor   : 1.00000 1.00000 1.00000 
Resistance Scaling Factor    : 1.00000 1.00000 1.00000 
Clock Cap. Scaling Factor    : 1.00000 1.00000 1.00000 
Clock Res. Scaling Factor    : 1.00000 1.00000 1.00000 
Shrink Factor                : 1.00000
PreRoute extraction is honoring NDR/Shielding/ExtraSpace for clock nets.
Using Quantus QRC technology file ...
Skipped RC grid update for preRoute extraction.
Initializing multi-corner resistance tables ...
PreRoute RC Extraction DONE (CPU Time: 0:00:01.1  Real Time: 0:00:01.0  MEM: 5177.348M)
Starting delay calculation for Setup views
AAE_INFO: opIsDesignInPostRouteState() is 0
#################################################################################
# Design Stage: PreRoute
# Design Name: Silago_top
# Design Mode: 90nm
# Analysis Mode: MMMC Non-OCV 
# Parasitics Mode: No SPEF/RCDB 
# Signoff Settings: SI Off 
#################################################################################
Calculate delays in BcWc mode...
Start delay calculation (fullDC) (8 T). (MEM=5183.51)
Total number of fetched objects 41349
AAE_INFO: Total number of nets for which stage creation was skipped for all views 0
End delay calculation. (MEM=5487.36 CPU=0:00:17.3 REAL=0:00:03.0)
End delay calculation (fullDC). (MEM=5487.36 CPU=0:00:20.1 REAL=0:00:04.0)
*** Done Building Timing Graph (cpu=0:00:27.7 real=0:00:05.0 totSessionCpu=0:46:25 mem=5487.4M)
OPTC: user 20.0
[NR-eGR] Track table information for default rule: 
[NR-eGR] M1 has single uniform track structure
[NR-eGR] M2 has single uniform track structure
[NR-eGR] C1 has single uniform track structure
[NR-eGR] C2 has single uniform track structure
[NR-eGR] C3 has single uniform track structure
[NR-eGR] C4 has single uniform track structure
[NR-eGR] BA has single uniform track structure
[NR-eGR] BB has single uniform track structure
[NR-eGR] JA has single uniform track structure
[NR-eGR] JB has single uniform track structure
[NR-eGR] LB has single uniform track structure
[NR-eGR] Read 20 PG shapes
[NR-eGR] Read 0 clock shapes
[NR-eGR] Read 0 other shapes
[NR-eGR] #Routing Blockages  : 30
[NR-eGR] #Instance Blockages : 102469
[NR-eGR] #PG Blockages       : 20
[NR-eGR] #Halo Blockages     : 0
[NR-eGR] #Boundary Blockages : 0
[NR-eGR] #Clock Blockages    : 0
[NR-eGR] #Other Blockages    : 0
[NR-eGR] Num Prerouted Nets = 59  Num Prerouted Wires = 17661
[NR-eGR] Read 41299 nets ( ignored 59 )
[NR-eGR] ============ Routing rule table ============
[NR-eGR] Rule id: 0  Nets: 41240
[NR-eGR] ========================================
[NR-eGR] 
[NR-eGR] Layer group 1: route 41240 net(s) in layer range [2, 11]
[NR-eGR] Early Global Route overflow of layer group 1: 0.91% H + 0.52% V. EstWL: 5.675584e+05um
[NR-eGR] Congestion Analysis By layer: (blocked Gcells are excluded) 
[NR-eGR]                        OverCon           OverCon           OverCon            
[NR-eGR]                         #Gcell            #Gcell            #Gcell     %Gcell
[NR-eGR]        Layer             (1-4)             (5-8)               (9)    OverCon
[NR-eGR] --------------------------------------------------------------------------------
[NR-eGR]      M1 ( 1)         0( 0.00%)         0( 0.00%)         0( 0.00%)   ( 0.00%) 
[NR-eGR]      M2 ( 2)      1645( 1.68%)         0( 0.00%)         0( 0.00%)   ( 1.68%) 
[NR-eGR]      C1 ( 3)      1692( 1.73%)         1( 0.00%)         0( 0.00%)   ( 1.73%) 
[NR-eGR]      C2 ( 4)       129( 0.13%)         7( 0.01%)         0( 0.00%)   ( 0.14%) 
[NR-eGR]      C3 ( 5)       317( 0.32%)         3( 0.00%)         0( 0.00%)   ( 0.33%) 
[NR-eGR]      C4 ( 6)       152( 0.16%)        18( 0.02%)         2( 0.00%)   ( 0.18%) 
[NR-eGR]      BA ( 7)        77( 0.08%)         2( 0.00%)         0( 0.00%)   ( 0.08%) 
[NR-eGR]      BB ( 8)        40( 0.04%)        16( 0.02%)         0( 0.00%)   ( 0.06%) 
[NR-eGR]      JA ( 9)         0( 0.00%)         0( 0.00%)         0( 0.00%)   ( 0.00%) 
[NR-eGR]      JB (10)         0( 0.00%)         0( 0.00%)         0( 0.00%)   ( 0.00%) 
[NR-eGR]      LB (11)         0( 0.00%)         0( 0.00%)         0( 0.00%)   ( 0.00%) 
[NR-eGR] --------------------------------------------------------------------------------
[NR-eGR]        Total      4052( 0.54%)        47( 0.01%)         2( 0.00%)   ( 0.54%) 
[NR-eGR] 
[NR-eGR] Overflow after Early Global Route 0.10% H + 0.15% V
[NR-eGR] Finished Early Global Route kernel ( CPU: 4.24 sec, Real: 1.84 sec, Curr Mem: 5519.36 MB )
[hotspot] +------------+---------------+---------------+
[hotspot] |            |   max hotspot | total hotspot |
[hotspot] +------------+---------------+---------------+
[hotspot] | normalized |          7.61 |         19.28 |
[hotspot] +------------+---------------+---------------+
Local HotSpot Analysis: normalized max congestion hotspot area = 7.61, normalized total congestion hotspot area = 19.28 (area is in unit of 4 std-cell row bins)
[hotspot] top 5 congestion hotspot bounding boxes and scores of normalized hotspot
[hotspot] +-----+-------------------------------------+---------------+
[hotspot] | top |            hotspot bbox             | hotspot score |
[hotspot] +-----+-------------------------------------+---------------+
[hotspot] |  1  |   102.40     0.00   112.64    10.24 |        3.67   |
[hotspot] +-----+-------------------------------------+---------------+
[hotspot] |  2  |    87.04     0.00    97.28    10.24 |        3.02   |
[hotspot] +-----+-------------------------------------+---------------+
[hotspot] |  3  |   112.64     0.00   122.88    10.24 |        1.84   |
[hotspot] +-----+-------------------------------------+---------------+
[hotspot] |  4  |     0.00    92.16    10.24   102.40 |        0.79   |
[hotspot] +-----+-------------------------------------+---------------+
[hotspot] |  5  |    66.56     0.00    76.80    10.24 |        0.52   |
[hotspot] +-----+-------------------------------------+---------------+
[hotspot] Hotspot report including placement blocked areas
[hotspot] +------------+---------------+---------------+
[hotspot] |            |   max hotspot | total hotspot |
[hotspot] +------------+---------------+---------------+
[hotspot] | normalized |         18.10 |         39.08 |
[hotspot] +------------+---------------+---------------+
Local HotSpot Analysis (blockage included): normalized max congestion hotspot area = 18.10, normalized total congestion hotspot area = 39.08 (area is in unit of 4 std-cell row bins)
[hotspot] top 5 congestion hotspot bounding boxes and scores of normalized hotspot
[hotspot] +-----+-------------------------------------+---------------+
[hotspot] | top |            hotspot bbox             | hotspot score |
[hotspot] +-----+-------------------------------------+---------------+
[hotspot] |  1  |   194.56    92.16   200.32   107.52 |       11.97   |
[hotspot] +-----+-------------------------------------+---------------+
[hotspot] |  2  |   102.40     0.00   112.64    10.24 |        3.67   |
[hotspot] +-----+-------------------------------------+---------------+
[hotspot] |  3  |    81.92   194.56    92.16   200.32 |        3.67   |
[hotspot] +-----+-------------------------------------+---------------+
[hotspot] |  4  |   102.40   194.56   112.64   200.32 |        3.41   |
[hotspot] +-----+-------------------------------------+---------------+
[hotspot] |  5  |    87.04     0.00    97.28    10.24 |        3.02   |
[hotspot] +-----+-------------------------------------+---------------+
Reported timing to dir ./timingReports
**opt_design ... cpu = 0:12:42, real = 0:04:23, mem = 3317.6M, totSessionCpu=0:46:29 **


------------------------------------------------------------------
     opt_design Final Summary
------------------------------------------------------------------

Setup views included:
 AVF_RCWORST 

+--------------------+---------+---------+---------+
|     Setup mode     |   all   | reg2reg | default |
+--------------------+---------+---------+---------+
|           WNS (ns):| -0.065  |  1.292  | -0.065  |
|           TNS (ns):| -0.558  |  0.000  | -0.558  |
|    Violating Paths:|   10    |    0    |   10    |
|          All Paths:|  5618   |  4770   |  3905   |
+--------------------+---------+---------+---------+

+----------------+-------------------------------+------------------+
|                |              Real             |       Total      |
|    DRVs        +------------------+------------+------------------|
|                |  Nr nets(terms)  | Worst Vio  |  Nr nets(terms)  |
+----------------+------------------+------------+------------------+
|   max_cap      |      0 (0)       |   0.000    |      0 (0)       |
|   max_tran     |      0 (0)       |   0.000    |      0 (0)       |
|   max_fanout   |      0 (0)       |     0      |      0 (0)       |
|   max_length   |      0 (0)       |     0      |      0 (0)       |
+----------------+------------------+------------+------------------+


Density: 57.831%
Routing Overflow: 0.10% H and 0.15% V
------------------------------------------------------------------

**opt_design ... cpu = 0:12:49, real = 0:04:27, mem = 3319.0M, totSessionCpu=0:46:37 **
*** Finished opt_design ***
      flow.cputime  flow.realtime  timing.setup.tns  timing.setup.wns  snapshot
UM:*                                      -0.558 ns         -0.065 ns  final
UM: Running design category ...
------------------------------------------------------------
	Current design flip-flop statistics

Single-Bit FF Count          :         5064
Multi-Bit FF Count           :            0
Total Bit Count              :         5064
Total FF Count               :         5064
Bits Per Flop                :        1.000
Total Clock Pin Cap(FF)      :     3125.393
Multibit Conversion Ratio(%) :         0.00
------------------------------------------------------------
------------------------------------------------------------
            Multi-bit cell usage statistics

------------------------------------------------------------
============================================================
Sequential Multibit cells usage statistics
------------------------------------------------------------
            Not Merged-bits         Merged-bits     Multibit Conversion %     Bits Per Flop
------------------------------------------------------------
-FlipFlops             5064                    0        0.00                    1.00
------------------------------------------------------------

------------------------------------------------------------
Seq_Mbit libcell              Bitwidth        Count
------------------------------------------------------------
Total 0
============================================================
------------------------------------------------------------
Category            Num of Insts Rejected     Reasons
------------------------------------------------------------
------------------------------------------------------------
      flow.cputime  flow.realtime  timing.setup.tns  timing.setup.wns  snapshot
UM:         771.51            270         -0.558 ns         -0.065 ns  opt_design_postcts
Info: Destroy the CCOpt slew target map.
Set place::cacheFPlanSiteMark to 0
(ccopt_design): dumping clock statistics to metric
Clock tree timing engine global stage delay update for WC_dc:setup.early...
Clock tree timing engine global stage delay update for WC_dc:setup.early done. (took cpu=0:00:00.4 real=0:00:00.1)
Clock tree timing engine global stage delay update for WC_dc:setup.late...
Clock tree timing engine global stage delay update for WC_dc:setup.late done. (took cpu=0:00:00.1 real=0:00:00.0)
Clock tree timing engine global stage delay update for BC_dc:hold.early...
Clock tree timing engine global stage delay update for BC_dc:hold.early done. (took cpu=0:00:00.1 real=0:00:00.0)
Clock tree timing engine global stage delay update for BC_dc:hold.late...
Clock tree timing engine global stage delay update for BC_dc:hold.late done. (took cpu=0:00:00.1 real=0:00:00.0)
Clock tree timing engine global stage delay update for TC_dc:hold.early...
Clock tree timing engine global stage delay update for TC_dc:hold.early done. (took cpu=0:00:00.1 real=0:00:00.0)
Clock tree timing engine global stage delay update for TC_dc:hold.late...
Clock tree timing engine global stage delay update for TC_dc:hold.late done. (took cpu=0:00:00.1 real=0:00:00.0)
UM: Running design category ...
------------------------------------------------------------
	Current design flip-flop statistics

Single-Bit FF Count          :         5064
Multi-Bit FF Count           :            0
Total Bit Count              :         5064
Total FF Count               :         5064
Bits Per Flop                :        1.000
Total Clock Pin Cap(FF)      :     3125.393
Multibit Conversion Ratio(%) :         0.00
------------------------------------------------------------
------------------------------------------------------------
            Multi-bit cell usage statistics

------------------------------------------------------------
============================================================
Sequential Multibit cells usage statistics
------------------------------------------------------------
            Not Merged-bits         Merged-bits     Multibit Conversion %     Bits Per Flop
------------------------------------------------------------
-FlipFlops             5064                    0        0.00                    1.00
------------------------------------------------------------

------------------------------------------------------------
Seq_Mbit libcell              Bitwidth        Count
------------------------------------------------------------
Total 0
============================================================
------------------------------------------------------------
Category            Num of Insts Rejected     Reasons
------------------------------------------------------------
------------------------------------------------------------
      flow.cputime  flow.realtime  timing.setup.tns  timing.setup.wns  snapshot
UM:        1093.66            399         -0.558 ns         -0.065 ns  ccopt_design

*** Summary of all messages that are not suppressed in this session:
Severity  ID               Count  Summary                                  
WARNING   IMPDBTCL-321         8  The attribute '%s' still works but will ...
WARNING   IMPEXT-3530          5  The process node is not set. Use the com...
WARNING   IMPSP-5140           9  Global net connect rules have not been c...
WARNING   IMPSP-315            9  Found %d instances insts with no PG Term...
WARNING   IMPSP-9025           1  No scan chain specified/traced.          
WARNING   IMPSP-2041           2  Found %d fixed insts that could not be c...
WARNING   IMPCCOPT-1127        2  The skew group %s has been identified as...
WARNING   IMPTCM-77            2  Option "%s" for command %s is obsolete a...
*** Message Summary: 38 warning(s), 0 error(s)

*** ccopt_design #1 [finish] : cpu/real = 0:18:26.7/0:06:51.7 (2.7), totSession cpu/real = 0:46:43.5/0:14:27.7 (3.2), mem = 5520.3M
#% End ccopt_design (date=01/03 09:33:42, total cpu=0:18:27, real=0:06:51, peak res=3779.0M, current mem=3228.6M)
@@file 8: route_design
#% Begin route_design (date=01/03 09:33:42, mem=3228.6M)
#route_design: cpu time = 00:00:00, elapsed time = 00:00:00, memory = 3228.60 (MB), peak = 3778.98 (MB)
AAE_INFO: Pre Route call back at the beginning of routeDesign
#**INFO: setDesignMode -flowEffort standard
#**INFO: setDesignMode -powerEffort none
**INFO: User settings:
delaycal_default_net_delay                                   1000ps
delaycal_default_net_load                                    0.5pf
delaycal_enable_high_fanout                                  true
delaycal_ignore_net_load                                     false
delaycal_input_transition_delay                              0.1ps
delaycal_socv_accuracy_mode                                  low
delaycal_use_default_delay_limit                             1000
setAnalysisMode -cts                                         postCTS
setAnalysisMode -virtualIPO                                  false
setDelayCalMode -engine                                      aae
extract_rc_engine                                            pre_route
route_design_extract_third_party_compatible                  false
route_design_global_exp_timing_driven_std_delay              10.6
setActiveLogicViewMode -keepHighFanoutCriticalInsts          false
getAnalysisMode -cts                                         postCTS
getAnalysisMode -virtualIPO                                  false
getDelayCalMode -engine                                      aae
getIlmMode -keepHighFanoutCriticalInsts                      false
get_power_analysis_mode -report_power_quiet                  false
getAnalysisMode -cts                                         postCTS
getAnalysisMode -virtualIPO                                  false
#**INFO: multi-cut via swapping will be performed after routing.
#**INFO: All auto set options tuned by route_design will be restored to their original settings on command completion.

**Info: (IMPSP-2062): Some of the PG shapes may not be colorized properly in this design, users are required to run command colorizePowerMesh before any placement related commands!
Begin checking placement ... (start mem=5149.3M, init mem=5149.3M)
*info: Placed = 38919          (Fixed = 58)
*info: Unplaced = 0           
Placement Density:57.83%(23169/40062)
Placement Density (including fixed std cells):57.83%(23169/40062)
Finished check_place (total: cpu=0:00:00.9, real=0:00:00.0; vio checks: cpu=0:00:00.7, real=0:00:00.0; mem=5117.3M)

changeUseClockNetStatus Option :  -noFixedNetWires 
*** Changed status on (59) nets in Clock.
*** End changeUseClockNetStatus (cpu=0:00:00.0, real=0:00:00.0, mem=5117.3M) ***
#Start route 59 clock and analog nets...

route_global_detail

#Start route_global_detail on Sat Jan  3 09:33:50 2026
#
Skipped RC grid update for preRoute extraction.
Initializing multi-corner resistance tables ...
#WARNING (NRIG-1303) The congestion map does not match the GCELL grid. Clearing the map.
#num needed restored net=42534
#need_extraction net=0 (total=42593)
#WARNING (NRDB-2005) SPECIAL_NET VSS has special wires but no definitions for instance pins or top level pins. This will cause routability problems later.
#WARNING (NRDB-2005) SPECIAL_NET VSS has special wires but no definitions for instance pins or top level pins. This will cause routability problems later.
#NanoRoute Version 21.19-s058_1 NR231113-0413/21_19-UB
#Skip comparing routing design signature in db-snapshot flow
#Total number of trivial nets (e.g. < 2 pins) = 1294 (skipped).
#Total number of nets with skipped attribute = 41240 (skipped).
#Total number of routable nets = 59.
#Total number of nets in the design = 42593.
#47 routable nets do not have any wires.
#12 routable nets have routed wires.
#41240 skipped nets have only detail routed wires.
#47 nets will be global routed.
#47 global routed or unrouted (routable) nets have been constrained (e.g. have preferred extra spacing, require shielding etc.)
#12 detail routed (routable) nets have been constrained (e.g. have preferred extra spacing, require shielding etc.)
#Using multithreading with 8 threads.
#Start routing data preparation on Sat Jan  3 09:33:52 2026
#
#Minimum voltage of a net in the design = 0.000.
#Maximum voltage of a net in the design = 0.800.
#Voltage range [0.000 - 0.800] has 42560 nets.
#Voltage range [0.000 - 0.000] has 32 nets.
#Voltage range [0.720 - 0.800] has 1 net.
#Build and mark too close pins for the same net.
#Rebuild pin access data for design.
#Rebuild pin access data for missing cell.
#Initial pin access analysis.
#Detail pin access analysis.
# M1           V   Track-Pitch = 0.10400    Line-2-Via Pitch = 0.08000
# M2           H   Track-Pitch = 0.08000    Line-2-Via Pitch = 0.08000
# C1           V   Track-Pitch = 0.09000    Line-2-Via Pitch = 0.09000
# C2           H   Track-Pitch = 0.09000    Line-2-Via Pitch = 0.09000
# C3           V   Track-Pitch = 0.09000    Line-2-Via Pitch = 0.09000
# C4           H   Track-Pitch = 0.09000    Line-2-Via Pitch = 0.09000
# BA           V   Track-Pitch = 0.18000    Line-2-Via Pitch = 0.18000
# BB           H   Track-Pitch = 0.18000    Line-2-Via Pitch = 0.18000
# JA           V   Track-Pitch = 0.90000    Line-2-Via Pitch = 0.90000
# JB           H   Track-Pitch = 0.90000    Line-2-Via Pitch = 0.90000
# LB           V   Track-Pitch = 3.60000    Line-2-Via Pitch = 4.50000
#WARNING (NRAG-44) Track pitch is too small compared with line-2-via pitch.
#Bottom routing layer index=1(M1), bottom routing layer for shielding=3(C1), bottom shield layer=3(C1)
#shield_bottom_stripe_layer=3(C1), shield_top_stripe_layer=11(LB)
#pin_access_rlayer=2(M2)
#shield_top_dpt_rlayer=2 top_rlayer=11 top_trim_metal_rlayer=-1 rlayer_lowest=3 bottom_rlayer=1
#enable_trim_layer_shield=F enable_dpt_layer_shield=F has_line_end_grid=F
#cpu time = 00:00:00, elapsed time = 00:00:00, memory = 3300.11 (MB), peak = 3778.98 (MB)
#Regenerating Ggrids automatically.
#Auto generating G-grids with size=15 tracks, using layer C1's pitch = 0.09000.
#Using automatically generated G-grids.
#Done routing data preparation.
#cpu time = 00:02:25, elapsed time = 00:00:23, memory = 3319.70 (MB), peak = 3778.98 (MB)
#Minimum voltage of a net in the design = 0.000.
#Maximum voltage of a net in the design = 0.800.
#Voltage range [0.000 - 0.800] has 42560 nets.
#Voltage range [0.000 - 0.000] has 32 nets.
#Voltage range [0.720 - 0.800] has 1 net.
#Start instance access analysis using 8 threads...
#Set layer M1 to be advanced pin access layer.
#0 instance pins are hard to access
#Instance access analysis statistics:
#Cpu time = 00:00:04
#Elapsed time = 00:00:01
#Increased memory = 17.34 (MB)
#Total memory = 3337.04 (MB)
#Peak memory = 3778.98 (MB)
#
#Finished routing data preparation on Sat Jan  3 09:34:16 2026
#
#Cpu time = 00:02:29
#Elapsed time = 00:00:24
#Increased memory = 99.50 (MB)
#Total memory = 3337.04 (MB)
#Peak memory = 3778.98 (MB)
#
#
#Start global routing on Sat Jan  3 09:34:16 2026
#
#
#Start global routing initialization on Sat Jan  3 09:34:16 2026
#
#Number of eco nets is 47
#
#Start global routing data preparation on Sat Jan  3 09:34:16 2026
#
#Start routing resource analysis on Sat Jan  3 09:34:16 2026
#
#Routing resource analysis is done on Sat Jan  3 09:34:16 2026
#
#  Resource Analysis:
#
#               Routing  #Avail      #Track     #Total     %Gcell
#  Layer      Direction   Track     Blocked      Gcell    Blocked
#  --------------------------------------------------------------
#  M1             V           0        1923       21904   100.00%
#  M2             H        1701         803       21904     0.00%
#  C1             V        2210          12       21904     0.00%
#  C2             H        2219           7       21904     0.00%
#  C3             V        2218           4       21904     0.00%
#  C4             H        2224           2       21904     0.00%
#  BA             V        1109           2       21904     0.00%
#  BB             H        1112           1       21904     0.00%
#  JA             V         221           1       21904     0.12%
#  JB             H           0         223       21904   100.00%
#  LB             V           0          56       21904   100.00%
#  --------------------------------------------------------------
#  Total                  13016      30.35%      240944    27.28%
#
#  59 nets (0.14%) with 1 preferred extra spacing.
#
#
#
#Global routing data preparation is done on Sat Jan  3 09:34:16 2026
#
#cpu time = 00:00:01, elapsed time = 00:00:00, memory = 3342.41 (MB), peak = 3778.98 (MB)
#
#
#Global routing initialization is done on Sat Jan  3 09:34:16 2026
#
#cpu time = 00:00:01, elapsed time = 00:00:00, memory = 3344.70 (MB), peak = 3778.98 (MB)
#
#start global routing iteration 1...
#cpu time = 00:00:01, elapsed time = 00:00:01, memory = 3363.51 (MB), peak = 3778.98 (MB)
#
#start global routing iteration 2...
#cpu time = 00:00:00, elapsed time = 00:00:00, memory = 3355.08 (MB), peak = 3778.98 (MB)
#
#start global routing iteration 3...
#cpu time = 00:00:00, elapsed time = 00:00:00, memory = 3355.08 (MB), peak = 3778.98 (MB)
#
#
#Total number of trivial nets (e.g. < 2 pins) = 1294 (skipped).
#Total number of nets with skipped attribute = 41240 (skipped).
#Total number of routable nets = 59.
#Total number of nets in the design = 42593.
#
#59 routable nets have routed wires.
#41240 skipped nets have only detail routed wires.
#47 global routed or unrouted (routable) nets have been constrained (e.g. have preferred extra spacing, require shielding etc.)
#12 detail routed (routable) nets have been constrained (e.g. have preferred extra spacing, require shielding etc.)
#
#Routed net constraints summary:
#------------------------------------------------
#        Rules   Pref Extra Space   Unconstrained  
#------------------------------------------------
#      Default                 47               0  
#------------------------------------------------
#        Total                 47               0  
#------------------------------------------------
#
#Routing constraints summary of the whole design:
#------------------------------------------------
#        Rules   Pref Extra Space   Unconstrained  
#------------------------------------------------
#      Default                 59           41240  
#------------------------------------------------
#        Total                 59           41240  
#------------------------------------------------
#
#
#  Congestion Analysis: (blocked Gcells are excluded)
#
#                 OverCon          
#                  #Gcell    %Gcell
#     Layer           (1)   OverCon
#  --------------------------------
#  M2            0(0.00%)   (0.00%)
#  C1            0(0.00%)   (0.00%)
#  C2            0(0.00%)   (0.00%)
#  C3            0(0.00%)   (0.00%)
#  C4            0(0.00%)   (0.00%)
#  BA            0(0.00%)   (0.00%)
#  BB            0(0.00%)   (0.00%)
#  JA            0(0.00%)   (0.00%)
#  --------------------------------
#     Total      0(0.00%)   (0.00%)
#
#  The worst congested Gcell overcon (routing demand over resource in number of tracks) = 1
#  Overflow after GR: 0.00% H + 0.00% V
#
#Complete Global Routing.
#Total number of nets with non-default rule or having extra spacing = 59
#Total wire length = 10991 um.
#Total half perimeter of net bounding box = 3624 um.
#Total wire length on LAYER M1 = 0 um.
#Total wire length on LAYER M2 = 184 um.
#Total wire length on LAYER C1 = 5707 um.
#Total wire length on LAYER C2 = 4822 um.
#Total wire length on LAYER C3 = 278 um.
#Total wire length on LAYER C4 = 0 um.
#Total wire length on LAYER BA = 0 um.
#Total wire length on LAYER BB = 0 um.
#Total wire length on LAYER JA = 0 um.
#Total wire length on LAYER JB = 0 um.
#Total wire length on LAYER LB = 0 um.
#Total number of vias = 10579
#Up-Via Summary (total 10579):
#           
#-----------------------
# M1                321
# M2               5159
# C1               4930
# C2                169
#-----------------------
#                 10579 
#
#Total number of involved priority nets 47
#Maximum src to sink distance for priority net 69.7
#Average of max src_to_sink distance for priority net 45.9
#Average of ave src_to_sink distance for priority net 23.9
#Max overcon = 0 track.
#Total overcon = 0.00%.
#Worst layer Gcell overcon rate = 0.00%.
#
#Global routing statistics:
#Cpu time = 00:00:03
#Elapsed time = 00:00:02
#Increased memory = 15.46 (MB)
#Total memory = 3352.50 (MB)
#Peak memory = 3778.98 (MB)
#
#Finished global routing on Sat Jan  3 09:34:18 2026
#
#
#Minimum voltage of a net in the design = 0.000.
#Maximum voltage of a net in the design = 0.800.
#Voltage range [0.000 - 0.800] has 42560 nets.
#Voltage range [0.000 - 0.000] has 32 nets.
#Voltage range [0.720 - 0.800] has 1 net.
#Minimum voltage of a net in the design = 0.000.
#Maximum voltage of a net in the design = 0.800.
#Voltage range [0.000 - 0.800] has 42560 nets.
#Voltage range [0.000 - 0.000] has 32 nets.
#Voltage range [0.720 - 0.800] has 1 net.
#cpu time = 00:00:00, elapsed time = 00:00:00, memory = 3349.01 (MB), peak = 3778.98 (MB)
#Minimum voltage of a net in the design = 0.000.
#Maximum voltage of a net in the design = 0.800.
#Voltage range [0.000 - 0.800] has 42560 nets.
#Voltage range [0.000 - 0.000] has 32 nets.
#Voltage range [0.720 - 0.800] has 1 net.
#Start Track Assignment.
#Done with 40 horizontal wires in 5 hboxes and 60 vertical wires in 5 hboxes.
#Done with 0 horizontal wires in 5 hboxes and 0 vertical wires in 5 hboxes.
#Complete Track Assignment.
#Total number of nets with non-default rule or having extra spacing = 59
#Total wire length = 10988 um.
#Total half perimeter of net bounding box = 3624 um.
#Total wire length on LAYER M1 = 0 um.
#Total wire length on LAYER M2 = 184 um.
#Total wire length on LAYER C1 = 5706 um.
#Total wire length on LAYER C2 = 4820 um.
#Total wire length on LAYER C3 = 278 um.
#Total wire length on LAYER C4 = 0 um.
#Total wire length on LAYER BA = 0 um.
#Total wire length on LAYER BB = 0 um.
#Total wire length on LAYER JA = 0 um.
#Total wire length on LAYER JB = 0 um.
#Total wire length on LAYER LB = 0 um.
#Total number of vias = 10579
#Up-Via Summary (total 10579):
#           
#-----------------------
# M1                321
# M2               5159
# C1               4930
# C2                169
#-----------------------
#                 10579 
#
#cpu time = 00:00:02, elapsed time = 00:00:01, memory = 3347.19 (MB), peak = 3778.98 (MB)
#
#Routing data preparation, pin analysis, global routing and track assignment statistics:
#Cpu time = 00:02:34
#Elapsed time = 00:00:27
#Increased memory = 109.61 (MB)
#Total memory = 3347.08 (MB)
#Peak memory = 3778.98 (MB)
#Using multithreading with 8 threads.
#Minimum voltage of a net in the design = 0.000.
#Maximum voltage of a net in the design = 0.800.
#Voltage range [0.000 - 0.800] has 42560 nets.
#Voltage range [0.000 - 0.000] has 32 nets.
#Voltage range [0.720 - 0.800] has 1 net.
#Minimum voltage of a net in the design = 0.000.
#Maximum voltage of a net in the design = 0.800.
#Voltage range [0.000 - 0.800] has 42560 nets.
#Voltage range [0.000 - 0.000] has 32 nets.
#Voltage range [0.720 - 0.800] has 1 net.
#Minimum voltage of a net in the design = 0.000.
#Maximum voltage of a net in the design = 0.800.
#Voltage range [0.000 - 0.800] has 42560 nets.
#Voltage range [0.000 - 0.000] has 32 nets.
#Voltage range [0.720 - 0.800] has 1 net.
#Minimum voltage of a net in the design = 0.000.
#Maximum voltage of a net in the design = 0.800.
#Voltage range [0.000 - 0.800] has 42560 nets.
#Voltage range [0.000 - 0.000] has 32 nets.
#Voltage range [0.720 - 0.800] has 1 net.
#
#Start Detail Routing..
#start initial detail routing ...
# ECO: 58.24% of the total area was rechecked for DRC, and 25.12% required routing.
#   number of violations = 15
#
#    By Layer and Type :
#	         MetSpc   EOLSpc    Short    Color EOLColor   Totals
#	M1            0        0        0        0        0        0
#	M2            1        1        2        5        6       15
#	Totals        1        1        2        5        6       15
#20947 out of 38919 instances (53.8%) need to be verified(marked ipoed), dirty area = 28.4%.
#   number of violations = 15
#
#    By Layer and Type :
#	         MetSpc   EOLSpc    Short    Color EOLColor   Totals
#	M1            0        0        0        0        0        0
#	M2            1        1        2        5        6       15
#	Totals        1        1        2        5        6       15
#cpu time = 00:01:28, elapsed time = 00:00:11, memory = 3371.80 (MB), peak = 3778.98 (MB)
#start 1st optimization iteration ...
#   number of violations = 0
#cpu time = 00:00:01, elapsed time = 00:00:00, memory = 3372.10 (MB), peak = 3778.98 (MB)
#Complete Detail Routing.
#Total number of nets with non-default rule or having extra spacing = 59
#Total wire length = 11029 um.
#Total half perimeter of net bounding box = 3624 um.
#Total wire length on LAYER M1 = 0 um.
#Total wire length on LAYER M2 = 199 um.
#Total wire length on LAYER C1 = 5705 um.
#Total wire length on LAYER C2 = 4847 um.
#Total wire length on LAYER C3 = 278 um.
#Total wire length on LAYER C4 = 0 um.
#Total wire length on LAYER BA = 0 um.
#Total wire length on LAYER BB = 0 um.
#Total wire length on LAYER JA = 0 um.
#Total wire length on LAYER JB = 0 um.
#Total wire length on LAYER LB = 0 um.
#Total number of vias = 10768
#Up-Via Summary (total 10768):
#           
#-----------------------
# M1                322
# M2               5182
# C1               5095
# C2                169
#-----------------------
#                 10768 
#
#Total number of DRC violations = 0
#Cpu time = 00:01:30
#Elapsed time = 00:00:12
#Increased memory = 25.02 (MB)
#Total memory = 3372.10 (MB)
#Peak memory = 3778.98 (MB)
#route_detail Statistics:
#Cpu time = 00:01:30
#Elapsed time = 00:00:12
#Increased memory = 25.09 (MB)
#Total memory = 3372.17 (MB)
#Peak memory = 3778.98 (MB)
#Skip updating routing design signature in db-snapshot flow
#
#route_global_detail statistics:
#Cpu time = 00:04:08
#Elapsed time = 00:00:42
#Increased memory = -6.38 (MB)
#Total memory = 3223.47 (MB)
#Peak memory = 3778.98 (MB)
#Number of warnings = 4
#Total number of warnings = 21
#Number of fails = 0
#Total number of fails = 0
#Complete route_global_detail on Sat Jan  3 09:34:32 2026
#
#**INFO: auto set of droutePostRouteSwapVia to multiCut

route_global_detail

#Start route_global_detail on Sat Jan  3 09:34:32 2026
#
#Generating timing data, please wait...
#41316 total nets, 59 already routed, 59 will ignore in trialRoute
**WARN: (IMPEXT-3530):	The process node is not set. Use the command set_design_mode -process <process node> prior to extraction for maximum accuracy and optimal automatic threshold setting.
#View pruning: cpu time = 00:00:00, elapsed time = 00:00:00, memory = 3046.77 (MB), peak = 3778.98 (MB)
#Reporting timing...
###############################################################
#  Generated by:      Cadence Innovus 21.19-s058_1
#  OS:                Linux x86_64(Host ID il2225ht25_jcdavid)
#  Generated on:      Sat Jan  3 09:34:45 2026
#  Design:            Silago_top
#  Command:           route_design
###############################################################
#Normalized TNS: -0.612 -> -0.031, r2r 0.000 -> 0.000, unit 1.000, clk period 20.000 (ns)
#Stage 1: cpu time = 00:00:36, elapsed time = 00:00:09, memory = 2859.83 (MB), peak = 3778.98 (MB)
#Library Standard Delay: 10.60ps
#Slack threshold: 21.20ps
#*** Analyzed 0 timing critical paths, and collected 0.
#Stage 2: cpu time = 00:00:03, elapsed time = 00:00:01, memory = 2860.44 (MB), peak = 3778.98 (MB)
#Stage 3: cpu time = 00:00:04, elapsed time = 00:00:04, memory = 3118.99 (MB), peak = 3778.98 (MB)
#Default setup view is reset to AVF_RCWORST.
#Stage 4: cpu time = 00:00:00, elapsed time = 00:00:00, memory = 3118.99 (MB), peak = 3778.98 (MB)
#Current view: AVF_RCWORST 
#Current enabled view: AVF_RCWORST 
#Generating timing data took: cpu time = 00:00:50, elapsed time = 00:00:17, memory = 3116.30 (MB), peak = 3778.98 (MB)
#Done generating timing data.
#WARNING (NRIG-1303) The congestion map does not match the GCELL grid. Clearing the map.
#num needed restored net=0
#need_extraction net=0 (total=42593)
#WARNING (NRDB-2005) SPECIAL_NET VSS has special wires but no definitions for instance pins or top level pins. This will cause routability problems later.
#WARNING (NRDB-2005) SPECIAL_NET VSS has special wires but no definitions for instance pins or top level pins. This will cause routability problems later.
#NanoRoute Version 21.19-s058_1 NR231113-0413/21_19-UB
#Start routing data preparation on Sat Jan  3 09:34:53 2026
#
#Minimum voltage of a net in the design = 0.000.
#Maximum voltage of a net in the design = 0.800.
#Voltage range [0.000 - 0.800] has 42560 nets.
#Voltage range [0.000 - 0.000] has 32 nets.
#Voltage range [0.720 - 0.800] has 1 net.
#Build and mark too close pins for the same net.
#Initial pin access analysis.
#Detail pin access analysis.
# M1           V   Track-Pitch = 0.10400    Line-2-Via Pitch = 0.08000
# M2           H   Track-Pitch = 0.08000    Line-2-Via Pitch = 0.08000
# C1           V   Track-Pitch = 0.09000    Line-2-Via Pitch = 0.09000
# C2           H   Track-Pitch = 0.09000    Line-2-Via Pitch = 0.09000
# C3           V   Track-Pitch = 0.09000    Line-2-Via Pitch = 0.09000
# C4           H   Track-Pitch = 0.09000    Line-2-Via Pitch = 0.09000
# BA           V   Track-Pitch = 0.18000    Line-2-Via Pitch = 0.18000
# BB           H   Track-Pitch = 0.18000    Line-2-Via Pitch = 0.18000
# JA           V   Track-Pitch = 0.90000    Line-2-Via Pitch = 0.90000
# JB           H   Track-Pitch = 0.90000    Line-2-Via Pitch = 0.90000
# LB           V   Track-Pitch = 3.60000    Line-2-Via Pitch = 4.50000
#WARNING (NRAG-44) Track pitch is too small compared with line-2-via pitch.
#Bottom routing layer index=1(M1), bottom routing layer for shielding=3(C1), bottom shield layer=3(C1)
#shield_bottom_stripe_layer=3(C1), shield_top_stripe_layer=11(LB)
#pin_access_rlayer=2(M2)
#shield_top_dpt_rlayer=2 top_rlayer=11 top_trim_metal_rlayer=-1 rlayer_lowest=3 bottom_rlayer=1
#enable_trim_layer_shield=F enable_dpt_layer_shield=F has_line_end_grid=F
#cpu time = 00:00:00, elapsed time = 00:00:00, memory = 3126.70 (MB), peak = 3778.98 (MB)
#Regenerating Ggrids automatically.
#Auto generating G-grids with size=15 tracks, using layer C1's pitch = 0.09000.
#Using automatically generated G-grids.
#Done routing data preparation.
#cpu time = 00:00:04, elapsed time = 00:00:04, memory = 3131.26 (MB), peak = 3778.98 (MB)
#Start instance access analysis using 8 threads...
#Set layer M1 to be advanced pin access layer.
#0 instance pins are hard to access
#Instance access analysis statistics:
#Cpu time = 00:00:03
#Elapsed time = 00:00:01
#Increased memory = 2.01 (MB)
#Total memory = 3133.27 (MB)
#Peak memory = 3778.98 (MB)
#
#Summary of active signal nets routing constraints set by OPT:
#	preferred routing layers      : 0
#	preferred routing layer effort: 0
#	preferred extra space         : 0
#	preferred multi-cut via       : 0
#	avoid detour                  : 0
#	expansion ratio               : 0
#	net priority                  : 0
#	s2s control                   : 0
#	avoid chaining                : 0
#	inst-based stacking via       : 0
#
#Summary of active signal nets routing constraints set by USER:
#	preferred routing layers      : 0
#	preferred routing layer effort     : 0
#	preferred extra space              : 0
#	preferred multi-cut via            : 0
#	avoid detour                       : 0
#	net weight                         : 0
#	avoid chaining                     : 0
#	cell-based stacking via (required) : 0
#	cell-based stacking via (optional) : 0
#
#Start timing driven prevention iteration...
#
#----------------------------------------------------
# Summary of active signal nets routing constraints
#+--------------------------+-----------+
#+--------------------------+-----------+
#
#----------------------------------------------------
#Done timing-driven prevention
#cpu time = 00:00:00, elapsed time = 00:00:00, memory = 3135.89 (MB), peak = 3778.98 (MB)
#Total number of trivial nets (e.g. < 2 pins) = 1294 (skipped).
#Total number of routable nets = 41299.
#Total number of nets in the design = 42593.
#41240 routable nets do not have any wires.
#59 routable nets have routed wires.
#41240 nets will be global routed.
#59 detail routed (routable) nets have been constrained (e.g. have preferred extra spacing, require shielding etc.)
#Using multithreading with 8 threads.
#Minimum voltage of a net in the design = 0.000.
#Maximum voltage of a net in the design = 0.800.
#Voltage range [0.000 - 0.800] has 42560 nets.
#Voltage range [0.000 - 0.000] has 32 nets.
#Voltage range [0.720 - 0.800] has 1 net.
#Minimum voltage of a net in the design = 0.000.
#Maximum voltage of a net in the design = 0.800.
#Voltage range [0.000 - 0.800] has 42560 nets.
#Voltage range [0.000 - 0.000] has 32 nets.
#Voltage range [0.720 - 0.800] has 1 net.
#
#Finished routing data preparation on Sat Jan  3 09:34:59 2026
#
#Cpu time = 00:00:00
#Elapsed time = 00:00:00
#Increased memory = 0.26 (MB)
#Total memory = 3136.57 (MB)
#Peak memory = 3778.98 (MB)
#
#
#Start global routing on Sat Jan  3 09:34:59 2026
#
#
#Start global routing initialization on Sat Jan  3 09:34:59 2026
#
#Number of eco nets is 0
#
#Start global routing data preparation on Sat Jan  3 09:34:59 2026
#
#Start routing resource analysis on Sat Jan  3 09:34:59 2026
#
#Routing resource analysis is done on Sat Jan  3 09:34:59 2026
#
#  Resource Analysis:
#
#               Routing  #Avail      #Track     #Total     %Gcell
#  Layer      Direction   Track     Blocked      Gcell    Blocked
#  --------------------------------------------------------------
#  M1             V           0        1923       21904   100.00%
#  M2             H        1700         804       21904     0.00%
#  C1             V        2159          63       21904     0.00%
#  C2             H        2188          38       21904     0.00%
#  C3             V        2216           6       21904     0.00%
#  C4             H        2224           2       21904     0.00%
#  BA             V        1109           2       21904     0.00%
#  BB             H        1112           1       21904     0.00%
#  JA             V         221           1       21904     0.12%
#  JB             H           0         223       21904   100.00%
#  LB             V           0          56       21904   100.00%
#  --------------------------------------------------------------
#  Total                  12931      30.69%      240944    27.28%
#
#  59 nets (0.14%) with 1 preferred extra spacing.
#
#
#
#Global routing data preparation is done on Sat Jan  3 09:34:59 2026
#
#cpu time = 00:00:01, elapsed time = 00:00:00, memory = 3143.72 (MB), peak = 3778.98 (MB)
#
#
#Global routing initialization is done on Sat Jan  3 09:34:59 2026
#
#cpu time = 00:00:01, elapsed time = 00:00:00, memory = 3143.72 (MB), peak = 3778.98 (MB)
#
#Skip 1/3 round for no nets in the round...
#Skip 2/3 round for no nets in the round...
#Route nets in 3/3 round...
#start global routing iteration 1...
#cpu time = 00:01:50, elapsed time = 00:01:50, memory = 3223.76 (MB), peak = 3778.98 (MB)
#
#start global routing iteration 2...
#cpu time = 00:00:25, elapsed time = 00:00:25, memory = 3221.16 (MB), peak = 3778.98 (MB)
#
#
#Total number of trivial nets (e.g. < 2 pins) = 1294 (skipped).
#Total number of routable nets = 41299.
#Total number of nets in the design = 42593.
#
#41299 routable nets have routed wires.
#59 detail routed (routable) nets have been constrained (e.g. have preferred extra spacing, require shielding etc.)
#
#Routed nets constraints summary:
#-----------------------------
#        Rules   Unconstrained  
#-----------------------------
#      Default           41239  
#-----------------------------
#        Total           41239  
#-----------------------------
#
#Routing constraints summary of the whole design:
#------------------------------------------------
#        Rules   Pref Extra Space   Unconstrained  
#------------------------------------------------
#      Default                 59           41240  
#------------------------------------------------
#        Total                 59           41240  
#------------------------------------------------
#
#
#  Congestion Analysis: (blocked Gcells are excluded)
#
#                 OverCon       OverCon       OverCon       OverCon          
#                  #Gcell        #Gcell        #Gcell        #Gcell    %Gcell
#     Layer         (1-2)         (3-4)         (5-6)         (7-9)   OverCon
#  --------------------------------------------------------------------------
#  M2           92(0.42%)     14(0.06%)      0(0.00%)      0(0.00%)   (0.48%)
#  C1           32(0.15%)      5(0.02%)      0(0.00%)      2(0.01%)   (0.18%)
#  C2            1(0.00%)      0(0.00%)      0(0.00%)      0(0.00%)   (0.00%)
#  C3            3(0.01%)      0(0.00%)      0(0.00%)      0(0.00%)   (0.01%)
#  C4            0(0.00%)      0(0.00%)      0(0.00%)      0(0.00%)   (0.00%)
#  BA            0(0.00%)      0(0.00%)      0(0.00%)      0(0.00%)   (0.00%)
#  BB            0(0.00%)      0(0.00%)      0(0.00%)      0(0.00%)   (0.00%)
#  JA            2(0.01%)      0(0.00%)      0(0.00%)      0(0.00%)   (0.01%)
#  --------------------------------------------------------------------------
#     Total    130(0.07%)     19(0.01%)      0(0.00%)      2(0.00%)   (0.09%)
#
#  The worst congested Gcell overcon (routing demand over resource in number of tracks) = 9
#  Overflow after GR: 0.06% H + 0.03% V
#
#Hotspot report including placement blocked areas
[hotspot] +------------+---------------+---------------+-------------------------------------+
[hotspot] |   layer    |  max hotspot  | total hotspot |            hotspot bbox             |
[hotspot] +------------+---------------+---------------+-------------------------------------+
[hotspot] |   M1(V)    |          0.00 |          0.00 |   (none)                            |
[hotspot] |   M2(H)    |          0.44 |          0.44 |    25.55   168.92    30.67   174.04 |
[hotspot] |   C1(V)    |          8.00 |         10.22 |   117.71    -0.04   127.95     5.08 |
[hotspot] |   C2(H)    |          0.00 |          0.00 |   (none)                            |
[hotspot] |   C3(V)    |          0.00 |          0.00 |   (none)                            |
[hotspot] |   C4(H)    |          0.00 |          0.00 |   (none)                            |
[hotspot] |   BA(V)    |          0.00 |          0.00 |   (none)                            |
[hotspot] |   BB(H)    |          0.00 |          0.00 |   (none)                            |
[hotspot] |   JA(V)    |          0.00 |          0.00 |   (none)                            |
[hotspot] |   JB(H)    |          0.00 |          0.00 |   (none)                            |
[hotspot] |   LB(V)    |          0.00 |          0.00 |   (none)                            |
[hotspot] +------------+---------------+---------------+-------------------------------------+
[hotspot] |   worst    | (C1)     8.00 | (C1)    10.22 |                                     |
[hotspot] +------------+---------------+---------------+-------------------------------------+
[hotspot] | all layers |          3.56 |          3.56 |                                     |
[hotspot] +------------+---------------+---------------+-------------------------------------+
Local HotSpot Analysis (blockage included) (3d): normalized congestion max/total hotspot area = 3.56/3.56 (area is in unit of 4 std-cell row bins)
[hotspot] top 2 congestion hotspot bounding boxes and scores of all layers hotspot
[hotspot] +-----+-------------------------------------+---------------+
[hotspot] | top |            hotspot bbox             | hotspot score |
[hotspot] +-----+-------------------------------------+---------------+
[hotspot] |  1  |   120.27    -0.04   125.39     5.08 |        3.11   |
[hotspot] +-----+-------------------------------------+---------------+
[hotspot] |  2  |   125.39    -0.04   130.51     5.08 |        0.44   |
[hotspot] +-----+-------------------------------------+---------------+
#Complete Global Routing.
#Total number of nets with non-default rule or having extra spacing = 59
#Total wire length = 586899 um.
#Total half perimeter of net bounding box = 529516 um.
#Total wire length on LAYER M1 = 0 um.
#Total wire length on LAYER M2 = 79829 um.
#Total wire length on LAYER C1 = 138203 um.
#Total wire length on LAYER C2 = 116459 um.
#Total wire length on LAYER C3 = 121296 um.
#Total wire length on LAYER C4 = 67095 um.
#Total wire length on LAYER BA = 48951 um.
#Total wire length on LAYER BB = 9418 um.
#Total wire length on LAYER JA = 5649 um.
#Total wire length on LAYER JB = 0 um.
#Total wire length on LAYER LB = 0 um.
#Total number of vias = 273615
#Up-Via Summary (total 273615):
#           
#-----------------------
# M1             110524
# M2             104523
# C1              36132
# C2              13374
# C3               5782
# C4               2184
# BA                767
# BB                329
#-----------------------
#                273615 
#
#Total number of involved regular nets 8008
#Maximum src to sink distance  334.2
#Average of max src_to_sink distance  37.2
#Average of ave src_to_sink distance  26.6
#Max overcon = 9 tracks.
#Total overcon = 0.09%.
#Worst layer Gcell overcon rate = 0.18%.
#
#Global routing statistics:
#Cpu time = 00:02:18
#Elapsed time = 00:02:16
#Increased memory = 81.37 (MB)
#Total memory = 3217.93 (MB)
#Peak memory = 3778.98 (MB)
#
#Finished global routing on Sat Jan  3 09:37:15 2026
#
#
#Minimum voltage of a net in the design = 0.000.
#Maximum voltage of a net in the design = 0.800.
#Voltage range [0.000 - 0.800] has 42560 nets.
#Voltage range [0.000 - 0.000] has 32 nets.
#Voltage range [0.720 - 0.800] has 1 net.
#Minimum voltage of a net in the design = 0.000.
#Maximum voltage of a net in the design = 0.800.
#Voltage range [0.000 - 0.800] has 42560 nets.
#Voltage range [0.000 - 0.000] has 32 nets.
#Voltage range [0.720 - 0.800] has 1 net.
#cpu time = 00:00:00, elapsed time = 00:00:00, memory = 3214.45 (MB), peak = 3778.98 (MB)
#Minimum voltage of a net in the design = 0.000.
#Maximum voltage of a net in the design = 0.800.
#Voltage range [0.000 - 0.800] has 42560 nets.
#Voltage range [0.000 - 0.000] has 32 nets.
#Voltage range [0.720 - 0.800] has 1 net.
#Start Track Assignment.
#Done with 71910 horizontal wires in 5 hboxes and 69515 vertical wires in 5 hboxes.
#Done with 16083 horizontal wires in 5 hboxes and 12059 vertical wires in 5 hboxes.
#Done with 5 horizontal wires in 5 hboxes and 5 vertical wires in 5 hboxes.
#
#Track assignment summary:
# layer   (wire length)   (overlap)     (long ovlp)	(with obs/pg/clk)  
#------------------------------------------------------------------------
# M1             0.00 	  0.00%  	  0.00% 	  0.00%
# M2         79132.74 	  0.18%  	  0.00% 	  0.08%
# C1        131358.07 	  0.11%  	  0.00% 	  0.02%
# C2        111504.76 	  0.03%  	  0.00% 	  0.00%
# C3        121030.74 	  0.02%  	  0.00% 	  0.00%
# C4         67055.04 	  0.01%  	  0.00% 	  0.00%
# BA         49020.03 	  0.02%  	  0.00% 	  0.00%
# BB          9418.03 	  0.00%  	  0.00% 	  0.00%
# JA          5721.73 	  0.00%  	  0.00% 	  0.00%
# JB             0.00 	  0.00%  	  0.00% 	  0.00%
# LB             0.00 	  0.00%  	  0.00% 	  0.00%
#------------------------------------------------------------------------
# All      574241.13  	  0.06% 	  0.00% 	  0.00%
#Complete Track Assignment.
#Total number of nets with non-default rule or having extra spacing = 59
#Total wire length = 581507 um.
#Total half perimeter of net bounding box = 529516 um.
#Total wire length on LAYER M1 = 0 um.
#Total wire length on LAYER M2 = 78139 um.
#Total wire length on LAYER C1 = 135447 um.
#Total wire length on LAYER C2 = 115997 um.
#Total wire length on LAYER C3 = 121053 um.
#Total wire length on LAYER C4 = 66951 um.
#Total wire length on LAYER BA = 48901 um.
#Total wire length on LAYER BB = 9380 um.
#Total wire length on LAYER JA = 5639 um.
#Total wire length on LAYER JB = 0 um.
#Total wire length on LAYER LB = 0 um.
#Total number of vias = 273615
#Up-Via Summary (total 273615):
#           
#-----------------------
# M1             110524
# M2             104523
# C1              36132
# C2              13374
# C3               5782
# C4               2184
# BA                767
# BB                329
#-----------------------
#                273615 
#
#cpu time = 00:00:26, elapsed time = 00:00:14, memory = 3211.89 (MB), peak = 3778.98 (MB)
#
#number of short segments in preferred routing layers
#	
#	
#
#Start post global route fixing for timing critical nets ...
#
#* Updating design timing data...
#Extracting RC...
Un-suppress "**WARN ..." messages.
#
#Start tQuantus RC extraction...
#Finish check_net_pin_list step Enter extract_rc_after_routing
#Extract in track assign mode
#Minimum voltage of a net in the design = 0.000.
#Maximum voltage of a net in the design = 0.800.
#Voltage range [0.000 - 0.800] has 42560 nets.
#Voltage range [0.000 - 0.000] has 32 nets.
#Voltage range [0.720 - 0.800] has 1 net.
#Start building rc corner(s)...
#Number of RC Corner = 3
#Corner rc_typ /opt/pdk/gf22/V1.0_4.1/PEX/QRC/10M_2Mx_4Cx_2Bx_2Jx_LBthick/nominal/qrcTechFile 25.000000 (real) 
#Corner rc_best /opt/pdk/gf22/V1.0_4.1/PEX/QRC/10M_2Mx_4Cx_2Bx_2Jx_LBthick/FuncRCminDP/qrcTechFile 25.000000 (real) 
#Corner rc_worst /opt/pdk/gf22/V1.0_4.1/PEX/QRC/10M_2Mx_4Cx_2Bx_2Jx_LBthick/FuncRCmaxDP/qrcTechFile 25.000000 (real) 
#(i=11, n=11 2000)
#M1 -> M1 (1)
#M2 -> M2 (2)
#C1 -> C1 (3)
#C2 -> C2 (4)
#C3 -> C3 (5)
#C4 -> C4 (6)
#BA -> BA (7)
#BB -> BB (8)
#JA -> JA (9)
#JB -> JB (10)
#LB -> LB (11)
#SADV_On
# Corner(s) : 
#rc_typ [25.00] 
#rc_best [25.00] 
#rc_worst [25.00]
# Corner id: 0
# Layout Scale: 1.000000
# Has Metal Fill model: yes
# Temperature was set
# Temperature : 25.000000
# Ref. Temp   : 25.000000
# Corner id: 1
# Layout Scale: 1.000000
# Has Metal Fill model: yes
# Temperature was set
# Temperature : 25.000000
# Ref. Temp   : 25.000000
# Corner id: 2
# Layout Scale: 1.000000
# Has Metal Fill model: yes
# Temperature was set
# Temperature : 25.000000
# Ref. Temp   : 25.000000
#total pattern=286 [33, 2376]
#Generating the tQuantus model file automatically.
#num_tile=21570 avg_aspect_ratio=1.775073 
#Vertical num_row 51 per_row= 420 halo= 20000 
#hor_num_col = 147 final aspect_ratio= 0.540851
#Build RC corners: cpu time = 00:00:58, elapsed time = 00:00:59, memory = 3338.29 (MB), peak = 3778.98 (MB)
#Finish check_net_pin_list step Enter extract
#Start init net ripin tree building
#Finish init net ripin tree building
#Cpu time = 00:00:00
#Elapsed time = 00:00:00
#Increased memory = 0.00 (MB)
#Total memory = 3350.95 (MB)
#Peak memory = 3778.98 (MB)
#Using multithreading with 8 threads.
#begin processing metal fill model file
#end processing metal fill model file
#Minimum voltage of a net in the design = 0.000.
#Maximum voltage of a net in the design = 0.800.
#Voltage range [0.000 - 0.800] has 42560 nets.
#Voltage range [0.000 - 0.000] has 32 nets.
#Voltage range [0.720 - 0.800] has 1 net.
#Minimum voltage of a net in the design = 0.000.
#Maximum voltage of a net in the design = 0.800.
#Voltage range [0.000 - 0.800] has 42560 nets.
#Voltage range [0.000 - 0.000] has 32 nets.
#Voltage range [0.720 - 0.800] has 1 net.
#Minimum voltage of a net in the design = 0.000.
#Maximum voltage of a net in the design = 0.800.
#Voltage range [0.000 - 0.800] has 42560 nets.
#Voltage range [0.000 - 0.000] has 32 nets.
#Voltage range [0.720 - 0.800] has 1 net.
#
#Start Post Track Assignment Wire Spread.
#Done with 21230 horizontal wires in 5 hboxes and 24086 vertical wires in 5 hboxes.
#Complete Post Track Assignment Wire Spread.
#
#Length limit = 200 pitches
#opt mode = 2
#Minimum voltage of a net in the design = 0.000.
#Maximum voltage of a net in the design = 0.800.
#Voltage range [0.000 - 0.800] has 42560 nets.
#Voltage range [0.000 - 0.000] has 32 nets.
#Voltage range [0.720 - 0.800] has 1 net.
#Minimum voltage of a net in the design = 0.000.
#Maximum voltage of a net in the design = 0.800.
#Voltage range [0.000 - 0.800] has 42560 nets.
#Voltage range [0.000 - 0.000] has 32 nets.
#Voltage range [0.720 - 0.800] has 1 net.
#Finish check_net_pin_list step Fix net pin list
#Start generate extraction boxes.
#
#Extract using 30 x 30 Hboxes
#6x6 initial hboxes
#Use area based hbox pruning.
#0/0 hboxes pruned.
#Complete generating extraction boxes.
#Extract 25 hboxes with 8 threads on machine with  Xeon 3.39GHz 30720KB Cache 48CPU...
#Process 0 special clock nets for rc extraction
#Total 41299 nets were built. 8630 nodes added to break long wires. 0 net(s) have incomplete routes.
#Run Statistics for Extraction:
#   Cpu time = 00:00:20, elapsed time = 00:00:05 .
#   Increased memory =   318.52 (MB), total memory =  3668.49 (MB), peak memory =  3778.98 (MB)
#
#Scale RC for track assignment: res 1.000000; cap 1.000000; clk res 1.000000; clk cap 1.000000, xcap 1.000000
#Simplify RC tree: cpu time = 00:00:00, elapsed time = 00:00:00, memory = 3411.04 (MB), peak = 3778.98 (MB)
#RC Statistics: 0 Res, 139793 Ground Cap, 0 XCap (Edge to Edge)
#Register nets and terms for rcdb /tmp/innovus_temp_984338_il2225ht25_jcdavid_jcdavid_jH1RyC/nr984338_1JIyAy.rcdb.d
#Finish registering nets and terms for rcdb.
#Start writing RC data.
#Finish writing RC data
#Finish writing rcdb with 295852 nodes, 254553 edges, and 0 xcaps
#8630 inserted nodes are removed
#Restored 0 tie nets, 0 tie snets, 0 partial nets
#Minimum voltage of a net in the design = 0.000.
#Maximum voltage of a net in the design = 0.800.
#Voltage range [0.000 - 0.800] has 42560 nets.
#Voltage range [0.000 - 0.000] has 32 nets.
#Voltage range [0.720 - 0.800] has 1 net.
#Minimum voltage of a net in the design = 0.000.
#Maximum voltage of a net in the design = 0.800.
#Voltage range [0.000 - 0.800] has 42560 nets.
#Voltage range [0.000 - 0.000] has 32 nets.
#Voltage range [0.720 - 0.800] has 1 net.
#Minimum voltage of a net in the design = 0.000.
#Maximum voltage of a net in the design = 0.800.
#Voltage range [0.000 - 0.800] has 42560 nets.
#Voltage range [0.000 - 0.000] has 32 nets.
#Voltage range [0.720 - 0.800] has 1 net.
#Remove Post Track Assignment Wire Spread
Restoring parasitic data from file '/tmp/innovus_temp_984338_il2225ht25_jcdavid_jcdavid_jH1RyC/nr984338_1JIyAy.rcdb.d' ...
Reading RCDB with compressed RC data.
Reading RCDB with compressed RC data.
Begin read_parasitics... (cpu: 0:00:00.0 real: 0:00:00.0 mem: 5693.238M)
Following multi-corner parasitics specified:
	/tmp/innovus_temp_984338_il2225ht25_jcdavid_jcdavid_jH1RyC/nr984338_1JIyAy.rcdb.d (rcdb)
Reading RCDB with compressed RC data.
		Cell Silago_top has rcdb /tmp/innovus_temp_984338_il2225ht25_jcdavid_jcdavid_jH1RyC/nr984338_1JIyAy.rcdb.d specified
Cell Silago_top, hinst 
Reading RCDB with compressed RC data.
Done read_parasitics... (cpu: 0:00:01.1 real: 0:00:00.0 mem: 5693.238M)
#
#Restore RCDB.
#Minimum voltage of a net in the design = 0.000.
#Maximum voltage of a net in the design = 0.800.
#Voltage range [0.000 - 0.800] has 42560 nets.
#Voltage range [0.000 - 0.000] has 32 nets.
#Voltage range [0.720 - 0.800] has 1 net.
#Minimum voltage of a net in the design = 0.000.
#Maximum voltage of a net in the design = 0.800.
#Voltage range [0.000 - 0.800] has 42560 nets.
#Voltage range [0.000 - 0.000] has 32 nets.
#Voltage range [0.720 - 0.800] has 1 net.
#Minimum voltage of a net in the design = 0.000.
#Maximum voltage of a net in the design = 0.800.
#Voltage range [0.000 - 0.800] has 42560 nets.
#Voltage range [0.000 - 0.000] has 32 nets.
#Voltage range [0.720 - 0.800] has 1 net.
#Remove Post Track Assignment Wire Spread
#
#Complete tQuantus RC extraction.
#Cpu time = 00:01:38
#Elapsed time = 00:01:19
#Increased memory = 172.86 (MB)
#Total memory = 3385.70 (MB)
#Peak memory = 3778.98 (MB)
#
Un-suppress "**WARN ..." messages.
#RC Extraction Completed...
AAE_INFO: switching -siAware from false to true ...
AAE_INFO: The setting is changed from false to true in setDelayCalMode -SIAware
#Reporting timing...
###############################################################
#  Generated by:      Cadence Innovus 21.19-s058_1
#  OS:                Linux x86_64(Host ID il2225ht25_jcdavid)
#  Generated on:      Sat Jan  3 09:39:01 2026
#  Design:            Silago_top
#  Command:           route_design
###############################################################
#Normalized TNS: -5.099 -> -0.255, r2r 0.000 -> 0.000, unit 1.000, clk period 20.000 (ns)
#Stage 1: cpu time = 00:00:50, elapsed time = 00:00:11, memory = 3400.82 (MB), peak = 3778.98 (MB)
#Library Standard Delay: 10.60ps
#Slack threshold: 0.00ps
#*** Analyzed 0 timing critical paths, and collected 0.
#Stage 2: cpu time = 00:00:03, elapsed time = 00:00:02, memory = 3401.08 (MB), peak = 3778.98 (MB)
#Stage 3: cpu time = 00:00:00, elapsed time = 00:00:00, memory = 3402.38 (MB), peak = 3778.98 (MB)
Worst slack reported in the design = 15277.958008 (late)

*** writeDesignTiming (0:00:05.8) ***
#Stage 4: cpu time = 00:00:06, elapsed time = 00:00:06, memory = 3402.84 (MB), peak = 3778.98 (MB)
Un-suppress "**WARN ..." messages.
#Number of victim nets: 0
#Number of aggressor nets: 0
#Number of weak nets: 0
#Number of critical nets: 0
#	level 1 [   0.0, -1000.0]: 0 nets
#	level 2 [   0.0, -1000.0]: 0 nets
#	level 3 [   0.0, -1000.0]: 0 nets
#Total number of nets: 41299
#Total number of significant detoured timing critical nets is 0
#Total number of selected detoured timing critical nets is 0
#
#----------------------------------------------------
# Summary of active signal nets routing constraints
#+--------------------------+-----------+
#+--------------------------+-----------+
#
#----------------------------------------------------
Current (total cpu=0:57:39, real=0:20:01, peak res=3779.0M, current mem=3214.9M)
Silago_top
Ending "Constraint file reading stats" (total cpu=0:00:00.9, real=0:00:00.0, peak res=3228.7M, current mem=3228.7M)
Current (total cpu=0:57:40, real=0:20:02, peak res=3779.0M, current mem=3228.7M)
Current (total cpu=0:57:40, real=0:20:02, peak res=3779.0M, current mem=3228.7M)
Silago_top
Ending "Constraint file reading stats" (total cpu=0:00:00.8, real=0:00:01.0, peak res=3229.0M, current mem=3229.0M)
Current (total cpu=0:57:41, real=0:20:03, peak res=3779.0M, current mem=3229.0M)
Current (total cpu=0:57:41, real=0:20:03, peak res=3779.0M, current mem=3229.0M)
Silago_top
Ending "Constraint file reading stats" (total cpu=0:00:00.8, real=0:00:01.0, peak res=3229.3M, current mem=3229.3M)
Current (total cpu=0:57:42, real=0:20:04, peak res=3779.0M, current mem=3229.3M)
#Minimum voltage of a net in the design = 0.000.
#Maximum voltage of a net in the design = 0.800.
#Voltage range [0.000 - 0.800] has 42560 nets.
#Voltage range [0.000 - 0.000] has 32 nets.
#Voltage range [0.720 - 0.800] has 1 net.
#Minimum voltage of a net in the design = 0.000.
#Maximum voltage of a net in the design = 0.800.
#Voltage range [0.000 - 0.800] has 42560 nets.
#Voltage range [0.000 - 0.000] has 32 nets.
#Voltage range [0.720 - 0.800] has 1 net.
#cpu time = 00:00:00, elapsed time = 00:00:00, memory = 3229.39 (MB), peak = 3778.98 (MB)
#* Importing design timing data...
#Number of victim nets: 0
#Number of aggressor nets: 0
#Number of weak nets: 0
#Number of critical nets: 0
#	level 1 [   0.0, -1000.0]: 0 nets
#	level 2 [   0.0, -1000.0]: 0 nets
#	level 3 [   0.0, -1000.0]: 0 nets
#Total number of nets: 41299
#Minimum voltage of a net in the design = 0.000.
#Maximum voltage of a net in the design = 0.800.
#Voltage range [0.000 - 0.800] has 42560 nets.
#Voltage range [0.000 - 0.000] has 32 nets.
#Voltage range [0.720 - 0.800] has 1 net.
#
#timing driven effort level: 3
#Start Track Assignment With Timing Driven.
#Done with 2009 horizontal wires in 5 hboxes and 2384 vertical wires in 5 hboxes.
#Done with 441 horizontal wires in 5 hboxes and 873 vertical wires in 5 hboxes.
#Done with 5 horizontal wires in 5 hboxes and 5 vertical wires in 5 hboxes.
#
#Track assignment summary:
# layer   (wire length)   (overlap)     (long ovlp)	(with obs/pg/clk)  
#------------------------------------------------------------------------
# M1             0.00 	  0.00%  	  0.00% 	  0.00%
# M2         79020.73 	  0.15%  	  0.00% 	  0.07%
# C1        131309.39 	  0.09%  	  0.00% 	  0.02%
# C2        111516.44 	  0.02%  	  0.00% 	  0.00%
# C3        121022.59 	  0.01%  	  0.00% 	  0.00%
# C4         67056.41 	  0.00%  	  0.00% 	  0.00%
# BA         49022.37 	  0.01%  	  0.00% 	  0.00%
# BB          9418.21 	  0.00%  	  0.00% 	  0.00%
# JA          5721.82 	  0.00%  	  0.00% 	  0.00%
# JB             0.00 	  0.00%  	  0.00% 	  0.00%
# LB             0.00 	  0.00%  	  0.00% 	  0.00%
#------------------------------------------------------------------------
# All      574087.94  	  0.05% 	  0.00% 	  0.00%
#Complete Track Assignment With Timing Driven.
#Total number of nets with non-default rule or having extra spacing = 59
#Total wire length = 581317 um.
#Total half perimeter of net bounding box = 529516 um.
#Total wire length on LAYER M1 = 0 um.
#Total wire length on LAYER M2 = 78004 um.
#Total wire length on LAYER C1 = 135392 um.
#Total wire length on LAYER C2 = 115998 um.
#Total wire length on LAYER C3 = 121047 um.
#Total wire length on LAYER C4 = 66952 um.
#Total wire length on LAYER BA = 48904 um.
#Total wire length on LAYER BB = 9380 um.
#Total wire length on LAYER JA = 5639 um.
#Total wire length on LAYER JB = 0 um.
#Total wire length on LAYER LB = 0 um.
#Total number of vias = 273615
#Up-Via Summary (total 273615):
#           
#-----------------------
# M1             110524
# M2             104523
# C1              36132
# C2              13374
# C3               5782
# C4               2184
# BA                767
# BB                329
#-----------------------
#                273615 
#
#cpu time = 00:00:14, elapsed time = 00:00:08, memory = 3230.31 (MB), peak = 3778.98 (MB)
#
#Routing data preparation, pin analysis, global routing and track assignment statistics:
#Cpu time = 00:05:58
#Elapsed time = 00:04:33
#Increased memory = 109.25 (MB)
#Total memory = 3230.31 (MB)
#Peak memory = 3778.98 (MB)
#Using multithreading with 8 threads.
#Minimum voltage of a net in the design = 0.000.
#Maximum voltage of a net in the design = 0.800.
#Voltage range [0.000 - 0.800] has 42560 nets.
#Voltage range [0.000 - 0.000] has 32 nets.
#Voltage range [0.720 - 0.800] has 1 net.
#Minimum voltage of a net in the design = 0.000.
#Maximum voltage of a net in the design = 0.800.
#Voltage range [0.000 - 0.800] has 42560 nets.
#Voltage range [0.000 - 0.000] has 32 nets.
#Voltage range [0.720 - 0.800] has 1 net.
#Minimum voltage of a net in the design = 0.000.
#Maximum voltage of a net in the design = 0.800.
#Voltage range [0.000 - 0.800] has 42560 nets.
#Voltage range [0.000 - 0.000] has 32 nets.
#Voltage range [0.720 - 0.800] has 1 net.
#Minimum voltage of a net in the design = 0.000.
#Maximum voltage of a net in the design = 0.800.
#Voltage range [0.000 - 0.800] has 42560 nets.
#Voltage range [0.000 - 0.000] has 32 nets.
#Voltage range [0.720 - 0.800] has 1 net.
#Start reading timing information from file .timing_file_984338.tif.gz ...
#Read in timing information for 2018 ports, 38919 instances from timing file .timing_file_984338.tif.gz.
#
#Start Detail Routing..
#start initial detail routing ...
#   number of violations = 144
#
#    By Layer and Type :
#	         EOLSpc    Short    Color EOLColor   C2MCon      Enc   Others   Totals
#	M1            0        3        1        1        8        1        5       19
#	M2            3       21       22       14        6       21       16      103
#	C1            4        7        0        0        0        0        5       16
#	C2            2        2        0        0        0        0        1        5
#	C3            0        0        0        0        0        0        0        0
#	C4            0        0        0        0        0        0        0        0
#	BA            0        0        0        0        0        0        0        0
#	BB            0        0        0        0        0        0        1        1
#	Totals        9       33       23       15       14       22       28      144
#cpu time = 00:15:50, elapsed time = 00:02:01, memory = 3392.33 (MB), peak = 4225.71 (MB)
#start 1st optimization iteration ...
#   number of violations = 30
#
#    By Layer and Type :
#	          Notch    Short   MinStp    Color   C2MCon      Enc   Others   Totals
#	M1            0        3        0        0        2        1        1        7
#	M2            6        3        6        4        0        3        1       23
#	Totals        6        6        6        4        2        4        2       30
#    number of process antenna violations = 352
#cpu time = 00:00:22, elapsed time = 00:00:05, memory = 3383.95 (MB), peak = 4225.71 (MB)
#start 2nd optimization iteration ...
#   number of violations = 25
#
#    By Layer and Type :
#	          Notch    Short   ColChg   MinStp    Color      Enc   Others   Totals
#	M1            0        4        0        0        0        1        1        6
#	M2            4        3        2        4        2        3        1       19
#	Totals        4        7        2        4        2        4        2       25
#    number of process antenna violations = 352
#cpu time = 00:00:08, elapsed time = 00:00:02, memory = 3384.50 (MB), peak = 4225.71 (MB)
#start 3rd optimization iteration ...
#   number of violations = 19
#
#    By Layer and Type :
#	          Notch    Short   MinStp    Color EOLColor     Loop      Enc   Totals
#	M1            0        5        0        0        0        1        0        6
#	M2            2        2        2        4        1        0        2       13
#	Totals        2        7        2        4        1        1        2       19
#    number of process antenna violations = 352
#cpu time = 00:00:09, elapsed time = 00:00:02, memory = 3383.02 (MB), peak = 4225.71 (MB)
#start 4th optimization iteration ...
#   number of violations = 18
#
#    By Layer and Type :
#	          Notch    Short   ColChg   MinStp    Color   CutSpc      Enc   Totals
#	M1            0        3        0        0        0        0        0        3
#	M2            2        3        1        3        3        1        2       15
#	Totals        2        6        1        3        3        1        2       18
#    number of process antenna violations = 352
#cpu time = 00:00:15, elapsed time = 00:00:03, memory = 3383.89 (MB), peak = 4225.71 (MB)
#start 5th optimization iteration ...
#   number of violations = 25
#
#    By Layer and Type :
#	          Notch    Short   ColChg   MinStp    Color      Enc   Others   Totals
#	M1            0        3        0        0        0        1        0        4
#	M2            4        3        1        4        3        3        3       21
#	Totals        4        6        1        4        3        4        3       25
#    number of process antenna violations = 352
#cpu time = 00:00:03, elapsed time = 00:00:03, memory = 3383.68 (MB), peak = 4225.71 (MB)
#start 6th optimization iteration ...
#   number of violations = 13
#
#    By Layer and Type :
#	          Notch    Short   MinStp    Color      Enc   Totals
#	M1            0        4        0        0        0        4
#	M2            1        2        2        2        2        9
#	Totals        1        6        2        2        2       13
#cpu time = 00:00:03, elapsed time = 00:00:03, memory = 3382.70 (MB), peak = 4225.71 (MB)
#start 7th optimization iteration ...
#   number of violations = 12
#
#    By Layer and Type :
#	          Notch    Short   MinStp    Color      Enc   Totals
#	M1            0        3        0        0        0        3
#	M2            2        2        2        2        1        9
#	Totals        2        5        2        2        1       12
#cpu time = 00:00:01, elapsed time = 00:00:01, memory = 3382.12 (MB), peak = 4225.71 (MB)
#start 8th optimization iteration ...
#   number of violations = 27
#
#    By Layer and Type :
#	         EOLSpc    Notch    Short   MinStp    Color      Enc   Others   Totals
#	M1            0        0        2        0        0        1        0        3
#	M2            1        4        3        4        4        3        4       23
#	C1            1        0        0        0        0        0        0        1
#	Totals        2        4        5        4        4        4        4       27
#cpu time = 00:00:02, elapsed time = 00:00:01, memory = 3382.23 (MB), peak = 4225.71 (MB)
#start 9th optimization iteration ...
#   number of violations = 20
#
#    By Layer and Type :
#	         MetSpc    Notch    Short   MinStp    Color      Mar      Enc   Totals
#	M1            0        0        2        0        0        0        1        3
#	M2            0        2        4        2        4        1        3       16
#	C1            1        0        0        0        0        0        0        1
#	Totals        1        2        6        2        4        1        4       20
#cpu time = 00:00:02, elapsed time = 00:00:01, memory = 3382.01 (MB), peak = 4225.71 (MB)
#start 10th optimization iteration ...
#   number of violations = 26
#
#    By Layer and Type :
#	          Notch    Short   MinStp    Color      Mar      Enc   Others   Totals
#	M1            0        0        0        0        0        2        0        2
#	M2            2        7        2        3        2        4        2       22
#	C1            0        0        0        0        1        0        1        2
#	Totals        2        7        2        3        3        6        3       26
#cpu time = 00:00:03, elapsed time = 00:00:02, memory = 3382.11 (MB), peak = 4225.71 (MB)
#start 11th optimization iteration ...
#   number of violations = 24
#
#    By Layer and Type :
#	          Notch    Short   ColChg   MinStp    Color      Mar      Enc   Totals
#	M1            0        0        0        0        0        0        1        1
#	M2            4        5        1        3        6        1        3       23
#	Totals        4        5        1        3        6        1        4       24
#cpu time = 00:00:06, elapsed time = 00:00:06, memory = 3382.57 (MB), peak = 4225.71 (MB)
#start 12th optimization iteration ...
#   number of violations = 23
#
#    By Layer and Type :
#	         EOLSpc    Notch    Short   MinStp    Color      Enc   Others   Totals
#	M1            0        0        0        0        0        0        0        0
#	M2            1        4        5        3        6        2        2       23
#	Totals        1        4        5        3        6        2        2       23
#cpu time = 00:00:04, elapsed time = 00:00:04, memory = 3382.90 (MB), peak = 4225.71 (MB)
#start 13th optimization iteration ...
#   number of violations = 24
#
#    By Layer and Type :
#	          Short   MinStp    Color   CutSpc      Mar      Enc   Others   Totals
#	M1            0        0        0        0        0        2        0        2
#	M2            5        2        4        2        2        4        3       22
#	Totals        5        2        4        2        2        6        3       24
#cpu time = 00:00:02, elapsed time = 00:00:01, memory = 3382.01 (MB), peak = 4225.71 (MB)
#start 14th optimization iteration ...
#   number of violations = 32
#
#    By Layer and Type :
#	          Notch    Short   MinStp    Color   CutSpc      Mar      Enc   Totals
#	M1            0        0        0        0        0        0        3        3
#	M2            4        5        5        5        2        3        5       29
#	Totals        4        5        5        5        2        3        8       32
#cpu time = 00:00:02, elapsed time = 00:00:01, memory = 3381.96 (MB), peak = 4225.71 (MB)
#start 15th optimization iteration ...
#   number of violations = 23
#
#    By Layer and Type :
#	          Notch    Short   MinStp    Color      Mar      Enc   Others   Totals
#	M1            0        0        0        0        0        1        0        1
#	M2            2        5        2        6        1        3        3       22
#	Totals        2        5        2        6        1        4        3       23
#cpu time = 00:00:02, elapsed time = 00:00:01, memory = 3382.18 (MB), peak = 4225.71 (MB)
#start 16th optimization iteration ...
#   number of violations = 23
#
#    By Layer and Type :
#	         EOLSpc    Notch    Short   MinStp    Color   CutSpc      Enc   Totals
#	M1            0        0        0        0        0        0        0        0
#	M2            0        4        5        3        7        1        2       22
#	C1            1        0        0        0        0        0        0        1
#	Totals        1        4        5        3        7        1        2       23
#cpu time = 00:00:02, elapsed time = 00:00:02, memory = 3382.17 (MB), peak = 4225.71 (MB)
#start 17th optimization iteration ...
#   number of violations = 20
#
#    By Layer and Type :
#	          Notch    Short   MinStp    Color   CutSpc      Enc   Totals
#	M1            0        0        0        0        0        0        0
#	M2            3        5        3        4        3        2       20
#	Totals        3        5        3        4        3        2       20
#cpu time = 00:00:03, elapsed time = 00:00:02, memory = 3382.64 (MB), peak = 4225.71 (MB)
#start 18th optimization iteration ...
#   number of violations = 23
#
#    By Layer and Type :
#	          Notch    Short   MinStp    Color   CutSpc      Enc   Others   Totals
#	M1            0        0        0        0        0        1        0        1
#	M2            3        5        3        3        2        3        3       22
#	Totals        3        5        3        3        2        4        3       23
#cpu time = 00:00:03, elapsed time = 00:00:03, memory = 3382.89 (MB), peak = 4225.71 (MB)
#start 19th optimization iteration ...
#   number of violations = 25
#
#    By Layer and Type :
#	          Notch    Short   MinStp    Color   CutSpc      Enc   Others   Totals
#	M1            0        0        0        0        0        1        0        1
#	M2            3        5        3        5        2        3        2       23
#	C1            0        0        0        0        0        0        1        1
#	Totals        3        5        3        5        2        4        3       25
#cpu time = 00:00:02, elapsed time = 00:00:01, memory = 3382.71 (MB), peak = 4225.71 (MB)
#start 20th optimization iteration ...
#   number of violations = 28
#
#    By Layer and Type :
#	          Notch    Short   MinStp    Color   CutSpc      Mar      Enc   Totals
#	M1            0        0        0        0        0        0        3        3
#	M2            3        5        3        3        3        3        5       25
#	Totals        3        5        3        3        3        3        8       28
#cpu time = 00:00:02, elapsed time = 00:00:01, memory = 3382.68 (MB), peak = 4225.71 (MB)
#start 21th optimization iteration ...
#   number of violations = 23
#
#    By Layer and Type :
#	          Notch    Short   MinStp    Color   CutSpc      Mar      Enc   Totals
#	M1            0        0        0        0        0        0        1        1
#	M2            3        5        3        4        3        1        3       22
#	Totals        3        5        3        4        3        1        4       23
#cpu time = 00:00:02, elapsed time = 00:00:01, memory = 3382.33 (MB), peak = 4225.71 (MB)
#start 22th optimization iteration ...
#   number of violations = 19
#
#    By Layer and Type :
#	          Notch    Short   MinStp    Color   CutSpc      Enc   Totals
#	M1            0        0        0        0        0        0        0
#	M2            3        5        3        3        3        2       19
#	Totals        3        5        3        3        3        2       19
#cpu time = 00:00:02, elapsed time = 00:00:01, memory = 3381.92 (MB), peak = 4225.71 (MB)
#start 23th optimization iteration ...
#   number of violations = 23
#
#    By Layer and Type :
#	          Notch    Short   MinStp    Color   CutSpc      Enc   Others   Totals
#	M1            0        0        0        0        0        1        0        1
#	M2            3        5        3        3        2        3        3       22
#	Totals        3        5        3        3        2        4        3       23
#cpu time = 00:00:03, elapsed time = 00:00:02, memory = 3381.80 (MB), peak = 4225.71 (MB)
#start 24th optimization iteration ...
#   number of violations = 25
#
#    By Layer and Type :
#	         EOLSpc    Notch    Short   MinStp    Color   CutSpc   Others   Totals
#	M1            0        0        0        0        0        0        0        0
#	M2            0        3        5        3        7        2        2       22
#	C1            2        0        0        0        0        0        1        3
#	Totals        2        3        5        3        7        2        3       25
#cpu time = 00:00:03, elapsed time = 00:00:03, memory = 3382.25 (MB), peak = 4225.71 (MB)
#start 25th optimization iteration ...
#   number of violations = 31
#
#    By Layer and Type :
#	          Notch    Short   MinStp    Color      Mar      Enc   Others   Totals
#	M1            0        0        0        0        0        3        0        3
#	M2            3        5        3        3        3        5        4       26
#	C1            0        1        0        0        0        0        1        2
#	Totals        3        6        3        3        3        8        5       31
#cpu time = 00:00:02, elapsed time = 00:00:02, memory = 3382.07 (MB), peak = 4225.71 (MB)
#start 26th optimization iteration ...
#   number of violations = 27
#
#    By Layer and Type :
#	          Notch    Short   MinStp    Color   CutSpc      Mar      Enc   Totals
#	M1            0        0        0        0        0        0        3        3
#	M2            3        5        3        3        2        3        5       24
#	Totals        3        5        3        3        2        3        8       27
#cpu time = 00:00:02, elapsed time = 00:00:02, memory = 3382.11 (MB), peak = 4225.71 (MB)
#start 27th optimization iteration ...
#   number of violations = 25
#
#    By Layer and Type :
#	          Notch    Short   MinStp    Color      Mar      Enc   Others   Totals
#	M1            0        0        0        0        0        2        0        2
#	M2            3        5        3        3        2        4        3       23
#	Totals        3        5        3        3        2        6        3       25
#cpu time = 00:00:03, elapsed time = 00:00:03, memory = 3381.75 (MB), peak = 4225.71 (MB)
#start 28th optimization iteration ...
#   number of violations = 23
#
#    By Layer and Type :
#	          Notch    Short   MinStp    Color   CutSpc      Enc   Others   Totals
#	M1            0        0        0        0        0        1        0        1
#	M2            3        5        3        4        2        3        1       21
#	C1            0        0        0        0        0        0        1        1
#	Totals        3        5        3        4        2        4        2       23
#cpu time = 00:00:03, elapsed time = 00:00:02, memory = 3381.50 (MB), peak = 4225.71 (MB)
#start 29th optimization iteration ...
#   number of violations = 23
#
#    By Layer and Type :
#	          Notch    Short   MinStp    Color   CutSpc      Mar      Enc   Totals
#	M1            0        0        0        0        0        0        1        1
#	M2            3        5        3        5        2        1        3       22
#	Totals        3        5        3        5        2        1        4       23
#cpu time = 00:00:03, elapsed time = 00:00:03, memory = 3381.95 (MB), peak = 4225.71 (MB)
#start 30th optimization iteration ...
#   number of violations = 32
#
#    By Layer and Type :
#	          Notch    Short   MinStp    Color   CutSpc      Enc   Others   Totals
#	M1            0        0        0        0        0        1        1        2
#	M2            3        9        4        6        2        2        4       30
#	Totals        3        9        4        6        2        3        5       32
#cpu time = 00:00:03, elapsed time = 00:00:03, memory = 3381.57 (MB), peak = 4225.71 (MB)
#start 31th optimization iteration ...
#   number of violations = 26
#
#    By Layer and Type :
#	          Notch    Short   MinStp    Color   CutSpc      Enc   Others   Totals
#	M1            0        0        0        0        0        1        0        1
#	M2            4        5        3        6        1        3        3       25
#	Totals        4        5        3        6        1        4        3       26
#cpu time = 00:00:03, elapsed time = 00:00:03, memory = 3380.88 (MB), peak = 4225.71 (MB)
#start 32th optimization iteration ...
#   number of violations = 23
#
#    By Layer and Type :
#	          Notch    Short   MinStp    Color   CutSpc      Enc   Others   Totals
#	M1            0        0        0        0        0        1        0        1
#	M2            2        5        3        4        2        3        3       22
#	Totals        2        5        3        4        2        4        3       23
#cpu time = 00:00:03, elapsed time = 00:00:02, memory = 3381.34 (MB), peak = 4225.71 (MB)
#start 33th optimization iteration ...
#   number of violations = 18
#
#    By Layer and Type :
#	          Notch    Short   MinStp    Color   CutSpc      Enc   Totals
#	M1            0        0        0        0        0        0        0
#	M2            2        5        2        4        3        2       18
#	Totals        2        5        2        4        3        2       18
#cpu time = 00:00:04, elapsed time = 00:00:03, memory = 3381.82 (MB), peak = 4225.71 (MB)
#start 34th optimization iteration ...
#   number of violations = 18
#
#    By Layer and Type :
#	          Notch    Short   MinStp    Color   CutSpc      Enc   Totals
#	M1            0        0        0        0        0        0        0
#	M2            2        5        2        4        3        2       18
#	Totals        2        5        2        4        3        2       18
#cpu time = 00:00:04, elapsed time = 00:00:03, memory = 3382.48 (MB), peak = 4225.71 (MB)
#start 35th optimization iteration ...
#   number of violations = 19
#
#    By Layer and Type :
#	          Notch    Short   MinStp    Color   CutSpc      Enc   Others   Totals
#	M1            0        0        0        0        0        0        0        0
#	M2            2        5        2        4        2        2        2       19
#	Totals        2        5        2        4        2        2        2       19
#cpu time = 00:00:04, elapsed time = 00:00:03, memory = 3382.62 (MB), peak = 4225.71 (MB)
#start 36th optimization iteration ...
#   number of violations = 20
#
#    By Layer and Type :
#	          Notch    Short   MinStp    Color   CutSpc      Enc   Totals
#	M1            0        0        0        0        0        0        0
#	M2            3        5        3        4        3        2       20
#	Totals        3        5        3        4        3        2       20
#cpu time = 00:00:05, elapsed time = 00:00:04, memory = 3381.83 (MB), peak = 4225.71 (MB)
#start 37th optimization iteration ...
#   number of violations = 17
#
#    By Layer and Type :
#	          Notch    Short   MinStp    Color   CutSpc      Enc   Totals
#	M1            0        0        0        0        0        0        0
#	M2            1        5        2        4        3        2       17
#	Totals        1        5        2        4        3        2       17
#cpu time = 00:00:05, elapsed time = 00:00:04, memory = 3382.97 (MB), peak = 4225.71 (MB)
#start 38th optimization iteration ...
#   number of violations = 14
#
#    By Layer and Type :
#	         MetSpc   EOLSpc    Short   MinStp    Color   CutSpc      Enc   Totals
#	M1            0        0        0        0        0        0        0        0
#	M2            1        1        5        2        1        2        2       14
#	Totals        1        1        5        2        1        2        2       14
#cpu time = 00:00:04, elapsed time = 00:00:04, memory = 3383.48 (MB), peak = 4225.71 (MB)
#start 39th optimization iteration ...
#   number of violations = 20
#
#    By Layer and Type :
#	          Notch    Short   MinStp    Color   CutSpc      Enc   Others   Totals
#	M1            0        0        0        0        0        0        0        0
#	M2            3        5        3        3        2        2        2       20
#	Totals        3        5        3        3        2        2        2       20
#cpu time = 00:00:06, elapsed time = 00:00:05, memory = 3383.17 (MB), peak = 4225.71 (MB)
#start 40th optimization iteration ...
#   number of violations = 22
#
#    By Layer and Type :
#	          Notch    Short   MinStp    Color   CutSpc      Enc   Totals
#	M1            0        0        0        0        0        0        0
#	M2            4        5        3        6        2        2       22
#	Totals        4        5        3        6        2        2       22
#cpu time = 00:00:05, elapsed time = 00:00:05, memory = 3383.25 (MB), peak = 4225.71 (MB)
#start 41th optimization iteration ...
#   number of violations = 22
#
#    By Layer and Type :
#	          Notch    Short   MinStp    Color   CutSpc      Enc   Others   Totals
#	M1            0        0        0        0        0        1        0        1
#	M2            2        5        2        4        2        3        3       21
#	Totals        2        5        2        4        2        4        3       22
#cpu time = 00:00:03, elapsed time = 00:00:03, memory = 3383.18 (MB), peak = 4225.71 (MB)
#start 42th optimization iteration ...
#   number of violations = 29
#
#    By Layer and Type :
#	         EOLSpc    Notch    Short   MinStp    Color      Enc   Others   Totals
#	M1            0        0        0        0        0        1        0        1
#	M2            0        3        5        3        7        3        3       24
#	C1            2        0        0        1        0        0        1        4
#	Totals        2        3        5        4        7        4        4       29
#cpu time = 00:00:04, elapsed time = 00:00:03, memory = 3381.69 (MB), peak = 4225.71 (MB)
#start 43th optimization iteration ...
#   number of violations = 20
#
#    By Layer and Type :
#	          Notch    Short   MinStp    Color   CutSpc      Enc   Totals
#	M1            0        0        0        0        0        0        0
#	M2            3        5        3        5        2        2       20
#	Totals        3        5        3        5        2        2       20
#cpu time = 00:00:03, elapsed time = 00:00:03, memory = 3381.11 (MB), peak = 4225.71 (MB)
#start 44th optimization iteration ...
#   number of violations = 23
#
#    By Layer and Type :
#	          Notch    Short   MinStp    Color      Mar      Enc   Others   Totals
#	M1            0        0        0        0        0        1        0        1
#	M2            3        5        3        4        1        3        3       22
#	Totals        3        5        3        4        1        4        3       23
#cpu time = 00:00:03, elapsed time = 00:00:02, memory = 3380.96 (MB), peak = 4225.71 (MB)
#start 45th optimization iteration ...
#   number of violations = 25
#
#    By Layer and Type :
#	          Notch    Short   MinStp    Color   CutSpc      Enc   Others   Totals
#	M1            0        0        0        0        0        1        0        1
#	M2            2        5        2        8        2        2        3       24
#	Totals        2        5        2        8        2        3        3       25
#cpu time = 00:00:04, elapsed time = 00:00:04, memory = 3381.55 (MB), peak = 4225.71 (MB)
#start 46th optimization iteration ...
#   number of violations = 19
#
#    By Layer and Type :
#	          Notch    Short   MinStp    Color   CutSpc      Mar      Enc   Totals
#	M1            0        0        0        0        0        0        1        1
#	M2            1        5        1        6        2        1        2       18
#	Totals        1        5        1        6        2        1        3       19
#cpu time = 00:00:04, elapsed time = 00:00:03, memory = 3381.78 (MB), peak = 4225.71 (MB)
#start 47th optimization iteration ...
#   number of violations = 21
#
#    By Layer and Type :
#	          Notch    Short   MinStp    Color   CutSpc      Enc   Others   Totals
#	M1            0        0        0        0        0        1        0        1
#	M2            2        5        2        3        2        3        2       19
#	C1            0        1        0        0        0        0        0        1
#	Totals        2        6        2        3        2        4        2       21
#cpu time = 00:00:04, elapsed time = 00:00:03, memory = 3381.27 (MB), peak = 4225.71 (MB)
#start 48th optimization iteration ...
#   number of violations = 20
#
#    By Layer and Type :
#	          Notch    Short   MinStp    Color   CutSpc      Mar      Enc   Totals
#	M1            0        0        0        0        0        0        1        1
#	M2            2        5        2        4        2        1        3       19
#	Totals        2        5        2        4        2        1        4       20
#cpu time = 00:00:04, elapsed time = 00:00:03, memory = 3381.51 (MB), peak = 4225.71 (MB)
#start 49th optimization iteration ...
#   number of violations = 25
#
#    By Layer and Type :
#	          Notch    Short   MinStp    Color   CutSpc      Mar      Enc   Totals
#	M1            0        0        0        0        0        0        1        1
#	M2            3        5        2        9        1        1        3       24
#	Totals        3        5        2        9        1        1        4       25
#cpu time = 00:00:03, elapsed time = 00:00:03, memory = 3381.66 (MB), peak = 4225.71 (MB)
#start 50th optimization iteration ...
#   number of violations = 25
#
#    By Layer and Type :
#	          Notch    Short   MinStp    Color   CutSpc      Enc   Others   Totals
#	M1            0        0        0        0        0        1        0        1
#	M2            4        5        2        7        1        2        3       24
#	Totals        4        5        2        7        1        3        3       25
#cpu time = 00:00:03, elapsed time = 00:00:03, memory = 3381.40 (MB), peak = 4225.71 (MB)
#start 51th optimization iteration ...
#   number of violations = 21
#
#    By Layer and Type :
#	         MetSpc    Notch    Short   MinStp    Color      Mar      Enc   Totals
#	M1            0        0        0        0        0        0        1        1
#	M2            1        2        5        2        6        1        3       20
#	Totals        1        2        5        2        6        1        4       21
#cpu time = 00:00:03, elapsed time = 00:00:03, memory = 3381.55 (MB), peak = 4225.71 (MB)
#start 52th optimization iteration ...
#   number of violations = 20
#
#    By Layer and Type :
#	         EOLSpc    Notch    Short   MinStp    Color      Enc   Others   Totals
#	M1            0        0        0        0        0        1        0        1
#	M2            0        2        5        2        4        3        2       18
#	C1            1        0        0        0        0        0        0        1
#	Totals        1        2        5        2        4        4        2       20
#cpu time = 00:00:03, elapsed time = 00:00:03, memory = 3381.39 (MB), peak = 4225.71 (MB)
#start 53th optimization iteration ...
#   number of violations = 22
#
#    By Layer and Type :
#	         MetSpc   EOLSpc    Notch    Short   MinStp    Color      Enc   Totals
#	M1            0        0        0        0        0        0        0        0
#	M2            1        0        4        5        2        8        1       21
#	C1            0        1        0        0        0        0        0        1
#	Totals        1        1        4        5        2        8        1       22
#cpu time = 00:00:04, elapsed time = 00:00:03, memory = 3381.48 (MB), peak = 4225.71 (MB)
#start 54th optimization iteration ...
#   number of violations = 20
#
#    By Layer and Type :
#	         EOLSpc    Notch    Short   MinStp    Color   CutSpc      Enc   Totals
#	M1            0        0        0        0        0        0        0        0
#	M2            0        4        5        2        6        1        1       19
#	C1            1        0        0        0        0        0        0        1
#	Totals        1        4        5        2        6        1        1       20
#cpu time = 00:00:03, elapsed time = 00:00:03, memory = 3382.11 (MB), peak = 4225.71 (MB)
#start 55th optimization iteration ...
#   number of violations = 28
#
#    By Layer and Type :
#	          Notch    Short   MinStp    Color      Mar      Enc   Others   Totals
#	M1            0        0        0        0        0        1        0        1
#	M2            5        5        3        8        1        3        2       27
#	Totals        5        5        3        8        1        4        2       28
#cpu time = 00:00:03, elapsed time = 00:00:03, memory = 3381.88 (MB), peak = 4225.71 (MB)
#start 56th optimization iteration ...
#   number of violations = 22
#
#    By Layer and Type :
#	          Notch    Short   MinStp    Color   C2MCvx      Enc   Others   Totals
#	M1            0        0        0        0        0        0        0        0
#	M2            5        5        3        4        0        2        1       20
#	C1            0        0        0        0        1        0        1        2
#	Totals        5        5        3        4        1        2        2       22
#cpu time = 00:00:02, elapsed time = 00:00:02, memory = 3381.35 (MB), peak = 4225.71 (MB)
#start 57th optimization iteration ...
#   number of violations = 21
#
#    By Layer and Type :
#	         EOLSpc    Notch    Short   MinStp    Color   C2MCvx   Others   Totals
#	M1            0        0        0        0        0        0        0        0
#	M2            1        4        5        2        6        0        2       20
#	C1            0        0        0        0        0        1        0        1
#	Totals        1        4        5        2        6        1        2       21
#cpu time = 00:00:02, elapsed time = 00:00:02, memory = 3381.57 (MB), peak = 4225.71 (MB)
#start 58th optimization iteration ...
#   number of violations = 31
#
#    By Layer and Type :
#	          Notch    Short   MinStp    Color      Mar      Enc   Others   Totals
#	M1            0        0        0        0        0        3        0        3
#	M2            3        5        3        4        3        5        1       24
#	C1            0        0        0        0        0        0        4        4
#	Totals        3        5        3        4        3        8        5       31
#cpu time = 00:00:03, elapsed time = 00:00:03, memory = 3381.90 (MB), peak = 4225.71 (MB)
#start 59th optimization iteration ...
#   number of violations = 33
#
#    By Layer and Type :
#	         EOLSpc    Notch    Short   MinStp    Color      Enc   Others   Totals
#	M1            0        0        0        0        0        1        0        1
#	M2            0        5        5        3        9        3        1       26
#	C1            3        0        0        0        0        0        3        6
#	Totals        3        5        5        3        9        4        4       33
#cpu time = 00:00:04, elapsed time = 00:00:03, memory = 3381.48 (MB), peak = 4225.71 (MB)
#start 60th optimization iteration ...
#   number of violations = 23
#
#    By Layer and Type :
#	          Notch    Short   MinStp    Color   CutSpc      Enc   Others   Totals
#	M1            0        0        0        0        0        1        0        1
#	M2            3        5        3        4        1        3        1       20
#	C1            0        0        0        0        0        0        2        2
#	Totals        3        5        3        4        1        4        3       23
#cpu time = 00:00:04, elapsed time = 00:00:04, memory = 3381.96 (MB), peak = 4225.71 (MB)
#start 61th optimization iteration ...
#   number of violations = 22
#
#    By Layer and Type :
#	         EOLSpc    Notch    Short   MinStp    Color      Enc   Others   Totals
#	M1            0        0        0        0        0        1        0        1
#	M2            0        4        5        2        6        1        1       19
#	C1            1        0        0        0        0        0        1        2
#	Totals        1        4        5        2        6        2        2       22
#cpu time = 00:00:02, elapsed time = 00:00:01, memory = 3381.54 (MB), peak = 4225.71 (MB)
#start 62th optimization iteration ...
#   number of violations = 23
#
#    By Layer and Type :
#	         MetSpc   EOLSpc    Notch    Short   MinStp    Color      Enc   Totals
#	M1            0        0        0        0        0        0        0        0
#	M2            0        0        4        5        3        6        2       20
#	C1            1        2        0        0        0        0        0        3
#	Totals        1        2        4        5        3        6        2       23
#cpu time = 00:00:02, elapsed time = 00:00:02, memory = 3381.34 (MB), peak = 4225.71 (MB)
#start 63th optimization iteration ...
#   number of violations = 29
#
#    By Layer and Type :
#	          Notch    Short   MinStp    Color      Mar      Enc   Totals
#	M1            0        0        0        0        0        2        2
#	M2            4        5        3        9        2        4       27
#	Totals        4        5        3        9        2        6       29
#cpu time = 00:00:03, elapsed time = 00:00:03, memory = 3381.24 (MB), peak = 4225.71 (MB)
#start 64th optimization iteration ...
#   number of violations = 32
#
#    By Layer and Type :
#	          Notch    Short   MinStp    Color      Mar      Enc   Others   Totals
#	M1            0        0        0        0        0        3        0        3
#	M2            4        5        3        7        3        5        1       28
#	C1            0        0        0        0        0        0        1        1
#	Totals        4        5        3        7        3        8        2       32
#cpu time = 00:00:03, elapsed time = 00:00:03, memory = 3381.55 (MB), peak = 4225.71 (MB)
#start 65th optimization iteration ...
#   number of violations = 23
#
#    By Layer and Type :
#	         EOLSpc    Notch    Short   MinStp    Color      Enc   Others   Totals
#	M1            0        0        0        0        0        1        0        1
#	M2            2        3        5        3        3        3        3       22
#	Totals        2        3        5        3        3        4        3       23
#cpu time = 00:00:04, elapsed time = 00:00:03, memory = 3381.99 (MB), peak = 4225.71 (MB)
#start 66th optimization iteration ...
#   number of violations = 30
#
#    By Layer and Type :
#	         MetSpc    Notch    Short   MinStp    Color      Enc   Others   Totals
#	M1            0        0        0        0        0        1        1        2
#	M2            1        3        9        4        6        2        3       28
#	Totals        1        3        9        4        6        3        4       30
#cpu time = 00:00:04, elapsed time = 00:00:03, memory = 3381.73 (MB), peak = 4225.71 (MB)
#start 67th optimization iteration ...
#   number of violations = 25
#
#    By Layer and Type :
#	          Notch    Short   MinStp    Color      Mar      Enc   Totals
#	M1            0        0        0        0        0        1        1
#	M2            4        5        2       10        1        2       24
#	Totals        4        5        2       10        1        3       25
#cpu time = 00:00:03, elapsed time = 00:00:03, memory = 3381.62 (MB), peak = 4225.71 (MB)
#start 68th optimization iteration ...
#   number of violations = 22
#
#    By Layer and Type :
#	         EOLSpc    Notch    Short   MinStp    Color      Enc   Totals
#	M1            0        0        0        0        0        0        0
#	M2            0        3        5        3        8        2       21
#	C1            1        0        0        0        0        0        1
#	Totals        1        3        5        3        8        2       22
#cpu time = 00:00:03, elapsed time = 00:00:03, memory = 3381.67 (MB), peak = 4225.71 (MB)
#start 69th optimization iteration ...
#   number of violations = 23
#
#    By Layer and Type :
#	          Notch    Short   MinStp    Color   CutSpc      Mar      Enc   Totals
#	M1            0        0        0        0        0        0        1        1
#	M2            4        5        2        7        1        1        2       22
#	Totals        4        5        2        7        1        1        3       23
#cpu time = 00:00:03, elapsed time = 00:00:03, memory = 3381.38 (MB), peak = 4225.71 (MB)
#start 70th optimization iteration ...
#   number of violations = 24
#
#    By Layer and Type :
#	          Notch    Short   MinStp    Color      Mar      Enc   Totals
#	M1            0        0        0        0        0        1        1
#	M2            4        5        2        9        1        2       23
#	Totals        4        5        2        9        1        3       24
#cpu time = 00:00:03, elapsed time = 00:00:03, memory = 3381.70 (MB), peak = 4225.71 (MB)
#start 71th optimization iteration ...
#   number of violations = 37
#
#    By Layer and Type :
#	         MetSpc    Notch    Short   MinStp    Color      Enc   Others   Totals
#	M1            1        0        0        0        0        1        2        4
#	M2            1        7        5        6        8        3        2       32
#	C1            1        0        0        0        0        0        0        1
#	Totals        3        7        5        6        8        4        4       37
#cpu time = 00:00:04, elapsed time = 00:00:03, memory = 3381.86 (MB), peak = 4225.71 (MB)
#start 72th optimization iteration ...
#   number of violations = 19
#
#    By Layer and Type :
#	          Notch    Short   MinStp    Color      Enc   JCSCol   Others   Totals
#	M1            0        0        0        0        1        0        0        1
#	M2            2        5        2        2        2        1        3       17
#	C1            0        0        0        0        0        0        1        1
#	Totals        2        5        2        2        3        1        4       19
#cpu time = 00:00:04, elapsed time = 00:00:03, memory = 3382.17 (MB), peak = 4225.71 (MB)
#start 73th optimization iteration ...
#   number of violations = 30
#
#    By Layer and Type :
#	          Notch    Short   MinStp    Color      Mar      Enc   Others   Totals
#	M1            0        0        0        0        0        3        0        3
#	M2            4        5        3        4        3        4        2       25
#	C1            0        0        0        0        0        0        2        2
#	Totals        4        5        3        4        3        7        4       30
#cpu time = 00:00:03, elapsed time = 00:00:03, memory = 3382.14 (MB), peak = 4225.71 (MB)
#start 74th optimization iteration ...
#   number of violations = 22
#
#    By Layer and Type :
#	          Notch    Short   MinStp    Color      Mar      Enc   Others   Totals
#	M1            0        0        0        0        0        1        0        1
#	M2            4        5        3        3        1        2        3       21
#	Totals        4        5        3        3        1        3        3       22
#cpu time = 00:00:03, elapsed time = 00:00:02, memory = 3382.04 (MB), peak = 4225.71 (MB)
#start 75th optimization iteration ...
#   number of violations = 24
#
#    By Layer and Type :
#	         EOLSpc    Notch    Short   MinStp    Color      Enc   Others   Totals
#	M1            0        0        0        0        0        1        0        1
#	M2            2        4        5        3        2        2        5       23
#	Totals        2        4        5        3        2        3        5       24
#cpu time = 00:00:03, elapsed time = 00:00:02, memory = 3380.74 (MB), peak = 4225.71 (MB)
#start 76th optimization iteration ...
#   number of violations = 26
#
#    By Layer and Type :
#	          Notch    Short   ColChg   MinStp    Color      Enc   Others   Totals
#	M1            0        0        0        0        0        1        0        1
#	M2            5        5        2        3        5        2        3       25
#	Totals        5        5        2        3        5        3        3       26
#cpu time = 00:00:03, elapsed time = 00:00:02, memory = 3381.07 (MB), peak = 4225.71 (MB)
#start 77th optimization iteration ...
#   number of violations = 19
#
#    By Layer and Type :
#	          Notch    Short   ColChg   MinStp    Color      Enc   Totals
#	M1            0        0        0        0        0        0        0
#	M2            4        5        1        3        5        1       19
#	Totals        4        5        1        3        5        1       19
#cpu time = 00:00:04, elapsed time = 00:00:04, memory = 3381.74 (MB), peak = 4225.71 (MB)
#start 78th optimization iteration ...
#   number of violations = 22
#
#    By Layer and Type :
#	          Notch    Short   MinStp    Color      Mar      Enc   Others   Totals
#	M1            0        0        0        0        0        1        0        1
#	M2            3        5        3        3        1        3        3       21
#	Totals        3        5        3        3        1        4        3       22
#cpu time = 00:00:04, elapsed time = 00:00:03, memory = 3382.07 (MB), peak = 4225.71 (MB)
#start 79th optimization iteration ...
#   number of violations = 19
#
#    By Layer and Type :
#	         MetSpc    Notch    Short   MinStp    Color      Enc   Others   Totals
#	M1            0        0        0        0        0        0        0        0
#	M2            1        3        5        3        3        2        2       19
#	Totals        1        3        5        3        3        2        2       19
#cpu time = 00:00:04, elapsed time = 00:00:04, memory = 3381.87 (MB), peak = 4225.71 (MB)
#start 80th optimization iteration ...
#   number of violations = 19
#
#    By Layer and Type :
#	         EOLSpc    Notch    Short   ColChg   MinStp    Color   Others   Totals
#	M1            0        0        0        0        0        0        0        0
#	M2            1        4        5        1        3        3        2       19
#	Totals        1        4        5        1        3        3        2       19
#cpu time = 00:00:04, elapsed time = 00:00:03, memory = 3381.05 (MB), peak = 4225.71 (MB)
#Complete Detail Routing.
#Total number of nets with non-default rule or having extra spacing = 59
#Total wire length = 613356 um.
#Total half perimeter of net bounding box = 529516 um.
#Total wire length on LAYER M1 = 1923 um.
#Total wire length on LAYER M2 = 84204 um.
#Total wire length on LAYER C1 = 130772 um.
#Total wire length on LAYER C2 = 125572 um.
#Total wire length on LAYER C3 = 136355 um.
#Total wire length on LAYER C4 = 69395 um.
#Total wire length on LAYER BA = 49686 um.
#Total wire length on LAYER BB = 9789 um.
#Total wire length on LAYER JA = 5661 um.
#Total wire length on LAYER JB = 0 um.
#Total wire length on LAYER LB = 0 um.
#Total number of vias = 365044
#Total number of multi-cut vias = 222 (  0.1%)
#Total number of single cut vias = 364822 ( 99.9%)
#Up-Via Summary (total 365044):
#                   single-cut          multi-cut      Total
#-----------------------------------------------------------
# M1            113619 (100.0%)         0 (  0.0%)     113619
# M2            152598 (100.0%)         0 (  0.0%)     152598
# C1             62846 (100.0%)         0 (  0.0%)      62846
# C2             24733 (100.0%)         0 (  0.0%)      24733
# C3              7763 (100.0%)         0 (  0.0%)       7763
# C4              2226 (100.0%)         0 (  0.0%)       2226
# BA               703 ( 76.0%)       222 ( 24.0%)        925
# BB               334 (100.0%)         0 (  0.0%)        334
#-----------------------------------------------------------
#               364822 ( 99.9%)       222 (  0.1%)     365044 
#
#Total number of DRC violations = 19
#Total number of violations on LAYER M1 = 0
#Total number of violations on LAYER M2 = 19
#Total number of violations on LAYER C1 = 0
#Total number of violations on LAYER C2 = 0
#Total number of violations on LAYER C3 = 0
#Total number of violations on LAYER C4 = 0
#Total number of violations on LAYER BA = 0
#Total number of violations on LAYER BB = 0
#Total number of violations on LAYER JA = 0
#Total number of violations on LAYER JB = 0
#Total number of violations on LAYER LB = 0
#Cpu time = 00:21:02
#Elapsed time = 00:05:40
#Increased memory = 150.43 (MB)
#Total memory = 3380.81 (MB)
#Peak memory = 4225.71 (MB)
#
#start routing for process antenna violation fix ...
#Minimum voltage of a net in the design = 0.000.
#Maximum voltage of a net in the design = 0.800.
#Voltage range [0.000 - 0.800] has 42560 nets.
#Voltage range [0.000 - 0.000] has 32 nets.
#Voltage range [0.720 - 0.800] has 1 net.
#Minimum voltage of a net in the design = 0.000.
#Maximum voltage of a net in the design = 0.800.
#Voltage range [0.000 - 0.800] has 42560 nets.
#Voltage range [0.000 - 0.000] has 32 nets.
#Voltage range [0.720 - 0.800] has 1 net.
#
#    By Layer and Type :
#	         EOLSpc    Notch    Short   ColChg   MinStp    Color   Others   Totals
#	M1            0        0        0        0        0        0        0        0
#	M2            1        4        5        1        3        3        2       19
#	Totals        1        4        5        1        3        3        2       19
#cpu time = 00:00:10, elapsed time = 00:00:03, memory = 3381.14 (MB), peak = 4225.71 (MB)
#
#Total number of nets with non-default rule or having extra spacing = 59
#Total wire length = 613373 um.
#Total half perimeter of net bounding box = 529516 um.
#Total wire length on LAYER M1 = 1923 um.
#Total wire length on LAYER M2 = 84204 um.
#Total wire length on LAYER C1 = 130772 um.
#Total wire length on LAYER C2 = 125572 um.
#Total wire length on LAYER C3 = 136355 um.
#Total wire length on LAYER C4 = 69395 um.
#Total wire length on LAYER BA = 49646 um.
#Total wire length on LAYER BB = 9803 um.
#Total wire length on LAYER JA = 5704 um.
#Total wire length on LAYER JB = 0 um.
#Total wire length on LAYER LB = 0 um.
#Total number of vias = 365100
#Total number of multi-cut vias = 240 (  0.1%)
#Total number of single cut vias = 364860 ( 99.9%)
#Up-Via Summary (total 365100):
#                   single-cut          multi-cut      Total
#-----------------------------------------------------------
# M1            113619 (100.0%)         0 (  0.0%)     113619
# M2            152598 (100.0%)         0 (  0.0%)     152598
# C1             62846 (100.0%)         0 (  0.0%)      62846
# C2             24733 (100.0%)         0 (  0.0%)      24733
# C3              7763 (100.0%)         0 (  0.0%)       7763
# C4              2226 (100.0%)         0 (  0.0%)       2226
# BA               719 ( 75.0%)       240 ( 25.0%)        959
# BB               356 (100.0%)         0 (  0.0%)        356
#-----------------------------------------------------------
#               364860 ( 99.9%)       240 (  0.1%)     365100 
#
#Total number of DRC violations = 19
#Total number of process antenna violations = 141
#Total number of net violated process antenna rule = 76
#Total number of violations on LAYER M1 = 0
#Total number of violations on LAYER M2 = 19
#Total number of violations on LAYER C1 = 0
#Total number of violations on LAYER C2 = 0
#Total number of violations on LAYER C3 = 0
#Total number of violations on LAYER C4 = 0
#Total number of violations on LAYER BA = 0
#Total number of violations on LAYER BB = 0
#Total number of violations on LAYER JA = 0
#Total number of violations on LAYER JB = 0
#Total number of violations on LAYER LB = 0
#
#
#start delete and reroute for process antenna violation fix ...
#cpu time = 00:01:46, elapsed time = 00:00:25, memory = 3383.89 (MB), peak = 4225.71 (MB)
#Total number of nets with non-default rule or having extra spacing = 59
#Total wire length = 613903 um.
#Total half perimeter of net bounding box = 529516 um.
#Total wire length on LAYER M1 = 1925 um.
#Total wire length on LAYER M2 = 84196 um.
#Total wire length on LAYER C1 = 130756 um.
#Total wire length on LAYER C2 = 125826 um.
#Total wire length on LAYER C3 = 137403 um.
#Total wire length on LAYER C4 = 70074 um.
#Total wire length on LAYER BA = 51935 um.
#Total wire length on LAYER BB = 9349 um.
#Total wire length on LAYER JA = 2439 um.
#Total wire length on LAYER JB = 0 um.
#Total wire length on LAYER LB = 0 um.
#Total number of vias = 365680
#Total number of multi-cut vias = 150 (  0.0%)
#Total number of single cut vias = 365530 (100.0%)
#Up-Via Summary (total 365680):
#                   single-cut          multi-cut      Total
#-----------------------------------------------------------
# M1            113621 (100.0%)         0 (  0.0%)     113621
# M2            152622 (100.0%)         0 (  0.0%)     152622
# C1             62955 (100.0%)         0 (  0.0%)      62955
# C2             24932 (100.0%)         0 (  0.0%)      24932
# C3              7936 (100.0%)         0 (  0.0%)       7936
# C4              2389 (100.0%)         0 (  0.0%)       2389
# BA               873 ( 85.3%)       150 ( 14.7%)       1023
# BB               202 (100.0%)         0 (  0.0%)        202
#-----------------------------------------------------------
#               365530 (100.0%)       150 (  0.0%)     365680 
#
#Total number of DRC violations = 19
#Total number of process antenna violations = 14
#Total number of net violated process antenna rule = 14
#Total number of violations on LAYER M1 = 0
#Total number of violations on LAYER M2 = 19
#Total number of violations on LAYER C1 = 0
#Total number of violations on LAYER C2 = 0
#Total number of violations on LAYER C3 = 0
#Total number of violations on LAYER C4 = 0
#Total number of violations on LAYER BA = 0
#Total number of violations on LAYER BB = 0
#Total number of violations on LAYER JA = 0
#Total number of violations on LAYER JB = 0
#Total number of violations on LAYER LB = 0
#
#
#Total number of nets with non-default rule or having extra spacing = 59
#Total wire length = 613903 um.
#Total half perimeter of net bounding box = 529516 um.
#Total wire length on LAYER M1 = 1925 um.
#Total wire length on LAYER M2 = 84196 um.
#Total wire length on LAYER C1 = 130756 um.
#Total wire length on LAYER C2 = 125826 um.
#Total wire length on LAYER C3 = 137403 um.
#Total wire length on LAYER C4 = 70074 um.
#Total wire length on LAYER BA = 51935 um.
#Total wire length on LAYER BB = 9349 um.
#Total wire length on LAYER JA = 2439 um.
#Total wire length on LAYER JB = 0 um.
#Total wire length on LAYER LB = 0 um.
#Total number of vias = 365680
#Total number of multi-cut vias = 150 (  0.0%)
#Total number of single cut vias = 365530 (100.0%)
#Up-Via Summary (total 365680):
#                   single-cut          multi-cut      Total
#-----------------------------------------------------------
# M1            113621 (100.0%)         0 (  0.0%)     113621
# M2            152622 (100.0%)         0 (  0.0%)     152622
# C1             62955 (100.0%)         0 (  0.0%)      62955
# C2             24932 (100.0%)         0 (  0.0%)      24932
# C3              7936 (100.0%)         0 (  0.0%)       7936
# C4              2389 (100.0%)         0 (  0.0%)       2389
# BA               873 ( 85.3%)       150 ( 14.7%)       1023
# BB               202 (100.0%)         0 (  0.0%)        202
#-----------------------------------------------------------
#               365530 (100.0%)       150 (  0.0%)     365680 
#
#Total number of DRC violations = 19
#Total number of process antenna violations = 14
#Total number of net violated process antenna rule = 14
#Total number of violations on LAYER M1 = 0
#Total number of violations on LAYER M2 = 19
#Total number of violations on LAYER C1 = 0
#Total number of violations on LAYER C2 = 0
#Total number of violations on LAYER C3 = 0
#Total number of violations on LAYER C4 = 0
#Total number of violations on LAYER BA = 0
#Total number of violations on LAYER BB = 0
#Total number of violations on LAYER JA = 0
#Total number of violations on LAYER JB = 0
#Total number of violations on LAYER LB = 0
#
#Minimum voltage of a net in the design = 0.000.
#Maximum voltage of a net in the design = 0.800.
#Voltage range [0.000 - 0.800] has 42560 nets.
#Voltage range [0.000 - 0.000] has 32 nets.
#Voltage range [0.720 - 0.800] has 1 net.
#Minimum voltage of a net in the design = 0.000.
#Maximum voltage of a net in the design = 0.800.
#Voltage range [0.000 - 0.800] has 42560 nets.
#Voltage range [0.000 - 0.000] has 32 nets.
#Voltage range [0.720 - 0.800] has 1 net.
#
#Start Post Route via swapping...
#99.53% of area are rerouted by ECO routing.
#   number of violations = 19
#
#    By Layer and Type :
#	         EOLSpc    Notch    Short   ColChg   MinStp    Color   Others   Totals
#	M1            0        0        0        0        0        0        0        0
#	M2            1        4        5        1        3        3        2       19
#	Totals        1        4        5        1        3        3        2       19
#cpu time = 00:03:17, elapsed time = 00:00:26, memory = 3434.07 (MB), peak = 4225.71 (MB)
#CELL_VIEW Silago_top,init has 19 DRC violations
#Total number of DRC violations = 19
#Total number of process antenna violations = 14
#Total number of net violated process antenna rule = 14
#Total number of violations on LAYER M1 = 0
#Total number of violations on LAYER M2 = 19
#Total number of violations on LAYER C1 = 0
#Total number of violations on LAYER C2 = 0
#Total number of violations on LAYER C3 = 0
#Total number of violations on LAYER C4 = 0
#Total number of violations on LAYER BA = 0
#Total number of violations on LAYER BB = 0
#Total number of violations on LAYER JA = 0
#Total number of violations on LAYER JB = 0
#Total number of violations on LAYER LB = 0
#Post Route via swapping is done.
#Total number of nets with non-default rule or having extra spacing = 59
#Total wire length = 613903 um.
#Total half perimeter of net bounding box = 529516 um.
#Total wire length on LAYER M1 = 1925 um.
#Total wire length on LAYER M2 = 84196 um.
#Total wire length on LAYER C1 = 130756 um.
#Total wire length on LAYER C2 = 125826 um.
#Total wire length on LAYER C3 = 137403 um.
#Total wire length on LAYER C4 = 70074 um.
#Total wire length on LAYER BA = 51935 um.
#Total wire length on LAYER BB = 9349 um.
#Total wire length on LAYER JA = 2439 um.
#Total wire length on LAYER JB = 0 um.
#Total wire length on LAYER LB = 0 um.
#Total number of vias = 365680
#Total number of multi-cut vias = 234197 ( 64.0%)
#Total number of single cut vias = 131483 ( 36.0%)
#Up-Via Summary (total 365680):
#                   single-cut          multi-cut      Total
#-----------------------------------------------------------
# M1             62921 ( 55.4%)     50700 ( 44.6%)     113621
# M2             45080 ( 29.5%)    107542 ( 70.5%)     152622
# C1             15980 ( 25.4%)     46975 ( 74.6%)      62955
# C2              5991 ( 24.0%)     18941 ( 76.0%)      24932
# C3               840 ( 10.6%)      7096 ( 89.4%)       7936
# C4               466 ( 19.5%)      1923 ( 80.5%)       2389
# BA                99 (  9.7%)       924 ( 90.3%)       1023
# BB               106 ( 52.5%)        96 ( 47.5%)        202
#-----------------------------------------------------------
#               131483 ( 36.0%)    234197 ( 64.0%)     365680 
#
#Minimum voltage of a net in the design = 0.000.
#Maximum voltage of a net in the design = 0.800.
#Voltage range [0.000 - 0.800] has 42560 nets.
#Voltage range [0.000 - 0.000] has 32 nets.
#Voltage range [0.720 - 0.800] has 1 net.
#Minimum voltage of a net in the design = 0.000.
#Maximum voltage of a net in the design = 0.800.
#Voltage range [0.000 - 0.800] has 42560 nets.
#Voltage range [0.000 - 0.000] has 32 nets.
#Voltage range [0.720 - 0.800] has 1 net.
#
#Start Post Route wire spreading..
#Minimum voltage of a net in the design = 0.000.
#Maximum voltage of a net in the design = 0.800.
#Voltage range [0.000 - 0.800] has 42560 nets.
#Voltage range [0.000 - 0.000] has 32 nets.
#Voltage range [0.720 - 0.800] has 1 net.
#Minimum voltage of a net in the design = 0.000.
#Maximum voltage of a net in the design = 0.800.
#Voltage range [0.000 - 0.800] has 42560 nets.
#Voltage range [0.000 - 0.000] has 32 nets.
#Voltage range [0.720 - 0.800] has 1 net.
#
#Start DRC checking..
#   number of violations = 20
#
#    By Layer and Type :
#	          Notch    Short   MinStp    Color     Loop      Enc   Others   Totals
#	M1            0        0        0        0        1        0        0        1
#	M2            4        5        3        3        0        1        3       19
#	Totals        4        5        3        3        1        1        3       20
#cpu time = 00:01:51, elapsed time = 00:00:14, memory = 3430.83 (MB), peak = 4225.71 (MB)
#CELL_VIEW Silago_top,init has 20 DRC violations
#Total number of DRC violations = 20
#Total number of process antenna violations = 14
#Total number of net violated process antenna rule = 14
#Total number of violations on LAYER M1 = 1
#Total number of violations on LAYER M2 = 19
#Total number of violations on LAYER C1 = 0
#Total number of violations on LAYER C2 = 0
#Total number of violations on LAYER C3 = 0
#Total number of violations on LAYER C4 = 0
#Total number of violations on LAYER BA = 0
#Total number of violations on LAYER BB = 0
#Total number of violations on LAYER JA = 0
#Total number of violations on LAYER JB = 0
#Total number of violations on LAYER LB = 0
#Minimum voltage of a net in the design = 0.000.
#Maximum voltage of a net in the design = 0.800.
#Voltage range [0.000 - 0.800] has 42560 nets.
#Voltage range [0.000 - 0.000] has 32 nets.
#Voltage range [0.720 - 0.800] has 1 net.
#Minimum voltage of a net in the design = 0.000.
#Maximum voltage of a net in the design = 0.800.
#Voltage range [0.000 - 0.800] has 42560 nets.
#Voltage range [0.000 - 0.000] has 32 nets.
#Voltage range [0.720 - 0.800] has 1 net.
#
#Start data preparation for wire spreading...
#
#Data preparation is done on Sat Jan  3 09:46:18 2026
#
#Minimum voltage of a net in the design = 0.000.
#Maximum voltage of a net in the design = 0.800.
#Voltage range [0.000 - 0.800] has 42560 nets.
#Voltage range [0.000 - 0.000] has 32 nets.
#Voltage range [0.720 - 0.800] has 1 net.
#
#Start Post Route Wire Spread.
#Done with 14951 horizontal wires in 9 hboxes and 14961 vertical wires in 9 hboxes.
#Complete Post Route Wire Spread.
#
#Total number of nets with non-default rule or having extra spacing = 59
#Total wire length = 619697 um.
#Total half perimeter of net bounding box = 529516 um.
#Total wire length on LAYER M1 = 1925 um.
#Total wire length on LAYER M2 = 84538 um.
#Total wire length on LAYER C1 = 131757 um.
#Total wire length on LAYER C2 = 127574 um.
#Total wire length on LAYER C3 = 139244 um.
#Total wire length on LAYER C4 = 70601 um.
#Total wire length on LAYER BA = 52168 um.
#Total wire length on LAYER BB = 9403 um.
#Total wire length on LAYER JA = 2487 um.
#Total wire length on LAYER JB = 0 um.
#Total wire length on LAYER LB = 0 um.
#Total number of vias = 365680
#Total number of multi-cut vias = 234197 ( 64.0%)
#Total number of single cut vias = 131483 ( 36.0%)
#Up-Via Summary (total 365680):
#                   single-cut          multi-cut      Total
#-----------------------------------------------------------
# M1             62921 ( 55.4%)     50700 ( 44.6%)     113621
# M2             45080 ( 29.5%)    107542 ( 70.5%)     152622
# C1             15980 ( 25.4%)     46975 ( 74.6%)      62955
# C2              5991 ( 24.0%)     18941 ( 76.0%)      24932
# C3               840 ( 10.6%)      7096 ( 89.4%)       7936
# C4               466 ( 19.5%)      1923 ( 80.5%)       2389
# BA                99 (  9.7%)       924 ( 90.3%)       1023
# BB               106 ( 52.5%)        96 ( 47.5%)        202
#-----------------------------------------------------------
#               131483 ( 36.0%)    234197 ( 64.0%)     365680 
#
#Minimum voltage of a net in the design = 0.000.
#Maximum voltage of a net in the design = 0.800.
#Voltage range [0.000 - 0.800] has 42560 nets.
#Voltage range [0.000 - 0.000] has 32 nets.
#Voltage range [0.720 - 0.800] has 1 net.
#Minimum voltage of a net in the design = 0.000.
#Maximum voltage of a net in the design = 0.800.
#Voltage range [0.000 - 0.800] has 42560 nets.
#Voltage range [0.000 - 0.000] has 32 nets.
#Voltage range [0.720 - 0.800] has 1 net.
#
#Start DRC checking..
#   number of violations = 30
#
#    By Layer and Type :
#	          Notch    Short   MinStp    Color     Loop   JCSCol   Others   Totals
#	M1            0        0        0        0        1        0        0        1
#	M2            4        5        3        3        0       10        4       29
#	Totals        4        5        3        3        1       10        4       30
#cpu time = 00:02:04, elapsed time = 00:00:16, memory = 3429.22 (MB), peak = 4225.71 (MB)
#CELL_VIEW Silago_top,init has 30 DRC violations
#Total number of DRC violations = 30
#Total number of process antenna violations = 14
#Total number of net violated process antenna rule = 14
#Total number of violations on LAYER M1 = 1
#Total number of violations on LAYER M2 = 29
#Total number of violations on LAYER C1 = 0
#Total number of violations on LAYER C2 = 0
#Total number of violations on LAYER C3 = 0
#Total number of violations on LAYER C4 = 0
#Total number of violations on LAYER BA = 0
#Total number of violations on LAYER BB = 0
#Total number of violations on LAYER JA = 0
#Total number of violations on LAYER JB = 0
#Total number of violations on LAYER LB = 0
#   number of violations = 30
#
#    By Layer and Type :
#	          Notch    Short   MinStp    Color     Loop   JCSCol   Others   Totals
#	M1            0        0        0        0        1        0        0        1
#	M2            4        5        3        3        0       10        4       29
#	Totals        4        5        3        3        1       10        4       30
#cpu time = 00:02:30, elapsed time = 00:00:23, memory = 3426.42 (MB), peak = 4225.71 (MB)
#CELL_VIEW Silago_top,init has 30 DRC violations
#Total number of DRC violations = 30
#Total number of process antenna violations = 14
#Total number of net violated process antenna rule = 14
#Total number of violations on LAYER M1 = 1
#Total number of violations on LAYER M2 = 29
#Total number of violations on LAYER C1 = 0
#Total number of violations on LAYER C2 = 0
#Total number of violations on LAYER C3 = 0
#Total number of violations on LAYER C4 = 0
#Total number of violations on LAYER BA = 0
#Total number of violations on LAYER BB = 0
#Total number of violations on LAYER JA = 0
#Total number of violations on LAYER JB = 0
#Total number of violations on LAYER LB = 0
#Post Route wire spread is done.
#Total number of nets with non-default rule or having extra spacing = 59
#Total wire length = 619697 um.
#Total half perimeter of net bounding box = 529516 um.
#Total wire length on LAYER M1 = 1925 um.
#Total wire length on LAYER M2 = 84538 um.
#Total wire length on LAYER C1 = 131757 um.
#Total wire length on LAYER C2 = 127574 um.
#Total wire length on LAYER C3 = 139244 um.
#Total wire length on LAYER C4 = 70601 um.
#Total wire length on LAYER BA = 52168 um.
#Total wire length on LAYER BB = 9403 um.
#Total wire length on LAYER JA = 2487 um.
#Total wire length on LAYER JB = 0 um.
#Total wire length on LAYER LB = 0 um.
#Total number of vias = 365680
#Total number of multi-cut vias = 234197 ( 64.0%)
#Total number of single cut vias = 131483 ( 36.0%)
#Up-Via Summary (total 365680):
#                   single-cut          multi-cut      Total
#-----------------------------------------------------------
# M1             62921 ( 55.4%)     50700 ( 44.6%)     113621
# M2             45080 ( 29.5%)    107542 ( 70.5%)     152622
# C1             15980 ( 25.4%)     46975 ( 74.6%)      62955
# C2              5991 ( 24.0%)     18941 ( 76.0%)      24932
# C3               840 ( 10.6%)      7096 ( 89.4%)       7936
# C4               466 ( 19.5%)      1923 ( 80.5%)       2389
# BA                99 (  9.7%)       924 ( 90.3%)       1023
# BB               106 ( 52.5%)        96 ( 47.5%)        202
#-----------------------------------------------------------
#               131483 ( 36.0%)    234197 ( 64.0%)     365680 
#
#route_detail Statistics:
#Cpu time = 00:30:51
#Elapsed time = 00:07:15
#Increased memory = 190.37 (MB)
#Total memory = 3420.68 (MB)
#Peak memory = 4225.71 (MB)
#
#route_global_detail statistics:
#Cpu time = 00:37:52
#Elapsed time = 00:12:10
#Increased memory = 148.45 (MB)
#Total memory = 3365.98 (MB)
#Peak memory = 4225.71 (MB)
#Number of warnings = 5
#Total number of warnings = 27
#Number of fails = 0
#Total number of fails = 0
#Complete route_global_detail on Sat Jan  3 09:46:43 2026
#
#Default setup view is reset to AVF_RCWORST.
#Default setup view is reset to AVF_RCWORST.
AAE_INFO: Post Route call back at the end of routeDesign
#route_design: cpu time = 00:42:09, elapsed time = 00:13:01, memory = 3242.29 (MB), peak = 4225.71 (MB)
#% End route_design (date=01/03 09:46:44, total cpu=0:42:10, real=0:13:02, peak res=4225.7M, current mem=3242.3M)
@file 9:
@@file 10: write_db ./pnr/
cond_typ cond_worst cond_best
#% Begin save design ... (date=01/03 09:46:44, mem=3245.3M)
% Begin Save ccopt configuration ... (date=01/03 09:46:44, mem=3245.3M)
% End Save ccopt configuration ... (date=01/03 09:46:45, total cpu=0:00:00.4, real=0:00:01.0, peak res=3246.5M, current mem=3246.5M)
% Begin Save netlist data ... (date=01/03 09:46:45, mem=3246.5M)
Writing Binary DB to ./pnr.tmp/vbin/Silago_top.v.bin in multi-threaded mode...
% End Save netlist data ... (date=01/03 09:46:45, total cpu=0:00:00.3, real=0:00:00.0, peak res=3246.5M, current mem=3246.5M)
Saving symbol-table file in separate thread ...
Saving congestion map file in separate thread ...
Saving congestion map file ./pnr.tmp/Silago_top.route.congmap.gz ...
% Begin Save AAE data ... (date=01/03 09:46:45, mem=3248.0M)
Saving AAE Data ...
AAE DB initialization (MEM=5383.78 CPU=0:00:00.1 REAL=0:00:00.0) 
% End Save AAE data ... (date=01/03 09:46:46, total cpu=0:00:00.3, real=0:00:01.0, peak res=3264.3M, current mem=3264.3M)
Saving preference file ./pnr.tmp/gui.pref.tcl ...
Saving mode setting ...
Saving root attributes to be loaded post write_db ...
Saving global file ...
Saving root attributes to be loaded previous write_db ...
Saving Drc markers ...
... 44 markers are saved ...
... 29 geometry drc markers are saved ...
... 14 antenna drc markers are saved ...
Convert 0 swires and 0 svias from compressed groups
22 swires and 0 svias were compressed
2 swires and 0 svias were decompressed from small or sparse groups
Saving special route data file in separate thread ...
Saving PG file in separate thread ...
Saving placement file in separate thread ...
Saving route file in separate thread ...
Saving property file in separate thread ...
Convert 0 swires and 0 svias from compressed groups
** Saving stdCellPlacement_binary (version# 2) ...
Saving property file ./pnr.tmp/Silago_top.prop
Saving PG file ./pnr.tmp/Silago_top.pg.gz, version#2, (Created by Innovus v21.19-s058_1 on Sat Jan  3 09:46:50 2026)
Save Adaptive View Pruning View Names to Binary file
*** Completed saveProperty (cpu=0:00:00.3 real=0:00:00.0 mem=5438.3M) ***
*** Completed savePGFile (cpu=0:00:00.4 real=0:00:00.0 mem=5438.3M) ***
TAT_INFO: ::saveSpecialRoute REAL = 0 : CPU = 0 : MEM = 0.
TAT_INFO: ::savePGFile REAL = 0 : CPU = 0 : MEM = 0.
TAT_INFO: ::savePlace REAL = 0 : CPU = 0 : MEM = 0.
*** Completed saveRoute (cpu=0:00:01.3 real=0:00:01.0 mem=5438.3M) ***
TAT_INFO: ::saveRoute REAL = 1 : CPU = 0 : MEM = 0.
TAT_INFO: ::db::saveAnnotationAndProp REAL = 0 : CPU = 0 : MEM = 0.
#Saving pin access data to file ./pnr.tmp/Silago_top.apa ...
#
Saving preRoute extracted patterns in file './pnr.tmp/Silago_top.techData.gz' ...
Saving preRoute extraction data in directory './pnr.tmp/extraction/' ...
TAT_INFO: ::db::saveSymbolTable REAL = 0 : CPU = 0 : MEM = 0.
TAT_INFO: ::saveCongMap REAL = 0 : CPU = 0 : MEM = 0.
% Begin Save power constraints data ... (date=01/03 09:46:52, mem=3294.7M)
% End Save power constraints data ... (date=01/03 09:46:52, total cpu=0:00:00.2, real=0:00:00.0, peak res=3294.7M, current mem=3294.7M)
rc_typ rc_best rc_worst
rc_typ rc_best rc_worst
rc_typ rc_best rc_worst
rc_typ rc_best rc_worst
rc_typ rc_best rc_worst
rc_typ rc_best rc_worst
rc_typ rc_best rc_worst
Generated self-contained design pnr.tmp
#% End save design ... (date=01/03 09:46:53, total cpu=0:00:08.0, real=0:00:09.0, peak res=3295.7M, current mem=3295.7M)
*** Message Summary: 0 warning(s), 0 error(s)

@file 11:
@@file 12: write_ilm
**WARN: (IMPILM-365):	SI data will not be generated in this run since extraction needs to be done in postRoute mode.
	 To enable SI data creation, invoke SI aware optimization and then rerun write_ilm.
*Info: Derive Interface Logic in Multi-constraint Mode
*Info: set_db ilm_keep_async false conflicts with set_db timing_analysis_async_checks async setting. set_db ilm_keep_async false will be used in the ILM flow.
*Info: Using CTE mode ...
AAE_INFO: opIsDesignInPostRouteState() is 1
AAE_INFO: deleting AAE DB due to opIsDesignInPostRouteState() is changed ...
AAE DB initialization (MEM=5389.3 CPU=0:00:00.1 REAL=0:00:00.0) 
#################################################################################
# Design Stage: PostRoute
# Design Name: Silago_top
# Design Mode: 90nm
# Analysis Mode: MMMC Non-OCV 
# Parasitics Mode: No SPEF/RCDB 
# Signoff Settings: SI Off 
#################################################################################
Extraction called for design 'Silago_top' of instances=38919 and nets=42593 using extraction engine 'pre_route' .
**WARN: (IMPEXT-3530):	The process node is not set. Use the command set_design_mode -process <process node> prior to extraction for maximum accuracy and optimal automatic threshold setting.
Type 'man IMPEXT-3530' for more detail.
pre_route RC Extraction called for design Silago_top.
RC Extraction called in multi-corner(3) mode.
RCMode: PreRoute
      RC Corner Indexes            0       1       2   
Capacitance Scaling Factor   : 1.00000 1.00000 1.00000 
Resistance Scaling Factor    : 1.00000 1.00000 1.00000 
Clock Cap. Scaling Factor    : 1.00000 1.00000 1.00000 
Clock Res. Scaling Factor    : 1.00000 1.00000 1.00000 
Shrink Factor                : 1.00000
PreRoute extraction is honoring NDR/Shielding/ExtraSpace for clock nets.
Using Quantus QRC technology file ...
Updating RC grid for preRoute extraction ...
Initializing multi-corner resistance tables ...
PreRoute RC Extraction DONE (CPU Time: 0:00:01.9  Real Time: 0:00:02.0  MEM: 5389.301M)
Start delay calculation (fullDC) (8 T). (MEM=5522.43)
Total number of fetched objects 41349
AAE_INFO: Total number of nets for which stage creation was skipped for all views 0
Total number of fetched objects 41349
AAE_INFO: Total number of nets for which stage creation was skipped for all views 0
Total number of fetched objects 41349
AAE_INFO: Total number of nets for which stage creation was skipped for all views 0
End delay calculation. (MEM=6112.15 CPU=0:00:56.4 REAL=0:00:08.0)
End delay calculation (fullDC). (MEM=6112.15 CPU=0:01:07 REAL=0:00:12.0)
Multi-CPU acceleration using 8 CPU(s).
**WARN: (PRL-848):	"set_multi_cpu_usage" can't be used in added command/script of queueCommandThreaded, the settings will be ignored.
**WARN: (PRL-848):	"set_multi_cpu_usage" can't be used in added command/script of queueCommandThreaded, the settings will be ignored.
**WARN: (PRL-848):	"set_multi_cpu_usage" can't be used in added command/script of queueCommandThreaded, the settings will be ignored.
Ending "collect_all_best_worst_latency_reg" (total cpu=0:00:00.8, real=0:00:01.0, peak res=3295.8M, current mem=2781.2M)
Ending "collect_all_best_worst_latency_reg" (total cpu=0:00:00.8, real=0:00:01.0, peak res=3295.8M, current mem=2775.9M)
Ending "collect_all_best_worst_latency_reg" (total cpu=0:00:00.9, real=0:00:01.0, peak res=3295.8M, current mem=2775.9M)
Multi-CPU acceleration using 8 CPU(s).
**WARN: (PRL-848):	"set_multi_cpu_usage" can't be used in added command/script of queueCommandThreaded, the settings will be ignored.
**WARN: (PRL-848):	"set_multi_cpu_usage" can't be used in added command/script of queueCommandThreaded, the settings will be ignored.
Ending "generate_inter_clock_paths_OLD" (total cpu=0:00:00.3, real=0:00:00.0, peak res=3295.8M, current mem=2771.9M)
**WARN: (PRL-848):	"set_multi_cpu_usage" can't be used in added command/script of queueCommandThreaded, the settings will be ignored.
Ending "generate_inter_clock_paths_OLD" (total cpu=0:00:00.7, real=0:00:01.0, peak res=3295.8M, current mem=2771.9M)
Ending "generate_inter_clock_paths_OLD" (total cpu=0:00:00.5, real=0:00:01.0, peak res=3295.8M, current mem=2771.9M)
Ending "collect_all_inter_clock_paths" (total cpu=0:00:00.7, real=0:00:02.0, peak res=3295.8M, current mem=3223.6M)
*** Constant Propagation Marking in Setup Analysis Mode Begin (mem=5764.2M) ***
*** Found 1892 constant pins (0:00:00.1) ***
*** Constant Propagation Marking End (cpu=0:00:00.1 mem=5764.2M) ***
*** Clear Unused Logic Marking (cpu=0:00:00.0, mem=5764.2M) ***
*** Non CTE Mark Clock Nets Begin (mem=5764.2M) ***
*** Non CTE Mark Clock Nets End (cpu=0:00:00.1 mem=5764.2M) ***
Deriving Virtual Partition of (Silago_top) using constraint mode functional_AVF_RCWORST ...
*** Clear Unused Logic Marking (cpu=0:00:00.0, mem=5764.2M) ***
*** Non CTE Mark Clock Nets Begin (mem=5764.2M) ***
*** Non CTE Mark Clock Nets End (cpu=0:00:00.0 mem=5764.2M) ***
Deriving Virtual Partition of (Silago_top) using constraint mode functional ...
*** Clear Unused Logic Marking (cpu=0:00:00.0, mem=5764.2M) ***
*** Non CTE Mark Clock Nets Begin (mem=5764.2M) ***
*** Non CTE Mark Clock Nets End (cpu=0:00:00.1 mem=5764.2M) ***
Deriving Virtual Partition of (Silago_top) using constraint mode functional_AVF_RCTYP ...
*Info: Derive Interface Logic for SI in Multi-constraint Mode
*Info: Save Interface Logic -- Timing Model (Hold Analysis Views)
Creating directory ilm/mmmc/ilm_data.
Creating directory ilm/mmmc/ilm_data/Silago_top/.
*Info: Output core boundary SDC for view AVF_RCBEST ....
Writing constant & min slew constraints to file ilm/mmmc/ilm_data/Silago_top/Silago_top_postRoute_AVF_RCBEST.core.sdc.gz
*Info: Total 194 terms are set as logic 1.
*Info: Total 37 terms are set as logic 0.
*Info: Total 13351 terms are unused input.
*Info: Total 12611 terms has min slew annotated.
*Info: Output core boundary SDC for view AVF_RCTYP ....
Writing constant & min slew constraints to file ilm/mmmc/ilm_data/Silago_top/Silago_top_postRoute_AVF_RCTYP.core.sdc.gz
*Info: Total 194 terms are set as logic 1.
*Info: Total 37 terms are set as logic 0.
*Info: Total 13351 terms are unused input.
*Info: Total 12611 terms has min slew annotated.
*** Commit Timing View Marking (cpu=0:00:00.0, mem=5764.2M) ***
*** Clear Unused Logic Marking (cpu=0:00:00.0, mem=5764.2M) ***
*Info: Save Interface Logic -- Timing Model (Setup Analysis Views)
*Info: Output core boundary SDC for view AVF_RCWORST ....
Writing constant & max slew constraints to file ilm/mmmc/ilm_data/Silago_top/Silago_top_postRoute_AVF_RCWORST.core.sdc.gz
*Info: Total 194 terms are set as logic 1.
*Info: Total 37 terms are set as logic 0.
*Info: Total 13351 terms are unused input.
*Info: Total 12611 terms has max slew annotated.
*** Marking 18424/38919 (47%) insts as TAIgnored.
*** Marking 19925/41316 (48%) nets as TAIgnored.
*** Commit Timing View Marking (cpu=0:00:00.0, mem=5764.2M) ***
*Info: Output ILM verilog netlist ....
write_netlist Option: -hier ilm/mmmc/ilm_data/Silago_top/Silago_top_postRoute.v.gz
Processing hierarchical netlist marking ...
*** Hierarhical netlist marking finished (cpu=0:00:00.0, mem=5764.2M) ***
Dumping netlist ...
Processing hierarchical netlist marking ...
Hierarchical netlist marking finished (cpu=0:00:00.0, mem=5764.2M)
*: Write Placement file (cpu=0:00:00.0, mem=5764.2M)
*Info: Output ILM design DEF ....
Writing DEF file 'ilm/mmmc/ilm_data/Silago_top/Silago_top_postRoute.def.gz', current time is Sat Jan  3 09:47:17 2026 ...
unitPerMicron=1000, dbgMicronPerDBU=0.001000, unitPerDBU=1.000000
DEF file 'ilm/mmmc/ilm_data/Silago_top/Silago_top_postRoute.def.gz' is written, current time is Sat Jan  3 09:47:17 2026 ...
*Info: Output ILM parasitic SPEF ....
*** Clear Unused Logic Marking (cpu=0:00:00.0, mem=5764.2M) ***
-----------------------------------------------------------------------------------
	write_ilm Summary
-----------------------------------------------------------------------------------
Model      	Reduced Instances         Reduced Registers
-----------------------------------------------------------------------------------
ilm_data	18424/38919 (47%) 	1579/5064 (31%)
si_data 	0/0 (N/A%) 	0/0 (N/A%)
-----------------------------------------------------------------------------------
Info: ILM generated data will be saved into the ilm directory.
Ending "write_ilm" (total cpu=0:01:30, real=0:00:31.0, peak res=3406.1M, current mem=3374.0M)
#@ End verbose source: ../../../scr/pnr_partition.tcl

*** Memory Usage v#1 (Current mem = 5640.355M, initial mem = 494.961M) ***
*** Message Summary: 1175 warning(s), 0 error(s)

--- Ending "Innovus" (totcpu=1:30:33, real=0:28:11, mem=5640.4M) ---
